pathway,pathway_id,gene,detected_in_data,excluded_in_version_b,BM C0 log2FC,BM C0 FDR,BM C0 DEG,Spleen C3 log2FC,Spleen C3 FDR,Spleen C3 DEG,BM C4 log2FC,BM C4 FDR,BM C4 DEG,BM C5-2 log2FC,BM C5-2 FDR,BM C5-2 DEG,Spleen C5-2 log2FC,Spleen C5-2 FDR,Spleen C5-2 DEG,Thymus C6 log2FC,Thymus C6 FDR,Thymus C6 DEG,n_key_comparisons_DEG,DEG_all20_units,n_drilled_pathways,drilled_pathways,n_significant_nodes_containing,n_nodes_incl_anchors_containing,shared_or_specific
KEGG MAPK,KEGG:MAPK signaling pathway,ANGPT1,no,False,,,NA,,,NA,,,NA,,,NA,,,NA,,,NA,0,,1,KEGG MAPK,0,0,specific
KEGG MAPK,KEGG:MAPK signaling pathway,ANGPT2,no,False,,,NA,,,NA,,,NA,,,NA,,,NA,,,NA,0,,1,KEGG MAPK,0,0,specific
KEGG MAPK,KEGG:MAPK signaling pathway,ANGPT4,no,False,,,NA,,,NA,,,NA,,,NA,,,NA,,,NA,0,,1,KEGG MAPK,0,0,specific
KEGG MAPK,KEGG:MAPK signaling pathway,AREG,no,False,,,NA,,,NA,,,NA,,,NA,,,NA,,,NA,0,,1,KEGG MAPK,0,0,specific
KEGG MAPK,KEGG:MAPK signaling pathway,Akt1,yes,False,-0.012982984,0.9867913396142332,no,0.061699968,0.7246384364417559,no,-0.22989959,0.9092905619583422,no,0.0071420986,1.0,no,-0.584638,0.9251267871429516,no,-0.23425724,0.4376886187975157,no,0,,3,KEGG MAPK;KEGG TCR;KEGG TNF,4,7,shared
KEGG MAPK,KEGG:MAPK signaling pathway,Akt2,yes,False,0.07249906,0.7312418543899321,no,-0.34179515,0.024207603707906,yes,-0.11577255,0.965086701014578,no,0.5816567,0.8652660695302766,no,-0.27984825,1.0,no,0.12673809,0.850981666715998,no,1,cluster_tissue__C3__spleen,3,KEGG MAPK;KEGG TCR;KEGG TNF,2,5,shared
KEGG MAPK,KEGG:MAPK signaling pathway,Akt3,yes,False,-0.39335,0.2155948306727569,no,0.057824727,0.7994659286693535,no,-0.4714101,0.8311291475053749,no,-0.19428393,0.9922866578492496,no,25.708277,0.8924400993114376,no,0.103419624,0.8237702581779571,no,0,,3,KEGG MAPK;KEGG TCR;KEGG TNF,2,5,shared
KEGG MAPK,KEGG:MAPK signaling pathway,Araf,yes,False,0.016445657,0.9441616031094284,no,-0.11479094,0.3940621107683141,no,-0.0011102455,1.0,no,-0.21441948,0.9540048639674902,no,-1.2379471,0.8924400993114376,no,0.04737052,0.8996066884949769,no,0,cluster_tissue__C3__bone_marrow,1,KEGG MAPK,1,3,specific
KEGG MAPK,KEGG:MAPK signaling pathway,Arrb1,yes,False,0.26284623,0.3940128106160652,no,0.22864805,0.419329218821198,no,-0.34312487,0.950257724798984,no,0.6206538,0.8752123784913642,no,2.2598207,0.8924400993114376,no,0.4103218,0.3951941824371725,no,0,,1,KEGG MAPK,0,1,specific
KEGG MAPK,KEGG:MAPK signaling pathway,Arrb2,yes,False,-0.19843629,0.2360996103764189,no,-0.20054492,0.1817376620747696,no,-0.2806827,0.7991868670739816,no,0.21405496,0.955659430922713,no,0.6061236,0.93453032261679,no,-0.23271365,0.3600491070835955,no,0,,1,KEGG MAPK,1,2,specific
KEGG MAPK,KEGG:MAPK signaling pathway,Atf2,yes,False,-0.25557807,0.2074215753311555,no,-0.11058159,0.6569457384627201,no,0.14135246,0.950257724798984,no,-0.9444085,0.8375416940562744,no,0.38226947,1.0,no,-0.12894717,0.7390037584123536,no,0,,2,KEGG MAPK;KEGG TNF,4,9,shared
KEGG MAPK,KEGG:MAPK signaling pathway,Atf4,yes,False,0.22303645,0.0355170805323722,no,0.114103876,0.3734179881787656,no,0.088006504,0.9419626205192592,no,-0.002824145,1.0,no,-0.80105793,0.8924400993114376,no,-0.036897477,0.9615154945548822,no,0,,2,KEGG MAPK;KEGG TNF,5,7,shared
KEGG MAPK,KEGG:MAPK signaling pathway,BDNF,no,False,,,NA,,,NA,,,NA,,,NA,,,NA,,,NA,0,,1,KEGG MAPK,0,0,specific
KEGG MAPK,KEGG:MAPK signaling pathway,Braf,yes,False,0.35231325,0.0845444760683139,no,-0.050069198,0.9216055701431308,no,-0.1990637,0.9650693636825476,no,0.10822448,0.9827001605731628,no,0.3995587,1.0,no,0.106573604,0.8864797800522799,no,0,,1,KEGG MAPK,2,4,specific
KEGG MAPK,KEGG:MAPK signaling pathway,CACNA1B,no,False,,,NA,,,NA,,,NA,,,NA,,,NA,,,NA,0,,1,KEGG MAPK,0,0,specific
KEGG MAPK,KEGG:MAPK signaling pathway,CACNA1C,no,False,,,NA,,,NA,,,NA,,,NA,,,NA,,,NA,0,,1,KEGG MAPK,0,0,specific
KEGG MAPK,KEGG:MAPK signaling pathway,CACNA1D,no,False,,,NA,,,NA,,,NA,,,NA,,,NA,,,NA,0,,1,KEGG MAPK,0,0,specific
KEGG MAPK,KEGG:MAPK signaling pathway,CACNA1E,no,False,,,NA,,,NA,,,NA,,,NA,,,NA,,,NA,0,,1,KEGG MAPK,0,0,specific
KEGG MAPK,KEGG:MAPK signaling pathway,CACNA1F,no,False,,,NA,,,NA,,,NA,,,NA,,,NA,,,NA,0,,1,KEGG MAPK,0,0,specific
KEGG MAPK,KEGG:MAPK signaling pathway,CACNA1G,no,False,,,NA,,,NA,,,NA,,,NA,,,NA,,,NA,0,,1,KEGG MAPK,0,0,specific
KEGG MAPK,KEGG:MAPK signaling pathway,CACNA1H,no,False,,,NA,,,NA,,,NA,,,NA,,,NA,,,NA,0,,1,KEGG MAPK,0,0,specific
KEGG MAPK,KEGG:MAPK signaling pathway,CACNA1I,no,False,,,NA,,,NA,,,NA,,,NA,,,NA,,,NA,0,,1,KEGG MAPK,0,0,specific
KEGG MAPK,KEGG:MAPK signaling pathway,CACNA1S,no,False,,,NA,,,NA,,,NA,,,NA,,,NA,,,NA,0,,1,KEGG MAPK,0,0,specific
KEGG MAPK,KEGG:MAPK signaling pathway,CACNA2D1,no,False,,,NA,,,NA,,,NA,,,NA,,,NA,,,NA,0,,1,KEGG MAPK,0,0,specific
KEGG MAPK,KEGG:MAPK signaling pathway,CACNA2D2,no,False,,,NA,,,NA,,,NA,,,NA,,,NA,,,NA,0,,1,KEGG MAPK,0,0,specific
KEGG MAPK,KEGG:MAPK signaling pathway,CACNA2D3,no,False,,,NA,,,NA,,,NA,,,NA,,,NA,,,NA,0,,1,KEGG MAPK,0,0,specific
KEGG MAPK,KEGG:MAPK signaling pathway,CACNB2,no,False,,,NA,,,NA,,,NA,,,NA,,,NA,,,NA,0,,1,KEGG MAPK,0,0,specific
KEGG MAPK,KEGG:MAPK signaling pathway,CACNB3,no,False,,,NA,,,NA,,,NA,,,NA,,,NA,,,NA,0,,1,KEGG MAPK,0,0,specific
KEGG MAPK,KEGG:MAPK signaling pathway,CACNB4,no,False,,,NA,,,NA,,,NA,,,NA,,,NA,,,NA,0,,1,KEGG MAPK,0,0,specific
KEGG MAPK,KEGG:MAPK signaling pathway,CACNG1,no,False,,,NA,,,NA,,,NA,,,NA,,,NA,,,NA,0,,1,KEGG MAPK,0,0,specific
KEGG MAPK,KEGG:MAPK signaling pathway,CACNG2,no,False,,,NA,,,NA,,,NA,,,NA,,,NA,,,NA,0,,1,KEGG MAPK,0,0,specific
KEGG MAPK,KEGG:MAPK signaling pathway,CACNG3,no,False,,,NA,,,NA,,,NA,,,NA,,,NA,,,NA,0,,1,KEGG MAPK,0,0,specific
KEGG MAPK,KEGG:MAPK signaling pathway,CACNG4,no,False,,,NA,,,NA,,,NA,,,NA,,,NA,,,NA,0,,1,KEGG MAPK,0,0,specific
KEGG MAPK,KEGG:MAPK signaling pathway,CACNG5,no,False,,,NA,,,NA,,,NA,,,NA,,,NA,,,NA,0,,1,KEGG MAPK,0,0,specific
KEGG MAPK,KEGG:MAPK signaling pathway,CACNG6,no,False,,,NA,,,NA,,,NA,,,NA,,,NA,,,NA,0,,1,KEGG MAPK,0,0,specific
KEGG MAPK,KEGG:MAPK signaling pathway,CACNG7,no,False,,,NA,,,NA,,,NA,,,NA,,,NA,,,NA,0,,1,KEGG MAPK,0,0,specific
KEGG MAPK,KEGG:MAPK signaling pathway,CACNG8,no,False,,,NA,,,NA,,,NA,,,NA,,,NA,,,NA,0,,1,KEGG MAPK,0,0,specific
KEGG MAPK,KEGG:MAPK signaling pathway,CD14,no,False,,,NA,,,NA,,,NA,,,NA,,,NA,,,NA,0,,1,KEGG MAPK,0,0,specific
KEGG MAPK,KEGG:MAPK signaling pathway,CSF1R,no,False,,,NA,,,NA,,,NA,,,NA,,,NA,,,NA,0,,1,KEGG MAPK,0,0,specific
KEGG MAPK,KEGG:MAPK signaling pathway,Cacna1a,yes,False,0.06855386,0.9660151987168104,no,-0.06252328,0.976304106411325,no,0.9719233,0.7492092126801023,no,0.20681037,0.9820277697479676,no,25.50925,0.8924400993114376,no,-0.2620299,0.8282665901331425,no,0,,1,KEGG MAPK,1,2,specific
KEGG MAPK,KEGG:MAPK signaling pathway,Cacna2d4,yes,False,-0.044397864,0.9605722364806778,no,-0.5722908,0.2078041844969618,no,-1.7451354,0.6150587476976827,no,23.627226,0.8752123784913642,no,0.0,1.0,no,-0.2611971,0.8287315293395484,no,0,,1,KEGG MAPK,2,3,specific
KEGG MAPK,KEGG:MAPK signaling pathway,Cacnb1,yes,False,0.12809819,0.999901057273234,no,-0.4401532,0.7360931282619887,no,-22.36361,0.8311291475053749,no,-1.0034345,0.9691008500686222,no,-1.6450027,1.0,no,0.8464818,0.6514409609792718,no,0,,1,KEGG MAPK,2,3,specific
KEGG MAPK,KEGG:MAPK signaling pathway,Casp3,yes,False,-0.17944752,0.7368949372603395,no,0.121695496,0.750208846114295,no,0.04821463,0.9974065754621892,no,-0.64594996,0.9691008500686222,no,-24.995298,0.8924400993114376,no,0.07154531,0.9708008327923672,no,0,,4,KEGG MAPK;KEGG IL-17;KEGG TNF;Energy module (G01),6,9,shared
KEGG MAPK,KEGG:MAPK signaling pathway,Cdc25b,yes,False,-0.37643903,0.54367675996493,no,-0.41770905,0.7063965499437319,no,-1.0767596,0.1489229004559303,no,-1.0186502,0.8754402765736332,no,1.4710864,0.8950357678914026,no,-0.017263079,0.9855798944642916,no,0,,1,KEGG MAPK,0,1,specific
KEGG MAPK,KEGG:MAPK signaling pathway,Cdc42,yes,False,-0.073283546,0.1204443750992238,no,-0.09574354,0.0321003693363257,no,0.09956592,0.909273780413031,no,-0.13142088,0.8652660695302766,no,-0.5854727,0.8924400993114376,no,-0.075998306,0.3583534759456946,no,0,,2,KEGG MAPK;KEGG TCR,2,4,shared
KEGG MAPK,KEGG:MAPK signaling pathway,Chuk,yes,False,0.05133609,0.8475262358059352,no,-0.44469792,0.0020289832366825,yes,0.1525608,0.9495377525703051,no,-0.7605707,0.8752123784913642,no,-0.66035724,0.9053202409042876,no,-0.20529857,0.5886914683594362,no,1,cluster_tissue__C3__spleen;tissue__spleen,5,KEGG MAPK;KEGG IL-17;KEGG TCR;KEGG Th17;KEGG TNF,2,7,shared
KEGG MAPK,KEGG:MAPK signaling pathway,Crk,yes,False,-0.1676669,0.5415379350833865,no,-0.03078046,0.9278989858426278,no,0.240507,0.9211934676125602,no,0.40125668,0.9540048639674902,no,-26.761583,0.8924400993114376,no,-0.0631198,0.9621341682313724,no,0,,1,KEGG MAPK,1,2,specific
KEGG MAPK,KEGG:MAPK signaling pathway,Crkl,yes,False,0.03365902,0.8872059155476378,no,-0.32336995,0.0789911768561982,no,-0.24077432,0.9419314227083048,no,0.02864296,1.0,no,-0.4693693,1.0,no,-0.23276907,0.6329817374603528,no,0,tissue__spleen,1,KEGG MAPK,1,2,specific
KEGG MAPK,KEGG:MAPK signaling pathway,Csf1,yes,False,-0.3259051,0.6775192995406754,no,0.31466085,0.7446121313310773,no,-0.5824714,0.9669619755174867,no,-23.343748,0.8752123784913642,no,0.0,1.0,no,-0.40133604,0.8273866475830259,no,0,,2,KEGG MAPK;KEGG TNF,0,2,shared
KEGG MAPK,KEGG:MAPK signaling pathway,DUSP4,no,False,,,NA,,,NA,,,NA,,,NA,,,NA,,,NA,0,,1,KEGG MAPK,0,0,specific
KEGG MAPK,KEGG:MAPK signaling pathway,DUSP8,no,False,,,NA,,,NA,,,NA,,,NA,,,NA,,,NA,0,,1,KEGG MAPK,0,0,specific
KEGG MAPK,KEGG:MAPK signaling pathway,DUSP9,no,False,,,NA,,,NA,,,NA,,,NA,,,NA,,,NA,0,,1,KEGG MAPK,0,0,specific
KEGG MAPK,KEGG:MAPK signaling pathway,Daxx,yes,False,-0.014410116,0.9313130174196136,no,-0.14091207,0.5345165710917636,no,-1.4059867,0.0650609229145703,no,0.90543765,0.8652660695302766,no,-0.5777462,0.8950357678914026,no,-0.28660682,0.3469239499717961,no,0,,1,KEGG MAPK,0,3,specific
KEGG MAPK,KEGG:MAPK signaling pathway,Ddit3,yes,False,-0.11560557,0.5219220814944773,no,-0.11677903,0.3591070979489023,no,0.1912514,0.9137270057430305,no,0.16248524,0.9827001605731628,no,0.34041998,1.0,no,0.084635355,0.8354646079317073,no,0,,1,KEGG MAPK,1,2,specific
KEGG MAPK,KEGG:MAPK signaling pathway,Dusp1,yes,False,0.8035086,5.354025180746746e-19,yes,0.6711715,9.467480354931972e-11,yes,1.1479951,0.0003750960014484,yes,0.6024197,0.934226483828983,no,-0.6514615,0.8950357678914026,no,0.38180828,0.0073985575488718,yes,4,cluster_tissue__C0__bone_marrow;cluster_tissue__C3__spleen;cluster_tissue__C4__bone_marrow;cluster_tissue__C6__thymus;tissue__bone_marrow;tissue__spleen;tissue__thymus,1,KEGG MAPK,2,5,specific
KEGG MAPK,KEGG:MAPK signaling pathway,Dusp10,yes,False,0.13407063,0.8631804074620085,no,0.06710782,0.8788380833988582,no,0.8091304,0.7060629683827917,no,0.7963988,0.9691008500686222,no,-25.009874,0.8924400993114376,no,0.5853901,0.2500679363861385,no,0,,1,KEGG MAPK,0,1,specific
KEGG MAPK,KEGG:MAPK signaling pathway,Dusp16,yes,False,0.15369405,0.7436291035493149,no,0.44440112,0.5546124642367444,no,24.105162,0.5039651396059325,no,-0.5968886,0.9349906194172524,no,25.524124,0.8924400993114376,no,-0.5336933,0.5701281610276685,no,0,,1,KEGG MAPK,0,1,specific
KEGG MAPK,KEGG:MAPK signaling pathway,Dusp2,yes,False,0.33831504,3.741761334570451e-05,yes,0.25916538,0.0011394226774188,yes,0.51118386,0.365087645334869,no,-0.0009875346,1.0,no,-0.82963645,0.8924400993114376,no,-0.030333161,0.8967023160389442,no,2,cluster_tissue__C0__bone_marrow;cluster_tissue__C3__spleen;tissue__bone_marrow,1,KEGG MAPK,0,1,specific
KEGG MAPK,KEGG:MAPK signaling pathway,Dusp3,yes,False,0.010899577,0.9344110218281466,no,0.5305912,0.8361140476071125,no,0.65423185,0.8311291475053749,no,0.48323306,0.9691008500686222,no,25.620274,0.8924400993114376,no,0.17066456,0.9324021219461964,no,0,,1,KEGG MAPK,0,1,specific
KEGG MAPK,KEGG:MAPK signaling pathway,Dusp5,yes,False,0.12415413,0.4996354114821354,no,-0.21390668,0.2628452976053766,no,1.0795745,0.3066182204048189,no,-0.20831624,0.9401578179715382,no,1.0744033,0.8950357678914026,no,0.13264488,0.6707146492236997,no,0,,1,KEGG MAPK,0,1,specific
KEGG MAPK,KEGG:MAPK signaling pathway,Dusp6,yes,False,-0.07013978,0.7154332295247483,no,0.10380125,0.6525687638589628,no,0.22806992,0.9340956946345144,no,1.2757354,0.8375416940562744,no,-1.0544165,0.8950357678914026,no,0.38753346,0.4743495583764242,no,0,,1,KEGG MAPK,0,1,specific
KEGG MAPK,KEGG:MAPK signaling pathway,Dusp7,yes,False,0.08383243,0.685129592646094,no,-0.16865179,0.3342851954907381,no,-0.23548134,0.9090722824846104,no,-0.3642188,0.8752123784913642,no,0.7435374,0.8950357678914026,no,-0.0039887223,0.9849409790429076,no,0,,1,KEGG MAPK,0,1,specific
KEGG MAPK,KEGG:MAPK signaling pathway,EFNA1,no,False,,,NA,,,NA,,,NA,,,NA,,,NA,,,NA,0,,1,KEGG MAPK,0,0,specific
KEGG MAPK,KEGG:MAPK signaling pathway,EFNA2,no,False,,,NA,,,NA,,,NA,,,NA,,,NA,,,NA,0,,1,KEGG MAPK,0,0,specific
KEGG MAPK,KEGG:MAPK signaling pathway,EFNA3,no,False,,,NA,,,NA,,,NA,,,NA,,,NA,,,NA,0,,1,KEGG MAPK,0,0,specific
KEGG MAPK,KEGG:MAPK signaling pathway,EFNA4,no,False,,,NA,,,NA,,,NA,,,NA,,,NA,,,NA,0,,1,KEGG MAPK,0,0,specific
KEGG MAPK,KEGG:MAPK signaling pathway,EFNA5,no,False,,,NA,,,NA,,,NA,,,NA,,,NA,,,NA,0,,1,KEGG MAPK,0,0,specific
KEGG MAPK,KEGG:MAPK signaling pathway,EGFR,no,False,,,NA,,,NA,,,NA,,,NA,,,NA,,,NA,0,,1,KEGG MAPK,0,0,specific
KEGG MAPK,KEGG:MAPK signaling pathway,EPHA2,no,False,,,NA,,,NA,,,NA,,,NA,,,NA,,,NA,0,,1,KEGG MAPK,0,0,specific
KEGG MAPK,KEGG:MAPK signaling pathway,ERBB2,no,False,,,NA,,,NA,,,NA,,,NA,,,NA,,,NA,0,,1,KEGG MAPK,0,0,specific
KEGG MAPK,KEGG:MAPK signaling pathway,ERBB4,no,False,,,NA,,,NA,,,NA,,,NA,,,NA,,,NA,0,,1,KEGG MAPK,0,0,specific
KEGG MAPK,KEGG:MAPK signaling pathway,EREG,no,False,,,NA,,,NA,,,NA,,,NA,,,NA,,,NA,0,,1,KEGG MAPK,0,0,specific
KEGG MAPK,KEGG:MAPK signaling pathway,Ecsit,yes,False,0.21734299,0.2791599074454847,no,-0.097090594,0.7425718416312865,no,0.37844047,0.8198018582803775,no,0.464158,0.9032781940992652,no,0.92443454,0.8950357678914026,no,0.29774025,0.4281663310980028,no,0,,1,KEGG MAPK,3,4,specific
KEGG MAPK,KEGG:MAPK signaling pathway,Egf,yes,False,0.17457773,0.9607099869526744,no,-0.6542707,0.4686379315934081,no,0.025296241,0.9974065754621892,no,24.293432,0.8652660695302766,no,0.0,1.0,no,0.56447846,0.7021079093843835,no,0,,1,KEGG MAPK,0,3,specific
KEGG MAPK,KEGG:MAPK signaling pathway,Elk1,yes,False,0.19963133,0.7378494551219403,no,-0.27967483,0.5422242760396191,no,-0.87226504,0.905469520987969,no,1.6518873,0.8752123784913642,no,-25.463387,0.8924400993114376,no,0.281914,0.773700092201044,no,0,,1,KEGG MAPK,3,4,specific
KEGG MAPK,KEGG:MAPK signaling pathway,Elk4,yes,False,-0.10133676,0.6552786531462614,no,0.0036168233,0.976304106411325,no,0.15051508,0.9467698418692164,no,0.82716304,0.8424284797545121,no,2.1295943,0.8924400993114376,no,0.027948225,0.9190825280596864,no,0,,1,KEGG MAPK,1,2,specific
KEGG MAPK,KEGG:MAPK signaling pathway,Erbb3,yes,False,0.31054473,0.7357133350018062,no,0.60938543,0.4704205538072739,no,0.39198712,0.9974065754621892,no,23.232296,0.8752123784913642,no,0.0,1.0,no,1.9686928,0.2390630349081768,no,0,,1,KEGG MAPK,0,1,specific
KEGG MAPK,KEGG:MAPK signaling pathway,FGF1,no,False,,,NA,,,NA,,,NA,,,NA,,,NA,,,NA,0,,1,KEGG MAPK,0,0,specific
KEGG MAPK,KEGG:MAPK signaling pathway,FGF10,no,False,,,NA,,,NA,,,NA,,,NA,,,NA,,,NA,0,,1,KEGG MAPK,0,0,specific
KEGG MAPK,KEGG:MAPK signaling pathway,FGF15,no,False,,,NA,,,NA,,,NA,,,NA,,,NA,,,NA,0,,1,KEGG MAPK,0,0,specific
KEGG MAPK,KEGG:MAPK signaling pathway,FGF16,no,False,,,NA,,,NA,,,NA,,,NA,,,NA,,,NA,0,,1,KEGG MAPK,0,0,specific
KEGG MAPK,KEGG:MAPK signaling pathway,FGF17,no,False,,,NA,,,NA,,,NA,,,NA,,,NA,,,NA,0,,1,KEGG MAPK,0,0,specific
KEGG MAPK,KEGG:MAPK signaling pathway,FGF18,no,False,,,NA,,,NA,,,NA,,,NA,,,NA,,,NA,0,,1,KEGG MAPK,0,0,specific
KEGG MAPK,KEGG:MAPK signaling pathway,FGF2,no,False,,,NA,,,NA,,,NA,,,NA,,,NA,,,NA,0,,1,KEGG MAPK,0,0,specific
KEGG MAPK,KEGG:MAPK signaling pathway,FGF20,no,False,,,NA,,,NA,,,NA,,,NA,,,NA,,,NA,0,,1,KEGG MAPK,0,0,specific
KEGG MAPK,KEGG:MAPK signaling pathway,FGF21,no,False,,,NA,,,NA,,,NA,,,NA,,,NA,,,NA,0,,1,KEGG MAPK,0,0,specific
KEGG MAPK,KEGG:MAPK signaling pathway,FGF22,no,False,,,NA,,,NA,,,NA,,,NA,,,NA,,,NA,0,,1,KEGG MAPK,0,0,specific
KEGG MAPK,KEGG:MAPK signaling pathway,FGF23,no,False,,,NA,,,NA,,,NA,,,NA,,,NA,,,NA,0,,1,KEGG MAPK,0,0,specific
KEGG MAPK,KEGG:MAPK signaling pathway,FGF3,no,False,,,NA,,,NA,,,NA,,,NA,,,NA,,,NA,0,,1,KEGG MAPK,0,0,specific
KEGG MAPK,KEGG:MAPK signaling pathway,FGF4,no,False,,,NA,,,NA,,,NA,,,NA,,,NA,,,NA,0,,1,KEGG MAPK,0,0,specific
KEGG MAPK,KEGG:MAPK signaling pathway,FGF5,no,False,,,NA,,,NA,,,NA,,,NA,,,NA,,,NA,0,,1,KEGG MAPK,0,0,specific
KEGG MAPK,KEGG:MAPK signaling pathway,FGF6,no,False,,,NA,,,NA,,,NA,,,NA,,,NA,,,NA,0,,1,KEGG MAPK,0,0,specific
KEGG MAPK,KEGG:MAPK signaling pathway,FGF7,no,False,,,NA,,,NA,,,NA,,,NA,,,NA,,,NA,0,,1,KEGG MAPK,0,0,specific
KEGG MAPK,KEGG:MAPK signaling pathway,FGF8,no,False,,,NA,,,NA,,,NA,,,NA,,,NA,,,NA,0,,1,KEGG MAPK,0,0,specific
KEGG MAPK,KEGG:MAPK signaling pathway,FGF9,no,False,,,NA,,,NA,,,NA,,,NA,,,NA,,,NA,0,,1,KEGG MAPK,0,0,specific
KEGG MAPK,KEGG:MAPK signaling pathway,FGFR1,no,False,,,NA,,,NA,,,NA,,,NA,,,NA,,,NA,0,,1,KEGG MAPK,0,0,specific
KEGG MAPK,KEGG:MAPK signaling pathway,FGFR2,no,False,,,NA,,,NA,,,NA,,,NA,,,NA,,,NA,0,,1,KEGG MAPK,0,0,specific
KEGG MAPK,KEGG:MAPK signaling pathway,FGFR3,no,False,,,NA,,,NA,,,NA,,,NA,,,NA,,,NA,0,,1,KEGG MAPK,0,0,specific
KEGG MAPK,KEGG:MAPK signaling pathway,FGFR4,no,False,,,NA,,,NA,,,NA,,,NA,,,NA,,,NA,0,,1,KEGG MAPK,0,0,specific
KEGG MAPK,KEGG:MAPK signaling pathway,FLNC,no,False,,,NA,,,NA,,,NA,,,NA,,,NA,,,NA,0,,1,KEGG MAPK,0,0,specific
KEGG MAPK,KEGG:MAPK signaling pathway,FLT1,no,False,,,NA,,,NA,,,NA,,,NA,,,NA,,,NA,0,,1,KEGG MAPK,0,0,specific
KEGG MAPK,KEGG:MAPK signaling pathway,FLT3,no,False,,,NA,,,NA,,,NA,,,NA,,,NA,,,NA,0,,1,KEGG MAPK,0,0,specific
KEGG MAPK,KEGG:MAPK signaling pathway,FLT4,no,False,,,NA,,,NA,,,NA,,,NA,,,NA,,,NA,0,,1,KEGG MAPK,0,0,specific
KEGG MAPK,KEGG:MAPK signaling pathway,Fas,yes,False,0.057483245,0.9104415518462188,no,0.25301132,0.1832862890354764,no,-0.9809001,0.527478250304227,no,0.6748357,0.8652660695302766,no,0.28162473,0.9346760922948498,no,-0.31891596,0.4822320986180296,no,0,,2,KEGG MAPK;KEGG TNF,3,5,shared
KEGG MAPK,KEGG:MAPK signaling pathway,Fasl,yes,False,-0.0939119,0.5925073554004778,no,-0.16247866,0.1756557407347067,no,0.19150634,0.8743136974086275,no,0.034408342,1.0,no,-2.067466,0.8924400993114376,no,-0.21738596,0.2657455217691274,no,0,tissue__spleen,1,KEGG MAPK,2,3,specific
KEGG MAPK,KEGG:MAPK signaling pathway,Flna,yes,False,0.23958527,0.1061472057162088,no,-0.037752002,0.9703625398469472,no,0.35592535,0.6430038019145982,no,0.3459997,0.8752123784913642,no,0.6391086,0.8950357678914026,no,-0.029790297,0.9081010621992888,no,0,tissue__bone_marrow,1,KEGG MAPK,2,3,specific
KEGG MAPK,KEGG:MAPK signaling pathway,Flnb,yes,False,0.49218,0.3153604787779344,no,-0.23729806,0.8507187611233873,no,0.7954962,0.7952210258821172,no,-1.3286291,0.8770430510679973,no,0.25910985,1.0,no,-0.04981055,0.9642646121943648,no,0,,1,KEGG MAPK,0,1,specific
KEGG MAPK,KEGG:MAPK signaling pathway,Flt3l,yes,False,0.31802154,0.0034324369033584,yes,0.042714316,0.8493819359674296,no,0.34265047,0.7144219530117352,no,0.51383966,0.8652660695302766,no,0.6966273,0.8950357678914026,no,-0.011573235,0.9708008327923672,no,1,cluster_tissue__C0__bone_marrow;tissue__bone_marrow,1,KEGG MAPK,0,1,specific
KEGG MAPK,KEGG:MAPK signaling pathway,Fos,yes,False,0.9321617,1.9678601639076224e-19,yes,1.775818,1.386303899987273e-38,yes,1.1333468,0.0169606929508191,yes,0.43293685,0.95404827791989,no,0.90121263,0.9761216305114476,no,0.50396675,6.700031630205009e-05,yes,4,cluster_tissue__C0__bone_marrow;cluster_tissue__C3__spleen;cluster_tissue__C4__bone_marrow;cluster_tissue__C6__thymus;tissue__bone_marrow;tissue__spleen;tissue__thymus,6,KEGG MAPK;KEGG IL-17;KEGG TCR;KEGG Th17;KEGG TNF;GO AP-1 complex,5,10,shared
KEGG MAPK,KEGG:MAPK signaling pathway,GM5741,no,False,,,NA,,,NA,,,NA,,,NA,,,NA,,,NA,0,,1,KEGG MAPK,0,0,specific
KEGG MAPK,KEGG:MAPK signaling pathway,Gadd45a,yes,False,-0.2875581,0.6039449961450164,no,0.041052848,0.9220738894473988,no,0.05192163,1.0,no,1.425225,0.7884206740215758,no,-2.1545036,0.8924400993114376,no,0.35475072,0.4320412757050749,no,0,,1,KEGG MAPK,1,2,specific
KEGG MAPK,KEGG:MAPK signaling pathway,Gadd45b,yes,False,0.42836985,0.0773952291795211,no,-0.101705916,0.6587456184591227,no,0.20055136,1.0,no,-0.4174633,0.9401578179715382,no,0.74698794,0.9855310072594438,no,-0.019673951,0.995804900704338,no,0,,1,KEGG MAPK,0,1,specific
KEGG MAPK,KEGG:MAPK signaling pathway,Gadd45g,yes,False,0.62041116,0.0345742223712392,yes,0.4919225,0.117410968821164,no,-0.21841669,0.9974065754621892,no,0.03481005,0.9835032056624002,no,1.1043981,0.9719114281971634,no,0.46252826,0.6345897954346309,no,1,cluster_tissue__C0__bone_marrow,1,KEGG MAPK,0,1,specific
KEGG MAPK,KEGG:MAPK signaling pathway,Gna12,yes,False,0.21999957,0.7282625607052594,no,-0.24362096,0.7586920752576382,no,1.82313,0.7067690986349308,no,-0.42947426,0.9691008500686222,no,24.622076,0.8950357678914026,no,0.4131439,0.8704683750109332,no,0,,1,KEGG MAPK,0,1,specific
KEGG MAPK,KEGG:MAPK signaling pathway,Gng12,yes,False,0.13352045,0.6514935832245905,no,-0.28963345,0.2346426458256671,no,-0.03374002,1.0,no,-0.8495076,0.8752123784913642,no,-3.827241,0.8924400993114376,no,-0.07144641,0.9618920029799995,no,0,tissue__spleen,1,KEGG MAPK,1,2,specific
KEGG MAPK,KEGG:MAPK signaling pathway,Grb2,yes,False,-0.279791,4.8207266903735625e-05,yes,-0.24537995,0.0006047050809271,no,-0.26500145,0.6977563050181,no,0.18327267,0.955659430922713,no,-0.8637578,0.8924400993114376,no,-0.28332683,0.029576842168824,yes,2,cluster_tissue__C0__bone_marrow;cluster_tissue__C6__thymus;tissue__bone_marrow;tissue__spleen,2,KEGG MAPK;KEGG TCR,2,4,shared
KEGG MAPK,KEGG:MAPK signaling pathway,HGF,no,False,,,NA,,,NA,,,NA,,,NA,,,NA,,,NA,0,,1,KEGG MAPK,0,0,specific
KEGG MAPK,KEGG:MAPK signaling pathway,HSPA1L,no,False,,,NA,,,NA,,,NA,,,NA,,,NA,,,NA,0,,1,KEGG MAPK,0,0,specific
KEGG MAPK,KEGG:MAPK signaling pathway,HSPB1,no,False,,,NA,,,NA,,,NA,,,NA,,,NA,,,NA,0,,1,KEGG MAPK,0,0,specific
KEGG MAPK,KEGG:MAPK signaling pathway,Hras,yes,False,-0.03773211,0.913254858840761,no,-0.11717436,0.5659335024734493,no,-0.5815015,0.6150587476976827,no,0.1133389,0.9827001605731628,no,1.1415037,0.8924400993114376,no,-0.15311275,0.6088757959825695,no,0,,2,KEGG MAPK;KEGG TCR,4,6,shared
KEGG MAPK,KEGG:MAPK signaling pathway,Hspa1a,yes,True,1.009667,3.508800840356739e-08,yes,0.5947642,0.0033458127385392,yes,1.5679016,0.0063298484042487,yes,0.071255095,0.9940563369796348,no,1.9733106,0.8950357678914026,no,0.6211388,3.107888518571012e-05,yes,4,cluster_tissue__C0__bone_marrow;cluster_tissue__C3__spleen;cluster_tissue__C4__bone_marrow;cluster_tissue__C6__thymus;tissue__bone_marrow;tissue__spleen;tissue__thymus,1,KEGG MAPK,0,0,specific
KEGG MAPK,KEGG:MAPK signaling pathway,Hspa1b,yes,True,1.411347,1.5046569593856951e-25,yes,1.0113032,1.9119865422943564e-11,yes,1.7229332,3.356868076538724e-06,yes,0.57660675,0.95545803811043,no,2.1858788,0.8924400993114376,no,0.8862846,2.4260281930294256e-16,yes,4,cluster_tissue__C0__bone_marrow;cluster_tissue__C3__spleen;cluster_tissue__C4__bone_marrow;cluster_tissue__C5-1__spleen;cluster_tissue__C6__thymus;tissue__bone_marrow;tissue__spleen;tissue__thymus,1,KEGG MAPK,0,0,specific
KEGG MAPK,KEGG:MAPK signaling pathway,Hspa2,yes,True,0.85043263,0.1983519602607976,no,0.43243447,0.5951597675446285,no,-0.37594196,0.9669619755174867,no,23.257961,0.8752123784913642,no,0.0,1.0,no,0.2821935,0.8838475525788541,no,0,,1,KEGG MAPK,0,0,specific
KEGG MAPK,KEGG:MAPK signaling pathway,Hspa8,yes,True,-0.49382937,5.905475850419841e-73,yes,-0.700279,3.5017652649085273e-144,yes,-0.45375383,6.679035573746056e-05,yes,-0.34600082,0.4226550923275294,no,-0.5431752,0.8924400993114376,no,-0.34556744,1.6761957971999686e-26,yes,4,cluster_tissue__C0__bone_marrow;cluster_tissue__C0__spleen;cluster_tissue__C3__spleen;cluster_tissue__C4__bone_marrow;cluster_tissue__C4__spleen;cluster_tissue__C5-1__spleen;cluster_tissue__C6__thymus;tissue__bone_marrow;tissue__spleen;tissue__thymus,1,KEGG MAPK,0,0,specific
KEGG MAPK,KEGG:MAPK signaling pathway,IGF1,no,False,,,NA,,,NA,,,NA,,,NA,,,NA,,,NA,0,,1,KEGG MAPK,0,0,specific
KEGG MAPK,KEGG:MAPK signaling pathway,IL1A,no,False,,,NA,,,NA,,,NA,,,NA,,,NA,,,NA,0,,1,KEGG MAPK,0,0,specific
KEGG MAPK,KEGG:MAPK signaling pathway,IL1B,no,False,,,NA,,,NA,,,NA,,,NA,,,NA,,,NA,0,,4,KEGG MAPK;KEGG IL-17;KEGG Th17;KEGG TNF,0,0,shared
KEGG MAPK,KEGG:MAPK signaling pathway,INS1,no,False,,,NA,,,NA,,,NA,,,NA,,,NA,,,NA,0,,1,KEGG MAPK,0,0,specific
KEGG MAPK,KEGG:MAPK signaling pathway,INS2,no,False,,,NA,,,NA,,,NA,,,NA,,,NA,,,NA,0,,1,KEGG MAPK,0,0,specific
KEGG MAPK,KEGG:MAPK signaling pathway,Igf1r,yes,False,-0.6358261,0.8708377553657871,no,-0.16670991,0.8683583507360549,no,-0.515255,0.9669619755174867,no,0.12333614,1.0,no,-0.17097043,1.0,no,-1.4243245,0.7283182793830728,no,0,,1,KEGG MAPK,0,1,specific
KEGG MAPK,KEGG:MAPK signaling pathway,Igf2,yes,False,-0.14245914,0.9252016645886372,no,-0.6132239,0.166878354005352,no,-21.993956,0.8311291475053749,no,0.0,1.0,no,0.0,1.0,no,0.055651195,0.9943393658881832,no,0,,1,KEGG MAPK,0,1,specific
KEGG MAPK,KEGG:MAPK signaling pathway,Ikbkb,yes,False,-0.10783413,0.4440250654977866,no,-0.10417091,0.3297798781919041,no,-0.07116553,0.9484782084608052,no,-0.8251468,0.7046027004444183,no,-0.28950974,0.983536795770768,no,-0.11002027,0.75055003694521,no,0,,5,KEGG MAPK;KEGG IL-17;KEGG TCR;KEGG Th17;KEGG TNF,3,8,shared
KEGG MAPK,KEGG:MAPK signaling pathway,Ikbkg,yes,False,-0.016307281,0.9789239813562632,no,-0.22528365,0.5085519087287014,no,-0.6247419,0.8399001236604936,no,-0.68697196,0.89970102468078,no,-0.89868295,0.8950357678914026,no,0.30413702,0.5862714653147028,no,0,,5,KEGG MAPK;KEGG IL-17;KEGG TCR;KEGG Th17;KEGG TNF,1,6,shared
KEGG MAPK,KEGG:MAPK signaling pathway,Il1r1,yes,False,21.144537,0.1751718507246958,no,-0.6729734,0.8760663894380032,no,0.0,1.0,no,0.12504286,1.0,no,1.0159229,0.8924400993114376,no,0.0,1.0,no,0,,2,KEGG MAPK;KEGG Th17,1,3,shared
KEGG MAPK,KEGG:MAPK signaling pathway,Il1rap,yes,False,-0.7781766,0.0875362718209014,no,0.16520745,0.7439086882400755,no,0.28512505,0.949445454332073,no,2.6611893,0.8491192006383744,no,-2.0970151,0.8950357678914026,no,-0.69870543,0.4963278606473982,no,0,,2,KEGG MAPK;KEGG Th17,0,2,shared
KEGG MAPK,KEGG:MAPK signaling pathway,Insr,yes,False,-0.43378815,0.181099937553593,no,0.26497683,0.3457902134604802,no,0.87484986,0.7391202026175625,no,0.6966235,0.8857749020121831,no,-0.44523105,1.0,no,0.35713497,0.5871678358648861,no,0,,1,KEGG MAPK,3,4,specific
KEGG MAPK,KEGG:MAPK signaling pathway,Irak1,yes,False,-0.075152725,0.844292556220925,no,-0.0960032,0.6097548598928576,no,0.014242294,0.9974065754621892,no,0.26109615,1.0,no,-0.5968825,0.893471481134524,no,-0.09517548,0.7702961814175606,no,0,,1,KEGG MAPK,0,3,specific
KEGG MAPK,KEGG:MAPK signaling pathway,Irak4,yes,False,0.00032772202,0.951817540377862,no,-0.39089862,0.0436494972334959,yes,0.41513446,0.8598424942570887,no,1.3907559,0.7884206740215758,no,-1.915861,0.8924400993114376,no,-0.42782792,0.2516552018875967,no,1,cluster_tissue__C3__spleen;tissue__spleen,1,KEGG MAPK,0,3,specific
KEGG MAPK,KEGG:MAPK signaling pathway,Jun,yes,False,0.6138494,8.479452752364815e-16,yes,1.2428119,4.3910379121289585e-77,yes,0.62406504,0.2984701087902344,no,0.30829823,0.9026213492618612,no,1.9715924,0.8924400993114376,no,0.1431964,0.4886187716187679,no,2,cluster_tissue__C0__bone_marrow;cluster_tissue__C3__spleen;cluster_tissue__C4__spleen;cluster_tissue__C5-1__spleen;tissue__bone_marrow;tissue__spleen,6,KEGG MAPK;KEGG IL-17;KEGG TCR;KEGG Th17;KEGG TNF;GO AP-1 complex,7,14,shared
KEGG MAPK,KEGG:MAPK signaling pathway,Jund,yes,False,0.16271959,2.4392802152658607e-05,no,0.30703032,7.076284482854869e-19,yes,0.3405481,0.0754293839629462,no,-0.14944413,0.94371709864799,no,-0.06420746,1.0,no,0.15315169,0.1969160993146854,no,1,cluster_tissue__C3__spleen;tissue__spleen,3,KEGG MAPK;KEGG IL-17;GO AP-1 complex,2,4,shared
KEGG MAPK,KEGG:MAPK signaling pathway,KDR,no,False,,,NA,,,NA,,,NA,,,NA,,,NA,,,NA,0,,1,KEGG MAPK,0,0,specific
KEGG MAPK,KEGG:MAPK signaling pathway,KIT,no,False,,,NA,,,NA,,,NA,,,NA,,,NA,,,NA,0,,1,KEGG MAPK,0,0,specific
KEGG MAPK,KEGG:MAPK signaling pathway,KITL,no,False,,,NA,,,NA,,,NA,,,NA,,,NA,,,NA,0,,1,KEGG MAPK,0,0,specific
KEGG MAPK,KEGG:MAPK signaling pathway,KLK1B4,no,False,,,NA,,,NA,,,NA,,,NA,,,NA,,,NA,0,,1,KEGG MAPK,0,0,specific
KEGG MAPK,KEGG:MAPK signaling pathway,Kras,yes,False,0.03765907,0.8448704865319228,no,-0.044133034,0.8301187953676201,no,-0.0018112794,1.0,no,-0.12604256,0.956968284466358,no,0.8960835,0.8950357678914026,no,0.12771586,0.6206963281754161,no,0,,2,KEGG MAPK;KEGG TCR,4,6,shared
KEGG MAPK,KEGG:MAPK signaling pathway,Lamtor3,yes,False,-0.27670422,0.049145370943108,yes,-0.06365073,0.7664362031936852,no,-0.4630159,0.6353500487539705,no,-0.23845229,0.9540048639674902,no,-0.2811275,1.0,no,0.055786494,0.9208275605525472,no,1,cluster_tissue__C0__bone_marrow;tissue__bone_marrow,1,KEGG MAPK,0,1,specific
KEGG MAPK,KEGG:MAPK signaling pathway,MAP3K13,no,False,,,NA,,,NA,,,NA,,,NA,,,NA,,,NA,0,,1,KEGG MAPK,0,0,specific
KEGG MAPK,KEGG:MAPK signaling pathway,MAP3K20,no,False,,,NA,,,NA,,,NA,,,NA,,,NA,,,NA,0,,1,KEGG MAPK,0,0,specific
KEGG MAPK,KEGG:MAPK signaling pathway,MAP3K6,no,False,,,NA,,,NA,,,NA,,,NA,,,NA,,,NA,0,,1,KEGG MAPK,0,0,specific
KEGG MAPK,KEGG:MAPK signaling pathway,MAPK10,no,False,,,NA,,,NA,,,NA,,,NA,,,NA,,,NA,0,,4,KEGG MAPK;KEGG IL-17;KEGG Th17;KEGG TNF,0,0,shared
KEGG MAPK,KEGG:MAPK signaling pathway,MAPK12,no,False,,,NA,,,NA,,,NA,,,NA,,,NA,,,NA,0,,5,KEGG MAPK;KEGG IL-17;KEGG TCR;KEGG Th17;KEGG TNF,0,0,shared
KEGG MAPK,KEGG:MAPK signaling pathway,MAPK13,no,False,,,NA,,,NA,,,NA,,,NA,,,NA,,,NA,0,,5,KEGG MAPK;KEGG IL-17;KEGG TCR;KEGG Th17;KEGG TNF,0,0,shared
KEGG MAPK,KEGG:MAPK signaling pathway,MAPK8IP1,no,False,,,NA,,,NA,,,NA,,,NA,,,NA,,,NA,0,,1,KEGG MAPK,0,0,specific
KEGG MAPK,KEGG:MAPK signaling pathway,MAPK8IP2,no,False,,,NA,,,NA,,,NA,,,NA,,,NA,,,NA,0,,1,KEGG MAPK,0,0,specific
KEGG MAPK,KEGG:MAPK signaling pathway,MAPT,no,False,,,NA,,,NA,,,NA,,,NA,,,NA,,,NA,0,,1,KEGG MAPK,0,0,specific
KEGG MAPK,KEGG:MAPK signaling pathway,MECOM,no,False,,,NA,,,NA,,,NA,,,NA,,,NA,,,NA,0,,1,KEGG MAPK,0,0,specific
KEGG MAPK,KEGG:MAPK signaling pathway,MEF2C,no,False,,,NA,,,NA,,,NA,,,NA,,,NA,,,NA,0,,1,KEGG MAPK,0,0,specific
KEGG MAPK,KEGG:MAPK signaling pathway,MET,no,False,,,NA,,,NA,,,NA,,,NA,,,NA,,,NA,0,,1,KEGG MAPK,0,0,specific
KEGG MAPK,KEGG:MAPK signaling pathway,MRAS,no,False,,,NA,,,NA,,,NA,,,NA,,,NA,,,NA,0,,1,KEGG MAPK,0,0,specific
KEGG MAPK,KEGG:MAPK signaling pathway,Map2k1,yes,False,0.25661212,0.2254255916423062,no,0.07181233,0.6603470705493109,no,-0.292796,0.8696937437977283,no,0.010016104,1.0,no,-1.4446219,0.8924400993114376,no,-0.116138764,0.8887623364520025,no,0,,3,KEGG MAPK;KEGG TCR;KEGG TNF,4,9,shared
KEGG MAPK,KEGG:MAPK signaling pathway,Map2k2,yes,False,-0.0798311,0.5491870818879875,no,-0.09776073,0.3231839344823495,no,0.27508226,0.7315642520518283,no,0.20585026,0.9827001605731628,no,0.23226531,1.0,no,-0.12769428,0.5518623522046164,no,0,,2,KEGG MAPK;KEGG TCR,4,8,shared
KEGG MAPK,KEGG:MAPK signaling pathway,Map2k3,yes,False,-0.09410035,0.7920959797143903,no,-0.28721258,0.105321326397449,no,-0.08579444,0.9974065754621892,no,-0.3179702,0.9691008500686222,no,0.7564334,0.9695735359850828,no,-0.4135117,0.0959643547485386,no,0,tissue__spleen,2,KEGG MAPK;KEGG TNF,1,5,shared
KEGG MAPK,KEGG:MAPK signaling pathway,Map2k4,yes,False,0.15912014,0.6084423166209504,no,-0.23086928,0.3568513619611193,no,0.23543337,0.8720017583363169,no,0.22902863,1.0,no,-0.5701254,0.9845136932353914,no,0.039238963,0.9550539146025142,no,0,,2,KEGG MAPK;KEGG TNF,1,5,shared
KEGG MAPK,KEGG:MAPK signaling pathway,Map2k5,yes,False,0.054764237,0.8677990727799141,no,-0.3782014,0.0891334821916161,no,0.5819851,0.7468030958751247,no,-0.6741445,0.8752123784913642,no,0.28366512,1.0,no,0.1314838,0.8838475525788541,no,0,,1,KEGG MAPK,2,4,specific
KEGG MAPK,KEGG:MAPK signaling pathway,Map2k6,yes,False,-0.2508114,0.6312389333938815,no,-0.30227745,0.4494446518409366,no,0.13729389,0.9974065754621892,no,0.6985711,0.933223956836752,no,-25.615688,0.8924400993114376,no,-0.37582612,0.5886914683594362,no,0,,2,KEGG MAPK;KEGG TNF,1,5,shared
KEGG MAPK,KEGG:MAPK signaling pathway,Map2k7,yes,False,-0.12766702,0.6616025591337028,no,-0.35868883,0.0379173018311233,yes,-0.9822124,0.3426595735488923,no,0.6363225,0.8752123784913642,no,1.4803158,0.8924400993114376,no,-0.2578925,0.3852123549094217,no,1,cluster_tissue__C3__spleen,3,KEGG MAPK;KEGG TCR;KEGG TNF,3,8,shared
KEGG MAPK,KEGG:MAPK signaling pathway,Map3k1,yes,False,-0.13050018,0.4223343791756941,no,0.12127966,0.4454555332843306,no,0.10720153,0.9845849833549388,no,-0.6709386,0.8652660695302766,no,1.6157807,0.8924400993114376,no,0.17105712,0.5770487199515104,no,0,,1,KEGG MAPK,1,4,specific
KEGG MAPK,KEGG:MAPK signaling pathway,Map3k11,yes,False,-0.015903454,0.9974985035768564,no,-0.15587933,0.6355136966918357,no,-0.13650377,0.9974065754621892,no,0.22532567,0.9768413529349538,no,-0.58703446,0.8950357678914026,no,0.1442121,0.7673781069011194,no,0,,1,KEGG MAPK,1,4,specific
KEGG MAPK,KEGG:MAPK signaling pathway,Map3k12,yes,False,-0.05303565,0.9708932557700376,no,-0.24911277,0.665357647808827,no,-0.8124766,0.933617826253446,no,2.4977784,0.8491192006383744,no,0.0,1.0,no,-0.3081438,0.9053687770083212,no,0,,1,KEGG MAPK,0,3,specific
KEGG MAPK,KEGG:MAPK signaling pathway,Map3k14,yes,False,-0.07937572,0.8307965502835298,no,-0.11959973,0.6981403677885055,no,-0.14778852,0.9765783103873832,no,0.53054535,0.8754402765736332,no,0.8200935,0.9719114281971634,no,-0.37124544,0.453794629172732,no,0,,3,KEGG MAPK;KEGG TCR;KEGG TNF,0,4,shared
KEGG MAPK,KEGG:MAPK signaling pathway,Map3k2,yes,False,0.17517631,0.374432706847434,no,-0.21534054,0.2020380158555196,no,-0.08135823,0.9765774725287436,no,0.22173591,0.9761385575217636,no,-0.59695053,0.9761216305114476,no,-0.01610051,0.9552606777646846,no,0,,1,KEGG MAPK,0,2,specific
KEGG MAPK,KEGG:MAPK signaling pathway,Map3k3,yes,False,0.03029139,0.9020556733592502,no,-0.09224829,0.8325213637230646,no,0.37323305,0.9117106646211248,no,-0.82742584,0.8752123784913642,no,0.018615624,1.0,no,-0.1275454,0.8448691964383164,no,0,,1,KEGG MAPK,0,2,specific
KEGG MAPK,KEGG:MAPK signaling pathway,Map3k4,yes,False,0.045756985,0.8937869566831742,no,-0.20248336,0.2795322893122173,no,0.3903898,0.7902990040961144,no,-0.5016073,0.8752123784913642,no,0.4201363,1.0,no,-0.11703245,0.823920644780349,no,0,,1,KEGG MAPK,2,5,specific
KEGG MAPK,KEGG:MAPK signaling pathway,Map3k5,yes,False,-0.20237856,0.7276898155528972,no,0.13193057,0.6369938297899808,no,-0.018736348,1.0,no,-0.912686,0.8752123784913642,no,-0.18154763,1.0,no,0.06807143,0.8631353710704625,no,0,,2,KEGG MAPK;KEGG TNF,3,8,shared
KEGG MAPK,KEGG:MAPK signaling pathway,Map3k7,yes,False,0.30492377,0.18324495374571,no,0.33331224,0.0847939361231314,no,0.5351767,0.7705443014277018,no,0.43515074,0.9540048639674902,no,0.54787636,1.0,no,-0.074367836,0.9316111779442996,no,0,,4,KEGG MAPK;KEGG IL-17;KEGG TCR;KEGG TNF,2,9,shared
KEGG MAPK,KEGG:MAPK signaling pathway,Map3k8,yes,False,-0.05644524,0.9116082049711876,no,0.09020774,0.7446121313310773,no,0.15153696,0.991873506841821,no,0.9335739,0.8752123784913642,no,-0.7384518,1.0,no,-0.29838252,0.5273477985157933,no,0,,3,KEGG MAPK;KEGG TCR;KEGG TNF,0,4,shared
KEGG MAPK,KEGG:MAPK signaling pathway,Map4k1,yes,False,0.071011,0.8431573723040487,no,0.0018332894,0.9193346261506624,no,1.6871084,0.3566603513108547,no,-0.26121646,0.9447879092694343,no,-0.66584456,0.9761216305114476,no,-0.09998677,0.9053687770083212,no,0,,1,KEGG MAPK,0,3,specific
KEGG MAPK,KEGG:MAPK signaling pathway,Map4k2,yes,False,0.08477185,0.668216626469799,no,0.097491145,0.6518366274027098,no,-0.25721854,0.8929718134804007,no,-0.22869368,0.9827001605731628,no,0.5631818,0.902647463946821,no,0.1459687,0.7656857851828687,no,0,,1,KEGG MAPK,0,2,specific
KEGG MAPK,KEGG:MAPK signaling pathway,Map4k3,yes,False,-0.5175067,0.441242039975581,no,-0.24961163,0.7211128053243581,no,-1.3928354,0.7411368608274116,no,-2.0872576,0.8752123784913642,no,24.533358,0.8950357678914026,no,0.13620898,0.9627537096189562,no,0,cluster_tissue__C5-1__spleen,1,KEGG MAPK,0,2,specific
KEGG MAPK,KEGG:MAPK signaling pathway,Map4k4,yes,False,0.03728091,0.8708377553657871,no,-0.12833783,0.2074478432081178,no,-0.1324891,0.9196840903674046,no,-0.019625919,1.0,no,-0.66953856,0.8924400993114376,no,-0.09130325,0.7682017732382048,no,0,,1,KEGG MAPK,0,2,specific
KEGG MAPK,KEGG:MAPK signaling pathway,Mapk1,yes,False,-0.16972041,0.1847285329790366,no,-0.21938962,0.0295911808758025,no,-0.24703492,0.8311291475053749,no,-0.45133957,0.8752123784913642,no,0.31386063,0.9761216305114476,no,-0.015222658,0.99987768021064,no,0,,5,KEGG MAPK;KEGG IL-17;KEGG TCR;KEGG Th17;KEGG TNF,11,18,shared
KEGG MAPK,KEGG:MAPK signaling pathway,Mapk11,yes,False,-0.37186098,0.813529751183778,no,0.56798506,0.857671891896384,no,-24.271957,0.5757270353737803,no,-24.37313,0.8652660695302766,no,0.0,1.0,no,-1.5220566,0.4431512211750446,no,0,,5,KEGG MAPK;KEGG IL-17;KEGG TCR;KEGG Th17;KEGG TNF,3,10,shared
KEGG MAPK,KEGG:MAPK signaling pathway,Mapk14,yes,False,-0.13536857,0.6333071897133913,no,-0.18063876,0.3984106494539359,no,-0.31386527,0.8356105722401911,no,0.21370807,0.9729849139877652,no,-1.507047,0.8924400993114376,no,-0.20277803,0.5871678358648861,no,0,,5,KEGG MAPK;KEGG IL-17;KEGG TCR;KEGG Th17;KEGG TNF,3,10,shared
KEGG MAPK,KEGG:MAPK signaling pathway,Mapk3,yes,False,-0.11857263,0.7263089261714424,no,-0.012361835,0.9601367677483346,no,-0.41910833,0.7352860651315374,no,0.79833543,0.8652660695302766,no,-0.6297096,0.983536795770768,no,0.37222248,0.1408407644948492,no,0,,5,KEGG MAPK;KEGG IL-17;KEGG TCR;KEGG Th17;KEGG TNF,8,15,shared
KEGG MAPK,KEGG:MAPK signaling pathway,Mapk7,yes,False,0.25165373,0.5785229989437858,no,-0.049164996,0.9687807673998772,no,-0.6526126,0.8827933036192483,no,-0.875607,0.8752123784913642,no,1.622029,0.8950357678914026,no,-0.49455574,0.6168544296024028,no,0,,2,KEGG MAPK;KEGG IL-17,2,5,shared
KEGG MAPK,KEGG:MAPK signaling pathway,Mapk8,yes,False,0.22415884,0.4387938487627963,no,0.23490505,0.435611924620743,no,0.12523706,0.9974065754621892,no,-0.6697701,0.8852528658693669,no,26.889061,0.8924400993114376,no,0.025973987,0.9165729998825944,no,0,,4,KEGG MAPK;KEGG IL-17;KEGG Th17;KEGG TNF,3,9,shared
KEGG MAPK,KEGG:MAPK signaling pathway,Mapk8ip3,yes,False,-0.38328925,0.0483642129659147,yes,-0.04875106,0.8719487039223317,no,-0.009801209,0.9974065754621892,no,0.35808513,0.9026638607238826,no,0.9669128,0.8950357678914026,no,-0.12520628,0.8407697344140208,no,1,cluster_tissue__C0__bone_marrow,1,KEGG MAPK,0,3,specific
KEGG MAPK,KEGG:MAPK signaling pathway,Mapk9,yes,False,-0.02950095,0.977807412682138,no,-0.020071305,0.9878629107767232,no,0.20974918,0.9510994936748822,no,0.30361682,0.9827001605731628,no,1.1254013,0.8924400993114376,no,0.45271337,0.2001347666868211,no,0,,5,KEGG MAPK;KEGG IL-17;KEGG TCR;KEGG Th17;KEGG TNF,4,11,shared
KEGG MAPK,KEGG:MAPK signaling pathway,Mapkapk2,yes,False,-0.18322001,0.3177560722920087,no,-0.050827958,0.8451978564947874,no,-0.45069695,0.7492092126801023,no,-0.22078086,0.9401578179715382,no,0.050728302,1.0,no,-0.11408591,0.853820292493261,no,0,,1,KEGG MAPK,0,3,specific
KEGG MAPK,KEGG:MAPK signaling pathway,Mapkapk3,yes,False,-0.10634109,0.7003349537739926,no,-0.0803121,0.7626278758103516,no,-0.37920424,0.7701258735831653,no,-0.73569655,0.8639226993524511,no,-0.055109452,1.0,no,-0.5362488,0.0101625000530167,yes,1,cluster_tissue__C6__thymus;tissue__thymus,1,KEGG MAPK,0,2,specific
KEGG MAPK,KEGG:MAPK signaling pathway,Mapkapk5,yes,False,0.17779996,0.8536236758208338,no,0.29342452,0.7441554539687972,no,0.3331895,0.949445454332073,no,24.343168,0.8652660695302766,no,0.0,1.0,no,-0.3373058,0.8544683578577752,no,0,,1,KEGG MAPK,2,3,specific
KEGG MAPK,KEGG:MAPK signaling pathway,Max,yes,False,-0.23610249,0.0153915839519368,no,-0.23567607,0.0068416246879899,no,-0.69049895,0.3437331588140941,no,-0.4750573,0.8752123784913642,no,-0.89278054,0.8924400993114376,no,-0.11162078,0.7236260921222062,no,0,tissue__bone_marrow;tissue__spleen,1,KEGG MAPK,0,1,specific
KEGG MAPK,KEGG:MAPK signaling pathway,Mknk1,yes,False,-0.14693706,0.8011295039263345,no,-0.26413286,0.3931207764199903,no,-0.36549538,0.9467698418692164,no,-0.11232157,1.0,no,1.419458,0.8950357678914026,no,-0.096515134,0.9245512374895316,no,0,,1,KEGG MAPK,0,1,specific
KEGG MAPK,KEGG:MAPK signaling pathway,Mknk2,yes,False,-0.056786735,0.796461488988004,no,-0.1596557,0.1513413533862455,no,-0.5513345,0.3909583843531268,no,-0.4123171,0.8752123784913642,no,0.7846594,0.8924400993114376,no,-0.010472906,0.9835963295789016,no,0,,1,KEGG MAPK,0,1,specific
KEGG MAPK,KEGG:MAPK signaling pathway,Myc,yes,False,0.32361603,0.0765176610398604,no,0.06056405,0.895899299288451,no,-0.101720765,0.971398024148766,no,-0.6938919,0.8683641817920473,no,-0.27490625,1.0,no,-0.19323517,0.5614985373114437,no,0,,1,KEGG MAPK,4,7,specific
KEGG MAPK,KEGG:MAPK signaling pathway,Myd88,yes,False,0.20934814,0.309442115082927,no,-0.107795544,0.7867348120447883,no,0.16495286,0.9454597980883416,no,0.23736672,0.98181929594407,no,-1.0261796,0.8924400993114376,no,-0.043991156,0.9792194597010608,no,0,,1,KEGG MAPK,0,3,specific
KEGG MAPK,KEGG:MAPK signaling pathway,NGF,no,False,,,NA,,,NA,,,NA,,,NA,,,NA,,,NA,0,,1,KEGG MAPK,0,0,specific
KEGG MAPK,KEGG:MAPK signaling pathway,NGFR,no,False,,,NA,,,NA,,,NA,,,NA,,,NA,,,NA,0,,1,KEGG MAPK,0,0,specific
KEGG MAPK,KEGG:MAPK signaling pathway,NTF3,no,False,,,NA,,,NA,,,NA,,,NA,,,NA,,,NA,0,,1,KEGG MAPK,0,0,specific
KEGG MAPK,KEGG:MAPK signaling pathway,NTF5,no,False,,,NA,,,NA,,,NA,,,NA,,,NA,,,NA,0,,1,KEGG MAPK,0,0,specific
KEGG MAPK,KEGG:MAPK signaling pathway,NTRK1,no,False,,,NA,,,NA,,,NA,,,NA,,,NA,,,NA,0,,1,KEGG MAPK,0,0,specific
KEGG MAPK,KEGG:MAPK signaling pathway,NTRK2,no,False,,,NA,,,NA,,,NA,,,NA,,,NA,,,NA,0,,1,KEGG MAPK,0,0,specific
KEGG MAPK,KEGG:MAPK signaling pathway,Nf1,yes,False,0.1585231,0.7792184385280786,no,0.3166588,0.473881777435744,no,0.8389897,0.856376531973041,no,1.5314742,0.8652660695302766,no,-24.944588,0.8924400993114376,no,-0.5671927,0.558767568332753,no,0,,1,KEGG MAPK,0,2,specific
KEGG MAPK,KEGG:MAPK signaling pathway,Nfatc1,yes,False,-0.08189829,0.6554024621913839,no,-0.18300448,0.1401946350539319,no,0.25482816,0.8416617668139579,no,-0.75160587,0.8491192006383744,no,0.23373549,1.0,no,0.080897234,0.806224360696523,no,0,,3,KEGG MAPK;KEGG TCR;KEGG Th17,3,6,shared
KEGG MAPK,KEGG:MAPK signaling pathway,Nfatc3,yes,False,-0.034432247,0.8601368132510366,no,-0.08126569,0.5282342363233737,no,-0.21071588,0.8108727041342086,no,0.068992525,1.0,no,0.025676671,1.0,no,0.07716363,0.8676999613298007,no,0,,3,KEGG MAPK;KEGG TCR;KEGG Th17,3,6,shared
KEGG MAPK,KEGG:MAPK signaling pathway,Nfkb1,yes,False,-0.06266619,0.7354157547205854,no,-0.0069374964,0.9536818073275865,no,-0.11020659,0.9974065754621892,no,-0.41220456,0.8652660695302766,no,0.19399029,1.0,no,0.04910556,0.8195776249086381,no,0,,5,KEGG MAPK;KEGG IL-17;KEGG TCR;KEGG Th17;KEGG TNF,3,10,shared
KEGG MAPK,KEGG:MAPK signaling pathway,Nfkb2,yes,False,0.06826897,0.8184637065242598,no,0.009316086,0.944100025679936,no,-0.08757781,0.9911634448880992,no,0.48173323,0.9519756861326998,no,1.0225511,0.8950357678914026,no,-0.38266146,0.3958173129228551,no,0,,1,KEGG MAPK,0,1,specific
KEGG MAPK,KEGG:MAPK signaling pathway,Nlk,yes,False,-0.0558158,0.8090090163077847,no,0.012264976,0.9621570655353217,no,0.42536432,0.8311291475053749,no,0.3986094,0.8752123784913642,no,0.41499698,0.9923483798249784,no,-0.046730794,0.9747399226026944,no,0,,1,KEGG MAPK,0,2,specific
KEGG MAPK,KEGG:MAPK signaling pathway,Nr4a1,yes,False,0.82525724,0.0046157903593777,yes,-0.5137783,0.5523563726949744,no,0.44883406,0.8473042751896069,no,2.3131726,0.8491192006383744,no,0.0,1.0,no,0.2298282,0.367382531432973,no,1,cluster_tissue__C0__bone_marrow;tissue__bone_marrow,1,KEGG MAPK,0,1,specific
KEGG MAPK,KEGG:MAPK signaling pathway,Nras,yes,False,-0.035614755,0.9104415518462188,no,-0.15183964,0.431892096052546,no,-0.0408502,0.9974065754621892,no,-0.11247978,0.9827001605731628,no,-0.2968241,1.0,no,0.0021944041,0.9963755569305468,no,0,,2,KEGG MAPK;KEGG TCR,4,6,shared
KEGG MAPK,KEGG:MAPK signaling pathway,PDGFA,no,False,,,NA,,,NA,,,NA,,,NA,,,NA,,,NA,0,,1,KEGG MAPK,0,0,specific
KEGG MAPK,KEGG:MAPK signaling pathway,PDGFC,no,False,,,NA,,,NA,,,NA,,,NA,,,NA,,,NA,0,,1,KEGG MAPK,0,0,specific
KEGG MAPK,KEGG:MAPK signaling pathway,PDGFD,no,False,,,NA,,,NA,,,NA,,,NA,,,NA,,,NA,0,,1,KEGG MAPK,0,0,specific
KEGG MAPK,KEGG:MAPK signaling pathway,PDGFRA,no,False,,,NA,,,NA,,,NA,,,NA,,,NA,,,NA,0,,1,KEGG MAPK,0,0,specific
KEGG MAPK,KEGG:MAPK signaling pathway,PDGFRB,no,False,,,NA,,,NA,,,NA,,,NA,,,NA,,,NA,0,,1,KEGG MAPK,0,0,specific
KEGG MAPK,KEGG:MAPK signaling pathway,PGF,no,False,,,NA,,,NA,,,NA,,,NA,,,NA,,,NA,0,,1,KEGG MAPK,0,0,specific
KEGG MAPK,KEGG:MAPK signaling pathway,PLA2G4A,no,False,,,NA,,,NA,,,NA,,,NA,,,NA,,,NA,0,,1,KEGG MAPK,0,0,specific
KEGG MAPK,KEGG:MAPK signaling pathway,PLA2G4C,no,False,,,NA,,,NA,,,NA,,,NA,,,NA,,,NA,0,,1,KEGG MAPK,0,0,specific
KEGG MAPK,KEGG:MAPK signaling pathway,PLA2G4D,no,False,,,NA,,,NA,,,NA,,,NA,,,NA,,,NA,0,,1,KEGG MAPK,0,0,specific
KEGG MAPK,KEGG:MAPK signaling pathway,PLA2G4E,no,False,,,NA,,,NA,,,NA,,,NA,,,NA,,,NA,0,,1,KEGG MAPK,0,0,specific
KEGG MAPK,KEGG:MAPK signaling pathway,PLA2G4F,no,False,,,NA,,,NA,,,NA,,,NA,,,NA,,,NA,0,,1,KEGG MAPK,0,0,specific
KEGG MAPK,KEGG:MAPK signaling pathway,PPP3R2,no,False,,,NA,,,NA,,,NA,,,NA,,,NA,,,NA,0,,3,KEGG MAPK;KEGG TCR;KEGG Th17,0,0,shared
KEGG MAPK,KEGG:MAPK signaling pathway,PRKCG,no,False,,,NA,,,NA,,,NA,,,NA,,,NA,,,NA,0,,1,KEGG MAPK,0,0,specific
KEGG MAPK,KEGG:MAPK signaling pathway,PTPRR,no,False,,,NA,,,NA,,,NA,,,NA,,,NA,,,NA,0,,1,KEGG MAPK,0,0,specific
KEGG MAPK,KEGG:MAPK signaling pathway,Pak1,yes,False,-0.26409483,0.921968115938183,no,0.46060014,0.7167228193377353,no,0.0,1.0,no,1.0953901,0.8752123784913642,no,24.523636,0.8950357678914026,no,1.1476034,0.8273866475830259,no,0,,2,KEGG MAPK;KEGG TCR,1,3,shared
KEGG MAPK,KEGG:MAPK signaling pathway,Pak2,yes,False,-0.090476714,0.3260188678058754,no,-0.077648595,0.356810423952972,no,0.1417382,0.9467698418692164,no,-0.22476266,0.8752123784913642,no,-0.22913319,1.0,no,-0.10328904,0.5862714653147028,no,0,,2,KEGG MAPK;KEGG TCR,0,2,shared
KEGG MAPK,KEGG:MAPK signaling pathway,Pdgfb,yes,False,-0.22283085,0.8495310560385451,no,0.032337658,0.9809172654159216,no,-1.0426506,0.471214880403358,no,0.8323629,0.8752123784913642,no,-26.313797,0.8924400993114376,no,0.08824776,0.8544683578577752,no,0,,1,KEGG MAPK,1,2,specific
KEGG MAPK,KEGG:MAPK signaling pathway,Pla2g4b,yes,False,-0.34600267,0.6206927022868378,no,0.21456304,0.7966054213109185,no,-0.5268306,0.9467698418692164,no,0.0,1.0,no,0.0,1.0,no,0.6717857,0.5502085299191954,no,0,,1,KEGG MAPK,1,2,specific
KEGG MAPK,KEGG:MAPK signaling pathway,Ppm1a,yes,False,-0.13887022,0.5767609040430195,no,-0.09752659,0.5960219327025698,no,-0.30171704,0.8250853174750654,no,-0.3769658,0.9416503860204918,no,0.5720246,0.9616069589352672,no,0.0742771,0.8785246080799012,no,0,,1,KEGG MAPK,0,1,specific
KEGG MAPK,KEGG:MAPK signaling pathway,Ppm1b,yes,False,-0.0401111,0.9259774412249712,no,0.03768878,0.8682734097195524,no,-0.8452404,0.400670794155137,no,-0.77856076,0.8652660695302766,no,0.117431015,1.0,no,-0.22131707,0.5539080672017977,no,0,,1,KEGG MAPK,0,1,specific
KEGG MAPK,KEGG:MAPK signaling pathway,Ppp3ca,yes,False,-0.023899853,0.9335897465983016,no,0.05311656,0.7559008866492026,no,-0.013906424,0.9974065754621892,no,0.3746337,0.8752123784913642,no,0.66179615,0.8950357678914026,no,-0.011430101,0.99674618446036,no,0,,3,KEGG MAPK;KEGG TCR;KEGG Th17,3,6,shared
KEGG MAPK,KEGG:MAPK signaling pathway,Ppp3cb,yes,False,0.13165331,0.4515924756364738,no,0.07985086,0.6443410246346836,no,0.12218025,0.9150233834391356,no,0.76289725,0.8491192006383744,no,-0.21639124,1.0,no,-0.12929422,0.7451102544192075,no,0,,3,KEGG MAPK;KEGG TCR;KEGG Th17,3,6,shared
KEGG MAPK,KEGG:MAPK signaling pathway,Ppp3cc,yes,False,0.11421174,0.4430129480024217,no,-0.025682341,0.9276633223513172,no,-0.3438872,0.6977563050181,no,-0.2576892,0.9743308209902122,no,-3.508746,0.8924400993114376,no,-0.012025643,0.9988626733094398,no,0,,3,KEGG MAPK;KEGG TCR;KEGG Th17,3,6,shared
KEGG MAPK,KEGG:MAPK signaling pathway,Ppp3r1,yes,False,0.23936597,0.1379293328440221,no,-0.07045917,0.7202797918582206,no,-0.16663605,0.9340956946345144,no,-0.13667876,0.9752336279504292,no,0.7890462,0.8950357678914026,no,-0.17086723,0.7068933738152153,no,0,,3,KEGG MAPK;KEGG TCR;KEGG Th17,3,6,shared
KEGG MAPK,KEGG:MAPK signaling pathway,Ppp5c,yes,False,0.05224561,0.8623567753837189,no,-0.15140244,0.4655239777960235,no,0.077513725,0.9765783103873832,no,-0.18274558,0.9447879092694343,no,-0.06988269,1.0,no,-0.06205191,0.8838475525788541,no,0,,1,KEGG MAPK,0,1,specific
KEGG MAPK,KEGG:MAPK signaling pathway,Prkaca,yes,False,-0.07656356,0.8792061132873128,no,-0.057717532,0.9548933777004928,no,1.0315526,0.5387795529950768,no,-2.3332722,0.6349401785603346,no,1.5701308,0.8924400993114376,no,-0.08099419,0.9627537096189562,no,0,,2,KEGG MAPK;Energy module (G01),5,6,shared
KEGG MAPK,KEGG:MAPK signaling pathway,Prkacb,yes,False,0.19857278,0.0433087263133412,no,-0.026991664,0.7424876241180978,no,0.16022861,0.878996032385961,no,-0.2710925,0.9365427560660536,no,0.39941502,0.8950357678914026,no,0.036210172,0.8851293010571266,no,0,,2,KEGG MAPK;Energy module (G01),5,6,shared
KEGG MAPK,KEGG:MAPK signaling pathway,Prkca,yes,False,0.1064326,0.5358794855799854,no,0.2362428,0.1323302355691676,no,-0.26470527,0.949445454332073,no,0.19371192,0.9847240459883964,no,1.4204794,0.8950357678914026,no,0.011505918,0.9863735669749036,no,0,,1,KEGG MAPK,3,4,specific
KEGG MAPK,KEGG:MAPK signaling pathway,Prkcb,yes,False,0.08669676,0.590547184211678,no,-0.10853078,0.5302666068036639,no,0.37914062,0.6977563050181,no,0.05792736,1.0,no,-0.46598494,0.9926916740321524,no,0.09090644,0.735177211988533,no,0,,1,KEGG MAPK,4,5,specific
KEGG MAPK,KEGG:MAPK signaling pathway,Ptpn5,yes,False,1.8730842,0.0603043758375115,no,-0.5746819,0.744276957310444,no,1.4376154,0.9117106646211248,no,0.0,1.0,no,0.0,1.0,no,0.21046014,0.7441402248902556,no,0,,1,KEGG MAPK,0,1,specific
KEGG MAPK,KEGG:MAPK signaling pathway,Ptpn7,yes,False,0.12474643,0.2918837672715496,no,-0.0418502,0.6426671171309251,no,0.59961736,0.2829291199998878,no,-0.08299336,0.9691008500686222,no,0.47830662,0.8950357678914026,no,0.06644044,0.8036492193304313,no,0,,1,KEGG MAPK,0,1,specific
KEGG MAPK,KEGG:MAPK signaling pathway,RAC3,no,False,,,NA,,,NA,,,NA,,,NA,,,NA,,,NA,0,,1,KEGG MAPK,0,0,specific
KEGG MAPK,KEGG:MAPK signaling pathway,RASGRF1,no,False,,,NA,,,NA,,,NA,,,NA,,,NA,,,NA,0,,1,KEGG MAPK,0,0,specific
KEGG MAPK,KEGG:MAPK signaling pathway,RASGRP3,no,False,,,NA,,,NA,,,NA,,,NA,,,NA,,,NA,0,,1,KEGG MAPK,0,0,specific
KEGG MAPK,KEGG:MAPK signaling pathway,RASGRP4,no,False,,,NA,,,NA,,,NA,,,NA,,,NA,,,NA,0,,1,KEGG MAPK,0,0,specific
KEGG MAPK,KEGG:MAPK signaling pathway,RPS6KA2,no,False,,,NA,,,NA,,,NA,,,NA,,,NA,,,NA,0,,1,KEGG MAPK,0,0,specific
KEGG MAPK,KEGG:MAPK signaling pathway,RPS6KA4,no,False,,,NA,,,NA,,,NA,,,NA,,,NA,,,NA,0,,2,KEGG MAPK;KEGG TNF,0,0,shared
KEGG MAPK,KEGG:MAPK signaling pathway,RPS6KA6,no,False,,,NA,,,NA,,,NA,,,NA,,,NA,,,NA,0,,1,KEGG MAPK,0,0,specific
KEGG MAPK,KEGG:MAPK signaling pathway,Rac1,yes,False,-0.102705956,0.2434452356898219,no,-0.17729819,0.0060046800845322,no,-0.032223243,0.9467698418692164,no,-0.71171486,0.366596723778571,no,-0.12874815,1.0,no,-0.111172915,0.3643099925552243,no,0,,1,KEGG MAPK,5,6,specific
KEGG MAPK,KEGG:MAPK signaling pathway,Rac2,yes,False,-0.0020243474,0.8649004320305433,no,0.06800362,0.0154042621740661,no,0.28651986,0.0068463556921888,yes,-0.04778477,1.0,no,-0.080615625,1.0,no,0.062562756,0.3161774811250151,no,1,cluster_tissue__C4__bone_marrow,1,KEGG MAPK,4,5,specific
KEGG MAPK,KEGG:MAPK signaling pathway,Raf1,yes,False,-0.18746476,0.3069239336818534,no,-0.15407619,0.3362820411218847,no,0.28090063,0.8356105722401911,no,-0.28060594,0.8848014014845209,no,-0.08137502,1.0,no,0.29860064,0.3172006992267072,no,0,,2,KEGG MAPK;KEGG TCR,2,5,shared
KEGG MAPK,KEGG:MAPK signaling pathway,Rap1a,yes,False,-0.10597776,0.1862294109121878,no,-0.21955912,0.0002698069629803,no,-0.09447801,0.8356105722401911,no,-0.22396076,0.8752123784913642,no,-0.4032606,0.8924400993114376,no,-0.06415445,0.6720155596960516,no,0,,1,KEGG MAPK,1,2,specific
KEGG MAPK,KEGG:MAPK signaling pathway,Rap1b,yes,False,0.017514486,0.9493186902717148,no,-0.109331235,0.0795448515776221,no,0.08459924,0.9028121757579018,no,-0.14294079,0.8752123784913642,no,-0.1635984,1.0,no,-0.1631031,0.1853314814750613,no,0,,1,KEGG MAPK,1,2,specific
KEGG MAPK,KEGG:MAPK signaling pathway,Rapgef2,yes,False,-0.13220808,0.831969559203697,no,-0.31547743,0.243416806100943,no,-0.06274668,0.9974065754621892,no,0.76490915,0.9349906194172524,no,1.2434725,0.9719114281971634,no,-0.43675068,0.4775721068375759,no,0,,1,KEGG MAPK,0,1,specific
KEGG MAPK,KEGG:MAPK signaling pathway,Rasa1,yes,False,-0.1715256,0.1536091492004578,no,0.011655187,0.9197826600752672,no,-0.4018699,0.6918259750436626,no,-0.69674623,0.8652660695302766,no,0.44442526,1.0,no,0.06728766,0.7820985927558566,no,0,,1,KEGG MAPK,0,1,specific
KEGG MAPK,KEGG:MAPK signaling pathway,Rasa2,yes,False,0.10931232,0.4663711235926091,no,0.16011386,0.1714641128736568,no,-0.09048377,0.9974065754621892,no,-0.011395061,1.0,no,0.8268844,0.8950357678914026,no,-0.03649931,0.9864879013625406,no,0,,1,KEGG MAPK,0,1,specific
KEGG MAPK,KEGG:MAPK signaling pathway,Rasgrf2,yes,False,0.6111501,0.466505130469364,no,0.5742213,0.4559158108027302,no,-22.938673,0.7144219530117352,no,-24.727306,0.8491192006383744,no,0.0,1.0,no,-0.7746722,0.8318342147429062,no,0,,1,KEGG MAPK,0,1,specific
KEGG MAPK,KEGG:MAPK signaling pathway,Rasgrp1,yes,False,0.037774943,0.8609701308925551,no,-0.10679758,0.1415620742252376,no,0.37287322,0.7144219530117352,no,-0.098825,0.9691008500686222,no,-0.19289212,1.0,no,0.17861284,0.4909468537293056,no,0,,2,KEGG MAPK;KEGG TCR,0,2,shared
KEGG MAPK,KEGG:MAPK signaling pathway,Rasgrp2,yes,False,-0.3786567,0.053489329512833,no,-0.12327386,0.6258247620758635,no,-0.0052546705,0.9974065754621892,no,-0.7489184,0.8752123784913642,no,0.9533491,0.8924400993114376,no,-0.25946823,0.1859013297338851,no,0,tissue__bone_marrow,1,KEGG MAPK,0,1,specific
KEGG MAPK,KEGG:MAPK signaling pathway,Rela,yes,False,-0.06539561,0.7409714204446498,no,0.013253526,0.9665992366112898,no,-0.15190902,0.949445454332073,no,0.37127554,0.9251161006401144,no,0.9372093,0.8924400993114376,no,-0.22182514,0.4794673772875346,no,0,,5,KEGG MAPK;KEGG IL-17;KEGG TCR;KEGG Th17;KEGG TNF,3,8,shared
KEGG MAPK,KEGG:MAPK signaling pathway,Relb,yes,False,0.22368608,0.1101714465632625,no,-0.040851407,0.7844191732543051,no,-0.10034254,0.9974065754621892,no,-0.3930162,0.9540048639674902,no,-0.73046017,0.8950357678914026,no,-0.19729358,0.6221528424070033,no,0,,1,KEGG MAPK,0,1,specific
KEGG MAPK,KEGG:MAPK signaling pathway,Rps6ka1,yes,True,0.048339933,0.7595249024917687,no,-0.08775352,0.5099069255405435,no,0.0056011905,0.9974065754621892,no,0.3088672,0.9603990082939516,no,1.1011006,0.8924400993114376,no,-0.1419919,0.6449116253290029,no,0,,1,KEGG MAPK,0,0,specific
KEGG MAPK,KEGG:MAPK signaling pathway,Rps6ka3,yes,True,-0.03675642,0.9363819776195677,no,-0.26038533,0.0362297362678286,yes,0.10125098,0.955564901306859,no,0.06303701,1.0,no,-0.27010244,0.9225209712952795,no,-0.14274576,0.7418104198597344,no,1,cluster_tissue__C3__spleen,1,KEGG MAPK,0,0,specific
KEGG MAPK,KEGG:MAPK signaling pathway,Rps6ka5,yes,True,-0.045240104,0.9252016645886372,no,0.12011351,0.8507140340562211,no,0.64498085,0.8356105722401911,no,0.6571546,0.8754402765736332,no,-27.269836,0.8924400993114376,no,-0.6342421,0.2994211900987856,no,0,,2,KEGG MAPK;KEGG TNF,0,0,shared
KEGG MAPK,KEGG:MAPK signaling pathway,Rras,yes,False,-0.4601178,0.1239795934180252,no,-0.16263779,0.5327038215081475,no,-0.7993955,0.6150587476976827,no,0.44953614,0.9540048639674902,no,0.9812656,0.8924400993114376,no,-0.4923941,0.4236078314860364,no,0,tissue__bone_marrow,1,KEGG MAPK,1,2,specific
KEGG MAPK,KEGG:MAPK signaling pathway,Rras2,yes,False,-0.097769454,0.7792184385280786,no,-0.29868758,0.1882228291416649,no,-0.2526216,0.9092905619583422,no,-0.005064029,1.0,no,1.2795848,0.8950357678914026,no,-0.40145397,0.2275708250462818,no,0,,1,KEGG MAPK,1,2,specific
KEGG MAPK,KEGG:MAPK signaling pathway,Sos1,yes,False,-0.31958127,0.2161630311946548,no,-0.26902586,0.2287682203524786,no,-1.2817361,0.5680823771088201,no,-0.5280426,0.9781282366337856,no,-2.0862076,0.8924400993114376,no,-0.38336393,0.4822320986180296,no,0,tissue__bone_marrow,2,KEGG MAPK;KEGG TCR,2,4,shared
KEGG MAPK,KEGG:MAPK signaling pathway,Sos2,yes,False,0.01921138,0.9790341551215328,no,-0.20090774,0.4079701455614427,no,0.19028832,0.9571464695265742,no,-0.34129655,0.967282489491608,no,0.7357051,1.0,no,0.24086234,0.5151916300034708,no,0,,2,KEGG MAPK;KEGG TCR,2,4,shared
KEGG MAPK,KEGG:MAPK signaling pathway,Srf,yes,False,0.081875004,0.8516553576794174,no,-0.064877085,0.9235123407749082,no,-0.3557306,0.951351907615826,no,0.6711112,0.939154958117466,no,0.37188455,1.0,no,0.07329685,0.948687178659092,no,0,,1,KEGG MAPK,1,2,specific
KEGG MAPK,KEGG:MAPK signaling pathway,Stk3,yes,False,-0.28342015,0.6075471100710231,no,0.12999836,0.7618153984901676,no,0.21752931,0.949445454332073,no,0.70889884,0.9201347544758116,no,26.32341,0.8924400993114376,no,-0.5694944,0.6719655027296177,no,0,,1,KEGG MAPK,0,1,specific
KEGG MAPK,KEGG:MAPK signaling pathway,Stk4,yes,False,-0.1466373,0.0630314625572815,no,-0.09962751,0.1966705937998099,no,-0.41220903,0.3976400607263976,no,0.0695407,1.0,no,0.6075473,0.8924400993114376,no,-0.01629558,0.9855798944642916,no,0,,1,KEGG MAPK,0,1,specific
KEGG MAPK,KEGG:MAPK signaling pathway,Stmn1,yes,False,-1.180045,0.0005892378373454,yes,-0.30167928,0.511888707540046,no,-0.9762413,0.6150587476976827,no,-1.6484965,0.8752123784913642,no,25.572332,0.8924400993114376,no,-0.15645461,0.9835963295789016,no,1,cluster_tissue__C0__bone_marrow;tissue__bone_marrow,1,KEGG MAPK,0,1,specific
KEGG MAPK,KEGG:MAPK signaling pathway,TEK,no,False,,,NA,,,NA,,,NA,,,NA,,,NA,,,NA,0,,1,KEGG MAPK,0,0,specific
KEGG MAPK,KEGG:MAPK signaling pathway,TGFB2,no,False,,,NA,,,NA,,,NA,,,NA,,,NA,,,NA,0,,1,KEGG MAPK,0,0,specific
KEGG MAPK,KEGG:MAPK signaling pathway,TGFB3,no,False,,,NA,,,NA,,,NA,,,NA,,,NA,,,NA,0,,1,KEGG MAPK,0,0,specific
KEGG MAPK,KEGG:MAPK signaling pathway,Tab1,yes,False,0.15834297,0.6943386573601906,no,0.20331141,0.5106642290077017,no,0.061103217,1.0,no,0.08351596,1.0,no,-0.57301605,1.0,no,0.22387186,0.8119337229726034,no,0,,2,KEGG MAPK;KEGG TNF,0,2,shared
KEGG MAPK,KEGG:MAPK signaling pathway,Tab2,yes,False,-0.21885075,0.0434080649849078,no,0.056280944,0.7261331502654359,no,-0.42919138,0.6472546946107584,no,0.236691,0.9650021558968536,no,0.4828279,0.9719114281971634,no,-0.16430521,0.4714302556203201,no,0,,3,KEGG MAPK;KEGG IL-17;KEGG TNF,0,5,shared
KEGG MAPK,KEGG:MAPK signaling pathway,Taok1,yes,False,0.005125102,0.9315544218400544,no,-0.093468525,0.6786414630606651,no,0.3321483,0.7492092126801023,no,0.5794095,0.8752123784913642,no,0.14726807,1.0,no,-0.1656085,0.7306960035542012,no,0,,1,KEGG MAPK,0,1,specific
KEGG MAPK,KEGG:MAPK signaling pathway,Taok2,yes,False,-0.3057634,0.1405319926037854,no,-0.0991284,0.6298350872722611,no,-0.57090515,0.7067690986349308,no,-1.4361383,0.728526961585622,no,0.6910333,0.9801988357764244,no,-0.34452495,0.3518276424685123,no,0,tissue__bone_marrow,1,KEGG MAPK,0,2,specific
KEGG MAPK,KEGG:MAPK signaling pathway,Taok3,yes,False,-0.11157115,0.439798147819733,no,-0.05879523,0.7788921050762768,no,-0.079368055,0.9974065754621892,no,-0.014995053,1.0,no,0.3758931,1.0,no,-0.16087349,0.548512714458935,no,0,,1,KEGG MAPK,0,2,specific
KEGG MAPK,KEGG:MAPK signaling pathway,Tgfa,yes,False,0.37279457,0.9266663266048644,no,-20.381622,0.3263325011384576,no,1.9186294,0.6150587476976827,no,0.0,1.0,no,0.0,1.0,no,-0.024271978,0.9683970666276468,no,0,,1,KEGG MAPK,0,1,specific
KEGG MAPK,KEGG:MAPK signaling pathway,Tgfb1,yes,False,-0.060144577,0.6673580376564545,no,-0.084678985,0.3639033709049993,no,0.11068785,0.9663446737748456,no,0.09409307,1.0,no,-0.26012287,0.9855310072594438,no,0.23495016,0.1141935607996785,no,0,,2,KEGG MAPK;KEGG Th17,11,14,shared
KEGG MAPK,KEGG:MAPK signaling pathway,Tgfbr1,yes,False,0.032526724,0.9974985035768564,no,-0.16176002,0.545968146889413,no,-0.020512192,0.9974065754621892,no,0.47261843,0.9691008500686222,no,-26.805561,0.8924400993114376,no,-0.20424278,0.8273866475830259,no,0,,2,KEGG MAPK;KEGG Th17,1,3,shared
KEGG MAPK,KEGG:MAPK signaling pathway,Tgfbr2,yes,False,0.003243901,0.9582604356935184,no,-0.12930542,0.3318054403871369,no,0.13645335,0.9467698418692164,no,-0.28458083,0.8752123784913642,no,-0.17134978,1.0,no,-0.00028158943,0.9575361044484372,no,0,,2,KEGG MAPK;KEGG Th17,0,2,shared
KEGG MAPK,KEGG:MAPK signaling pathway,Tnf,yes,False,0.306652,0.1298777282797257,no,-0.14732282,0.6774605931804555,no,0.91803604,0.6977563050181,no,0.24370715,0.9029093580036588,no,0.30402496,1.0,no,0.045822304,0.918954127450096,no,0,,4,KEGG MAPK;KEGG IL-17;KEGG TCR;KEGG TNF,5,11,shared
KEGG MAPK,KEGG:MAPK signaling pathway,Tnfrsf1a,yes,False,-0.10513139,0.563538950888033,no,-0.102191605,0.4688897221419954,no,0.05160328,0.991873506841821,no,-0.5915929,0.8752123784913642,no,1.9579437,0.8924400993114376,no,-0.008664665,0.9835963295789016,no,0,,2,KEGG MAPK;KEGG TNF,3,5,shared
KEGG MAPK,KEGG:MAPK signaling pathway,Tradd,yes,False,-0.22501978,0.231328176800923,no,-0.08434152,0.6958687872862305,no,-0.13388222,0.9669619755174867,no,-0.57622856,0.8752123784913642,no,-0.552564,0.983584271041041,no,0.12989819,0.6844020252837858,no,0,,3,KEGG MAPK;KEGG IL-17;KEGG TNF,0,3,shared
KEGG MAPK,KEGG:MAPK signaling pathway,Traf2,yes,False,-0.10402519,0.7687469806709872,no,-0.33767483,0.0068972118739174,yes,-0.2851187,0.8462863664869285,no,-1.368925,0.702725444866963,no,2.1510322,0.8924400993114376,no,-0.2154741,0.6604008749058613,no,1,cluster_tissue__C3__spleen;tissue__spleen,3,KEGG MAPK;KEGG IL-17;KEGG TNF,1,4,shared
KEGG MAPK,KEGG:MAPK signaling pathway,Traf6,yes,False,0.18244044,0.6029121664049333,no,-0.3995173,0.1832862890354764,no,-0.3273935,0.9510994936748822,no,0.64896727,0.9349906194172524,no,25.548088,0.8924400993114376,no,-0.3147655,0.7098537131118954,no,0,,2,KEGG MAPK;KEGG IL-17,0,4,shared
KEGG MAPK,KEGG:MAPK signaling pathway,Trp53,yes,False,-0.21062891,0.0085906794562039,no,-0.111977376,0.1357608404893372,no,-0.4259227,0.3483254808042296,no,-0.54474926,0.8375416940562744,no,-0.372317,0.8950357678914026,no,-0.16464356,0.3541359441000112,no,0,,1,KEGG MAPK,6,7,specific
KEGG MAPK,KEGG:MAPK signaling pathway,VEGFA,no,False,,,NA,,,NA,,,NA,,,NA,,,NA,,,NA,0,,1,KEGG MAPK,0,0,specific
KEGG MAPK,KEGG:MAPK signaling pathway,VEGFC,no,False,,,NA,,,NA,,,NA,,,NA,,,NA,,,NA,0,,1,KEGG MAPK,0,0,specific
KEGG MAPK,KEGG:MAPK signaling pathway,VEGFD,no,False,,,NA,,,NA,,,NA,,,NA,,,NA,,,NA,0,,1,KEGG MAPK,0,0,specific
KEGG MAPK,KEGG:MAPK signaling pathway,Vegfb,yes,False,-0.3530369,0.4086812750135427,no,-0.18023731,0.6466554804084084,no,-0.11695845,0.9023810727272548,no,-1.198355,0.8424284797545121,no,2.5681424,0.8924400993114376,no,-0.26615623,0.6578891935890878,no,0,,1,KEGG MAPK,1,2,specific
KEGG IL-17,KEGG:IL-17 signaling pathway,Anapc5,yes,False,0.046180923,0.8174622582235826,no,0.036467995,0.8178344048443665,no,-0.43138194,0.6977563050181,no,-0.07831348,0.9733984796643336,no,-0.8320369,0.8924400993114376,no,-0.051905185,0.901557728831936,no,0,,1,KEGG IL-17,1,2,specific
KEGG IL-17,KEGG:IL-17 signaling pathway,CCL11,no,False,,,NA,,,NA,,,NA,,,NA,,,NA,,,NA,0,,1,KEGG IL-17,0,0,specific
KEGG IL-17,KEGG:IL-17 signaling pathway,CCL12,no,False,,,NA,,,NA,,,NA,,,NA,,,NA,,,NA,0,,2,KEGG IL-17;KEGG TNF,0,0,shared
KEGG IL-17,KEGG:IL-17 signaling pathway,CCL17,no,False,,,NA,,,NA,,,NA,,,NA,,,NA,,,NA,0,,1,KEGG IL-17,0,0,specific
KEGG IL-17,KEGG:IL-17 signaling pathway,CCL2,no,False,,,NA,,,NA,,,NA,,,NA,,,NA,,,NA,0,,2,KEGG IL-17;KEGG TNF,0,0,shared
KEGG IL-17,KEGG:IL-17 signaling pathway,CCL20,no,False,,,NA,,,NA,,,NA,,,NA,,,NA,,,NA,0,,2,KEGG IL-17;KEGG TNF,0,0,shared
KEGG IL-17,KEGG:IL-17 signaling pathway,CCL7,no,False,,,NA,,,NA,,,NA,,,NA,,,NA,,,NA,0,,1,KEGG IL-17,0,0,specific
KEGG IL-17,KEGG:IL-17 signaling pathway,CSF3,no,False,,,NA,,,NA,,,NA,,,NA,,,NA,,,NA,0,,1,KEGG IL-17,0,0,specific
KEGG IL-17,KEGG:IL-17 signaling pathway,CXCL1,no,False,,,NA,,,NA,,,NA,,,NA,,,NA,,,NA,0,,2,KEGG IL-17;KEGG TNF,0,0,shared
KEGG IL-17,KEGG:IL-17 signaling pathway,CXCL2,no,False,,,NA,,,NA,,,NA,,,NA,,,NA,,,NA,0,,2,KEGG IL-17;KEGG TNF,0,0,shared
KEGG IL-17,KEGG:IL-17 signaling pathway,CXCL3,no,False,,,NA,,,NA,,,NA,,,NA,,,NA,,,NA,0,,2,KEGG IL-17;KEGG TNF,0,0,shared
KEGG IL-17,KEGG:IL-17 signaling pathway,CXCL5,no,False,,,NA,,,NA,,,NA,,,NA,,,NA,,,NA,0,,1,KEGG IL-17,0,0,specific
KEGG IL-17,KEGG:IL-17 signaling pathway,Casp3,yes,False,-0.17944752,0.7368949372603395,no,0.121695496,0.750208846114295,no,0.04821463,0.9974065754621892,no,-0.64594996,0.9691008500686222,no,-24.995298,0.8924400993114376,no,0.07154531,0.9708008327923672,no,0,,4,KEGG MAPK;KEGG IL-17;KEGG TNF;Energy module (G01),6,9,shared
KEGG IL-17,KEGG:IL-17 signaling pathway,Casp8,yes,False,0.09423374,0.4664839738790184,no,0.21900177,0.018265486609553,no,0.3215428,0.7144219530117352,no,-0.39788857,0.8752123784913642,no,0.31007466,1.0,no,0.12561041,0.6347126817166185,no,0,,3,KEGG IL-17;KEGG TNF;Energy module (G01),5,7,shared
KEGG IL-17,KEGG:IL-17 signaling pathway,Cebpb,yes,False,0.20914158,0.0891079794897127,no,0.038844846,0.843732308139378,no,0.14924583,0.8936219096579546,no,-0.657582,0.8752123784913642,no,-0.9211464,0.8924400993114376,no,0.1254759,0.5892905983538496,no,0,,2,KEGG IL-17;KEGG TNF,1,3,shared
KEGG IL-17,KEGG:IL-17 signaling pathway,Chuk,yes,False,0.05133609,0.8475262358059352,no,-0.44469792,0.0020289832366825,yes,0.1525608,0.9495377525703051,no,-0.7605707,0.8752123784913642,no,-0.66035724,0.9053202409042876,no,-0.20529857,0.5886914683594362,no,1,cluster_tissue__C3__spleen;tissue__spleen,5,KEGG MAPK;KEGG IL-17;KEGG TCR;KEGG Th17;KEGG TNF,2,7,shared
KEGG IL-17,KEGG:IL-17 signaling pathway,Csf2,yes,False,-0.15636969,0.817540669002144,no,-0.00371687,0.8729986976156898,no,1.1479242,0.7492092126801023,no,-0.08701015,1.0,no,-1.2099433,0.8950357678914026,no,0.37195286,0.665634505687246,no,0,,3,KEGG IL-17;KEGG TCR;KEGG TNF,1,4,shared
KEGG IL-17,KEGG:IL-17 signaling pathway,Cxcl10,yes,False,-0.5830167,0.8521862771519001,no,0.5759412,0.4093879131130323,no,-23.074234,0.7144219530117352,no,23.532864,0.8752123784913642,no,24.638176,0.8950357678914026,no,0.9444604,0.6628608733123744,no,0,,2,KEGG IL-17;KEGG TNF,0,2,shared
KEGG IL-17,KEGG:IL-17 signaling pathway,DEFB4,no,False,,,NA,,,NA,,,NA,,,NA,,,NA,,,NA,0,,1,KEGG IL-17,0,0,specific
KEGG IL-17,KEGG:IL-17 signaling pathway,Elavl1,yes,False,-0.12836215,0.4567899134438705,no,-0.19989362,0.0475874290492066,no,-0.38855037,0.6969089429651086,no,-0.029936466,0.9827001605731628,no,-0.06674653,1.0,no,-0.07356485,0.7907568117952277,no,0,,1,KEGG IL-17,0,1,specific
KEGG IL-17,KEGG:IL-17 signaling pathway,FOSL1,no,False,,,NA,,,NA,,,NA,,,NA,,,NA,,,NA,0,,1,KEGG IL-17,0,0,specific
KEGG IL-17,KEGG:IL-17 signaling pathway,Fadd,yes,False,-0.12200603,0.8040330592084768,no,0.17845528,0.5480418478165218,no,-0.20382608,0.9467698418692164,no,0.21265411,0.985192454743087,no,-26.743444,0.8924400993114376,no,-0.050167058,0.9863735669749036,no,0,,2,KEGG IL-17;KEGG TNF,1,3,shared
KEGG IL-17,KEGG:IL-17 signaling pathway,Fos,yes,False,0.9321617,1.9678601639076224e-19,yes,1.775818,1.386303899987273e-38,yes,1.1333468,0.0169606929508191,yes,0.43293685,0.95404827791989,no,0.90121263,0.9761216305114476,no,0.50396675,6.700031630205009e-05,yes,4,cluster_tissue__C0__bone_marrow;cluster_tissue__C3__spleen;cluster_tissue__C4__bone_marrow;cluster_tissue__C6__thymus;tissue__bone_marrow;tissue__spleen;tissue__thymus,6,KEGG MAPK;KEGG IL-17;KEGG TCR;KEGG Th17;KEGG TNF;GO AP-1 complex,5,10,shared
KEGG IL-17,KEGG:IL-17 signaling pathway,Fosb,yes,False,0.8451535,2.04935447630869e-17,yes,1.3917809,9.178314268545583e-39,yes,1.1377233,0.0038380715059066,yes,1.1461223,0.6603667558001206,no,0.93968886,0.8950357678914026,no,0.019545956,0.8838475525788541,no,3,cluster_tissue__C0__bone_marrow;cluster_tissue__C3__spleen;cluster_tissue__C4__bone_marrow;cluster_tissue__C4__spleen;tissue__bone_marrow;tissue__spleen,1,KEGG IL-17,1,2,specific
KEGG IL-17,KEGG:IL-17 signaling pathway,Gsk3b,yes,False,-0.13272163,0.2185292383384306,no,-0.18668485,0.0330482240172827,no,-0.09422252,0.9467698418692164,no,-0.23445876,0.8803601802091184,no,0.70159835,0.8950357678914026,no,-0.07287121,0.8069627489413561,no,0,,3,KEGG IL-17;KEGG TCR;Energy module (G01),5,7,shared
KEGG IL-17,KEGG:IL-17 signaling pathway,Hsp90aa1,yes,True,0.07882894,0.2902218366322493,no,-0.27867016,8.35383210928123e-07,yes,0.09435782,0.8876150307403349,no,0.013492703,1.0,no,-0.20288529,0.9845136932353914,no,0.025545044,0.8460309727415438,no,1,cluster_tissue__C3__spleen;cluster_tissue__C4__spleen;tissue__spleen,2,KEGG IL-17;KEGG Th17,0,0,shared
KEGG IL-17,KEGG:IL-17 signaling pathway,Hsp90ab1,yes,True,-0.16136199,2.8067742191355613e-08,no,-0.3181498,2.2686314732557737e-29,yes,-0.18572421,0.2829291199998878,no,-0.07371882,0.8755374270352486,no,-0.48435864,0.8924400993114376,no,-0.11560039,0.012776981975686,no,1,cluster_tissue__C3__spleen;cluster_tissue__C5-1__spleen;tissue__spleen,2,KEGG IL-17;KEGG Th17,0,0,shared
KEGG IL-17,KEGG:IL-17 signaling pathway,Hsp90b1,yes,True,-0.17664722,0.0098283465728904,no,-0.23969351,1.1382025095990525e-06,no,-0.317164,0.4678771032683699,no,-0.13683432,0.9733984796643336,no,0.22791035,1.0,no,-0.2148151,0.0080352466648266,no,0,,1,KEGG IL-17,0,0,specific
KEGG IL-17,KEGG:IL-17 signaling pathway,IL13,no,False,,,NA,,,NA,,,NA,,,NA,,,NA,,,NA,0,,1,KEGG IL-17,0,0,specific
KEGG IL-17,KEGG:IL-17 signaling pathway,IL17A,no,False,,,NA,,,NA,,,NA,,,NA,,,NA,,,NA,0,,2,KEGG IL-17;KEGG Th17,0,0,shared
KEGG IL-17,KEGG:IL-17 signaling pathway,IL17B,no,False,,,NA,,,NA,,,NA,,,NA,,,NA,,,NA,0,,1,KEGG IL-17,0,0,specific
KEGG IL-17,KEGG:IL-17 signaling pathway,IL17C,no,False,,,NA,,,NA,,,NA,,,NA,,,NA,,,NA,0,,1,KEGG IL-17,0,0,specific
KEGG IL-17,KEGG:IL-17 signaling pathway,IL17D,no,False,,,NA,,,NA,,,NA,,,NA,,,NA,,,NA,0,,2,KEGG IL-17;KEGG Th17,0,0,shared
KEGG IL-17,KEGG:IL-17 signaling pathway,IL17F,no,False,,,NA,,,NA,,,NA,,,NA,,,NA,,,NA,0,,2,KEGG IL-17;KEGG Th17,0,0,shared
KEGG IL-17,KEGG:IL-17 signaling pathway,IL17RC,no,False,,,NA,,,NA,,,NA,,,NA,,,NA,,,NA,0,,1,KEGG IL-17,0,0,specific
KEGG IL-17,KEGG:IL-17 signaling pathway,IL1B,no,False,,,NA,,,NA,,,NA,,,NA,,,NA,,,NA,0,,4,KEGG MAPK;KEGG IL-17;KEGG Th17;KEGG TNF,0,0,shared
KEGG IL-17,KEGG:IL-17 signaling pathway,IL25,no,False,,,NA,,,NA,,,NA,,,NA,,,NA,,,NA,0,,1,KEGG IL-17,0,0,specific
KEGG IL-17,KEGG:IL-17 signaling pathway,IL5,no,False,,,NA,,,NA,,,NA,,,NA,,,NA,,,NA,0,,2,KEGG IL-17;KEGG TCR,0,0,shared
KEGG IL-17,KEGG:IL-17 signaling pathway,IL6,no,False,,,NA,,,NA,,,NA,,,NA,,,NA,,,NA,0,,3,KEGG IL-17;KEGG Th17;KEGG TNF,0,0,shared
KEGG IL-17,KEGG:IL-17 signaling pathway,Ifng,yes,False,-0.07648011,0.6532607671396533,no,-0.10954862,0.6246241282113042,no,0.12682037,0.9911602743116624,no,-0.27500814,0.9993174811522004,no,0.0,1.0,no,0.1363035,0.5253036689535169,no,0,,3,KEGG IL-17;KEGG TCR;KEGG Th17,3,6,shared
KEGG IL-17,KEGG:IL-17 signaling pathway,Ikbkb,yes,False,-0.10783413,0.4440250654977866,no,-0.10417091,0.3297798781919041,no,-0.07116553,0.9484782084608052,no,-0.8251468,0.7046027004444183,no,-0.28950974,0.983536795770768,no,-0.11002027,0.75055003694521,no,0,,5,KEGG MAPK;KEGG IL-17;KEGG TCR;KEGG Th17;KEGG TNF,3,8,shared
KEGG IL-17,KEGG:IL-17 signaling pathway,Ikbke,yes,False,-0.22005405,0.4555941523430725,no,-0.008977305,0.9856263641106828,no,0.0020951838,0.9974065754621892,no,0.46900508,0.9740891383955622,no,27.32382,0.8924400993114376,no,-0.41893736,0.2668697963758247,no,0,,1,KEGG IL-17,0,1,specific
KEGG IL-17,KEGG:IL-17 signaling pathway,Ikbkg,yes,False,-0.016307281,0.9789239813562632,no,-0.22528365,0.5085519087287014,no,-0.6247419,0.8399001236604936,no,-0.68697196,0.89970102468078,no,-0.89868295,0.8950357678914026,no,0.30413702,0.5862714653147028,no,0,,5,KEGG MAPK;KEGG IL-17;KEGG TCR;KEGG Th17;KEGG TNF,1,6,shared
KEGG IL-17,KEGG:IL-17 signaling pathway,Il17ra,yes,False,-0.2453452,0.1312502041436545,no,-0.02597042,0.9236215539652358,no,-0.21734096,0.920769265985072,no,0.7699728,0.8652660695302766,no,-2.9078877,0.8924400993114376,no,-0.116351604,0.8131090798133374,no,0,,1,KEGG IL-17,0,2,specific
KEGG IL-17,KEGG:IL-17 signaling pathway,Il17rb,yes,False,-0.22897288,0.6943386573601906,no,0.05745219,0.867655718571109,no,-0.3119874,0.8365530691815268,no,0.034715284,1.0,no,-0.38695332,0.8950357678914026,no,-0.41858184,0.7600880400225108,no,0,,1,KEGG IL-17,0,1,specific
KEGG IL-17,KEGG:IL-17 signaling pathway,Il17re,yes,False,-1.6015663,0.5871070946358627,no,0.79682,0.717838915537436,no,-22.067204,0.8311291475053749,no,0.025785416,1.0,no,0.23037556,1.0,no,20.964748,0.5246666355503412,no,0,tissue__spleen,1,KEGG IL-17,0,1,specific
KEGG IL-17,KEGG:IL-17 signaling pathway,Il4,yes,False,-0.05102692,0.893321517604878,no,0.123533405,0.3613039586169307,no,0.22969557,0.9974065754621892,no,-1.2455655,0.8652660695302766,no,-0.79253703,0.8950357678914026,no,-0.027514657,0.9495242832407714,no,0,,3,KEGG IL-17;KEGG TCR;KEGG Th17,0,3,shared
KEGG IL-17,KEGG:IL-17 signaling pathway,Jun,yes,False,0.6138494,8.479452752364815e-16,yes,1.2428119,4.3910379121289585e-77,yes,0.62406504,0.2984701087902344,no,0.30829823,0.9026213492618612,no,1.9715924,0.8924400993114376,no,0.1431964,0.4886187716187679,no,2,cluster_tissue__C0__bone_marrow;cluster_tissue__C3__spleen;cluster_tissue__C4__spleen;cluster_tissue__C5-1__spleen;tissue__bone_marrow;tissue__spleen,6,KEGG MAPK;KEGG IL-17;KEGG TCR;KEGG Th17;KEGG TNF;GO AP-1 complex,7,14,shared
KEGG IL-17,KEGG:IL-17 signaling pathway,Jund,yes,False,0.16271959,2.4392802152658607e-05,no,0.30703032,7.076284482854869e-19,yes,0.3405481,0.0754293839629462,no,-0.14944413,0.94371709864799,no,-0.06420746,1.0,no,0.15315169,0.1969160993146854,no,1,cluster_tissue__C3__spleen;tissue__spleen,3,KEGG MAPK;KEGG IL-17;GO AP-1 complex,2,4,shared
KEGG IL-17,KEGG:IL-17 signaling pathway,LCN2,no,False,,,NA,,,NA,,,NA,,,NA,,,NA,,,NA,0,,1,KEGG IL-17,0,0,specific
KEGG IL-17,KEGG:IL-17 signaling pathway,MAPK10,no,False,,,NA,,,NA,,,NA,,,NA,,,NA,,,NA,0,,4,KEGG MAPK;KEGG IL-17;KEGG Th17;KEGG TNF,0,0,shared
KEGG IL-17,KEGG:IL-17 signaling pathway,MAPK12,no,False,,,NA,,,NA,,,NA,,,NA,,,NA,,,NA,0,,5,KEGG MAPK;KEGG IL-17;KEGG TCR;KEGG Th17;KEGG TNF,0,0,shared
KEGG IL-17,KEGG:IL-17 signaling pathway,MAPK13,no,False,,,NA,,,NA,,,NA,,,NA,,,NA,,,NA,0,,5,KEGG MAPK;KEGG IL-17;KEGG TCR;KEGG Th17;KEGG TNF,0,0,shared
KEGG IL-17,KEGG:IL-17 signaling pathway,MAPK15,no,False,,,NA,,,NA,,,NA,,,NA,,,NA,,,NA,0,,1,KEGG IL-17,0,0,specific
KEGG IL-17,KEGG:IL-17 signaling pathway,MAPK4,no,False,,,NA,,,NA,,,NA,,,NA,,,NA,,,NA,0,,1,KEGG IL-17,0,0,specific
KEGG IL-17,KEGG:IL-17 signaling pathway,MMP13,no,False,,,NA,,,NA,,,NA,,,NA,,,NA,,,NA,0,,1,KEGG IL-17,0,0,specific
KEGG IL-17,KEGG:IL-17 signaling pathway,MMP1A,no,False,,,NA,,,NA,,,NA,,,NA,,,NA,,,NA,0,,1,KEGG IL-17,0,0,specific
KEGG IL-17,KEGG:IL-17 signaling pathway,MMP1B,no,False,,,NA,,,NA,,,NA,,,NA,,,NA,,,NA,0,,1,KEGG IL-17,0,0,specific
KEGG IL-17,KEGG:IL-17 signaling pathway,MMP3,no,False,,,NA,,,NA,,,NA,,,NA,,,NA,,,NA,0,,2,KEGG IL-17;KEGG TNF,0,0,shared
KEGG IL-17,KEGG:IL-17 signaling pathway,MUC5AC,no,False,,,NA,,,NA,,,NA,,,NA,,,NA,,,NA,0,,1,KEGG IL-17,0,0,specific
KEGG IL-17,KEGG:IL-17 signaling pathway,MUC5B,no,False,,,NA,,,NA,,,NA,,,NA,,,NA,,,NA,0,,1,KEGG IL-17,0,0,specific
KEGG IL-17,KEGG:IL-17 signaling pathway,Map3k7,yes,False,0.30492377,0.18324495374571,no,0.33331224,0.0847939361231314,no,0.5351767,0.7705443014277018,no,0.43515074,0.9540048639674902,no,0.54787636,1.0,no,-0.074367836,0.9316111779442996,no,0,,4,KEGG MAPK;KEGG IL-17;KEGG TCR;KEGG TNF,2,9,shared
KEGG IL-17,KEGG:IL-17 signaling pathway,Mapk1,yes,False,-0.16972041,0.1847285329790366,no,-0.21938962,0.0295911808758025,no,-0.24703492,0.8311291475053749,no,-0.45133957,0.8752123784913642,no,0.31386063,0.9761216305114476,no,-0.015222658,0.99987768021064,no,0,,5,KEGG MAPK;KEGG IL-17;KEGG TCR;KEGG Th17;KEGG TNF,11,18,shared
KEGG IL-17,KEGG:IL-17 signaling pathway,Mapk11,yes,False,-0.37186098,0.813529751183778,no,0.56798506,0.857671891896384,no,-24.271957,0.5757270353737803,no,-24.37313,0.8652660695302766,no,0.0,1.0,no,-1.5220566,0.4431512211750446,no,0,,5,KEGG MAPK;KEGG IL-17;KEGG TCR;KEGG Th17;KEGG TNF,3,10,shared
KEGG IL-17,KEGG:IL-17 signaling pathway,Mapk14,yes,False,-0.13536857,0.6333071897133913,no,-0.18063876,0.3984106494539359,no,-0.31386527,0.8356105722401911,no,0.21370807,0.9729849139877652,no,-1.507047,0.8924400993114376,no,-0.20277803,0.5871678358648861,no,0,,5,KEGG MAPK;KEGG IL-17;KEGG TCR;KEGG Th17;KEGG TNF,3,10,shared
KEGG IL-17,KEGG:IL-17 signaling pathway,Mapk3,yes,False,-0.11857263,0.7263089261714424,no,-0.012361835,0.9601367677483346,no,-0.41910833,0.7352860651315374,no,0.79833543,0.8652660695302766,no,-0.6297096,0.983536795770768,no,0.37222248,0.1408407644948492,no,0,,5,KEGG MAPK;KEGG IL-17;KEGG TCR;KEGG Th17;KEGG TNF,8,15,shared
KEGG IL-17,KEGG:IL-17 signaling pathway,Mapk6,yes,False,0.2930873,0.3602992807429434,no,0.0425927,0.8055170509032918,no,0.96143275,0.6183992352470683,no,-0.7993922,0.8752123784913642,no,-1.6623483,0.8924400993114376,no,0.40329993,0.2823721112610481,no,0,,1,KEGG IL-17,0,2,specific
KEGG IL-17,KEGG:IL-17 signaling pathway,Mapk7,yes,False,0.25165373,0.5785229989437858,no,-0.049164996,0.9687807673998772,no,-0.6526126,0.8827933036192483,no,-0.875607,0.8752123784913642,no,1.622029,0.8950357678914026,no,-0.49455574,0.6168544296024028,no,0,,2,KEGG MAPK;KEGG IL-17,2,5,shared
KEGG IL-17,KEGG:IL-17 signaling pathway,Mapk8,yes,False,0.22415884,0.4387938487627963,no,0.23490505,0.435611924620743,no,0.12523706,0.9974065754621892,no,-0.6697701,0.8852528658693669,no,26.889061,0.8924400993114376,no,0.025973987,0.9165729998825944,no,0,,4,KEGG MAPK;KEGG IL-17;KEGG Th17;KEGG TNF,3,9,shared
KEGG IL-17,KEGG:IL-17 signaling pathway,Mapk9,yes,False,-0.02950095,0.977807412682138,no,-0.020071305,0.9878629107767232,no,0.20974918,0.9510994936748822,no,0.30361682,0.9827001605731628,no,1.1254013,0.8924400993114376,no,0.45271337,0.2001347666868211,no,0,,5,KEGG MAPK;KEGG IL-17;KEGG TCR;KEGG Th17;KEGG TNF,4,11,shared
KEGG IL-17,KEGG:IL-17 signaling pathway,Mmp9,yes,False,0.07794818,0.7782165596644183,no,0.53457487,9.73250966780522e-08,yes,0.7612923,0.6977563050181,no,0.0,1.0,no,24.453869,0.8950357678914026,no,1.0291061,0.3537151730651363,no,1,cluster_tissue__C3__spleen;tissue__spleen,2,KEGG IL-17;KEGG TNF,1,3,shared
KEGG IL-17,KEGG:IL-17 signaling pathway,Nfkb1,yes,False,-0.06266619,0.7354157547205854,no,-0.0069374964,0.9536818073275865,no,-0.11020659,0.9974065754621892,no,-0.41220456,0.8652660695302766,no,0.19399029,1.0,no,0.04910556,0.8195776249086381,no,0,,5,KEGG MAPK;KEGG IL-17;KEGG TCR;KEGG Th17;KEGG TNF,3,10,shared
KEGG IL-17,KEGG:IL-17 signaling pathway,Nfkbia,yes,False,0.16079438,0.1567251124482913,no,0.15713345,0.1001855437772732,no,0.014840504,0.9786467949712592,no,0.27740818,0.8752123784913642,no,-0.2640589,1.0,no,0.047600407,0.7582528103123426,no,0,,4,KEGG IL-17;KEGG TCR;KEGG Th17;KEGG TNF,0,4,shared
KEGG IL-17,KEGG:IL-17 signaling pathway,PTGS2,no,False,,,NA,,,NA,,,NA,,,NA,,,NA,,,NA,0,,2,KEGG IL-17;KEGG TNF,0,0,shared
KEGG IL-17,KEGG:IL-17 signaling pathway,Rela,yes,False,-0.06539561,0.7409714204446498,no,0.013253526,0.9665992366112898,no,-0.15190902,0.949445454332073,no,0.37127554,0.9251161006401144,no,0.9372093,0.8924400993114376,no,-0.22182514,0.4794673772875346,no,0,,5,KEGG MAPK;KEGG IL-17;KEGG TCR;KEGG Th17;KEGG TNF,3,8,shared
KEGG IL-17,KEGG:IL-17 signaling pathway,S100a8,yes,False,-1.2595414,0.0741650804432353,no,-23.774694,7.88012967930304e-06,yes,-23.676914,0.6569665337107439,no,-1.584564,0.8754402765736332,no,0.0,1.0,no,-3.4679525,0.1636815107390081,no,1,cluster_tissue__C3__spleen;tissue__bone_marrow;tissue__spleen,1,KEGG IL-17,0,1,specific
KEGG IL-17,KEGG:IL-17 signaling pathway,S100a9,yes,False,-1.0316296,0.0706325130111917,no,-23.24532,0.000286345532717,yes,-22.242445,0.8311291475053749,no,0.76736027,1.0,no,0.0,1.0,no,-23.066233,0.0630894203960237,no,1,cluster_tissue__C3__spleen;tissue__bone_marrow;tissue__spleen;tissue__thymus,1,KEGG IL-17,0,1,specific
KEGG IL-17,KEGG:IL-17 signaling pathway,Srsf1,yes,False,-0.10937331,0.5542587860026411,no,-0.16981336,0.1401946350539319,no,0.04673936,0.9974065754621892,no,0.20299967,0.9993174811522004,no,-0.5936855,0.8950357678914026,no,-0.052154843,0.941364326382847,no,0,,1,KEGG IL-17,1,2,specific
KEGG IL-17,KEGG:IL-17 signaling pathway,Tab2,yes,False,-0.21885075,0.0434080649849078,no,0.056280944,0.7261331502654359,no,-0.42919138,0.6472546946107584,no,0.236691,0.9650021558968536,no,0.4828279,0.9719114281971634,no,-0.16430521,0.4714302556203201,no,0,,3,KEGG MAPK;KEGG IL-17;KEGG TNF,0,5,shared
KEGG IL-17,KEGG:IL-17 signaling pathway,Tab3,yes,False,0.13960065,0.7786566922456764,no,0.061810046,0.9159425629644512,no,1.154383,0.8519911486488622,no,-0.36389413,1.0,no,-1.5626141,0.8950357678914026,no,-0.40856493,0.853942611766917,no,0,,2,KEGG IL-17;KEGG TNF,0,4,shared
KEGG IL-17,KEGG:IL-17 signaling pathway,Tbk1,yes,False,-0.107104056,0.5945828861384373,no,-0.16888067,0.4078503295378383,no,0.04084103,0.9974065754621892,no,0.32672498,0.9416503860204918,no,-0.06654244,1.0,no,0.13496478,0.7283182793830728,no,0,,1,KEGG IL-17,0,1,specific
KEGG IL-17,KEGG:IL-17 signaling pathway,Tnf,yes,False,0.306652,0.1298777282797257,no,-0.14732282,0.6774605931804555,no,0.91803604,0.6977563050181,no,0.24370715,0.9029093580036588,no,0.30402496,1.0,no,0.045822304,0.918954127450096,no,0,,4,KEGG MAPK;KEGG IL-17;KEGG TCR;KEGG TNF,5,11,shared
KEGG IL-17,KEGG:IL-17 signaling pathway,Tnfaip3,yes,False,0.49034438,0.0086688703055994,yes,-0.02744924,0.9440213398592766,no,-0.04007479,1.0,no,1.0683185,0.8752123784913642,no,-1.2293223,1.0,no,-0.08569797,0.858323630113599,no,1,cluster_tissue__C0__bone_marrow;tissue__bone_marrow,2,KEGG IL-17;KEGG TNF,1,3,shared
KEGG IL-17,KEGG:IL-17 signaling pathway,Tradd,yes,False,-0.22501978,0.231328176800923,no,-0.08434152,0.6958687872862305,no,-0.13388222,0.9669619755174867,no,-0.57622856,0.8752123784913642,no,-0.552564,0.983584271041041,no,0.12989819,0.6844020252837858,no,0,,3,KEGG MAPK;KEGG IL-17;KEGG TNF,0,3,shared
KEGG IL-17,KEGG:IL-17 signaling pathway,Traf2,yes,False,-0.10402519,0.7687469806709872,no,-0.33767483,0.0068972118739174,yes,-0.2851187,0.8462863664869285,no,-1.368925,0.702725444866963,no,2.1510322,0.8924400993114376,no,-0.2154741,0.6604008749058613,no,1,cluster_tissue__C3__spleen;tissue__spleen,3,KEGG MAPK;KEGG IL-17;KEGG TNF,1,4,shared
KEGG IL-17,KEGG:IL-17 signaling pathway,Traf3,yes,False,-0.107206784,0.7239344821165209,no,-0.17918877,0.3580957938884586,no,-0.3856699,0.8526905217395094,no,1.015249,0.8652660695302766,no,-0.6069562,1.0,no,-0.31452325,0.6736461228662433,no,0,,2,KEGG IL-17;KEGG TNF,0,2,shared
KEGG IL-17,KEGG:IL-17 signaling pathway,Traf3ip2,yes,False,-0.39399385,0.0370244747294437,yes,-0.19370908,0.3591699103239555,no,0.5837085,0.7713796470509549,no,-0.8021561,0.8652660695302766,no,-0.7925527,0.9761216305114476,no,0.022781353,0.9897103348173842,no,1,cluster_tissue__C0__bone_marrow,1,KEGG IL-17,0,2,specific
KEGG IL-17,KEGG:IL-17 signaling pathway,Traf4,yes,False,0.041894354,0.9079157769707602,no,-0.11726972,0.7434566397481074,no,-0.26246762,0.9430694980632088,no,-2.3845844,0.8652660695302766,no,-1.6858702,0.8950357678914026,no,-0.30072704,0.6842520592954611,no,0,,1,KEGG IL-17,0,1,specific
KEGG IL-17,KEGG:IL-17 signaling pathway,Traf5,yes,False,-0.03795421,0.9246818126157332,no,0.026638303,0.9094265374285394,no,-0.053267743,0.9974065754621892,no,-1.0346557,0.8752123784913642,no,25.888435,0.8924400993114376,no,0.12586819,0.781230176980732,no,0,,2,KEGG IL-17;KEGG TNF,0,2,shared
KEGG IL-17,KEGG:IL-17 signaling pathway,Traf6,yes,False,0.18244044,0.6029121664049333,no,-0.3995173,0.1832862890354764,no,-0.3273935,0.9510994936748822,no,0.64896727,0.9349906194172524,no,25.548088,0.8924400993114376,no,-0.3147655,0.7098537131118954,no,0,,2,KEGG MAPK;KEGG IL-17,0,4,shared
KEGG IL-17,KEGG:IL-17 signaling pathway,Usp25,yes,False,-0.06872151,0.6873246870097108,no,-0.15281251,0.2132199258210335,no,-0.21309483,0.8589830057983013,no,0.31037802,0.9691008500686222,no,0.0939951,1.0,no,-0.08758222,0.853820292493261,no,0,,1,KEGG IL-17,0,1,specific
KEGG TCR,KEGG:T cell receptor signaling pathway,4930544G11RIK,no,False,,,NA,,,NA,,,NA,,,NA,,,NA,,,NA,0,,1,KEGG TCR,0,0,specific
KEGG TCR,KEGG:T cell receptor signaling pathway,Akt1,yes,False,-0.012982984,0.9867913396142332,no,0.061699968,0.7246384364417559,no,-0.22989959,0.9092905619583422,no,0.0071420986,1.0,no,-0.584638,0.9251267871429516,no,-0.23425724,0.4376886187975157,no,0,,3,KEGG MAPK;KEGG TCR;KEGG TNF,4,7,shared
KEGG TCR,KEGG:T cell receptor signaling pathway,Akt2,yes,False,0.07249906,0.7312418543899321,no,-0.34179515,0.024207603707906,yes,-0.11577255,0.965086701014578,no,0.5816567,0.8652660695302766,no,-0.27984825,1.0,no,0.12673809,0.850981666715998,no,1,cluster_tissue__C3__spleen,3,KEGG MAPK;KEGG TCR;KEGG TNF,2,5,shared
KEGG TCR,KEGG:T cell receptor signaling pathway,Akt3,yes,False,-0.39335,0.2155948306727569,no,0.057824727,0.7994659286693535,no,-0.4714101,0.8311291475053749,no,-0.19428393,0.9922866578492496,no,25.708277,0.8924400993114376,no,0.103419624,0.8237702581779571,no,0,,3,KEGG MAPK;KEGG TCR;KEGG TNF,2,5,shared
KEGG TCR,KEGG:T cell receptor signaling pathway,Bcl10,yes,False,0.0028021513,0.9832935713045994,no,0.044167,0.885091658994249,no,-0.10199978,0.9802351897050164,no,-0.01919673,1.0,no,-0.16177748,1.0,no,-0.0069622775,0.9868615658102172,no,0,,1,KEGG TCR,0,1,specific
KEGG TCR,KEGG:T cell receptor signaling pathway,Card11,yes,False,-0.091763765,0.7099002968706634,no,-0.1091072,0.62610466021385,no,0.067800626,0.9780862551451937,no,-0.0977773,0.9827001605731628,no,-0.30377084,1.0,no,-0.088806145,0.9246092025424568,no,0,,1,KEGG TCR,0,1,specific
KEGG TCR,KEGG:T cell receptor signaling pathway,Cblb,yes,False,0.0037840006,0.9691282400046768,no,0.023726339,0.854369608377188,no,0.079150245,0.935459369360644,no,-0.16802633,0.9991922859761404,no,-1.8429,0.8924400993114376,no,-0.10953438,0.7768556543141527,no,0,,1,KEGG TCR,0,1,specific
KEGG TCR,KEGG:T cell receptor signaling pathway,Cd247,yes,False,0.01890667,0.9125344633423542,no,-0.15382062,0.1489123793183845,no,0.10621172,0.9419314227083048,no,0.032624483,1.0,no,0.14973336,1.0,no,0.045364294,0.9165729998825944,no,0,,2,KEGG TCR;KEGG Th17,1,3,shared
KEGG TCR,KEGG:T cell receptor signaling pathway,Cd28,yes,False,-0.11806545,0.2498447702017498,no,-0.06573448,0.3877955599097162,no,-0.14049105,0.8586504325608988,no,-0.3924395,0.8652660695302766,no,0.108256795,1.0,no,0.028559279,0.9491274031285962,no,0,,1,KEGG TCR,2,3,specific
KEGG TCR,KEGG:T cell receptor signaling pathway,Cd3d,yes,False,0.04206306,0.2186238491357961,no,0.05792668,0.1125667675499924,no,0.09029252,0.7122236186235356,no,0.03514385,1.0,no,0.32319584,0.8950357678914026,no,0.05417475,0.3512236856735188,no,0,,2,KEGG TCR;KEGG Th17,0,2,shared
KEGG TCR,KEGG:T cell receptor signaling pathway,Cd3e,yes,False,0.0904277,0.0208599974731815,no,0.05454087,0.1038585263871824,no,0.19014181,0.7140808637137082,no,0.19167247,0.8491192006383744,no,0.16007963,1.0,no,0.08475935,0.2940044483696112,no,0,,2,KEGG TCR;KEGG Th17,0,2,shared
KEGG TCR,KEGG:T cell receptor signaling pathway,Cd3g,yes,False,-0.027509106,0.4541428358840286,no,-0.05629989,0.1809840109579542,no,0.09762686,0.75377109008893,no,0.08703315,0.8752123784913642,no,0.28879732,0.8924400993114376,no,-0.024900813,0.8233450860916455,no,0,,2,KEGG TCR;KEGG Th17,0,2,shared
KEGG TCR,KEGG:T cell receptor signaling pathway,Cd4,yes,False,-0.1707273,0.3970729945294229,no,0.046605192,0.7969221016804879,no,0.52696687,0.9028121757579018,no,-1.0701017,0.9691008500686222,no,-2.077434,0.8924400993114376,no,0.31321698,0.5062665856013984,no,0,,2,KEGG TCR;KEGG Th17,0,2,shared
KEGG TCR,KEGG:T cell receptor signaling pathway,Cd40lg,yes,False,0.36062962,0.0063327881632812,yes,0.31020826,0.0190018714845845,yes,0.28324986,0.9117106646211248,no,0.32945392,0.9655400215564937,no,0.99910766,0.8924400993114376,no,0.102563016,0.7656857851828687,no,2,cluster_tissue__C0__bone_marrow;cluster_tissue__C3__spleen;tissue__bone_marrow;tissue__spleen,1,KEGG TCR,2,3,specific
KEGG TCR,KEGG:T cell receptor signaling pathway,Cd8a,yes,False,1.7855573,0.0885724250963662,no,0.3564224,0.8636295829147066,no,-1.0298756,0.2890759869519509,no,0.53226376,0.9729849139877652,no,0.0,1.0,no,0.3870322,0.966365378742987,no,0,,1,KEGG TCR,0,1,specific
KEGG TCR,KEGG:T cell receptor signaling pathway,Cd8b1,yes,False,-0.8704098,0.1239707296995916,no,-0.22529179,0.8788380833988582,no,-1.8231897,0.0492693006396219,yes,2.467921,0.8491192006383744,no,24.325083,0.8950357678914026,no,-0.47578588,0.7098537131118954,no,1,cluster_tissue__C4__bone_marrow;tissue__bone_marrow,1,KEGG TCR,0,1,specific
KEGG TCR,KEGG:T cell receptor signaling pathway,Cdc42,yes,False,-0.073283546,0.1204443750992238,no,-0.09574354,0.0321003693363257,no,0.09956592,0.909273780413031,no,-0.13142088,0.8652660695302766,no,-0.5854727,0.8924400993114376,no,-0.075998306,0.3583534759456946,no,0,,2,KEGG MAPK;KEGG TCR,2,4,shared
KEGG TCR,KEGG:T cell receptor signaling pathway,Cdk4,yes,False,-0.07714151,0.6221212414546029,no,-0.16292232,0.0589929511887915,no,0.3431567,0.6647901556710842,no,0.05400931,1.0,no,0.006781723,1.0,no,-0.13891178,0.5306397491942133,no,0,,1,KEGG TCR,0,1,specific
KEGG TCR,KEGG:T cell receptor signaling pathway,Chuk,yes,False,0.05133609,0.8475262358059352,no,-0.44469792,0.0020289832366825,yes,0.1525608,0.9495377525703051,no,-0.7605707,0.8752123784913642,no,-0.66035724,0.9053202409042876,no,-0.20529857,0.5886914683594362,no,1,cluster_tissue__C3__spleen;tissue__spleen,5,KEGG MAPK;KEGG IL-17;KEGG TCR;KEGG Th17;KEGG TNF,2,7,shared
KEGG TCR,KEGG:T cell receptor signaling pathway,Csf2,yes,False,-0.15636969,0.817540669002144,no,-0.00371687,0.8729986976156898,no,1.1479242,0.7492092126801023,no,-0.08701015,1.0,no,-1.2099433,0.8950357678914026,no,0.37195286,0.665634505687246,no,0,,3,KEGG IL-17;KEGG TCR;KEGG TNF,1,4,shared
KEGG TCR,KEGG:T cell receptor signaling pathway,Ctla4,yes,False,-0.5776917,0.4588003381813889,no,0.04799832,0.985970828053226,no,-1.0932672,0.8275756987578491,no,23.314373,0.8752123784913642,no,0.0,1.0,no,0.4785503,0.7352275930843927,no,0,,1,KEGG TCR,0,1,specific
KEGG TCR,KEGG:T cell receptor signaling pathway,Dlg1,yes,False,0.1469829,0.692265516595373,no,0.10582893,0.6647926168666758,no,-0.3191537,0.856376531973041,no,-0.1539237,1.0,no,-1.1097122,0.8924400993114376,no,0.14601666,0.71669921860096,no,0,,1,KEGG TCR,0,1,specific
KEGG TCR,KEGG:T cell receptor signaling pathway,Fos,yes,False,0.9321617,1.9678601639076224e-19,yes,1.775818,1.386303899987273e-38,yes,1.1333468,0.0169606929508191,yes,0.43293685,0.95404827791989,no,0.90121263,0.9761216305114476,no,0.50396675,6.700031630205009e-05,yes,4,cluster_tissue__C0__bone_marrow;cluster_tissue__C3__spleen;cluster_tissue__C4__bone_marrow;cluster_tissue__C6__thymus;tissue__bone_marrow;tissue__spleen;tissue__thymus,6,KEGG MAPK;KEGG IL-17;KEGG TCR;KEGG Th17;KEGG TNF;GO AP-1 complex,5,10,shared
KEGG TCR,KEGG:T cell receptor signaling pathway,Fyn,yes,False,-0.0868905,0.3585613124008294,no,-0.1020732,0.1923370821855889,no,0.03519049,0.9952389681493448,no,-0.24556817,0.9281566609564096,no,-1.2551146,0.8924400993114376,no,-0.3349597,0.0088869920901025,yes,1,cluster_tissue__C6__thymus;tissue__thymus,1,KEGG TCR,4,5,specific
KEGG TCR,KEGG:T cell receptor signaling pathway,Grap2,yes,False,0.00027098588,0.9231958609114104,no,-0.039916877,0.8255541753375667,no,-0.37921783,0.8203715161398286,no,-0.027417986,1.0,no,0.33302638,0.9719114281971634,no,0.007571245,0.9999026723933342,no,0,,1,KEGG TCR,0,1,specific
KEGG TCR,KEGG:T cell receptor signaling pathway,Grb2,yes,False,-0.279791,4.8207266903735625e-05,yes,-0.24537995,0.0006047050809271,no,-0.26500145,0.6977563050181,no,0.18327267,0.955659430922713,no,-0.8637578,0.8924400993114376,no,-0.28332683,0.029576842168824,yes,2,cluster_tissue__C0__bone_marrow;cluster_tissue__C6__thymus;tissue__bone_marrow;tissue__spleen,2,KEGG MAPK;KEGG TCR,2,4,shared
KEGG TCR,KEGG:T cell receptor signaling pathway,Gsk3b,yes,False,-0.13272163,0.2185292383384306,no,-0.18668485,0.0330482240172827,no,-0.09422252,0.9467698418692164,no,-0.23445876,0.8803601802091184,no,0.70159835,0.8950357678914026,no,-0.07287121,0.8069627489413561,no,0,,3,KEGG IL-17;KEGG TCR;Energy module (G01),5,7,shared
KEGG TCR,KEGG:T cell receptor signaling pathway,Hras,yes,False,-0.03773211,0.913254858840761,no,-0.11717436,0.5659335024734493,no,-0.5815015,0.6150587476976827,no,0.1133389,0.9827001605731628,no,1.1415037,0.8924400993114376,no,-0.15311275,0.6088757959825695,no,0,,2,KEGG MAPK;KEGG TCR,4,6,shared
KEGG TCR,KEGG:T cell receptor signaling pathway,IL10,no,False,,,NA,,,NA,,,NA,,,NA,,,NA,,,NA,0,,1,KEGG TCR,0,0,specific
KEGG TCR,KEGG:T cell receptor signaling pathway,IL5,no,False,,,NA,,,NA,,,NA,,,NA,,,NA,,,NA,0,,2,KEGG IL-17;KEGG TCR,0,0,shared
KEGG TCR,KEGG:T cell receptor signaling pathway,Icos,yes,False,-0.16404071,0.1129425112449451,no,-0.21295622,0.0069246504313995,no,0.24812563,0.7785590260112345,no,-0.3803965,0.834361638050459,no,-0.093810365,1.0,no,0.16475148,0.5862714653147028,no,0,,1,KEGG TCR,0,1,specific
KEGG TCR,KEGG:T cell receptor signaling pathway,Ifng,yes,False,-0.07648011,0.6532607671396533,no,-0.10954862,0.6246241282113042,no,0.12682037,0.9911602743116624,no,-0.27500814,0.9993174811522004,no,0.0,1.0,no,0.1363035,0.5253036689535169,no,0,,3,KEGG IL-17;KEGG TCR;KEGG Th17,3,6,shared
KEGG TCR,KEGG:T cell receptor signaling pathway,Ikbkb,yes,False,-0.10783413,0.4440250654977866,no,-0.10417091,0.3297798781919041,no,-0.07116553,0.9484782084608052,no,-0.8251468,0.7046027004444183,no,-0.28950974,0.983536795770768,no,-0.11002027,0.75055003694521,no,0,,5,KEGG MAPK;KEGG IL-17;KEGG TCR;KEGG Th17;KEGG TNF,3,8,shared
KEGG TCR,KEGG:T cell receptor signaling pathway,Ikbkg,yes,False,-0.016307281,0.9789239813562632,no,-0.22528365,0.5085519087287014,no,-0.6247419,0.8399001236604936,no,-0.68697196,0.89970102468078,no,-0.89868295,0.8950357678914026,no,0.30413702,0.5862714653147028,no,0,,5,KEGG MAPK;KEGG IL-17;KEGG TCR;KEGG Th17;KEGG TNF,1,6,shared
KEGG TCR,KEGG:T cell receptor signaling pathway,Il2,yes,False,-0.5264475,0.4358121740172394,no,-0.54944426,0.5804643425699184,no,-0.33319935,0.964740161416936,no,23.16203,0.8752123784913642,no,0.0,1.0,no,-0.32684058,0.866705020962456,no,0,,2,KEGG TCR;KEGG Th17,0,2,shared
KEGG TCR,KEGG:T cell receptor signaling pathway,Il4,yes,False,-0.05102692,0.893321517604878,no,0.123533405,0.3613039586169307,no,0.22969557,0.9974065754621892,no,-1.2455655,0.8652660695302766,no,-0.79253703,0.8950357678914026,no,-0.027514657,0.9495242832407714,no,0,,3,KEGG IL-17;KEGG TCR;KEGG Th17,0,3,shared
KEGG TCR,KEGG:T cell receptor signaling pathway,Itk,yes,False,0.2163625,0.0116676703539355,no,0.02775477,0.9085600028585572,no,0.012732989,1.0,no,-0.2943261,0.8752123784913642,no,0.051893897,1.0,no,-0.0009889444,0.99400786953811,no,0,,1,KEGG TCR,0,1,specific
KEGG TCR,KEGG:T cell receptor signaling pathway,Jun,yes,False,0.6138494,8.479452752364815e-16,yes,1.2428119,4.3910379121289585e-77,yes,0.62406504,0.2984701087902344,no,0.30829823,0.9026213492618612,no,1.9715924,0.8924400993114376,no,0.1431964,0.4886187716187679,no,2,cluster_tissue__C0__bone_marrow;cluster_tissue__C3__spleen;cluster_tissue__C4__spleen;cluster_tissue__C5-1__spleen;tissue__bone_marrow;tissue__spleen,6,KEGG MAPK;KEGG IL-17;KEGG TCR;KEGG Th17;KEGG TNF;GO AP-1 complex,7,14,shared
KEGG TCR,KEGG:T cell receptor signaling pathway,Kras,yes,False,0.03765907,0.8448704865319228,no,-0.044133034,0.8301187953676201,no,-0.0018112794,1.0,no,-0.12604256,0.956968284466358,no,0.8960835,0.8950357678914026,no,0.12771586,0.6206963281754161,no,0,,2,KEGG MAPK;KEGG TCR,4,6,shared
KEGG TCR,KEGG:T cell receptor signaling pathway,Lat,yes,False,-0.1774716,0.0021217086361574,no,-0.16401789,2.6465048499034536e-05,no,-0.08536658,0.9401586956943466,no,-0.11744496,0.9023473855660934,no,-0.04837364,1.0,no,-0.1049238,0.5392905155486452,no,0,,2,KEGG TCR;KEGG Th17,1,3,shared
KEGG TCR,KEGG:T cell receptor signaling pathway,Lck,yes,False,-0.1793067,2.079608215869162e-05,no,-0.20103343,4.178675687828543e-07,no,-0.047414307,0.9419626205192592,no,0.23779042,0.9540048639674902,no,-0.24214593,0.8950357678914026,no,-0.12335192,0.1674919492596711,no,0,,2,KEGG TCR;KEGG Th17,1,3,shared
KEGG TCR,KEGG:T cell receptor signaling pathway,Lcp2,yes,False,-0.02544465,0.8521458156584812,no,-0.03794328,0.6167997524595741,no,0.0031676712,0.9974065754621892,no,-0.028632885,1.0,no,-0.7828038,0.8924400993114376,no,0.0029815263,0.995104819827714,no,0,,1,KEGG TCR,1,2,specific
KEGG TCR,KEGG:T cell receptor signaling pathway,MAPK12,no,False,,,NA,,,NA,,,NA,,,NA,,,NA,,,NA,0,,5,KEGG MAPK;KEGG IL-17;KEGG TCR;KEGG Th17;KEGG TNF,0,0,shared
KEGG TCR,KEGG:T cell receptor signaling pathway,MAPK13,no,False,,,NA,,,NA,,,NA,,,NA,,,NA,,,NA,0,,5,KEGG MAPK;KEGG IL-17;KEGG TCR;KEGG Th17;KEGG TNF,0,0,shared
KEGG TCR,KEGG:T cell receptor signaling pathway,Malt1,yes,False,-0.07167314,0.7067120074848257,no,-0.12149065,0.3839288191055888,no,-0.05926348,0.9974065754621892,no,0.10736923,1.0,no,2.7235153,0.8924400993114376,no,-0.08853522,0.6855032969927458,no,0,,1,KEGG TCR,0,1,specific
KEGG TCR,KEGG:T cell receptor signaling pathway,Map2k1,yes,False,0.25661212,0.2254255916423062,no,0.07181233,0.6603470705493109,no,-0.292796,0.8696937437977283,no,0.010016104,1.0,no,-1.4446219,0.8924400993114376,no,-0.116138764,0.8887623364520025,no,0,,3,KEGG MAPK;KEGG TCR;KEGG TNF,4,9,shared
KEGG TCR,KEGG:T cell receptor signaling pathway,Map2k2,yes,False,-0.0798311,0.5491870818879875,no,-0.09776073,0.3231839344823495,no,0.27508226,0.7315642520518283,no,0.20585026,0.9827001605731628,no,0.23226531,1.0,no,-0.12769428,0.5518623522046164,no,0,,2,KEGG MAPK;KEGG TCR,4,8,shared
KEGG TCR,KEGG:T cell receptor signaling pathway,Map2k7,yes,False,-0.12766702,0.6616025591337028,no,-0.35868883,0.0379173018311233,yes,-0.9822124,0.3426595735488923,no,0.6363225,0.8752123784913642,no,1.4803158,0.8924400993114376,no,-0.2578925,0.3852123549094217,no,1,cluster_tissue__C3__spleen,3,KEGG MAPK;KEGG TCR;KEGG TNF,3,8,shared
KEGG TCR,KEGG:T cell receptor signaling pathway,Map3k14,yes,False,-0.07937572,0.8307965502835298,no,-0.11959973,0.6981403677885055,no,-0.14778852,0.9765783103873832,no,0.53054535,0.8754402765736332,no,0.8200935,0.9719114281971634,no,-0.37124544,0.453794629172732,no,0,,3,KEGG MAPK;KEGG TCR;KEGG TNF,0,4,shared
KEGG TCR,KEGG:T cell receptor signaling pathway,Map3k7,yes,False,0.30492377,0.18324495374571,no,0.33331224,0.0847939361231314,no,0.5351767,0.7705443014277018,no,0.43515074,0.9540048639674902,no,0.54787636,1.0,no,-0.074367836,0.9316111779442996,no,0,,4,KEGG MAPK;KEGG IL-17;KEGG TCR;KEGG TNF,2,9,shared
KEGG TCR,KEGG:T cell receptor signaling pathway,Map3k8,yes,False,-0.05644524,0.9116082049711876,no,0.09020774,0.7446121313310773,no,0.15153696,0.991873506841821,no,0.9335739,0.8752123784913642,no,-0.7384518,1.0,no,-0.29838252,0.5273477985157933,no,0,,3,KEGG MAPK;KEGG TCR;KEGG TNF,0,4,shared
KEGG TCR,KEGG:T cell receptor signaling pathway,Mapk1,yes,False,-0.16972041,0.1847285329790366,no,-0.21938962,0.0295911808758025,no,-0.24703492,0.8311291475053749,no,-0.45133957,0.8752123784913642,no,0.31386063,0.9761216305114476,no,-0.015222658,0.99987768021064,no,0,,5,KEGG MAPK;KEGG IL-17;KEGG TCR;KEGG Th17;KEGG TNF,11,18,shared
KEGG TCR,KEGG:T cell receptor signaling pathway,Mapk11,yes,False,-0.37186098,0.813529751183778,no,0.56798506,0.857671891896384,no,-24.271957,0.5757270353737803,no,-24.37313,0.8652660695302766,no,0.0,1.0,no,-1.5220566,0.4431512211750446,no,0,,5,KEGG MAPK;KEGG IL-17;KEGG TCR;KEGG Th17;KEGG TNF,3,10,shared
KEGG TCR,KEGG:T cell receptor signaling pathway,Mapk14,yes,False,-0.13536857,0.6333071897133913,no,-0.18063876,0.3984106494539359,no,-0.31386527,0.8356105722401911,no,0.21370807,0.9729849139877652,no,-1.507047,0.8924400993114376,no,-0.20277803,0.5871678358648861,no,0,,5,KEGG MAPK;KEGG IL-17;KEGG TCR;KEGG Th17;KEGG TNF,3,10,shared
KEGG TCR,KEGG:T cell receptor signaling pathway,Mapk3,yes,False,-0.11857263,0.7263089261714424,no,-0.012361835,0.9601367677483346,no,-0.41910833,0.7352860651315374,no,0.79833543,0.8652660695302766,no,-0.6297096,0.983536795770768,no,0.37222248,0.1408407644948492,no,0,,5,KEGG MAPK;KEGG IL-17;KEGG TCR;KEGG Th17;KEGG TNF,8,15,shared
KEGG TCR,KEGG:T cell receptor signaling pathway,Mapk9,yes,False,-0.02950095,0.977807412682138,no,-0.020071305,0.9878629107767232,no,0.20974918,0.9510994936748822,no,0.30361682,0.9827001605731628,no,1.1254013,0.8924400993114376,no,0.45271337,0.2001347666868211,no,0,,5,KEGG MAPK;KEGG IL-17;KEGG TCR;KEGG Th17;KEGG TNF,4,11,shared
KEGG TCR,KEGG:T cell receptor signaling pathway,Nck1,yes,False,-0.0777337,0.6998197685409018,no,0.0345293,0.8541353638439428,no,0.23269719,0.8512518266754155,no,-0.024326142,1.0,no,-1.1199439,0.8924400993114376,no,-0.1692656,0.6037375232018622,no,0,,1,KEGG TCR,0,1,specific
KEGG TCR,KEGG:T cell receptor signaling pathway,Nck2,yes,False,0.13363484,0.4637901274797387,no,0.061480276,0.7876793209606135,no,0.02314211,1.0,no,-0.35494027,1.0,no,-0.9774629,1.0,no,0.1517103,0.8704683750109332,no,0,,1,KEGG TCR,1,2,specific
KEGG TCR,KEGG:T cell receptor signaling pathway,Nfatc1,yes,False,-0.08189829,0.6554024621913839,no,-0.18300448,0.1401946350539319,no,0.25482816,0.8416617668139579,no,-0.75160587,0.8491192006383744,no,0.23373549,1.0,no,0.080897234,0.806224360696523,no,0,,3,KEGG MAPK;KEGG TCR;KEGG Th17,3,6,shared
KEGG TCR,KEGG:T cell receptor signaling pathway,Nfatc2,yes,False,0.0624876,0.7345080531789732,no,-0.036043864,0.9230314685635138,no,-0.10828848,0.9495728287449332,no,0.08805484,1.0,no,0.45101154,0.9845136932353914,no,-0.020319242,0.9752203406079064,no,0,,3,KEGG TCR;KEGG Th17;GO AP-1 complex,4,6,shared
KEGG TCR,KEGG:T cell receptor signaling pathway,Nfatc3,yes,False,-0.034432247,0.8601368132510366,no,-0.08126569,0.5282342363233737,no,-0.21071588,0.8108727041342086,no,0.068992525,1.0,no,0.025676671,1.0,no,0.07716363,0.8676999613298007,no,0,,3,KEGG MAPK;KEGG TCR;KEGG Th17,3,6,shared
KEGG TCR,KEGG:T cell receptor signaling pathway,Nfkb1,yes,False,-0.06266619,0.7354157547205854,no,-0.0069374964,0.9536818073275865,no,-0.11020659,0.9974065754621892,no,-0.41220456,0.8652660695302766,no,0.19399029,1.0,no,0.04910556,0.8195776249086381,no,0,,5,KEGG MAPK;KEGG IL-17;KEGG TCR;KEGG Th17;KEGG TNF,3,10,shared
KEGG TCR,KEGG:T cell receptor signaling pathway,Nfkbia,yes,False,0.16079438,0.1567251124482913,no,0.15713345,0.1001855437772732,no,0.014840504,0.9786467949712592,no,0.27740818,0.8752123784913642,no,-0.2640589,1.0,no,0.047600407,0.7582528103123426,no,0,,4,KEGG IL-17;KEGG TCR;KEGG Th17;KEGG TNF,0,4,shared
KEGG TCR,KEGG:T cell receptor signaling pathway,Nfkbib,yes,False,-0.27380806,0.1393639976463997,no,-0.015963748,0.9553848288839032,no,0.054576878,1.0,no,-1.0018504,0.8424284797545121,no,2.3241594,0.8924400993114376,no,-0.18055965,0.7329472605140537,no,0,tissue__bone_marrow,2,KEGG TCR;KEGG Th17,0,2,shared
KEGG TCR,KEGG:T cell receptor signaling pathway,Nfkbie,yes,False,-0.08437168,0.8080614293306546,no,0.19992535,0.2450714826402933,no,0.29241833,0.9208641773954032,no,0.14074367,1.0,no,-0.55506873,0.8950357678914026,no,-0.2914593,0.6245880659138247,no,0,,2,KEGG TCR;KEGG Th17,0,2,shared
KEGG TCR,KEGG:T cell receptor signaling pathway,Nras,yes,False,-0.035614755,0.9104415518462188,no,-0.15183964,0.431892096052546,no,-0.0408502,0.9974065754621892,no,-0.11247978,0.9827001605731628,no,-0.2968241,1.0,no,0.0021944041,0.9963755569305468,no,0,,2,KEGG MAPK;KEGG TCR,4,6,shared
KEGG TCR,KEGG:T cell receptor signaling pathway,PAK3,no,False,,,NA,,,NA,,,NA,,,NA,,,NA,,,NA,0,,1,KEGG TCR,0,0,specific
KEGG TCR,KEGG:T cell receptor signaling pathway,PAK7,no,False,,,NA,,,NA,,,NA,,,NA,,,NA,,,NA,0,,1,KEGG TCR,0,0,specific
KEGG TCR,KEGG:T cell receptor signaling pathway,PIK3R3,no,False,,,NA,,,NA,,,NA,,,NA,,,NA,,,NA,0,,2,KEGG TCR;KEGG TNF,0,0,shared
KEGG TCR,KEGG:T cell receptor signaling pathway,PPP3R2,no,False,,,NA,,,NA,,,NA,,,NA,,,NA,,,NA,0,,3,KEGG MAPK;KEGG TCR;KEGG Th17,0,0,shared
KEGG TCR,KEGG:T cell receptor signaling pathway,Pak1,yes,False,-0.26409483,0.921968115938183,no,0.46060014,0.7167228193377353,no,0.0,1.0,no,1.0953901,0.8752123784913642,no,24.523636,0.8950357678914026,no,1.1476034,0.8273866475830259,no,0,,2,KEGG MAPK;KEGG TCR,1,3,shared
KEGG TCR,KEGG:T cell receptor signaling pathway,Pak2,yes,False,-0.090476714,0.3260188678058754,no,-0.077648595,0.356810423952972,no,0.1417382,0.9467698418692164,no,-0.22476266,0.8752123784913642,no,-0.22913319,1.0,no,-0.10328904,0.5862714653147028,no,0,,2,KEGG MAPK;KEGG TCR,0,2,shared
KEGG TCR,KEGG:T cell receptor signaling pathway,Pak4,yes,False,-0.037761595,0.9822324124067304,no,-0.2920906,0.5827685918678621,no,0.09575101,0.9974065754621892,no,0.69355774,0.9304216714038956,no,-1.5494924,0.8950357678914026,no,-0.36506847,0.8088390410950721,no,0,,1,KEGG TCR,0,1,specific
KEGG TCR,KEGG:T cell receptor signaling pathway,Pak6,yes,False,-0.38180923,0.0456276714019126,yes,-0.16755705,0.4589639008412188,no,-1.1281252,0.8365530691815268,no,0.0,1.0,no,0.0,1.0,no,-0.6645489,0.7329472605140537,no,1,cluster_tissue__C0__bone_marrow;tissue__bone_marrow,1,KEGG TCR,0,1,specific
KEGG TCR,KEGG:T cell receptor signaling pathway,Pdcd1,yes,False,0.36758322,0.4505380562912096,no,0.36837345,0.5570217687752113,no,2.6943817,0.7048052355329764,no,24.278078,0.8652660695302766,no,24.650438,0.8950357678914026,no,0.42815083,0.7199835949393703,no,0,,1,KEGG TCR,0,1,specific
KEGG TCR,KEGG:T cell receptor signaling pathway,Pdpk1,yes,False,0.06935903,0.6176122035165165,no,0.046852186,0.8007870663503927,no,-0.18554172,0.9283709583052492,no,-0.5853728,0.8752123784913642,no,-1.6655415,0.8924400993114376,no,-0.11509326,0.8282665901331425,no,0,,1,KEGG TCR,0,1,specific
KEGG TCR,KEGG:T cell receptor signaling pathway,Pik3ca,yes,False,-0.04955308,0.9365800670287704,no,-0.1288503,0.5282342363233737,no,-0.37491474,0.8311291475053749,no,0.75545084,0.8652660695302766,no,1.0935141,0.8950357678914026,no,-0.07575236,0.8282665901331425,no,0,,2,KEGG TCR;KEGG TNF,4,6,shared
KEGG TCR,KEGG:T cell receptor signaling pathway,Pik3cb,yes,False,-0.16137925,0.8813560797138412,no,-0.27444056,0.5637900748201223,no,-0.020866195,0.9974065754621892,no,-1.3143855,0.8752123784913642,no,25.452276,0.8924400993114376,no,0.40964332,0.7179392401433874,no,0,,2,KEGG TCR;KEGG TNF,4,6,shared
KEGG TCR,KEGG:T cell receptor signaling pathway,Pik3cd,yes,False,0.2342816,0.0108081412778891,no,0.012155116,0.9708326164042996,no,0.024633432,0.9974065754621892,no,0.23053618,0.9658939477054688,no,-0.38856372,0.9395642610170702,no,0.17099,0.3853922434122698,no,0,,2,KEGG TCR;KEGG TNF,4,6,shared
KEGG TCR,KEGG:T cell receptor signaling pathway,Pik3r1,yes,False,-0.05522744,0.7449342778501389,no,-0.116681606,0.1979174670317889,no,-0.07079292,0.9853003295693724,no,-0.2132879,0.9201347544758116,no,0.4535259,0.916891007759453,no,-0.14216965,0.4774282825855934,no,0,,2,KEGG TCR;KEGG TNF,4,6,shared
KEGG TCR,KEGG:T cell receptor signaling pathway,Pik3r2,yes,False,-0.30297682,0.5865839083019408,no,-0.054896142,0.9723226437504272,no,-0.8907677,0.7108712188647403,no,1.1114553,0.8752123784913642,no,-1.1526031,1.0,no,0.53314066,0.6451911017101827,no,0,,2,KEGG TCR;KEGG TNF,3,5,shared
KEGG TCR,KEGG:T cell receptor signaling pathway,Plcg1,yes,False,-0.098923214,0.5328024533559472,no,-0.16475317,0.1501863845069729,no,-0.36479315,0.7803484267055749,no,0.33820787,0.93712529398547,no,0.952156,0.8924400993114376,no,0.10323822,0.7815996850899268,no,0,,2,KEGG TCR;KEGG Th17,2,4,shared
KEGG TCR,KEGG:T cell receptor signaling pathway,Ppp3ca,yes,False,-0.023899853,0.9335897465983016,no,0.05311656,0.7559008866492026,no,-0.013906424,0.9974065754621892,no,0.3746337,0.8752123784913642,no,0.66179615,0.8950357678914026,no,-0.011430101,0.99674618446036,no,0,,3,KEGG MAPK;KEGG TCR;KEGG Th17,3,6,shared
KEGG TCR,KEGG:T cell receptor signaling pathway,Ppp3cb,yes,False,0.13165331,0.4515924756364738,no,0.07985086,0.6443410246346836,no,0.12218025,0.9150233834391356,no,0.76289725,0.8491192006383744,no,-0.21639124,1.0,no,-0.12929422,0.7451102544192075,no,0,,3,KEGG MAPK;KEGG TCR;KEGG Th17,3,6,shared
KEGG TCR,KEGG:T cell receptor signaling pathway,Ppp3cc,yes,False,0.11421174,0.4430129480024217,no,-0.025682341,0.9276633223513172,no,-0.3438872,0.6977563050181,no,-0.2576892,0.9743308209902122,no,-3.508746,0.8924400993114376,no,-0.012025643,0.9988626733094398,no,0,,3,KEGG MAPK;KEGG TCR;KEGG Th17,3,6,shared
KEGG TCR,KEGG:T cell receptor signaling pathway,Ppp3r1,yes,False,0.23936597,0.1379293328440221,no,-0.07045917,0.7202797918582206,no,-0.16663605,0.9340956946345144,no,-0.13667876,0.9752336279504292,no,0.7890462,0.8950357678914026,no,-0.17086723,0.7068933738152153,no,0,,3,KEGG MAPK;KEGG TCR;KEGG Th17,3,6,shared
KEGG TCR,KEGG:T cell receptor signaling pathway,Prkcq,yes,False,0.073932044,0.6410260427347485,no,0.08499317,0.543253549209768,no,0.34403554,0.6977563050181,no,-0.051042467,1.0,no,0.7849649,0.8924400993114376,no,-0.15518552,0.4323985632547236,no,0,,2,KEGG TCR;KEGG Th17,2,4,shared
KEGG TCR,KEGG:T cell receptor signaling pathway,Ptpn6,yes,False,-0.22198556,0.1516967181588862,no,0.046971653,0.8077694855466497,no,-0.045890894,0.9974065754621892,no,-0.073903434,0.9927841095297424,no,-0.8514244,0.8924400993114376,no,0.053268395,0.7735859265211614,no,0,,1,KEGG TCR,1,2,specific
KEGG TCR,KEGG:T cell receptor signaling pathway,Ptprc,yes,False,0.10293999,0.0057886193802664,no,-0.0023542766,0.9045904453709946,no,0.058860462,0.9117106646211248,no,0.02123826,0.9862881960285892,no,0.20007288,1.0,no,-0.05756991,0.8852331954076431,no,0,,1,KEGG TCR,0,1,specific
KEGG TCR,KEGG:T cell receptor signaling pathway,Raf1,yes,False,-0.18746476,0.3069239336818534,no,-0.15407619,0.3362820411218847,no,0.28090063,0.8356105722401911,no,-0.28060594,0.8848014014845209,no,-0.08137502,1.0,no,0.29860064,0.3172006992267072,no,0,,2,KEGG MAPK;KEGG TCR,2,5,shared
KEGG TCR,KEGG:T cell receptor signaling pathway,Rasgrp1,yes,False,0.037774943,0.8609701308925551,no,-0.10679758,0.1415620742252376,no,0.37287322,0.7144219530117352,no,-0.098825,0.9691008500686222,no,-0.19289212,1.0,no,0.17861284,0.4909468537293056,no,0,,2,KEGG MAPK;KEGG TCR,0,2,shared
KEGG TCR,KEGG:T cell receptor signaling pathway,Rela,yes,False,-0.06539561,0.7409714204446498,no,0.013253526,0.9665992366112898,no,-0.15190902,0.949445454332073,no,0.37127554,0.9251161006401144,no,0.9372093,0.8924400993114376,no,-0.22182514,0.4794673772875346,no,0,,5,KEGG MAPK;KEGG IL-17;KEGG TCR;KEGG Th17;KEGG TNF,3,8,shared
KEGG TCR,KEGG:T cell receptor signaling pathway,Rhoa,yes,False,0.054003745,0.7031519618831673,no,-0.06841151,0.2044859735833797,no,0.09984639,0.9974065754621892,no,-0.23993455,0.8652660695302766,no,-0.5699081,0.8924400993114376,no,-0.03261134,0.7656857851828687,no,0,,1,KEGG TCR,6,7,specific
KEGG TCR,KEGG:T cell receptor signaling pathway,Sos1,yes,False,-0.31958127,0.2161630311946548,no,-0.26902586,0.2287682203524786,no,-1.2817361,0.5680823771088201,no,-0.5280426,0.9781282366337856,no,-2.0862076,0.8924400993114376,no,-0.38336393,0.4822320986180296,no,0,tissue__bone_marrow,2,KEGG MAPK;KEGG TCR,2,4,shared
KEGG TCR,KEGG:T cell receptor signaling pathway,Sos2,yes,False,0.01921138,0.9790341551215328,no,-0.20090774,0.4079701455614427,no,0.19028832,0.9571464695265742,no,-0.34129655,0.967282489491608,no,0.7357051,1.0,no,0.24086234,0.5151916300034708,no,0,,2,KEGG MAPK;KEGG TCR,2,4,shared
KEGG TCR,KEGG:T cell receptor signaling pathway,Tec,yes,False,0.053021893,0.8717771072694983,no,0.24115807,0.4019308700216429,no,-0.7700074,0.7144219530117352,no,0.17014126,1.0,no,1.0024753,0.983536795770768,no,-0.28178242,0.8461431323338626,no,0,,1,KEGG TCR,0,1,specific
KEGG TCR,KEGG:T cell receptor signaling pathway,Tnf,yes,False,0.306652,0.1298777282797257,no,-0.14732282,0.6774605931804555,no,0.91803604,0.6977563050181,no,0.24370715,0.9029093580036588,no,0.30402496,1.0,no,0.045822304,0.918954127450096,no,0,,4,KEGG MAPK;KEGG IL-17;KEGG TCR;KEGG TNF,5,11,shared
KEGG TCR,KEGG:T cell receptor signaling pathway,Vav1,yes,False,-0.10993981,0.6656827628231874,no,-0.16595483,0.2794236369376907,no,-0.2019751,0.907536158296532,no,0.2554074,1.0,no,0.22447935,1.0,no,-0.15446495,0.7435933649762532,no,0,,1,KEGG TCR,1,2,specific
KEGG TCR,KEGG:T cell receptor signaling pathway,Vav2,yes,False,-0.095304355,0.9490013809183504,no,-0.32871255,0.8365336457673458,no,-22.12358,0.8311291475053749,no,2.3507934,0.8652660695302766,no,0.0,1.0,no,-1.0301096,0.7812778667080615,no,0,,1,KEGG TCR,1,2,specific
KEGG TCR,KEGG:T cell receptor signaling pathway,Vav3,yes,False,-0.079918,0.647835183592896,no,-0.3403137,0.0038694713396672,yes,0.22901146,0.8642283307585986,no,-0.29091898,1.0,no,-1.7815669,0.8924400993114376,no,-0.5870353,0.007031787085676,yes,2,cluster_tissue__C3__spleen;cluster_tissue__C6__thymus;tissue__spleen;tissue__thymus,1,KEGG TCR,1,2,specific
KEGG TCR,KEGG:T cell receptor signaling pathway,Zap70,yes,False,-0.028281718,0.7994382074362693,no,-0.02799546,0.7635282628033887,no,-0.064565614,0.9612209034366106,no,-0.29070023,0.8752123784913642,no,-0.44247633,0.8950357678914026,no,0.085173175,0.6698980903278134,no,0,,2,KEGG TCR;KEGG Th17,1,3,shared
KEGG Th17,KEGG:Th17 cell differentiation,Ahr,yes,False,1.0505517,0.0569588969241849,no,-0.14771336,0.8541353638439428,no,0.8591286,0.7966340864465297,no,1.3106437,0.8652660695302766,no,-0.9618683,0.8950357678914026,no,0.13033707,0.939633618794506,no,0,tissue__bone_marrow,1,KEGG Th17,3,4,specific
KEGG Th17,KEGG:Th17 cell differentiation,Cd247,yes,False,0.01890667,0.9125344633423542,no,-0.15382062,0.1489123793183845,no,0.10621172,0.9419314227083048,no,0.032624483,1.0,no,0.14973336,1.0,no,0.045364294,0.9165729998825944,no,0,,2,KEGG TCR;KEGG Th17,1,3,shared
KEGG Th17,KEGG:Th17 cell differentiation,Cd3d,yes,False,0.04206306,0.2186238491357961,no,0.05792668,0.1125667675499924,no,0.09029252,0.7122236186235356,no,0.03514385,1.0,no,0.32319584,0.8950357678914026,no,0.05417475,0.3512236856735188,no,0,,2,KEGG TCR;KEGG Th17,0,2,shared
KEGG Th17,KEGG:Th17 cell differentiation,Cd3e,yes,False,0.0904277,0.0208599974731815,no,0.05454087,0.1038585263871824,no,0.19014181,0.7140808637137082,no,0.19167247,0.8491192006383744,no,0.16007963,1.0,no,0.08475935,0.2940044483696112,no,0,,2,KEGG TCR;KEGG Th17,0,2,shared
KEGG Th17,KEGG:Th17 cell differentiation,Cd3g,yes,False,-0.027509106,0.4541428358840286,no,-0.05629989,0.1809840109579542,no,0.09762686,0.75377109008893,no,0.08703315,0.8752123784913642,no,0.28879732,0.8924400993114376,no,-0.024900813,0.8233450860916455,no,0,,2,KEGG TCR;KEGG Th17,0,2,shared
KEGG Th17,KEGG:Th17 cell differentiation,Cd4,yes,False,-0.1707273,0.3970729945294229,no,0.046605192,0.7969221016804879,no,0.52696687,0.9028121757579018,no,-1.0701017,0.9691008500686222,no,-2.077434,0.8924400993114376,no,0.31321698,0.5062665856013984,no,0,,2,KEGG TCR;KEGG Th17,0,2,shared
KEGG Th17,KEGG:Th17 cell differentiation,Chuk,yes,False,0.05133609,0.8475262358059352,no,-0.44469792,0.0020289832366825,yes,0.1525608,0.9495377525703051,no,-0.7605707,0.8752123784913642,no,-0.66035724,0.9053202409042876,no,-0.20529857,0.5886914683594362,no,1,cluster_tissue__C3__spleen;tissue__spleen,5,KEGG MAPK;KEGG IL-17;KEGG TCR;KEGG Th17;KEGG TNF,2,7,shared
KEGG Th17,KEGG:Th17 cell differentiation,FOXP3,no,False,,,NA,,,NA,,,NA,,,NA,,,NA,,,NA,0,,1,KEGG Th17,0,0,specific
KEGG Th17,KEGG:Th17 cell differentiation,Fos,yes,False,0.9321617,1.9678601639076224e-19,yes,1.775818,1.386303899987273e-38,yes,1.1333468,0.0169606929508191,yes,0.43293685,0.95404827791989,no,0.90121263,0.9761216305114476,no,0.50396675,6.700031630205009e-05,yes,4,cluster_tissue__C0__bone_marrow;cluster_tissue__C3__spleen;cluster_tissue__C4__bone_marrow;cluster_tissue__C6__thymus;tissue__bone_marrow;tissue__spleen;tissue__thymus,6,KEGG MAPK;KEGG IL-17;KEGG TCR;KEGG Th17;KEGG TNF;GO AP-1 complex,5,10,shared
KEGG Th17,KEGG:Th17 cell differentiation,Gata3,yes,False,0.034092836,0.8857814550947304,no,-0.16512877,0.0667948611837242,no,0.20985326,0.8108727041342086,no,-0.11130352,0.9511413123391442,no,-0.2777106,0.9520536566866288,no,-0.1742254,0.4074571879862808,no,0,,1,KEGG Th17,1,2,specific
KEGG Th17,KEGG:Th17 cell differentiation,H2-AA,no,False,,,NA,,,NA,,,NA,,,NA,,,NA,,,NA,0,,1,KEGG Th17,0,0,specific
KEGG Th17,KEGG:Th17 cell differentiation,H2-AB1,no,False,,,NA,,,NA,,,NA,,,NA,,,NA,,,NA,0,,1,KEGG Th17,0,0,specific
KEGG Th17,KEGG:Th17 cell differentiation,H2-DMB1,no,False,,,NA,,,NA,,,NA,,,NA,,,NA,,,NA,0,,1,KEGG Th17,0,0,specific
KEGG Th17,KEGG:Th17 cell differentiation,H2-DMB2,no,False,,,NA,,,NA,,,NA,,,NA,,,NA,,,NA,0,,1,KEGG Th17,0,0,specific
KEGG Th17,KEGG:Th17 cell differentiation,H2-DMa,yes,False,0.018043144,0.9132604180370204,no,0.16272573,0.43300035610088,no,0.1920823,0.9815536896257854,no,0.018979738,1.0,no,-1.3893467,0.8924400993114376,no,-0.23250622,0.6375973690744112,no,0,,1,KEGG Th17,3,4,specific
KEGG Th17,KEGG:Th17 cell differentiation,H2-EA-PS,no,False,,,NA,,,NA,,,NA,,,NA,,,NA,,,NA,0,,1,KEGG Th17,0,0,specific
KEGG Th17,KEGG:Th17 cell differentiation,H2-EB1,no,False,,,NA,,,NA,,,NA,,,NA,,,NA,,,NA,0,,1,KEGG Th17,0,0,specific
KEGG Th17,KEGG:Th17 cell differentiation,H2-OB,no,False,,,NA,,,NA,,,NA,,,NA,,,NA,,,NA,0,,1,KEGG Th17,0,0,specific
KEGG Th17,KEGG:Th17 cell differentiation,H2-Oa,yes,False,-0.2805712,0.7365347414834014,no,-0.07097001,0.9205992313471676,no,-2.179388,0.472672242585826,no,0.75810057,0.8803601802091184,no,24.433764,0.8950357678914026,no,-0.49489868,0.8498721980405174,no,0,,1,KEGG Th17,2,3,specific
KEGG Th17,KEGG:Th17 cell differentiation,Hif1a,yes,False,0.32059175,0.0032860372504353,yes,0.15227795,0.3405815778660248,no,0.12271069,0.950257724798984,no,0.14679715,0.9834014767684784,no,1.4428391,0.8924400993114376,no,0.33448422,0.2263652124127702,no,1,cluster_tissue__C0__bone_marrow;tissue__bone_marrow,1,KEGG Th17,1,2,specific
KEGG Th17,KEGG:Th17 cell differentiation,Hsp90aa1,yes,True,0.07882894,0.2902218366322493,no,-0.27867016,8.35383210928123e-07,yes,0.09435782,0.8876150307403349,no,0.013492703,1.0,no,-0.20288529,0.9845136932353914,no,0.025545044,0.8460309727415438,no,1,cluster_tissue__C3__spleen;cluster_tissue__C4__spleen;tissue__spleen,2,KEGG IL-17;KEGG Th17,0,0,shared
KEGG Th17,KEGG:Th17 cell differentiation,Hsp90ab1,yes,True,-0.16136199,2.8067742191355613e-08,no,-0.3181498,2.2686314732557737e-29,yes,-0.18572421,0.2829291199998878,no,-0.07371882,0.8755374270352486,no,-0.48435864,0.8924400993114376,no,-0.11560039,0.012776981975686,no,1,cluster_tissue__C3__spleen;cluster_tissue__C5-1__spleen;tissue__spleen,2,KEGG IL-17;KEGG Th17,0,0,shared
KEGG Th17,KEGG:Th17 cell differentiation,IL17A,no,False,,,NA,,,NA,,,NA,,,NA,,,NA,,,NA,0,,2,KEGG IL-17;KEGG Th17,0,0,shared
KEGG Th17,KEGG:Th17 cell differentiation,IL17D,no,False,,,NA,,,NA,,,NA,,,NA,,,NA,,,NA,0,,2,KEGG IL-17;KEGG Th17,0,0,shared
KEGG Th17,KEGG:Th17 cell differentiation,IL17F,no,False,,,NA,,,NA,,,NA,,,NA,,,NA,,,NA,0,,2,KEGG IL-17;KEGG Th17,0,0,shared
KEGG Th17,KEGG:Th17 cell differentiation,IL1B,no,False,,,NA,,,NA,,,NA,,,NA,,,NA,,,NA,0,,4,KEGG MAPK;KEGG IL-17;KEGG Th17;KEGG TNF,0,0,shared
KEGG Th17,KEGG:Th17 cell differentiation,IL21,no,False,,,NA,,,NA,,,NA,,,NA,,,NA,,,NA,0,,1,KEGG Th17,0,0,specific
KEGG Th17,KEGG:Th17 cell differentiation,IL22,no,False,,,NA,,,NA,,,NA,,,NA,,,NA,,,NA,0,,1,KEGG Th17,0,0,specific
KEGG Th17,KEGG:Th17 cell differentiation,IL23A,no,False,,,NA,,,NA,,,NA,,,NA,,,NA,,,NA,0,,1,KEGG Th17,0,0,specific
KEGG Th17,KEGG:Th17 cell differentiation,IL6,no,False,,,NA,,,NA,,,NA,,,NA,,,NA,,,NA,0,,3,KEGG IL-17;KEGG Th17;KEGG TNF,0,0,shared
KEGG Th17,KEGG:Th17 cell differentiation,Ifng,yes,False,-0.07648011,0.6532607671396533,no,-0.10954862,0.6246241282113042,no,0.12682037,0.9911602743116624,no,-0.27500814,0.9993174811522004,no,0.0,1.0,no,0.1363035,0.5253036689535169,no,0,,3,KEGG IL-17;KEGG TCR;KEGG Th17,3,6,shared
KEGG Th17,KEGG:Th17 cell differentiation,Ifngr1,yes,False,0.09955277,0.2084877911817997,no,-0.19037974,0.052689951837206,no,0.18682316,0.8356105722401911,no,0.3207111,0.7884206740215758,no,-0.33085987,0.9719114281971634,no,-0.1391001,0.3460493191112725,no,0,,1,KEGG Th17,1,2,specific
KEGG Th17,KEGG:Th17 cell differentiation,Ifngr2,yes,False,0.22502296,0.7792184385280786,no,-0.097779766,0.939693716757401,no,-22.328693,0.8311291475053749,no,-0.2215807,0.9691008500686222,no,-0.37932596,1.0,no,-22.006615,0.290648596383308,no,0,,1,KEGG Th17,1,2,specific
KEGG Th17,KEGG:Th17 cell differentiation,Ikbkb,yes,False,-0.10783413,0.4440250654977866,no,-0.10417091,0.3297798781919041,no,-0.07116553,0.9484782084608052,no,-0.8251468,0.7046027004444183,no,-0.28950974,0.983536795770768,no,-0.11002027,0.75055003694521,no,0,,5,KEGG MAPK;KEGG IL-17;KEGG TCR;KEGG Th17;KEGG TNF,3,8,shared
KEGG Th17,KEGG:Th17 cell differentiation,Ikbkg,yes,False,-0.016307281,0.9789239813562632,no,-0.22528365,0.5085519087287014,no,-0.6247419,0.8399001236604936,no,-0.68697196,0.89970102468078,no,-0.89868295,0.8950357678914026,no,0.30413702,0.5862714653147028,no,0,,5,KEGG MAPK;KEGG IL-17;KEGG TCR;KEGG Th17;KEGG TNF,1,6,shared
KEGG Th17,KEGG:Th17 cell differentiation,Il12rb1,yes,False,-0.20709264,0.4877906672019934,no,-0.09669363,0.8484500574663608,no,0.07770841,0.9974065754621892,no,-0.086349025,1.0,no,-0.3395763,1.0,no,-0.0094221495,0.9552606777646846,no,0,,1,KEGG Th17,0,1,specific
KEGG Th17,KEGG:Th17 cell differentiation,Il1r1,yes,False,21.144537,0.1751718507246958,no,-0.6729734,0.8760663894380032,no,0.0,1.0,no,0.12504286,1.0,no,1.0159229,0.8924400993114376,no,0.0,1.0,no,0,,2,KEGG MAPK;KEGG Th17,1,3,shared
KEGG Th17,KEGG:Th17 cell differentiation,Il1rap,yes,False,-0.7781766,0.0875362718209014,no,0.16520745,0.7439086882400755,no,0.28512505,0.949445454332073,no,2.6611893,0.8491192006383744,no,-2.0970151,0.8950357678914026,no,-0.69870543,0.4963278606473982,no,0,,2,KEGG MAPK;KEGG Th17,0,2,shared
KEGG Th17,KEGG:Th17 cell differentiation,Il2,yes,False,-0.5264475,0.4358121740172394,no,-0.54944426,0.5804643425699184,no,-0.33319935,0.964740161416936,no,23.16203,0.8752123784913642,no,0.0,1.0,no,-0.32684058,0.866705020962456,no,0,,2,KEGG TCR;KEGG Th17,0,2,shared
KEGG Th17,KEGG:Th17 cell differentiation,Il21r,yes,False,-0.015441124,0.9633442493960191,no,-0.091091864,0.675251094346558,no,-0.082207695,0.949445454332073,no,0.1732091,0.9430943154090814,no,0.9261361,0.9719114281971634,no,-0.07799547,0.8273866475830259,no,0,,1,KEGG Th17,0,1,specific
KEGG Th17,KEGG:Th17 cell differentiation,Il23r,yes,False,0.0,1.0,no,20.483492,0.2770439328510379,no,0.0,1.0,no,0.6621692,0.8652660695302766,no,0.26743403,1.0,no,0.0,1.0,no,0,,1,KEGG Th17,0,1,specific
KEGG Th17,KEGG:Th17 cell differentiation,Il27ra,yes,False,-0.13561855,0.313807819790677,no,-0.031679284,0.6613618041158934,no,0.39224535,0.6315645061711538,no,0.020651195,1.0,no,-0.35932845,0.8950357678914026,no,-0.19245498,0.365299917795082,no,0,,1,KEGG Th17,0,1,specific
KEGG Th17,KEGG:Th17 cell differentiation,Il2ra,yes,False,-0.03646063,1.0,no,0.0040905355,0.952373820684524,no,0.56676435,0.905469520987969,no,0.0850063,1.0,no,0.13847479,1.0,no,0.030989591,0.9710683885018488,no,0,,1,KEGG Th17,0,1,specific
KEGG Th17,KEGG:Th17 cell differentiation,Il2rb,yes,False,-0.049859326,0.5118508850142793,no,-0.058848955,0.2853489012756736,no,0.11943463,0.7492092126801023,no,0.26262632,0.9540048639674902,no,-0.84430283,0.8924400993114376,no,0.0277249,0.9208275605525472,no,0,,1,KEGG Th17,0,1,specific
KEGG Th17,KEGG:Th17 cell differentiation,Il2rg,yes,False,0.06033743,0.556348250176593,no,0.0793074,0.3537015690837484,no,0.34998888,0.3175617425415737,no,0.35592714,0.8491192006383744,no,0.24789229,0.8950357678914026,no,0.0010433168,0.8112896273789266,no,0,,1,KEGG Th17,0,1,specific
KEGG Th17,KEGG:Th17 cell differentiation,Il4,yes,False,-0.05102692,0.893321517604878,no,0.123533405,0.3613039586169307,no,0.22969557,0.9974065754621892,no,-1.2455655,0.8652660695302766,no,-0.79253703,0.8950357678914026,no,-0.027514657,0.9495242832407714,no,0,,3,KEGG IL-17;KEGG TCR;KEGG Th17,0,3,shared
KEGG Th17,KEGG:Th17 cell differentiation,Il4ra,yes,False,0.15691666,0.2498447702017498,no,0.13462323,0.4664701039279051,no,0.31335258,0.8356105722401911,no,1.3589218,0.834361638050459,no,25.527687,0.8924400993114376,no,-0.101328686,0.8273866475830259,no,0,,1,KEGG Th17,0,1,specific
KEGG Th17,KEGG:Th17 cell differentiation,Il6ra,yes,False,0.6881778,0.124099719622276,no,0.54864115,0.5938524786923934,no,-1.1972193,0.7144219530117352,no,25.461945,0.7884206740215758,no,-1.309268,0.8950357678914026,no,0.28277266,0.6130024781011721,no,0,tissue__spleen,1,KEGG Th17,1,3,specific
KEGG Th17,KEGG:Th17 cell differentiation,Il6st,yes,False,0.325053,0.3457605581696245,no,0.15493917,0.6706309688277297,no,-0.7674372,0.8108727041342086,no,-1.6251055,0.8754402765736332,no,24.533997,0.8950357678914026,no,0.3062527,0.7255053442084861,no,0,,1,KEGG Th17,2,3,specific
KEGG Th17,KEGG:Th17 cell differentiation,Irf4,yes,False,0.08017256,0.9903870813890352,no,0.1404566,0.7931164867397471,no,-21.9544,0.8311291475053749,no,0.0,1.0,no,24.533997,0.8950357678914026,no,1.3546836,0.4426359818622939,no,0,,1,KEGG Th17,0,2,specific
KEGG Th17,KEGG:Th17 cell differentiation,Jak1,yes,False,-0.04614214,0.40962011977215,no,-0.07824773,0.1227381406332614,no,-0.031075455,0.9762185549849514,no,0.3080511,0.8652660695302766,no,-0.42067757,0.8950357678914026,no,-0.1314481,0.121868024167851,no,0,,1,KEGG Th17,0,1,specific
KEGG Th17,KEGG:Th17 cell differentiation,Jak2,yes,False,0.0137655325,0.9535127314044686,no,0.082581006,0.5018521950351857,no,0.43859065,0.7106628618657509,no,0.006176824,1.0,no,1.9283377,0.8924400993114376,no,-0.13618067,0.7705649457267664,no,0,,1,KEGG Th17,1,2,specific
KEGG Th17,KEGG:Th17 cell differentiation,Jak3,yes,False,0.23558684,0.3296569221403712,no,-0.03620131,0.930458544669835,no,0.12037605,0.9467698418692164,no,0.3518824,0.9622399608294852,no,-0.5659276,1.0,no,-0.027552722,0.9838553751536748,no,0,,1,KEGG Th17,0,1,specific
KEGG Th17,KEGG:Th17 cell differentiation,Jun,yes,False,0.6138494,8.479452752364815e-16,yes,1.2428119,4.3910379121289585e-77,yes,0.62406504,0.2984701087902344,no,0.30829823,0.9026213492618612,no,1.9715924,0.8924400993114376,no,0.1431964,0.4886187716187679,no,2,cluster_tissue__C0__bone_marrow;cluster_tissue__C3__spleen;cluster_tissue__C4__spleen;cluster_tissue__C5-1__spleen;tissue__bone_marrow;tissue__spleen,6,KEGG MAPK;KEGG IL-17;KEGG TCR;KEGG Th17;KEGG TNF;GO AP-1 complex,7,14,shared
KEGG Th17,KEGG:Th17 cell differentiation,Lat,yes,False,-0.1774716,0.0021217086361574,no,-0.16401789,2.6465048499034536e-05,no,-0.08536658,0.9401586956943466,no,-0.11744496,0.9023473855660934,no,-0.04837364,1.0,no,-0.1049238,0.5392905155486452,no,0,,2,KEGG TCR;KEGG Th17,1,3,shared
KEGG Th17,KEGG:Th17 cell differentiation,Lck,yes,False,-0.1793067,2.079608215869162e-05,no,-0.20103343,4.178675687828543e-07,no,-0.047414307,0.9419626205192592,no,0.23779042,0.9540048639674902,no,-0.24214593,0.8950357678914026,no,-0.12335192,0.1674919492596711,no,0,,2,KEGG TCR;KEGG Th17,1,3,shared
KEGG Th17,KEGG:Th17 cell differentiation,MAPK10,no,False,,,NA,,,NA,,,NA,,,NA,,,NA,,,NA,0,,4,KEGG MAPK;KEGG IL-17;KEGG Th17;KEGG TNF,0,0,shared
KEGG Th17,KEGG:Th17 cell differentiation,MAPK12,no,False,,,NA,,,NA,,,NA,,,NA,,,NA,,,NA,0,,5,KEGG MAPK;KEGG IL-17;KEGG TCR;KEGG Th17;KEGG TNF,0,0,shared
KEGG Th17,KEGG:Th17 cell differentiation,MAPK13,no,False,,,NA,,,NA,,,NA,,,NA,,,NA,,,NA,0,,5,KEGG MAPK;KEGG IL-17;KEGG TCR;KEGG Th17;KEGG TNF,0,0,shared
KEGG Th17,KEGG:Th17 cell differentiation,Mapk1,yes,False,-0.16972041,0.1847285329790366,no,-0.21938962,0.0295911808758025,no,-0.24703492,0.8311291475053749,no,-0.45133957,0.8752123784913642,no,0.31386063,0.9761216305114476,no,-0.015222658,0.99987768021064,no,0,,5,KEGG MAPK;KEGG IL-17;KEGG TCR;KEGG Th17;KEGG TNF,11,18,shared
KEGG Th17,KEGG:Th17 cell differentiation,Mapk11,yes,False,-0.37186098,0.813529751183778,no,0.56798506,0.857671891896384,no,-24.271957,0.5757270353737803,no,-24.37313,0.8652660695302766,no,0.0,1.0,no,-1.5220566,0.4431512211750446,no,0,,5,KEGG MAPK;KEGG IL-17;KEGG TCR;KEGG Th17;KEGG TNF,3,10,shared
KEGG Th17,KEGG:Th17 cell differentiation,Mapk14,yes,False,-0.13536857,0.6333071897133913,no,-0.18063876,0.3984106494539359,no,-0.31386527,0.8356105722401911,no,0.21370807,0.9729849139877652,no,-1.507047,0.8924400993114376,no,-0.20277803,0.5871678358648861,no,0,,5,KEGG MAPK;KEGG IL-17;KEGG TCR;KEGG Th17;KEGG TNF,3,10,shared
KEGG Th17,KEGG:Th17 cell differentiation,Mapk3,yes,False,-0.11857263,0.7263089261714424,no,-0.012361835,0.9601367677483346,no,-0.41910833,0.7352860651315374,no,0.79833543,0.8652660695302766,no,-0.6297096,0.983536795770768,no,0.37222248,0.1408407644948492,no,0,,5,KEGG MAPK;KEGG IL-17;KEGG TCR;KEGG Th17;KEGG TNF,8,15,shared
KEGG Th17,KEGG:Th17 cell differentiation,Mapk8,yes,False,0.22415884,0.4387938487627963,no,0.23490505,0.435611924620743,no,0.12523706,0.9974065754621892,no,-0.6697701,0.8852528658693669,no,26.889061,0.8924400993114376,no,0.025973987,0.9165729998825944,no,0,,4,KEGG MAPK;KEGG IL-17;KEGG Th17;KEGG TNF,3,9,shared
KEGG Th17,KEGG:Th17 cell differentiation,Mapk9,yes,False,-0.02950095,0.977807412682138,no,-0.020071305,0.9878629107767232,no,0.20974918,0.9510994936748822,no,0.30361682,0.9827001605731628,no,1.1254013,0.8924400993114376,no,0.45271337,0.2001347666868211,no,0,,5,KEGG MAPK;KEGG IL-17;KEGG TCR;KEGG Th17;KEGG TNF,4,11,shared
KEGG Th17,KEGG:Th17 cell differentiation,Mtor,yes,False,-0.05535149,0.9611146806844064,no,0.28306016,0.3519222480936859,no,0.7535062,0.8356105722401911,no,-0.6073206,0.9001024280704853,no,-0.006258776,1.0,no,-0.12606558,0.9057507286564412,no,0,,1,KEGG Th17,2,3,specific
KEGG Th17,KEGG:Th17 cell differentiation,Nfatc1,yes,False,-0.08189829,0.6554024621913839,no,-0.18300448,0.1401946350539319,no,0.25482816,0.8416617668139579,no,-0.75160587,0.8491192006383744,no,0.23373549,1.0,no,0.080897234,0.806224360696523,no,0,,3,KEGG MAPK;KEGG TCR;KEGG Th17,3,6,shared
KEGG Th17,KEGG:Th17 cell differentiation,Nfatc2,yes,False,0.0624876,0.7345080531789732,no,-0.036043864,0.9230314685635138,no,-0.10828848,0.9495728287449332,no,0.08805484,1.0,no,0.45101154,0.9845136932353914,no,-0.020319242,0.9752203406079064,no,0,,3,KEGG TCR;KEGG Th17;GO AP-1 complex,4,6,shared
KEGG Th17,KEGG:Th17 cell differentiation,Nfatc3,yes,False,-0.034432247,0.8601368132510366,no,-0.08126569,0.5282342363233737,no,-0.21071588,0.8108727041342086,no,0.068992525,1.0,no,0.025676671,1.0,no,0.07716363,0.8676999613298007,no,0,,3,KEGG MAPK;KEGG TCR;KEGG Th17,3,6,shared
KEGG Th17,KEGG:Th17 cell differentiation,Nfkb1,yes,False,-0.06266619,0.7354157547205854,no,-0.0069374964,0.9536818073275865,no,-0.11020659,0.9974065754621892,no,-0.41220456,0.8652660695302766,no,0.19399029,1.0,no,0.04910556,0.8195776249086381,no,0,,5,KEGG MAPK;KEGG IL-17;KEGG TCR;KEGG Th17;KEGG TNF,3,10,shared
KEGG Th17,KEGG:Th17 cell differentiation,Nfkbia,yes,False,0.16079438,0.1567251124482913,no,0.15713345,0.1001855437772732,no,0.014840504,0.9786467949712592,no,0.27740818,0.8752123784913642,no,-0.2640589,1.0,no,0.047600407,0.7582528103123426,no,0,,4,KEGG IL-17;KEGG TCR;KEGG Th17;KEGG TNF,0,4,shared
KEGG Th17,KEGG:Th17 cell differentiation,Nfkbib,yes,False,-0.27380806,0.1393639976463997,no,-0.015963748,0.9553848288839032,no,0.054576878,1.0,no,-1.0018504,0.8424284797545121,no,2.3241594,0.8924400993114376,no,-0.18055965,0.7329472605140537,no,0,tissue__bone_marrow,2,KEGG TCR;KEGG Th17,0,2,shared
KEGG Th17,KEGG:Th17 cell differentiation,Nfkbie,yes,False,-0.08437168,0.8080614293306546,no,0.19992535,0.2450714826402933,no,0.29241833,0.9208641773954032,no,0.14074367,1.0,no,-0.55506873,0.8950357678914026,no,-0.2914593,0.6245880659138247,no,0,,2,KEGG TCR;KEGG Th17,0,2,shared
KEGG Th17,KEGG:Th17 cell differentiation,PPP3R2,no,False,,,NA,,,NA,,,NA,,,NA,,,NA,,,NA,0,,3,KEGG MAPK;KEGG TCR;KEGG Th17,0,0,shared
KEGG Th17,KEGG:Th17 cell differentiation,Plcg1,yes,False,-0.098923214,0.5328024533559472,no,-0.16475317,0.1501863845069729,no,-0.36479315,0.7803484267055749,no,0.33820787,0.93712529398547,no,0.952156,0.8924400993114376,no,0.10323822,0.7815996850899268,no,0,,2,KEGG TCR;KEGG Th17,2,4,shared
KEGG Th17,KEGG:Th17 cell differentiation,Ppp3ca,yes,False,-0.023899853,0.9335897465983016,no,0.05311656,0.7559008866492026,no,-0.013906424,0.9974065754621892,no,0.3746337,0.8752123784913642,no,0.66179615,0.8950357678914026,no,-0.011430101,0.99674618446036,no,0,,3,KEGG MAPK;KEGG TCR;KEGG Th17,3,6,shared
KEGG Th17,KEGG:Th17 cell differentiation,Ppp3cb,yes,False,0.13165331,0.4515924756364738,no,0.07985086,0.6443410246346836,no,0.12218025,0.9150233834391356,no,0.76289725,0.8491192006383744,no,-0.21639124,1.0,no,-0.12929422,0.7451102544192075,no,0,,3,KEGG MAPK;KEGG TCR;KEGG Th17,3,6,shared
KEGG Th17,KEGG:Th17 cell differentiation,Ppp3cc,yes,False,0.11421174,0.4430129480024217,no,-0.025682341,0.9276633223513172,no,-0.3438872,0.6977563050181,no,-0.2576892,0.9743308209902122,no,-3.508746,0.8924400993114376,no,-0.012025643,0.9988626733094398,no,0,,3,KEGG MAPK;KEGG TCR;KEGG Th17,3,6,shared
KEGG Th17,KEGG:Th17 cell differentiation,Ppp3r1,yes,False,0.23936597,0.1379293328440221,no,-0.07045917,0.7202797918582206,no,-0.16663605,0.9340956946345144,no,-0.13667876,0.9752336279504292,no,0.7890462,0.8950357678914026,no,-0.17086723,0.7068933738152153,no,0,,3,KEGG MAPK;KEGG TCR;KEGG Th17,3,6,shared
KEGG Th17,KEGG:Th17 cell differentiation,Prkcq,yes,False,0.073932044,0.6410260427347485,no,0.08499317,0.543253549209768,no,0.34403554,0.6977563050181,no,-0.051042467,1.0,no,0.7849649,0.8924400993114376,no,-0.15518552,0.4323985632547236,no,0,,2,KEGG TCR;KEGG Th17,2,4,shared
KEGG Th17,KEGG:Th17 cell differentiation,RXRG,no,False,,,NA,,,NA,,,NA,,,NA,,,NA,,,NA,0,,1,KEGG Th17,0,0,specific
KEGG Th17,KEGG:Th17 cell differentiation,Rara,yes,False,0.23475239,0.2771777016199104,no,0.15424486,0.5097546978907628,no,-0.24314922,0.863987174424327,no,-0.28257838,0.9262685808769188,no,0.4881989,0.9968771239737092,no,-0.27990144,0.4805795248905762,no,0,,1,KEGG Th17,3,4,specific
KEGG Th17,KEGG:Th17 cell differentiation,Rela,yes,False,-0.06539561,0.7409714204446498,no,0.013253526,0.9665992366112898,no,-0.15190902,0.949445454332073,no,0.37127554,0.9251161006401144,no,0.9372093,0.8924400993114376,no,-0.22182514,0.4794673772875346,no,0,,5,KEGG MAPK;KEGG IL-17;KEGG TCR;KEGG Th17;KEGG TNF,3,8,shared
KEGG Th17,KEGG:Th17 cell differentiation,Rora,yes,False,0.070708215,0.556348250176593,no,0.05371356,0.6426671171309251,no,-0.022246001,0.9974065754621892,no,0.0044970983,1.0,no,0.8453579,0.8924400993114376,no,-0.07216167,0.9897103348173842,no,0,,1,KEGG Th17,3,5,specific
KEGG Th17,KEGG:Th17 cell differentiation,Rorc,yes,False,-0.5265055,0.8116268510054652,no,0.91579235,0.2875640424097079,no,-22.185362,0.8311291475053749,no,0.08663649,1.0,no,-0.16502506,1.0,no,21.480177,0.3893647138517269,no,0,,1,KEGG Th17,0,2,specific
KEGG Th17,KEGG:Th17 cell differentiation,Runx1,yes,False,0.24997948,0.0171872975417299,no,0.106194444,0.448924269923289,no,0.05387022,0.9962717621002956,no,0.7001609,0.7884206740215758,no,0.10026971,1.0,no,0.26569837,0.4298350543872516,no,0,tissue__bone_marrow,1,KEGG Th17,1,2,specific
KEGG Th17,KEGG:Th17 cell differentiation,Rxra,yes,False,0.26038006,0.4509690249055566,no,0.24749435,0.4583384479086524,no,0.5771801,0.8311291475053749,no,-0.08646786,1.0,no,0.32132548,1.0,no,-0.5565051,0.3805751088903941,no,0,,1,KEGG Th17,3,4,specific
KEGG Th17,KEGG:Th17 cell differentiation,Rxrb,yes,False,-0.2344364,0.2450375009903821,no,-0.022760492,0.9159425629644512,no,0.18465005,0.9232527512995972,no,-0.2007926,1.0,no,-0.44427106,1.0,no,-0.19222873,0.7094008075959569,no,0,,1,KEGG Th17,2,3,specific
KEGG Th17,KEGG:Th17 cell differentiation,Smad2,yes,False,0.104906544,0.602916657976715,no,-0.08395224,0.6934496923340454,no,-0.05569613,0.9974065754621892,no,-0.021150755,1.0,no,-0.29121664,1.0,no,-0.11865027,0.773700092201044,no,0,,1,KEGG Th17,1,2,specific
KEGG Th17,KEGG:Th17 cell differentiation,Smad3,yes,False,0.009636511,0.9139583445252588,no,-0.13555123,0.4326966127532666,no,0.4623909,0.7409814144891971,no,-0.8810678,0.8752123784913642,no,1.3378388,0.8924400993114376,no,0.2106577,0.6245880659138247,no,0,,1,KEGG Th17,2,5,specific
KEGG Th17,KEGG:Th17 cell differentiation,Smad4,yes,False,0.14205194,0.5366127520011118,no,0.055421785,0.8451639753196636,no,0.0038289323,0.9974065754621892,no,0.12562625,1.0,no,-0.9735542,0.8950357678914026,no,0.022689302,0.9165729998825944,no,0,,1,KEGG Th17,2,5,specific
KEGG Th17,KEGG:Th17 cell differentiation,Stat1,yes,False,-0.13719426,0.1484412798246189,no,-0.10113738,0.1827243536221277,no,-0.2148117,0.8203715161398286,no,0.023604775,1.0,no,0.39854383,0.8950917550791908,no,-0.1541175,0.4407541923798456,no,0,,1,KEGG Th17,1,2,specific
KEGG Th17,KEGG:Th17 cell differentiation,Stat3,yes,False,0.045244098,0.8608930617583549,no,-0.15445437,0.1471515925882627,no,-0.29324183,0.7863916985203045,no,-0.0965548,0.9733984796643336,no,-1.0310656,0.8950357678914026,no,-0.1978106,0.3974606424408167,no,0,,1,KEGG Th17,2,4,specific
KEGG Th17,KEGG:Th17 cell differentiation,Stat5a,yes,False,0.23084782,0.3744951340360956,no,0.019854065,0.9039880018478912,no,0.1424739,0.9974065754621892,no,-0.55351293,0.9248475371394538,no,-1.2329073,0.8950357678914026,no,0.26544073,0.6644859865532436,no,0,,1,KEGG Th17,3,4,specific
KEGG Th17,KEGG:Th17 cell differentiation,Stat5b,yes,False,-0.101597466,0.6912829270293095,no,0.054993562,0.8496805623249186,no,-0.18887514,0.9467698418692164,no,-0.5856623,0.8652660695302766,no,1.46967,0.8924400993114376,no,0.07115384,0.9042495417535308,no,0,,1,KEGG Th17,3,4,specific
KEGG Th17,KEGG:Th17 cell differentiation,Stat6,yes,False,-0.15673079,0.5409324712574258,no,0.037802916,0.7945699145696186,no,0.10406234,0.9974065754621892,no,0.025846792,1.0,no,-0.08086378,1.0,no,-0.154749,0.7418104198597344,no,0,,1,KEGG Th17,0,1,specific
KEGG Th17,KEGG:Th17 cell differentiation,Tbx21,yes,False,0.0028809563,0.9801344800980624,no,-0.048852142,0.7386034232284359,no,0.2216208,0.8526905217395094,no,0.63319385,0.8652660695302766,no,0.8113859,0.9761216305114476,no,-0.19362204,0.4074571879862808,no,0,,1,KEGG Th17,0,1,specific
KEGG Th17,KEGG:Th17 cell differentiation,Tgfb1,yes,False,-0.060144577,0.6673580376564545,no,-0.084678985,0.3639033709049993,no,0.11068785,0.9663446737748456,no,0.09409307,1.0,no,-0.26012287,0.9855310072594438,no,0.23495016,0.1141935607996785,no,0,,2,KEGG MAPK;KEGG Th17,11,14,shared
KEGG Th17,KEGG:Th17 cell differentiation,Tgfbr1,yes,False,0.032526724,0.9974985035768564,no,-0.16176002,0.545968146889413,no,-0.020512192,0.9974065754621892,no,0.47261843,0.9691008500686222,no,-26.805561,0.8924400993114376,no,-0.20424278,0.8273866475830259,no,0,,2,KEGG MAPK;KEGG Th17,1,3,shared
KEGG Th17,KEGG:Th17 cell differentiation,Tgfbr2,yes,False,0.003243901,0.9582604356935184,no,-0.12930542,0.3318054403871369,no,0.13645335,0.9467698418692164,no,-0.28458083,0.8752123784913642,no,-0.17134978,1.0,no,-0.00028158943,0.9575361044484372,no,0,,2,KEGG MAPK;KEGG Th17,0,2,shared
KEGG Th17,KEGG:Th17 cell differentiation,Tyk2,yes,False,-0.18127085,0.3577066125294454,no,-0.08415901,0.7430791085496318,no,-0.5817455,0.6977563050181,no,-0.45173207,0.9456494109380296,no,-0.59261364,0.9761216305114476,no,0.0068818945,0.9733072625340062,no,0,,1,KEGG Th17,0,1,specific
KEGG Th17,KEGG:Th17 cell differentiation,Zap70,yes,False,-0.028281718,0.7994382074362693,no,-0.02799546,0.7635282628033887,no,-0.064565614,0.9612209034366106,no,-0.29070023,0.8752123784913642,no,-0.44247633,0.8950357678914026,no,0.085173175,0.6698980903278134,no,0,,2,KEGG TCR;KEGG Th17,1,3,shared
KEGG TNF,KEGG:TNF signaling pathway,Akt1,yes,False,-0.012982984,0.9867913396142332,no,0.061699968,0.7246384364417559,no,-0.22989959,0.9092905619583422,no,0.0071420986,1.0,no,-0.584638,0.9251267871429516,no,-0.23425724,0.4376886187975157,no,0,,3,KEGG MAPK;KEGG TCR;KEGG TNF,4,7,shared
KEGG TNF,KEGG:TNF signaling pathway,Akt2,yes,False,0.07249906,0.7312418543899321,no,-0.34179515,0.024207603707906,yes,-0.11577255,0.965086701014578,no,0.5816567,0.8652660695302766,no,-0.27984825,1.0,no,0.12673809,0.850981666715998,no,1,cluster_tissue__C3__spleen,3,KEGG MAPK;KEGG TCR;KEGG TNF,2,5,shared
KEGG TNF,KEGG:TNF signaling pathway,Akt3,yes,False,-0.39335,0.2155948306727569,no,0.057824727,0.7994659286693535,no,-0.4714101,0.8311291475053749,no,-0.19428393,0.9922866578492496,no,25.708277,0.8924400993114376,no,0.103419624,0.8237702581779571,no,0,,3,KEGG MAPK;KEGG TCR;KEGG TNF,2,5,shared
KEGG TNF,KEGG:TNF signaling pathway,Atf2,yes,False,-0.25557807,0.2074215753311555,no,-0.11058159,0.6569457384627201,no,0.14135246,0.950257724798984,no,-0.9444085,0.8375416940562744,no,0.38226947,1.0,no,-0.12894717,0.7390037584123536,no,0,,2,KEGG MAPK;KEGG TNF,4,9,shared
KEGG TNF,KEGG:TNF signaling pathway,Atf4,yes,False,0.22303645,0.0355170805323722,no,0.114103876,0.3734179881787656,no,0.088006504,0.9419626205192592,no,-0.002824145,1.0,no,-0.80105793,0.8924400993114376,no,-0.036897477,0.9615154945548822,no,0,,2,KEGG MAPK;KEGG TNF,5,7,shared
KEGG TNF,KEGG:TNF signaling pathway,Atf6b,yes,False,0.10831578,0.6283713295007335,no,-0.13399994,0.6393474216849333,no,-0.2431579,0.9467698418692164,no,0.8927753,0.8727024757755376,no,0.96661645,0.8950357678914026,no,0.0840904,0.8861393235731678,no,0,,1,KEGG TNF,0,1,specific
KEGG TNF,KEGG:TNF signaling pathway,Bag4,yes,False,0.23662736,0.274593453848058,no,0.0801819,0.7056515817834025,no,0.3140324,0.8356105722401911,no,-0.57211494,0.9227630822209126,no,-2.5674603,0.8924400993114376,no,-0.13543905,0.8368676996627301,no,0,,1,KEGG TNF,0,1,specific
KEGG TNF,KEGG:TNF signaling pathway,Bcl3,yes,False,0.34367514,0.1493849934327505,no,0.30657884,0.1482203888944028,no,0.22390935,0.9266761396123906,no,0.39267546,1.0,no,0.8948561,0.983536795770768,no,-0.29734427,0.7321351998023617,no,0,,1,KEGG TNF,0,1,specific
KEGG TNF,KEGG:TNF signaling pathway,Birc2,yes,False,0.03451075,0.8865365968660959,no,0.16309638,0.2037520571458436,no,-0.29319856,0.8311291475053749,no,0.23050438,0.9687580872238588,no,-0.08884213,1.0,no,-0.110589966,0.8441919856986719,no,0,,1,KEGG TNF,0,1,specific
KEGG TNF,KEGG:TNF signaling pathway,Birc3,yes,False,0.36249003,0.0290562357388494,yes,0.2827,0.0974118685350305,no,-0.086433604,0.9523431531353146,no,0.33638734,0.9401578179715382,no,-0.4593834,0.983584271041041,no,0.2644232,0.5652979907384007,no,1,cluster_tissue__C0__bone_marrow;tissue__bone_marrow;tissue__spleen,1,KEGG TNF,0,1,specific
KEGG TNF,KEGG:TNF signaling pathway,CCL12,no,False,,,NA,,,NA,,,NA,,,NA,,,NA,,,NA,0,,2,KEGG IL-17;KEGG TNF,0,0,shared
KEGG TNF,KEGG:TNF signaling pathway,CCL2,no,False,,,NA,,,NA,,,NA,,,NA,,,NA,,,NA,0,,2,KEGG IL-17;KEGG TNF,0,0,shared
KEGG TNF,KEGG:TNF signaling pathway,CCL20,no,False,,,NA,,,NA,,,NA,,,NA,,,NA,,,NA,0,,2,KEGG IL-17;KEGG TNF,0,0,shared
KEGG TNF,KEGG:TNF signaling pathway,CREB3L3,no,False,,,NA,,,NA,,,NA,,,NA,,,NA,,,NA,0,,1,KEGG TNF,0,0,specific
KEGG TNF,KEGG:TNF signaling pathway,CREB3L4,no,False,,,NA,,,NA,,,NA,,,NA,,,NA,,,NA,0,,1,KEGG TNF,0,0,specific
KEGG TNF,KEGG:TNF signaling pathway,CREB5,no,False,,,NA,,,NA,,,NA,,,NA,,,NA,,,NA,0,,1,KEGG TNF,0,0,specific
KEGG TNF,KEGG:TNF signaling pathway,CX3CL1,no,False,,,NA,,,NA,,,NA,,,NA,,,NA,,,NA,0,,1,KEGG TNF,0,0,specific
KEGG TNF,KEGG:TNF signaling pathway,CXCL1,no,False,,,NA,,,NA,,,NA,,,NA,,,NA,,,NA,0,,2,KEGG IL-17;KEGG TNF,0,0,shared
KEGG TNF,KEGG:TNF signaling pathway,CXCL2,no,False,,,NA,,,NA,,,NA,,,NA,,,NA,,,NA,0,,2,KEGG IL-17;KEGG TNF,0,0,shared
KEGG TNF,KEGG:TNF signaling pathway,CXCL3,no,False,,,NA,,,NA,,,NA,,,NA,,,NA,,,NA,0,,2,KEGG IL-17;KEGG TNF,0,0,shared
KEGG TNF,KEGG:TNF signaling pathway,Casp3,yes,False,-0.17944752,0.7368949372603395,no,0.121695496,0.750208846114295,no,0.04821463,0.9974065754621892,no,-0.64594996,0.9691008500686222,no,-24.995298,0.8924400993114376,no,0.07154531,0.9708008327923672,no,0,,4,KEGG MAPK;KEGG IL-17;KEGG TNF;Energy module (G01),6,9,shared
KEGG TNF,KEGG:TNF signaling pathway,Casp7,yes,False,-0.10108622,0.6762430891277256,no,0.19921185,0.2324472762553437,no,0.38437277,0.8311291475053749,no,0.27189,0.980607846096502,no,-0.3400015,1.0,no,-0.4177501,0.4157698140186123,no,0,,1,KEGG TNF,2,3,specific
KEGG TNF,KEGG:TNF signaling pathway,Casp8,yes,False,0.09423374,0.4664839738790184,no,0.21900177,0.018265486609553,no,0.3215428,0.7144219530117352,no,-0.39788857,0.8752123784913642,no,0.31007466,1.0,no,0.12561041,0.6347126817166185,no,0,,3,KEGG IL-17;KEGG TNF;Energy module (G01),5,7,shared
KEGG TNF,KEGG:TNF signaling pathway,Ccl5,yes,False,-0.11369055,0.564225229992168,no,-0.0627559,0.6648548259712102,no,0.0037603157,0.9974065754621892,no,-0.76272666,0.8491192006383744,no,-1.6300112,0.8924400993114376,no,-0.5958086,1.143523079384575e-05,yes,1,cluster_tissue__C6__thymus;tissue__thymus,1,KEGG TNF,2,5,specific
KEGG TNF,KEGG:TNF signaling pathway,Cebpb,yes,False,0.20914158,0.0891079794897127,no,0.038844846,0.843732308139378,no,0.14924583,0.8936219096579546,no,-0.657582,0.8752123784913642,no,-0.9211464,0.8924400993114376,no,0.1254759,0.5892905983538496,no,0,,2,KEGG IL-17;KEGG TNF,1,3,shared
KEGG TNF,KEGG:TNF signaling pathway,Cflar,yes,False,0.15157038,0.1901645925147047,no,0.06994805,0.7725474978076597,no,-0.2379601,0.8203715161398286,no,0.29805353,0.8920258090142003,no,0.6073112,0.8950357678914026,no,-0.08282684,0.8530364205953315,no,0,,1,KEGG TNF,0,1,specific
KEGG TNF,KEGG:TNF signaling pathway,Chuk,yes,False,0.05133609,0.8475262358059352,no,-0.44469792,0.0020289832366825,yes,0.1525608,0.9495377525703051,no,-0.7605707,0.8752123784913642,no,-0.66035724,0.9053202409042876,no,-0.20529857,0.5886914683594362,no,1,cluster_tissue__C3__spleen;tissue__spleen,5,KEGG MAPK;KEGG IL-17;KEGG TCR;KEGG Th17;KEGG TNF,2,7,shared
KEGG TNF,KEGG:TNF signaling pathway,Creb1,yes,False,-0.1652141,0.2312476554655226,no,0.061863348,0.7969221016804879,no,0.61957926,0.5039651396059325,no,-0.09183455,1.0,no,-0.7715286,0.8950357678914026,no,-0.21230297,0.5234735994168613,no,0,,1,KEGG TNF,3,4,specific
KEGG TNF,KEGG:TNF signaling pathway,Creb3,yes,False,-0.21068025,0.3442007603841832,no,-0.082748584,0.6809132229005243,no,0.13571095,0.950257724798984,no,-0.8618229,0.8752123784913642,no,0.030040972,1.0,no,-0.12815993,0.8217443612825012,no,0,,1,KEGG TNF,3,4,specific
KEGG TNF,KEGG:TNF signaling pathway,Creb3l1,yes,False,0.4642981,0.5954637834464793,no,-1.4934374,0.4393500664626756,no,-0.14018102,0.9974065754621892,no,22.92047,0.8752123784913642,no,24.769924,0.8950357678914026,no,0.17297679,0.9747399226026944,no,0,,1,KEGG TNF,3,4,specific
KEGG TNF,KEGG:TNF signaling pathway,Creb3l2,yes,False,-0.33039376,0.5284791947903275,no,-0.30528286,0.3392583423277439,no,-1.4619998,0.7144219530117352,no,-1.3765975,0.8752123784913642,no,24.782051,0.8950357678914026,no,0.6716429,0.4243537557852066,no,0,,1,KEGG TNF,2,3,specific
KEGG TNF,KEGG:TNF signaling pathway,Csf1,yes,False,-0.3259051,0.6775192995406754,no,0.31466085,0.7446121313310773,no,-0.5824714,0.9669619755174867,no,-23.343748,0.8752123784913642,no,0.0,1.0,no,-0.40133604,0.8273866475830259,no,0,,2,KEGG MAPK;KEGG TNF,0,2,shared
KEGG TNF,KEGG:TNF signaling pathway,Csf2,yes,False,-0.15636969,0.817540669002144,no,-0.00371687,0.8729986976156898,no,1.1479242,0.7492092126801023,no,-0.08701015,1.0,no,-1.2099433,0.8950357678914026,no,0.37195286,0.665634505687246,no,0,,3,KEGG IL-17;KEGG TCR;KEGG TNF,1,4,shared
KEGG TNF,KEGG:TNF signaling pathway,Cxcl10,yes,False,-0.5830167,0.8521862771519001,no,0.5759412,0.4093879131130323,no,-23.074234,0.7144219530117352,no,23.532864,0.8752123784913642,no,24.638176,0.8950357678914026,no,0.9444604,0.6628608733123744,no,0,,2,KEGG IL-17;KEGG TNF,0,2,shared
KEGG TNF,KEGG:TNF signaling pathway,DAB2IP,no,False,,,NA,,,NA,,,NA,,,NA,,,NA,,,NA,0,,1,KEGG TNF,0,0,specific
KEGG TNF,KEGG:TNF signaling pathway,Dnm1l,yes,False,0.013871574,0.9974985035768564,no,-0.028267156,0.939693716757401,no,0.074887075,1.0,no,-0.49817836,0.9189886515515656,no,-0.20485823,1.0,no,0.009130527,0.9897103348173842,no,0,,1,KEGG TNF,2,3,specific
KEGG TNF,KEGG:TNF signaling pathway,EDN1,no,False,,,NA,,,NA,,,NA,,,NA,,,NA,,,NA,0,,1,KEGG TNF,0,0,specific
KEGG TNF,KEGG:TNF signaling pathway,Fadd,yes,False,-0.12200603,0.8040330592084768,no,0.17845528,0.5480418478165218,no,-0.20382608,0.9467698418692164,no,0.21265411,0.985192454743087,no,-26.743444,0.8924400993114376,no,-0.050167058,0.9863735669749036,no,0,,2,KEGG IL-17;KEGG TNF,1,3,shared
KEGG TNF,KEGG:TNF signaling pathway,Fas,yes,False,0.057483245,0.9104415518462188,no,0.25301132,0.1832862890354764,no,-0.9809001,0.527478250304227,no,0.6748357,0.8652660695302766,no,0.28162473,0.9346760922948498,no,-0.31891596,0.4822320986180296,no,0,,2,KEGG MAPK;KEGG TNF,3,5,shared
KEGG TNF,KEGG:TNF signaling pathway,Fos,yes,False,0.9321617,1.9678601639076224e-19,yes,1.775818,1.386303899987273e-38,yes,1.1333468,0.0169606929508191,yes,0.43293685,0.95404827791989,no,0.90121263,0.9761216305114476,no,0.50396675,6.700031630205009e-05,yes,4,cluster_tissue__C0__bone_marrow;cluster_tissue__C3__spleen;cluster_tissue__C4__bone_marrow;cluster_tissue__C6__thymus;tissue__bone_marrow;tissue__spleen;tissue__thymus,6,KEGG MAPK;KEGG IL-17;KEGG TCR;KEGG Th17;KEGG TNF;GO AP-1 complex,5,10,shared
KEGG TNF,KEGG:TNF signaling pathway,GM5431,no,False,,,NA,,,NA,,,NA,,,NA,,,NA,,,NA,0,,1,KEGG TNF,0,0,specific
KEGG TNF,KEGG:TNF signaling pathway,IFNB1,no,False,,,NA,,,NA,,,NA,,,NA,,,NA,,,NA,0,,1,KEGG TNF,0,0,specific
KEGG TNF,KEGG:TNF signaling pathway,IL15,no,False,,,NA,,,NA,,,NA,,,NA,,,NA,,,NA,0,,1,KEGG TNF,0,0,specific
KEGG TNF,KEGG:TNF signaling pathway,IL1B,no,False,,,NA,,,NA,,,NA,,,NA,,,NA,,,NA,0,,4,KEGG MAPK;KEGG IL-17;KEGG Th17;KEGG TNF,0,0,shared
KEGG TNF,KEGG:TNF signaling pathway,IL6,no,False,,,NA,,,NA,,,NA,,,NA,,,NA,,,NA,0,,3,KEGG IL-17;KEGG Th17;KEGG TNF,0,0,shared
KEGG TNF,KEGG:TNF signaling pathway,Icam1,yes,False,0.031117326,0.913642243159526,no,0.208204,0.1182436192747559,no,0.34236896,0.8223895110631106,no,-0.20952691,0.9004144307810272,no,0.5042186,1.0,no,-0.11804692,0.7329472605140537,no,0,,1,KEGG TNF,4,5,specific
KEGG TNF,KEGG:TNF signaling pathway,Ifi47,yes,False,-0.4368786,2.6401677686486475e-16,yes,-0.32383692,7.72799659773333e-11,yes,-0.53776294,0.2051821153344747,no,-0.29089582,0.8752123784913642,no,-0.7801517,0.8924400993114376,no,-0.18215002,0.2377063691026516,no,2,cluster_tissue__C0__bone_marrow;cluster_tissue__C3__spleen;tissue__bone_marrow;tissue__spleen,1,KEGG TNF,1,2,specific
KEGG TNF,KEGG:TNF signaling pathway,Ikbkb,yes,False,-0.10783413,0.4440250654977866,no,-0.10417091,0.3297798781919041,no,-0.07116553,0.9484782084608052,no,-0.8251468,0.7046027004444183,no,-0.28950974,0.983536795770768,no,-0.11002027,0.75055003694521,no,0,,5,KEGG MAPK;KEGG IL-17;KEGG TCR;KEGG Th17;KEGG TNF,3,8,shared
KEGG TNF,KEGG:TNF signaling pathway,Ikbkg,yes,False,-0.016307281,0.9789239813562632,no,-0.22528365,0.5085519087287014,no,-0.6247419,0.8399001236604936,no,-0.68697196,0.89970102468078,no,-0.89868295,0.8950357678914026,no,0.30413702,0.5862714653147028,no,0,,5,KEGG MAPK;KEGG IL-17;KEGG TCR;KEGG Th17;KEGG TNF,1,6,shared
KEGG TNF,KEGG:TNF signaling pathway,Il18r1,yes,False,0.0062480834,0.9584611860762324,no,-0.13720353,0.2982799894177756,no,0.072482,0.9467698418692164,no,-0.06488384,0.9785195059349922,no,0.558145,0.8924400993114376,no,-0.22052918,0.1646969513763135,no,0,,1,KEGG TNF,0,1,specific
KEGG TNF,KEGG:TNF signaling pathway,Irf1,yes,False,-0.20976761,0.0205430966430618,no,-0.25673977,8.436280916116058e-05,yes,-0.04490569,0.9887096230260828,no,0.31813693,0.8938057277891859,no,-1.3355011,0.8924400993114376,no,-0.2836468,0.0943570818857623,no,1,cluster_tissue__C3__spleen;tissue__spleen,1,KEGG TNF,0,1,specific
KEGG TNF,KEGG:TNF signaling pathway,Itch,yes,False,-0.11934386,0.3923487418862214,no,0.057373706,0.717073159540783,no,0.49229878,0.5673127073066302,no,-0.066214815,1.0,no,0.2543581,1.0,no,0.10553737,0.6190909582406461,no,0,,1,KEGG TNF,1,2,specific
KEGG TNF,KEGG:TNF signaling pathway,JAG1,no,False,,,NA,,,NA,,,NA,,,NA,,,NA,,,NA,0,,1,KEGG TNF,0,0,specific
KEGG TNF,KEGG:TNF signaling pathway,Jun,yes,False,0.6138494,8.479452752364815e-16,yes,1.2428119,4.3910379121289585e-77,yes,0.62406504,0.2984701087902344,no,0.30829823,0.9026213492618612,no,1.9715924,0.8924400993114376,no,0.1431964,0.4886187716187679,no,2,cluster_tissue__C0__bone_marrow;cluster_tissue__C3__spleen;cluster_tissue__C4__spleen;cluster_tissue__C5-1__spleen;tissue__bone_marrow;tissue__spleen,6,KEGG MAPK;KEGG IL-17;KEGG TCR;KEGG Th17;KEGG TNF;GO AP-1 complex,7,14,shared
KEGG TNF,KEGG:TNF signaling pathway,Junb,yes,False,0.688427,6.52925195267534e-31,yes,0.78085154,9.24392624306233e-53,yes,0.787905,0.0037718296928873,yes,0.119369864,0.997778723205652,no,1.051678,0.8924400993114376,no,0.28983933,0.1467935936711571,no,3,cluster_tissue__C0__bone_marrow;cluster_tissue__C3__spleen;cluster_tissue__C4__bone_marrow;cluster_tissue__C5-1__spleen;tissue__bone_marrow;tissue__spleen;tissue__thymus,2,KEGG TNF;GO AP-1 complex,2,3,shared
KEGG TNF,KEGG:TNF signaling pathway,LIF,no,False,,,NA,,,NA,,,NA,,,NA,,,NA,,,NA,0,,1,KEGG TNF,0,0,specific
KEGG TNF,KEGG:TNF signaling pathway,Lta,yes,False,0.09876762,0.9268915448030788,no,0.2167283,0.5468426877936198,no,1.9696302,0.4594837326277462,no,0.1411952,1.0,no,0.93214434,0.9053202409042876,no,-0.41540867,0.6482716866226612,no,0,,1,KEGG TNF,0,1,specific
KEGG TNF,KEGG:TNF signaling pathway,MAPK10,no,False,,,NA,,,NA,,,NA,,,NA,,,NA,,,NA,0,,4,KEGG MAPK;KEGG IL-17;KEGG Th17;KEGG TNF,0,0,shared
KEGG TNF,KEGG:TNF signaling pathway,MAPK12,no,False,,,NA,,,NA,,,NA,,,NA,,,NA,,,NA,0,,5,KEGG MAPK;KEGG IL-17;KEGG TCR;KEGG Th17;KEGG TNF,0,0,shared
KEGG TNF,KEGG:TNF signaling pathway,MAPK13,no,False,,,NA,,,NA,,,NA,,,NA,,,NA,,,NA,0,,5,KEGG MAPK;KEGG IL-17;KEGG TCR;KEGG Th17;KEGG TNF,0,0,shared
KEGG TNF,KEGG:TNF signaling pathway,MLKL,no,False,,,NA,,,NA,,,NA,,,NA,,,NA,,,NA,0,,1,KEGG TNF,0,0,specific
KEGG TNF,KEGG:TNF signaling pathway,MMP14,no,False,,,NA,,,NA,,,NA,,,NA,,,NA,,,NA,0,,1,KEGG TNF,0,0,specific
KEGG TNF,KEGG:TNF signaling pathway,MMP3,no,False,,,NA,,,NA,,,NA,,,NA,,,NA,,,NA,0,,2,KEGG IL-17;KEGG TNF,0,0,shared
KEGG TNF,KEGG:TNF signaling pathway,Map2k1,yes,False,0.25661212,0.2254255916423062,no,0.07181233,0.6603470705493109,no,-0.292796,0.8696937437977283,no,0.010016104,1.0,no,-1.4446219,0.8924400993114376,no,-0.116138764,0.8887623364520025,no,0,,3,KEGG MAPK;KEGG TCR;KEGG TNF,4,9,shared
KEGG TNF,KEGG:TNF signaling pathway,Map2k3,yes,False,-0.09410035,0.7920959797143903,no,-0.28721258,0.105321326397449,no,-0.08579444,0.9974065754621892,no,-0.3179702,0.9691008500686222,no,0.7564334,0.9695735359850828,no,-0.4135117,0.0959643547485386,no,0,tissue__spleen,2,KEGG MAPK;KEGG TNF,1,5,shared
KEGG TNF,KEGG:TNF signaling pathway,Map2k4,yes,False,0.15912014,0.6084423166209504,no,-0.23086928,0.3568513619611193,no,0.23543337,0.8720017583363169,no,0.22902863,1.0,no,-0.5701254,0.9845136932353914,no,0.039238963,0.9550539146025142,no,0,,2,KEGG MAPK;KEGG TNF,1,5,shared
KEGG TNF,KEGG:TNF signaling pathway,Map2k6,yes,False,-0.2508114,0.6312389333938815,no,-0.30227745,0.4494446518409366,no,0.13729389,0.9974065754621892,no,0.6985711,0.933223956836752,no,-25.615688,0.8924400993114376,no,-0.37582612,0.5886914683594362,no,0,,2,KEGG MAPK;KEGG TNF,1,5,shared
KEGG TNF,KEGG:TNF signaling pathway,Map2k7,yes,False,-0.12766702,0.6616025591337028,no,-0.35868883,0.0379173018311233,yes,-0.9822124,0.3426595735488923,no,0.6363225,0.8752123784913642,no,1.4803158,0.8924400993114376,no,-0.2578925,0.3852123549094217,no,1,cluster_tissue__C3__spleen,3,KEGG MAPK;KEGG TCR;KEGG TNF,3,8,shared
KEGG TNF,KEGG:TNF signaling pathway,Map3k14,yes,False,-0.07937572,0.8307965502835298,no,-0.11959973,0.6981403677885055,no,-0.14778852,0.9765783103873832,no,0.53054535,0.8754402765736332,no,0.8200935,0.9719114281971634,no,-0.37124544,0.453794629172732,no,0,,3,KEGG MAPK;KEGG TCR;KEGG TNF,0,4,shared
KEGG TNF,KEGG:TNF signaling pathway,Map3k5,yes,False,-0.20237856,0.7276898155528972,no,0.13193057,0.6369938297899808,no,-0.018736348,1.0,no,-0.912686,0.8752123784913642,no,-0.18154763,1.0,no,0.06807143,0.8631353710704625,no,0,,2,KEGG MAPK;KEGG TNF,3,8,shared
KEGG TNF,KEGG:TNF signaling pathway,Map3k7,yes,False,0.30492377,0.18324495374571,no,0.33331224,0.0847939361231314,no,0.5351767,0.7705443014277018,no,0.43515074,0.9540048639674902,no,0.54787636,1.0,no,-0.074367836,0.9316111779442996,no,0,,4,KEGG MAPK;KEGG IL-17;KEGG TCR;KEGG TNF,2,9,shared
KEGG TNF,KEGG:TNF signaling pathway,Map3k8,yes,False,-0.05644524,0.9116082049711876,no,0.09020774,0.7446121313310773,no,0.15153696,0.991873506841821,no,0.9335739,0.8752123784913642,no,-0.7384518,1.0,no,-0.29838252,0.5273477985157933,no,0,,3,KEGG MAPK;KEGG TCR;KEGG TNF,0,4,shared
KEGG TNF,KEGG:TNF signaling pathway,Mapk1,yes,False,-0.16972041,0.1847285329790366,no,-0.21938962,0.0295911808758025,no,-0.24703492,0.8311291475053749,no,-0.45133957,0.8752123784913642,no,0.31386063,0.9761216305114476,no,-0.015222658,0.99987768021064,no,0,,5,KEGG MAPK;KEGG IL-17;KEGG TCR;KEGG Th17;KEGG TNF,11,18,shared
KEGG TNF,KEGG:TNF signaling pathway,Mapk11,yes,False,-0.37186098,0.813529751183778,no,0.56798506,0.857671891896384,no,-24.271957,0.5757270353737803,no,-24.37313,0.8652660695302766,no,0.0,1.0,no,-1.5220566,0.4431512211750446,no,0,,5,KEGG MAPK;KEGG IL-17;KEGG TCR;KEGG Th17;KEGG TNF,3,10,shared
KEGG TNF,KEGG:TNF signaling pathway,Mapk14,yes,False,-0.13536857,0.6333071897133913,no,-0.18063876,0.3984106494539359,no,-0.31386527,0.8356105722401911,no,0.21370807,0.9729849139877652,no,-1.507047,0.8924400993114376,no,-0.20277803,0.5871678358648861,no,0,,5,KEGG MAPK;KEGG IL-17;KEGG TCR;KEGG Th17;KEGG TNF,3,10,shared
KEGG TNF,KEGG:TNF signaling pathway,Mapk3,yes,False,-0.11857263,0.7263089261714424,no,-0.012361835,0.9601367677483346,no,-0.41910833,0.7352860651315374,no,0.79833543,0.8652660695302766,no,-0.6297096,0.983536795770768,no,0.37222248,0.1408407644948492,no,0,,5,KEGG MAPK;KEGG IL-17;KEGG TCR;KEGG Th17;KEGG TNF,8,15,shared
KEGG TNF,KEGG:TNF signaling pathway,Mapk8,yes,False,0.22415884,0.4387938487627963,no,0.23490505,0.435611924620743,no,0.12523706,0.9974065754621892,no,-0.6697701,0.8852528658693669,no,26.889061,0.8924400993114376,no,0.025973987,0.9165729998825944,no,0,,4,KEGG MAPK;KEGG IL-17;KEGG Th17;KEGG TNF,3,9,shared
KEGG TNF,KEGG:TNF signaling pathway,Mapk9,yes,False,-0.02950095,0.977807412682138,no,-0.020071305,0.9878629107767232,no,0.20974918,0.9510994936748822,no,0.30361682,0.9827001605731628,no,1.1254013,0.8924400993114376,no,0.45271337,0.2001347666868211,no,0,,5,KEGG MAPK;KEGG IL-17;KEGG TCR;KEGG Th17;KEGG TNF,4,11,shared
KEGG TNF,KEGG:TNF signaling pathway,Mmp9,yes,False,0.07794818,0.7782165596644183,no,0.53457487,9.73250966780522e-08,yes,0.7612923,0.6977563050181,no,0.0,1.0,no,24.453869,0.8950357678914026,no,1.0291061,0.3537151730651363,no,1,cluster_tissue__C3__spleen;tissue__spleen,2,KEGG IL-17;KEGG TNF,1,3,shared
KEGG TNF,KEGG:TNF signaling pathway,NOD2,no,False,,,NA,,,NA,,,NA,,,NA,,,NA,,,NA,0,,1,KEGG TNF,0,0,specific
KEGG TNF,KEGG:TNF signaling pathway,Nfkb1,yes,False,-0.06266619,0.7354157547205854,no,-0.0069374964,0.9536818073275865,no,-0.11020659,0.9974065754621892,no,-0.41220456,0.8652660695302766,no,0.19399029,1.0,no,0.04910556,0.8195776249086381,no,0,,5,KEGG MAPK;KEGG IL-17;KEGG TCR;KEGG Th17;KEGG TNF,3,10,shared
KEGG TNF,KEGG:TNF signaling pathway,Nfkbia,yes,False,0.16079438,0.1567251124482913,no,0.15713345,0.1001855437772732,no,0.014840504,0.9786467949712592,no,0.27740818,0.8752123784913642,no,-0.2640589,1.0,no,0.047600407,0.7582528103123426,no,0,,4,KEGG IL-17;KEGG TCR;KEGG Th17;KEGG TNF,0,4,shared
KEGG TNF,KEGG:TNF signaling pathway,PIK3R3,no,False,,,NA,,,NA,,,NA,,,NA,,,NA,,,NA,0,,2,KEGG TCR;KEGG TNF,0,0,shared
KEGG TNF,KEGG:TNF signaling pathway,PTGS2,no,False,,,NA,,,NA,,,NA,,,NA,,,NA,,,NA,0,,2,KEGG IL-17;KEGG TNF,0,0,shared
KEGG TNF,KEGG:TNF signaling pathway,Pgam5,yes,False,0.04776458,0.9055898846744264,no,0.086399175,0.7093616509164187,no,0.6656234,0.7754781847034254,no,0.32960802,0.9227630822209126,no,-2.1804938,0.8924400993114376,no,-0.29219785,0.6736451755387305,no,0,,1,KEGG TNF,0,1,specific
KEGG TNF,KEGG:TNF signaling pathway,Pik3ca,yes,False,-0.04955308,0.9365800670287704,no,-0.1288503,0.5282342363233737,no,-0.37491474,0.8311291475053749,no,0.75545084,0.8652660695302766,no,1.0935141,0.8950357678914026,no,-0.07575236,0.8282665901331425,no,0,,2,KEGG TCR;KEGG TNF,4,6,shared
KEGG TNF,KEGG:TNF signaling pathway,Pik3cb,yes,False,-0.16137925,0.8813560797138412,no,-0.27444056,0.5637900748201223,no,-0.020866195,0.9974065754621892,no,-1.3143855,0.8752123784913642,no,25.452276,0.8924400993114376,no,0.40964332,0.7179392401433874,no,0,,2,KEGG TCR;KEGG TNF,4,6,shared
KEGG TNF,KEGG:TNF signaling pathway,Pik3cd,yes,False,0.2342816,0.0108081412778891,no,0.012155116,0.9708326164042996,no,0.024633432,0.9974065754621892,no,0.23053618,0.9658939477054688,no,-0.38856372,0.9395642610170702,no,0.17099,0.3853922434122698,no,0,,2,KEGG TCR;KEGG TNF,4,6,shared
KEGG TNF,KEGG:TNF signaling pathway,Pik3r1,yes,False,-0.05522744,0.7449342778501389,no,-0.116681606,0.1979174670317889,no,-0.07079292,0.9853003295693724,no,-0.2132879,0.9201347544758116,no,0.4535259,0.916891007759453,no,-0.14216965,0.4774282825855934,no,0,,2,KEGG TCR;KEGG TNF,4,6,shared
KEGG TNF,KEGG:TNF signaling pathway,Pik3r2,yes,False,-0.30297682,0.5865839083019408,no,-0.054896142,0.9723226437504272,no,-0.8907677,0.7108712188647403,no,1.1114553,0.8752123784913642,no,-1.1526031,1.0,no,0.53314066,0.6451911017101827,no,0,,2,KEGG TCR;KEGG TNF,3,5,shared
KEGG TNF,KEGG:TNF signaling pathway,RPS6KA4,no,False,,,NA,,,NA,,,NA,,,NA,,,NA,,,NA,0,,2,KEGG MAPK;KEGG TNF,0,0,shared
KEGG TNF,KEGG:TNF signaling pathway,Rela,yes,False,-0.06539561,0.7409714204446498,no,0.013253526,0.9665992366112898,no,-0.15190902,0.949445454332073,no,0.37127554,0.9251161006401144,no,0.9372093,0.8924400993114376,no,-0.22182514,0.4794673772875346,no,0,,5,KEGG MAPK;KEGG IL-17;KEGG TCR;KEGG Th17;KEGG TNF,3,8,shared
KEGG TNF,KEGG:TNF signaling pathway,Ripk1,yes,False,0.06301802,0.88207562048593,no,-0.26618722,0.1722359140753014,no,-0.3951767,0.8265162767107683,no,-0.21462603,0.9540048639674902,no,-1.4327545,0.8924400993114376,no,-0.23660214,0.4176289117413121,no,0,,1,KEGG TNF,0,2,specific
KEGG TNF,KEGG:TNF signaling pathway,Ripk3,yes,False,0.06176526,0.882618343579097,no,-0.105006024,0.7313470614300348,no,-0.71047646,0.6182447009261173,no,-0.4126975,0.9577166069066136,no,1.7441382,0.8924400993114376,no,-0.12480295,0.8620440370920185,no,0,,1,KEGG TNF,0,1,specific
KEGG TNF,KEGG:TNF signaling pathway,Rps6ka5,yes,True,-0.045240104,0.9252016645886372,no,0.12011351,0.8507140340562211,no,0.64498085,0.8356105722401911,no,0.6571546,0.8754402765736332,no,-27.269836,0.8924400993114376,no,-0.6342421,0.2994211900987856,no,0,,2,KEGG MAPK;KEGG TNF,0,0,shared
KEGG TNF,KEGG:TNF signaling pathway,SELE,no,False,,,NA,,,NA,,,NA,,,NA,,,NA,,,NA,0,,1,KEGG TNF,0,0,specific
KEGG TNF,KEGG:TNF signaling pathway,Socs3,yes,False,0.45726925,0.0287766519704022,yes,-0.056114193,0.9805827927794684,no,-0.23938228,0.9467698418692164,no,-0.25420895,0.9691008500686222,no,-0.4081931,1.0,no,-0.22221404,0.7098537131118954,no,1,cluster_tissue__C0__bone_marrow,1,KEGG TNF,1,2,specific
KEGG TNF,KEGG:TNF signaling pathway,Tab1,yes,False,0.15834297,0.6943386573601906,no,0.20331141,0.5106642290077017,no,0.061103217,1.0,no,0.08351596,1.0,no,-0.57301605,1.0,no,0.22387186,0.8119337229726034,no,0,,2,KEGG MAPK;KEGG TNF,0,2,shared
KEGG TNF,KEGG:TNF signaling pathway,Tab2,yes,False,-0.21885075,0.0434080649849078,no,0.056280944,0.7261331502654359,no,-0.42919138,0.6472546946107584,no,0.236691,0.9650021558968536,no,0.4828279,0.9719114281971634,no,-0.16430521,0.4714302556203201,no,0,,3,KEGG MAPK;KEGG IL-17;KEGG TNF,0,5,shared
KEGG TNF,KEGG:TNF signaling pathway,Tab3,yes,False,0.13960065,0.7786566922456764,no,0.061810046,0.9159425629644512,no,1.154383,0.8519911486488622,no,-0.36389413,1.0,no,-1.5626141,0.8950357678914026,no,-0.40856493,0.853942611766917,no,0,,2,KEGG IL-17;KEGG TNF,0,4,shared
KEGG TNF,KEGG:TNF signaling pathway,Tnf,yes,False,0.306652,0.1298777282797257,no,-0.14732282,0.6774605931804555,no,0.91803604,0.6977563050181,no,0.24370715,0.9029093580036588,no,0.30402496,1.0,no,0.045822304,0.918954127450096,no,0,,4,KEGG MAPK;KEGG IL-17;KEGG TCR;KEGG TNF,5,11,shared
KEGG TNF,KEGG:TNF signaling pathway,Tnfaip3,yes,False,0.49034438,0.0086688703055994,yes,-0.02744924,0.9440213398592766,no,-0.04007479,1.0,no,1.0683185,0.8752123784913642,no,-1.2293223,1.0,no,-0.08569797,0.858323630113599,no,1,cluster_tissue__C0__bone_marrow;tissue__bone_marrow,2,KEGG IL-17;KEGG TNF,1,3,shared
KEGG TNF,KEGG:TNF signaling pathway,Tnfrsf1a,yes,False,-0.10513139,0.563538950888033,no,-0.102191605,0.4688897221419954,no,0.05160328,0.991873506841821,no,-0.5915929,0.8752123784913642,no,1.9579437,0.8924400993114376,no,-0.008664665,0.9835963295789016,no,0,,2,KEGG MAPK;KEGG TNF,3,5,shared
KEGG TNF,KEGG:TNF signaling pathway,Tnfrsf1b,yes,False,-0.08078997,0.8789998638848874,no,-0.14210032,0.5400296500628632,no,0.31810832,0.8630301097678682,no,-0.7477044,0.9691008500686222,no,-0.59869695,0.9625492210538584,no,-0.1449134,0.8391221650706258,no,0,,1,KEGG TNF,0,1,specific
KEGG TNF,KEGG:TNF signaling pathway,Tradd,yes,False,-0.22501978,0.231328176800923,no,-0.08434152,0.6958687872862305,no,-0.13388222,0.9669619755174867,no,-0.57622856,0.8752123784913642,no,-0.552564,0.983584271041041,no,0.12989819,0.6844020252837858,no,0,,3,KEGG MAPK;KEGG IL-17;KEGG TNF,0,3,shared
KEGG TNF,KEGG:TNF signaling pathway,Traf1,yes,False,0.03586823,0.8514788460444251,no,0.12162745,0.3660545109809935,no,-0.13384601,0.8412181344065789,no,0.5993103,0.8491192006383744,no,1.2473607,0.8950357678914026,no,0.02531626,0.9520935997859448,no,0,,1,KEGG TNF,0,1,specific
KEGG TNF,KEGG:TNF signaling pathway,Traf2,yes,False,-0.10402519,0.7687469806709872,no,-0.33767483,0.0068972118739174,yes,-0.2851187,0.8462863664869285,no,-1.368925,0.702725444866963,no,2.1510322,0.8924400993114376,no,-0.2154741,0.6604008749058613,no,1,cluster_tissue__C3__spleen;tissue__spleen,3,KEGG MAPK;KEGG IL-17;KEGG TNF,1,4,shared
KEGG TNF,KEGG:TNF signaling pathway,Traf3,yes,False,-0.107206784,0.7239344821165209,no,-0.17918877,0.3580957938884586,no,-0.3856699,0.8526905217395094,no,1.015249,0.8652660695302766,no,-0.6069562,1.0,no,-0.31452325,0.6736461228662433,no,0,,2,KEGG IL-17;KEGG TNF,0,2,shared
KEGG TNF,KEGG:TNF signaling pathway,Traf5,yes,False,-0.03795421,0.9246818126157332,no,0.026638303,0.9094265374285394,no,-0.053267743,0.9974065754621892,no,-1.0346557,0.8752123784913642,no,25.888435,0.8924400993114376,no,0.12586819,0.781230176980732,no,0,,2,KEGG IL-17;KEGG TNF,0,2,shared
KEGG TNF,KEGG:TNF signaling pathway,VCAM1,no,False,,,NA,,,NA,,,NA,,,NA,,,NA,,,NA,0,,1,KEGG TNF,0,0,specific
GO AP-1 complex,GO:0035976,Fos,yes,False,0.9321617,1.9678601639076224e-19,yes,1.775818,1.386303899987273e-38,yes,1.1333468,0.0169606929508191,yes,0.43293685,0.95404827791989,no,0.90121263,0.9761216305114476,no,0.50396675,6.700031630205009e-05,yes,4,cluster_tissue__C0__bone_marrow;cluster_tissue__C3__spleen;cluster_tissue__C4__bone_marrow;cluster_tissue__C6__thymus;tissue__bone_marrow;tissue__spleen;tissue__thymus,6,KEGG MAPK;KEGG IL-17;KEGG TCR;KEGG Th17;KEGG TNF;GO AP-1 complex,5,10,shared
GO AP-1 complex,GO:0035976,Fosl2,yes,False,0.8550565,7.807633328071503e-07,yes,0.43908677,0.1430467241587238,no,0.15623792,0.9340956946345144,no,-0.5952662,0.89970102468078,no,26.272676,0.8924400993114376,no,0.27393267,0.2787446453397296,no,1,cluster_tissue__C0__bone_marrow;tissue__bone_marrow,1,GO AP-1 complex,3,3,specific
GO AP-1 complex,GO:0035976,Jun,yes,False,0.6138494,8.479452752364815e-16,yes,1.2428119,4.3910379121289585e-77,yes,0.62406504,0.2984701087902344,no,0.30829823,0.9026213492618612,no,1.9715924,0.8924400993114376,no,0.1431964,0.4886187716187679,no,2,cluster_tissue__C0__bone_marrow;cluster_tissue__C3__spleen;cluster_tissue__C4__spleen;cluster_tissue__C5-1__spleen;tissue__bone_marrow;tissue__spleen,6,KEGG MAPK;KEGG IL-17;KEGG TCR;KEGG Th17;KEGG TNF;GO AP-1 complex,7,14,shared
GO AP-1 complex,GO:0035976,Junb,yes,False,0.688427,6.52925195267534e-31,yes,0.78085154,9.24392624306233e-53,yes,0.787905,0.0037718296928873,yes,0.119369864,0.997778723205652,no,1.051678,0.8924400993114376,no,0.28983933,0.1467935936711571,no,3,cluster_tissue__C0__bone_marrow;cluster_tissue__C3__spleen;cluster_tissue__C4__bone_marrow;cluster_tissue__C5-1__spleen;tissue__bone_marrow;tissue__spleen;tissue__thymus,2,KEGG TNF;GO AP-1 complex,2,3,shared
GO AP-1 complex,GO:0035976,Jund,yes,False,0.16271959,2.4392802152658607e-05,no,0.30703032,7.076284482854869e-19,yes,0.3405481,0.0754293839629462,no,-0.14944413,0.94371709864799,no,-0.06420746,1.0,no,0.15315169,0.1969160993146854,no,1,cluster_tissue__C3__spleen;tissue__spleen,3,KEGG MAPK;KEGG IL-17;GO AP-1 complex,2,4,shared
GO AP-1 complex,GO:0035976,Nfatc2,yes,False,0.0624876,0.7345080531789732,no,-0.036043864,0.9230314685635138,no,-0.10828848,0.9495728287449332,no,0.08805484,1.0,no,0.45101154,0.9845136932353914,no,-0.020319242,0.9752203406079064,no,0,,3,KEGG TCR;KEGG Th17;GO AP-1 complex,4,6,shared
Energy module (G01),ENERGY,1700066M21Rik,yes,False,-0.22508629,0.8631804074620085,no,0.24829581,0.5400296500628632,no,-1.6936848,0.7352860651315374,no,0.2400752,1.0,no,0.0,1.0,no,0.63111526,0.5653697332243823,no,0,,1,Energy module (G01),3,3,specific
Energy module (G01),ENERGY,ADCY5,no,False,,,NA,,,NA,,,NA,,,NA,,,NA,,,NA,0,,1,Energy module (G01),0,0,specific
Energy module (G01),ENERGY,ATP6,no,False,,,NA,,,NA,,,NA,,,NA,,,NA,,,NA,0,,1,Energy module (G01),0,0,specific
Energy module (G01),ENERGY,ATP8,no,False,,,NA,,,NA,,,NA,,,NA,,,NA,,,NA,0,,1,Energy module (G01),0,0,specific
Energy module (G01),ENERGY,Adpgk,yes,False,-0.15270963,0.7792184385280786,no,-0.15793203,0.6755891352355725,no,0.4176354,0.949445454332073,no,-0.13333899,1.0,no,-0.8537746,0.8950357678914026,no,-0.19786763,0.7741584783999791,no,0,,1,Energy module (G01),6,6,specific
Energy module (G01),ENERGY,Aldoa,yes,False,-0.15774836,0.0004830393382795,no,-0.022561038,0.6353227268700099,no,0.072374366,0.9974065754621892,no,-0.04892545,0.974902174034338,no,0.22055128,0.9719114281971634,no,-0.07280493,0.4693705759258267,no,0,,1,Energy module (G01),12,12,specific
Energy module (G01),ENERGY,Apaf1,yes,False,-0.15438682,0.913254858840761,no,0.120658435,0.8505558948510731,no,0.36327815,0.950257724798984,no,0.017556058,1.0,no,25.86041,0.8924400993114376,no,-0.47286633,0.5548244435942986,no,0,,1,Energy module (G01),3,3,specific
Energy module (G01),ENERGY,Atp5a1,yes,False,-0.014954369,0.8645161386664351,no,-0.111005366,0.0516478808764002,no,-0.3000372,0.5039651396059325,no,0.14391369,0.9584308533066812,no,0.36975947,0.8950357678914026,no,-0.004708294,0.942040242908582,no,0,,1,Energy module (G01),21,21,specific
Energy module (G01),ENERGY,Atp5b,yes,False,-0.1397811,0.0090030015554482,no,-0.08968491,0.1810410310742433,no,-0.058430966,0.9467698418692164,no,-0.26323843,0.8652660695302766,no,-0.39707565,0.8950357678914026,no,-0.087715,0.6627085979870718,no,0,,1,Energy module (G01),21,21,specific
Energy module (G01),ENERGY,Atp5c1,yes,False,-0.07226035,0.4414867978520244,no,0.053798802,0.4761072817777035,no,0.07272767,0.9974065754621892,no,-0.14474706,0.8754402765736332,no,0.073268116,1.0,no,-0.06688508,0.5701970830468198,no,0,,1,Energy module (G01),21,21,specific
Energy module (G01),ENERGY,Atp5d,yes,False,-0.1568155,0.0008812949522887,no,-0.071041405,0.2668308888642856,no,-0.0754781,0.9117106646211248,no,-0.15404119,0.8752123784913642,no,-0.5039702,0.8924400993114376,no,-0.07268631,0.4737351576476309,no,0,,1,Energy module (G01),23,23,specific
Energy module (G01),ENERGY,Atp5e,yes,False,0.43080825,2.756591903905412e-34,yes,0.33544102,5.3863262687505655e-28,yes,0.3570989,0.0023772569574669,yes,0.26603895,0.780113819934209,no,0.27855805,0.8924400993114376,no,0.31500518,8.625444892825594e-10,yes,4,cluster_tissue__C0__bone_marrow;cluster_tissue__C3__spleen;cluster_tissue__C4__bone_marrow;cluster_tissue__C4__spleen;cluster_tissue__C5-1__spleen;cluster_tissue__C6__thymus;tissue__bone_marrow;tissue__spleen;tissue__thymus,1,Energy module (G01),21,21,specific
Energy module (G01),ENERGY,Atp5f1,yes,False,-0.104137525,0.0703033559269663,no,-0.08805988,0.0557478967753341,no,-0.04824668,0.9903556613183272,no,-0.3478513,0.745640102114118,no,-0.08430658,1.0,no,-0.1972626,0.0098565369300458,no,0,,1,Energy module (G01),21,21,specific
Energy module (G01),ENERGY,Atp5g1,yes,False,0.11991168,0.1098266684924103,no,0.18482447,0.0022891738837445,no,0.19706239,0.7388577279246488,no,-0.17033944,0.9368946009772656,no,0.250848,0.983584271041041,no,0.034557786,0.9208275605525472,no,0,,1,Energy module (G01),17,17,specific
Energy module (G01),ENERGY,Atp5g2,yes,False,0.038965546,0.9118513042415212,no,0.0009781696,0.9107381620924558,no,-0.09533811,0.8586504325608988,no,0.15462878,0.8752123784913642,no,0.40634814,0.8924400993114376,no,0.023769096,0.8704683750109332,no,0,,1,Energy module (G01),17,17,specific
Energy module (G01),ENERGY,Atp5g3,yes,False,-0.19494943,0.0029542189709445,no,-0.059001077,0.5149475727274766,no,-0.08010635,0.8698972722229651,no,0.022194719,0.9827001605731628,no,-0.16617237,1.0,no,-0.0828795,0.6046917031697995,no,0,,1,Energy module (G01),17,17,specific
Energy module (G01),ENERGY,Atp5h,yes,False,0.051275603,0.3931734727576975,no,0.057916626,0.218793274193039,no,0.12973393,0.5004639932402122,no,-0.022186363,1.0,no,-0.026028747,1.0,no,0.06346985,0.6486877428190041,no,0,,1,Energy module (G01),21,21,specific
Energy module (G01),ENERGY,Atp5j,yes,False,0.25545478,5.529141965730234e-07,yes,0.32591718,6.966868045987292e-14,yes,0.440525,0.0979966120786207,no,0.17366263,0.9827001605731628,no,1.1493839,0.3930757902714847,no,0.19919072,0.0843601669444684,no,2,cluster_tissue__C0__bone_marrow;cluster_tissue__C3__spleen;tissue__bone_marrow;tissue__spleen,1,Energy module (G01),21,21,specific
Energy module (G01),ENERGY,Atp5j2,yes,False,0.29982665,1.6625510726215155e-09,yes,0.34465238,1.4327211167516697e-14,yes,0.3739994,0.3291362144655153,no,0.3365612,0.8424284797545121,no,0.9256724,0.8924400993114376,no,0.227696,0.021887548435183,no,2,cluster_tissue__C0__bone_marrow;cluster_tissue__C3__spleen;tissue__bone_marrow;tissue__spleen;tissue__thymus,1,Energy module (G01),18,18,specific
Energy module (G01),ENERGY,Atp5k,yes,False,0.22678138,0.0264103953140602,no,0.26716682,0.0016097110301834,yes,0.3242183,0.6977563050181,no,0.43243867,0.8752123784913642,no,0.4769738,0.8950357678914026,no,0.32628617,0.0160499151860119,yes,2,cluster_tissue__C3__spleen;cluster_tissue__C6__thymus;tissue__spleen;tissue__thymus,1,Energy module (G01),18,18,specific
Energy module (G01),ENERGY,Atp5l,yes,False,0.27819645,6.056269720496536e-10,yes,0.35050783,5.369436670353215e-18,yes,0.48880255,0.0040759256808326,yes,0.07569519,1.0,no,0.3424133,0.8950357678914026,no,0.23351958,0.0014625315686475,no,3,cluster_tissue__C0__bone_marrow;cluster_tissue__C3__spleen;cluster_tissue__C4__bone_marrow;tissue__bone_marrow;tissue__spleen;tissue__thymus,1,Energy module (G01),15,15,specific
Energy module (G01),ENERGY,Atp5o,yes,False,0.052017286,0.791030112752213,no,0.06524119,0.5929343901154052,no,0.26302662,0.5541251486325935,no,-0.36973956,0.8424284797545121,no,-0.4916993,0.8950357678914026,no,0.12015738,0.5773127373369809,no,0,,1,Energy module (G01),21,21,specific
Energy module (G01),ENERGY,Atp6v1a,yes,False,0.03402123,0.8743904640650981,no,-0.119378015,0.6443410246346836,no,-0.5263474,0.7048052355329764,no,1.2850182,0.8491192006383744,no,0.91134125,0.9953209247088276,no,-0.06628782,0.943759552830734,no,0,,1,Energy module (G01),6,6,specific
Energy module (G01),ENERGY,Atp6v1b2,yes,False,0.020839788,0.9353479167029864,no,-0.15197314,0.5117876498323127,no,-0.22969657,0.8768241339667915,no,0.06398689,0.9717172940577976,no,-0.18742716,1.0,no,-0.009405585,0.9747399226026944,no,0,,1,Energy module (G01),6,6,specific
Energy module (G01),ENERGY,Bcl2l13,yes,False,0.07297244,0.7267357580622913,no,0.033462327,0.867122883008538,no,0.014608318,0.9974065754621892,no,-0.8266661,0.8752123784913642,no,0.18392694,1.0,no,0.2852207,0.5862714653147028,no,0,,1,Energy module (G01),14,14,specific
Energy module (G01),ENERGY,Bid,yes,False,0.10407065,0.8137288019070203,no,-0.36067295,0.378415082840675,no,0.562136,0.8231496916631308,no,-0.023026962,1.0,no,24.388914,0.8950357678914026,no,-0.08160537,0.8924943647082886,no,0,,1,Energy module (G01),10,10,specific
Energy module (G01),ENERGY,Bpgm,yes,False,0.27379203,0.400530620430357,no,0.17314845,0.6434308276194269,no,-0.34783438,0.8485232319238661,no,0.37679666,0.9540048639674902,no,-0.3278176,1.0,no,0.1119873,0.9402173470207116,no,0,,1,Energy module (G01),6,6,specific
Energy module (G01),ENERGY,COX1,no,False,,,NA,,,NA,,,NA,,,NA,,,NA,,,NA,0,,1,Energy module (G01),0,0,specific
Energy module (G01),ENERGY,COX2,no,False,,,NA,,,NA,,,NA,,,NA,,,NA,,,NA,0,,1,Energy module (G01),0,0,specific
Energy module (G01),ENERGY,COX3,no,False,,,NA,,,NA,,,NA,,,NA,,,NA,,,NA,0,,1,Energy module (G01),0,0,specific
Energy module (G01),ENERGY,COX4I2,no,False,,,NA,,,NA,,,NA,,,NA,,,NA,,,NA,0,,1,Energy module (G01),0,0,specific
Energy module (G01),ENERGY,COX6A2,no,False,,,NA,,,NA,,,NA,,,NA,,,NA,,,NA,0,,1,Energy module (G01),0,0,specific
Energy module (G01),ENERGY,COX6B2,no,False,,,NA,,,NA,,,NA,,,NA,,,NA,,,NA,0,,1,Energy module (G01),0,0,specific
Energy module (G01),ENERGY,COX7A1,no,False,,,NA,,,NA,,,NA,,,NA,,,NA,,,NA,0,,1,Energy module (G01),0,0,specific
Energy module (G01),ENERGY,COX7B2,no,False,,,NA,,,NA,,,NA,,,NA,,,NA,,,NA,0,,1,Energy module (G01),0,0,specific
Energy module (G01),ENERGY,COX8B,no,False,,,NA,,,NA,,,NA,,,NA,,,NA,,,NA,0,,1,Energy module (G01),0,0,specific
Energy module (G01),ENERGY,COX8C,no,False,,,NA,,,NA,,,NA,,,NA,,,NA,,,NA,0,,1,Energy module (G01),0,0,specific
Energy module (G01),ENERGY,CYCT,no,False,,,NA,,,NA,,,NA,,,NA,,,NA,,,NA,0,,1,Energy module (G01),0,0,specific
Energy module (G01),ENERGY,CYTB,no,False,,,NA,,,NA,,,NA,,,NA,,,NA,,,NA,0,,1,Energy module (G01),0,0,specific
Energy module (G01),ENERGY,Casp3,yes,False,-0.17944752,0.7368949372603395,no,0.121695496,0.750208846114295,no,0.04821463,0.9974065754621892,no,-0.64594996,0.9691008500686222,no,-24.995298,0.8924400993114376,no,0.07154531,0.9708008327923672,no,0,,4,KEGG MAPK;KEGG IL-17;KEGG TNF;Energy module (G01),6,9,shared
Energy module (G01),ENERGY,Casp8,yes,False,0.09423374,0.4664839738790184,no,0.21900177,0.018265486609553,no,0.3215428,0.7144219530117352,no,-0.39788857,0.8752123784913642,no,0.31007466,1.0,no,0.12561041,0.6347126817166185,no,0,,3,KEGG IL-17;KEGG TNF;Energy module (G01),5,7,shared
Energy module (G01),ENERGY,Casp9,yes,False,-0.12435627,0.8589109447872068,no,-0.095222324,0.9350098631282876,no,0.3809263,0.949445454332073,no,-0.45799434,0.934226483828983,no,-0.6721271,1.0,no,-0.7887646,0.270953828863918,no,0,,1,Energy module (G01),4,4,specific
Energy module (G01),ENERGY,Coq7,yes,False,0.10837747,0.831969559203697,no,0.2986922,0.3875513887955474,no,-1.1564655,0.7144219530117352,no,0.8792485,0.8752123784913642,no,0.48211074,1.0,no,-0.04455821,0.9790555189639212,no,0,,1,Energy module (G01),7,7,specific
Energy module (G01),ENERGY,Coq9,yes,False,0.10110129,0.7508863784474222,no,-0.14677711,0.6585939962495907,no,-0.14450653,0.9974065754621892,no,-0.81921524,0.8652660695302766,no,-1.0009922,0.8950357678914026,no,-0.20939584,0.7862337024575058,no,0,,1,Energy module (G01),5,5,specific
Energy module (G01),ENERGY,Cox10,yes,False,0.3739702,0.0254058468142526,yes,0.36764672,0.0011363733481763,yes,0.3520856,0.8149663769637224,no,-0.12938635,1.0,no,0.21154283,1.0,no,0.2516149,0.5256439164165557,no,2,cluster_tissue__C0__bone_marrow;cluster_tissue__C3__spleen;tissue__bone_marrow;tissue__spleen,1,Energy module (G01),7,7,specific
Energy module (G01),ENERGY,Cox11,yes,False,0.019461283,0.953898448930252,no,-0.03339935,0.9878629107767232,no,-0.44072267,0.905469520987969,no,0.069293,1.0,no,-2.1926503,0.8924400993114376,no,-0.34271747,0.5396941851316921,no,0,,1,Energy module (G01),16,16,specific
Energy module (G01),ENERGY,Cox4i1,yes,False,0.008638877,0.971627630286882,no,0.04033064,0.7967718202432518,no,0.07449564,0.7067690986349308,no,0.060735963,0.9540048639674902,no,0.017210636,1.0,no,-0.018673468,0.774103171047637,no,0,,1,Energy module (G01),13,13,specific
Energy module (G01),ENERGY,Cox5a,yes,False,-0.0242456,0.8192549099200731,no,0.041017227,0.6933298745649636,no,0.1749677,0.7492092126801023,no,0.0064020157,0.9691008500686222,no,-0.05882229,1.0,no,0.010960855,0.8997701189220774,no,0,,1,Energy module (G01),14,14,specific
Energy module (G01),ENERGY,Cox5b,yes,False,0.32781234,2.195456191165911e-09,yes,0.4090054,2.264635688346739e-15,yes,0.4810167,0.0393634435182253,yes,-0.43859696,0.834361638050459,no,0.4908707,0.8924400993114376,no,0.3004231,0.0024823978425551,yes,4,cluster_tissue__C0__bone_marrow;cluster_tissue__C3__spleen;cluster_tissue__C4__bone_marrow;cluster_tissue__C6__thymus;tissue__bone_marrow;tissue__spleen;tissue__thymus,1,Energy module (G01),13,13,specific
Energy module (G01),ENERGY,Cox6a1,yes,False,0.19211265,0.0142999601190098,no,0.17950971,0.0020493999926117,no,0.36910278,0.4293459241063836,no,-0.10350196,0.9540048639674902,no,-0.15386756,0.9845136932353914,no,0.114846416,0.4425617076534308,no,0,,1,Energy module (G01),13,13,specific
Energy module (G01),ENERGY,Cox6b1,yes,False,0.31322408,1.5781261813785786e-12,yes,0.3835207,1.3256495425264649e-17,yes,0.4436229,0.0352965377924192,yes,0.34335807,0.7884206740215758,no,0.2937673,0.8924400993114376,no,0.23526612,0.0024383555867862,no,3,cluster_tissue__C0__bone_marrow;cluster_tissue__C3__spleen;cluster_tissue__C4__bone_marrow;tissue__bone_marrow;tissue__spleen;tissue__thymus,1,Energy module (G01),10,10,specific
Energy module (G01),ENERGY,Cox6c,yes,False,0.43229085,9.650666224278243e-27,yes,0.46900275,4.1700229683757565e-37,yes,0.517703,0.0043759817373575,yes,0.29951862,0.5048955336697716,no,-0.007340815,1.0,no,0.27578673,9.040923153477068e-05,yes,4,cluster_tissue__C0__bone_marrow;cluster_tissue__C3__spleen;cluster_tissue__C4__bone_marrow;cluster_tissue__C5-1__spleen;cluster_tissue__C6__thymus;tissue__bone_marrow;tissue__spleen;tissue__thymus,1,Energy module (G01),10,10,specific
Energy module (G01),ENERGY,Cox7a2,yes,False,0.34310558,1.4957133584013534e-09,yes,0.38570216,2.1920941738044408e-15,yes,0.35151625,0.5426721052798664,no,0.20698804,0.934226483828983,no,0.14544258,1.0,no,0.23062544,0.0133430941321179,no,2,cluster_tissue__C0__bone_marrow;cluster_tissue__C3__spleen;tissue__bone_marrow;tissue__spleen;tissue__thymus,1,Energy module (G01),13,13,specific
Energy module (G01),ENERGY,Cox7a2l,yes,False,-0.16573113,0.0008812949522887,no,-0.24380273,1.2285863596944079e-10,no,-0.18707593,0.4865554514995971,no,0.077749304,0.9691008500686222,no,-0.26796305,0.8950357678914026,no,-0.16397294,0.0018324538358934,no,0,,1,Energy module (G01),15,15,specific
Energy module (G01),ENERGY,Cox7b,yes,False,0.30678678,2.5261682695794698e-08,yes,0.33032882,3.2169473010757446e-10,yes,0.11924191,0.8630301097678682,no,0.30882424,0.8491192006383744,no,0.7563812,0.8924400993114376,no,0.20328614,0.0538426005498274,no,2,cluster_tissue__C0__bone_marrow;cluster_tissue__C3__spleen;tissue__bone_marrow;tissue__spleen;tissue__thymus,1,Energy module (G01),13,13,specific
Energy module (G01),ENERGY,Cox7c,yes,False,0.35567933,2.5422541994268164e-16,yes,0.3833862,1.0053007309105569e-19,yes,0.5475115,0.0024459434513543,yes,0.7009115,0.0097793108237462,yes,0.84474504,0.8924400993114376,no,0.21712926,0.0006966254051485,no,4,cluster_tissue__C0__bone_marrow;cluster_tissue__C3__spleen;cluster_tissue__C4__bone_marrow;cluster_tissue__C5-2__bone_marrow;tissue__bone_marrow;tissue__spleen;tissue__thymus,1,Energy module (G01),13,13,specific
Energy module (G01),ENERGY,Cox8a,yes,False,0.25948623,3.084016546753394e-19,yes,0.2792343,9.828969807156576e-21,yes,0.42254668,0.0012969163689203,yes,0.18541892,0.8491192006383744,no,-0.06451777,1.0,no,0.29294604,2.545245178150652e-11,yes,4,cluster_tissue__C0__bone_marrow;cluster_tissue__C3__spleen;cluster_tissue__C4__bone_marrow;cluster_tissue__C6__thymus;tissue__bone_marrow;tissue__spleen;tissue__thymus,1,Energy module (G01),13,13,specific
Energy module (G01),ENERGY,Cyc1,yes,False,-0.045501117,0.7196909644807274,no,-0.12061766,0.3222958359944931,no,0.17915452,0.9028121757579018,no,-0.16817667,0.9622399608294852,no,0.0022748453,1.0,no,-0.15314443,0.4991863988067738,no,0,,1,Energy module (G01),14,14,specific
Energy module (G01),ENERGY,Cycs,yes,False,0.21653384,0.0113279121099872,no,0.09815589,0.4128596970850409,no,0.22540279,0.7966340864465297,no,0.12218207,1.0,no,0.7608766,0.8924400993114376,no,0.11877338,0.6645777028285438,no,0,,1,Energy module (G01),12,12,specific
Energy module (G01),ENERGY,Dguok,yes,False,0.04724951,0.6904410369171793,no,-0.0027511048,0.9195037153197548,no,0.024352346,0.9974065754621892,no,-0.40608725,0.8594453132659899,no,0.0047871014,1.0,no,0.11538073,0.6627085979870718,no,0,,1,Energy module (G01),11,11,specific
Energy module (G01),ENERGY,Dld,yes,False,-0.033862032,0.9090733376054908,no,-0.13944207,0.5077927498230457,no,-0.60433394,0.6150587476976827,no,0.51889265,0.8752123784913642,no,0.5536926,1.0,no,0.019161265,0.9876436760598144,no,0,,1,Energy module (G01),9,9,specific
Energy module (G01),ENERGY,Eno1,yes,False,0.13490137,0.20741970111095,no,-0.051236086,0.6050031952801411,no,0.30400938,0.6150587476976827,no,0.6104981,0.7653497107218016,no,-0.47215596,0.8950357678914026,no,0.0354717,0.9208275605525472,no,0,,1,Energy module (G01),8,8,specific
Energy module (G01),ENERGY,Eno3,yes,False,-0.21468404,0.7619343709770507,no,0.25525066,0.5885674503341138,no,0.10784216,0.9974065754621892,no,-1.1259829,0.9691008500686222,no,-26.295809,0.8924400993114376,no,-0.44993758,0.6079188246664826,no,0,,1,Energy module (G01),6,6,specific
Energy module (G01),ENERGY,Enpp1,yes,False,0.159954,0.7752232807068005,no,0.3321171,0.2786700855962267,no,0.4735768,0.9117106646211248,no,-2.0083869,0.8754402765736332,no,0.44905236,1.0,no,0.30382565,0.6593576241527619,no,0,,1,Energy module (G01),9,9,specific
Energy module (G01),ENERGY,Ep300,yes,False,-0.3514426,0.0021124129651775,yes,-0.025206286,0.8488566459340614,no,-0.5262682,0.549271795916349,no,-0.13785383,0.9820277697479676,no,-0.17364202,1.0,no,-0.0775049,0.877592298456412,no,1,cluster_tissue__C0__bone_marrow;tissue__bone_marrow,1,Energy module (G01),10,10,specific
Energy module (G01),ENERGY,Fam210b,yes,False,0.11440216,0.6915904501700084,no,0.03964234,0.842916858636652,no,0.03746746,0.9997005180718442,no,-1.7809912,0.8424284797545121,no,-0.14641622,1.0,no,0.044138968,0.9010320691133974,no,0,,1,Energy module (G01),14,14,specific
Energy module (G01),ENERGY,Fkrp,yes,False,-0.08259479,0.755687512025467,no,-0.17741,0.4988719764010847,no,0.101588465,0.9974065754621892,no,0.3466066,0.9827001605731628,no,0.6987375,1.0,no,0.17304523,0.7294251039049132,no,0,,1,Energy module (G01),7,7,specific
Energy module (G01),ENERGY,Foxk1,yes,False,0.22647125,0.4552785298814621,no,-0.04597547,0.9147868162049622,no,-0.12028007,0.950257724798984,no,0.07822369,0.994360499287558,no,2.0283623,0.8924400993114376,no,-0.114692725,0.948687178659092,no,0,,1,Energy module (G01),6,6,specific
Energy module (G01),ENERGY,Foxk2,yes,False,-0.11622892,0.9072102201265626,no,-0.2591395,0.511864493282107,no,-1.4523101,0.2808122124451745,no,1.3319186,0.8752123784913642,no,-2.7450485,0.8924400993114376,no,0.09503522,0.9039268753157622,no,0,,1,Energy module (G01),6,6,specific
Energy module (G01),ENERGY,Fxn,yes,False,-0.26186812,0.5619257207334395,no,0.118119754,0.6557070925687768,no,-0.6098539,0.7144219530117352,no,0.054764427,1.0,no,-1.1751684,0.8950357678914026,no,-0.22058988,0.745492847229191,no,0,,1,Energy module (G01),4,4,specific
Energy module (G01),ENERGY,Gale,yes,False,-0.042939447,0.9722365616266384,no,-0.21793878,0.7524636068200318,no,-0.43960404,0.9292327714816524,no,-1.370578,0.8652660695302766,no,0.86130464,0.9845136932353914,no,-0.12635829,0.9221835930538048,no,0,,1,Energy module (G01),6,6,specific
Energy module (G01),ENERGY,Galk1,yes,False,0.14023748,0.6342323776499663,no,0.6021284,0.0025319229344907,yes,0.2855289,0.8784545658364195,no,0.48304236,0.8966093256093394,no,27.89652,0.8924400993114376,no,0.22393222,0.636939301243807,no,1,cluster_tissue__C3__spleen;tissue__spleen,1,Energy module (G01),6,6,specific
Energy module (G01),ENERGY,Galt,yes,False,-0.27708456,0.3198679557497654,no,-0.27645206,0.3381249671233673,no,0.012795225,1.0,no,-0.14900821,1.0,no,-0.18560502,1.0,no,0.20557,0.7386706711016783,no,0,,1,Energy module (G01),6,6,specific
Energy module (G01),ENERGY,Gapdh,yes,False,-0.017023196,0.4148410587553284,no,0.07494326,0.2987336759137369,no,0.15863006,0.8527509999233545,no,0.14152367,0.9658041847053744,no,0.014170276,1.0,no,0.16519241,0.0847731704470732,no,0,,1,Energy module (G01),9,9,specific
Energy module (G01),ENERGY,Gnaq,yes,False,-0.3315895,0.6805503974183464,no,-0.12007976,0.8948309887584939,no,-1.6462768,0.7379353739718775,no,0.16329461,1.0,no,2.4619637,0.8924400993114376,no,0.12743591,0.8774100438247897,no,0,,1,Energy module (G01),4,4,specific
Energy module (G01),ENERGY,Gpi1,yes,False,-0.13156675,0.0531415939053006,no,-0.14562672,0.0249207648603292,no,-0.19305563,0.7492092126801023,no,0.33437228,0.8752123784913642,no,0.049199052,1.0,no,0.04084682,0.9053687770083212,no,0,,1,Energy module (G01),6,6,specific
Energy module (G01),ENERGY,Gsk3b,yes,False,-0.13272163,0.2185292383384306,no,-0.18668485,0.0330482240172827,no,-0.09422252,0.9467698418692164,no,-0.23445876,0.8803601802091184,no,0.70159835,0.8950357678914026,no,-0.07287121,0.8069627489413561,no,0,,3,KEGG IL-17;KEGG TCR;Energy module (G01),5,7,shared
Energy module (G01),ENERGY,Hk1,yes,False,-0.07115393,0.769327748891667,no,-0.20764819,0.1578257756705996,no,0.12443517,0.9911602743116624,no,0.6455221,0.8652660695302766,no,-0.59682506,0.9761216305114476,no,-0.10177766,0.8838475525788541,no,0,,1,Energy module (G01),9,9,specific
Energy module (G01),ENERGY,Hk2,yes,False,1.0213015,0.5627516727016886,no,1.5709939,0.5018769838200114,no,-21.846994,0.8311291475053749,no,-0.82056725,0.9401578179715382,no,0.0,1.0,no,-0.6010946,0.806224360696523,no,0,,1,Energy module (G01),7,7,specific
Energy module (G01),ENERGY,Itpr1,yes,False,0.0024406454,0.9078324827510352,no,0.2037776,0.3862468756888572,no,-0.48511556,0.7341918880461372,no,0.15995325,0.9827001605731628,no,-0.42052835,1.0,no,-0.13593556,0.8237702581779571,no,0,,1,Energy module (G01),4,4,specific
Energy module (G01),ENERGY,Khk,yes,False,-0.09298407,0.9022091539630084,no,0.113780655,0.6097548598928576,no,-0.82089376,0.7468030958751247,no,0.6918657,0.8752123784913642,no,-1.2976958,0.8950357678914026,no,-0.5203729,0.3475741067441607,no,0,,1,Energy module (G01),6,6,specific
Energy module (G01),ENERGY,Lipa,yes,False,0.15727969,0.5891312249726275,no,0.017826827,0.9225855467458576,no,0.01336421,0.9974065754621892,no,0.62074,0.8652660695302766,no,-0.54743916,0.9082909535243304,no,0.12844403,0.8711599374813263,no,0,,1,Energy module (G01),13,13,specific
Energy module (G01),ENERGY,Mfsd8,yes,False,-0.057128888,0.8675181611127711,no,-0.023076652,0.930458544669835,no,-0.014677337,1.0,no,0.5859716,0.9691008500686222,no,-1.2271558,0.8950357678914026,no,-0.17525715,0.8237702581779571,no,0,,1,Energy module (G01),7,7,specific
Energy module (G01),ENERGY,Mpi,yes,False,0.030882694,0.986238659339682,no,-0.7576957,0.1351562496985608,no,0.6446105,0.9467698418692164,no,0.5099263,0.9691008500686222,no,24.580318,0.8950357678914026,no,-0.81303537,0.3868316522015585,no,0,,1,Energy module (G01),9,9,specific
Energy module (G01),ENERGY,Msh2,yes,False,-0.12768468,0.5313018558713501,no,-0.19184995,0.340215535157746,no,0.10042297,0.9974065754621892,no,0.19308369,0.9878558369716062,no,2.3936214,0.8924400993114376,no,-0.20020741,0.5862714653147028,no,0,,1,Energy module (G01),5,5,specific
Energy module (G01),ENERGY,Mtch2,yes,False,0.046109144,0.853527448378033,no,0.10124947,0.489175407229085,no,0.14729108,0.9583141778823346,no,0.08200422,0.9827001605731628,no,-0.68128145,0.8950357678914026,no,-0.16803558,0.5979261571759651,no,0,,1,Energy module (G01),6,6,specific
Energy module (G01),ENERGY,Mttp,yes,False,0.5977256,0.2741272491879838,no,0.901728,0.0304264776068246,yes,0.48635596,0.949445454332073,no,-0.029024,1.0,no,-26.31534,0.8924400993114376,no,1.3162392,0.0280223316844971,yes,2,cluster_tissue__C3__spleen;cluster_tissue__C6__thymus,1,Energy module (G01),6,6,specific
Energy module (G01),ENERGY,ND1,no,False,,,NA,,,NA,,,NA,,,NA,,,NA,,,NA,0,,1,Energy module (G01),0,0,specific
Energy module (G01),ENERGY,ND2,no,False,,,NA,,,NA,,,NA,,,NA,,,NA,,,NA,0,,1,Energy module (G01),0,0,specific
Energy module (G01),ENERGY,ND3,no,False,,,NA,,,NA,,,NA,,,NA,,,NA,,,NA,0,,1,Energy module (G01),0,0,specific
Energy module (G01),ENERGY,ND4,no,False,,,NA,,,NA,,,NA,,,NA,,,NA,,,NA,0,,1,Energy module (G01),0,0,specific
Energy module (G01),ENERGY,ND4L,no,False,,,NA,,,NA,,,NA,,,NA,,,NA,,,NA,0,,1,Energy module (G01),0,0,specific
Energy module (G01),ENERGY,ND5,no,False,,,NA,,,NA,,,NA,,,NA,,,NA,,,NA,0,,1,Energy module (G01),0,0,specific
Energy module (G01),ENERGY,ND6,no,False,,,NA,,,NA,,,NA,,,NA,,,NA,,,NA,0,,1,Energy module (G01),0,0,specific
Energy module (G01),ENERGY,NDUFA11B,no,False,,,NA,,,NA,,,NA,,,NA,,,NA,,,NA,0,,1,Energy module (G01),0,0,specific
Energy module (G01),ENERGY,NDUFA4L2,no,False,,,NA,,,NA,,,NA,,,NA,,,NA,,,NA,0,,1,Energy module (G01),0,0,specific
Energy module (G01),ENERGY,NDUFB4B,no,False,,,NA,,,NA,,,NA,,,NA,,,NA,,,NA,0,,1,Energy module (G01),0,0,specific
Energy module (G01),ENERGY,NDUFB4C,no,False,,,NA,,,NA,,,NA,,,NA,,,NA,,,NA,0,,1,Energy module (G01),0,0,specific
Energy module (G01),ENERGY,Ndufa1,yes,False,0.3384221,3.791101373559335e-06,yes,0.36962005,8.3937051327555e-08,yes,0.38322073,0.5757270353737803,no,-0.21916772,0.8752123784913642,no,-0.15208659,1.0,no,0.3264817,0.0078877292304729,yes,3,cluster_tissue__C0__bone_marrow;cluster_tissue__C3__spleen;cluster_tissue__C6__thymus;tissue__bone_marrow;tissue__spleen;tissue__thymus,1,Energy module (G01),21,21,specific
Energy module (G01),ENERGY,Ndufa10,yes,False,-0.11429794,0.3744322374614494,no,0.01718332,0.8836887385817289,no,0.3711256,0.6338954676045824,no,-0.1727736,0.9408033698137706,no,0.74634117,0.8924400993114376,no,0.13220523,0.5488421840765534,no,0,,1,Energy module (G01),24,24,specific
Energy module (G01),ENERGY,Ndufa11,yes,False,0.21807887,0.0129122666988334,no,0.24607486,0.0031170407270209,no,0.2688293,0.7392668138687825,no,0.2324883,0.9001024280704853,no,0.36025956,0.9761216305114476,no,0.18302786,0.3483419686502312,no,0,,1,Energy module (G01),23,23,specific
Energy module (G01),ENERGY,Ndufa12,yes,False,0.10628165,0.3687984134843368,no,0.2043,0.0324536736463248,no,0.2096995,0.8356105722401911,no,-0.8537596,0.3810270894366931,no,0.3727125,0.8950357678914026,no,0.13775283,0.5419177776731139,no,0,,1,Energy module (G01),23,23,specific
Energy module (G01),ENERGY,Ndufa13,yes,False,0.38444683,2.9326775491871536e-20,yes,0.4291748,4.1687404411406293e-26,yes,0.37994817,0.0688233974450799,no,0.24400514,0.8652660695302766,no,0.22324334,0.9525991183921956,no,0.27299142,0.0001777025710981,yes,3,cluster_tissue__C0__bone_marrow;cluster_tissue__C3__spleen;cluster_tissue__C5-1__spleen;cluster_tissue__C6__thymus;tissue__bone_marrow;tissue__spleen;tissue__thymus,1,Energy module (G01),23,23,specific
Energy module (G01),ENERGY,Ndufa2,yes,False,0.36881527,4.2002852759362693e-11,yes,0.35830164,7.72799659773333e-11,yes,0.365917,0.444934379804034,no,0.3125449,0.8752123784913642,no,0.44460112,0.8924400993114376,no,0.35479924,4.1931232695058327e-05,yes,3,cluster_tissue__C0__bone_marrow;cluster_tissue__C3__spleen;cluster_tissue__C6__thymus;tissue__bone_marrow;tissue__spleen;tissue__thymus,1,Energy module (G01),22,22,specific
Energy module (G01),ENERGY,Ndufa3,yes,False,0.35919127,3.5351194428376017e-07,yes,0.36358312,7.697237146687191e-09,yes,0.35258824,0.6122507665464726,no,0.22559814,1.0,no,-0.089227736,1.0,no,0.3111033,0.0189269509326832,yes,3,cluster_tissue__C0__bone_marrow;cluster_tissue__C3__spleen;cluster_tissue__C6__thymus;tissue__bone_marrow;tissue__spleen;tissue__thymus,1,Energy module (G01),21,21,specific
Energy module (G01),ENERGY,Ndufa4,yes,False,0.24504673,1.8146147753518315e-10,no,0.3437635,2.634858991192193e-20,yes,0.44952834,0.0212810284048181,yes,0.2509813,0.8491192006383744,no,-0.14595652,1.0,no,0.26832065,6.338454606375971e-06,yes,3,cluster_tissue__C3__spleen;cluster_tissue__C4__bone_marrow;cluster_tissue__C6__thymus;tissue__bone_marrow;tissue__spleen;tissue__thymus,1,Energy module (G01),7,7,specific
Energy module (G01),ENERGY,Ndufa5,yes,False,0.384377,1.3239052832047335e-06,yes,0.25026608,0.0025319229344907,yes,0.080779724,0.9753885384122424,no,0.17243111,0.9691008500686222,no,-0.5446979,0.8924400993114376,no,0.31191617,0.0684272289471681,no,2,cluster_tissue__C0__bone_marrow;cluster_tissue__C3__spleen;tissue__bone_marrow,1,Energy module (G01),22,22,specific
Energy module (G01),ENERGY,Ndufa6,yes,False,0.16911651,0.0705511490832981,no,0.22053649,0.0003748614751268,no,0.36462384,0.5499045311338419,no,0.25288695,0.9001435005127193,no,0.91139215,0.8924400993114376,no,0.18900986,0.1366308349197511,no,0,,1,Energy module (G01),23,23,specific
Energy module (G01),ENERGY,Ndufa7,yes,False,0.4091943,1.7600761733675934e-11,yes,0.46007162,1.3316865317291119e-15,yes,0.44867897,0.2997004424338159,no,0.31468987,0.8424284797545121,no,0.43522593,0.8950357678914026,no,0.38357428,6.44124703761439e-05,yes,3,cluster_tissue__C0__bone_marrow;cluster_tissue__C3__spleen;cluster_tissue__C6__thymus;tissue__bone_marrow;tissue__spleen;tissue__thymus,1,Energy module (G01),23,23,specific
Energy module (G01),ENERGY,Ndufa8,yes,False,-0.16060849,0.0600620621092949,no,-0.13608754,0.1269053558891265,no,0.33169216,0.7341918880461372,no,-0.039522573,0.9691008500686222,no,-0.09565972,1.0,no,-0.040083483,0.8625778545688438,no,0,,1,Energy module (G01),23,23,specific
Energy module (G01),ENERGY,Ndufa9,yes,False,-0.16584809,0.242454956809146,no,-0.09321284,0.511888707540046,no,-0.182419,0.878996032385961,no,0.32677373,0.9344370763006536,no,-1.0410782,0.8924400993114376,no,-0.116361395,0.7656857851828687,no,0,,1,Energy module (G01),21,21,specific
Energy module (G01),ENERGY,Ndufab1,yes,False,-0.12821935,0.2821612030304319,no,-0.13988134,0.1225415989420495,no,-0.105012916,0.9266761396123906,no,-0.5458253,0.780113819934209,no,-0.7311986,0.8924400993114376,no,0.016600005,0.9863735669749036,no,0,,1,Energy module (G01),21,21,specific
Energy module (G01),ENERGY,Ndufaf1,yes,False,-0.18059064,0.4895638347343019,no,0.18265894,0.4068468559790457,no,-0.6161934,0.7468030958751247,no,-0.027980322,1.0,no,-0.75328755,1.0,no,0.050926927,0.9675153467686776,no,0,,1,Energy module (G01),8,8,specific
Energy module (G01),ENERGY,Ndufb1-ps,yes,False,0.29097044,0.0001409573055363,yes,0.36710167,8.778505509466705e-09,yes,0.60426766,0.140875123306369,no,0.72979355,0.6852743547927748,no,0.25091046,1.0,no,0.1503238,0.4236078314860364,no,2,cluster_tissue__C0__bone_marrow;cluster_tissue__C3__spleen;cluster_tissue__C5-1__spleen;tissue__bone_marrow;tissue__spleen,1,Energy module (G01),14,14,specific
Energy module (G01),ENERGY,Ndufb10,yes,False,-0.0101924585,0.8937869566831742,no,-0.08357556,0.2350681252683687,no,-0.20735177,0.6977563050181,no,-0.39874446,0.745640102114118,no,-0.9174337,0.8924400993114376,no,-0.09037485,0.5224603382094697,no,0,,1,Energy module (G01),21,21,specific
Energy module (G01),ENERGY,Ndufb11,yes,False,0.081762284,0.3788074569321667,no,0.2042451,0.0004152779419713,no,0.22630124,0.6643591215122333,no,0.25021464,0.8752123784913642,no,-0.11847341,1.0,no,0.094716854,0.6343572328764613,no,0,,1,Energy module (G01),21,21,specific
Energy module (G01),ENERGY,Ndufb2,yes,False,0.27463037,0.0099988441344528,yes,0.35761175,0.0001645909379022,yes,0.3862896,0.6965269061912129,no,0.470648,0.8752123784913642,no,0.9243111,0.8924400993114376,no,0.14629258,0.5796557231844246,no,2,cluster_tissue__C0__bone_marrow;cluster_tissue__C3__spleen;tissue__bone_marrow;tissue__spleen,1,Energy module (G01),21,21,specific
Energy module (G01),ENERGY,Ndufb3,yes,False,0.20531958,0.0094014953919027,no,0.30328476,1.2345926160835567e-05,yes,0.6250417,0.1253484984554876,no,0.15741089,0.9691008500686222,no,0.18310463,1.0,no,0.4460266,5.782613412208358e-05,yes,2,cluster_tissue__C3__spleen;cluster_tissue__C6__thymus;tissue__spleen;tissue__thymus,1,Energy module (G01),22,22,specific
Energy module (G01),ENERGY,Ndufb4,yes,False,0.41352192,7.284592345143996e-08,yes,0.34365973,6.684937848063755e-06,yes,0.38387737,0.6150587476976827,no,0.71631706,0.6995215665250357,no,0.31339064,0.9634989361886772,no,0.37223083,0.0031767633540718,yes,3,cluster_tissue__C0__bone_marrow;cluster_tissue__C3__spleen;cluster_tissue__C6__thymus;tissue__bone_marrow;tissue__spleen;tissue__thymus,1,Energy module (G01),21,21,specific
Energy module (G01),ENERGY,Ndufb5,yes,False,-0.039263606,0.6267796520389667,no,-0.03581081,0.6281687584598982,no,0.05172569,0.971398024148766,no,-0.22672202,0.8752123784913642,no,-0.54701966,0.8924400993114376,no,-0.14948238,0.4218755607511941,no,0,,1,Energy module (G01),21,21,specific
Energy module (G01),ENERGY,Ndufb6,yes,False,-0.0024479816,0.9680378785557064,no,0.1895791,0.0785020814441046,no,0.010710656,0.9993834228388798,no,0.024744432,1.0,no,-0.00933683,1.0,no,0.03689447,0.9276173130590124,no,0,,1,Energy module (G01),23,23,specific
Energy module (G01),ENERGY,Ndufb7,yes,False,0.19388208,0.0017928533222083,no,0.28170156,1.0000889295496089e-07,yes,0.35555565,0.4569667329455935,no,0.3809044,0.8720121974433486,no,0.4332697,0.8924400993114376,no,0.23876992,0.0429413459459492,no,1,cluster_tissue__C3__spleen;tissue__spleen;tissue__thymus,1,Energy module (G01),22,22,specific
Energy module (G01),ENERGY,Ndufb8,yes,False,-0.03842254,0.6739471176927248,no,-0.015087934,0.7363612579211307,no,0.20604363,0.7919609595957768,no,-0.17065388,0.8752123784913642,no,0.09170396,1.0,no,0.12872332,0.6646295273049705,no,0,,1,Energy module (G01),23,23,specific
Energy module (G01),ENERGY,Ndufb9,yes,False,0.08344956,0.5478427395047936,no,0.103613146,0.2936940376199335,no,-0.05712069,0.9467698418692164,no,-0.018208195,0.9991922859761404,no,-0.1302603,1.0,no,0.0039198725,0.9708008327923672,no,0,,1,Energy module (G01),23,23,specific
Energy module (G01),ENERGY,Ndufc1,yes,False,0.2807071,0.0027094734803073,yes,0.2942501,0.0015424042730243,yes,0.5291804,0.5426721052798664,no,0.21209943,0.9691008500686222,no,0.91962284,0.8924400993114376,no,0.3576484,0.021887548435183,yes,3,cluster_tissue__C0__bone_marrow;cluster_tissue__C3__spleen;cluster_tissue__C6__thymus;tissue__bone_marrow;tissue__spleen;tissue__thymus,1,Energy module (G01),21,21,specific
Energy module (G01),ENERGY,Ndufc2,yes,False,0.23658262,0.0042004087251918,no,0.1921867,0.0307375055694178,no,0.2328267,0.7979201556374733,no,-0.07275631,0.9729849139877652,no,0.14388889,1.0,no,0.228624,0.2017933752750189,no,0,tissue__thymus,1,Energy module (G01),25,25,specific
Energy module (G01),ENERGY,Ndufs1,yes,False,-0.014907522,0.9715362170093722,no,-0.11052162,0.73890513850215,no,-0.06926062,0.9974065754621892,no,-0.15605924,1.0,no,0.33225176,1.0,no,-0.06385058,0.9520935997859448,no,0,,1,Energy module (G01),26,26,specific
Energy module (G01),ENERGY,Ndufs2,yes,False,-0.013089823,0.9473274864046114,no,0.07086839,0.6985404258224673,no,-0.0714494,0.9558567970565838,no,-0.5469347,0.8491192006383744,no,0.37579405,1.0,no,-0.03704072,0.9708008327923672,no,0,,1,Energy module (G01),26,26,specific
Energy module (G01),ENERGY,Ndufs3,yes,False,-0.08303621,0.5358743847782323,no,-0.06844304,0.6587456184591227,no,-0.35686496,0.6745771941274001,no,-0.04061719,0.9827001605731628,no,0.1521067,1.0,no,-0.049956243,0.8852331954076431,no,0,,1,Energy module (G01),26,26,specific
Energy module (G01),ENERGY,Ndufs4,yes,False,0.08879896,0.572130861490194,no,0.14542189,0.1472240476259841,no,0.15186857,0.9117106646211248,no,0.10310028,1.0,no,0.6998469,0.8924400993114376,no,-0.0045927586,0.991444995342637,no,0,,1,Energy module (G01),25,25,specific
Energy module (G01),ENERGY,Ndufs5,yes,False,0.29734856,9.509161123680043e-05,yes,0.20615463,0.0217697772261304,no,-0.19920096,0.8926059497791334,no,0.37171578,0.8752123784913642,no,0.81723,0.8924400993114376,no,0.20435677,0.3362955335167451,no,1,cluster_tissue__C0__bone_marrow;tissue__bone_marrow,1,Energy module (G01),23,23,specific
Energy module (G01),ENERGY,Ndufs6,yes,False,0.3712118,5.829445629270053e-06,yes,0.43600887,6.7702793865172324e-09,yes,0.44517854,0.5318986236726164,no,0.12991697,1.0,no,1.084733,0.8924400993114376,no,0.42435062,0.0015988150415625,yes,3,cluster_tissue__C0__bone_marrow;cluster_tissue__C3__spleen;cluster_tissue__C6__thymus;tissue__bone_marrow;tissue__spleen;tissue__thymus,1,Energy module (G01),25,25,specific
Energy module (G01),ENERGY,Ndufs7,yes,False,-0.07264479,0.5511574552688853,no,0.06708899,0.5480642558157104,no,0.15142906,0.8796641511630255,no,0.0027412928,1.0,no,-0.5077846,0.8950357678914026,no,-0.10583443,0.6105667525800268,no,0,,1,Energy module (G01),26,26,specific
Energy module (G01),ENERGY,Ndufs8,yes,False,-0.016248444,0.8937869566831742,no,0.031218873,0.8584544243087654,no,-0.25514618,0.7501969099356648,no,0.297332,0.8964793887972302,no,-0.7668461,0.8924400993114376,no,0.06846207,0.8405944020181652,no,0,,1,Energy module (G01),26,26,specific
Energy module (G01),ENERGY,Ndufv1,yes,False,0.01799726,0.8675181611127711,no,0.10523995,0.5139546034740503,no,0.03367677,0.9974928337067688,no,-0.1713921,0.9540048639674902,no,0.3631447,0.983584271041041,no,0.1576861,0.6440227347551455,no,0,,1,Energy module (G01),24,24,specific
Energy module (G01),ENERGY,Ndufv2,yes,False,-0.074345,0.5763848305198606,no,0.0053146137,0.9883007209003566,no,-0.028830756,0.9974065754621892,no,0.27257374,0.9540048639674902,no,-0.47424176,0.8924400993114376,no,-0.015051153,0.9746927811137548,no,0,,1,Energy module (G01),24,24,specific
Energy module (G01),ENERGY,Ndufv3,yes,False,0.32116944,4.91725894199596e-07,yes,0.347866,2.4715011947486583e-09,yes,0.31164083,0.644875540588568,no,0.4114261,0.8752123784913642,no,0.25936803,0.9761216305114476,no,0.39620996,0.0007405772027164,yes,3,cluster_tissue__C0__bone_marrow;cluster_tissue__C3__spleen;cluster_tissue__C5-1__spleen;cluster_tissue__C6__thymus;tissue__bone_marrow;tissue__spleen;tissue__thymus,1,Energy module (G01),23,23,specific
Energy module (G01),ENERGY,PLCB1,no,False,,,NA,,,NA,,,NA,,,NA,,,NA,,,NA,0,,1,Energy module (G01),0,0,specific
Energy module (G01),ENERGY,Pfkfb2,yes,False,-0.46098217,0.7610318761165837,no,0.061335005,0.9568043881078468,no,-22.158464,0.8311291475053749,no,24.888195,0.8652660695302766,no,0.0,1.0,no,-3.4279287,0.0855392799100441,no,0,,1,Energy module (G01),6,6,specific
Energy module (G01),ENERGY,Pfkfb3,yes,False,-0.09615361,0.8203251239645822,no,-0.33865935,0.3124859539235867,no,0.66685736,0.8176727753140693,no,0.69329405,0.9430943154090814,no,1.5310647,0.8950357678914026,no,0.3428397,0.6032823538647952,no,0,,1,Energy module (G01),6,6,specific
Energy module (G01),ENERGY,Pfkfb4,yes,False,0.42574182,0.5219220814944773,no,0.68719244,0.071188375602027,no,-0.4767909,0.9911602743116624,no,-0.009709407,1.0,no,-24.959013,0.8924400993114376,no,0.76348513,0.3260015936975734,no,0,,1,Energy module (G01),6,6,specific
Energy module (G01),ENERGY,Pfkl,yes,False,-0.017659748,0.9672762825659018,no,0.14516316,0.3900993542634897,no,-0.13905953,0.963585904967176,no,0.2343275,0.954594442171578,no,0.098520555,1.0,no,0.008464661,0.967462478270798,no,0,,1,Energy module (G01),6,6,specific
Energy module (G01),ENERGY,Pfkm,yes,False,0.19388574,0.7159872002118685,no,-0.44139835,0.5085519087287014,no,-24.01999,0.6569665337107439,no,25.950869,0.6117881246433869,no,24.388914,0.8950357678914026,no,-0.24171986,0.9488721306089936,no,0,,1,Energy module (G01),6,6,specific
Energy module (G01),ENERGY,Pfkp,yes,False,-0.041852474,0.8447836038269012,no,0.008542145,0.9225855467458576,no,-0.7707448,0.2327164511549423,no,-0.19106951,0.9364099550476066,no,0.012657238,1.0,no,0.038403414,0.9389653786123904,no,0,,1,Energy module (G01),6,6,specific
Energy module (G01),ENERGY,Pgam1,yes,False,-0.27618006,0.0076926286319926,yes,-0.072147995,0.5552328228416592,no,-0.34440935,0.6752248331915285,no,0.37743983,0.8752123784913642,no,0.068689585,1.0,no,-0.08251545,0.7917821078725322,no,1,cluster_tissue__C0__bone_marrow,1,Energy module (G01),8,8,specific
Energy module (G01),ENERGY,Pgk1,yes,False,-0.10311461,0.3740658555002082,no,0.014582412,0.91532646061534,no,-0.035204113,0.9974065754621892,no,0.094958246,0.9898972688566288,no,-0.39797628,0.8950357678914026,no,0.073137805,0.7044893400364786,no,0,,1,Energy module (G01),8,8,specific
Energy module (G01),ENERGY,Pink1,yes,False,-0.96379524,8.269116700725437e-16,yes,-0.6791397,4.810176633367931e-09,yes,-0.8115045,0.520111197169217,no,0.053758387,0.985192454743087,no,0.37282273,1.0,no,-0.6299749,0.0043818721373637,yes,3,cluster_tissue__C0__bone_marrow;cluster_tissue__C3__spleen;cluster_tissue__C6__thymus;tissue__bone_marrow;tissue__spleen;tissue__thymus,1,Energy module (G01),4,4,specific
Energy module (G01),ENERGY,Pkm,yes,False,0.009698739,0.9801344800980624,no,0.03479239,0.930458544669835,no,0.010345347,0.9974065754621892,no,-0.20648427,0.8491192006383744,no,0.71710473,0.8924400993114376,no,0.08532771,0.5796098302501485,no,0,,1,Energy module (G01),6,6,specific
Energy module (G01),ENERGY,Plcb2,yes,False,0.04296641,0.8777017134103524,no,-0.02968205,0.8967546679097784,no,0.008846132,1.0,no,-0.20862311,0.974902174034338,no,0.2991023,1.0,no,-0.039235033,0.9834255817935604,no,0,,1,Energy module (G01),4,4,specific
Energy module (G01),ENERGY,Plcb3,yes,False,-0.38893542,0.3889550712260868,no,-0.07729491,0.82013699692741,no,-0.15224005,0.9974065754621892,no,-0.7458077,0.939154958117466,no,26.18887,0.8924400993114376,no,-0.744639,0.3403168873665969,no,0,,1,Energy module (G01),4,4,specific
Energy module (G01),ENERGY,Plcb4,yes,False,-0.22548875,0.7937256867651851,no,-0.05270888,0.8834965016898292,no,23.080246,0.6977563050181,no,-0.13329552,1.0,no,2.2314188,0.8924400993114376,no,0.5910413,0.5213370130669106,no,0,,1,Energy module (G01),4,4,specific
Energy module (G01),ENERGY,Prkaca,yes,False,-0.07656356,0.8792061132873128,no,-0.057717532,0.9548933777004928,no,1.0315526,0.5387795529950768,no,-2.3332722,0.6349401785603346,no,1.5701308,0.8924400993114376,no,-0.08099419,0.9627537096189562,no,0,,2,KEGG MAPK;Energy module (G01),5,6,shared
Energy module (G01),ENERGY,Prkacb,yes,False,0.19857278,0.0433087263133412,no,-0.026991664,0.7424876241180978,no,0.16022861,0.878996032385961,no,-0.2710925,0.9365427560660536,no,0.39941502,0.8950357678914026,no,0.036210172,0.8851293010571266,no,0,,2,KEGG MAPK;Energy module (G01),5,6,shared
Energy module (G01),ENERGY,Prkag2,yes,False,-0.16357304,0.7349287144043399,no,-0.54081196,0.1900919446384701,no,-0.7519779,0.7490869836962377,no,0.0030652918,1.0,no,0.38993612,1.0,no,-0.5390219,0.3087108342283622,no,0,,1,Energy module (G01),4,4,specific
Energy module (G01),ENERGY,Ran,yes,False,-0.2382594,2.893885198860936e-05,no,-0.114376605,0.0325369176278062,no,-0.4202259,0.1770697791608257,no,-0.26381478,0.8491192006383744,no,-0.6954834,0.8924400993114376,no,-0.14156353,0.426218148916869,no,0,tissue__bone_marrow,1,Energy module (G01),7,7,specific
Energy module (G01),ENERGY,Sdha,yes,False,0.012773979,0.9678218412778672,no,0.046288174,0.7056515817834025,no,-0.23096295,0.8275756987578491,no,0.07034619,0.9993174811522004,no,0.32448506,0.9711172008885064,no,0.027567057,0.9090464808124146,no,0,,1,Energy module (G01),22,22,specific
Energy module (G01),ENERGY,Sdhaf2,yes,False,-0.0028083846,0.9993774757260936,no,-0.043820538,0.9159550351887412,no,0.25957766,0.8981257717944611,no,-0.16377184,1.0,no,0.823224,0.8950357678914026,no,-0.095188245,0.8991222329579704,no,0,,1,Energy module (G01),7,7,specific
Energy module (G01),ENERGY,Sdhb,yes,False,-0.032684073,0.8125746877256331,no,0.044640183,0.7465779024186826,no,0.37263379,0.6150587476976827,no,-0.48452133,0.8491192006383744,no,0.06696128,1.0,no,0.05468113,0.8237702581779571,no,0,,1,Energy module (G01),22,22,specific
Energy module (G01),ENERGY,Sdhc,yes,False,-0.10289678,0.6493939349789042,no,-0.024976833,0.9951755031802996,no,0.19044425,0.949445454332073,no,-0.15667765,0.9862881960285892,no,1.4082689,0.8924400993114376,no,0.121309765,0.7555374430818635,no,0,,1,Energy module (G01),22,22,specific
Energy module (G01),ENERGY,Sdhd,yes,False,-0.10551782,0.5782060594389553,no,0.04881419,0.8139979144367232,no,0.03263962,0.9818744969198128,no,0.009134382,1.0,no,0.403941,0.9719114281971634,no,-0.104322664,0.7696346659136644,no,0,,1,Energy module (G01),22,22,specific
Energy module (G01),ENERGY,Sirt6,yes,False,-0.16968511,0.6032343864216297,no,0.010545632,0.9447705659752268,no,1.3884457,0.3084462594741816,no,0.19534726,0.9827001605731628,no,1.0151335,0.983536795770768,no,-0.131798,0.8724136172034974,no,0,,1,Energy module (G01),11,11,specific
Energy module (G01),ENERGY,Slc25a13,yes,False,-0.47361395,0.6010853509266322,no,0.077965796,0.8014868385918842,no,-1.7362568,0.8356105722401911,no,0.0,1.0,no,24.388914,0.8950357678914026,no,0.97823817,0.4331716398115708,no,0,,1,Energy module (G01),12,12,specific
Energy module (G01),ENERGY,Slc25a4,yes,False,-0.15438884,0.4958156212965106,no,-0.43578148,0.0024256360928265,yes,-0.2811191,0.747577253904621,no,0.4591336,0.8491192006383744,no,-0.22704376,0.983584271041041,no,-0.40486476,0.0014239780057737,yes,2,cluster_tissue__C3__spleen;cluster_tissue__C6__thymus;tissue__spleen;tissue__thymus,1,Energy module (G01),4,4,specific
Energy module (G01),ENERGY,Slc25a5,yes,False,-0.09453143,0.0557736033653076,no,-0.08852242,0.0774136863944372,no,-0.1107573,0.7492092126801023,no,0.19319342,0.9691008500686222,no,0.07252627,1.0,no,-0.030673455,0.8997701189220774,no,0,,1,Energy module (G01),3,3,specific
Energy module (G01),ENERGY,Slc25a51,yes,False,-0.032551236,0.9079157769707602,no,-0.17661741,0.3540550841001761,no,0.1984721,0.950257724798984,no,0.24650466,0.9827001605731628,no,0.61315745,1.0,no,-0.32447878,0.4684647609501471,no,0,,1,Energy module (G01),9,9,specific
Energy module (G01),ENERGY,Sod2,yes,False,-0.11158483,0.4405870590762499,no,-0.020446235,0.8702540303725738,no,0.23381545,0.8251070470976036,no,-0.33041358,0.8752123784913642,no,-0.51265466,0.8924400993114376,no,0.046533592,0.8602159509864602,no,0,,1,Energy module (G01),4,4,specific
Energy module (G01),ENERGY,Stoml2,yes,False,0.10996252,0.5114068023208004,no,-0.12970938,0.4664701039279051,no,-0.24413694,0.953260632095014,no,0.29223233,0.9691008500686222,no,0.49920115,0.9569447030092147,no,-0.24500944,0.5314607736340962,no,0,,1,Energy module (G01),15,15,specific
Energy module (G01),ENERGY,Tkfc,yes,False,0.36161816,0.5083914417128477,no,-0.04673021,0.9956275697733996,no,0.76262385,0.8971340083999064,no,1.6451044,0.8752123784913642,no,-0.41971007,1.0,no,-0.07217239,0.9524513264247132,no,0,,1,Energy module (G01),6,6,specific
Energy module (G01),ENERGY,Tpi1,yes,False,-0.11745859,0.4232360623032849,no,-0.0063146167,0.9126564687480014,no,0.05054488,1.0,no,-0.1926829,0.9691008500686222,no,0.05675555,1.0,no,-0.04422119,0.9073921017053184,no,0,,1,Energy module (G01),8,8,specific
Energy module (G01),ENERGY,Ucp2,yes,False,-0.08434996,0.1628018409074045,no,-0.09276957,0.0774136863944372,no,0.18067685,0.7981107212451176,no,0.39474037,0.6670150169099166,no,0.055763125,0.9845136932353914,no,0.01667065,0.971071604498835,no,0,,1,Energy module (G01),8,8,specific
Energy module (G01),ENERGY,Uqcc3,yes,False,0.15651979,0.28041129276136,no,0.14321668,0.2024022259781387,no,-0.06968171,0.9491494406301816,no,-0.017661056,1.0,no,0.32185104,0.983536795770768,no,0.060680963,0.8829667837979628,no,0,,1,Energy module (G01),9,9,specific
Energy module (G01),ENERGY,Uqcr10,yes,False,0.33496234,3.0354254137797717e-06,yes,0.32481626,7.653964579277128e-06,yes,0.45241368,0.365087645334869,no,0.49761978,0.8424284797545121,no,0.7611486,0.8924400993114376,no,0.25912267,0.038731959647309,yes,3,cluster_tissue__C0__bone_marrow;cluster_tissue__C3__spleen;cluster_tissue__C6__thymus;tissue__bone_marrow;tissue__spleen;tissue__thymus,1,Energy module (G01),13,13,specific
Energy module (G01),ENERGY,Uqcr11,yes,False,0.41571248,4.731854854667707e-08,yes,0.35988697,4.673599816718848e-06,yes,0.27621406,0.7919609595957768,no,0.3084658,0.8752123784913642,no,-0.5451796,0.8924400993114376,no,0.22985326,0.1977917619398315,no,2,cluster_tissue__C0__bone_marrow;cluster_tissue__C3__spleen;tissue__bone_marrow;tissue__spleen,1,Energy module (G01),13,13,specific
Energy module (G01),ENERGY,Uqcrb,yes,False,0.20752399,0.0097670715816906,no,0.31196186,6.901024090284964e-10,yes,0.42022055,0.3875155847919446,no,0.4741102,0.8424284797545121,no,0.22462274,0.8950357678914026,no,0.14143214,0.3600491070835955,no,1,cluster_tissue__C3__spleen;tissue__spleen,1,Energy module (G01),13,13,specific
Energy module (G01),ENERGY,Uqcrc1,yes,False,0.053319823,0.7846583232544232,no,-0.026722021,0.8788380833988582,no,0.21308887,0.8217425543707657,no,-0.45979473,0.8652660695302766,no,0.23132357,0.9933084027673644,no,0.084052876,0.805877536828316,no,0,,1,Energy module (G01),16,16,specific
Energy module (G01),ENERGY,Uqcrc2,yes,False,-0.07576889,0.4923060228181155,no,-0.00799498,0.8369158047584863,no,-0.17503713,0.878996032385961,no,0.24486646,0.9447879092694343,no,0.14267823,1.0,no,0.03199603,0.9555700381824026,no,0,,1,Energy module (G01),13,13,specific
Energy module (G01),ENERGY,Uqcrfs1,yes,False,-0.1516115,0.140746796075508,no,-0.1454087,0.1139680282573818,no,-0.053649727,0.9669619755174867,no,-0.075458325,0.9924771099476766,no,0.22827274,1.0,no,-0.1438032,0.5017088822504743,no,0,,1,Energy module (G01),14,14,specific
Energy module (G01),ENERGY,Uqcrh,yes,False,0.1821599,3.614919990877984e-06,no,0.14140074,0.0002072331898277,no,0.10407854,0.8395613321977131,no,0.2853378,0.8491192006383744,no,0.23550288,0.9659212430744598,no,0.17113753,0.0101625000530167,no,0,,1,Energy module (G01),14,14,specific
Energy module (G01),ENERGY,Uqcrq,yes,False,0.3081774,7.806936877886827e-06,yes,0.27856404,3.753777503927497e-05,yes,0.28103626,0.6727237979167169,no,0.490909,0.8491192006383744,no,0.36431277,0.8950357678914026,no,0.2729389,0.0227858292252397,yes,3,cluster_tissue__C0__bone_marrow;cluster_tissue__C3__bone_marrow;cluster_tissue__C3__spleen;cluster_tissue__C6__thymus;tissue__bone_marrow;tissue__spleen;tissue__thymus,1,Energy module (G01),13,13,specific
Energy module (G01),ENERGY,Vdac1,yes,False,-0.06460045,0.7481602973496057,no,0.0021545617,0.9886882342384276,no,-0.2947132,0.808183054206814,no,0.36142895,0.8848014014845209,no,-0.030993238,1.0,no,-0.05106756,0.9246092025424568,no,0,,1,Energy module (G01),8,8,specific
Energy module (G01),ENERGY,Xpo4,yes,False,0.0035209986,0.917307189730955,no,-0.17335713,0.4452330028629104,no,0.13110603,0.949445454332073,no,0.3326828,0.9506950662243494,no,1.3086882,0.8924400993114376,no,0.0018954206,0.9790555189639212,no,0,,1,Energy module (G01),6,6,specific
