go_id,term,M,K,n,k,gene_ratio,enrichment_ratio,genes,pvalue,q_family,unit_id,tissue,cluster,analysis,definition,direction,namespace,q_analysis_global
GO:0045921,positive regulation of exocytosis,9143,56,213,0,0.0,0.0,,1.0,1.0,cluster_tissue__C0__bone_marrow,bone_marrow,C0,condition,original,T2_up,BP,1.0
GO:0017158,regulation of calcium ion-dependent exocytosis,9143,23,213,0,0.0,0.0,,1.0,1.0,cluster_tissue__C0__bone_marrow,bone_marrow,C0,condition,original,T2_up,BP,1.0
GO:0045956,positive regulation of calcium ion-dependent exocytosis,9143,7,213,0,0.0,0.0,,1.0,1.0,cluster_tissue__C0__bone_marrow,bone_marrow,C0,condition,original,T2_up,BP,1.0
GO:0017157,regulation of exocytosis,9143,121,213,0,0.0,0.0,,1.0,1.0,cluster_tissue__C0__bone_marrow,bone_marrow,C0,condition,original,T2_up,BP,1.0
GO:0045920,negative regulation of exocytosis,9143,26,213,0,0.0,0.0,,1.0,1.0,cluster_tissue__C0__bone_marrow,bone_marrow,C0,condition,original,T2_up,BP,1.0
GO:1903233,regulation of calcium ion-dependent exocytosis of neurotransmitter,9143,7,213,0,0.0,0.0,,1.0,1.0,cluster_tissue__C0__bone_marrow,bone_marrow,C0,condition,original,T2_up,BP,1.0
GO:2000301,negative regulation of synaptic vesicle exocytosis,9143,5,213,0,0.0,0.0,,1.0,1.0,cluster_tissue__C0__bone_marrow,bone_marrow,C0,condition,original,T2_up,BP,1.0
GO:0045955,negative regulation of calcium ion-dependent exocytosis,9143,8,213,0,0.0,0.0,,1.0,1.0,cluster_tissue__C0__bone_marrow,bone_marrow,C0,condition,original,T2_up,BP,1.0
GO:2000300,regulation of synaptic vesicle exocytosis,9143,34,213,0,0.0,0.0,,1.0,1.0,cluster_tissue__C0__bone_marrow,bone_marrow,C0,condition,original,T2_up,BP,1.0
GO:0006887,exocytosis,9143,102,213,2,0.0093896713615023,0.841664365276627,Nr4a3;Rab11fip2,0.6916172456960822,1.0,cluster_tissue__C0__bone_marrow,bone_marrow,C0,condition,original,T2_up,BP,1.0
GO:0045055,regulated exocytosis,9143,62,213,2,0.0093896713615023,1.3846736331970315,Nr4a3;Rab11fip2,0.4256671750451977,1.0,cluster_tissue__C0__bone_marrow,bone_marrow,C0,condition,original,T2_up,BP,1.0
GO:0002449,lymphocyte mediated immunity,9143,94,213,4,0.0187793427230046,1.826590750174808,Cd40lg;Hcst;Iglc2;Pvr,0.1759167510129557,1.0,cluster_tissue__C0__bone_marrow,bone_marrow,C0,condition,original,T2_up,BP,1.0
GO:0002706,regulation of lymphocyte mediated immunity,9143,148,213,3,0.0140845070422535,0.8700989722116482,Btla;Pvr;Smad7,0.674851330926995,1.0,cluster_tissue__C0__bone_marrow,bone_marrow,C0,condition,original,T2_up,BP,1.0
GO:0002708,positive regulation of lymphocyte mediated immunity,9143,102,213,1,0.0046948356807511,0.4208321826383135,Pvr,0.9108914633366292,1.0,cluster_tissue__C0__bone_marrow,bone_marrow,C0,condition,original,T2_up,BP,1.0
GO:0001912,positive regulation of leukocyte mediated cytotoxicity,9143,53,213,1,0.0046948356807511,0.8099034458322261,Pvr,0.7143344646615146,1.0,cluster_tissue__C0__bone_marrow,bone_marrow,C0,condition,original,T2_up,BP,1.0
GO:0031341,regulation of cell killing,9143,77,213,1,0.0046948356807511,0.5574660081702335,Pvr,0.8384165154617078,1.0,cluster_tissue__C0__bone_marrow,bone_marrow,C0,condition,original,T2_up,BP,1.0
GO:0001910,regulation of leukocyte mediated cytotoxicity,9143,70,213,1,0.0046948356807511,0.6132126089872568,Pvr,0.8091722763503375,1.0,cluster_tissue__C0__bone_marrow,bone_marrow,C0,condition,original,T2_up,BP,1.0
GO:0031343,positive regulation of cell killing,9143,56,213,1,0.0046948356807511,0.7665157612340711,Pvr,0.7339511307675755,1.0,cluster_tissue__C0__bone_marrow,bone_marrow,C0,condition,original,T2_up,BP,1.0
GO:0042269,regulation of natural killer cell mediated cytotoxicity,9143,40,213,1,0.0046948356807511,1.0731220657276994,Pvr,0.6112922019715125,1.0,cluster_tissue__C0__bone_marrow,bone_marrow,C0,condition,original,T2_up,BP,1.0
GO:0045954,positive regulation of natural killer cell mediated cytotoxicity,9143,26,213,1,0.0046948356807511,1.6509570241964608,Pvr,0.4586697418099622,1.0,cluster_tissue__C0__bone_marrow,bone_marrow,C0,condition,original,T2_up,BP,1.0
GO:0001906,cell killing,9143,66,213,4,0.0187793427230046,2.6015080381277564,Hcst;Lgals3;Pvr;Romo1,0.0675013040352503,1.0,cluster_tissue__C0__bone_marrow,bone_marrow,C0,condition,original,T2_up,BP,1.0
GO:0016079,synaptic vesicle exocytosis,9143,25,213,0,0.0,0.0,,1.0,1.0,cluster_tissue__C0__bone_marrow,bone_marrow,C0,condition,original,T2_up,BP,1.0
GO:0001914,regulation of T cell mediated cytotoxicity,9143,29,213,1,0.0046948356807511,1.4801683665209648,Pvr,0.4957354090321465,1.0,cluster_tissue__C0__bone_marrow,bone_marrow,C0,condition,original,T2_up,BP,1.0
GO:0001916,positive regulation of T cell mediated cytotoxicity,9143,24,213,1,0.0046948356807511,1.7885367762128326,Pvr,0.4324652060191468,1.0,cluster_tissue__C0__bone_marrow,bone_marrow,C0,condition,original,T2_up,BP,1.0
GO:0002707,negative regulation of lymphocyte mediated immunity,9143,44,213,2,0.0093896713615023,1.9511310285958168,Pvr;Smad7,0.2735477480023739,1.0,cluster_tissue__C0__bone_marrow,bone_marrow,C0,condition,original,T2_up,BP,1.0
GO:0042267,natural killer cell mediated cytotoxicity,9143,29,213,2,0.0093896713615023,2.9603367330419297,Hcst;Pvr,0.1458317493592155,1.0,cluster_tissue__C0__bone_marrow,bone_marrow,C0,condition,original,T2_up,BP,1.0
GO:0001909,leukocyte mediated cytotoxicity,9143,43,213,2,0.0093896713615023,1.99650616879572,Hcst;Pvr,0.2648559432942893,1.0,cluster_tissue__C0__bone_marrow,bone_marrow,C0,condition,original,T2_up,BP,1.0
GO:0001913,T cell mediated cytotoxicity,9143,13,213,0,0.0,0.0,,1.0,1.0,cluster_tissue__C0__bone_marrow,bone_marrow,C0,condition,original,T2_up,BP,1.0
GO:0045953,negative regulation of natural killer cell mediated cytotoxicity,9143,16,213,1,0.0046948356807511,2.682805164319249,Pvr,0.3144048886634863,1.0,cluster_tissue__C0__bone_marrow,bone_marrow,C0,condition,original,T2_up,BP,1.0
GO:0031342,negative regulation of cell killing,9143,22,213,1,0.0046948356807511,1.9511310285958168,Pvr,0.4049984111400024,1.0,cluster_tissue__C0__bone_marrow,bone_marrow,C0,condition,original,T2_up,BP,1.0
GO:0001911,negative regulation of leukocyte mediated cytotoxicity,9143,20,213,1,0.0046948356807511,2.146244131455399,Pvr,0.3762088553065542,1.0,cluster_tissue__C0__bone_marrow,bone_marrow,C0,condition,original,T2_up,BP,1.0
GO:0001915,negative regulation of T cell mediated cytotoxicity,9143,5,213,0,0.0,0.0,,1.0,1.0,cluster_tissue__C0__bone_marrow,bone_marrow,C0,condition,original,T2_up,BP,1.0
GO:0017156,calcium-ion regulated exocytosis,9143,18,213,0,0.0,0.0,,1.0,1.0,cluster_tissue__C0__bone_marrow,bone_marrow,C0,condition,original,T2_up,BP,1.0
GO:0043316,cytotoxic T cell degranulation,9143,5,213,0,0.0,0.0,,1.0,1.0,cluster_tissue__C0__bone_marrow,bone_marrow,C0,condition,original,T2_up,BP,1.0
GO:0002858,regulation of natural killer cell mediated cytotoxicity directed against tumor cell target,9143,5,213,1,0.0046948356807511,8.584976525821595,Pvr,0.1112034462230479,1.0,cluster_tissue__C0__bone_marrow,bone_marrow,C0,condition,original,T2_up,BP,1.0
GO:0140507,granzyme-mediated programmed cell death signaling pathway,9143,10,213,0,0.0,0.0,,1.0,1.0,cluster_tissue__C0__bone_marrow,bone_marrow,C0,condition,original,T2_up,BP,1.0
GO:0045921,positive regulation of exocytosis,9143,56,285,2,0.0070175438596491,1.1457393483709273,Cd160;Stx4a,0.5250599232482813,1.0,cluster_tissue__C0__bone_marrow,bone_marrow,C0,condition,original,Ctrl_up,BP,1.0
GO:0017158,regulation of calcium ion-dependent exocytosis,9143,23,285,2,0.0070175438596491,2.789626239511823,Rest;Stxbp3,0.1599525440909803,1.0,cluster_tissue__C0__bone_marrow,bone_marrow,C0,condition,original,Ctrl_up,BP,1.0
GO:0045956,positive regulation of calcium ion-dependent exocytosis,9143,7,285,0,0.0,0.0,,1.0,1.0,cluster_tissue__C0__bone_marrow,bone_marrow,C0,condition,original,Ctrl_up,BP,1.0
GO:0017157,regulation of exocytosis,9143,121,285,5,0.0175438596491228,1.3256488328258664,Cd160;Rala;Rest;Stx4a;Stxbp3,0.325599234588535,1.0,cluster_tissue__C0__bone_marrow,bone_marrow,C0,condition,original,Ctrl_up,BP,1.0
GO:0045920,negative regulation of exocytosis,9143,26,285,2,0.0070175438596491,2.4677462887989203,Rest;Stxbp3,0.1937286254844226,1.0,cluster_tissue__C0__bone_marrow,bone_marrow,C0,condition,original,Ctrl_up,BP,1.0
GO:1903233,regulation of calcium ion-dependent exocytosis of neurotransmitter,9143,7,285,0,0.0,0.0,,1.0,1.0,cluster_tissue__C0__bone_marrow,bone_marrow,C0,condition,original,Ctrl_up,BP,1.0
GO:2000301,negative regulation of synaptic vesicle exocytosis,9143,5,285,0,0.0,0.0,,1.0,1.0,cluster_tissue__C0__bone_marrow,bone_marrow,C0,condition,original,Ctrl_up,BP,1.0
GO:0045955,negative regulation of calcium ion-dependent exocytosis,9143,8,285,2,0.0070175438596491,8.02017543859649,Rest;Stxbp3,0.0239441345167708,1.0,cluster_tissue__C0__bone_marrow,bone_marrow,C0,condition,original,Ctrl_up,BP,1.0
GO:2000300,regulation of synaptic vesicle exocytosis,9143,34,285,0,0.0,0.0,,1.0,1.0,cluster_tissue__C0__bone_marrow,bone_marrow,C0,condition,original,Ctrl_up,BP,1.0
GO:0006887,exocytosis,9143,102,285,3,0.0105263157894736,0.9435500515995872,Orai1;Stx4a;Stxbp3,0.6211028766483307,1.0,cluster_tissue__C0__bone_marrow,bone_marrow,C0,condition,original,Ctrl_up,BP,1.0
GO:0045055,regulated exocytosis,9143,62,285,3,0.0105263157894736,1.5522920203735144,Orai1;Stx4a;Stxbp3,0.3046871210456673,1.0,cluster_tissue__C0__bone_marrow,bone_marrow,C0,condition,original,Ctrl_up,BP,1.0
GO:0002449,lymphocyte mediated immunity,9143,94,285,5,0.0175438596491228,1.7064203060843597,Cd74;Grb2;Hspd1;Slfn2;Traf3ip2,0.1693805814890097,1.0,cluster_tissue__C0__bone_marrow,bone_marrow,C0,condition,original,Ctrl_up,BP,1.0
GO:0002706,regulation of lymphocyte mediated immunity,9143,148,285,5,0.0175438596491228,1.083807491702229,Cd160;Cd7;Grb2;Hspa8;Hspd1,0.4919913552124539,1.0,cluster_tissue__C0__bone_marrow,bone_marrow,C0,condition,original,Ctrl_up,BP,1.0
GO:0002708,positive regulation of lymphocyte mediated immunity,9143,102,285,4,0.0140350877192982,1.2580667354661164,Cd160;Cd7;Hspa8;Hspd1,0.3937173927337739,1.0,cluster_tissue__C0__bone_marrow,bone_marrow,C0,condition,original,Ctrl_up,BP,1.0
GO:0001912,positive regulation of leukocyte mediated cytotoxicity,9143,53,285,2,0.0070175438596491,1.2105925190334326,Cd160;Hspa8,0.4955785693061951,1.0,cluster_tissue__C0__bone_marrow,bone_marrow,C0,condition,original,Ctrl_up,BP,1.0
GO:0031341,regulation of cell killing,9143,77,285,3,0.0105263157894736,1.2498974709501027,Cd160;Grb2;Hspa8,0.4324059816978611,1.0,cluster_tissue__C0__bone_marrow,bone_marrow,C0,condition,original,Ctrl_up,BP,1.0
GO:0001910,regulation of leukocyte mediated cytotoxicity,9143,70,285,3,0.0105263157894736,1.3748872180451128,Cd160;Grb2;Hspa8,0.3733717736618461,1.0,cluster_tissue__C0__bone_marrow,bone_marrow,C0,condition,original,Ctrl_up,BP,1.0
GO:0031343,positive regulation of cell killing,9143,56,285,2,0.0070175438596491,1.1457393483709273,Cd160;Hspa8,0.5250599232482813,1.0,cluster_tissue__C0__bone_marrow,bone_marrow,C0,condition,original,Ctrl_up,BP,1.0
GO:0042269,regulation of natural killer cell mediated cytotoxicity,9143,40,285,2,0.0070175438596491,1.604035087719298,Cd160;Grb2,0.3557965989514565,1.0,cluster_tissue__C0__bone_marrow,bone_marrow,C0,condition,original,Ctrl_up,BP,1.0
GO:0045954,positive regulation of natural killer cell mediated cytotoxicity,9143,26,285,1,0.0035087719298245,1.2338731443994602,Cd160,0.5615468170229581,1.0,cluster_tissue__C0__bone_marrow,bone_marrow,C0,condition,original,Ctrl_up,BP,1.0
GO:0001906,cell killing,9143,66,285,3,0.0105263157894736,1.458213716108453,Gbp7;Grb2;Igtp,0.339082335613263,1.0,cluster_tissue__C0__bone_marrow,bone_marrow,C0,condition,original,Ctrl_up,BP,1.0
GO:0016079,synaptic vesicle exocytosis,9143,25,285,1,0.0035087719298245,1.2832280701754386,Stx4a,0.5473999635022454,1.0,cluster_tissue__C0__bone_marrow,bone_marrow,C0,condition,original,Ctrl_up,BP,1.0
GO:0001914,regulation of T cell mediated cytotoxicity,9143,29,285,1,0.0035087719298245,1.1062310949788263,Hspa8,0.6013975794729736,1.0,cluster_tissue__C0__bone_marrow,bone_marrow,C0,condition,original,Ctrl_up,BP,1.0
GO:0001916,positive regulation of T cell mediated cytotoxicity,9143,24,285,1,0.0035087719298245,1.3366959064327486,Hspa8,0.532798309619309,1.0,cluster_tissue__C0__bone_marrow,bone_marrow,C0,condition,original,Ctrl_up,BP,1.0
GO:0002707,negative regulation of lymphocyte mediated immunity,9143,44,285,1,0.0035087719298245,0.7291068580542265,Grb2,0.7525909187682545,1.0,cluster_tissue__C0__bone_marrow,bone_marrow,C0,condition,original,Ctrl_up,BP,1.0
GO:0042267,natural killer cell mediated cytotoxicity,9143,29,285,1,0.0035087719298245,1.1062310949788263,Grb2,0.6013975794729736,1.0,cluster_tissue__C0__bone_marrow,bone_marrow,C0,condition,original,Ctrl_up,BP,1.0
GO:0001909,leukocyte mediated cytotoxicity,9143,43,285,1,0.0035087719298245,0.746062831497348,Grb2,0.7445918730335923,1.0,cluster_tissue__C0__bone_marrow,bone_marrow,C0,condition,original,Ctrl_up,BP,1.0
GO:0001913,T cell mediated cytotoxicity,9143,13,285,0,0.0,0.0,,1.0,1.0,cluster_tissue__C0__bone_marrow,bone_marrow,C0,condition,original,Ctrl_up,BP,1.0
GO:0045953,negative regulation of natural killer cell mediated cytotoxicity,9143,16,285,1,0.0035087719298245,2.0050438596491227,Grb2,0.3977626399749256,1.0,cluster_tissue__C0__bone_marrow,bone_marrow,C0,condition,original,Ctrl_up,BP,1.0
GO:0031342,negative regulation of cell killing,9143,22,285,1,0.0035087719298245,1.458213716108453,Grb2,0.5021718637290519,1.0,cluster_tissue__C0__bone_marrow,bone_marrow,C0,condition,original,Ctrl_up,BP,1.0
GO:0001911,negative regulation of leukocyte mediated cytotoxicity,9143,20,285,1,0.0035087719298245,1.604035087719298,Grb2,0.4695452667339028,1.0,cluster_tissue__C0__bone_marrow,bone_marrow,C0,condition,original,Ctrl_up,BP,1.0
GO:0001915,negative regulation of T cell mediated cytotoxicity,9143,5,285,0,0.0,0.0,,1.0,1.0,cluster_tissue__C0__bone_marrow,bone_marrow,C0,condition,original,Ctrl_up,BP,1.0
GO:0017156,calcium-ion regulated exocytosis,9143,18,285,1,0.0035087719298245,1.782261208576998,Orai1,0.4347883825721873,1.0,cluster_tissue__C0__bone_marrow,bone_marrow,C0,condition,original,Ctrl_up,BP,1.0
GO:0043316,cytotoxic T cell degranulation,9143,5,285,0,0.0,0.0,,1.0,1.0,cluster_tissue__C0__bone_marrow,bone_marrow,C0,condition,original,Ctrl_up,BP,1.0
GO:0002858,regulation of natural killer cell mediated cytotoxicity directed against tumor cell target,9143,5,285,0,0.0,0.0,,1.0,1.0,cluster_tissue__C0__bone_marrow,bone_marrow,C0,condition,original,Ctrl_up,BP,1.0
GO:0140507,granzyme-mediated programmed cell death signaling pathway,9143,10,285,0,0.0,0.0,,1.0,1.0,cluster_tissue__C0__bone_marrow,bone_marrow,C0,condition,original,Ctrl_up,BP,1.0
GO:0045921,positive regulation of exocytosis,8289,46,0,0,0.0,0.0,,1.0,1.0,cluster_tissue__C1__bone_marrow,bone_marrow,C1,condition,original,T2_up,BP,1.0
GO:0017158,regulation of calcium ion-dependent exocytosis,8289,16,0,0,0.0,0.0,,1.0,1.0,cluster_tissue__C1__bone_marrow,bone_marrow,C1,condition,original,T2_up,BP,1.0
GO:0017157,regulation of exocytosis,8289,99,0,0,0.0,0.0,,1.0,1.0,cluster_tissue__C1__bone_marrow,bone_marrow,C1,condition,original,T2_up,BP,1.0
GO:0045920,negative regulation of exocytosis,8289,23,0,0,0.0,0.0,,1.0,1.0,cluster_tissue__C1__bone_marrow,bone_marrow,C1,condition,original,T2_up,BP,1.0
GO:1903233,regulation of calcium ion-dependent exocytosis of neurotransmitter,8289,6,0,0,0.0,0.0,,1.0,1.0,cluster_tissue__C1__bone_marrow,bone_marrow,C1,condition,original,T2_up,BP,1.0
GO:2000301,negative regulation of synaptic vesicle exocytosis,8289,5,0,0,0.0,0.0,,1.0,1.0,cluster_tissue__C1__bone_marrow,bone_marrow,C1,condition,original,T2_up,BP,1.0
GO:0045955,negative regulation of calcium ion-dependent exocytosis,8289,6,0,0,0.0,0.0,,1.0,1.0,cluster_tissue__C1__bone_marrow,bone_marrow,C1,condition,original,T2_up,BP,1.0
GO:2000300,regulation of synaptic vesicle exocytosis,8289,30,0,0,0.0,0.0,,1.0,1.0,cluster_tissue__C1__bone_marrow,bone_marrow,C1,condition,original,T2_up,BP,1.0
GO:0006887,exocytosis,8289,89,0,0,0.0,0.0,,1.0,1.0,cluster_tissue__C1__bone_marrow,bone_marrow,C1,condition,original,T2_up,BP,1.0
GO:0045055,regulated exocytosis,8289,51,0,0,0.0,0.0,,1.0,1.0,cluster_tissue__C1__bone_marrow,bone_marrow,C1,condition,original,T2_up,BP,1.0
GO:0002449,lymphocyte mediated immunity,8289,90,0,0,0.0,0.0,,1.0,1.0,cluster_tissue__C1__bone_marrow,bone_marrow,C1,condition,original,T2_up,BP,1.0
GO:0002706,regulation of lymphocyte mediated immunity,8289,141,0,0,0.0,0.0,,1.0,1.0,cluster_tissue__C1__bone_marrow,bone_marrow,C1,condition,original,T2_up,BP,1.0
GO:0002708,positive regulation of lymphocyte mediated immunity,8289,98,0,0,0.0,0.0,,1.0,1.0,cluster_tissue__C1__bone_marrow,bone_marrow,C1,condition,original,T2_up,BP,1.0
GO:0001912,positive regulation of leukocyte mediated cytotoxicity,8289,51,0,0,0.0,0.0,,1.0,1.0,cluster_tissue__C1__bone_marrow,bone_marrow,C1,condition,original,T2_up,BP,1.0
GO:0031341,regulation of cell killing,8289,73,0,0,0.0,0.0,,1.0,1.0,cluster_tissue__C1__bone_marrow,bone_marrow,C1,condition,original,T2_up,BP,1.0
GO:0001910,regulation of leukocyte mediated cytotoxicity,8289,67,0,0,0.0,0.0,,1.0,1.0,cluster_tissue__C1__bone_marrow,bone_marrow,C1,condition,original,T2_up,BP,1.0
GO:0031343,positive regulation of cell killing,8289,54,0,0,0.0,0.0,,1.0,1.0,cluster_tissue__C1__bone_marrow,bone_marrow,C1,condition,original,T2_up,BP,1.0
GO:0042269,regulation of natural killer cell mediated cytotoxicity,8289,38,0,0,0.0,0.0,,1.0,1.0,cluster_tissue__C1__bone_marrow,bone_marrow,C1,condition,original,T2_up,BP,1.0
GO:0045954,positive regulation of natural killer cell mediated cytotoxicity,8289,25,0,0,0.0,0.0,,1.0,1.0,cluster_tissue__C1__bone_marrow,bone_marrow,C1,condition,original,T2_up,BP,1.0
GO:0001906,cell killing,8289,64,0,0,0.0,0.0,,1.0,1.0,cluster_tissue__C1__bone_marrow,bone_marrow,C1,condition,original,T2_up,BP,1.0
GO:0016079,synaptic vesicle exocytosis,8289,19,0,0,0.0,0.0,,1.0,1.0,cluster_tissue__C1__bone_marrow,bone_marrow,C1,condition,original,T2_up,BP,1.0
GO:0001914,regulation of T cell mediated cytotoxicity,8289,29,0,0,0.0,0.0,,1.0,1.0,cluster_tissue__C1__bone_marrow,bone_marrow,C1,condition,original,T2_up,BP,1.0
GO:0001916,positive regulation of T cell mediated cytotoxicity,8289,24,0,0,0.0,0.0,,1.0,1.0,cluster_tissue__C1__bone_marrow,bone_marrow,C1,condition,original,T2_up,BP,1.0
GO:0002707,negative regulation of lymphocyte mediated immunity,8289,42,0,0,0.0,0.0,,1.0,1.0,cluster_tissue__C1__bone_marrow,bone_marrow,C1,condition,original,T2_up,BP,1.0
GO:0042267,natural killer cell mediated cytotoxicity,8289,29,0,0,0.0,0.0,,1.0,1.0,cluster_tissue__C1__bone_marrow,bone_marrow,C1,condition,original,T2_up,BP,1.0
GO:0001909,leukocyte mediated cytotoxicity,8289,43,0,0,0.0,0.0,,1.0,1.0,cluster_tissue__C1__bone_marrow,bone_marrow,C1,condition,original,T2_up,BP,1.0
GO:0001913,T cell mediated cytotoxicity,8289,13,0,0,0.0,0.0,,1.0,1.0,cluster_tissue__C1__bone_marrow,bone_marrow,C1,condition,original,T2_up,BP,1.0
GO:0045953,negative regulation of natural killer cell mediated cytotoxicity,8289,15,0,0,0.0,0.0,,1.0,1.0,cluster_tissue__C1__bone_marrow,bone_marrow,C1,condition,original,T2_up,BP,1.0
GO:0031342,negative regulation of cell killing,8289,21,0,0,0.0,0.0,,1.0,1.0,cluster_tissue__C1__bone_marrow,bone_marrow,C1,condition,original,T2_up,BP,1.0
GO:0001911,negative regulation of leukocyte mediated cytotoxicity,8289,19,0,0,0.0,0.0,,1.0,1.0,cluster_tissue__C1__bone_marrow,bone_marrow,C1,condition,original,T2_up,BP,1.0
GO:0001915,negative regulation of T cell mediated cytotoxicity,8289,5,0,0,0.0,0.0,,1.0,1.0,cluster_tissue__C1__bone_marrow,bone_marrow,C1,condition,original,T2_up,BP,1.0
GO:0017156,calcium-ion regulated exocytosis,8289,15,0,0,0.0,0.0,,1.0,1.0,cluster_tissue__C1__bone_marrow,bone_marrow,C1,condition,original,T2_up,BP,1.0
GO:0043316,cytotoxic T cell degranulation,8289,5,0,0,0.0,0.0,,1.0,1.0,cluster_tissue__C1__bone_marrow,bone_marrow,C1,condition,original,T2_up,BP,1.0
GO:0002858,regulation of natural killer cell mediated cytotoxicity directed against tumor cell target,8289,5,0,0,0.0,0.0,,1.0,1.0,cluster_tissue__C1__bone_marrow,bone_marrow,C1,condition,original,T2_up,BP,1.0
GO:0140507,granzyme-mediated programmed cell death signaling pathway,8289,9,0,0,0.0,0.0,,1.0,1.0,cluster_tissue__C1__bone_marrow,bone_marrow,C1,condition,original,T2_up,BP,1.0
GO:0045921,positive regulation of exocytosis,8289,46,0,0,0.0,0.0,,1.0,1.0,cluster_tissue__C1__bone_marrow,bone_marrow,C1,condition,original,Ctrl_up,BP,1.0
GO:0017158,regulation of calcium ion-dependent exocytosis,8289,16,0,0,0.0,0.0,,1.0,1.0,cluster_tissue__C1__bone_marrow,bone_marrow,C1,condition,original,Ctrl_up,BP,1.0
GO:0017157,regulation of exocytosis,8289,99,0,0,0.0,0.0,,1.0,1.0,cluster_tissue__C1__bone_marrow,bone_marrow,C1,condition,original,Ctrl_up,BP,1.0
GO:0045920,negative regulation of exocytosis,8289,23,0,0,0.0,0.0,,1.0,1.0,cluster_tissue__C1__bone_marrow,bone_marrow,C1,condition,original,Ctrl_up,BP,1.0
GO:1903233,regulation of calcium ion-dependent exocytosis of neurotransmitter,8289,6,0,0,0.0,0.0,,1.0,1.0,cluster_tissue__C1__bone_marrow,bone_marrow,C1,condition,original,Ctrl_up,BP,1.0
GO:2000301,negative regulation of synaptic vesicle exocytosis,8289,5,0,0,0.0,0.0,,1.0,1.0,cluster_tissue__C1__bone_marrow,bone_marrow,C1,condition,original,Ctrl_up,BP,1.0
GO:0045955,negative regulation of calcium ion-dependent exocytosis,8289,6,0,0,0.0,0.0,,1.0,1.0,cluster_tissue__C1__bone_marrow,bone_marrow,C1,condition,original,Ctrl_up,BP,1.0
GO:2000300,regulation of synaptic vesicle exocytosis,8289,30,0,0,0.0,0.0,,1.0,1.0,cluster_tissue__C1__bone_marrow,bone_marrow,C1,condition,original,Ctrl_up,BP,1.0
GO:0006887,exocytosis,8289,89,0,0,0.0,0.0,,1.0,1.0,cluster_tissue__C1__bone_marrow,bone_marrow,C1,condition,original,Ctrl_up,BP,1.0
GO:0045055,regulated exocytosis,8289,51,0,0,0.0,0.0,,1.0,1.0,cluster_tissue__C1__bone_marrow,bone_marrow,C1,condition,original,Ctrl_up,BP,1.0
GO:0002449,lymphocyte mediated immunity,8289,90,0,0,0.0,0.0,,1.0,1.0,cluster_tissue__C1__bone_marrow,bone_marrow,C1,condition,original,Ctrl_up,BP,1.0
GO:0002706,regulation of lymphocyte mediated immunity,8289,141,0,0,0.0,0.0,,1.0,1.0,cluster_tissue__C1__bone_marrow,bone_marrow,C1,condition,original,Ctrl_up,BP,1.0
GO:0002708,positive regulation of lymphocyte mediated immunity,8289,98,0,0,0.0,0.0,,1.0,1.0,cluster_tissue__C1__bone_marrow,bone_marrow,C1,condition,original,Ctrl_up,BP,1.0
GO:0001912,positive regulation of leukocyte mediated cytotoxicity,8289,51,0,0,0.0,0.0,,1.0,1.0,cluster_tissue__C1__bone_marrow,bone_marrow,C1,condition,original,Ctrl_up,BP,1.0
GO:0031341,regulation of cell killing,8289,73,0,0,0.0,0.0,,1.0,1.0,cluster_tissue__C1__bone_marrow,bone_marrow,C1,condition,original,Ctrl_up,BP,1.0
GO:0001910,regulation of leukocyte mediated cytotoxicity,8289,67,0,0,0.0,0.0,,1.0,1.0,cluster_tissue__C1__bone_marrow,bone_marrow,C1,condition,original,Ctrl_up,BP,1.0
GO:0031343,positive regulation of cell killing,8289,54,0,0,0.0,0.0,,1.0,1.0,cluster_tissue__C1__bone_marrow,bone_marrow,C1,condition,original,Ctrl_up,BP,1.0
GO:0042269,regulation of natural killer cell mediated cytotoxicity,8289,38,0,0,0.0,0.0,,1.0,1.0,cluster_tissue__C1__bone_marrow,bone_marrow,C1,condition,original,Ctrl_up,BP,1.0
GO:0045954,positive regulation of natural killer cell mediated cytotoxicity,8289,25,0,0,0.0,0.0,,1.0,1.0,cluster_tissue__C1__bone_marrow,bone_marrow,C1,condition,original,Ctrl_up,BP,1.0
GO:0001906,cell killing,8289,64,0,0,0.0,0.0,,1.0,1.0,cluster_tissue__C1__bone_marrow,bone_marrow,C1,condition,original,Ctrl_up,BP,1.0
GO:0016079,synaptic vesicle exocytosis,8289,19,0,0,0.0,0.0,,1.0,1.0,cluster_tissue__C1__bone_marrow,bone_marrow,C1,condition,original,Ctrl_up,BP,1.0
GO:0001914,regulation of T cell mediated cytotoxicity,8289,29,0,0,0.0,0.0,,1.0,1.0,cluster_tissue__C1__bone_marrow,bone_marrow,C1,condition,original,Ctrl_up,BP,1.0
GO:0001916,positive regulation of T cell mediated cytotoxicity,8289,24,0,0,0.0,0.0,,1.0,1.0,cluster_tissue__C1__bone_marrow,bone_marrow,C1,condition,original,Ctrl_up,BP,1.0
GO:0002707,negative regulation of lymphocyte mediated immunity,8289,42,0,0,0.0,0.0,,1.0,1.0,cluster_tissue__C1__bone_marrow,bone_marrow,C1,condition,original,Ctrl_up,BP,1.0
GO:0042267,natural killer cell mediated cytotoxicity,8289,29,0,0,0.0,0.0,,1.0,1.0,cluster_tissue__C1__bone_marrow,bone_marrow,C1,condition,original,Ctrl_up,BP,1.0
GO:0001909,leukocyte mediated cytotoxicity,8289,43,0,0,0.0,0.0,,1.0,1.0,cluster_tissue__C1__bone_marrow,bone_marrow,C1,condition,original,Ctrl_up,BP,1.0
GO:0001913,T cell mediated cytotoxicity,8289,13,0,0,0.0,0.0,,1.0,1.0,cluster_tissue__C1__bone_marrow,bone_marrow,C1,condition,original,Ctrl_up,BP,1.0
GO:0045953,negative regulation of natural killer cell mediated cytotoxicity,8289,15,0,0,0.0,0.0,,1.0,1.0,cluster_tissue__C1__bone_marrow,bone_marrow,C1,condition,original,Ctrl_up,BP,1.0
GO:0031342,negative regulation of cell killing,8289,21,0,0,0.0,0.0,,1.0,1.0,cluster_tissue__C1__bone_marrow,bone_marrow,C1,condition,original,Ctrl_up,BP,1.0
GO:0001911,negative regulation of leukocyte mediated cytotoxicity,8289,19,0,0,0.0,0.0,,1.0,1.0,cluster_tissue__C1__bone_marrow,bone_marrow,C1,condition,original,Ctrl_up,BP,1.0
GO:0001915,negative regulation of T cell mediated cytotoxicity,8289,5,0,0,0.0,0.0,,1.0,1.0,cluster_tissue__C1__bone_marrow,bone_marrow,C1,condition,original,Ctrl_up,BP,1.0
GO:0017156,calcium-ion regulated exocytosis,8289,15,0,0,0.0,0.0,,1.0,1.0,cluster_tissue__C1__bone_marrow,bone_marrow,C1,condition,original,Ctrl_up,BP,1.0
GO:0043316,cytotoxic T cell degranulation,8289,5,0,0,0.0,0.0,,1.0,1.0,cluster_tissue__C1__bone_marrow,bone_marrow,C1,condition,original,Ctrl_up,BP,1.0
GO:0002858,regulation of natural killer cell mediated cytotoxicity directed against tumor cell target,8289,5,0,0,0.0,0.0,,1.0,1.0,cluster_tissue__C1__bone_marrow,bone_marrow,C1,condition,original,Ctrl_up,BP,1.0
GO:0140507,granzyme-mediated programmed cell death signaling pathway,8289,9,0,0,0.0,0.0,,1.0,1.0,cluster_tissue__C1__bone_marrow,bone_marrow,C1,condition,original,Ctrl_up,BP,1.0
GO:0045921,positive regulation of exocytosis,7983,47,3,0,0.0,0.0,,1.0,1.0,cluster_tissue__C2__bone_marrow,bone_marrow,C2,condition,original,T2_up,BP,1.0
GO:0017158,regulation of calcium ion-dependent exocytosis,7983,18,3,0,0.0,0.0,,1.0,1.0,cluster_tissue__C2__bone_marrow,bone_marrow,C2,condition,original,T2_up,BP,1.0
GO:0017157,regulation of exocytosis,7983,104,3,0,0.0,0.0,,1.0,1.0,cluster_tissue__C2__bone_marrow,bone_marrow,C2,condition,original,T2_up,BP,1.0
GO:0045920,negative regulation of exocytosis,7983,23,3,0,0.0,0.0,,1.0,1.0,cluster_tissue__C2__bone_marrow,bone_marrow,C2,condition,original,T2_up,BP,1.0
GO:1903233,regulation of calcium ion-dependent exocytosis of neurotransmitter,7983,7,3,0,0.0,0.0,,1.0,1.0,cluster_tissue__C2__bone_marrow,bone_marrow,C2,condition,original,T2_up,BP,1.0
GO:2000301,negative regulation of synaptic vesicle exocytosis,7983,5,3,0,0.0,0.0,,1.0,1.0,cluster_tissue__C2__bone_marrow,bone_marrow,C2,condition,original,T2_up,BP,1.0
GO:0045955,negative regulation of calcium ion-dependent exocytosis,7983,7,3,0,0.0,0.0,,1.0,1.0,cluster_tissue__C2__bone_marrow,bone_marrow,C2,condition,original,T2_up,BP,1.0
GO:2000300,regulation of synaptic vesicle exocytosis,7983,32,3,0,0.0,0.0,,1.0,1.0,cluster_tissue__C2__bone_marrow,bone_marrow,C2,condition,original,T2_up,BP,1.0
GO:0006887,exocytosis,7983,90,3,0,0.0,0.0,,1.0,1.0,cluster_tissue__C2__bone_marrow,bone_marrow,C2,condition,original,T2_up,BP,1.0
GO:0045055,regulated exocytosis,7983,55,3,0,0.0,0.0,,1.0,1.0,cluster_tissue__C2__bone_marrow,bone_marrow,C2,condition,original,T2_up,BP,1.0
GO:0002449,lymphocyte mediated immunity,7983,85,3,0,0.0,0.0,,1.0,1.0,cluster_tissue__C2__bone_marrow,bone_marrow,C2,condition,original,T2_up,BP,1.0
GO:0002706,regulation of lymphocyte mediated immunity,7983,134,3,0,0.0,0.0,,1.0,1.0,cluster_tissue__C2__bone_marrow,bone_marrow,C2,condition,original,T2_up,BP,1.0
GO:0002708,positive regulation of lymphocyte mediated immunity,7983,95,3,0,0.0,0.0,,1.0,1.0,cluster_tissue__C2__bone_marrow,bone_marrow,C2,condition,original,T2_up,BP,1.0
GO:0001912,positive regulation of leukocyte mediated cytotoxicity,7983,49,3,0,0.0,0.0,,1.0,1.0,cluster_tissue__C2__bone_marrow,bone_marrow,C2,condition,original,T2_up,BP,1.0
GO:0031341,regulation of cell killing,7983,71,3,0,0.0,0.0,,1.0,1.0,cluster_tissue__C2__bone_marrow,bone_marrow,C2,condition,original,T2_up,BP,1.0
GO:0001910,regulation of leukocyte mediated cytotoxicity,7983,65,3,0,0.0,0.0,,1.0,1.0,cluster_tissue__C2__bone_marrow,bone_marrow,C2,condition,original,T2_up,BP,1.0
GO:0031343,positive regulation of cell killing,7983,52,3,0,0.0,0.0,,1.0,1.0,cluster_tissue__C2__bone_marrow,bone_marrow,C2,condition,original,T2_up,BP,1.0
GO:0042269,regulation of natural killer cell mediated cytotoxicity,7983,37,3,0,0.0,0.0,,1.0,1.0,cluster_tissue__C2__bone_marrow,bone_marrow,C2,condition,original,T2_up,BP,1.0
GO:0045954,positive regulation of natural killer cell mediated cytotoxicity,7983,24,3,0,0.0,0.0,,1.0,1.0,cluster_tissue__C2__bone_marrow,bone_marrow,C2,condition,original,T2_up,BP,1.0
GO:0001906,cell killing,7983,60,3,0,0.0,0.0,,1.0,1.0,cluster_tissue__C2__bone_marrow,bone_marrow,C2,condition,original,T2_up,BP,1.0
GO:0016079,synaptic vesicle exocytosis,7983,21,3,0,0.0,0.0,,1.0,1.0,cluster_tissue__C2__bone_marrow,bone_marrow,C2,condition,original,T2_up,BP,1.0
GO:0001914,regulation of T cell mediated cytotoxicity,7983,29,3,0,0.0,0.0,,1.0,1.0,cluster_tissue__C2__bone_marrow,bone_marrow,C2,condition,original,T2_up,BP,1.0
GO:0001916,positive regulation of T cell mediated cytotoxicity,7983,24,3,0,0.0,0.0,,1.0,1.0,cluster_tissue__C2__bone_marrow,bone_marrow,C2,condition,original,T2_up,BP,1.0
GO:0002707,negative regulation of lymphocyte mediated immunity,7983,39,3,0,0.0,0.0,,1.0,1.0,cluster_tissue__C2__bone_marrow,bone_marrow,C2,condition,original,T2_up,BP,1.0
GO:0042267,natural killer cell mediated cytotoxicity,7983,27,3,0,0.0,0.0,,1.0,1.0,cluster_tissue__C2__bone_marrow,bone_marrow,C2,condition,original,T2_up,BP,1.0
GO:0001909,leukocyte mediated cytotoxicity,7983,38,3,0,0.0,0.0,,1.0,1.0,cluster_tissue__C2__bone_marrow,bone_marrow,C2,condition,original,T2_up,BP,1.0
GO:0001913,T cell mediated cytotoxicity,7983,12,3,0,0.0,0.0,,1.0,1.0,cluster_tissue__C2__bone_marrow,bone_marrow,C2,condition,original,T2_up,BP,1.0
GO:0045953,negative regulation of natural killer cell mediated cytotoxicity,7983,15,3,0,0.0,0.0,,1.0,1.0,cluster_tissue__C2__bone_marrow,bone_marrow,C2,condition,original,T2_up,BP,1.0
GO:0031342,negative regulation of cell killing,7983,21,3,0,0.0,0.0,,1.0,1.0,cluster_tissue__C2__bone_marrow,bone_marrow,C2,condition,original,T2_up,BP,1.0
GO:0001911,negative regulation of leukocyte mediated cytotoxicity,7983,19,3,0,0.0,0.0,,1.0,1.0,cluster_tissue__C2__bone_marrow,bone_marrow,C2,condition,original,T2_up,BP,1.0
GO:0001915,negative regulation of T cell mediated cytotoxicity,7983,5,3,0,0.0,0.0,,1.0,1.0,cluster_tissue__C2__bone_marrow,bone_marrow,C2,condition,original,T2_up,BP,1.0
GO:0017156,calcium-ion regulated exocytosis,7983,17,3,0,0.0,0.0,,1.0,1.0,cluster_tissue__C2__bone_marrow,bone_marrow,C2,condition,original,T2_up,BP,1.0
GO:0043316,cytotoxic T cell degranulation,7983,5,3,0,0.0,0.0,,1.0,1.0,cluster_tissue__C2__bone_marrow,bone_marrow,C2,condition,original,T2_up,BP,1.0
GO:0002858,regulation of natural killer cell mediated cytotoxicity directed against tumor cell target,7983,5,3,0,0.0,0.0,,1.0,1.0,cluster_tissue__C2__bone_marrow,bone_marrow,C2,condition,original,T2_up,BP,1.0
GO:0140507,granzyme-mediated programmed cell death signaling pathway,7983,8,3,0,0.0,0.0,,1.0,1.0,cluster_tissue__C2__bone_marrow,bone_marrow,C2,condition,original,T2_up,BP,1.0
GO:0045921,positive regulation of exocytosis,7983,47,0,0,0.0,0.0,,1.0,1.0,cluster_tissue__C2__bone_marrow,bone_marrow,C2,condition,original,Ctrl_up,BP,1.0
GO:0017158,regulation of calcium ion-dependent exocytosis,7983,18,0,0,0.0,0.0,,1.0,1.0,cluster_tissue__C2__bone_marrow,bone_marrow,C2,condition,original,Ctrl_up,BP,1.0
GO:0017157,regulation of exocytosis,7983,104,0,0,0.0,0.0,,1.0,1.0,cluster_tissue__C2__bone_marrow,bone_marrow,C2,condition,original,Ctrl_up,BP,1.0
GO:0045920,negative regulation of exocytosis,7983,23,0,0,0.0,0.0,,1.0,1.0,cluster_tissue__C2__bone_marrow,bone_marrow,C2,condition,original,Ctrl_up,BP,1.0
GO:1903233,regulation of calcium ion-dependent exocytosis of neurotransmitter,7983,7,0,0,0.0,0.0,,1.0,1.0,cluster_tissue__C2__bone_marrow,bone_marrow,C2,condition,original,Ctrl_up,BP,1.0
GO:2000301,negative regulation of synaptic vesicle exocytosis,7983,5,0,0,0.0,0.0,,1.0,1.0,cluster_tissue__C2__bone_marrow,bone_marrow,C2,condition,original,Ctrl_up,BP,1.0
GO:0045955,negative regulation of calcium ion-dependent exocytosis,7983,7,0,0,0.0,0.0,,1.0,1.0,cluster_tissue__C2__bone_marrow,bone_marrow,C2,condition,original,Ctrl_up,BP,1.0
GO:2000300,regulation of synaptic vesicle exocytosis,7983,32,0,0,0.0,0.0,,1.0,1.0,cluster_tissue__C2__bone_marrow,bone_marrow,C2,condition,original,Ctrl_up,BP,1.0
GO:0006887,exocytosis,7983,90,0,0,0.0,0.0,,1.0,1.0,cluster_tissue__C2__bone_marrow,bone_marrow,C2,condition,original,Ctrl_up,BP,1.0
GO:0045055,regulated exocytosis,7983,55,0,0,0.0,0.0,,1.0,1.0,cluster_tissue__C2__bone_marrow,bone_marrow,C2,condition,original,Ctrl_up,BP,1.0
GO:0002449,lymphocyte mediated immunity,7983,85,0,0,0.0,0.0,,1.0,1.0,cluster_tissue__C2__bone_marrow,bone_marrow,C2,condition,original,Ctrl_up,BP,1.0
GO:0002706,regulation of lymphocyte mediated immunity,7983,134,0,0,0.0,0.0,,1.0,1.0,cluster_tissue__C2__bone_marrow,bone_marrow,C2,condition,original,Ctrl_up,BP,1.0
GO:0002708,positive regulation of lymphocyte mediated immunity,7983,95,0,0,0.0,0.0,,1.0,1.0,cluster_tissue__C2__bone_marrow,bone_marrow,C2,condition,original,Ctrl_up,BP,1.0
GO:0001912,positive regulation of leukocyte mediated cytotoxicity,7983,49,0,0,0.0,0.0,,1.0,1.0,cluster_tissue__C2__bone_marrow,bone_marrow,C2,condition,original,Ctrl_up,BP,1.0
GO:0031341,regulation of cell killing,7983,71,0,0,0.0,0.0,,1.0,1.0,cluster_tissue__C2__bone_marrow,bone_marrow,C2,condition,original,Ctrl_up,BP,1.0
GO:0001910,regulation of leukocyte mediated cytotoxicity,7983,65,0,0,0.0,0.0,,1.0,1.0,cluster_tissue__C2__bone_marrow,bone_marrow,C2,condition,original,Ctrl_up,BP,1.0
GO:0031343,positive regulation of cell killing,7983,52,0,0,0.0,0.0,,1.0,1.0,cluster_tissue__C2__bone_marrow,bone_marrow,C2,condition,original,Ctrl_up,BP,1.0
GO:0042269,regulation of natural killer cell mediated cytotoxicity,7983,37,0,0,0.0,0.0,,1.0,1.0,cluster_tissue__C2__bone_marrow,bone_marrow,C2,condition,original,Ctrl_up,BP,1.0
GO:0045954,positive regulation of natural killer cell mediated cytotoxicity,7983,24,0,0,0.0,0.0,,1.0,1.0,cluster_tissue__C2__bone_marrow,bone_marrow,C2,condition,original,Ctrl_up,BP,1.0
GO:0001906,cell killing,7983,60,0,0,0.0,0.0,,1.0,1.0,cluster_tissue__C2__bone_marrow,bone_marrow,C2,condition,original,Ctrl_up,BP,1.0
GO:0016079,synaptic vesicle exocytosis,7983,21,0,0,0.0,0.0,,1.0,1.0,cluster_tissue__C2__bone_marrow,bone_marrow,C2,condition,original,Ctrl_up,BP,1.0
GO:0001914,regulation of T cell mediated cytotoxicity,7983,29,0,0,0.0,0.0,,1.0,1.0,cluster_tissue__C2__bone_marrow,bone_marrow,C2,condition,original,Ctrl_up,BP,1.0
GO:0001916,positive regulation of T cell mediated cytotoxicity,7983,24,0,0,0.0,0.0,,1.0,1.0,cluster_tissue__C2__bone_marrow,bone_marrow,C2,condition,original,Ctrl_up,BP,1.0
GO:0002707,negative regulation of lymphocyte mediated immunity,7983,39,0,0,0.0,0.0,,1.0,1.0,cluster_tissue__C2__bone_marrow,bone_marrow,C2,condition,original,Ctrl_up,BP,1.0
GO:0042267,natural killer cell mediated cytotoxicity,7983,27,0,0,0.0,0.0,,1.0,1.0,cluster_tissue__C2__bone_marrow,bone_marrow,C2,condition,original,Ctrl_up,BP,1.0
GO:0001909,leukocyte mediated cytotoxicity,7983,38,0,0,0.0,0.0,,1.0,1.0,cluster_tissue__C2__bone_marrow,bone_marrow,C2,condition,original,Ctrl_up,BP,1.0
GO:0001913,T cell mediated cytotoxicity,7983,12,0,0,0.0,0.0,,1.0,1.0,cluster_tissue__C2__bone_marrow,bone_marrow,C2,condition,original,Ctrl_up,BP,1.0
GO:0045953,negative regulation of natural killer cell mediated cytotoxicity,7983,15,0,0,0.0,0.0,,1.0,1.0,cluster_tissue__C2__bone_marrow,bone_marrow,C2,condition,original,Ctrl_up,BP,1.0
GO:0031342,negative regulation of cell killing,7983,21,0,0,0.0,0.0,,1.0,1.0,cluster_tissue__C2__bone_marrow,bone_marrow,C2,condition,original,Ctrl_up,BP,1.0
GO:0001911,negative regulation of leukocyte mediated cytotoxicity,7983,19,0,0,0.0,0.0,,1.0,1.0,cluster_tissue__C2__bone_marrow,bone_marrow,C2,condition,original,Ctrl_up,BP,1.0
GO:0001915,negative regulation of T cell mediated cytotoxicity,7983,5,0,0,0.0,0.0,,1.0,1.0,cluster_tissue__C2__bone_marrow,bone_marrow,C2,condition,original,Ctrl_up,BP,1.0
GO:0017156,calcium-ion regulated exocytosis,7983,17,0,0,0.0,0.0,,1.0,1.0,cluster_tissue__C2__bone_marrow,bone_marrow,C2,condition,original,Ctrl_up,BP,1.0
GO:0043316,cytotoxic T cell degranulation,7983,5,0,0,0.0,0.0,,1.0,1.0,cluster_tissue__C2__bone_marrow,bone_marrow,C2,condition,original,Ctrl_up,BP,1.0
GO:0002858,regulation of natural killer cell mediated cytotoxicity directed against tumor cell target,7983,5,0,0,0.0,0.0,,1.0,1.0,cluster_tissue__C2__bone_marrow,bone_marrow,C2,condition,original,Ctrl_up,BP,1.0
GO:0140507,granzyme-mediated programmed cell death signaling pathway,7983,8,0,0,0.0,0.0,,1.0,1.0,cluster_tissue__C2__bone_marrow,bone_marrow,C2,condition,original,Ctrl_up,BP,1.0
GO:0045921,positive regulation of exocytosis,9038,54,12,0,0.0,0.0,,1.0,1.0,cluster_tissue__C3__bone_marrow,bone_marrow,C3,condition,original,T2_up,BP,1.0
GO:0017158,regulation of calcium ion-dependent exocytosis,9038,22,12,0,0.0,0.0,,1.0,1.0,cluster_tissue__C3__bone_marrow,bone_marrow,C3,condition,original,T2_up,BP,1.0
GO:0045956,positive regulation of calcium ion-dependent exocytosis,9038,6,12,0,0.0,0.0,,1.0,1.0,cluster_tissue__C3__bone_marrow,bone_marrow,C3,condition,original,T2_up,BP,1.0
GO:0017157,regulation of exocytosis,9038,119,12,0,0.0,0.0,,1.0,1.0,cluster_tissue__C3__bone_marrow,bone_marrow,C3,condition,original,T2_up,BP,1.0
GO:0045920,negative regulation of exocytosis,9038,26,12,0,0.0,0.0,,1.0,1.0,cluster_tissue__C3__bone_marrow,bone_marrow,C3,condition,original,T2_up,BP,1.0
GO:1903233,regulation of calcium ion-dependent exocytosis of neurotransmitter,9038,7,12,0,0.0,0.0,,1.0,1.0,cluster_tissue__C3__bone_marrow,bone_marrow,C3,condition,original,T2_up,BP,1.0
GO:2000301,negative regulation of synaptic vesicle exocytosis,9038,5,12,0,0.0,0.0,,1.0,1.0,cluster_tissue__C3__bone_marrow,bone_marrow,C3,condition,original,T2_up,BP,1.0
GO:0045955,negative regulation of calcium ion-dependent exocytosis,9038,8,12,0,0.0,0.0,,1.0,1.0,cluster_tissue__C3__bone_marrow,bone_marrow,C3,condition,original,T2_up,BP,1.0
GO:2000300,regulation of synaptic vesicle exocytosis,9038,34,12,0,0.0,0.0,,1.0,1.0,cluster_tissue__C3__bone_marrow,bone_marrow,C3,condition,original,T2_up,BP,1.0
GO:0006887,exocytosis,9038,99,12,0,0.0,0.0,,1.0,1.0,cluster_tissue__C3__bone_marrow,bone_marrow,C3,condition,original,T2_up,BP,1.0
GO:0045055,regulated exocytosis,9038,60,12,0,0.0,0.0,,1.0,1.0,cluster_tissue__C3__bone_marrow,bone_marrow,C3,condition,original,T2_up,BP,1.0
GO:0002449,lymphocyte mediated immunity,9038,94,12,0,0.0,0.0,,1.0,1.0,cluster_tissue__C3__bone_marrow,bone_marrow,C3,condition,original,T2_up,BP,1.0
GO:0002706,regulation of lymphocyte mediated immunity,9038,147,12,0,0.0,0.0,,1.0,1.0,cluster_tissue__C3__bone_marrow,bone_marrow,C3,condition,original,T2_up,BP,1.0
GO:0002708,positive regulation of lymphocyte mediated immunity,9038,101,12,0,0.0,0.0,,1.0,1.0,cluster_tissue__C3__bone_marrow,bone_marrow,C3,condition,original,T2_up,BP,1.0
GO:0001912,positive regulation of leukocyte mediated cytotoxicity,9038,53,12,0,0.0,0.0,,1.0,1.0,cluster_tissue__C3__bone_marrow,bone_marrow,C3,condition,original,T2_up,BP,1.0
GO:0031341,regulation of cell killing,9038,76,12,0,0.0,0.0,,1.0,1.0,cluster_tissue__C3__bone_marrow,bone_marrow,C3,condition,original,T2_up,BP,1.0
GO:0001910,regulation of leukocyte mediated cytotoxicity,9038,70,12,0,0.0,0.0,,1.0,1.0,cluster_tissue__C3__bone_marrow,bone_marrow,C3,condition,original,T2_up,BP,1.0
GO:0031343,positive regulation of cell killing,9038,56,12,0,0.0,0.0,,1.0,1.0,cluster_tissue__C3__bone_marrow,bone_marrow,C3,condition,original,T2_up,BP,1.0
GO:0042269,regulation of natural killer cell mediated cytotoxicity,9038,40,12,0,0.0,0.0,,1.0,1.0,cluster_tissue__C3__bone_marrow,bone_marrow,C3,condition,original,T2_up,BP,1.0
GO:0045954,positive regulation of natural killer cell mediated cytotoxicity,9038,26,12,0,0.0,0.0,,1.0,1.0,cluster_tissue__C3__bone_marrow,bone_marrow,C3,condition,original,T2_up,BP,1.0
GO:0001906,cell killing,9038,66,12,0,0.0,0.0,,1.0,1.0,cluster_tissue__C3__bone_marrow,bone_marrow,C3,condition,original,T2_up,BP,1.0
GO:0016079,synaptic vesicle exocytosis,9038,24,12,0,0.0,0.0,,1.0,1.0,cluster_tissue__C3__bone_marrow,bone_marrow,C3,condition,original,T2_up,BP,1.0
GO:0001914,regulation of T cell mediated cytotoxicity,9038,29,12,0,0.0,0.0,,1.0,1.0,cluster_tissue__C3__bone_marrow,bone_marrow,C3,condition,original,T2_up,BP,1.0
GO:0001916,positive regulation of T cell mediated cytotoxicity,9038,24,12,0,0.0,0.0,,1.0,1.0,cluster_tissue__C3__bone_marrow,bone_marrow,C3,condition,original,T2_up,BP,1.0
GO:0002707,negative regulation of lymphocyte mediated immunity,9038,44,12,0,0.0,0.0,,1.0,1.0,cluster_tissue__C3__bone_marrow,bone_marrow,C3,condition,original,T2_up,BP,1.0
GO:0042267,natural killer cell mediated cytotoxicity,9038,29,12,0,0.0,0.0,,1.0,1.0,cluster_tissue__C3__bone_marrow,bone_marrow,C3,condition,original,T2_up,BP,1.0
GO:0001909,leukocyte mediated cytotoxicity,9038,43,12,0,0.0,0.0,,1.0,1.0,cluster_tissue__C3__bone_marrow,bone_marrow,C3,condition,original,T2_up,BP,1.0
GO:0001913,T cell mediated cytotoxicity,9038,13,12,0,0.0,0.0,,1.0,1.0,cluster_tissue__C3__bone_marrow,bone_marrow,C3,condition,original,T2_up,BP,1.0
GO:0045953,negative regulation of natural killer cell mediated cytotoxicity,9038,16,12,0,0.0,0.0,,1.0,1.0,cluster_tissue__C3__bone_marrow,bone_marrow,C3,condition,original,T2_up,BP,1.0
GO:0031342,negative regulation of cell killing,9038,22,12,0,0.0,0.0,,1.0,1.0,cluster_tissue__C3__bone_marrow,bone_marrow,C3,condition,original,T2_up,BP,1.0
GO:0001911,negative regulation of leukocyte mediated cytotoxicity,9038,20,12,0,0.0,0.0,,1.0,1.0,cluster_tissue__C3__bone_marrow,bone_marrow,C3,condition,original,T2_up,BP,1.0
GO:0001915,negative regulation of T cell mediated cytotoxicity,9038,5,12,0,0.0,0.0,,1.0,1.0,cluster_tissue__C3__bone_marrow,bone_marrow,C3,condition,original,T2_up,BP,1.0
GO:0017156,calcium-ion regulated exocytosis,9038,17,12,0,0.0,0.0,,1.0,1.0,cluster_tissue__C3__bone_marrow,bone_marrow,C3,condition,original,T2_up,BP,1.0
GO:0043316,cytotoxic T cell degranulation,9038,5,12,0,0.0,0.0,,1.0,1.0,cluster_tissue__C3__bone_marrow,bone_marrow,C3,condition,original,T2_up,BP,1.0
GO:0002858,regulation of natural killer cell mediated cytotoxicity directed against tumor cell target,9038,5,12,0,0.0,0.0,,1.0,1.0,cluster_tissue__C3__bone_marrow,bone_marrow,C3,condition,original,T2_up,BP,1.0
GO:0140507,granzyme-mediated programmed cell death signaling pathway,9038,10,12,0,0.0,0.0,,1.0,1.0,cluster_tissue__C3__bone_marrow,bone_marrow,C3,condition,original,T2_up,BP,1.0
GO:0045921,positive regulation of exocytosis,9038,54,4,0,0.0,0.0,,1.0,1.0,cluster_tissue__C3__bone_marrow,bone_marrow,C3,condition,original,Ctrl_up,BP,1.0
GO:0017158,regulation of calcium ion-dependent exocytosis,9038,22,4,0,0.0,0.0,,1.0,1.0,cluster_tissue__C3__bone_marrow,bone_marrow,C3,condition,original,Ctrl_up,BP,1.0
GO:0045956,positive regulation of calcium ion-dependent exocytosis,9038,6,4,0,0.0,0.0,,1.0,1.0,cluster_tissue__C3__bone_marrow,bone_marrow,C3,condition,original,Ctrl_up,BP,1.0
GO:0017157,regulation of exocytosis,9038,119,4,0,0.0,0.0,,1.0,1.0,cluster_tissue__C3__bone_marrow,bone_marrow,C3,condition,original,Ctrl_up,BP,1.0
GO:0045920,negative regulation of exocytosis,9038,26,4,0,0.0,0.0,,1.0,1.0,cluster_tissue__C3__bone_marrow,bone_marrow,C3,condition,original,Ctrl_up,BP,1.0
GO:1903233,regulation of calcium ion-dependent exocytosis of neurotransmitter,9038,7,4,0,0.0,0.0,,1.0,1.0,cluster_tissue__C3__bone_marrow,bone_marrow,C3,condition,original,Ctrl_up,BP,1.0
GO:2000301,negative regulation of synaptic vesicle exocytosis,9038,5,4,0,0.0,0.0,,1.0,1.0,cluster_tissue__C3__bone_marrow,bone_marrow,C3,condition,original,Ctrl_up,BP,1.0
GO:0045955,negative regulation of calcium ion-dependent exocytosis,9038,8,4,0,0.0,0.0,,1.0,1.0,cluster_tissue__C3__bone_marrow,bone_marrow,C3,condition,original,Ctrl_up,BP,1.0
GO:2000300,regulation of synaptic vesicle exocytosis,9038,34,4,0,0.0,0.0,,1.0,1.0,cluster_tissue__C3__bone_marrow,bone_marrow,C3,condition,original,Ctrl_up,BP,1.0
GO:0006887,exocytosis,9038,99,4,0,0.0,0.0,,1.0,1.0,cluster_tissue__C3__bone_marrow,bone_marrow,C3,condition,original,Ctrl_up,BP,1.0
GO:0045055,regulated exocytosis,9038,60,4,0,0.0,0.0,,1.0,1.0,cluster_tissue__C3__bone_marrow,bone_marrow,C3,condition,original,Ctrl_up,BP,1.0
GO:0002449,lymphocyte mediated immunity,9038,94,4,0,0.0,0.0,,1.0,1.0,cluster_tissue__C3__bone_marrow,bone_marrow,C3,condition,original,Ctrl_up,BP,1.0
GO:0002706,regulation of lymphocyte mediated immunity,9038,147,4,0,0.0,0.0,,1.0,1.0,cluster_tissue__C3__bone_marrow,bone_marrow,C3,condition,original,Ctrl_up,BP,1.0
GO:0002708,positive regulation of lymphocyte mediated immunity,9038,101,4,0,0.0,0.0,,1.0,1.0,cluster_tissue__C3__bone_marrow,bone_marrow,C3,condition,original,Ctrl_up,BP,1.0
GO:0001912,positive regulation of leukocyte mediated cytotoxicity,9038,53,4,0,0.0,0.0,,1.0,1.0,cluster_tissue__C3__bone_marrow,bone_marrow,C3,condition,original,Ctrl_up,BP,1.0
GO:0031341,regulation of cell killing,9038,76,4,0,0.0,0.0,,1.0,1.0,cluster_tissue__C3__bone_marrow,bone_marrow,C3,condition,original,Ctrl_up,BP,1.0
GO:0001910,regulation of leukocyte mediated cytotoxicity,9038,70,4,0,0.0,0.0,,1.0,1.0,cluster_tissue__C3__bone_marrow,bone_marrow,C3,condition,original,Ctrl_up,BP,1.0
GO:0031343,positive regulation of cell killing,9038,56,4,0,0.0,0.0,,1.0,1.0,cluster_tissue__C3__bone_marrow,bone_marrow,C3,condition,original,Ctrl_up,BP,1.0
GO:0042269,regulation of natural killer cell mediated cytotoxicity,9038,40,4,0,0.0,0.0,,1.0,1.0,cluster_tissue__C3__bone_marrow,bone_marrow,C3,condition,original,Ctrl_up,BP,1.0
GO:0045954,positive regulation of natural killer cell mediated cytotoxicity,9038,26,4,0,0.0,0.0,,1.0,1.0,cluster_tissue__C3__bone_marrow,bone_marrow,C3,condition,original,Ctrl_up,BP,1.0
GO:0001906,cell killing,9038,66,4,0,0.0,0.0,,1.0,1.0,cluster_tissue__C3__bone_marrow,bone_marrow,C3,condition,original,Ctrl_up,BP,1.0
GO:0016079,synaptic vesicle exocytosis,9038,24,4,0,0.0,0.0,,1.0,1.0,cluster_tissue__C3__bone_marrow,bone_marrow,C3,condition,original,Ctrl_up,BP,1.0
GO:0001914,regulation of T cell mediated cytotoxicity,9038,29,4,0,0.0,0.0,,1.0,1.0,cluster_tissue__C3__bone_marrow,bone_marrow,C3,condition,original,Ctrl_up,BP,1.0
GO:0001916,positive regulation of T cell mediated cytotoxicity,9038,24,4,0,0.0,0.0,,1.0,1.0,cluster_tissue__C3__bone_marrow,bone_marrow,C3,condition,original,Ctrl_up,BP,1.0
GO:0002707,negative regulation of lymphocyte mediated immunity,9038,44,4,0,0.0,0.0,,1.0,1.0,cluster_tissue__C3__bone_marrow,bone_marrow,C3,condition,original,Ctrl_up,BP,1.0
GO:0042267,natural killer cell mediated cytotoxicity,9038,29,4,0,0.0,0.0,,1.0,1.0,cluster_tissue__C3__bone_marrow,bone_marrow,C3,condition,original,Ctrl_up,BP,1.0
GO:0001909,leukocyte mediated cytotoxicity,9038,43,4,0,0.0,0.0,,1.0,1.0,cluster_tissue__C3__bone_marrow,bone_marrow,C3,condition,original,Ctrl_up,BP,1.0
GO:0001913,T cell mediated cytotoxicity,9038,13,4,0,0.0,0.0,,1.0,1.0,cluster_tissue__C3__bone_marrow,bone_marrow,C3,condition,original,Ctrl_up,BP,1.0
GO:0045953,negative regulation of natural killer cell mediated cytotoxicity,9038,16,4,0,0.0,0.0,,1.0,1.0,cluster_tissue__C3__bone_marrow,bone_marrow,C3,condition,original,Ctrl_up,BP,1.0
GO:0031342,negative regulation of cell killing,9038,22,4,0,0.0,0.0,,1.0,1.0,cluster_tissue__C3__bone_marrow,bone_marrow,C3,condition,original,Ctrl_up,BP,1.0
GO:0001911,negative regulation of leukocyte mediated cytotoxicity,9038,20,4,0,0.0,0.0,,1.0,1.0,cluster_tissue__C3__bone_marrow,bone_marrow,C3,condition,original,Ctrl_up,BP,1.0
GO:0001915,negative regulation of T cell mediated cytotoxicity,9038,5,4,0,0.0,0.0,,1.0,1.0,cluster_tissue__C3__bone_marrow,bone_marrow,C3,condition,original,Ctrl_up,BP,1.0
GO:0017156,calcium-ion regulated exocytosis,9038,17,4,0,0.0,0.0,,1.0,1.0,cluster_tissue__C3__bone_marrow,bone_marrow,C3,condition,original,Ctrl_up,BP,1.0
GO:0043316,cytotoxic T cell degranulation,9038,5,4,0,0.0,0.0,,1.0,1.0,cluster_tissue__C3__bone_marrow,bone_marrow,C3,condition,original,Ctrl_up,BP,1.0
GO:0002858,regulation of natural killer cell mediated cytotoxicity directed against tumor cell target,9038,5,4,0,0.0,0.0,,1.0,1.0,cluster_tissue__C3__bone_marrow,bone_marrow,C3,condition,original,Ctrl_up,BP,1.0
GO:0140507,granzyme-mediated programmed cell death signaling pathway,9038,10,4,0,0.0,0.0,,1.0,1.0,cluster_tissue__C3__bone_marrow,bone_marrow,C3,condition,original,Ctrl_up,BP,1.0
GO:0045921,positive regulation of exocytosis,9046,55,49,0,0.0,0.0,,1.0,1.0,cluster_tissue__C4__bone_marrow,bone_marrow,C4,condition,original,T2_up,BP,1.0
GO:0017158,regulation of calcium ion-dependent exocytosis,9046,23,49,0,0.0,0.0,,1.0,1.0,cluster_tissue__C4__bone_marrow,bone_marrow,C4,condition,original,T2_up,BP,1.0
GO:0045956,positive regulation of calcium ion-dependent exocytosis,9046,7,49,0,0.0,0.0,,1.0,1.0,cluster_tissue__C4__bone_marrow,bone_marrow,C4,condition,original,T2_up,BP,1.0
GO:0017157,regulation of exocytosis,9046,120,49,1,0.0204081632653061,1.53843537414966,Rac2,0.4811367848433298,1.0,cluster_tissue__C4__bone_marrow,bone_marrow,C4,condition,original,T2_up,BP,1.0
GO:0045920,negative regulation of exocytosis,9046,26,49,0,0.0,0.0,,1.0,1.0,cluster_tissue__C4__bone_marrow,bone_marrow,C4,condition,original,T2_up,BP,1.0
GO:1903233,regulation of calcium ion-dependent exocytosis of neurotransmitter,9046,7,49,0,0.0,0.0,,1.0,1.0,cluster_tissue__C4__bone_marrow,bone_marrow,C4,condition,original,T2_up,BP,1.0
GO:2000301,negative regulation of synaptic vesicle exocytosis,9046,5,49,0,0.0,0.0,,1.0,1.0,cluster_tissue__C4__bone_marrow,bone_marrow,C4,condition,original,T2_up,BP,1.0
GO:0045955,negative regulation of calcium ion-dependent exocytosis,9046,8,49,0,0.0,0.0,,1.0,1.0,cluster_tissue__C4__bone_marrow,bone_marrow,C4,condition,original,T2_up,BP,1.0
GO:2000300,regulation of synaptic vesicle exocytosis,9046,34,49,0,0.0,0.0,,1.0,1.0,cluster_tissue__C4__bone_marrow,bone_marrow,C4,condition,original,T2_up,BP,1.0
GO:0006887,exocytosis,9046,102,49,0,0.0,0.0,,1.0,1.0,cluster_tissue__C4__bone_marrow,bone_marrow,C4,condition,original,T2_up,BP,1.0
GO:0045055,regulated exocytosis,9046,62,49,0,0.0,0.0,,1.0,1.0,cluster_tissue__C4__bone_marrow,bone_marrow,C4,condition,original,T2_up,BP,1.0
GO:0002449,lymphocyte mediated immunity,9046,94,49,2,0.0408163265306122,3.9279201042118976,Gzmb;Hcst,0.0917901096587308,1.0,cluster_tissue__C4__bone_marrow,bone_marrow,C4,condition,original,T2_up,BP,1.0
GO:0002706,regulation of lymphocyte mediated immunity,9046,147,49,0,0.0,0.0,,1.0,1.0,cluster_tissue__C4__bone_marrow,bone_marrow,C4,condition,original,T2_up,BP,1.0
GO:0002708,positive regulation of lymphocyte mediated immunity,9046,101,49,0,0.0,0.0,,1.0,1.0,cluster_tissue__C4__bone_marrow,bone_marrow,C4,condition,original,T2_up,BP,1.0
GO:0001912,positive regulation of leukocyte mediated cytotoxicity,9046,53,49,0,0.0,0.0,,1.0,1.0,cluster_tissue__C4__bone_marrow,bone_marrow,C4,condition,original,T2_up,BP,1.0
GO:0031341,regulation of cell killing,9046,77,49,0,0.0,0.0,,1.0,1.0,cluster_tissue__C4__bone_marrow,bone_marrow,C4,condition,original,T2_up,BP,1.0
GO:0001910,regulation of leukocyte mediated cytotoxicity,9046,70,49,0,0.0,0.0,,1.0,1.0,cluster_tissue__C4__bone_marrow,bone_marrow,C4,condition,original,T2_up,BP,1.0
GO:0031343,positive regulation of cell killing,9046,56,49,0,0.0,0.0,,1.0,1.0,cluster_tissue__C4__bone_marrow,bone_marrow,C4,condition,original,T2_up,BP,1.0
GO:0042269,regulation of natural killer cell mediated cytotoxicity,9046,40,49,0,0.0,0.0,,1.0,1.0,cluster_tissue__C4__bone_marrow,bone_marrow,C4,condition,original,T2_up,BP,1.0
GO:0045954,positive regulation of natural killer cell mediated cytotoxicity,9046,26,49,0,0.0,0.0,,1.0,1.0,cluster_tissue__C4__bone_marrow,bone_marrow,C4,condition,original,T2_up,BP,1.0
GO:0001906,cell killing,9046,66,49,2,0.0408163265306122,5.594310451453309,Gzmb;Hcst,0.0495034253988826,1.0,cluster_tissue__C4__bone_marrow,bone_marrow,C4,condition,original,T2_up,BP,1.0
GO:0016079,synaptic vesicle exocytosis,9046,25,49,0,0.0,0.0,,1.0,1.0,cluster_tissue__C4__bone_marrow,bone_marrow,C4,condition,original,T2_up,BP,1.0
GO:0001914,regulation of T cell mediated cytotoxicity,9046,29,49,0,0.0,0.0,,1.0,1.0,cluster_tissue__C4__bone_marrow,bone_marrow,C4,condition,original,T2_up,BP,1.0
GO:0001916,positive regulation of T cell mediated cytotoxicity,9046,24,49,0,0.0,0.0,,1.0,1.0,cluster_tissue__C4__bone_marrow,bone_marrow,C4,condition,original,T2_up,BP,1.0
GO:0002707,negative regulation of lymphocyte mediated immunity,9046,44,49,0,0.0,0.0,,1.0,1.0,cluster_tissue__C4__bone_marrow,bone_marrow,C4,condition,original,T2_up,BP,1.0
GO:0042267,natural killer cell mediated cytotoxicity,9046,29,49,2,0.0408163265306122,12.731878958479944,Gzmb;Hcst,0.0106314142904389,0.6321302386819688,cluster_tissue__C4__bone_marrow,bone_marrow,C4,condition,original,T2_up,BP,1.0
GO:0001909,leukocyte mediated cytotoxicity,9046,43,49,2,0.0408163265306122,8.586616041765543,Gzmb;Hcst,0.0225375017637213,1.0,cluster_tissue__C4__bone_marrow,bone_marrow,C4,condition,original,T2_up,BP,1.0
GO:0001913,T cell mediated cytotoxicity,9046,13,49,1,0.0204081632653061,14.20094191522763,Gzmb,0.0682178892606014,1.0,cluster_tissue__C4__bone_marrow,bone_marrow,C4,condition,original,T2_up,BP,1.0
GO:0045953,negative regulation of natural killer cell mediated cytotoxicity,9046,16,49,0,0.0,0.0,,1.0,1.0,cluster_tissue__C4__bone_marrow,bone_marrow,C4,condition,original,T2_up,BP,1.0
GO:0031342,negative regulation of cell killing,9046,22,49,0,0.0,0.0,,1.0,1.0,cluster_tissue__C4__bone_marrow,bone_marrow,C4,condition,original,T2_up,BP,1.0
GO:0001911,negative regulation of leukocyte mediated cytotoxicity,9046,20,49,0,0.0,0.0,,1.0,1.0,cluster_tissue__C4__bone_marrow,bone_marrow,C4,condition,original,T2_up,BP,1.0
GO:0001915,negative regulation of T cell mediated cytotoxicity,9046,5,49,0,0.0,0.0,,1.0,1.0,cluster_tissue__C4__bone_marrow,bone_marrow,C4,condition,original,T2_up,BP,1.0
GO:0017156,calcium-ion regulated exocytosis,9046,18,49,0,0.0,0.0,,1.0,1.0,cluster_tissue__C4__bone_marrow,bone_marrow,C4,condition,original,T2_up,BP,1.0
GO:0043316,cytotoxic T cell degranulation,9046,5,49,0,0.0,0.0,,1.0,1.0,cluster_tissue__C4__bone_marrow,bone_marrow,C4,condition,original,T2_up,BP,1.0
GO:0002858,regulation of natural killer cell mediated cytotoxicity directed against tumor cell target,9046,5,49,0,0.0,0.0,,1.0,1.0,cluster_tissue__C4__bone_marrow,bone_marrow,C4,condition,original,T2_up,BP,1.0
GO:0140507,granzyme-mediated programmed cell death signaling pathway,9046,10,49,1,0.0204081632653061,18.46122448979592,Gzmb,0.0528918012195862,1.0,cluster_tissue__C4__bone_marrow,bone_marrow,C4,condition,original,T2_up,BP,1.0
GO:0045921,positive regulation of exocytosis,9046,55,27,0,0.0,0.0,,1.0,1.0,cluster_tissue__C4__bone_marrow,bone_marrow,C4,condition,original,Ctrl_up,BP,1.0
GO:0017158,regulation of calcium ion-dependent exocytosis,9046,23,27,0,0.0,0.0,,1.0,1.0,cluster_tissue__C4__bone_marrow,bone_marrow,C4,condition,original,Ctrl_up,BP,1.0
GO:0045956,positive regulation of calcium ion-dependent exocytosis,9046,7,27,0,0.0,0.0,,1.0,1.0,cluster_tissue__C4__bone_marrow,bone_marrow,C4,condition,original,Ctrl_up,BP,1.0
GO:0017157,regulation of exocytosis,9046,120,27,0,0.0,0.0,,1.0,1.0,cluster_tissue__C4__bone_marrow,bone_marrow,C4,condition,original,Ctrl_up,BP,1.0
GO:0045920,negative regulation of exocytosis,9046,26,27,0,0.0,0.0,,1.0,1.0,cluster_tissue__C4__bone_marrow,bone_marrow,C4,condition,original,Ctrl_up,BP,1.0
GO:1903233,regulation of calcium ion-dependent exocytosis of neurotransmitter,9046,7,27,0,0.0,0.0,,1.0,1.0,cluster_tissue__C4__bone_marrow,bone_marrow,C4,condition,original,Ctrl_up,BP,1.0
GO:2000301,negative regulation of synaptic vesicle exocytosis,9046,5,27,0,0.0,0.0,,1.0,1.0,cluster_tissue__C4__bone_marrow,bone_marrow,C4,condition,original,Ctrl_up,BP,1.0
GO:0045955,negative regulation of calcium ion-dependent exocytosis,9046,8,27,0,0.0,0.0,,1.0,1.0,cluster_tissue__C4__bone_marrow,bone_marrow,C4,condition,original,Ctrl_up,BP,1.0
GO:2000300,regulation of synaptic vesicle exocytosis,9046,34,27,0,0.0,0.0,,1.0,1.0,cluster_tissue__C4__bone_marrow,bone_marrow,C4,condition,original,Ctrl_up,BP,1.0
GO:0006887,exocytosis,9046,102,27,0,0.0,0.0,,1.0,1.0,cluster_tissue__C4__bone_marrow,bone_marrow,C4,condition,original,Ctrl_up,BP,1.0
GO:0045055,regulated exocytosis,9046,62,27,0,0.0,0.0,,1.0,1.0,cluster_tissue__C4__bone_marrow,bone_marrow,C4,condition,original,Ctrl_up,BP,1.0
GO:0002449,lymphocyte mediated immunity,9046,94,27,0,0.0,0.0,,1.0,1.0,cluster_tissue__C4__bone_marrow,bone_marrow,C4,condition,original,Ctrl_up,BP,1.0
GO:0002706,regulation of lymphocyte mediated immunity,9046,147,27,1,0.037037037037037,2.2791635172587554,Hspa8,0.3578951966353774,1.0,cluster_tissue__C4__bone_marrow,bone_marrow,C4,condition,original,Ctrl_up,BP,1.0
GO:0002708,positive regulation of lymphocyte mediated immunity,9046,101,27,1,0.037037037037037,3.3171983865053174,Hspa8,0.2618393103328117,1.0,cluster_tissue__C4__bone_marrow,bone_marrow,C4,condition,original,Ctrl_up,BP,1.0
GO:0001912,positive regulation of leukocyte mediated cytotoxicity,9046,53,27,1,0.037037037037037,6.321453529000699,Hspa8,0.1469062462138011,1.0,cluster_tissue__C4__bone_marrow,bone_marrow,C4,condition,original,Ctrl_up,BP,1.0
GO:0031341,regulation of cell killing,9046,77,27,1,0.037037037037037,4.351130351130351,Hspa8,0.2063739020090002,1.0,cluster_tissue__C4__bone_marrow,bone_marrow,C4,condition,original,Ctrl_up,BP,1.0
GO:0001910,regulation of leukocyte mediated cytotoxicity,9046,70,27,1,0.037037037037037,4.786243386243386,Hspa8,0.189454575052495,1.0,cluster_tissue__C4__bone_marrow,bone_marrow,C4,condition,original,Ctrl_up,BP,1.0
GO:0031343,positive regulation of cell killing,9046,56,27,1,0.037037037037037,5.9828042328042335,Hspa8,0.154567869443373,1.0,cluster_tissue__C4__bone_marrow,bone_marrow,C4,condition,original,Ctrl_up,BP,1.0
GO:0042269,regulation of natural killer cell mediated cytotoxicity,9046,40,27,0,0.0,0.0,,1.0,1.0,cluster_tissue__C4__bone_marrow,bone_marrow,C4,condition,original,Ctrl_up,BP,1.0
GO:0045954,positive regulation of natural killer cell mediated cytotoxicity,9046,26,27,0,0.0,0.0,,1.0,1.0,cluster_tissue__C4__bone_marrow,bone_marrow,C4,condition,original,Ctrl_up,BP,1.0
GO:0001906,cell killing,9046,66,27,0,0.0,0.0,,1.0,1.0,cluster_tissue__C4__bone_marrow,bone_marrow,C4,condition,original,Ctrl_up,BP,1.0
GO:0016079,synaptic vesicle exocytosis,9046,25,27,0,0.0,0.0,,1.0,1.0,cluster_tissue__C4__bone_marrow,bone_marrow,C4,condition,original,Ctrl_up,BP,1.0
GO:0001914,regulation of T cell mediated cytotoxicity,9046,29,27,1,0.037037037037037,11.553001277139208,Hspa8,0.0831594215945483,1.0,cluster_tissue__C4__bone_marrow,bone_marrow,C4,condition,original,Ctrl_up,BP,1.0
GO:0001916,positive regulation of T cell mediated cytotoxicity,9046,24,27,1,0.037037037037037,13.959876543209877,Hspa8,0.0693132151173317,1.0,cluster_tissue__C4__bone_marrow,bone_marrow,C4,condition,original,Ctrl_up,BP,1.0
GO:0002707,negative regulation of lymphocyte mediated immunity,9046,44,27,0,0.0,0.0,,1.0,1.0,cluster_tissue__C4__bone_marrow,bone_marrow,C4,condition,original,Ctrl_up,BP,1.0
GO:0042267,natural killer cell mediated cytotoxicity,9046,29,27,0,0.0,0.0,,1.0,1.0,cluster_tissue__C4__bone_marrow,bone_marrow,C4,condition,original,Ctrl_up,BP,1.0
GO:0001909,leukocyte mediated cytotoxicity,9046,43,27,0,0.0,0.0,,1.0,1.0,cluster_tissue__C4__bone_marrow,bone_marrow,C4,condition,original,Ctrl_up,BP,1.0
GO:0001913,T cell mediated cytotoxicity,9046,13,27,0,0.0,0.0,,1.0,1.0,cluster_tissue__C4__bone_marrow,bone_marrow,C4,condition,original,Ctrl_up,BP,1.0
GO:0045953,negative regulation of natural killer cell mediated cytotoxicity,9046,16,27,0,0.0,0.0,,1.0,1.0,cluster_tissue__C4__bone_marrow,bone_marrow,C4,condition,original,Ctrl_up,BP,1.0
GO:0031342,negative regulation of cell killing,9046,22,27,0,0.0,0.0,,1.0,1.0,cluster_tissue__C4__bone_marrow,bone_marrow,C4,condition,original,Ctrl_up,BP,1.0
GO:0001911,negative regulation of leukocyte mediated cytotoxicity,9046,20,27,0,0.0,0.0,,1.0,1.0,cluster_tissue__C4__bone_marrow,bone_marrow,C4,condition,original,Ctrl_up,BP,1.0
GO:0001915,negative regulation of T cell mediated cytotoxicity,9046,5,27,0,0.0,0.0,,1.0,1.0,cluster_tissue__C4__bone_marrow,bone_marrow,C4,condition,original,Ctrl_up,BP,1.0
GO:0017156,calcium-ion regulated exocytosis,9046,18,27,0,0.0,0.0,,1.0,1.0,cluster_tissue__C4__bone_marrow,bone_marrow,C4,condition,original,Ctrl_up,BP,1.0
GO:0043316,cytotoxic T cell degranulation,9046,5,27,0,0.0,0.0,,1.0,1.0,cluster_tissue__C4__bone_marrow,bone_marrow,C4,condition,original,Ctrl_up,BP,1.0
GO:0002858,regulation of natural killer cell mediated cytotoxicity directed against tumor cell target,9046,5,27,0,0.0,0.0,,1.0,1.0,cluster_tissue__C4__bone_marrow,bone_marrow,C4,condition,original,Ctrl_up,BP,1.0
GO:0140507,granzyme-mediated programmed cell death signaling pathway,9046,10,27,0,0.0,0.0,,1.0,1.0,cluster_tissue__C4__bone_marrow,bone_marrow,C4,condition,original,Ctrl_up,BP,1.0
GO:0045921,positive regulation of exocytosis,8979,55,6,0,0.0,0.0,,1.0,1.0,cluster_tissue__C5-1__bone_marrow,bone_marrow,C5-1,condition,original,T2_up,BP,1.0
GO:0017158,regulation of calcium ion-dependent exocytosis,8979,23,6,0,0.0,0.0,,1.0,1.0,cluster_tissue__C5-1__bone_marrow,bone_marrow,C5-1,condition,original,T2_up,BP,1.0
GO:0045956,positive regulation of calcium ion-dependent exocytosis,8979,7,6,0,0.0,0.0,,1.0,1.0,cluster_tissue__C5-1__bone_marrow,bone_marrow,C5-1,condition,original,T2_up,BP,1.0
GO:0017157,regulation of exocytosis,8979,120,6,0,0.0,0.0,,1.0,1.0,cluster_tissue__C5-1__bone_marrow,bone_marrow,C5-1,condition,original,T2_up,BP,1.0
GO:0045920,negative regulation of exocytosis,8979,26,6,0,0.0,0.0,,1.0,1.0,cluster_tissue__C5-1__bone_marrow,bone_marrow,C5-1,condition,original,T2_up,BP,1.0
GO:1903233,regulation of calcium ion-dependent exocytosis of neurotransmitter,8979,7,6,0,0.0,0.0,,1.0,1.0,cluster_tissue__C5-1__bone_marrow,bone_marrow,C5-1,condition,original,T2_up,BP,1.0
GO:2000301,negative regulation of synaptic vesicle exocytosis,8979,5,6,0,0.0,0.0,,1.0,1.0,cluster_tissue__C5-1__bone_marrow,bone_marrow,C5-1,condition,original,T2_up,BP,1.0
GO:0045955,negative regulation of calcium ion-dependent exocytosis,8979,8,6,0,0.0,0.0,,1.0,1.0,cluster_tissue__C5-1__bone_marrow,bone_marrow,C5-1,condition,original,T2_up,BP,1.0
GO:2000300,regulation of synaptic vesicle exocytosis,8979,34,6,0,0.0,0.0,,1.0,1.0,cluster_tissue__C5-1__bone_marrow,bone_marrow,C5-1,condition,original,T2_up,BP,1.0
GO:0006887,exocytosis,8979,101,6,0,0.0,0.0,,1.0,1.0,cluster_tissue__C5-1__bone_marrow,bone_marrow,C5-1,condition,original,T2_up,BP,1.0
GO:0045055,regulated exocytosis,8979,61,6,0,0.0,0.0,,1.0,1.0,cluster_tissue__C5-1__bone_marrow,bone_marrow,C5-1,condition,original,T2_up,BP,1.0
GO:0002449,lymphocyte mediated immunity,8979,92,6,0,0.0,0.0,,1.0,1.0,cluster_tissue__C5-1__bone_marrow,bone_marrow,C5-1,condition,original,T2_up,BP,1.0
GO:0002706,regulation of lymphocyte mediated immunity,8979,144,6,0,0.0,0.0,,1.0,1.0,cluster_tissue__C5-1__bone_marrow,bone_marrow,C5-1,condition,original,T2_up,BP,1.0
GO:0002708,positive regulation of lymphocyte mediated immunity,8979,99,6,0,0.0,0.0,,1.0,1.0,cluster_tissue__C5-1__bone_marrow,bone_marrow,C5-1,condition,original,T2_up,BP,1.0
GO:0001912,positive regulation of leukocyte mediated cytotoxicity,8979,52,6,0,0.0,0.0,,1.0,1.0,cluster_tissue__C5-1__bone_marrow,bone_marrow,C5-1,condition,original,T2_up,BP,1.0
GO:0031341,regulation of cell killing,8979,75,6,0,0.0,0.0,,1.0,1.0,cluster_tissue__C5-1__bone_marrow,bone_marrow,C5-1,condition,original,T2_up,BP,1.0
GO:0001910,regulation of leukocyte mediated cytotoxicity,8979,68,6,0,0.0,0.0,,1.0,1.0,cluster_tissue__C5-1__bone_marrow,bone_marrow,C5-1,condition,original,T2_up,BP,1.0
GO:0031343,positive regulation of cell killing,8979,55,6,0,0.0,0.0,,1.0,1.0,cluster_tissue__C5-1__bone_marrow,bone_marrow,C5-1,condition,original,T2_up,BP,1.0
GO:0042269,regulation of natural killer cell mediated cytotoxicity,8979,38,6,0,0.0,0.0,,1.0,1.0,cluster_tissue__C5-1__bone_marrow,bone_marrow,C5-1,condition,original,T2_up,BP,1.0
GO:0045954,positive regulation of natural killer cell mediated cytotoxicity,8979,25,6,0,0.0,0.0,,1.0,1.0,cluster_tissue__C5-1__bone_marrow,bone_marrow,C5-1,condition,original,T2_up,BP,1.0
GO:0001906,cell killing,8979,65,6,0,0.0,0.0,,1.0,1.0,cluster_tissue__C5-1__bone_marrow,bone_marrow,C5-1,condition,original,T2_up,BP,1.0
GO:0016079,synaptic vesicle exocytosis,8979,25,6,0,0.0,0.0,,1.0,1.0,cluster_tissue__C5-1__bone_marrow,bone_marrow,C5-1,condition,original,T2_up,BP,1.0
GO:0001914,regulation of T cell mediated cytotoxicity,8979,29,6,0,0.0,0.0,,1.0,1.0,cluster_tissue__C5-1__bone_marrow,bone_marrow,C5-1,condition,original,T2_up,BP,1.0
GO:0001916,positive regulation of T cell mediated cytotoxicity,8979,24,6,0,0.0,0.0,,1.0,1.0,cluster_tissue__C5-1__bone_marrow,bone_marrow,C5-1,condition,original,T2_up,BP,1.0
GO:0002707,negative regulation of lymphocyte mediated immunity,8979,43,6,0,0.0,0.0,,1.0,1.0,cluster_tissue__C5-1__bone_marrow,bone_marrow,C5-1,condition,original,T2_up,BP,1.0
GO:0042267,natural killer cell mediated cytotoxicity,8979,29,6,0,0.0,0.0,,1.0,1.0,cluster_tissue__C5-1__bone_marrow,bone_marrow,C5-1,condition,original,T2_up,BP,1.0
GO:0001909,leukocyte mediated cytotoxicity,8979,42,6,0,0.0,0.0,,1.0,1.0,cluster_tissue__C5-1__bone_marrow,bone_marrow,C5-1,condition,original,T2_up,BP,1.0
GO:0001913,T cell mediated cytotoxicity,8979,12,6,0,0.0,0.0,,1.0,1.0,cluster_tissue__C5-1__bone_marrow,bone_marrow,C5-1,condition,original,T2_up,BP,1.0
GO:0045953,negative regulation of natural killer cell mediated cytotoxicity,8979,15,6,0,0.0,0.0,,1.0,1.0,cluster_tissue__C5-1__bone_marrow,bone_marrow,C5-1,condition,original,T2_up,BP,1.0
GO:0031342,negative regulation of cell killing,8979,21,6,0,0.0,0.0,,1.0,1.0,cluster_tissue__C5-1__bone_marrow,bone_marrow,C5-1,condition,original,T2_up,BP,1.0
GO:0001911,negative regulation of leukocyte mediated cytotoxicity,8979,19,6,0,0.0,0.0,,1.0,1.0,cluster_tissue__C5-1__bone_marrow,bone_marrow,C5-1,condition,original,T2_up,BP,1.0
GO:0001915,negative regulation of T cell mediated cytotoxicity,8979,5,6,0,0.0,0.0,,1.0,1.0,cluster_tissue__C5-1__bone_marrow,bone_marrow,C5-1,condition,original,T2_up,BP,1.0
GO:0017156,calcium-ion regulated exocytosis,8979,18,6,0,0.0,0.0,,1.0,1.0,cluster_tissue__C5-1__bone_marrow,bone_marrow,C5-1,condition,original,T2_up,BP,1.0
GO:0043316,cytotoxic T cell degranulation,8979,5,6,0,0.0,0.0,,1.0,1.0,cluster_tissue__C5-1__bone_marrow,bone_marrow,C5-1,condition,original,T2_up,BP,1.0
GO:0002858,regulation of natural killer cell mediated cytotoxicity directed against tumor cell target,8979,5,6,0,0.0,0.0,,1.0,1.0,cluster_tissue__C5-1__bone_marrow,bone_marrow,C5-1,condition,original,T2_up,BP,1.0
GO:0140507,granzyme-mediated programmed cell death signaling pathway,8979,10,6,0,0.0,0.0,,1.0,1.0,cluster_tissue__C5-1__bone_marrow,bone_marrow,C5-1,condition,original,T2_up,BP,1.0
GO:0045921,positive regulation of exocytosis,8979,55,1,0,0.0,0.0,,1.0,1.0,cluster_tissue__C5-1__bone_marrow,bone_marrow,C5-1,condition,original,Ctrl_up,BP,1.0
GO:0017158,regulation of calcium ion-dependent exocytosis,8979,23,1,0,0.0,0.0,,1.0,1.0,cluster_tissue__C5-1__bone_marrow,bone_marrow,C5-1,condition,original,Ctrl_up,BP,1.0
GO:0045956,positive regulation of calcium ion-dependent exocytosis,8979,7,1,0,0.0,0.0,,1.0,1.0,cluster_tissue__C5-1__bone_marrow,bone_marrow,C5-1,condition,original,Ctrl_up,BP,1.0
GO:0017157,regulation of exocytosis,8979,120,1,0,0.0,0.0,,1.0,1.0,cluster_tissue__C5-1__bone_marrow,bone_marrow,C5-1,condition,original,Ctrl_up,BP,1.0
GO:0045920,negative regulation of exocytosis,8979,26,1,0,0.0,0.0,,1.0,1.0,cluster_tissue__C5-1__bone_marrow,bone_marrow,C5-1,condition,original,Ctrl_up,BP,1.0
GO:1903233,regulation of calcium ion-dependent exocytosis of neurotransmitter,8979,7,1,0,0.0,0.0,,1.0,1.0,cluster_tissue__C5-1__bone_marrow,bone_marrow,C5-1,condition,original,Ctrl_up,BP,1.0
GO:2000301,negative regulation of synaptic vesicle exocytosis,8979,5,1,0,0.0,0.0,,1.0,1.0,cluster_tissue__C5-1__bone_marrow,bone_marrow,C5-1,condition,original,Ctrl_up,BP,1.0
GO:0045955,negative regulation of calcium ion-dependent exocytosis,8979,8,1,0,0.0,0.0,,1.0,1.0,cluster_tissue__C5-1__bone_marrow,bone_marrow,C5-1,condition,original,Ctrl_up,BP,1.0
GO:2000300,regulation of synaptic vesicle exocytosis,8979,34,1,0,0.0,0.0,,1.0,1.0,cluster_tissue__C5-1__bone_marrow,bone_marrow,C5-1,condition,original,Ctrl_up,BP,1.0
GO:0006887,exocytosis,8979,101,1,0,0.0,0.0,,1.0,1.0,cluster_tissue__C5-1__bone_marrow,bone_marrow,C5-1,condition,original,Ctrl_up,BP,1.0
GO:0045055,regulated exocytosis,8979,61,1,0,0.0,0.0,,1.0,1.0,cluster_tissue__C5-1__bone_marrow,bone_marrow,C5-1,condition,original,Ctrl_up,BP,1.0
GO:0002449,lymphocyte mediated immunity,8979,92,1,0,0.0,0.0,,1.0,1.0,cluster_tissue__C5-1__bone_marrow,bone_marrow,C5-1,condition,original,Ctrl_up,BP,1.0
GO:0002706,regulation of lymphocyte mediated immunity,8979,144,1,0,0.0,0.0,,1.0,1.0,cluster_tissue__C5-1__bone_marrow,bone_marrow,C5-1,condition,original,Ctrl_up,BP,1.0
GO:0002708,positive regulation of lymphocyte mediated immunity,8979,99,1,0,0.0,0.0,,1.0,1.0,cluster_tissue__C5-1__bone_marrow,bone_marrow,C5-1,condition,original,Ctrl_up,BP,1.0
GO:0001912,positive regulation of leukocyte mediated cytotoxicity,8979,52,1,0,0.0,0.0,,1.0,1.0,cluster_tissue__C5-1__bone_marrow,bone_marrow,C5-1,condition,original,Ctrl_up,BP,1.0
GO:0031341,regulation of cell killing,8979,75,1,0,0.0,0.0,,1.0,1.0,cluster_tissue__C5-1__bone_marrow,bone_marrow,C5-1,condition,original,Ctrl_up,BP,1.0
GO:0001910,regulation of leukocyte mediated cytotoxicity,8979,68,1,0,0.0,0.0,,1.0,1.0,cluster_tissue__C5-1__bone_marrow,bone_marrow,C5-1,condition,original,Ctrl_up,BP,1.0
GO:0031343,positive regulation of cell killing,8979,55,1,0,0.0,0.0,,1.0,1.0,cluster_tissue__C5-1__bone_marrow,bone_marrow,C5-1,condition,original,Ctrl_up,BP,1.0
GO:0042269,regulation of natural killer cell mediated cytotoxicity,8979,38,1,0,0.0,0.0,,1.0,1.0,cluster_tissue__C5-1__bone_marrow,bone_marrow,C5-1,condition,original,Ctrl_up,BP,1.0
GO:0045954,positive regulation of natural killer cell mediated cytotoxicity,8979,25,1,0,0.0,0.0,,1.0,1.0,cluster_tissue__C5-1__bone_marrow,bone_marrow,C5-1,condition,original,Ctrl_up,BP,1.0
GO:0001906,cell killing,8979,65,1,0,0.0,0.0,,1.0,1.0,cluster_tissue__C5-1__bone_marrow,bone_marrow,C5-1,condition,original,Ctrl_up,BP,1.0
GO:0016079,synaptic vesicle exocytosis,8979,25,1,0,0.0,0.0,,1.0,1.0,cluster_tissue__C5-1__bone_marrow,bone_marrow,C5-1,condition,original,Ctrl_up,BP,1.0
GO:0001914,regulation of T cell mediated cytotoxicity,8979,29,1,0,0.0,0.0,,1.0,1.0,cluster_tissue__C5-1__bone_marrow,bone_marrow,C5-1,condition,original,Ctrl_up,BP,1.0
GO:0001916,positive regulation of T cell mediated cytotoxicity,8979,24,1,0,0.0,0.0,,1.0,1.0,cluster_tissue__C5-1__bone_marrow,bone_marrow,C5-1,condition,original,Ctrl_up,BP,1.0
GO:0002707,negative regulation of lymphocyte mediated immunity,8979,43,1,0,0.0,0.0,,1.0,1.0,cluster_tissue__C5-1__bone_marrow,bone_marrow,C5-1,condition,original,Ctrl_up,BP,1.0
GO:0042267,natural killer cell mediated cytotoxicity,8979,29,1,0,0.0,0.0,,1.0,1.0,cluster_tissue__C5-1__bone_marrow,bone_marrow,C5-1,condition,original,Ctrl_up,BP,1.0
GO:0001909,leukocyte mediated cytotoxicity,8979,42,1,0,0.0,0.0,,1.0,1.0,cluster_tissue__C5-1__bone_marrow,bone_marrow,C5-1,condition,original,Ctrl_up,BP,1.0
GO:0001913,T cell mediated cytotoxicity,8979,12,1,0,0.0,0.0,,1.0,1.0,cluster_tissue__C5-1__bone_marrow,bone_marrow,C5-1,condition,original,Ctrl_up,BP,1.0
GO:0045953,negative regulation of natural killer cell mediated cytotoxicity,8979,15,1,0,0.0,0.0,,1.0,1.0,cluster_tissue__C5-1__bone_marrow,bone_marrow,C5-1,condition,original,Ctrl_up,BP,1.0
GO:0031342,negative regulation of cell killing,8979,21,1,0,0.0,0.0,,1.0,1.0,cluster_tissue__C5-1__bone_marrow,bone_marrow,C5-1,condition,original,Ctrl_up,BP,1.0
GO:0001911,negative regulation of leukocyte mediated cytotoxicity,8979,19,1,0,0.0,0.0,,1.0,1.0,cluster_tissue__C5-1__bone_marrow,bone_marrow,C5-1,condition,original,Ctrl_up,BP,1.0
GO:0001915,negative regulation of T cell mediated cytotoxicity,8979,5,1,0,0.0,0.0,,1.0,1.0,cluster_tissue__C5-1__bone_marrow,bone_marrow,C5-1,condition,original,Ctrl_up,BP,1.0
GO:0017156,calcium-ion regulated exocytosis,8979,18,1,0,0.0,0.0,,1.0,1.0,cluster_tissue__C5-1__bone_marrow,bone_marrow,C5-1,condition,original,Ctrl_up,BP,1.0
GO:0043316,cytotoxic T cell degranulation,8979,5,1,0,0.0,0.0,,1.0,1.0,cluster_tissue__C5-1__bone_marrow,bone_marrow,C5-1,condition,original,Ctrl_up,BP,1.0
GO:0002858,regulation of natural killer cell mediated cytotoxicity directed against tumor cell target,8979,5,1,0,0.0,0.0,,1.0,1.0,cluster_tissue__C5-1__bone_marrow,bone_marrow,C5-1,condition,original,Ctrl_up,BP,1.0
GO:0140507,granzyme-mediated programmed cell death signaling pathway,8979,10,1,0,0.0,0.0,,1.0,1.0,cluster_tissue__C5-1__bone_marrow,bone_marrow,C5-1,condition,original,Ctrl_up,BP,1.0
GO:0045921,positive regulation of exocytosis,8928,53,15,0,0.0,0.0,,1.0,1.0,cluster_tissue__C5-2__bone_marrow,bone_marrow,C5-2,condition,original,T2_up,BP,1.0
GO:0017158,regulation of calcium ion-dependent exocytosis,8928,23,15,0,0.0,0.0,,1.0,1.0,cluster_tissue__C5-2__bone_marrow,bone_marrow,C5-2,condition,original,T2_up,BP,1.0
GO:0045956,positive regulation of calcium ion-dependent exocytosis,8928,7,15,0,0.0,0.0,,1.0,1.0,cluster_tissue__C5-2__bone_marrow,bone_marrow,C5-2,condition,original,T2_up,BP,1.0
GO:0017157,regulation of exocytosis,8928,115,15,0,0.0,0.0,,1.0,1.0,cluster_tissue__C5-2__bone_marrow,bone_marrow,C5-2,condition,original,T2_up,BP,1.0
GO:0045920,negative regulation of exocytosis,8928,25,15,0,0.0,0.0,,1.0,1.0,cluster_tissue__C5-2__bone_marrow,bone_marrow,C5-2,condition,original,T2_up,BP,1.0
GO:1903233,regulation of calcium ion-dependent exocytosis of neurotransmitter,8928,7,15,0,0.0,0.0,,1.0,1.0,cluster_tissue__C5-2__bone_marrow,bone_marrow,C5-2,condition,original,T2_up,BP,1.0
GO:2000301,negative regulation of synaptic vesicle exocytosis,8928,5,15,0,0.0,0.0,,1.0,1.0,cluster_tissue__C5-2__bone_marrow,bone_marrow,C5-2,condition,original,T2_up,BP,1.0
GO:0045955,negative regulation of calcium ion-dependent exocytosis,8928,8,15,0,0.0,0.0,,1.0,1.0,cluster_tissue__C5-2__bone_marrow,bone_marrow,C5-2,condition,original,T2_up,BP,1.0
GO:2000300,regulation of synaptic vesicle exocytosis,8928,34,15,0,0.0,0.0,,1.0,1.0,cluster_tissue__C5-2__bone_marrow,bone_marrow,C5-2,condition,original,T2_up,BP,1.0
GO:0006887,exocytosis,8928,97,15,0,0.0,0.0,,1.0,1.0,cluster_tissue__C5-2__bone_marrow,bone_marrow,C5-2,condition,original,T2_up,BP,1.0
GO:0045055,regulated exocytosis,8928,58,15,0,0.0,0.0,,1.0,1.0,cluster_tissue__C5-2__bone_marrow,bone_marrow,C5-2,condition,original,T2_up,BP,1.0
GO:0002449,lymphocyte mediated immunity,8928,86,15,0,0.0,0.0,,1.0,1.0,cluster_tissue__C5-2__bone_marrow,bone_marrow,C5-2,condition,original,T2_up,BP,1.0
GO:0002706,regulation of lymphocyte mediated immunity,8928,141,15,0,0.0,0.0,,1.0,1.0,cluster_tissue__C5-2__bone_marrow,bone_marrow,C5-2,condition,original,T2_up,BP,1.0
GO:0002708,positive regulation of lymphocyte mediated immunity,8928,98,15,0,0.0,0.0,,1.0,1.0,cluster_tissue__C5-2__bone_marrow,bone_marrow,C5-2,condition,original,T2_up,BP,1.0
GO:0001912,positive regulation of leukocyte mediated cytotoxicity,8928,49,15,0,0.0,0.0,,1.0,1.0,cluster_tissue__C5-2__bone_marrow,bone_marrow,C5-2,condition,original,T2_up,BP,1.0
GO:0031341,regulation of cell killing,8928,72,15,0,0.0,0.0,,1.0,1.0,cluster_tissue__C5-2__bone_marrow,bone_marrow,C5-2,condition,original,T2_up,BP,1.0
GO:0001910,regulation of leukocyte mediated cytotoxicity,8928,65,15,0,0.0,0.0,,1.0,1.0,cluster_tissue__C5-2__bone_marrow,bone_marrow,C5-2,condition,original,T2_up,BP,1.0
GO:0031343,positive regulation of cell killing,8928,52,15,0,0.0,0.0,,1.0,1.0,cluster_tissue__C5-2__bone_marrow,bone_marrow,C5-2,condition,original,T2_up,BP,1.0
GO:0042269,regulation of natural killer cell mediated cytotoxicity,8928,36,15,0,0.0,0.0,,1.0,1.0,cluster_tissue__C5-2__bone_marrow,bone_marrow,C5-2,condition,original,T2_up,BP,1.0
GO:0045954,positive regulation of natural killer cell mediated cytotoxicity,8928,23,15,0,0.0,0.0,,1.0,1.0,cluster_tissue__C5-2__bone_marrow,bone_marrow,C5-2,condition,original,T2_up,BP,1.0
GO:0001906,cell killing,8928,64,15,0,0.0,0.0,,1.0,1.0,cluster_tissue__C5-2__bone_marrow,bone_marrow,C5-2,condition,original,T2_up,BP,1.0
GO:0016079,synaptic vesicle exocytosis,8928,25,15,0,0.0,0.0,,1.0,1.0,cluster_tissue__C5-2__bone_marrow,bone_marrow,C5-2,condition,original,T2_up,BP,1.0
GO:0001914,regulation of T cell mediated cytotoxicity,8928,29,15,0,0.0,0.0,,1.0,1.0,cluster_tissue__C5-2__bone_marrow,bone_marrow,C5-2,condition,original,T2_up,BP,1.0
GO:0001916,positive regulation of T cell mediated cytotoxicity,8928,24,15,0,0.0,0.0,,1.0,1.0,cluster_tissue__C5-2__bone_marrow,bone_marrow,C5-2,condition,original,T2_up,BP,1.0
GO:0002707,negative regulation of lymphocyte mediated immunity,8928,41,15,0,0.0,0.0,,1.0,1.0,cluster_tissue__C5-2__bone_marrow,bone_marrow,C5-2,condition,original,T2_up,BP,1.0
GO:0042267,natural killer cell mediated cytotoxicity,8928,28,15,0,0.0,0.0,,1.0,1.0,cluster_tissue__C5-2__bone_marrow,bone_marrow,C5-2,condition,original,T2_up,BP,1.0
GO:0001909,leukocyte mediated cytotoxicity,8928,41,15,0,0.0,0.0,,1.0,1.0,cluster_tissue__C5-2__bone_marrow,bone_marrow,C5-2,condition,original,T2_up,BP,1.0
GO:0001913,T cell mediated cytotoxicity,8928,12,15,0,0.0,0.0,,1.0,1.0,cluster_tissue__C5-2__bone_marrow,bone_marrow,C5-2,condition,original,T2_up,BP,1.0
GO:0045953,negative regulation of natural killer cell mediated cytotoxicity,8928,15,15,0,0.0,0.0,,1.0,1.0,cluster_tissue__C5-2__bone_marrow,bone_marrow,C5-2,condition,original,T2_up,BP,1.0
GO:0031342,negative regulation of cell killing,8928,21,15,0,0.0,0.0,,1.0,1.0,cluster_tissue__C5-2__bone_marrow,bone_marrow,C5-2,condition,original,T2_up,BP,1.0
GO:0001911,negative regulation of leukocyte mediated cytotoxicity,8928,19,15,0,0.0,0.0,,1.0,1.0,cluster_tissue__C5-2__bone_marrow,bone_marrow,C5-2,condition,original,T2_up,BP,1.0
GO:0001915,negative regulation of T cell mediated cytotoxicity,8928,5,15,0,0.0,0.0,,1.0,1.0,cluster_tissue__C5-2__bone_marrow,bone_marrow,C5-2,condition,original,T2_up,BP,1.0
GO:0017156,calcium-ion regulated exocytosis,8928,18,15,0,0.0,0.0,,1.0,1.0,cluster_tissue__C5-2__bone_marrow,bone_marrow,C5-2,condition,original,T2_up,BP,1.0
GO:0043316,cytotoxic T cell degranulation,8928,5,15,0,0.0,0.0,,1.0,1.0,cluster_tissue__C5-2__bone_marrow,bone_marrow,C5-2,condition,original,T2_up,BP,1.0
GO:0002858,regulation of natural killer cell mediated cytotoxicity directed against tumor cell target,8928,5,15,0,0.0,0.0,,1.0,1.0,cluster_tissue__C5-2__bone_marrow,bone_marrow,C5-2,condition,original,T2_up,BP,1.0
GO:0140507,granzyme-mediated programmed cell death signaling pathway,8928,9,15,0,0.0,0.0,,1.0,1.0,cluster_tissue__C5-2__bone_marrow,bone_marrow,C5-2,condition,original,T2_up,BP,1.0
GO:0045921,positive regulation of exocytosis,8928,53,3,0,0.0,0.0,,1.0,1.0,cluster_tissue__C5-2__bone_marrow,bone_marrow,C5-2,condition,original,Ctrl_up,BP,1.0
GO:0017158,regulation of calcium ion-dependent exocytosis,8928,23,3,0,0.0,0.0,,1.0,1.0,cluster_tissue__C5-2__bone_marrow,bone_marrow,C5-2,condition,original,Ctrl_up,BP,1.0
GO:0045956,positive regulation of calcium ion-dependent exocytosis,8928,7,3,0,0.0,0.0,,1.0,1.0,cluster_tissue__C5-2__bone_marrow,bone_marrow,C5-2,condition,original,Ctrl_up,BP,1.0
GO:0017157,regulation of exocytosis,8928,115,3,0,0.0,0.0,,1.0,1.0,cluster_tissue__C5-2__bone_marrow,bone_marrow,C5-2,condition,original,Ctrl_up,BP,1.0
GO:0045920,negative regulation of exocytosis,8928,25,3,0,0.0,0.0,,1.0,1.0,cluster_tissue__C5-2__bone_marrow,bone_marrow,C5-2,condition,original,Ctrl_up,BP,1.0
GO:1903233,regulation of calcium ion-dependent exocytosis of neurotransmitter,8928,7,3,0,0.0,0.0,,1.0,1.0,cluster_tissue__C5-2__bone_marrow,bone_marrow,C5-2,condition,original,Ctrl_up,BP,1.0
GO:2000301,negative regulation of synaptic vesicle exocytosis,8928,5,3,0,0.0,0.0,,1.0,1.0,cluster_tissue__C5-2__bone_marrow,bone_marrow,C5-2,condition,original,Ctrl_up,BP,1.0
GO:0045955,negative regulation of calcium ion-dependent exocytosis,8928,8,3,0,0.0,0.0,,1.0,1.0,cluster_tissue__C5-2__bone_marrow,bone_marrow,C5-2,condition,original,Ctrl_up,BP,1.0
GO:2000300,regulation of synaptic vesicle exocytosis,8928,34,3,0,0.0,0.0,,1.0,1.0,cluster_tissue__C5-2__bone_marrow,bone_marrow,C5-2,condition,original,Ctrl_up,BP,1.0
GO:0006887,exocytosis,8928,97,3,0,0.0,0.0,,1.0,1.0,cluster_tissue__C5-2__bone_marrow,bone_marrow,C5-2,condition,original,Ctrl_up,BP,1.0
GO:0045055,regulated exocytosis,8928,58,3,0,0.0,0.0,,1.0,1.0,cluster_tissue__C5-2__bone_marrow,bone_marrow,C5-2,condition,original,Ctrl_up,BP,1.0
GO:0002449,lymphocyte mediated immunity,8928,86,3,1,0.3333333333333333,34.6046511627907,Shld1,0.0286235566456923,1.0,cluster_tissue__C5-2__bone_marrow,bone_marrow,C5-2,condition,original,Ctrl_up,BP,1.0
GO:0002706,regulation of lymphocyte mediated immunity,8928,141,3,1,0.3333333333333333,21.106382978723403,Shld1,0.046639855220182,1.0,cluster_tissue__C5-2__bone_marrow,bone_marrow,C5-2,condition,original,Ctrl_up,BP,1.0
GO:0002708,positive regulation of lymphocyte mediated immunity,8928,98,3,1,0.3333333333333333,30.367346938775512,Shld1,0.0325735746439325,1.0,cluster_tissue__C5-2__bone_marrow,bone_marrow,C5-2,condition,original,Ctrl_up,BP,1.0
GO:0001912,positive regulation of leukocyte mediated cytotoxicity,8928,49,3,0,0.0,0.0,,1.0,1.0,cluster_tissue__C5-2__bone_marrow,bone_marrow,C5-2,condition,original,Ctrl_up,BP,1.0
GO:0031341,regulation of cell killing,8928,72,3,0,0.0,0.0,,1.0,1.0,cluster_tissue__C5-2__bone_marrow,bone_marrow,C5-2,condition,original,Ctrl_up,BP,1.0
GO:0001910,regulation of leukocyte mediated cytotoxicity,8928,65,3,0,0.0,0.0,,1.0,1.0,cluster_tissue__C5-2__bone_marrow,bone_marrow,C5-2,condition,original,Ctrl_up,BP,1.0
GO:0031343,positive regulation of cell killing,8928,52,3,0,0.0,0.0,,1.0,1.0,cluster_tissue__C5-2__bone_marrow,bone_marrow,C5-2,condition,original,Ctrl_up,BP,1.0
GO:0042269,regulation of natural killer cell mediated cytotoxicity,8928,36,3,0,0.0,0.0,,1.0,1.0,cluster_tissue__C5-2__bone_marrow,bone_marrow,C5-2,condition,original,Ctrl_up,BP,1.0
GO:0045954,positive regulation of natural killer cell mediated cytotoxicity,8928,23,3,0,0.0,0.0,,1.0,1.0,cluster_tissue__C5-2__bone_marrow,bone_marrow,C5-2,condition,original,Ctrl_up,BP,1.0
GO:0001906,cell killing,8928,64,3,0,0.0,0.0,,1.0,1.0,cluster_tissue__C5-2__bone_marrow,bone_marrow,C5-2,condition,original,Ctrl_up,BP,1.0
GO:0016079,synaptic vesicle exocytosis,8928,25,3,0,0.0,0.0,,1.0,1.0,cluster_tissue__C5-2__bone_marrow,bone_marrow,C5-2,condition,original,Ctrl_up,BP,1.0
GO:0001914,regulation of T cell mediated cytotoxicity,8928,29,3,0,0.0,0.0,,1.0,1.0,cluster_tissue__C5-2__bone_marrow,bone_marrow,C5-2,condition,original,Ctrl_up,BP,1.0
GO:0001916,positive regulation of T cell mediated cytotoxicity,8928,24,3,0,0.0,0.0,,1.0,1.0,cluster_tissue__C5-2__bone_marrow,bone_marrow,C5-2,condition,original,Ctrl_up,BP,1.0
GO:0002707,negative regulation of lymphocyte mediated immunity,8928,41,3,0,0.0,0.0,,1.0,1.0,cluster_tissue__C5-2__bone_marrow,bone_marrow,C5-2,condition,original,Ctrl_up,BP,1.0
GO:0042267,natural killer cell mediated cytotoxicity,8928,28,3,0,0.0,0.0,,1.0,1.0,cluster_tissue__C5-2__bone_marrow,bone_marrow,C5-2,condition,original,Ctrl_up,BP,1.0
GO:0001909,leukocyte mediated cytotoxicity,8928,41,3,0,0.0,0.0,,1.0,1.0,cluster_tissue__C5-2__bone_marrow,bone_marrow,C5-2,condition,original,Ctrl_up,BP,1.0
GO:0001913,T cell mediated cytotoxicity,8928,12,3,0,0.0,0.0,,1.0,1.0,cluster_tissue__C5-2__bone_marrow,bone_marrow,C5-2,condition,original,Ctrl_up,BP,1.0
GO:0045953,negative regulation of natural killer cell mediated cytotoxicity,8928,15,3,0,0.0,0.0,,1.0,1.0,cluster_tissue__C5-2__bone_marrow,bone_marrow,C5-2,condition,original,Ctrl_up,BP,1.0
GO:0031342,negative regulation of cell killing,8928,21,3,0,0.0,0.0,,1.0,1.0,cluster_tissue__C5-2__bone_marrow,bone_marrow,C5-2,condition,original,Ctrl_up,BP,1.0
GO:0001911,negative regulation of leukocyte mediated cytotoxicity,8928,19,3,0,0.0,0.0,,1.0,1.0,cluster_tissue__C5-2__bone_marrow,bone_marrow,C5-2,condition,original,Ctrl_up,BP,1.0
GO:0001915,negative regulation of T cell mediated cytotoxicity,8928,5,3,0,0.0,0.0,,1.0,1.0,cluster_tissue__C5-2__bone_marrow,bone_marrow,C5-2,condition,original,Ctrl_up,BP,1.0
GO:0017156,calcium-ion regulated exocytosis,8928,18,3,0,0.0,0.0,,1.0,1.0,cluster_tissue__C5-2__bone_marrow,bone_marrow,C5-2,condition,original,Ctrl_up,BP,1.0
GO:0043316,cytotoxic T cell degranulation,8928,5,3,0,0.0,0.0,,1.0,1.0,cluster_tissue__C5-2__bone_marrow,bone_marrow,C5-2,condition,original,Ctrl_up,BP,1.0
GO:0002858,regulation of natural killer cell mediated cytotoxicity directed against tumor cell target,8928,5,3,0,0.0,0.0,,1.0,1.0,cluster_tissue__C5-2__bone_marrow,bone_marrow,C5-2,condition,original,Ctrl_up,BP,1.0
GO:0140507,granzyme-mediated programmed cell death signaling pathway,8928,9,3,0,0.0,0.0,,1.0,1.0,cluster_tissue__C5-2__bone_marrow,bone_marrow,C5-2,condition,original,Ctrl_up,BP,1.0
GO:0045921,positive regulation of exocytosis,8853,52,6,0,0.0,0.0,,1.0,1.0,cluster_tissue__C0__spleen,spleen,C0,condition,original,T2_up,BP,1.0
GO:0017158,regulation of calcium ion-dependent exocytosis,8853,21,6,0,0.0,0.0,,1.0,1.0,cluster_tissue__C0__spleen,spleen,C0,condition,original,T2_up,BP,1.0
GO:0045956,positive regulation of calcium ion-dependent exocytosis,8853,5,6,0,0.0,0.0,,1.0,1.0,cluster_tissue__C0__spleen,spleen,C0,condition,original,T2_up,BP,1.0
GO:0017157,regulation of exocytosis,8853,115,6,0,0.0,0.0,,1.0,1.0,cluster_tissue__C0__spleen,spleen,C0,condition,original,T2_up,BP,1.0
GO:0045920,negative regulation of exocytosis,8853,26,6,0,0.0,0.0,,1.0,1.0,cluster_tissue__C0__spleen,spleen,C0,condition,original,T2_up,BP,1.0
GO:1903233,regulation of calcium ion-dependent exocytosis of neurotransmitter,8853,7,6,0,0.0,0.0,,1.0,1.0,cluster_tissue__C0__spleen,spleen,C0,condition,original,T2_up,BP,1.0
GO:2000301,negative regulation of synaptic vesicle exocytosis,8853,5,6,0,0.0,0.0,,1.0,1.0,cluster_tissue__C0__spleen,spleen,C0,condition,original,T2_up,BP,1.0
GO:0045955,negative regulation of calcium ion-dependent exocytosis,8853,8,6,0,0.0,0.0,,1.0,1.0,cluster_tissue__C0__spleen,spleen,C0,condition,original,T2_up,BP,1.0
GO:2000300,regulation of synaptic vesicle exocytosis,8853,33,6,0,0.0,0.0,,1.0,1.0,cluster_tissue__C0__spleen,spleen,C0,condition,original,T2_up,BP,1.0
GO:0006887,exocytosis,8853,96,6,0,0.0,0.0,,1.0,1.0,cluster_tissue__C0__spleen,spleen,C0,condition,original,T2_up,BP,1.0
GO:0045055,regulated exocytosis,8853,57,6,0,0.0,0.0,,1.0,1.0,cluster_tissue__C0__spleen,spleen,C0,condition,original,T2_up,BP,1.0
GO:0002449,lymphocyte mediated immunity,8853,92,6,0,0.0,0.0,,1.0,1.0,cluster_tissue__C0__spleen,spleen,C0,condition,original,T2_up,BP,1.0
GO:0002706,regulation of lymphocyte mediated immunity,8853,140,6,0,0.0,0.0,,1.0,1.0,cluster_tissue__C0__spleen,spleen,C0,condition,original,T2_up,BP,1.0
GO:0002708,positive regulation of lymphocyte mediated immunity,8853,98,6,0,0.0,0.0,,1.0,1.0,cluster_tissue__C0__spleen,spleen,C0,condition,original,T2_up,BP,1.0
GO:0001912,positive regulation of leukocyte mediated cytotoxicity,8853,52,6,0,0.0,0.0,,1.0,1.0,cluster_tissue__C0__spleen,spleen,C0,condition,original,T2_up,BP,1.0
GO:0031341,regulation of cell killing,8853,74,6,0,0.0,0.0,,1.0,1.0,cluster_tissue__C0__spleen,spleen,C0,condition,original,T2_up,BP,1.0
GO:0001910,regulation of leukocyte mediated cytotoxicity,8853,68,6,0,0.0,0.0,,1.0,1.0,cluster_tissue__C0__spleen,spleen,C0,condition,original,T2_up,BP,1.0
GO:0031343,positive regulation of cell killing,8853,55,6,0,0.0,0.0,,1.0,1.0,cluster_tissue__C0__spleen,spleen,C0,condition,original,T2_up,BP,1.0
GO:0042269,regulation of natural killer cell mediated cytotoxicity,8853,38,6,0,0.0,0.0,,1.0,1.0,cluster_tissue__C0__spleen,spleen,C0,condition,original,T2_up,BP,1.0
GO:0045954,positive regulation of natural killer cell mediated cytotoxicity,8853,25,6,0,0.0,0.0,,1.0,1.0,cluster_tissue__C0__spleen,spleen,C0,condition,original,T2_up,BP,1.0
GO:0001906,cell killing,8853,64,6,0,0.0,0.0,,1.0,1.0,cluster_tissue__C0__spleen,spleen,C0,condition,original,T2_up,BP,1.0
GO:0016079,synaptic vesicle exocytosis,8853,23,6,0,0.0,0.0,,1.0,1.0,cluster_tissue__C0__spleen,spleen,C0,condition,original,T2_up,BP,1.0
GO:0001914,regulation of T cell mediated cytotoxicity,8853,29,6,0,0.0,0.0,,1.0,1.0,cluster_tissue__C0__spleen,spleen,C0,condition,original,T2_up,BP,1.0
GO:0001916,positive regulation of T cell mediated cytotoxicity,8853,24,6,0,0.0,0.0,,1.0,1.0,cluster_tissue__C0__spleen,spleen,C0,condition,original,T2_up,BP,1.0
GO:0002707,negative regulation of lymphocyte mediated immunity,8853,42,6,0,0.0,0.0,,1.0,1.0,cluster_tissue__C0__spleen,spleen,C0,condition,original,T2_up,BP,1.0
GO:0042267,natural killer cell mediated cytotoxicity,8853,29,6,0,0.0,0.0,,1.0,1.0,cluster_tissue__C0__spleen,spleen,C0,condition,original,T2_up,BP,1.0
GO:0001909,leukocyte mediated cytotoxicity,8853,42,6,0,0.0,0.0,,1.0,1.0,cluster_tissue__C0__spleen,spleen,C0,condition,original,T2_up,BP,1.0
GO:0001913,T cell mediated cytotoxicity,8853,13,6,0,0.0,0.0,,1.0,1.0,cluster_tissue__C0__spleen,spleen,C0,condition,original,T2_up,BP,1.0
GO:0045953,negative regulation of natural killer cell mediated cytotoxicity,8853,15,6,0,0.0,0.0,,1.0,1.0,cluster_tissue__C0__spleen,spleen,C0,condition,original,T2_up,BP,1.0
GO:0031342,negative regulation of cell killing,8853,21,6,0,0.0,0.0,,1.0,1.0,cluster_tissue__C0__spleen,spleen,C0,condition,original,T2_up,BP,1.0
GO:0001911,negative regulation of leukocyte mediated cytotoxicity,8853,19,6,0,0.0,0.0,,1.0,1.0,cluster_tissue__C0__spleen,spleen,C0,condition,original,T2_up,BP,1.0
GO:0001915,negative regulation of T cell mediated cytotoxicity,8853,5,6,0,0.0,0.0,,1.0,1.0,cluster_tissue__C0__spleen,spleen,C0,condition,original,T2_up,BP,1.0
GO:0017156,calcium-ion regulated exocytosis,8853,17,6,0,0.0,0.0,,1.0,1.0,cluster_tissue__C0__spleen,spleen,C0,condition,original,T2_up,BP,1.0
GO:0043316,cytotoxic T cell degranulation,8853,5,6,0,0.0,0.0,,1.0,1.0,cluster_tissue__C0__spleen,spleen,C0,condition,original,T2_up,BP,1.0
GO:0002858,regulation of natural killer cell mediated cytotoxicity directed against tumor cell target,8853,5,6,0,0.0,0.0,,1.0,1.0,cluster_tissue__C0__spleen,spleen,C0,condition,original,T2_up,BP,1.0
GO:0140507,granzyme-mediated programmed cell death signaling pathway,8853,10,6,0,0.0,0.0,,1.0,1.0,cluster_tissue__C0__spleen,spleen,C0,condition,original,T2_up,BP,1.0
GO:0045921,positive regulation of exocytosis,8853,52,2,0,0.0,0.0,,1.0,1.0,cluster_tissue__C0__spleen,spleen,C0,condition,original,Ctrl_up,BP,1.0
GO:0017158,regulation of calcium ion-dependent exocytosis,8853,21,2,0,0.0,0.0,,1.0,1.0,cluster_tissue__C0__spleen,spleen,C0,condition,original,Ctrl_up,BP,1.0
GO:0045956,positive regulation of calcium ion-dependent exocytosis,8853,5,2,0,0.0,0.0,,1.0,1.0,cluster_tissue__C0__spleen,spleen,C0,condition,original,Ctrl_up,BP,1.0
GO:0017157,regulation of exocytosis,8853,115,2,0,0.0,0.0,,1.0,1.0,cluster_tissue__C0__spleen,spleen,C0,condition,original,Ctrl_up,BP,1.0
GO:0045920,negative regulation of exocytosis,8853,26,2,0,0.0,0.0,,1.0,1.0,cluster_tissue__C0__spleen,spleen,C0,condition,original,Ctrl_up,BP,1.0
GO:1903233,regulation of calcium ion-dependent exocytosis of neurotransmitter,8853,7,2,0,0.0,0.0,,1.0,1.0,cluster_tissue__C0__spleen,spleen,C0,condition,original,Ctrl_up,BP,1.0
GO:2000301,negative regulation of synaptic vesicle exocytosis,8853,5,2,0,0.0,0.0,,1.0,1.0,cluster_tissue__C0__spleen,spleen,C0,condition,original,Ctrl_up,BP,1.0
GO:0045955,negative regulation of calcium ion-dependent exocytosis,8853,8,2,0,0.0,0.0,,1.0,1.0,cluster_tissue__C0__spleen,spleen,C0,condition,original,Ctrl_up,BP,1.0
GO:2000300,regulation of synaptic vesicle exocytosis,8853,33,2,0,0.0,0.0,,1.0,1.0,cluster_tissue__C0__spleen,spleen,C0,condition,original,Ctrl_up,BP,1.0
GO:0006887,exocytosis,8853,96,2,0,0.0,0.0,,1.0,1.0,cluster_tissue__C0__spleen,spleen,C0,condition,original,Ctrl_up,BP,1.0
GO:0045055,regulated exocytosis,8853,57,2,0,0.0,0.0,,1.0,1.0,cluster_tissue__C0__spleen,spleen,C0,condition,original,Ctrl_up,BP,1.0
GO:0002449,lymphocyte mediated immunity,8853,92,2,0,0.0,0.0,,1.0,1.0,cluster_tissue__C0__spleen,spleen,C0,condition,original,Ctrl_up,BP,1.0
GO:0002706,regulation of lymphocyte mediated immunity,8853,140,2,1,0.5,31.61785714285714,Hspa8,0.0313793772451165,1.0,cluster_tissue__C0__spleen,spleen,C0,condition,original,Ctrl_up,BP,1.0
GO:0002708,positive regulation of lymphocyte mediated immunity,8853,98,2,1,0.5,45.16836734693877,Hspa8,0.0220180863426323,1.0,cluster_tissue__C0__spleen,spleen,C0,condition,original,Ctrl_up,BP,1.0
GO:0001912,positive regulation of leukocyte mediated cytotoxicity,8853,52,2,1,0.5,85.125,Hspa8,0.0117135893694515,1.0,cluster_tissue__C0__spleen,spleen,C0,condition,original,Ctrl_up,BP,1.0
GO:0031341,regulation of cell killing,8853,74,2,1,0.5,59.817567567567565,Hspa8,0.0166485646030824,1.0,cluster_tissue__C0__spleen,spleen,C0,condition,original,Ctrl_up,BP,1.0
GO:0001910,regulation of leukocyte mediated cytotoxicity,8853,68,2,1,0.5,65.09558823529412,Hspa8,0.0153038872758749,1.0,cluster_tissue__C0__spleen,spleen,C0,condition,original,Ctrl_up,BP,1.0
GO:0031343,positive regulation of cell killing,8853,55,2,1,0.5,80.48181818181818,Hspa8,0.0123872678869085,1.0,cluster_tissue__C0__spleen,spleen,C0,condition,original,Ctrl_up,BP,1.0
GO:0042269,regulation of natural killer cell mediated cytotoxicity,8853,38,2,0,0.0,0.0,,1.0,1.0,cluster_tissue__C0__spleen,spleen,C0,condition,original,Ctrl_up,BP,1.0
GO:0045954,positive regulation of natural killer cell mediated cytotoxicity,8853,25,2,0,0.0,0.0,,1.0,1.0,cluster_tissue__C0__spleen,spleen,C0,condition,original,Ctrl_up,BP,1.0
GO:0001906,cell killing,8853,64,2,0,0.0,0.0,,1.0,1.0,cluster_tissue__C0__spleen,spleen,C0,condition,original,Ctrl_up,BP,1.0
GO:0016079,synaptic vesicle exocytosis,8853,23,2,0,0.0,0.0,,1.0,1.0,cluster_tissue__C0__spleen,spleen,C0,condition,original,Ctrl_up,BP,1.0
GO:0001914,regulation of T cell mediated cytotoxicity,8853,29,2,1,0.5,152.63793103448276,Hspa8,0.0065410899489063,0.9544044879995244,cluster_tissue__C0__spleen,spleen,C0,condition,original,Ctrl_up,BP,1.0
GO:0001916,positive regulation of T cell mediated cytotoxicity,8853,24,2,1,0.5,184.4375,Hspa8,0.0054148470813312,0.94297742604613,cluster_tissue__C0__spleen,spleen,C0,condition,original,Ctrl_up,BP,0.9267987460713116
GO:0002707,negative regulation of lymphocyte mediated immunity,8853,42,2,0,0.0,0.0,,1.0,1.0,cluster_tissue__C0__spleen,spleen,C0,condition,original,Ctrl_up,BP,1.0
GO:0042267,natural killer cell mediated cytotoxicity,8853,29,2,0,0.0,0.0,,1.0,1.0,cluster_tissue__C0__spleen,spleen,C0,condition,original,Ctrl_up,BP,1.0
GO:0001909,leukocyte mediated cytotoxicity,8853,42,2,0,0.0,0.0,,1.0,1.0,cluster_tissue__C0__spleen,spleen,C0,condition,original,Ctrl_up,BP,1.0
GO:0001913,T cell mediated cytotoxicity,8853,13,2,0,0.0,0.0,,1.0,1.0,cluster_tissue__C0__spleen,spleen,C0,condition,original,Ctrl_up,BP,1.0
GO:0045953,negative regulation of natural killer cell mediated cytotoxicity,8853,15,2,0,0.0,0.0,,1.0,1.0,cluster_tissue__C0__spleen,spleen,C0,condition,original,Ctrl_up,BP,1.0
GO:0031342,negative regulation of cell killing,8853,21,2,0,0.0,0.0,,1.0,1.0,cluster_tissue__C0__spleen,spleen,C0,condition,original,Ctrl_up,BP,1.0
GO:0001911,negative regulation of leukocyte mediated cytotoxicity,8853,19,2,0,0.0,0.0,,1.0,1.0,cluster_tissue__C0__spleen,spleen,C0,condition,original,Ctrl_up,BP,1.0
GO:0001915,negative regulation of T cell mediated cytotoxicity,8853,5,2,0,0.0,0.0,,1.0,1.0,cluster_tissue__C0__spleen,spleen,C0,condition,original,Ctrl_up,BP,1.0
GO:0017156,calcium-ion regulated exocytosis,8853,17,2,0,0.0,0.0,,1.0,1.0,cluster_tissue__C0__spleen,spleen,C0,condition,original,Ctrl_up,BP,1.0
GO:0043316,cytotoxic T cell degranulation,8853,5,2,0,0.0,0.0,,1.0,1.0,cluster_tissue__C0__spleen,spleen,C0,condition,original,Ctrl_up,BP,1.0
GO:0002858,regulation of natural killer cell mediated cytotoxicity directed against tumor cell target,8853,5,2,0,0.0,0.0,,1.0,1.0,cluster_tissue__C0__spleen,spleen,C0,condition,original,Ctrl_up,BP,1.0
GO:0140507,granzyme-mediated programmed cell death signaling pathway,8853,10,2,0,0.0,0.0,,1.0,1.0,cluster_tissue__C0__spleen,spleen,C0,condition,original,Ctrl_up,BP,1.0
GO:0045921,positive regulation of exocytosis,8296,50,0,0,0.0,0.0,,1.0,1.0,cluster_tissue__C1__spleen,spleen,C1,condition,original,T2_up,BP,1.0
GO:0017158,regulation of calcium ion-dependent exocytosis,8296,19,0,0,0.0,0.0,,1.0,1.0,cluster_tissue__C1__spleen,spleen,C1,condition,original,T2_up,BP,1.0
GO:0045956,positive regulation of calcium ion-dependent exocytosis,8296,5,0,0,0.0,0.0,,1.0,1.0,cluster_tissue__C1__spleen,spleen,C1,condition,original,T2_up,BP,1.0
GO:0017157,regulation of exocytosis,8296,107,0,0,0.0,0.0,,1.0,1.0,cluster_tissue__C1__spleen,spleen,C1,condition,original,T2_up,BP,1.0
GO:0045920,negative regulation of exocytosis,8296,25,0,0,0.0,0.0,,1.0,1.0,cluster_tissue__C1__spleen,spleen,C1,condition,original,T2_up,BP,1.0
GO:1903233,regulation of calcium ion-dependent exocytosis of neurotransmitter,8296,6,0,0,0.0,0.0,,1.0,1.0,cluster_tissue__C1__spleen,spleen,C1,condition,original,T2_up,BP,1.0
GO:2000301,negative regulation of synaptic vesicle exocytosis,8296,5,0,0,0.0,0.0,,1.0,1.0,cluster_tissue__C1__spleen,spleen,C1,condition,original,T2_up,BP,1.0
GO:0045955,negative regulation of calcium ion-dependent exocytosis,8296,7,0,0,0.0,0.0,,1.0,1.0,cluster_tissue__C1__spleen,spleen,C1,condition,original,T2_up,BP,1.0
GO:2000300,regulation of synaptic vesicle exocytosis,8296,30,0,0,0.0,0.0,,1.0,1.0,cluster_tissue__C1__spleen,spleen,C1,condition,original,T2_up,BP,1.0
GO:0006887,exocytosis,8296,92,0,0,0.0,0.0,,1.0,1.0,cluster_tissue__C1__spleen,spleen,C1,condition,original,T2_up,BP,1.0
GO:0045055,regulated exocytosis,8296,55,0,0,0.0,0.0,,1.0,1.0,cluster_tissue__C1__spleen,spleen,C1,condition,original,T2_up,BP,1.0
GO:0002449,lymphocyte mediated immunity,8296,89,0,0,0.0,0.0,,1.0,1.0,cluster_tissue__C1__spleen,spleen,C1,condition,original,T2_up,BP,1.0
GO:0002706,regulation of lymphocyte mediated immunity,8296,138,0,0,0.0,0.0,,1.0,1.0,cluster_tissue__C1__spleen,spleen,C1,condition,original,T2_up,BP,1.0
GO:0002708,positive regulation of lymphocyte mediated immunity,8296,97,0,0,0.0,0.0,,1.0,1.0,cluster_tissue__C1__spleen,spleen,C1,condition,original,T2_up,BP,1.0
GO:0001912,positive regulation of leukocyte mediated cytotoxicity,8296,51,0,0,0.0,0.0,,1.0,1.0,cluster_tissue__C1__spleen,spleen,C1,condition,original,T2_up,BP,1.0
GO:0031341,regulation of cell killing,8296,72,0,0,0.0,0.0,,1.0,1.0,cluster_tissue__C1__spleen,spleen,C1,condition,original,T2_up,BP,1.0
GO:0001910,regulation of leukocyte mediated cytotoxicity,8296,66,0,0,0.0,0.0,,1.0,1.0,cluster_tissue__C1__spleen,spleen,C1,condition,original,T2_up,BP,1.0
GO:0031343,positive regulation of cell killing,8296,54,0,0,0.0,0.0,,1.0,1.0,cluster_tissue__C1__spleen,spleen,C1,condition,original,T2_up,BP,1.0
GO:0042269,regulation of natural killer cell mediated cytotoxicity,8296,37,0,0,0.0,0.0,,1.0,1.0,cluster_tissue__C1__spleen,spleen,C1,condition,original,T2_up,BP,1.0
GO:0045954,positive regulation of natural killer cell mediated cytotoxicity,8296,25,0,0,0.0,0.0,,1.0,1.0,cluster_tissue__C1__spleen,spleen,C1,condition,original,T2_up,BP,1.0
GO:0001906,cell killing,8296,61,0,0,0.0,0.0,,1.0,1.0,cluster_tissue__C1__spleen,spleen,C1,condition,original,T2_up,BP,1.0
GO:0016079,synaptic vesicle exocytosis,8296,21,0,0,0.0,0.0,,1.0,1.0,cluster_tissue__C1__spleen,spleen,C1,condition,original,T2_up,BP,1.0
GO:0001914,regulation of T cell mediated cytotoxicity,8296,29,0,0,0.0,0.0,,1.0,1.0,cluster_tissue__C1__spleen,spleen,C1,condition,original,T2_up,BP,1.0
GO:0001916,positive regulation of T cell mediated cytotoxicity,8296,24,0,0,0.0,0.0,,1.0,1.0,cluster_tissue__C1__spleen,spleen,C1,condition,original,T2_up,BP,1.0
GO:0002707,negative regulation of lymphocyte mediated immunity,8296,41,0,0,0.0,0.0,,1.0,1.0,cluster_tissue__C1__spleen,spleen,C1,condition,original,T2_up,BP,1.0
GO:0042267,natural killer cell mediated cytotoxicity,8296,28,0,0,0.0,0.0,,1.0,1.0,cluster_tissue__C1__spleen,spleen,C1,condition,original,T2_up,BP,1.0
GO:0001909,leukocyte mediated cytotoxicity,8296,40,0,0,0.0,0.0,,1.0,1.0,cluster_tissue__C1__spleen,spleen,C1,condition,original,T2_up,BP,1.0
GO:0001913,T cell mediated cytotoxicity,8296,12,0,0,0.0,0.0,,1.0,1.0,cluster_tissue__C1__spleen,spleen,C1,condition,original,T2_up,BP,1.0
GO:0045953,negative regulation of natural killer cell mediated cytotoxicity,8296,14,0,0,0.0,0.0,,1.0,1.0,cluster_tissue__C1__spleen,spleen,C1,condition,original,T2_up,BP,1.0
GO:0031342,negative regulation of cell killing,8296,20,0,0,0.0,0.0,,1.0,1.0,cluster_tissue__C1__spleen,spleen,C1,condition,original,T2_up,BP,1.0
GO:0001911,negative regulation of leukocyte mediated cytotoxicity,8296,18,0,0,0.0,0.0,,1.0,1.0,cluster_tissue__C1__spleen,spleen,C1,condition,original,T2_up,BP,1.0
GO:0001915,negative regulation of T cell mediated cytotoxicity,8296,5,0,0,0.0,0.0,,1.0,1.0,cluster_tissue__C1__spleen,spleen,C1,condition,original,T2_up,BP,1.0
GO:0017156,calcium-ion regulated exocytosis,8296,16,0,0,0.0,0.0,,1.0,1.0,cluster_tissue__C1__spleen,spleen,C1,condition,original,T2_up,BP,1.0
GO:0043316,cytotoxic T cell degranulation,8296,5,0,0,0.0,0.0,,1.0,1.0,cluster_tissue__C1__spleen,spleen,C1,condition,original,T2_up,BP,1.0
GO:0002858,regulation of natural killer cell mediated cytotoxicity directed against tumor cell target,8296,5,0,0,0.0,0.0,,1.0,1.0,cluster_tissue__C1__spleen,spleen,C1,condition,original,T2_up,BP,1.0
GO:0140507,granzyme-mediated programmed cell death signaling pathway,8296,8,0,0,0.0,0.0,,1.0,1.0,cluster_tissue__C1__spleen,spleen,C1,condition,original,T2_up,BP,1.0
GO:0045921,positive regulation of exocytosis,8296,50,0,0,0.0,0.0,,1.0,1.0,cluster_tissue__C1__spleen,spleen,C1,condition,original,Ctrl_up,BP,1.0
GO:0017158,regulation of calcium ion-dependent exocytosis,8296,19,0,0,0.0,0.0,,1.0,1.0,cluster_tissue__C1__spleen,spleen,C1,condition,original,Ctrl_up,BP,1.0
GO:0045956,positive regulation of calcium ion-dependent exocytosis,8296,5,0,0,0.0,0.0,,1.0,1.0,cluster_tissue__C1__spleen,spleen,C1,condition,original,Ctrl_up,BP,1.0
GO:0017157,regulation of exocytosis,8296,107,0,0,0.0,0.0,,1.0,1.0,cluster_tissue__C1__spleen,spleen,C1,condition,original,Ctrl_up,BP,1.0
GO:0045920,negative regulation of exocytosis,8296,25,0,0,0.0,0.0,,1.0,1.0,cluster_tissue__C1__spleen,spleen,C1,condition,original,Ctrl_up,BP,1.0
GO:1903233,regulation of calcium ion-dependent exocytosis of neurotransmitter,8296,6,0,0,0.0,0.0,,1.0,1.0,cluster_tissue__C1__spleen,spleen,C1,condition,original,Ctrl_up,BP,1.0
GO:2000301,negative regulation of synaptic vesicle exocytosis,8296,5,0,0,0.0,0.0,,1.0,1.0,cluster_tissue__C1__spleen,spleen,C1,condition,original,Ctrl_up,BP,1.0
GO:0045955,negative regulation of calcium ion-dependent exocytosis,8296,7,0,0,0.0,0.0,,1.0,1.0,cluster_tissue__C1__spleen,spleen,C1,condition,original,Ctrl_up,BP,1.0
GO:2000300,regulation of synaptic vesicle exocytosis,8296,30,0,0,0.0,0.0,,1.0,1.0,cluster_tissue__C1__spleen,spleen,C1,condition,original,Ctrl_up,BP,1.0
GO:0006887,exocytosis,8296,92,0,0,0.0,0.0,,1.0,1.0,cluster_tissue__C1__spleen,spleen,C1,condition,original,Ctrl_up,BP,1.0
GO:0045055,regulated exocytosis,8296,55,0,0,0.0,0.0,,1.0,1.0,cluster_tissue__C1__spleen,spleen,C1,condition,original,Ctrl_up,BP,1.0
GO:0002449,lymphocyte mediated immunity,8296,89,0,0,0.0,0.0,,1.0,1.0,cluster_tissue__C1__spleen,spleen,C1,condition,original,Ctrl_up,BP,1.0
GO:0002706,regulation of lymphocyte mediated immunity,8296,138,0,0,0.0,0.0,,1.0,1.0,cluster_tissue__C1__spleen,spleen,C1,condition,original,Ctrl_up,BP,1.0
GO:0002708,positive regulation of lymphocyte mediated immunity,8296,97,0,0,0.0,0.0,,1.0,1.0,cluster_tissue__C1__spleen,spleen,C1,condition,original,Ctrl_up,BP,1.0
GO:0001912,positive regulation of leukocyte mediated cytotoxicity,8296,51,0,0,0.0,0.0,,1.0,1.0,cluster_tissue__C1__spleen,spleen,C1,condition,original,Ctrl_up,BP,1.0
GO:0031341,regulation of cell killing,8296,72,0,0,0.0,0.0,,1.0,1.0,cluster_tissue__C1__spleen,spleen,C1,condition,original,Ctrl_up,BP,1.0
GO:0001910,regulation of leukocyte mediated cytotoxicity,8296,66,0,0,0.0,0.0,,1.0,1.0,cluster_tissue__C1__spleen,spleen,C1,condition,original,Ctrl_up,BP,1.0
GO:0031343,positive regulation of cell killing,8296,54,0,0,0.0,0.0,,1.0,1.0,cluster_tissue__C1__spleen,spleen,C1,condition,original,Ctrl_up,BP,1.0
GO:0042269,regulation of natural killer cell mediated cytotoxicity,8296,37,0,0,0.0,0.0,,1.0,1.0,cluster_tissue__C1__spleen,spleen,C1,condition,original,Ctrl_up,BP,1.0
GO:0045954,positive regulation of natural killer cell mediated cytotoxicity,8296,25,0,0,0.0,0.0,,1.0,1.0,cluster_tissue__C1__spleen,spleen,C1,condition,original,Ctrl_up,BP,1.0
GO:0001906,cell killing,8296,61,0,0,0.0,0.0,,1.0,1.0,cluster_tissue__C1__spleen,spleen,C1,condition,original,Ctrl_up,BP,1.0
GO:0016079,synaptic vesicle exocytosis,8296,21,0,0,0.0,0.0,,1.0,1.0,cluster_tissue__C1__spleen,spleen,C1,condition,original,Ctrl_up,BP,1.0
GO:0001914,regulation of T cell mediated cytotoxicity,8296,29,0,0,0.0,0.0,,1.0,1.0,cluster_tissue__C1__spleen,spleen,C1,condition,original,Ctrl_up,BP,1.0
GO:0001916,positive regulation of T cell mediated cytotoxicity,8296,24,0,0,0.0,0.0,,1.0,1.0,cluster_tissue__C1__spleen,spleen,C1,condition,original,Ctrl_up,BP,1.0
GO:0002707,negative regulation of lymphocyte mediated immunity,8296,41,0,0,0.0,0.0,,1.0,1.0,cluster_tissue__C1__spleen,spleen,C1,condition,original,Ctrl_up,BP,1.0
GO:0042267,natural killer cell mediated cytotoxicity,8296,28,0,0,0.0,0.0,,1.0,1.0,cluster_tissue__C1__spleen,spleen,C1,condition,original,Ctrl_up,BP,1.0
GO:0001909,leukocyte mediated cytotoxicity,8296,40,0,0,0.0,0.0,,1.0,1.0,cluster_tissue__C1__spleen,spleen,C1,condition,original,Ctrl_up,BP,1.0
GO:0001913,T cell mediated cytotoxicity,8296,12,0,0,0.0,0.0,,1.0,1.0,cluster_tissue__C1__spleen,spleen,C1,condition,original,Ctrl_up,BP,1.0
GO:0045953,negative regulation of natural killer cell mediated cytotoxicity,8296,14,0,0,0.0,0.0,,1.0,1.0,cluster_tissue__C1__spleen,spleen,C1,condition,original,Ctrl_up,BP,1.0
GO:0031342,negative regulation of cell killing,8296,20,0,0,0.0,0.0,,1.0,1.0,cluster_tissue__C1__spleen,spleen,C1,condition,original,Ctrl_up,BP,1.0
GO:0001911,negative regulation of leukocyte mediated cytotoxicity,8296,18,0,0,0.0,0.0,,1.0,1.0,cluster_tissue__C1__spleen,spleen,C1,condition,original,Ctrl_up,BP,1.0
GO:0001915,negative regulation of T cell mediated cytotoxicity,8296,5,0,0,0.0,0.0,,1.0,1.0,cluster_tissue__C1__spleen,spleen,C1,condition,original,Ctrl_up,BP,1.0
GO:0017156,calcium-ion regulated exocytosis,8296,16,0,0,0.0,0.0,,1.0,1.0,cluster_tissue__C1__spleen,spleen,C1,condition,original,Ctrl_up,BP,1.0
GO:0043316,cytotoxic T cell degranulation,8296,5,0,0,0.0,0.0,,1.0,1.0,cluster_tissue__C1__spleen,spleen,C1,condition,original,Ctrl_up,BP,1.0
GO:0002858,regulation of natural killer cell mediated cytotoxicity directed against tumor cell target,8296,5,0,0,0.0,0.0,,1.0,1.0,cluster_tissue__C1__spleen,spleen,C1,condition,original,Ctrl_up,BP,1.0
GO:0140507,granzyme-mediated programmed cell death signaling pathway,8296,8,0,0,0.0,0.0,,1.0,1.0,cluster_tissue__C1__spleen,spleen,C1,condition,original,Ctrl_up,BP,1.0
GO:0045921,positive regulation of exocytosis,7862,47,0,0,0.0,0.0,,1.0,1.0,cluster_tissue__C2__spleen,spleen,C2,condition,original,T2_up,BP,1.0
GO:0017158,regulation of calcium ion-dependent exocytosis,7862,19,0,0,0.0,0.0,,1.0,1.0,cluster_tissue__C2__spleen,spleen,C2,condition,original,T2_up,BP,1.0
GO:0045956,positive regulation of calcium ion-dependent exocytosis,7862,5,0,0,0.0,0.0,,1.0,1.0,cluster_tissue__C2__spleen,spleen,C2,condition,original,T2_up,BP,1.0
GO:0017157,regulation of exocytosis,7862,102,0,0,0.0,0.0,,1.0,1.0,cluster_tissue__C2__spleen,spleen,C2,condition,original,T2_up,BP,1.0
GO:0045920,negative regulation of exocytosis,7862,23,0,0,0.0,0.0,,1.0,1.0,cluster_tissue__C2__spleen,spleen,C2,condition,original,T2_up,BP,1.0
GO:1903233,regulation of calcium ion-dependent exocytosis of neurotransmitter,7862,7,0,0,0.0,0.0,,1.0,1.0,cluster_tissue__C2__spleen,spleen,C2,condition,original,T2_up,BP,1.0
GO:2000301,negative regulation of synaptic vesicle exocytosis,7862,5,0,0,0.0,0.0,,1.0,1.0,cluster_tissue__C2__spleen,spleen,C2,condition,original,T2_up,BP,1.0
GO:0045955,negative regulation of calcium ion-dependent exocytosis,7862,7,0,0,0.0,0.0,,1.0,1.0,cluster_tissue__C2__spleen,spleen,C2,condition,original,T2_up,BP,1.0
GO:2000300,regulation of synaptic vesicle exocytosis,7862,31,0,0,0.0,0.0,,1.0,1.0,cluster_tissue__C2__spleen,spleen,C2,condition,original,T2_up,BP,1.0
GO:0006887,exocytosis,7862,85,0,0,0.0,0.0,,1.0,1.0,cluster_tissue__C2__spleen,spleen,C2,condition,original,T2_up,BP,1.0
GO:0045055,regulated exocytosis,7862,52,0,0,0.0,0.0,,1.0,1.0,cluster_tissue__C2__spleen,spleen,C2,condition,original,T2_up,BP,1.0
GO:0002449,lymphocyte mediated immunity,7862,84,0,0,0.0,0.0,,1.0,1.0,cluster_tissue__C2__spleen,spleen,C2,condition,original,T2_up,BP,1.0
GO:0002706,regulation of lymphocyte mediated immunity,7862,128,0,0,0.0,0.0,,1.0,1.0,cluster_tissue__C2__spleen,spleen,C2,condition,original,T2_up,BP,1.0
GO:0002708,positive regulation of lymphocyte mediated immunity,7862,90,0,0,0.0,0.0,,1.0,1.0,cluster_tissue__C2__spleen,spleen,C2,condition,original,T2_up,BP,1.0
GO:0001912,positive regulation of leukocyte mediated cytotoxicity,7862,47,0,0,0.0,0.0,,1.0,1.0,cluster_tissue__C2__spleen,spleen,C2,condition,original,T2_up,BP,1.0
GO:0031341,regulation of cell killing,7862,68,0,0,0.0,0.0,,1.0,1.0,cluster_tissue__C2__spleen,spleen,C2,condition,original,T2_up,BP,1.0
GO:0001910,regulation of leukocyte mediated cytotoxicity,7862,62,0,0,0.0,0.0,,1.0,1.0,cluster_tissue__C2__spleen,spleen,C2,condition,original,T2_up,BP,1.0
GO:0031343,positive regulation of cell killing,7862,50,0,0,0.0,0.0,,1.0,1.0,cluster_tissue__C2__spleen,spleen,C2,condition,original,T2_up,BP,1.0
GO:0042269,regulation of natural killer cell mediated cytotoxicity,7862,37,0,0,0.0,0.0,,1.0,1.0,cluster_tissue__C2__spleen,spleen,C2,condition,original,T2_up,BP,1.0
GO:0045954,positive regulation of natural killer cell mediated cytotoxicity,7862,25,0,0,0.0,0.0,,1.0,1.0,cluster_tissue__C2__spleen,spleen,C2,condition,original,T2_up,BP,1.0
GO:0001906,cell killing,7862,57,0,0,0.0,0.0,,1.0,1.0,cluster_tissue__C2__spleen,spleen,C2,condition,original,T2_up,BP,1.0
GO:0016079,synaptic vesicle exocytosis,7862,21,0,0,0.0,0.0,,1.0,1.0,cluster_tissue__C2__spleen,spleen,C2,condition,original,T2_up,BP,1.0
GO:0001914,regulation of T cell mediated cytotoxicity,7862,27,0,0,0.0,0.0,,1.0,1.0,cluster_tissue__C2__spleen,spleen,C2,condition,original,T2_up,BP,1.0
GO:0001916,positive regulation of T cell mediated cytotoxicity,7862,22,0,0,0.0,0.0,,1.0,1.0,cluster_tissue__C2__spleen,spleen,C2,condition,original,T2_up,BP,1.0
GO:0002707,negative regulation of lymphocyte mediated immunity,7862,38,0,0,0.0,0.0,,1.0,1.0,cluster_tissue__C2__spleen,spleen,C2,condition,original,T2_up,BP,1.0
GO:0042267,natural killer cell mediated cytotoxicity,7862,26,0,0,0.0,0.0,,1.0,1.0,cluster_tissue__C2__spleen,spleen,C2,condition,original,T2_up,BP,1.0
GO:0001909,leukocyte mediated cytotoxicity,7862,38,0,0,0.0,0.0,,1.0,1.0,cluster_tissue__C2__spleen,spleen,C2,condition,original,T2_up,BP,1.0
GO:0001913,T cell mediated cytotoxicity,7862,12,0,0,0.0,0.0,,1.0,1.0,cluster_tissue__C2__spleen,spleen,C2,condition,original,T2_up,BP,1.0
GO:0045953,negative regulation of natural killer cell mediated cytotoxicity,7862,14,0,0,0.0,0.0,,1.0,1.0,cluster_tissue__C2__spleen,spleen,C2,condition,original,T2_up,BP,1.0
GO:0031342,negative regulation of cell killing,7862,20,0,0,0.0,0.0,,1.0,1.0,cluster_tissue__C2__spleen,spleen,C2,condition,original,T2_up,BP,1.0
GO:0001911,negative regulation of leukocyte mediated cytotoxicity,7862,18,0,0,0.0,0.0,,1.0,1.0,cluster_tissue__C2__spleen,spleen,C2,condition,original,T2_up,BP,1.0
GO:0001915,negative regulation of T cell mediated cytotoxicity,7862,5,0,0,0.0,0.0,,1.0,1.0,cluster_tissue__C2__spleen,spleen,C2,condition,original,T2_up,BP,1.0
GO:0017156,calcium-ion regulated exocytosis,7862,18,0,0,0.0,0.0,,1.0,1.0,cluster_tissue__C2__spleen,spleen,C2,condition,original,T2_up,BP,1.0
GO:0043316,cytotoxic T cell degranulation,7862,5,0,0,0.0,0.0,,1.0,1.0,cluster_tissue__C2__spleen,spleen,C2,condition,original,T2_up,BP,1.0
GO:0002858,regulation of natural killer cell mediated cytotoxicity directed against tumor cell target,7862,5,0,0,0.0,0.0,,1.0,1.0,cluster_tissue__C2__spleen,spleen,C2,condition,original,T2_up,BP,1.0
GO:0140507,granzyme-mediated programmed cell death signaling pathway,7862,10,0,0,0.0,0.0,,1.0,1.0,cluster_tissue__C2__spleen,spleen,C2,condition,original,T2_up,BP,1.0
GO:0045921,positive regulation of exocytosis,7862,47,0,0,0.0,0.0,,1.0,1.0,cluster_tissue__C2__spleen,spleen,C2,condition,original,Ctrl_up,BP,1.0
GO:0017158,regulation of calcium ion-dependent exocytosis,7862,19,0,0,0.0,0.0,,1.0,1.0,cluster_tissue__C2__spleen,spleen,C2,condition,original,Ctrl_up,BP,1.0
GO:0045956,positive regulation of calcium ion-dependent exocytosis,7862,5,0,0,0.0,0.0,,1.0,1.0,cluster_tissue__C2__spleen,spleen,C2,condition,original,Ctrl_up,BP,1.0
GO:0017157,regulation of exocytosis,7862,102,0,0,0.0,0.0,,1.0,1.0,cluster_tissue__C2__spleen,spleen,C2,condition,original,Ctrl_up,BP,1.0
GO:0045920,negative regulation of exocytosis,7862,23,0,0,0.0,0.0,,1.0,1.0,cluster_tissue__C2__spleen,spleen,C2,condition,original,Ctrl_up,BP,1.0
GO:1903233,regulation of calcium ion-dependent exocytosis of neurotransmitter,7862,7,0,0,0.0,0.0,,1.0,1.0,cluster_tissue__C2__spleen,spleen,C2,condition,original,Ctrl_up,BP,1.0
GO:2000301,negative regulation of synaptic vesicle exocytosis,7862,5,0,0,0.0,0.0,,1.0,1.0,cluster_tissue__C2__spleen,spleen,C2,condition,original,Ctrl_up,BP,1.0
GO:0045955,negative regulation of calcium ion-dependent exocytosis,7862,7,0,0,0.0,0.0,,1.0,1.0,cluster_tissue__C2__spleen,spleen,C2,condition,original,Ctrl_up,BP,1.0
GO:2000300,regulation of synaptic vesicle exocytosis,7862,31,0,0,0.0,0.0,,1.0,1.0,cluster_tissue__C2__spleen,spleen,C2,condition,original,Ctrl_up,BP,1.0
GO:0006887,exocytosis,7862,85,0,0,0.0,0.0,,1.0,1.0,cluster_tissue__C2__spleen,spleen,C2,condition,original,Ctrl_up,BP,1.0
GO:0045055,regulated exocytosis,7862,52,0,0,0.0,0.0,,1.0,1.0,cluster_tissue__C2__spleen,spleen,C2,condition,original,Ctrl_up,BP,1.0
GO:0002449,lymphocyte mediated immunity,7862,84,0,0,0.0,0.0,,1.0,1.0,cluster_tissue__C2__spleen,spleen,C2,condition,original,Ctrl_up,BP,1.0
GO:0002706,regulation of lymphocyte mediated immunity,7862,128,0,0,0.0,0.0,,1.0,1.0,cluster_tissue__C2__spleen,spleen,C2,condition,original,Ctrl_up,BP,1.0
GO:0002708,positive regulation of lymphocyte mediated immunity,7862,90,0,0,0.0,0.0,,1.0,1.0,cluster_tissue__C2__spleen,spleen,C2,condition,original,Ctrl_up,BP,1.0
GO:0001912,positive regulation of leukocyte mediated cytotoxicity,7862,47,0,0,0.0,0.0,,1.0,1.0,cluster_tissue__C2__spleen,spleen,C2,condition,original,Ctrl_up,BP,1.0
GO:0031341,regulation of cell killing,7862,68,0,0,0.0,0.0,,1.0,1.0,cluster_tissue__C2__spleen,spleen,C2,condition,original,Ctrl_up,BP,1.0
GO:0001910,regulation of leukocyte mediated cytotoxicity,7862,62,0,0,0.0,0.0,,1.0,1.0,cluster_tissue__C2__spleen,spleen,C2,condition,original,Ctrl_up,BP,1.0
GO:0031343,positive regulation of cell killing,7862,50,0,0,0.0,0.0,,1.0,1.0,cluster_tissue__C2__spleen,spleen,C2,condition,original,Ctrl_up,BP,1.0
GO:0042269,regulation of natural killer cell mediated cytotoxicity,7862,37,0,0,0.0,0.0,,1.0,1.0,cluster_tissue__C2__spleen,spleen,C2,condition,original,Ctrl_up,BP,1.0
GO:0045954,positive regulation of natural killer cell mediated cytotoxicity,7862,25,0,0,0.0,0.0,,1.0,1.0,cluster_tissue__C2__spleen,spleen,C2,condition,original,Ctrl_up,BP,1.0
GO:0001906,cell killing,7862,57,0,0,0.0,0.0,,1.0,1.0,cluster_tissue__C2__spleen,spleen,C2,condition,original,Ctrl_up,BP,1.0
GO:0016079,synaptic vesicle exocytosis,7862,21,0,0,0.0,0.0,,1.0,1.0,cluster_tissue__C2__spleen,spleen,C2,condition,original,Ctrl_up,BP,1.0
GO:0001914,regulation of T cell mediated cytotoxicity,7862,27,0,0,0.0,0.0,,1.0,1.0,cluster_tissue__C2__spleen,spleen,C2,condition,original,Ctrl_up,BP,1.0
GO:0001916,positive regulation of T cell mediated cytotoxicity,7862,22,0,0,0.0,0.0,,1.0,1.0,cluster_tissue__C2__spleen,spleen,C2,condition,original,Ctrl_up,BP,1.0
GO:0002707,negative regulation of lymphocyte mediated immunity,7862,38,0,0,0.0,0.0,,1.0,1.0,cluster_tissue__C2__spleen,spleen,C2,condition,original,Ctrl_up,BP,1.0
GO:0042267,natural killer cell mediated cytotoxicity,7862,26,0,0,0.0,0.0,,1.0,1.0,cluster_tissue__C2__spleen,spleen,C2,condition,original,Ctrl_up,BP,1.0
GO:0001909,leukocyte mediated cytotoxicity,7862,38,0,0,0.0,0.0,,1.0,1.0,cluster_tissue__C2__spleen,spleen,C2,condition,original,Ctrl_up,BP,1.0
GO:0001913,T cell mediated cytotoxicity,7862,12,0,0,0.0,0.0,,1.0,1.0,cluster_tissue__C2__spleen,spleen,C2,condition,original,Ctrl_up,BP,1.0
GO:0045953,negative regulation of natural killer cell mediated cytotoxicity,7862,14,0,0,0.0,0.0,,1.0,1.0,cluster_tissue__C2__spleen,spleen,C2,condition,original,Ctrl_up,BP,1.0
GO:0031342,negative regulation of cell killing,7862,20,0,0,0.0,0.0,,1.0,1.0,cluster_tissue__C2__spleen,spleen,C2,condition,original,Ctrl_up,BP,1.0
GO:0001911,negative regulation of leukocyte mediated cytotoxicity,7862,18,0,0,0.0,0.0,,1.0,1.0,cluster_tissue__C2__spleen,spleen,C2,condition,original,Ctrl_up,BP,1.0
GO:0001915,negative regulation of T cell mediated cytotoxicity,7862,5,0,0,0.0,0.0,,1.0,1.0,cluster_tissue__C2__spleen,spleen,C2,condition,original,Ctrl_up,BP,1.0
GO:0017156,calcium-ion regulated exocytosis,7862,18,0,0,0.0,0.0,,1.0,1.0,cluster_tissue__C2__spleen,spleen,C2,condition,original,Ctrl_up,BP,1.0
GO:0043316,cytotoxic T cell degranulation,7862,5,0,0,0.0,0.0,,1.0,1.0,cluster_tissue__C2__spleen,spleen,C2,condition,original,Ctrl_up,BP,1.0
GO:0002858,regulation of natural killer cell mediated cytotoxicity directed against tumor cell target,7862,5,0,0,0.0,0.0,,1.0,1.0,cluster_tissue__C2__spleen,spleen,C2,condition,original,Ctrl_up,BP,1.0
GO:0140507,granzyme-mediated programmed cell death signaling pathway,7862,10,0,0,0.0,0.0,,1.0,1.0,cluster_tissue__C2__spleen,spleen,C2,condition,original,Ctrl_up,BP,1.0
GO:0045921,positive regulation of exocytosis,9145,56,201,0,0.0,0.0,,1.0,1.0,cluster_tissue__C3__spleen,spleen,C3,condition,original,T2_up,BP,1.0
GO:0017158,regulation of calcium ion-dependent exocytosis,9145,23,201,0,0.0,0.0,,1.0,1.0,cluster_tissue__C3__spleen,spleen,C3,condition,original,T2_up,BP,1.0
GO:0045956,positive regulation of calcium ion-dependent exocytosis,9145,7,201,0,0.0,0.0,,1.0,1.0,cluster_tissue__C3__spleen,spleen,C3,condition,original,T2_up,BP,1.0
GO:0017157,regulation of exocytosis,9145,121,201,0,0.0,0.0,,1.0,1.0,cluster_tissue__C3__spleen,spleen,C3,condition,original,T2_up,BP,1.0
GO:0045920,negative regulation of exocytosis,9145,26,201,0,0.0,0.0,,1.0,1.0,cluster_tissue__C3__spleen,spleen,C3,condition,original,T2_up,BP,1.0
GO:1903233,regulation of calcium ion-dependent exocytosis of neurotransmitter,9145,7,201,0,0.0,0.0,,1.0,1.0,cluster_tissue__C3__spleen,spleen,C3,condition,original,T2_up,BP,1.0
GO:2000301,negative regulation of synaptic vesicle exocytosis,9145,5,201,0,0.0,0.0,,1.0,1.0,cluster_tissue__C3__spleen,spleen,C3,condition,original,T2_up,BP,1.0
GO:0045955,negative regulation of calcium ion-dependent exocytosis,9145,8,201,0,0.0,0.0,,1.0,1.0,cluster_tissue__C3__spleen,spleen,C3,condition,original,T2_up,BP,1.0
GO:2000300,regulation of synaptic vesicle exocytosis,9145,34,201,0,0.0,0.0,,1.0,1.0,cluster_tissue__C3__spleen,spleen,C3,condition,original,T2_up,BP,1.0
GO:0006887,exocytosis,9145,102,201,1,0.0049751243781094,0.4460540435079504,Rab11fip2,0.8976788617395963,1.0,cluster_tissue__C3__spleen,spleen,C3,condition,original,T2_up,BP,1.0
GO:0045055,regulated exocytosis,9145,62,201,1,0.0049751243781094,0.7338308457711442,Rab11fip2,0.7490693885592304,1.0,cluster_tissue__C3__spleen,spleen,C3,condition,original,T2_up,BP,1.0
GO:0002449,lymphocyte mediated immunity,9145,94,201,3,0.0149253731343283,1.4520482692918386,Cd40lg;Hcst;Iglc2,0.3414431076185498,1.0,cluster_tissue__C3__spleen,spleen,C3,condition,original,T2_up,BP,1.0
GO:0002706,regulation of lymphocyte mediated immunity,9145,148,201,3,0.0149253731343283,0.922246873739411,Cd96;Klrb1c;Xcl1,0.6359561239080936,1.0,cluster_tissue__C3__spleen,spleen,C3,condition,original,T2_up,BP,1.0
GO:0002708,positive regulation of lymphocyte mediated immunity,9145,102,201,2,0.0099502487562189,0.8921080870159008,Klrb1c;Xcl1,0.6604530360452847,1.0,cluster_tissue__C3__spleen,spleen,C3,condition,original,T2_up,BP,1.0
GO:0001912,positive regulation of leukocyte mediated cytotoxicity,9145,53,201,2,0.0099502487562189,1.7168872618041866,Klrb1c;Xcl1,0.3254593658280192,1.0,cluster_tissue__C3__spleen,spleen,C3,condition,original,T2_up,BP,1.0
GO:0031341,regulation of cell killing,9145,77,201,2,0.0099502487562189,1.1817535698132713,Klrb1c;Xcl1,0.5076818769271729,1.0,cluster_tissue__C3__spleen,spleen,C3,condition,original,T2_up,BP,1.0
GO:0001910,regulation of leukocyte mediated cytotoxicity,9145,70,201,2,0.0099502487562189,1.2999289267945984,Klrb1c;Xcl1,0.4576312375129931,1.0,cluster_tissue__C3__spleen,spleen,C3,condition,original,T2_up,BP,1.0
GO:0031343,positive regulation of cell killing,9145,56,201,2,0.0099502487562189,1.624911158493248,Klrb1c;Xcl1,0.3496358842814712,1.0,cluster_tissue__C3__spleen,spleen,C3,condition,original,T2_up,BP,1.0
GO:0042269,regulation of natural killer cell mediated cytotoxicity,9145,40,201,1,0.0049751243781094,1.1374378109452736,Klrb1c,0.5897124443177593,1.0,cluster_tissue__C3__spleen,spleen,C3,condition,original,T2_up,BP,1.0
GO:0045954,positive regulation of natural killer cell mediated cytotoxicity,9145,26,201,1,0.0049751243781094,1.74990432453119,Klrb1c,0.4393361042784179,1.0,cluster_tissue__C3__spleen,spleen,C3,condition,original,T2_up,BP,1.0
GO:0001906,cell killing,9145,66,201,4,0.0199004975124378,2.757424996230966,Hcst;Hmgn2;Romo1;Rpl30,0.0568737700708022,1.0,cluster_tissue__C3__spleen,spleen,C3,condition,original,T2_up,BP,1.0
GO:0016079,synaptic vesicle exocytosis,9145,25,201,0,0.0,0.0,,1.0,1.0,cluster_tissue__C3__spleen,spleen,C3,condition,original,T2_up,BP,1.0
GO:0001914,regulation of T cell mediated cytotoxicity,9145,29,201,1,0.0049751243781094,1.56887973923486,Xcl1,0.4756030869939507,1.0,cluster_tissue__C3__spleen,spleen,C3,condition,original,T2_up,BP,1.0
GO:0001916,positive regulation of T cell mediated cytotoxicity,9145,24,201,1,0.0049751243781094,1.8957296849087888,Xcl1,0.4137823824606544,1.0,cluster_tissue__C3__spleen,spleen,C3,condition,original,T2_up,BP,1.0
GO:0002707,negative regulation of lymphocyte mediated immunity,9145,44,201,1,0.0049751243781094,1.0340343735866124,Cd96,0.6247655642491673,1.0,cluster_tissue__C3__spleen,spleen,C3,condition,original,T2_up,BP,1.0
GO:0042267,natural killer cell mediated cytotoxicity,9145,29,201,1,0.0049751243781094,1.56887973923486,Hcst,0.4756030869939507,1.0,cluster_tissue__C3__spleen,spleen,C3,condition,original,T2_up,BP,1.0
GO:0001909,leukocyte mediated cytotoxicity,9145,43,201,1,0.0049751243781094,1.0580816846002543,Hcst,0.6162921206376724,1.0,cluster_tissue__C3__spleen,spleen,C3,condition,original,T2_up,BP,1.0
GO:0001913,T cell mediated cytotoxicity,9145,13,201,0,0.0,0.0,,1.0,1.0,cluster_tissue__C3__spleen,spleen,C3,condition,original,T2_up,BP,1.0
GO:0045953,negative regulation of natural killer cell mediated cytotoxicity,9145,16,201,0,0.0,0.0,,1.0,1.0,cluster_tissue__C3__spleen,spleen,C3,condition,original,T2_up,BP,1.0
GO:0031342,negative regulation of cell killing,9145,22,201,0,0.0,0.0,,1.0,1.0,cluster_tissue__C3__spleen,spleen,C3,condition,original,T2_up,BP,1.0
GO:0001911,negative regulation of leukocyte mediated cytotoxicity,9145,20,201,0,0.0,0.0,,1.0,1.0,cluster_tissue__C3__spleen,spleen,C3,condition,original,T2_up,BP,1.0
GO:0001915,negative regulation of T cell mediated cytotoxicity,9145,5,201,0,0.0,0.0,,1.0,1.0,cluster_tissue__C3__spleen,spleen,C3,condition,original,T2_up,BP,1.0
GO:0017156,calcium-ion regulated exocytosis,9145,18,201,0,0.0,0.0,,1.0,1.0,cluster_tissue__C3__spleen,spleen,C3,condition,original,T2_up,BP,1.0
GO:0043316,cytotoxic T cell degranulation,9145,5,201,0,0.0,0.0,,1.0,1.0,cluster_tissue__C3__spleen,spleen,C3,condition,original,T2_up,BP,1.0
GO:0002858,regulation of natural killer cell mediated cytotoxicity directed against tumor cell target,9145,5,201,0,0.0,0.0,,1.0,1.0,cluster_tissue__C3__spleen,spleen,C3,condition,original,T2_up,BP,1.0
GO:0140507,granzyme-mediated programmed cell death signaling pathway,9145,10,201,0,0.0,0.0,,1.0,1.0,cluster_tissue__C3__spleen,spleen,C3,condition,original,T2_up,BP,1.0
GO:0045921,positive regulation of exocytosis,9145,56,420,1,0.0023809523809523,0.3888180272108843,Ap1g1,0.9287078874163672,1.0,cluster_tissue__C3__spleen,spleen,C3,condition,original,Ctrl_up,BP,1.0
GO:0017158,regulation of calcium ion-dependent exocytosis,9145,23,420,0,0.0,0.0,,1.0,1.0,cluster_tissue__C3__spleen,spleen,C3,condition,original,Ctrl_up,BP,1.0
GO:0045956,positive regulation of calcium ion-dependent exocytosis,9145,7,420,0,0.0,0.0,,1.0,1.0,cluster_tissue__C3__spleen,spleen,C3,condition,original,Ctrl_up,BP,1.0
GO:0017157,regulation of exocytosis,9145,121,420,1,0.0023809523809523,0.1799488390397481,Ap1g1,0.9967443229283868,1.0,cluster_tissue__C3__spleen,spleen,C3,condition,original,Ctrl_up,BP,1.0
GO:0045920,negative regulation of exocytosis,9145,26,420,0,0.0,0.0,,1.0,1.0,cluster_tissue__C3__spleen,spleen,C3,condition,original,Ctrl_up,BP,1.0
GO:1903233,regulation of calcium ion-dependent exocytosis of neurotransmitter,9145,7,420,0,0.0,0.0,,1.0,1.0,cluster_tissue__C3__spleen,spleen,C3,condition,original,Ctrl_up,BP,1.0
GO:2000301,negative regulation of synaptic vesicle exocytosis,9145,5,420,0,0.0,0.0,,1.0,1.0,cluster_tissue__C3__spleen,spleen,C3,condition,original,Ctrl_up,BP,1.0
GO:0045955,negative regulation of calcium ion-dependent exocytosis,9145,8,420,0,0.0,0.0,,1.0,1.0,cluster_tissue__C3__spleen,spleen,C3,condition,original,Ctrl_up,BP,1.0
GO:2000300,regulation of synaptic vesicle exocytosis,9145,34,420,0,0.0,0.0,,1.0,1.0,cluster_tissue__C3__spleen,spleen,C3,condition,original,Ctrl_up,BP,1.0
GO:0006887,exocytosis,9145,102,420,3,0.0071428571428571,0.640406162464986,Kctd9;Orai1;Rab10,0.8539676344220978,1.0,cluster_tissue__C3__spleen,spleen,C3,condition,original,Ctrl_up,BP,1.0
GO:0045055,regulated exocytosis,9145,62,420,3,0.0071428571428571,1.0535714285714286,Kctd9;Orai1;Rab10,0.5471277005681212,1.0,cluster_tissue__C3__spleen,spleen,C3,condition,original,Ctrl_up,BP,1.0
GO:0002449,lymphocyte mediated immunity,9145,94,420,4,0.0095238095238095,0.926545086119554,Hspd1;Kctd9;Prf1;Rnf168,0.6326627670015675,1.0,cluster_tissue__C3__spleen,spleen,C3,condition,original,Ctrl_up,BP,1.0
GO:0002706,regulation of lymphocyte mediated immunity,9145,148,420,7,0.0166666666666666,1.0298423423423424,Ap1g1;Cd7;Hspa8;Hspd1;Traf2;Ywhag;Zbtb1,0.5234814317507701,1.0,cluster_tissue__C3__spleen,spleen,C3,condition,original,Ctrl_up,BP,1.0
GO:0002708,positive regulation of lymphocyte mediated immunity,9145,102,420,7,0.0166666666666666,1.494281045751634,Ap1g1;Cd7;Hspa8;Hspd1;Traf2;Ywhag;Zbtb1,0.1879855251653546,1.0,cluster_tissue__C3__spleen,spleen,C3,condition,original,Ctrl_up,BP,1.0
GO:0001912,positive regulation of leukocyte mediated cytotoxicity,9145,53,420,2,0.0047619047619047,0.8216531895777179,Ap1g1;Hspa8,0.7069635836180763,1.0,cluster_tissue__C3__spleen,spleen,C3,condition,original,Ctrl_up,BP,1.0
GO:0031341,regulation of cell killing,9145,77,420,4,0.0095238095238095,1.1311069882498457,Ap1g1;Hsp90ab1;Hspa8;Prf1,0.474348972582436,1.0,cluster_tissue__C3__spleen,spleen,C3,condition,original,Ctrl_up,BP,1.0
GO:0001910,regulation of leukocyte mediated cytotoxicity,9145,70,420,2,0.0047619047619047,0.622108843537415,Ap1g1;Hspa8,0.8384611113839404,1.0,cluster_tissue__C3__spleen,spleen,C3,condition,original,Ctrl_up,BP,1.0
GO:0031343,positive regulation of cell killing,9145,56,420,3,0.0071428571428571,1.166454081632653,Ap1g1;Hspa8;Prf1,0.4783040140434648,1.0,cluster_tissue__C3__spleen,spleen,C3,condition,original,Ctrl_up,BP,1.0
GO:0042269,regulation of natural killer cell mediated cytotoxicity,9145,40,420,1,0.0023809523809523,0.544345238095238,Ap1g1,0.8481269749837497,1.0,cluster_tissue__C3__spleen,spleen,C3,condition,original,Ctrl_up,BP,1.0
GO:0045954,positive regulation of natural killer cell mediated cytotoxicity,9145,26,420,1,0.0023809523809523,0.8374542124542125,Ap1g1,0.7059775515590198,1.0,cluster_tissue__C3__spleen,spleen,C3,condition,original,Ctrl_up,BP,1.0
GO:0001906,cell killing,9145,66,420,2,0.0047619047619047,0.6598124098124097,Kctd9;Prf1,0.8134432215927601,1.0,cluster_tissue__C3__spleen,spleen,C3,condition,original,Ctrl_up,BP,1.0
GO:0016079,synaptic vesicle exocytosis,9145,25,420,0,0.0,0.0,,1.0,1.0,cluster_tissue__C3__spleen,spleen,C3,condition,original,Ctrl_up,BP,1.0
GO:0001914,regulation of T cell mediated cytotoxicity,9145,29,420,1,0.0023809523809523,0.7508210180623973,Hspa8,0.7447651719706718,1.0,cluster_tissue__C3__spleen,spleen,C3,condition,original,Ctrl_up,BP,1.0
GO:0001916,positive regulation of T cell mediated cytotoxicity,9145,24,420,1,0.0023809523809523,0.9072420634920634,Hspa8,0.6769056506870099,1.0,cluster_tissue__C3__spleen,spleen,C3,condition,original,Ctrl_up,BP,1.0
GO:0002707,negative regulation of lymphocyte mediated immunity,9145,44,420,1,0.0023809523809523,0.4948593073593074,Ywhag,0.8742736549958231,1.0,cluster_tissue__C3__spleen,spleen,C3,condition,original,Ctrl_up,BP,1.0
GO:0042267,natural killer cell mediated cytotoxicity,9145,29,420,1,0.0023809523809523,0.7508210180623973,Kctd9,0.7447651719706718,1.0,cluster_tissue__C3__spleen,spleen,C3,condition,original,Ctrl_up,BP,1.0
GO:0001909,leukocyte mediated cytotoxicity,9145,43,420,2,0.0047619047619047,1.012735326688815,Kctd9;Prf1,0.5940396078838249,1.0,cluster_tissue__C3__spleen,spleen,C3,condition,original,Ctrl_up,BP,1.0
GO:0001913,T cell mediated cytotoxicity,9145,13,420,1,0.0023809523809523,1.674908424908425,Prf1,0.4575197172954956,1.0,cluster_tissue__C3__spleen,spleen,C3,condition,original,Ctrl_up,BP,1.0
GO:0045953,negative regulation of natural killer cell mediated cytotoxicity,9145,16,420,0,0.0,0.0,,1.0,1.0,cluster_tissue__C3__spleen,spleen,C3,condition,original,Ctrl_up,BP,1.0
GO:0031342,negative regulation of cell killing,9145,22,420,1,0.0023809523809523,0.9897186147186148,Hsp90ab1,0.6449667378611372,1.0,cluster_tissue__C3__spleen,spleen,C3,condition,original,Ctrl_up,BP,1.0
GO:0001911,negative regulation of leukocyte mediated cytotoxicity,9145,20,420,0,0.0,0.0,,1.0,1.0,cluster_tissue__C3__spleen,spleen,C3,condition,original,Ctrl_up,BP,1.0
GO:0001915,negative regulation of T cell mediated cytotoxicity,9145,5,420,0,0.0,0.0,,1.0,1.0,cluster_tissue__C3__spleen,spleen,C3,condition,original,Ctrl_up,BP,1.0
GO:0017156,calcium-ion regulated exocytosis,9145,18,420,1,0.0023809523809523,1.2096560846560849,Orai1,0.5713322193374363,1.0,cluster_tissue__C3__spleen,spleen,C3,condition,original,Ctrl_up,BP,1.0
GO:0043316,cytotoxic T cell degranulation,9145,5,420,0,0.0,0.0,,1.0,1.0,cluster_tissue__C3__spleen,spleen,C3,condition,original,Ctrl_up,BP,1.0
GO:0002858,regulation of natural killer cell mediated cytotoxicity directed against tumor cell target,9145,5,420,0,0.0,0.0,,1.0,1.0,cluster_tissue__C3__spleen,spleen,C3,condition,original,Ctrl_up,BP,1.0
GO:0140507,granzyme-mediated programmed cell death signaling pathway,9145,10,420,1,0.0023809523809523,2.177380952380952,Prf1,0.3752384219133681,1.0,cluster_tissue__C3__spleen,spleen,C3,condition,original,Ctrl_up,BP,1.0
GO:0045921,positive regulation of exocytosis,9005,53,30,0,0.0,0.0,,1.0,1.0,cluster_tissue__C4__spleen,spleen,C4,condition,original,T2_up,BP,1.0
GO:0017158,regulation of calcium ion-dependent exocytosis,9005,23,30,0,0.0,0.0,,1.0,1.0,cluster_tissue__C4__spleen,spleen,C4,condition,original,T2_up,BP,1.0
GO:0045956,positive regulation of calcium ion-dependent exocytosis,9005,7,30,0,0.0,0.0,,1.0,1.0,cluster_tissue__C4__spleen,spleen,C4,condition,original,T2_up,BP,1.0
GO:0017157,regulation of exocytosis,9005,117,30,0,0.0,0.0,,1.0,1.0,cluster_tissue__C4__spleen,spleen,C4,condition,original,T2_up,BP,1.0
GO:0045920,negative regulation of exocytosis,9005,25,30,0,0.0,0.0,,1.0,1.0,cluster_tissue__C4__spleen,spleen,C4,condition,original,T2_up,BP,1.0
GO:1903233,regulation of calcium ion-dependent exocytosis of neurotransmitter,9005,7,30,0,0.0,0.0,,1.0,1.0,cluster_tissue__C4__spleen,spleen,C4,condition,original,T2_up,BP,1.0
GO:2000301,negative regulation of synaptic vesicle exocytosis,9005,5,30,0,0.0,0.0,,1.0,1.0,cluster_tissue__C4__spleen,spleen,C4,condition,original,T2_up,BP,1.0
GO:0045955,negative regulation of calcium ion-dependent exocytosis,9005,8,30,0,0.0,0.0,,1.0,1.0,cluster_tissue__C4__spleen,spleen,C4,condition,original,T2_up,BP,1.0
GO:2000300,regulation of synaptic vesicle exocytosis,9005,33,30,0,0.0,0.0,,1.0,1.0,cluster_tissue__C4__spleen,spleen,C4,condition,original,T2_up,BP,1.0
GO:0006887,exocytosis,9005,102,30,0,0.0,0.0,,1.0,1.0,cluster_tissue__C4__spleen,spleen,C4,condition,original,T2_up,BP,1.0
GO:0045055,regulated exocytosis,9005,62,30,0,0.0,0.0,,1.0,1.0,cluster_tissue__C4__spleen,spleen,C4,condition,original,T2_up,BP,1.0
GO:0002449,lymphocyte mediated immunity,9005,94,30,0,0.0,0.0,,1.0,1.0,cluster_tissue__C4__spleen,spleen,C4,condition,original,T2_up,BP,1.0
GO:0002706,regulation of lymphocyte mediated immunity,9005,146,30,0,0.0,0.0,,1.0,1.0,cluster_tissue__C4__spleen,spleen,C4,condition,original,T2_up,BP,1.0
GO:0002708,positive regulation of lymphocyte mediated immunity,9005,101,30,0,0.0,0.0,,1.0,1.0,cluster_tissue__C4__spleen,spleen,C4,condition,original,T2_up,BP,1.0
GO:0001912,positive regulation of leukocyte mediated cytotoxicity,9005,52,30,0,0.0,0.0,,1.0,1.0,cluster_tissue__C4__spleen,spleen,C4,condition,original,T2_up,BP,1.0
GO:0031341,regulation of cell killing,9005,76,30,0,0.0,0.0,,1.0,1.0,cluster_tissue__C4__spleen,spleen,C4,condition,original,T2_up,BP,1.0
GO:0001910,regulation of leukocyte mediated cytotoxicity,9005,69,30,0,0.0,0.0,,1.0,1.0,cluster_tissue__C4__spleen,spleen,C4,condition,original,T2_up,BP,1.0
GO:0031343,positive regulation of cell killing,9005,55,30,0,0.0,0.0,,1.0,1.0,cluster_tissue__C4__spleen,spleen,C4,condition,original,T2_up,BP,1.0
GO:0042269,regulation of natural killer cell mediated cytotoxicity,9005,40,30,0,0.0,0.0,,1.0,1.0,cluster_tissue__C4__spleen,spleen,C4,condition,original,T2_up,BP,1.0
GO:0045954,positive regulation of natural killer cell mediated cytotoxicity,9005,26,30,0,0.0,0.0,,1.0,1.0,cluster_tissue__C4__spleen,spleen,C4,condition,original,T2_up,BP,1.0
GO:0001906,cell killing,9005,65,30,1,0.0333333333333333,4.6179487179487175,Rps19,0.1956201545291806,1.0,cluster_tissue__C4__spleen,spleen,C4,condition,original,T2_up,BP,1.0
GO:0016079,synaptic vesicle exocytosis,9005,25,30,0,0.0,0.0,,1.0,1.0,cluster_tissue__C4__spleen,spleen,C4,condition,original,T2_up,BP,1.0
GO:0001914,regulation of T cell mediated cytotoxicity,9005,29,30,0,0.0,0.0,,1.0,1.0,cluster_tissue__C4__spleen,spleen,C4,condition,original,T2_up,BP,1.0
GO:0001916,positive regulation of T cell mediated cytotoxicity,9005,24,30,0,0.0,0.0,,1.0,1.0,cluster_tissue__C4__spleen,spleen,C4,condition,original,T2_up,BP,1.0
GO:0002707,negative regulation of lymphocyte mediated immunity,9005,43,30,0,0.0,0.0,,1.0,1.0,cluster_tissue__C4__spleen,spleen,C4,condition,original,T2_up,BP,1.0
GO:0042267,natural killer cell mediated cytotoxicity,9005,29,30,0,0.0,0.0,,1.0,1.0,cluster_tissue__C4__spleen,spleen,C4,condition,original,T2_up,BP,1.0
GO:0001909,leukocyte mediated cytotoxicity,9005,42,30,0,0.0,0.0,,1.0,1.0,cluster_tissue__C4__spleen,spleen,C4,condition,original,T2_up,BP,1.0
GO:0001913,T cell mediated cytotoxicity,9005,13,30,0,0.0,0.0,,1.0,1.0,cluster_tissue__C4__spleen,spleen,C4,condition,original,T2_up,BP,1.0
GO:0045953,negative regulation of natural killer cell mediated cytotoxicity,9005,16,30,0,0.0,0.0,,1.0,1.0,cluster_tissue__C4__spleen,spleen,C4,condition,original,T2_up,BP,1.0
GO:0031342,negative regulation of cell killing,9005,22,30,0,0.0,0.0,,1.0,1.0,cluster_tissue__C4__spleen,spleen,C4,condition,original,T2_up,BP,1.0
GO:0001911,negative regulation of leukocyte mediated cytotoxicity,9005,20,30,0,0.0,0.0,,1.0,1.0,cluster_tissue__C4__spleen,spleen,C4,condition,original,T2_up,BP,1.0
GO:0001915,negative regulation of T cell mediated cytotoxicity,9005,5,30,0,0.0,0.0,,1.0,1.0,cluster_tissue__C4__spleen,spleen,C4,condition,original,T2_up,BP,1.0
GO:0017156,calcium-ion regulated exocytosis,9005,18,30,0,0.0,0.0,,1.0,1.0,cluster_tissue__C4__spleen,spleen,C4,condition,original,T2_up,BP,1.0
GO:0043316,cytotoxic T cell degranulation,9005,5,30,0,0.0,0.0,,1.0,1.0,cluster_tissue__C4__spleen,spleen,C4,condition,original,T2_up,BP,1.0
GO:0002858,regulation of natural killer cell mediated cytotoxicity directed against tumor cell target,9005,5,30,0,0.0,0.0,,1.0,1.0,cluster_tissue__C4__spleen,spleen,C4,condition,original,T2_up,BP,1.0
GO:0140507,granzyme-mediated programmed cell death signaling pathway,9005,10,30,0,0.0,0.0,,1.0,1.0,cluster_tissue__C4__spleen,spleen,C4,condition,original,T2_up,BP,1.0
GO:0045921,positive regulation of exocytosis,9005,53,12,0,0.0,0.0,,1.0,1.0,cluster_tissue__C4__spleen,spleen,C4,condition,original,Ctrl_up,BP,1.0
GO:0017158,regulation of calcium ion-dependent exocytosis,9005,23,12,0,0.0,0.0,,1.0,1.0,cluster_tissue__C4__spleen,spleen,C4,condition,original,Ctrl_up,BP,1.0
GO:0045956,positive regulation of calcium ion-dependent exocytosis,9005,7,12,0,0.0,0.0,,1.0,1.0,cluster_tissue__C4__spleen,spleen,C4,condition,original,Ctrl_up,BP,1.0
GO:0017157,regulation of exocytosis,9005,117,12,0,0.0,0.0,,1.0,1.0,cluster_tissue__C4__spleen,spleen,C4,condition,original,Ctrl_up,BP,1.0
GO:0045920,negative regulation of exocytosis,9005,25,12,0,0.0,0.0,,1.0,1.0,cluster_tissue__C4__spleen,spleen,C4,condition,original,Ctrl_up,BP,1.0
GO:1903233,regulation of calcium ion-dependent exocytosis of neurotransmitter,9005,7,12,0,0.0,0.0,,1.0,1.0,cluster_tissue__C4__spleen,spleen,C4,condition,original,Ctrl_up,BP,1.0
GO:2000301,negative regulation of synaptic vesicle exocytosis,9005,5,12,0,0.0,0.0,,1.0,1.0,cluster_tissue__C4__spleen,spleen,C4,condition,original,Ctrl_up,BP,1.0
GO:0045955,negative regulation of calcium ion-dependent exocytosis,9005,8,12,0,0.0,0.0,,1.0,1.0,cluster_tissue__C4__spleen,spleen,C4,condition,original,Ctrl_up,BP,1.0
GO:2000300,regulation of synaptic vesicle exocytosis,9005,33,12,0,0.0,0.0,,1.0,1.0,cluster_tissue__C4__spleen,spleen,C4,condition,original,Ctrl_up,BP,1.0
GO:0006887,exocytosis,9005,102,12,0,0.0,0.0,,1.0,1.0,cluster_tissue__C4__spleen,spleen,C4,condition,original,Ctrl_up,BP,1.0
GO:0045055,regulated exocytosis,9005,62,12,0,0.0,0.0,,1.0,1.0,cluster_tissue__C4__spleen,spleen,C4,condition,original,Ctrl_up,BP,1.0
GO:0002449,lymphocyte mediated immunity,9005,94,12,0,0.0,0.0,,1.0,1.0,cluster_tissue__C4__spleen,spleen,C4,condition,original,Ctrl_up,BP,1.0
GO:0002706,regulation of lymphocyte mediated immunity,9005,146,12,1,0.0833333333333333,5.139840182648402,Hspa8,0.1782129160491925,1.0,cluster_tissue__C4__spleen,spleen,C4,condition,original,Ctrl_up,BP,1.0
GO:0002708,positive regulation of lymphocyte mediated immunity,9005,101,12,1,0.0833333333333333,7.429867986798679,Hspa8,0.1266645825527242,1.0,cluster_tissue__C4__spleen,spleen,C4,condition,original,Ctrl_up,BP,1.0
GO:0001912,positive regulation of leukocyte mediated cytotoxicity,9005,52,12,1,0.0833333333333333,14.431089743589745,Hspa8,0.0671755844402672,1.0,cluster_tissue__C4__spleen,spleen,C4,condition,original,Ctrl_up,BP,1.0
GO:0031341,regulation of cell killing,9005,76,12,1,0.0833333333333333,9.87390350877193,Hspa8,0.0967620973528908,1.0,cluster_tissue__C4__spleen,spleen,C4,condition,original,Ctrl_up,BP,1.0
GO:0001910,regulation of leukocyte mediated cytotoxicity,9005,69,12,1,0.0833333333333333,10.8756038647343,Hspa8,0.0882228247961298,1.0,cluster_tissue__C4__spleen,spleen,C4,condition,original,Ctrl_up,BP,1.0
GO:0031343,positive regulation of cell killing,9005,55,12,1,0.0833333333333333,13.643939393939393,Hspa8,0.070921862780051,1.0,cluster_tissue__C4__spleen,spleen,C4,condition,original,Ctrl_up,BP,1.0
GO:0042269,regulation of natural killer cell mediated cytotoxicity,9005,40,12,0,0.0,0.0,,1.0,1.0,cluster_tissue__C4__spleen,spleen,C4,condition,original,Ctrl_up,BP,1.0
GO:0045954,positive regulation of natural killer cell mediated cytotoxicity,9005,26,12,0,0.0,0.0,,1.0,1.0,cluster_tissue__C4__spleen,spleen,C4,condition,original,Ctrl_up,BP,1.0
GO:0001906,cell killing,9005,65,12,0,0.0,0.0,,1.0,1.0,cluster_tissue__C4__spleen,spleen,C4,condition,original,Ctrl_up,BP,1.0
GO:0016079,synaptic vesicle exocytosis,9005,25,12,0,0.0,0.0,,1.0,1.0,cluster_tissue__C4__spleen,spleen,C4,condition,original,Ctrl_up,BP,1.0
GO:0001914,regulation of T cell mediated cytotoxicity,9005,29,12,1,0.0833333333333333,25.8764367816092,Hspa8,0.0379907933484034,1.0,cluster_tissue__C4__spleen,spleen,C4,condition,original,Ctrl_up,BP,1.0
GO:0001916,positive regulation of T cell mediated cytotoxicity,9005,24,12,1,0.0833333333333333,31.267361111111114,Hspa8,0.0315365445862004,1.0,cluster_tissue__C4__spleen,spleen,C4,condition,original,Ctrl_up,BP,1.0
GO:0002707,negative regulation of lymphocyte mediated immunity,9005,43,12,0,0.0,0.0,,1.0,1.0,cluster_tissue__C4__spleen,spleen,C4,condition,original,Ctrl_up,BP,1.0
GO:0042267,natural killer cell mediated cytotoxicity,9005,29,12,0,0.0,0.0,,1.0,1.0,cluster_tissue__C4__spleen,spleen,C4,condition,original,Ctrl_up,BP,1.0
GO:0001909,leukocyte mediated cytotoxicity,9005,42,12,0,0.0,0.0,,1.0,1.0,cluster_tissue__C4__spleen,spleen,C4,condition,original,Ctrl_up,BP,1.0
GO:0001913,T cell mediated cytotoxicity,9005,13,12,0,0.0,0.0,,1.0,1.0,cluster_tissue__C4__spleen,spleen,C4,condition,original,Ctrl_up,BP,1.0
GO:0045953,negative regulation of natural killer cell mediated cytotoxicity,9005,16,12,0,0.0,0.0,,1.0,1.0,cluster_tissue__C4__spleen,spleen,C4,condition,original,Ctrl_up,BP,1.0
GO:0031342,negative regulation of cell killing,9005,22,12,0,0.0,0.0,,1.0,1.0,cluster_tissue__C4__spleen,spleen,C4,condition,original,Ctrl_up,BP,1.0
GO:0001911,negative regulation of leukocyte mediated cytotoxicity,9005,20,12,0,0.0,0.0,,1.0,1.0,cluster_tissue__C4__spleen,spleen,C4,condition,original,Ctrl_up,BP,1.0
GO:0001915,negative regulation of T cell mediated cytotoxicity,9005,5,12,0,0.0,0.0,,1.0,1.0,cluster_tissue__C4__spleen,spleen,C4,condition,original,Ctrl_up,BP,1.0
GO:0017156,calcium-ion regulated exocytosis,9005,18,12,0,0.0,0.0,,1.0,1.0,cluster_tissue__C4__spleen,spleen,C4,condition,original,Ctrl_up,BP,1.0
GO:0043316,cytotoxic T cell degranulation,9005,5,12,0,0.0,0.0,,1.0,1.0,cluster_tissue__C4__spleen,spleen,C4,condition,original,Ctrl_up,BP,1.0
GO:0002858,regulation of natural killer cell mediated cytotoxicity directed against tumor cell target,9005,5,12,0,0.0,0.0,,1.0,1.0,cluster_tissue__C4__spleen,spleen,C4,condition,original,Ctrl_up,BP,1.0
GO:0140507,granzyme-mediated programmed cell death signaling pathway,9005,10,12,0,0.0,0.0,,1.0,1.0,cluster_tissue__C4__spleen,spleen,C4,condition,original,Ctrl_up,BP,1.0
GO:0045921,positive regulation of exocytosis,9111,56,40,0,0.0,0.0,,1.0,1.0,cluster_tissue__C5-1__spleen,spleen,C5-1,condition,original,T2_up,BP,1.0
GO:0017158,regulation of calcium ion-dependent exocytosis,9111,23,40,0,0.0,0.0,,1.0,1.0,cluster_tissue__C5-1__spleen,spleen,C5-1,condition,original,T2_up,BP,1.0
GO:0045956,positive regulation of calcium ion-dependent exocytosis,9111,7,40,0,0.0,0.0,,1.0,1.0,cluster_tissue__C5-1__spleen,spleen,C5-1,condition,original,T2_up,BP,1.0
GO:0017157,regulation of exocytosis,9111,121,40,0,0.0,0.0,,1.0,1.0,cluster_tissue__C5-1__spleen,spleen,C5-1,condition,original,T2_up,BP,1.0
GO:0045920,negative regulation of exocytosis,9111,26,40,0,0.0,0.0,,1.0,1.0,cluster_tissue__C5-1__spleen,spleen,C5-1,condition,original,T2_up,BP,1.0
GO:1903233,regulation of calcium ion-dependent exocytosis of neurotransmitter,9111,7,40,0,0.0,0.0,,1.0,1.0,cluster_tissue__C5-1__spleen,spleen,C5-1,condition,original,T2_up,BP,1.0
GO:2000301,negative regulation of synaptic vesicle exocytosis,9111,5,40,0,0.0,0.0,,1.0,1.0,cluster_tissue__C5-1__spleen,spleen,C5-1,condition,original,T2_up,BP,1.0
GO:0045955,negative regulation of calcium ion-dependent exocytosis,9111,8,40,0,0.0,0.0,,1.0,1.0,cluster_tissue__C5-1__spleen,spleen,C5-1,condition,original,T2_up,BP,1.0
GO:2000300,regulation of synaptic vesicle exocytosis,9111,34,40,0,0.0,0.0,,1.0,1.0,cluster_tissue__C5-1__spleen,spleen,C5-1,condition,original,T2_up,BP,1.0
GO:0006887,exocytosis,9111,101,40,0,0.0,0.0,,1.0,1.0,cluster_tissue__C5-1__spleen,spleen,C5-1,condition,original,T2_up,BP,1.0
GO:0045055,regulated exocytosis,9111,61,40,0,0.0,0.0,,1.0,1.0,cluster_tissue__C5-1__spleen,spleen,C5-1,condition,original,T2_up,BP,1.0
GO:0002449,lymphocyte mediated immunity,9111,92,40,1,0.025,2.4758152173913044,Hcst,0.3342468322825089,1.0,cluster_tissue__C5-1__spleen,spleen,C5-1,condition,original,T2_up,BP,1.0
GO:0002706,regulation of lymphocyte mediated immunity,9111,144,40,1,0.025,1.5817708333333331,Il7r,0.4719851881550754,1.0,cluster_tissue__C5-1__spleen,spleen,C5-1,condition,original,T2_up,BP,1.0
GO:0002708,positive regulation of lymphocyte mediated immunity,9111,98,40,0,0.0,0.0,,1.0,1.0,cluster_tissue__C5-1__spleen,spleen,C5-1,condition,original,T2_up,BP,1.0
GO:0001912,positive regulation of leukocyte mediated cytotoxicity,9111,51,40,0,0.0,0.0,,1.0,1.0,cluster_tissue__C5-1__spleen,spleen,C5-1,condition,original,T2_up,BP,1.0
GO:0031341,regulation of cell killing,9111,75,40,1,0.025,3.037,Il7r,0.2820445039740953,1.0,cluster_tissue__C5-1__spleen,spleen,C5-1,condition,original,T2_up,BP,1.0
GO:0001910,regulation of leukocyte mediated cytotoxicity,9111,68,40,1,0.025,3.349632352941177,Il7r,0.2594080751635644,1.0,cluster_tissue__C5-1__spleen,spleen,C5-1,condition,original,T2_up,BP,1.0
GO:0031343,positive regulation of cell killing,9111,54,40,0,0.0,0.0,,1.0,1.0,cluster_tissue__C5-1__spleen,spleen,C5-1,condition,original,T2_up,BP,1.0
GO:0042269,regulation of natural killer cell mediated cytotoxicity,9111,38,40,0,0.0,0.0,,1.0,1.0,cluster_tissue__C5-1__spleen,spleen,C5-1,condition,original,T2_up,BP,1.0
GO:0045954,positive regulation of natural killer cell mediated cytotoxicity,9111,24,40,0,0.0,0.0,,1.0,1.0,cluster_tissue__C5-1__spleen,spleen,C5-1,condition,original,T2_up,BP,1.0
GO:0001906,cell killing,9111,66,40,1,0.025,3.451136363636364,Hcst,0.2528137113277997,1.0,cluster_tissue__C5-1__spleen,spleen,C5-1,condition,original,T2_up,BP,1.0
GO:0016079,synaptic vesicle exocytosis,9111,25,40,0,0.0,0.0,,1.0,1.0,cluster_tissue__C5-1__spleen,spleen,C5-1,condition,original,T2_up,BP,1.0
GO:0001914,regulation of T cell mediated cytotoxicity,9111,29,40,1,0.025,7.854310344827586,Il7r,0.1199669738888145,1.0,cluster_tissue__C5-1__spleen,spleen,C5-1,condition,original,T2_up,BP,1.0
GO:0001916,positive regulation of T cell mediated cytotoxicity,9111,24,40,0,0.0,0.0,,1.0,1.0,cluster_tissue__C5-1__spleen,spleen,C5-1,condition,original,T2_up,BP,1.0
GO:0002707,negative regulation of lymphocyte mediated immunity,9111,44,40,1,0.025,5.1767045454545455,Il7r,0.1763896187860554,1.0,cluster_tissue__C5-1__spleen,spleen,C5-1,condition,original,T2_up,BP,1.0
GO:0042267,natural killer cell mediated cytotoxicity,9111,29,40,1,0.025,7.854310344827586,Hcst,0.1199669738888145,1.0,cluster_tissue__C5-1__spleen,spleen,C5-1,condition,original,T2_up,BP,1.0
GO:0001909,leukocyte mediated cytotoxicity,9111,43,40,1,0.025,5.2970930232558135,Hcst,0.1727404810757587,1.0,cluster_tissue__C5-1__spleen,spleen,C5-1,condition,original,T2_up,BP,1.0
GO:0001913,T cell mediated cytotoxicity,9111,13,40,0,0.0,0.0,,1.0,1.0,cluster_tissue__C5-1__spleen,spleen,C5-1,condition,original,T2_up,BP,1.0
GO:0045953,negative regulation of natural killer cell mediated cytotoxicity,9111,16,40,0,0.0,0.0,,1.0,1.0,cluster_tissue__C5-1__spleen,spleen,C5-1,condition,original,T2_up,BP,1.0
GO:0031342,negative regulation of cell killing,9111,22,40,1,0.025,10.353409090909093,Il7r,0.0923633694250451,1.0,cluster_tissue__C5-1__spleen,spleen,C5-1,condition,original,T2_up,BP,1.0
GO:0001911,negative regulation of leukocyte mediated cytotoxicity,9111,20,40,1,0.025,11.38875,Il7r,0.0843227763144227,1.0,cluster_tissue__C5-1__spleen,spleen,C5-1,condition,original,T2_up,BP,1.0
GO:0001915,negative regulation of T cell mediated cytotoxicity,9111,5,40,1,0.025,45.555,Il7r,0.0217643206214955,1.0,cluster_tissue__C5-1__spleen,spleen,C5-1,condition,original,T2_up,BP,1.0
GO:0017156,calcium-ion regulated exocytosis,9111,18,40,0,0.0,0.0,,1.0,1.0,cluster_tissue__C5-1__spleen,spleen,C5-1,condition,original,T2_up,BP,1.0
GO:0043316,cytotoxic T cell degranulation,9111,5,40,0,0.0,0.0,,1.0,1.0,cluster_tissue__C5-1__spleen,spleen,C5-1,condition,original,T2_up,BP,1.0
GO:0002858,regulation of natural killer cell mediated cytotoxicity directed against tumor cell target,9111,5,40,0,0.0,0.0,,1.0,1.0,cluster_tissue__C5-1__spleen,spleen,C5-1,condition,original,T2_up,BP,1.0
GO:0140507,granzyme-mediated programmed cell death signaling pathway,9111,10,40,0,0.0,0.0,,1.0,1.0,cluster_tissue__C5-1__spleen,spleen,C5-1,condition,original,T2_up,BP,1.0
GO:0045921,positive regulation of exocytosis,9111,56,27,0,0.0,0.0,,1.0,1.0,cluster_tissue__C5-1__spleen,spleen,C5-1,condition,original,Ctrl_up,BP,1.0
GO:0017158,regulation of calcium ion-dependent exocytosis,9111,23,27,0,0.0,0.0,,1.0,1.0,cluster_tissue__C5-1__spleen,spleen,C5-1,condition,original,Ctrl_up,BP,1.0
GO:0045956,positive regulation of calcium ion-dependent exocytosis,9111,7,27,0,0.0,0.0,,1.0,1.0,cluster_tissue__C5-1__spleen,spleen,C5-1,condition,original,Ctrl_up,BP,1.0
GO:0017157,regulation of exocytosis,9111,121,27,0,0.0,0.0,,1.0,1.0,cluster_tissue__C5-1__spleen,spleen,C5-1,condition,original,Ctrl_up,BP,1.0
GO:0045920,negative regulation of exocytosis,9111,26,27,0,0.0,0.0,,1.0,1.0,cluster_tissue__C5-1__spleen,spleen,C5-1,condition,original,Ctrl_up,BP,1.0
GO:1903233,regulation of calcium ion-dependent exocytosis of neurotransmitter,9111,7,27,0,0.0,0.0,,1.0,1.0,cluster_tissue__C5-1__spleen,spleen,C5-1,condition,original,Ctrl_up,BP,1.0
GO:2000301,negative regulation of synaptic vesicle exocytosis,9111,5,27,0,0.0,0.0,,1.0,1.0,cluster_tissue__C5-1__spleen,spleen,C5-1,condition,original,Ctrl_up,BP,1.0
GO:0045955,negative regulation of calcium ion-dependent exocytosis,9111,8,27,0,0.0,0.0,,1.0,1.0,cluster_tissue__C5-1__spleen,spleen,C5-1,condition,original,Ctrl_up,BP,1.0
GO:2000300,regulation of synaptic vesicle exocytosis,9111,34,27,0,0.0,0.0,,1.0,1.0,cluster_tissue__C5-1__spleen,spleen,C5-1,condition,original,Ctrl_up,BP,1.0
GO:0006887,exocytosis,9111,101,27,1,0.037037037037037,3.341034103410341,Nkg7,0.2602275075160374,1.0,cluster_tissue__C5-1__spleen,spleen,C5-1,condition,original,Ctrl_up,BP,1.0
GO:0045055,regulated exocytosis,9111,61,27,1,0.037037037037037,5.531876138433516,Nkg7,0.1660972883974293,1.0,cluster_tissue__C5-1__spleen,spleen,C5-1,condition,original,Ctrl_up,BP,1.0
GO:0002449,lymphocyte mediated immunity,9111,92,27,1,0.037037037037037,3.667874396135266,Nkg7,0.2399849622865321,1.0,cluster_tissue__C5-1__spleen,spleen,C5-1,condition,original,Ctrl_up,BP,1.0
GO:0002706,regulation of lymphocyte mediated immunity,9111,144,27,2,0.074074074074074,4.686728395061729,Hspa8;Xcl1,0.0673303924012468,1.0,cluster_tissue__C5-1__spleen,spleen,C5-1,condition,original,Ctrl_up,BP,1.0
GO:0002708,positive regulation of lymphocyte mediated immunity,9111,98,27,2,0.074074074074074,6.886621315192745,Hspa8;Xcl1,0.0337612068183637,1.0,cluster_tissue__C5-1__spleen,spleen,C5-1,condition,original,Ctrl_up,BP,1.0
GO:0001912,positive regulation of leukocyte mediated cytotoxicity,9111,51,27,2,0.074074074074074,13.233115468409586,Hspa8;Xcl1,0.009861214616364,1.0,cluster_tissue__C5-1__spleen,spleen,C5-1,condition,original,Ctrl_up,BP,1.0
GO:0031341,regulation of cell killing,9111,75,27,3,0.1111111111111111,13.497777777777776,Hsp90ab1;Hspa8;Xcl1,0.0013596621337029,1.0,cluster_tissue__C5-1__spleen,spleen,C5-1,condition,original,Ctrl_up,BP,0.3755470135201128
GO:0001910,regulation of leukocyte mediated cytotoxicity,9111,68,27,2,0.074074074074074,9.92483660130719,Hspa8;Xcl1,0.0170832194301385,1.0,cluster_tissue__C5-1__spleen,spleen,C5-1,condition,original,Ctrl_up,BP,1.0
GO:0031343,positive regulation of cell killing,9111,54,27,2,0.074074074074074,12.497942386831276,Hspa8;Xcl1,0.0110075788806303,1.0,cluster_tissue__C5-1__spleen,spleen,C5-1,condition,original,Ctrl_up,BP,1.0
GO:0042269,regulation of natural killer cell mediated cytotoxicity,9111,38,27,0,0.0,0.0,,1.0,1.0,cluster_tissue__C5-1__spleen,spleen,C5-1,condition,original,Ctrl_up,BP,1.0
GO:0045954,positive regulation of natural killer cell mediated cytotoxicity,9111,24,27,0,0.0,0.0,,1.0,1.0,cluster_tissue__C5-1__spleen,spleen,C5-1,condition,original,Ctrl_up,BP,1.0
GO:0001906,cell killing,9111,66,27,1,0.037037037037037,5.1127946127946124,Nkg7,0.1784654352686687,1.0,cluster_tissue__C5-1__spleen,spleen,C5-1,condition,original,Ctrl_up,BP,1.0
GO:0016079,synaptic vesicle exocytosis,9111,25,27,0,0.0,0.0,,1.0,1.0,cluster_tissue__C5-1__spleen,spleen,C5-1,condition,original,Ctrl_up,BP,1.0
GO:0001914,regulation of T cell mediated cytotoxicity,9111,29,27,2,0.074074074074074,23.272030651341,Hspa8;Xcl1,0.0032684782393067,1.0,cluster_tissue__C5-1__spleen,spleen,C5-1,condition,original,Ctrl_up,BP,0.6707742640631571
GO:0001916,positive regulation of T cell mediated cytotoxicity,9111,24,27,2,0.074074074074074,28.120370370370367,Hspa8;Xcl1,0.0022422870345161,1.0,cluster_tissue__C5-1__spleen,spleen,C5-1,condition,original,Ctrl_up,BP,0.532340058504127
GO:0002707,negative regulation of lymphocyte mediated immunity,9111,44,27,0,0.0,0.0,,1.0,1.0,cluster_tissue__C5-1__spleen,spleen,C5-1,condition,original,Ctrl_up,BP,1.0
GO:0042267,natural killer cell mediated cytotoxicity,9111,29,27,1,0.037037037037037,11.6360153256705,Nkg7,0.082589626886387,1.0,cluster_tissue__C5-1__spleen,spleen,C5-1,condition,original,Ctrl_up,BP,1.0
GO:0001909,leukocyte mediated cytotoxicity,9111,43,27,1,0.037037037037037,7.847545219638243,Nkg7,0.1200701363921726,1.0,cluster_tissue__C5-1__spleen,spleen,C5-1,condition,original,Ctrl_up,BP,1.0
GO:0001913,T cell mediated cytotoxicity,9111,13,27,0,0.0,0.0,,1.0,1.0,cluster_tissue__C5-1__spleen,spleen,C5-1,condition,original,Ctrl_up,BP,1.0
GO:0045953,negative regulation of natural killer cell mediated cytotoxicity,9111,16,27,0,0.0,0.0,,1.0,1.0,cluster_tissue__C5-1__spleen,spleen,C5-1,condition,original,Ctrl_up,BP,1.0
GO:0031342,negative regulation of cell killing,9111,22,27,1,0.037037037037037,15.33838383838384,Hsp90ab1,0.0632774903366382,1.0,cluster_tissue__C5-1__spleen,spleen,C5-1,condition,original,Ctrl_up,BP,1.0
GO:0001911,negative regulation of leukocyte mediated cytotoxicity,9111,20,27,0,0.0,0.0,,1.0,1.0,cluster_tissue__C5-1__spleen,spleen,C5-1,condition,original,Ctrl_up,BP,1.0
GO:0001915,negative regulation of T cell mediated cytotoxicity,9111,5,27,0,0.0,0.0,,1.0,1.0,cluster_tissue__C5-1__spleen,spleen,C5-1,condition,original,Ctrl_up,BP,1.0
GO:0017156,calcium-ion regulated exocytosis,9111,18,27,0,0.0,0.0,,1.0,1.0,cluster_tissue__C5-1__spleen,spleen,C5-1,condition,original,Ctrl_up,BP,1.0
GO:0043316,cytotoxic T cell degranulation,9111,5,27,0,0.0,0.0,,1.0,1.0,cluster_tissue__C5-1__spleen,spleen,C5-1,condition,original,Ctrl_up,BP,1.0
GO:0002858,regulation of natural killer cell mediated cytotoxicity directed against tumor cell target,9111,5,27,0,0.0,0.0,,1.0,1.0,cluster_tissue__C5-1__spleen,spleen,C5-1,condition,original,Ctrl_up,BP,1.0
GO:0140507,granzyme-mediated programmed cell death signaling pathway,9111,10,27,1,0.037037037037037,33.74444444444445,Nkg7,0.0292566835712094,1.0,cluster_tissue__C5-1__spleen,spleen,C5-1,condition,original,Ctrl_up,BP,1.0
GO:0045921,positive regulation of exocytosis,8478,50,0,0,0.0,0.0,,1.0,1.0,cluster_tissue__C5-2__spleen,spleen,C5-2,condition,original,T2_up,BP,1.0
GO:0017158,regulation of calcium ion-dependent exocytosis,8478,20,0,0,0.0,0.0,,1.0,1.0,cluster_tissue__C5-2__spleen,spleen,C5-2,condition,original,T2_up,BP,1.0
GO:0045956,positive regulation of calcium ion-dependent exocytosis,8478,5,0,0,0.0,0.0,,1.0,1.0,cluster_tissue__C5-2__spleen,spleen,C5-2,condition,original,T2_up,BP,1.0
GO:0017157,regulation of exocytosis,8478,110,0,0,0.0,0.0,,1.0,1.0,cluster_tissue__C5-2__spleen,spleen,C5-2,condition,original,T2_up,BP,1.0
GO:0045920,negative regulation of exocytosis,8478,25,0,0,0.0,0.0,,1.0,1.0,cluster_tissue__C5-2__spleen,spleen,C5-2,condition,original,T2_up,BP,1.0
GO:1903233,regulation of calcium ion-dependent exocytosis of neurotransmitter,8478,7,0,0,0.0,0.0,,1.0,1.0,cluster_tissue__C5-2__spleen,spleen,C5-2,condition,original,T2_up,BP,1.0
GO:2000301,negative regulation of synaptic vesicle exocytosis,8478,5,0,0,0.0,0.0,,1.0,1.0,cluster_tissue__C5-2__spleen,spleen,C5-2,condition,original,T2_up,BP,1.0
GO:0045955,negative regulation of calcium ion-dependent exocytosis,8478,7,0,0,0.0,0.0,,1.0,1.0,cluster_tissue__C5-2__spleen,spleen,C5-2,condition,original,T2_up,BP,1.0
GO:2000300,regulation of synaptic vesicle exocytosis,8478,32,0,0,0.0,0.0,,1.0,1.0,cluster_tissue__C5-2__spleen,spleen,C5-2,condition,original,T2_up,BP,1.0
GO:0006887,exocytosis,8478,94,0,0,0.0,0.0,,1.0,1.0,cluster_tissue__C5-2__spleen,spleen,C5-2,condition,original,T2_up,BP,1.0
GO:0045055,regulated exocytosis,8478,57,0,0,0.0,0.0,,1.0,1.0,cluster_tissue__C5-2__spleen,spleen,C5-2,condition,original,T2_up,BP,1.0
GO:0002449,lymphocyte mediated immunity,8478,81,0,0,0.0,0.0,,1.0,1.0,cluster_tissue__C5-2__spleen,spleen,C5-2,condition,original,T2_up,BP,1.0
GO:0002706,regulation of lymphocyte mediated immunity,8478,134,0,0,0.0,0.0,,1.0,1.0,cluster_tissue__C5-2__spleen,spleen,C5-2,condition,original,T2_up,BP,1.0
GO:0002708,positive regulation of lymphocyte mediated immunity,8478,93,0,0,0.0,0.0,,1.0,1.0,cluster_tissue__C5-2__spleen,spleen,C5-2,condition,original,T2_up,BP,1.0
GO:0001912,positive regulation of leukocyte mediated cytotoxicity,8478,45,0,0,0.0,0.0,,1.0,1.0,cluster_tissue__C5-2__spleen,spleen,C5-2,condition,original,T2_up,BP,1.0
GO:0031341,regulation of cell killing,8478,67,0,0,0.0,0.0,,1.0,1.0,cluster_tissue__C5-2__spleen,spleen,C5-2,condition,original,T2_up,BP,1.0
GO:0001910,regulation of leukocyte mediated cytotoxicity,8478,61,0,0,0.0,0.0,,1.0,1.0,cluster_tissue__C5-2__spleen,spleen,C5-2,condition,original,T2_up,BP,1.0
GO:0031343,positive regulation of cell killing,8478,48,0,0,0.0,0.0,,1.0,1.0,cluster_tissue__C5-2__spleen,spleen,C5-2,condition,original,T2_up,BP,1.0
GO:0042269,regulation of natural killer cell mediated cytotoxicity,8478,34,0,0,0.0,0.0,,1.0,1.0,cluster_tissue__C5-2__spleen,spleen,C5-2,condition,original,T2_up,BP,1.0
GO:0045954,positive regulation of natural killer cell mediated cytotoxicity,8478,21,0,0,0.0,0.0,,1.0,1.0,cluster_tissue__C5-2__spleen,spleen,C5-2,condition,original,T2_up,BP,1.0
GO:0001906,cell killing,8478,61,0,0,0.0,0.0,,1.0,1.0,cluster_tissue__C5-2__spleen,spleen,C5-2,condition,original,T2_up,BP,1.0
GO:0016079,synaptic vesicle exocytosis,8478,22,0,0,0.0,0.0,,1.0,1.0,cluster_tissue__C5-2__spleen,spleen,C5-2,condition,original,T2_up,BP,1.0
GO:0001914,regulation of T cell mediated cytotoxicity,8478,28,0,0,0.0,0.0,,1.0,1.0,cluster_tissue__C5-2__spleen,spleen,C5-2,condition,original,T2_up,BP,1.0
GO:0001916,positive regulation of T cell mediated cytotoxicity,8478,23,0,0,0.0,0.0,,1.0,1.0,cluster_tissue__C5-2__spleen,spleen,C5-2,condition,original,T2_up,BP,1.0
GO:0002707,negative regulation of lymphocyte mediated immunity,8478,39,0,0,0.0,0.0,,1.0,1.0,cluster_tissue__C5-2__spleen,spleen,C5-2,condition,original,T2_up,BP,1.0
GO:0042267,natural killer cell mediated cytotoxicity,8478,28,0,0,0.0,0.0,,1.0,1.0,cluster_tissue__C5-2__spleen,spleen,C5-2,condition,original,T2_up,BP,1.0
GO:0001909,leukocyte mediated cytotoxicity,8478,41,0,0,0.0,0.0,,1.0,1.0,cluster_tissue__C5-2__spleen,spleen,C5-2,condition,original,T2_up,BP,1.0
GO:0001913,T cell mediated cytotoxicity,8478,12,0,0,0.0,0.0,,1.0,1.0,cluster_tissue__C5-2__spleen,spleen,C5-2,condition,original,T2_up,BP,1.0
GO:0045953,negative regulation of natural killer cell mediated cytotoxicity,8478,13,0,0,0.0,0.0,,1.0,1.0,cluster_tissue__C5-2__spleen,spleen,C5-2,condition,original,T2_up,BP,1.0
GO:0031342,negative regulation of cell killing,8478,19,0,0,0.0,0.0,,1.0,1.0,cluster_tissue__C5-2__spleen,spleen,C5-2,condition,original,T2_up,BP,1.0
GO:0001911,negative regulation of leukocyte mediated cytotoxicity,8478,17,0,0,0.0,0.0,,1.0,1.0,cluster_tissue__C5-2__spleen,spleen,C5-2,condition,original,T2_up,BP,1.0
GO:0001915,negative regulation of T cell mediated cytotoxicity,8478,5,0,0,0.0,0.0,,1.0,1.0,cluster_tissue__C5-2__spleen,spleen,C5-2,condition,original,T2_up,BP,1.0
GO:0017156,calcium-ion regulated exocytosis,8478,18,0,0,0.0,0.0,,1.0,1.0,cluster_tissue__C5-2__spleen,spleen,C5-2,condition,original,T2_up,BP,1.0
GO:0043316,cytotoxic T cell degranulation,8478,5,0,0,0.0,0.0,,1.0,1.0,cluster_tissue__C5-2__spleen,spleen,C5-2,condition,original,T2_up,BP,1.0
GO:0140507,granzyme-mediated programmed cell death signaling pathway,8478,10,0,0,0.0,0.0,,1.0,1.0,cluster_tissue__C5-2__spleen,spleen,C5-2,condition,original,T2_up,BP,1.0
GO:0045921,positive regulation of exocytosis,8478,50,0,0,0.0,0.0,,1.0,1.0,cluster_tissue__C5-2__spleen,spleen,C5-2,condition,original,Ctrl_up,BP,1.0
GO:0017158,regulation of calcium ion-dependent exocytosis,8478,20,0,0,0.0,0.0,,1.0,1.0,cluster_tissue__C5-2__spleen,spleen,C5-2,condition,original,Ctrl_up,BP,1.0
GO:0045956,positive regulation of calcium ion-dependent exocytosis,8478,5,0,0,0.0,0.0,,1.0,1.0,cluster_tissue__C5-2__spleen,spleen,C5-2,condition,original,Ctrl_up,BP,1.0
GO:0017157,regulation of exocytosis,8478,110,0,0,0.0,0.0,,1.0,1.0,cluster_tissue__C5-2__spleen,spleen,C5-2,condition,original,Ctrl_up,BP,1.0
GO:0045920,negative regulation of exocytosis,8478,25,0,0,0.0,0.0,,1.0,1.0,cluster_tissue__C5-2__spleen,spleen,C5-2,condition,original,Ctrl_up,BP,1.0
GO:1903233,regulation of calcium ion-dependent exocytosis of neurotransmitter,8478,7,0,0,0.0,0.0,,1.0,1.0,cluster_tissue__C5-2__spleen,spleen,C5-2,condition,original,Ctrl_up,BP,1.0
GO:2000301,negative regulation of synaptic vesicle exocytosis,8478,5,0,0,0.0,0.0,,1.0,1.0,cluster_tissue__C5-2__spleen,spleen,C5-2,condition,original,Ctrl_up,BP,1.0
GO:0045955,negative regulation of calcium ion-dependent exocytosis,8478,7,0,0,0.0,0.0,,1.0,1.0,cluster_tissue__C5-2__spleen,spleen,C5-2,condition,original,Ctrl_up,BP,1.0
GO:2000300,regulation of synaptic vesicle exocytosis,8478,32,0,0,0.0,0.0,,1.0,1.0,cluster_tissue__C5-2__spleen,spleen,C5-2,condition,original,Ctrl_up,BP,1.0
GO:0006887,exocytosis,8478,94,0,0,0.0,0.0,,1.0,1.0,cluster_tissue__C5-2__spleen,spleen,C5-2,condition,original,Ctrl_up,BP,1.0
GO:0045055,regulated exocytosis,8478,57,0,0,0.0,0.0,,1.0,1.0,cluster_tissue__C5-2__spleen,spleen,C5-2,condition,original,Ctrl_up,BP,1.0
GO:0002449,lymphocyte mediated immunity,8478,81,0,0,0.0,0.0,,1.0,1.0,cluster_tissue__C5-2__spleen,spleen,C5-2,condition,original,Ctrl_up,BP,1.0
GO:0002706,regulation of lymphocyte mediated immunity,8478,134,0,0,0.0,0.0,,1.0,1.0,cluster_tissue__C5-2__spleen,spleen,C5-2,condition,original,Ctrl_up,BP,1.0
GO:0002708,positive regulation of lymphocyte mediated immunity,8478,93,0,0,0.0,0.0,,1.0,1.0,cluster_tissue__C5-2__spleen,spleen,C5-2,condition,original,Ctrl_up,BP,1.0
GO:0001912,positive regulation of leukocyte mediated cytotoxicity,8478,45,0,0,0.0,0.0,,1.0,1.0,cluster_tissue__C5-2__spleen,spleen,C5-2,condition,original,Ctrl_up,BP,1.0
GO:0031341,regulation of cell killing,8478,67,0,0,0.0,0.0,,1.0,1.0,cluster_tissue__C5-2__spleen,spleen,C5-2,condition,original,Ctrl_up,BP,1.0
GO:0001910,regulation of leukocyte mediated cytotoxicity,8478,61,0,0,0.0,0.0,,1.0,1.0,cluster_tissue__C5-2__spleen,spleen,C5-2,condition,original,Ctrl_up,BP,1.0
GO:0031343,positive regulation of cell killing,8478,48,0,0,0.0,0.0,,1.0,1.0,cluster_tissue__C5-2__spleen,spleen,C5-2,condition,original,Ctrl_up,BP,1.0
GO:0042269,regulation of natural killer cell mediated cytotoxicity,8478,34,0,0,0.0,0.0,,1.0,1.0,cluster_tissue__C5-2__spleen,spleen,C5-2,condition,original,Ctrl_up,BP,1.0
GO:0045954,positive regulation of natural killer cell mediated cytotoxicity,8478,21,0,0,0.0,0.0,,1.0,1.0,cluster_tissue__C5-2__spleen,spleen,C5-2,condition,original,Ctrl_up,BP,1.0
GO:0001906,cell killing,8478,61,0,0,0.0,0.0,,1.0,1.0,cluster_tissue__C5-2__spleen,spleen,C5-2,condition,original,Ctrl_up,BP,1.0
GO:0016079,synaptic vesicle exocytosis,8478,22,0,0,0.0,0.0,,1.0,1.0,cluster_tissue__C5-2__spleen,spleen,C5-2,condition,original,Ctrl_up,BP,1.0
GO:0001914,regulation of T cell mediated cytotoxicity,8478,28,0,0,0.0,0.0,,1.0,1.0,cluster_tissue__C5-2__spleen,spleen,C5-2,condition,original,Ctrl_up,BP,1.0
GO:0001916,positive regulation of T cell mediated cytotoxicity,8478,23,0,0,0.0,0.0,,1.0,1.0,cluster_tissue__C5-2__spleen,spleen,C5-2,condition,original,Ctrl_up,BP,1.0
GO:0002707,negative regulation of lymphocyte mediated immunity,8478,39,0,0,0.0,0.0,,1.0,1.0,cluster_tissue__C5-2__spleen,spleen,C5-2,condition,original,Ctrl_up,BP,1.0
GO:0042267,natural killer cell mediated cytotoxicity,8478,28,0,0,0.0,0.0,,1.0,1.0,cluster_tissue__C5-2__spleen,spleen,C5-2,condition,original,Ctrl_up,BP,1.0
GO:0001909,leukocyte mediated cytotoxicity,8478,41,0,0,0.0,0.0,,1.0,1.0,cluster_tissue__C5-2__spleen,spleen,C5-2,condition,original,Ctrl_up,BP,1.0
GO:0001913,T cell mediated cytotoxicity,8478,12,0,0,0.0,0.0,,1.0,1.0,cluster_tissue__C5-2__spleen,spleen,C5-2,condition,original,Ctrl_up,BP,1.0
GO:0045953,negative regulation of natural killer cell mediated cytotoxicity,8478,13,0,0,0.0,0.0,,1.0,1.0,cluster_tissue__C5-2__spleen,spleen,C5-2,condition,original,Ctrl_up,BP,1.0
GO:0031342,negative regulation of cell killing,8478,19,0,0,0.0,0.0,,1.0,1.0,cluster_tissue__C5-2__spleen,spleen,C5-2,condition,original,Ctrl_up,BP,1.0
GO:0001911,negative regulation of leukocyte mediated cytotoxicity,8478,17,0,0,0.0,0.0,,1.0,1.0,cluster_tissue__C5-2__spleen,spleen,C5-2,condition,original,Ctrl_up,BP,1.0
GO:0001915,negative regulation of T cell mediated cytotoxicity,8478,5,0,0,0.0,0.0,,1.0,1.0,cluster_tissue__C5-2__spleen,spleen,C5-2,condition,original,Ctrl_up,BP,1.0
GO:0017156,calcium-ion regulated exocytosis,8478,18,0,0,0.0,0.0,,1.0,1.0,cluster_tissue__C5-2__spleen,spleen,C5-2,condition,original,Ctrl_up,BP,1.0
GO:0043316,cytotoxic T cell degranulation,8478,5,0,0,0.0,0.0,,1.0,1.0,cluster_tissue__C5-2__spleen,spleen,C5-2,condition,original,Ctrl_up,BP,1.0
GO:0140507,granzyme-mediated programmed cell death signaling pathway,8478,10,0,0,0.0,0.0,,1.0,1.0,cluster_tissue__C5-2__spleen,spleen,C5-2,condition,original,Ctrl_up,BP,1.0
GO:0045921,positive regulation of exocytosis,7847,52,0,0,0.0,0.0,,1.0,1.0,cluster_tissue__C2__thymus,thymus,C2,condition,original,T2_up,BP,1.0
GO:0017158,regulation of calcium ion-dependent exocytosis,7847,19,0,0,0.0,0.0,,1.0,1.0,cluster_tissue__C2__thymus,thymus,C2,condition,original,T2_up,BP,1.0
GO:0045956,positive regulation of calcium ion-dependent exocytosis,7847,6,0,0,0.0,0.0,,1.0,1.0,cluster_tissue__C2__thymus,thymus,C2,condition,original,T2_up,BP,1.0
GO:0017157,regulation of exocytosis,7847,104,0,0,0.0,0.0,,1.0,1.0,cluster_tissue__C2__thymus,thymus,C2,condition,original,T2_up,BP,1.0
GO:0045920,negative regulation of exocytosis,7847,21,0,0,0.0,0.0,,1.0,1.0,cluster_tissue__C2__thymus,thymus,C2,condition,original,T2_up,BP,1.0
GO:1903233,regulation of calcium ion-dependent exocytosis of neurotransmitter,7847,7,0,0,0.0,0.0,,1.0,1.0,cluster_tissue__C2__thymus,thymus,C2,condition,original,T2_up,BP,1.0
GO:2000301,negative regulation of synaptic vesicle exocytosis,7847,5,0,0,0.0,0.0,,1.0,1.0,cluster_tissue__C2__thymus,thymus,C2,condition,original,T2_up,BP,1.0
GO:0045955,negative regulation of calcium ion-dependent exocytosis,7847,6,0,0,0.0,0.0,,1.0,1.0,cluster_tissue__C2__thymus,thymus,C2,condition,original,T2_up,BP,1.0
GO:2000300,regulation of synaptic vesicle exocytosis,7847,30,0,0,0.0,0.0,,1.0,1.0,cluster_tissue__C2__thymus,thymus,C2,condition,original,T2_up,BP,1.0
GO:0006887,exocytosis,7847,89,0,0,0.0,0.0,,1.0,1.0,cluster_tissue__C2__thymus,thymus,C2,condition,original,T2_up,BP,1.0
GO:0045055,regulated exocytosis,7847,52,0,0,0.0,0.0,,1.0,1.0,cluster_tissue__C2__thymus,thymus,C2,condition,original,T2_up,BP,1.0
GO:0002449,lymphocyte mediated immunity,7847,87,0,0,0.0,0.0,,1.0,1.0,cluster_tissue__C2__thymus,thymus,C2,condition,original,T2_up,BP,1.0
GO:0002706,regulation of lymphocyte mediated immunity,7847,132,0,0,0.0,0.0,,1.0,1.0,cluster_tissue__C2__thymus,thymus,C2,condition,original,T2_up,BP,1.0
GO:0002708,positive regulation of lymphocyte mediated immunity,7847,93,0,0,0.0,0.0,,1.0,1.0,cluster_tissue__C2__thymus,thymus,C2,condition,original,T2_up,BP,1.0
GO:0001912,positive regulation of leukocyte mediated cytotoxicity,7847,47,0,0,0.0,0.0,,1.0,1.0,cluster_tissue__C2__thymus,thymus,C2,condition,original,T2_up,BP,1.0
GO:0031341,regulation of cell killing,7847,69,0,0,0.0,0.0,,1.0,1.0,cluster_tissue__C2__thymus,thymus,C2,condition,original,T2_up,BP,1.0
GO:0001910,regulation of leukocyte mediated cytotoxicity,7847,63,0,0,0.0,0.0,,1.0,1.0,cluster_tissue__C2__thymus,thymus,C2,condition,original,T2_up,BP,1.0
GO:0031343,positive regulation of cell killing,7847,50,0,0,0.0,0.0,,1.0,1.0,cluster_tissue__C2__thymus,thymus,C2,condition,original,T2_up,BP,1.0
GO:0042269,regulation of natural killer cell mediated cytotoxicity,7847,38,0,0,0.0,0.0,,1.0,1.0,cluster_tissue__C2__thymus,thymus,C2,condition,original,T2_up,BP,1.0
GO:0045954,positive regulation of natural killer cell mediated cytotoxicity,7847,25,0,0,0.0,0.0,,1.0,1.0,cluster_tissue__C2__thymus,thymus,C2,condition,original,T2_up,BP,1.0
GO:0001906,cell killing,7847,56,0,0,0.0,0.0,,1.0,1.0,cluster_tissue__C2__thymus,thymus,C2,condition,original,T2_up,BP,1.0
GO:0016079,synaptic vesicle exocytosis,7847,20,0,0,0.0,0.0,,1.0,1.0,cluster_tissue__C2__thymus,thymus,C2,condition,original,T2_up,BP,1.0
GO:0001914,regulation of T cell mediated cytotoxicity,7847,27,0,0,0.0,0.0,,1.0,1.0,cluster_tissue__C2__thymus,thymus,C2,condition,original,T2_up,BP,1.0
GO:0001916,positive regulation of T cell mediated cytotoxicity,7847,22,0,0,0.0,0.0,,1.0,1.0,cluster_tissue__C2__thymus,thymus,C2,condition,original,T2_up,BP,1.0
GO:0002707,negative regulation of lymphocyte mediated immunity,7847,37,0,0,0.0,0.0,,1.0,1.0,cluster_tissue__C2__thymus,thymus,C2,condition,original,T2_up,BP,1.0
GO:0042267,natural killer cell mediated cytotoxicity,7847,26,0,0,0.0,0.0,,1.0,1.0,cluster_tissue__C2__thymus,thymus,C2,condition,original,T2_up,BP,1.0
GO:0001909,leukocyte mediated cytotoxicity,7847,38,0,0,0.0,0.0,,1.0,1.0,cluster_tissue__C2__thymus,thymus,C2,condition,original,T2_up,BP,1.0
GO:0001913,T cell mediated cytotoxicity,7847,13,0,0,0.0,0.0,,1.0,1.0,cluster_tissue__C2__thymus,thymus,C2,condition,original,T2_up,BP,1.0
GO:0045953,negative regulation of natural killer cell mediated cytotoxicity,7847,15,0,0,0.0,0.0,,1.0,1.0,cluster_tissue__C2__thymus,thymus,C2,condition,original,T2_up,BP,1.0
GO:0031342,negative regulation of cell killing,7847,21,0,0,0.0,0.0,,1.0,1.0,cluster_tissue__C2__thymus,thymus,C2,condition,original,T2_up,BP,1.0
GO:0001911,negative regulation of leukocyte mediated cytotoxicity,7847,19,0,0,0.0,0.0,,1.0,1.0,cluster_tissue__C2__thymus,thymus,C2,condition,original,T2_up,BP,1.0
GO:0001915,negative regulation of T cell mediated cytotoxicity,7847,5,0,0,0.0,0.0,,1.0,1.0,cluster_tissue__C2__thymus,thymus,C2,condition,original,T2_up,BP,1.0
GO:0017156,calcium-ion regulated exocytosis,7847,15,0,0,0.0,0.0,,1.0,1.0,cluster_tissue__C2__thymus,thymus,C2,condition,original,T2_up,BP,1.0
GO:0043316,cytotoxic T cell degranulation,7847,5,0,0,0.0,0.0,,1.0,1.0,cluster_tissue__C2__thymus,thymus,C2,condition,original,T2_up,BP,1.0
GO:0002858,regulation of natural killer cell mediated cytotoxicity directed against tumor cell target,7847,5,0,0,0.0,0.0,,1.0,1.0,cluster_tissue__C2__thymus,thymus,C2,condition,original,T2_up,BP,1.0
GO:0140507,granzyme-mediated programmed cell death signaling pathway,7847,8,0,0,0.0,0.0,,1.0,1.0,cluster_tissue__C2__thymus,thymus,C2,condition,original,T2_up,BP,1.0
GO:0045921,positive regulation of exocytosis,7847,52,0,0,0.0,0.0,,1.0,1.0,cluster_tissue__C2__thymus,thymus,C2,condition,original,Ctrl_up,BP,1.0
GO:0017158,regulation of calcium ion-dependent exocytosis,7847,19,0,0,0.0,0.0,,1.0,1.0,cluster_tissue__C2__thymus,thymus,C2,condition,original,Ctrl_up,BP,1.0
GO:0045956,positive regulation of calcium ion-dependent exocytosis,7847,6,0,0,0.0,0.0,,1.0,1.0,cluster_tissue__C2__thymus,thymus,C2,condition,original,Ctrl_up,BP,1.0
GO:0017157,regulation of exocytosis,7847,104,0,0,0.0,0.0,,1.0,1.0,cluster_tissue__C2__thymus,thymus,C2,condition,original,Ctrl_up,BP,1.0
GO:0045920,negative regulation of exocytosis,7847,21,0,0,0.0,0.0,,1.0,1.0,cluster_tissue__C2__thymus,thymus,C2,condition,original,Ctrl_up,BP,1.0
GO:1903233,regulation of calcium ion-dependent exocytosis of neurotransmitter,7847,7,0,0,0.0,0.0,,1.0,1.0,cluster_tissue__C2__thymus,thymus,C2,condition,original,Ctrl_up,BP,1.0
GO:2000301,negative regulation of synaptic vesicle exocytosis,7847,5,0,0,0.0,0.0,,1.0,1.0,cluster_tissue__C2__thymus,thymus,C2,condition,original,Ctrl_up,BP,1.0
GO:0045955,negative regulation of calcium ion-dependent exocytosis,7847,6,0,0,0.0,0.0,,1.0,1.0,cluster_tissue__C2__thymus,thymus,C2,condition,original,Ctrl_up,BP,1.0
GO:2000300,regulation of synaptic vesicle exocytosis,7847,30,0,0,0.0,0.0,,1.0,1.0,cluster_tissue__C2__thymus,thymus,C2,condition,original,Ctrl_up,BP,1.0
GO:0006887,exocytosis,7847,89,0,0,0.0,0.0,,1.0,1.0,cluster_tissue__C2__thymus,thymus,C2,condition,original,Ctrl_up,BP,1.0
GO:0045055,regulated exocytosis,7847,52,0,0,0.0,0.0,,1.0,1.0,cluster_tissue__C2__thymus,thymus,C2,condition,original,Ctrl_up,BP,1.0
GO:0002449,lymphocyte mediated immunity,7847,87,0,0,0.0,0.0,,1.0,1.0,cluster_tissue__C2__thymus,thymus,C2,condition,original,Ctrl_up,BP,1.0
GO:0002706,regulation of lymphocyte mediated immunity,7847,132,0,0,0.0,0.0,,1.0,1.0,cluster_tissue__C2__thymus,thymus,C2,condition,original,Ctrl_up,BP,1.0
GO:0002708,positive regulation of lymphocyte mediated immunity,7847,93,0,0,0.0,0.0,,1.0,1.0,cluster_tissue__C2__thymus,thymus,C2,condition,original,Ctrl_up,BP,1.0
GO:0001912,positive regulation of leukocyte mediated cytotoxicity,7847,47,0,0,0.0,0.0,,1.0,1.0,cluster_tissue__C2__thymus,thymus,C2,condition,original,Ctrl_up,BP,1.0
GO:0031341,regulation of cell killing,7847,69,0,0,0.0,0.0,,1.0,1.0,cluster_tissue__C2__thymus,thymus,C2,condition,original,Ctrl_up,BP,1.0
GO:0001910,regulation of leukocyte mediated cytotoxicity,7847,63,0,0,0.0,0.0,,1.0,1.0,cluster_tissue__C2__thymus,thymus,C2,condition,original,Ctrl_up,BP,1.0
GO:0031343,positive regulation of cell killing,7847,50,0,0,0.0,0.0,,1.0,1.0,cluster_tissue__C2__thymus,thymus,C2,condition,original,Ctrl_up,BP,1.0
GO:0042269,regulation of natural killer cell mediated cytotoxicity,7847,38,0,0,0.0,0.0,,1.0,1.0,cluster_tissue__C2__thymus,thymus,C2,condition,original,Ctrl_up,BP,1.0
GO:0045954,positive regulation of natural killer cell mediated cytotoxicity,7847,25,0,0,0.0,0.0,,1.0,1.0,cluster_tissue__C2__thymus,thymus,C2,condition,original,Ctrl_up,BP,1.0
GO:0001906,cell killing,7847,56,0,0,0.0,0.0,,1.0,1.0,cluster_tissue__C2__thymus,thymus,C2,condition,original,Ctrl_up,BP,1.0
GO:0016079,synaptic vesicle exocytosis,7847,20,0,0,0.0,0.0,,1.0,1.0,cluster_tissue__C2__thymus,thymus,C2,condition,original,Ctrl_up,BP,1.0
GO:0001914,regulation of T cell mediated cytotoxicity,7847,27,0,0,0.0,0.0,,1.0,1.0,cluster_tissue__C2__thymus,thymus,C2,condition,original,Ctrl_up,BP,1.0
GO:0001916,positive regulation of T cell mediated cytotoxicity,7847,22,0,0,0.0,0.0,,1.0,1.0,cluster_tissue__C2__thymus,thymus,C2,condition,original,Ctrl_up,BP,1.0
GO:0002707,negative regulation of lymphocyte mediated immunity,7847,37,0,0,0.0,0.0,,1.0,1.0,cluster_tissue__C2__thymus,thymus,C2,condition,original,Ctrl_up,BP,1.0
GO:0042267,natural killer cell mediated cytotoxicity,7847,26,0,0,0.0,0.0,,1.0,1.0,cluster_tissue__C2__thymus,thymus,C2,condition,original,Ctrl_up,BP,1.0
GO:0001909,leukocyte mediated cytotoxicity,7847,38,0,0,0.0,0.0,,1.0,1.0,cluster_tissue__C2__thymus,thymus,C2,condition,original,Ctrl_up,BP,1.0
GO:0001913,T cell mediated cytotoxicity,7847,13,0,0,0.0,0.0,,1.0,1.0,cluster_tissue__C2__thymus,thymus,C2,condition,original,Ctrl_up,BP,1.0
GO:0045953,negative regulation of natural killer cell mediated cytotoxicity,7847,15,0,0,0.0,0.0,,1.0,1.0,cluster_tissue__C2__thymus,thymus,C2,condition,original,Ctrl_up,BP,1.0
GO:0031342,negative regulation of cell killing,7847,21,0,0,0.0,0.0,,1.0,1.0,cluster_tissue__C2__thymus,thymus,C2,condition,original,Ctrl_up,BP,1.0
GO:0001911,negative regulation of leukocyte mediated cytotoxicity,7847,19,0,0,0.0,0.0,,1.0,1.0,cluster_tissue__C2__thymus,thymus,C2,condition,original,Ctrl_up,BP,1.0
GO:0001915,negative regulation of T cell mediated cytotoxicity,7847,5,0,0,0.0,0.0,,1.0,1.0,cluster_tissue__C2__thymus,thymus,C2,condition,original,Ctrl_up,BP,1.0
GO:0017156,calcium-ion regulated exocytosis,7847,15,0,0,0.0,0.0,,1.0,1.0,cluster_tissue__C2__thymus,thymus,C2,condition,original,Ctrl_up,BP,1.0
GO:0043316,cytotoxic T cell degranulation,7847,5,0,0,0.0,0.0,,1.0,1.0,cluster_tissue__C2__thymus,thymus,C2,condition,original,Ctrl_up,BP,1.0
GO:0002858,regulation of natural killer cell mediated cytotoxicity directed against tumor cell target,7847,5,0,0,0.0,0.0,,1.0,1.0,cluster_tissue__C2__thymus,thymus,C2,condition,original,Ctrl_up,BP,1.0
GO:0140507,granzyme-mediated programmed cell death signaling pathway,7847,8,0,0,0.0,0.0,,1.0,1.0,cluster_tissue__C2__thymus,thymus,C2,condition,original,Ctrl_up,BP,1.0
GO:0045921,positive regulation of exocytosis,9138,54,120,0,0.0,0.0,,1.0,1.0,cluster_tissue__C6__thymus,thymus,C6,condition,original,T2_up,BP,1.0
GO:0017158,regulation of calcium ion-dependent exocytosis,9138,23,120,1,0.0083333333333333,3.310869565217391,Cbarp,0.2624380393047947,1.0,cluster_tissue__C6__thymus,thymus,C6,condition,original,T2_up,BP,1.0
GO:0045956,positive regulation of calcium ion-dependent exocytosis,9138,7,120,0,0.0,0.0,,1.0,1.0,cluster_tissue__C6__thymus,thymus,C6,condition,original,T2_up,BP,1.0
GO:0017157,regulation of exocytosis,9138,119,120,1,0.0083333333333333,0.6399159663865546,Cbarp,0.7947179564835749,1.0,cluster_tissue__C6__thymus,thymus,C6,condition,original,T2_up,BP,1.0
GO:0045920,negative regulation of exocytosis,9138,26,120,1,0.0083333333333333,2.9288461538461537,Cbarp,0.2911895904207445,1.0,cluster_tissue__C6__thymus,thymus,C6,condition,original,T2_up,BP,1.0
GO:1903233,regulation of calcium ion-dependent exocytosis of neurotransmitter,9138,7,120,0,0.0,0.0,,1.0,1.0,cluster_tissue__C6__thymus,thymus,C6,condition,original,T2_up,BP,1.0
GO:2000301,negative regulation of synaptic vesicle exocytosis,9138,5,120,0,0.0,0.0,,1.0,1.0,cluster_tissue__C6__thymus,thymus,C6,condition,original,T2_up,BP,1.0
GO:0045955,negative regulation of calcium ion-dependent exocytosis,9138,8,120,1,0.0083333333333333,9.51875,Cbarp,0.1003887029351261,1.0,cluster_tissue__C6__thymus,thymus,C6,condition,original,T2_up,BP,1.0
GO:2000300,regulation of synaptic vesicle exocytosis,9138,34,120,0,0.0,0.0,,1.0,1.0,cluster_tissue__C6__thymus,thymus,C6,condition,original,T2_up,BP,1.0
GO:0006887,exocytosis,9138,102,120,0,0.0,0.0,,1.0,1.0,cluster_tissue__C6__thymus,thymus,C6,condition,original,T2_up,BP,1.0
GO:0045055,regulated exocytosis,9138,62,120,0,0.0,0.0,,1.0,1.0,cluster_tissue__C6__thymus,thymus,C6,condition,original,T2_up,BP,1.0
GO:0002449,lymphocyte mediated immunity,9138,94,120,2,0.0166666666666666,1.620212765957447,Hcst;Iglc2,0.3507372852896843,1.0,cluster_tissue__C6__thymus,thymus,C6,condition,original,T2_up,BP,1.0
GO:0002706,regulation of lymphocyte mediated immunity,9138,147,120,1,0.0083333333333333,0.5180272108843537,Klrb1c,0.8589984237983523,1.0,cluster_tissue__C6__thymus,thymus,C6,condition,original,T2_up,BP,1.0
GO:0002708,positive regulation of lymphocyte mediated immunity,9138,101,120,1,0.0083333333333333,0.753960396039604,Klrb1c,0.7388143440911893,1.0,cluster_tissue__C6__thymus,thymus,C6,condition,original,T2_up,BP,1.0
GO:0001912,positive regulation of leukocyte mediated cytotoxicity,9138,53,120,1,0.0083333333333333,1.4367924528301887,Klrb1c,0.5047137770520962,1.0,cluster_tissue__C6__thymus,thymus,C6,condition,original,T2_up,BP,1.0
GO:0031341,regulation of cell killing,9138,77,120,1,0.0083333333333333,0.988961038961039,Klrb1c,0.6401777366380239,1.0,cluster_tissue__C6__thymus,thymus,C6,condition,original,T2_up,BP,1.0
GO:0001910,regulation of leukocyte mediated cytotoxicity,9138,70,120,1,0.0083333333333333,1.0878571428571429,Klrb1c,0.6049971057951627,1.0,cluster_tissue__C6__thymus,thymus,C6,condition,original,T2_up,BP,1.0
GO:0031343,positive regulation of cell killing,9138,56,120,1,0.0083333333333333,1.3598214285714283,Klrb1c,0.5240838808659142,1.0,cluster_tissue__C6__thymus,thymus,C6,condition,original,T2_up,BP,1.0
GO:0042269,regulation of natural killer cell mediated cytotoxicity,9138,40,120,1,0.0083333333333333,1.90375,Klrb1c,0.4113347919854184,1.0,cluster_tissue__C6__thymus,thymus,C6,condition,original,T2_up,BP,1.0
GO:0045954,positive regulation of natural killer cell mediated cytotoxicity,9138,26,120,1,0.0083333333333333,2.9288461538461537,Klrb1c,0.2911895904207445,1.0,cluster_tissue__C6__thymus,thymus,C6,condition,original,T2_up,BP,1.0
GO:0001906,cell killing,9138,66,120,3,0.025,3.4613636363636364,Hcst;Romo1;Rpl30,0.0556508333521634,1.0,cluster_tissue__C6__thymus,thymus,C6,condition,original,T2_up,BP,1.0
GO:0016079,synaptic vesicle exocytosis,9138,25,120,0,0.0,0.0,,1.0,1.0,cluster_tissue__C6__thymus,thymus,C6,condition,original,T2_up,BP,1.0
GO:0001914,regulation of T cell mediated cytotoxicity,9138,29,120,0,0.0,0.0,,1.0,1.0,cluster_tissue__C6__thymus,thymus,C6,condition,original,T2_up,BP,1.0
GO:0001916,positive regulation of T cell mediated cytotoxicity,9138,24,120,0,0.0,0.0,,1.0,1.0,cluster_tissue__C6__thymus,thymus,C6,condition,original,T2_up,BP,1.0
GO:0002707,negative regulation of lymphocyte mediated immunity,9138,44,120,0,0.0,0.0,,1.0,1.0,cluster_tissue__C6__thymus,thymus,C6,condition,original,T2_up,BP,1.0
GO:0042267,natural killer cell mediated cytotoxicity,9138,29,120,1,0.0083333333333333,2.625862068965517,Hcst,0.318829329739404,1.0,cluster_tissue__C6__thymus,thymus,C6,condition,original,T2_up,BP,1.0
GO:0001909,leukocyte mediated cytotoxicity,9138,43,120,1,0.0083333333333333,1.7709302325581395,Hcst,0.4343243824281849,1.0,cluster_tissue__C6__thymus,thymus,C6,condition,original,T2_up,BP,1.0
GO:0001913,T cell mediated cytotoxicity,9138,13,120,0,0.0,0.0,,1.0,1.0,cluster_tissue__C6__thymus,thymus,C6,condition,original,T2_up,BP,1.0
GO:0045953,negative regulation of natural killer cell mediated cytotoxicity,9138,16,120,0,0.0,0.0,,1.0,1.0,cluster_tissue__C6__thymus,thymus,C6,condition,original,T2_up,BP,1.0
GO:0031342,negative regulation of cell killing,9138,22,120,0,0.0,0.0,,1.0,1.0,cluster_tissue__C6__thymus,thymus,C6,condition,original,T2_up,BP,1.0
GO:0001911,negative regulation of leukocyte mediated cytotoxicity,9138,20,120,0,0.0,0.0,,1.0,1.0,cluster_tissue__C6__thymus,thymus,C6,condition,original,T2_up,BP,1.0
GO:0001915,negative regulation of T cell mediated cytotoxicity,9138,5,120,0,0.0,0.0,,1.0,1.0,cluster_tissue__C6__thymus,thymus,C6,condition,original,T2_up,BP,1.0
GO:0017156,calcium-ion regulated exocytosis,9138,18,120,0,0.0,0.0,,1.0,1.0,cluster_tissue__C6__thymus,thymus,C6,condition,original,T2_up,BP,1.0
GO:0043316,cytotoxic T cell degranulation,9138,5,120,0,0.0,0.0,,1.0,1.0,cluster_tissue__C6__thymus,thymus,C6,condition,original,T2_up,BP,1.0
GO:0002858,regulation of natural killer cell mediated cytotoxicity directed against tumor cell target,9138,5,120,0,0.0,0.0,,1.0,1.0,cluster_tissue__C6__thymus,thymus,C6,condition,original,T2_up,BP,1.0
GO:0140507,granzyme-mediated programmed cell death signaling pathway,9138,10,120,0,0.0,0.0,,1.0,1.0,cluster_tissue__C6__thymus,thymus,C6,condition,original,T2_up,BP,1.0
GO:0045921,positive regulation of exocytosis,9138,54,151,1,0.0066225165562913,1.1206769683590876,Fcer1g,0.5944106660488125,1.0,cluster_tissue__C6__thymus,thymus,C6,condition,original,Ctrl_up,BP,1.0
GO:0017158,regulation of calcium ion-dependent exocytosis,9138,23,151,1,0.0066225165562913,2.6311546213648143,P2rx7,0.3186658484627952,1.0,cluster_tissue__C6__thymus,thymus,C6,condition,original,Ctrl_up,BP,1.0
GO:0045956,positive regulation of calcium ion-dependent exocytosis,9138,7,151,0,0.0,0.0,,1.0,1.0,cluster_tissue__C6__thymus,thymus,C6,condition,original,Ctrl_up,BP,1.0
GO:0017157,regulation of exocytosis,9138,119,151,2,0.0132450331125827,1.0170849796872392,Fcer1g;P2rx7,0.5887683157241475,1.0,cluster_tissue__C6__thymus,thymus,C6,condition,original,Ctrl_up,BP,1.0
GO:0045920,negative regulation of exocytosis,9138,26,151,0,0.0,0.0,,1.0,1.0,cluster_tissue__C6__thymus,thymus,C6,condition,original,Ctrl_up,BP,1.0
GO:1903233,regulation of calcium ion-dependent exocytosis of neurotransmitter,9138,7,151,1,0.0066225165562913,8.645222327341534,P2rx7,0.1101263676351012,1.0,cluster_tissue__C6__thymus,thymus,C6,condition,original,Ctrl_up,BP,1.0
GO:2000301,negative regulation of synaptic vesicle exocytosis,9138,5,151,0,0.0,0.0,,1.0,1.0,cluster_tissue__C6__thymus,thymus,C6,condition,original,Ctrl_up,BP,1.0
GO:0045955,negative regulation of calcium ion-dependent exocytosis,9138,8,151,0,0.0,0.0,,1.0,1.0,cluster_tissue__C6__thymus,thymus,C6,condition,original,Ctrl_up,BP,1.0
GO:2000300,regulation of synaptic vesicle exocytosis,9138,34,151,1,0.0066225165562913,1.7798987144526686,P2rx7,0.4330915840449116,1.0,cluster_tissue__C6__thymus,thymus,C6,condition,original,Ctrl_up,BP,1.0
GO:0006887,exocytosis,9138,102,151,3,0.0198675496688741,1.7798987144526683,Ccl5;Fcer1g;P2rx7,0.2377544685484057,1.0,cluster_tissue__C6__thymus,thymus,C6,condition,original,Ctrl_up,BP,1.0
GO:0045055,regulated exocytosis,9138,62,151,2,0.0132450331125827,1.952146977141636,Fcer1g;P2rx7,0.2733339285932017,1.0,cluster_tissue__C6__thymus,thymus,C6,condition,original,Ctrl_up,BP,1.0
GO:0002449,lymphocyte mediated immunity,9138,94,151,5,0.0331125827814569,3.2189657601803576,Cr1l;Fcer1g;Grb2;Klrc1;Klrk1,0.0195318673556801,1.0,cluster_tissue__C6__thymus,thymus,C6,condition,original,Ctrl_up,BP,1.0
GO:0002706,regulation of lymphocyte mediated immunity,9138,147,151,7,0.0463576158940397,2.881740775780511,Cr1l;Fcer1g;Grb2;Hspa8;Klrc1;Klrk1;P2rx7,0.010885492082495,1.0,cluster_tissue__C6__thymus,thymus,C6,condition,original,Ctrl_up,BP,1.0
GO:0002708,positive regulation of lymphocyte mediated immunity,9138,101,151,5,0.0331125827814569,2.995869123336175,Fcer1g;Hspa8;Klrc1;Klrk1;P2rx7,0.0257378866481348,1.0,cluster_tissue__C6__thymus,thymus,C6,condition,original,Ctrl_up,BP,1.0
GO:0001912,positive regulation of leukocyte mediated cytotoxicity,9138,53,151,4,0.0264900662251655,4.567287267274772,Hspa8;Klrc1;Klrk1;P2rx7,0.0112057807166876,1.0,cluster_tissue__C6__thymus,thymus,C6,condition,original,Ctrl_up,BP,1.0
GO:0031341,regulation of cell killing,9138,77,151,6,0.0397350993377483,4.715575814913563,Cr1l;Grb2;Hspa8;Klrc1;Klrk1;P2rx7,0.0016647043445459,0.677118492144062,cluster_tissue__C6__thymus,thymus,C6,condition,original,Ctrl_up,BP,0.4319287049188482
GO:0001910,regulation of leukocyte mediated cytotoxicity,9138,70,151,5,0.0331125827814569,4.322611163670767,Grb2;Hspa8;Klrc1;Klrk1;P2rx7,0.0058917819670081,0.9079349533251404,cluster_tissue__C6__thymus,thymus,C6,condition,original,Ctrl_up,BP,0.971267358744124
GO:0031343,positive regulation of cell killing,9138,56,151,4,0.0264900662251655,4.322611163670767,Hspa8;Klrc1;Klrk1;P2rx7,0.013532612798946,1.0,cluster_tissue__C6__thymus,thymus,C6,condition,original,Ctrl_up,BP,1.0
GO:0042269,regulation of natural killer cell mediated cytotoxicity,9138,40,151,3,0.0198675496688741,4.538741721854305,Grb2;Klrc1;Klrk1,0.0279810842724455,1.0,cluster_tissue__C6__thymus,thymus,C6,condition,original,Ctrl_up,BP,1.0
GO:0045954,positive regulation of natural killer cell mediated cytotoxicity,9138,26,151,2,0.0132450331125827,4.655119714722363,Klrc1;Klrk1,0.068090235079668,1.0,cluster_tissue__C6__thymus,thymus,C6,condition,original,Ctrl_up,BP,1.0
GO:0001906,cell killing,9138,66,151,2,0.0132450331125827,1.8338350391330525,Grb2;Klrk1,0.2978993108740526,1.0,cluster_tissue__C6__thymus,thymus,C6,condition,original,Ctrl_up,BP,1.0
GO:0016079,synaptic vesicle exocytosis,9138,25,151,1,0.0066225165562913,2.420662251655629,P2rx7,0.3410541831378814,1.0,cluster_tissue__C6__thymus,thymus,C6,condition,original,Ctrl_up,BP,1.0
GO:0001914,regulation of T cell mediated cytotoxicity,9138,29,151,2,0.0132450331125827,4.173555606302809,Hspa8;P2rx7,0.0824064756014479,1.0,cluster_tissue__C6__thymus,thymus,C6,condition,original,Ctrl_up,BP,1.0
GO:0001916,positive regulation of T cell mediated cytotoxicity,9138,24,151,2,0.0132450331125827,5.043046357615894,Hspa8;P2rx7,0.0590637082226731,1.0,cluster_tissue__C6__thymus,thymus,C6,condition,original,Ctrl_up,BP,1.0
GO:0002707,negative regulation of lymphocyte mediated immunity,9138,44,151,2,0.0132450331125827,2.7507525586995785,Cr1l;Grb2,0.1642071827861283,1.0,cluster_tissue__C6__thymus,thymus,C6,condition,original,Ctrl_up,BP,1.0
GO:0042267,natural killer cell mediated cytotoxicity,9138,29,151,2,0.0132450331125827,4.173555606302809,Grb2;Klrk1,0.0824064756014479,1.0,cluster_tissue__C6__thymus,thymus,C6,condition,original,Ctrl_up,BP,1.0
GO:0001909,leukocyte mediated cytotoxicity,9138,43,151,2,0.0132450331125827,2.814723548436778,Grb2;Klrk1,0.1583691765520583,1.0,cluster_tissue__C6__thymus,thymus,C6,condition,original,Ctrl_up,BP,1.0
GO:0001913,T cell mediated cytotoxicity,9138,13,151,0,0.0,0.0,,1.0,1.0,cluster_tissue__C6__thymus,thymus,C6,condition,original,Ctrl_up,BP,1.0
GO:0045953,negative regulation of natural killer cell mediated cytotoxicity,9138,16,151,1,0.0066225165562913,3.78228476821192,Grb2,0.2341892232137808,1.0,cluster_tissue__C6__thymus,thymus,C6,condition,original,Ctrl_up,BP,1.0
GO:0031342,negative regulation of cell killing,9138,22,151,1,0.0066225165562913,2.7507525586995785,Grb2,0.3071899469700883,1.0,cluster_tissue__C6__thymus,thymus,C6,condition,original,Ctrl_up,BP,1.0
GO:0001911,negative regulation of leukocyte mediated cytotoxicity,9138,20,151,1,0.0066225165562913,3.0258278145695363,Grb2,0.2836589828158767,1.0,cluster_tissue__C6__thymus,thymus,C6,condition,original,Ctrl_up,BP,1.0
GO:0001915,negative regulation of T cell mediated cytotoxicity,9138,5,151,0,0.0,0.0,,1.0,1.0,cluster_tissue__C6__thymus,thymus,C6,condition,original,Ctrl_up,BP,1.0
GO:0017156,calcium-ion regulated exocytosis,9138,18,151,0,0.0,0.0,,1.0,1.0,cluster_tissue__C6__thymus,thymus,C6,condition,original,Ctrl_up,BP,1.0
GO:0043316,cytotoxic T cell degranulation,9138,5,151,0,0.0,0.0,,1.0,1.0,cluster_tissue__C6__thymus,thymus,C6,condition,original,Ctrl_up,BP,1.0
GO:0002858,regulation of natural killer cell mediated cytotoxicity directed against tumor cell target,9138,5,151,1,0.0066225165562913,12.103311258278143,Klrk1,0.0799531307696132,1.0,cluster_tissue__C6__thymus,thymus,C6,condition,original,Ctrl_up,BP,1.0
GO:0140507,granzyme-mediated programmed cell death signaling pathway,9138,10,151,0,0.0,0.0,,1.0,1.0,cluster_tissue__C6__thymus,thymus,C6,condition,original,Ctrl_up,BP,1.0
GO:0045921,positive regulation of exocytosis,8078,50,0,0,0.0,0.0,,1.0,1.0,cluster_tissue__C7__thymus,thymus,C7,condition,original,T2_up,BP,1.0
GO:0017158,regulation of calcium ion-dependent exocytosis,8078,19,0,0,0.0,0.0,,1.0,1.0,cluster_tissue__C7__thymus,thymus,C7,condition,original,T2_up,BP,1.0
GO:0045956,positive regulation of calcium ion-dependent exocytosis,8078,5,0,0,0.0,0.0,,1.0,1.0,cluster_tissue__C7__thymus,thymus,C7,condition,original,T2_up,BP,1.0
GO:0017157,regulation of exocytosis,8078,106,0,0,0.0,0.0,,1.0,1.0,cluster_tissue__C7__thymus,thymus,C7,condition,original,T2_up,BP,1.0
GO:0045920,negative regulation of exocytosis,8078,24,0,0,0.0,0.0,,1.0,1.0,cluster_tissue__C7__thymus,thymus,C7,condition,original,T2_up,BP,1.0
GO:1903233,regulation of calcium ion-dependent exocytosis of neurotransmitter,8078,7,0,0,0.0,0.0,,1.0,1.0,cluster_tissue__C7__thymus,thymus,C7,condition,original,T2_up,BP,1.0
GO:2000301,negative regulation of synaptic vesicle exocytosis,8078,5,0,0,0.0,0.0,,1.0,1.0,cluster_tissue__C7__thymus,thymus,C7,condition,original,T2_up,BP,1.0
GO:0045955,negative regulation of calcium ion-dependent exocytosis,8078,7,0,0,0.0,0.0,,1.0,1.0,cluster_tissue__C7__thymus,thymus,C7,condition,original,T2_up,BP,1.0
GO:2000300,regulation of synaptic vesicle exocytosis,8078,30,0,0,0.0,0.0,,1.0,1.0,cluster_tissue__C7__thymus,thymus,C7,condition,original,T2_up,BP,1.0
GO:0006887,exocytosis,8078,90,0,0,0.0,0.0,,1.0,1.0,cluster_tissue__C7__thymus,thymus,C7,condition,original,T2_up,BP,1.0
GO:0045055,regulated exocytosis,8078,54,0,0,0.0,0.0,,1.0,1.0,cluster_tissue__C7__thymus,thymus,C7,condition,original,T2_up,BP,1.0
GO:0002449,lymphocyte mediated immunity,8078,81,0,0,0.0,0.0,,1.0,1.0,cluster_tissue__C7__thymus,thymus,C7,condition,original,T2_up,BP,1.0
GO:0002706,regulation of lymphocyte mediated immunity,8078,126,0,0,0.0,0.0,,1.0,1.0,cluster_tissue__C7__thymus,thymus,C7,condition,original,T2_up,BP,1.0
GO:0002708,positive regulation of lymphocyte mediated immunity,8078,85,0,0,0.0,0.0,,1.0,1.0,cluster_tissue__C7__thymus,thymus,C7,condition,original,T2_up,BP,1.0
GO:0001912,positive regulation of leukocyte mediated cytotoxicity,8078,41,0,0,0.0,0.0,,1.0,1.0,cluster_tissue__C7__thymus,thymus,C7,condition,original,T2_up,BP,1.0
GO:0031341,regulation of cell killing,8078,61,0,0,0.0,0.0,,1.0,1.0,cluster_tissue__C7__thymus,thymus,C7,condition,original,T2_up,BP,1.0
GO:0001910,regulation of leukocyte mediated cytotoxicity,8078,56,0,0,0.0,0.0,,1.0,1.0,cluster_tissue__C7__thymus,thymus,C7,condition,original,T2_up,BP,1.0
GO:0031343,positive regulation of cell killing,8078,43,0,0,0.0,0.0,,1.0,1.0,cluster_tissue__C7__thymus,thymus,C7,condition,original,T2_up,BP,1.0
GO:0042269,regulation of natural killer cell mediated cytotoxicity,8078,32,0,0,0.0,0.0,,1.0,1.0,cluster_tissue__C7__thymus,thymus,C7,condition,original,T2_up,BP,1.0
GO:0045954,positive regulation of natural killer cell mediated cytotoxicity,8078,20,0,0,0.0,0.0,,1.0,1.0,cluster_tissue__C7__thymus,thymus,C7,condition,original,T2_up,BP,1.0
GO:0001906,cell killing,8078,56,0,0,0.0,0.0,,1.0,1.0,cluster_tissue__C7__thymus,thymus,C7,condition,original,T2_up,BP,1.0
GO:0016079,synaptic vesicle exocytosis,8078,21,0,0,0.0,0.0,,1.0,1.0,cluster_tissue__C7__thymus,thymus,C7,condition,original,T2_up,BP,1.0
GO:0001914,regulation of T cell mediated cytotoxicity,8078,26,0,0,0.0,0.0,,1.0,1.0,cluster_tissue__C7__thymus,thymus,C7,condition,original,T2_up,BP,1.0
GO:0001916,positive regulation of T cell mediated cytotoxicity,8078,21,0,0,0.0,0.0,,1.0,1.0,cluster_tissue__C7__thymus,thymus,C7,condition,original,T2_up,BP,1.0
GO:0002707,negative regulation of lymphocyte mediated immunity,8078,41,0,0,0.0,0.0,,1.0,1.0,cluster_tissue__C7__thymus,thymus,C7,condition,original,T2_up,BP,1.0
GO:0042267,natural killer cell mediated cytotoxicity,8078,27,0,0,0.0,0.0,,1.0,1.0,cluster_tissue__C7__thymus,thymus,C7,condition,original,T2_up,BP,1.0
GO:0001909,leukocyte mediated cytotoxicity,8078,37,0,0,0.0,0.0,,1.0,1.0,cluster_tissue__C7__thymus,thymus,C7,condition,original,T2_up,BP,1.0
GO:0001913,T cell mediated cytotoxicity,8078,11,0,0,0.0,0.0,,1.0,1.0,cluster_tissue__C7__thymus,thymus,C7,condition,original,T2_up,BP,1.0
GO:0045953,negative regulation of natural killer cell mediated cytotoxicity,8078,14,0,0,0.0,0.0,,1.0,1.0,cluster_tissue__C7__thymus,thymus,C7,condition,original,T2_up,BP,1.0
GO:0031342,negative regulation of cell killing,8078,20,0,0,0.0,0.0,,1.0,1.0,cluster_tissue__C7__thymus,thymus,C7,condition,original,T2_up,BP,1.0
GO:0001911,negative regulation of leukocyte mediated cytotoxicity,8078,18,0,0,0.0,0.0,,1.0,1.0,cluster_tissue__C7__thymus,thymus,C7,condition,original,T2_up,BP,1.0
GO:0001915,negative regulation of T cell mediated cytotoxicity,8078,5,0,0,0.0,0.0,,1.0,1.0,cluster_tissue__C7__thymus,thymus,C7,condition,original,T2_up,BP,1.0
GO:0017156,calcium-ion regulated exocytosis,8078,16,0,0,0.0,0.0,,1.0,1.0,cluster_tissue__C7__thymus,thymus,C7,condition,original,T2_up,BP,1.0
GO:0043316,cytotoxic T cell degranulation,8078,5,0,0,0.0,0.0,,1.0,1.0,cluster_tissue__C7__thymus,thymus,C7,condition,original,T2_up,BP,1.0
GO:0002858,regulation of natural killer cell mediated cytotoxicity directed against tumor cell target,8078,5,0,0,0.0,0.0,,1.0,1.0,cluster_tissue__C7__thymus,thymus,C7,condition,original,T2_up,BP,1.0
GO:0140507,granzyme-mediated programmed cell death signaling pathway,8078,7,0,0,0.0,0.0,,1.0,1.0,cluster_tissue__C7__thymus,thymus,C7,condition,original,T2_up,BP,1.0
GO:0045921,positive regulation of exocytosis,8078,50,0,0,0.0,0.0,,1.0,1.0,cluster_tissue__C7__thymus,thymus,C7,condition,original,Ctrl_up,BP,1.0
GO:0017158,regulation of calcium ion-dependent exocytosis,8078,19,0,0,0.0,0.0,,1.0,1.0,cluster_tissue__C7__thymus,thymus,C7,condition,original,Ctrl_up,BP,1.0
GO:0045956,positive regulation of calcium ion-dependent exocytosis,8078,5,0,0,0.0,0.0,,1.0,1.0,cluster_tissue__C7__thymus,thymus,C7,condition,original,Ctrl_up,BP,1.0
GO:0017157,regulation of exocytosis,8078,106,0,0,0.0,0.0,,1.0,1.0,cluster_tissue__C7__thymus,thymus,C7,condition,original,Ctrl_up,BP,1.0
GO:0045920,negative regulation of exocytosis,8078,24,0,0,0.0,0.0,,1.0,1.0,cluster_tissue__C7__thymus,thymus,C7,condition,original,Ctrl_up,BP,1.0
GO:1903233,regulation of calcium ion-dependent exocytosis of neurotransmitter,8078,7,0,0,0.0,0.0,,1.0,1.0,cluster_tissue__C7__thymus,thymus,C7,condition,original,Ctrl_up,BP,1.0
GO:2000301,negative regulation of synaptic vesicle exocytosis,8078,5,0,0,0.0,0.0,,1.0,1.0,cluster_tissue__C7__thymus,thymus,C7,condition,original,Ctrl_up,BP,1.0
GO:0045955,negative regulation of calcium ion-dependent exocytosis,8078,7,0,0,0.0,0.0,,1.0,1.0,cluster_tissue__C7__thymus,thymus,C7,condition,original,Ctrl_up,BP,1.0
GO:2000300,regulation of synaptic vesicle exocytosis,8078,30,0,0,0.0,0.0,,1.0,1.0,cluster_tissue__C7__thymus,thymus,C7,condition,original,Ctrl_up,BP,1.0
GO:0006887,exocytosis,8078,90,0,0,0.0,0.0,,1.0,1.0,cluster_tissue__C7__thymus,thymus,C7,condition,original,Ctrl_up,BP,1.0
GO:0045055,regulated exocytosis,8078,54,0,0,0.0,0.0,,1.0,1.0,cluster_tissue__C7__thymus,thymus,C7,condition,original,Ctrl_up,BP,1.0
GO:0002449,lymphocyte mediated immunity,8078,81,0,0,0.0,0.0,,1.0,1.0,cluster_tissue__C7__thymus,thymus,C7,condition,original,Ctrl_up,BP,1.0
GO:0002706,regulation of lymphocyte mediated immunity,8078,126,0,0,0.0,0.0,,1.0,1.0,cluster_tissue__C7__thymus,thymus,C7,condition,original,Ctrl_up,BP,1.0
GO:0002708,positive regulation of lymphocyte mediated immunity,8078,85,0,0,0.0,0.0,,1.0,1.0,cluster_tissue__C7__thymus,thymus,C7,condition,original,Ctrl_up,BP,1.0
GO:0001912,positive regulation of leukocyte mediated cytotoxicity,8078,41,0,0,0.0,0.0,,1.0,1.0,cluster_tissue__C7__thymus,thymus,C7,condition,original,Ctrl_up,BP,1.0
GO:0031341,regulation of cell killing,8078,61,0,0,0.0,0.0,,1.0,1.0,cluster_tissue__C7__thymus,thymus,C7,condition,original,Ctrl_up,BP,1.0
GO:0001910,regulation of leukocyte mediated cytotoxicity,8078,56,0,0,0.0,0.0,,1.0,1.0,cluster_tissue__C7__thymus,thymus,C7,condition,original,Ctrl_up,BP,1.0
GO:0031343,positive regulation of cell killing,8078,43,0,0,0.0,0.0,,1.0,1.0,cluster_tissue__C7__thymus,thymus,C7,condition,original,Ctrl_up,BP,1.0
GO:0042269,regulation of natural killer cell mediated cytotoxicity,8078,32,0,0,0.0,0.0,,1.0,1.0,cluster_tissue__C7__thymus,thymus,C7,condition,original,Ctrl_up,BP,1.0
GO:0045954,positive regulation of natural killer cell mediated cytotoxicity,8078,20,0,0,0.0,0.0,,1.0,1.0,cluster_tissue__C7__thymus,thymus,C7,condition,original,Ctrl_up,BP,1.0
GO:0001906,cell killing,8078,56,0,0,0.0,0.0,,1.0,1.0,cluster_tissue__C7__thymus,thymus,C7,condition,original,Ctrl_up,BP,1.0
GO:0016079,synaptic vesicle exocytosis,8078,21,0,0,0.0,0.0,,1.0,1.0,cluster_tissue__C7__thymus,thymus,C7,condition,original,Ctrl_up,BP,1.0
GO:0001914,regulation of T cell mediated cytotoxicity,8078,26,0,0,0.0,0.0,,1.0,1.0,cluster_tissue__C7__thymus,thymus,C7,condition,original,Ctrl_up,BP,1.0
GO:0001916,positive regulation of T cell mediated cytotoxicity,8078,21,0,0,0.0,0.0,,1.0,1.0,cluster_tissue__C7__thymus,thymus,C7,condition,original,Ctrl_up,BP,1.0
GO:0002707,negative regulation of lymphocyte mediated immunity,8078,41,0,0,0.0,0.0,,1.0,1.0,cluster_tissue__C7__thymus,thymus,C7,condition,original,Ctrl_up,BP,1.0
GO:0042267,natural killer cell mediated cytotoxicity,8078,27,0,0,0.0,0.0,,1.0,1.0,cluster_tissue__C7__thymus,thymus,C7,condition,original,Ctrl_up,BP,1.0
GO:0001909,leukocyte mediated cytotoxicity,8078,37,0,0,0.0,0.0,,1.0,1.0,cluster_tissue__C7__thymus,thymus,C7,condition,original,Ctrl_up,BP,1.0
GO:0001913,T cell mediated cytotoxicity,8078,11,0,0,0.0,0.0,,1.0,1.0,cluster_tissue__C7__thymus,thymus,C7,condition,original,Ctrl_up,BP,1.0
GO:0045953,negative regulation of natural killer cell mediated cytotoxicity,8078,14,0,0,0.0,0.0,,1.0,1.0,cluster_tissue__C7__thymus,thymus,C7,condition,original,Ctrl_up,BP,1.0
GO:0031342,negative regulation of cell killing,8078,20,0,0,0.0,0.0,,1.0,1.0,cluster_tissue__C7__thymus,thymus,C7,condition,original,Ctrl_up,BP,1.0
GO:0001911,negative regulation of leukocyte mediated cytotoxicity,8078,18,0,0,0.0,0.0,,1.0,1.0,cluster_tissue__C7__thymus,thymus,C7,condition,original,Ctrl_up,BP,1.0
GO:0001915,negative regulation of T cell mediated cytotoxicity,8078,5,0,0,0.0,0.0,,1.0,1.0,cluster_tissue__C7__thymus,thymus,C7,condition,original,Ctrl_up,BP,1.0
GO:0017156,calcium-ion regulated exocytosis,8078,16,0,0,0.0,0.0,,1.0,1.0,cluster_tissue__C7__thymus,thymus,C7,condition,original,Ctrl_up,BP,1.0
GO:0043316,cytotoxic T cell degranulation,8078,5,0,0,0.0,0.0,,1.0,1.0,cluster_tissue__C7__thymus,thymus,C7,condition,original,Ctrl_up,BP,1.0
GO:0002858,regulation of natural killer cell mediated cytotoxicity directed against tumor cell target,8078,5,0,0,0.0,0.0,,1.0,1.0,cluster_tissue__C7__thymus,thymus,C7,condition,original,Ctrl_up,BP,1.0
GO:0140507,granzyme-mediated programmed cell death signaling pathway,8078,7,0,0,0.0,0.0,,1.0,1.0,cluster_tissue__C7__thymus,thymus,C7,condition,original,Ctrl_up,BP,1.0
