human,mouse_symbols,measured_mouse_genes,orthology,used
ALDH1L1,Aldh1l1,,one_to_one,False
SRY,Sry,,one_to_one,False
SOX12,Sox12,,one_to_one,False
FRY,Fry,Fry,one_to_one,True
RPE65,Rpe65,,one_to_one,False
YWHAE,Ywhae,Ywhae,one_to_one,True
CAMKV,Camkv,,one_to_one,False
HSD3B2,Hsd3b8,,ambiguous_orthology,False
HSD3B1,Hsd3b8,,ambiguous_orthology,False
HSD3B2,Hsd3b9,,ambiguous_orthology,False
HSD3B1,Hsd3b9,,ambiguous_orthology,False
HSD3B2,Hsd3b4,,ambiguous_orthology,False
HSD3B1,Hsd3b4,,ambiguous_orthology,False
HSD3B2,Hsd3b6,,ambiguous_orthology,False
HSD3B1,Hsd3b6,,ambiguous_orthology,False
HSD3B2,Hsd3b1,,ambiguous_orthology,False
HSD3B1,Hsd3b1,,ambiguous_orthology,False
HSD3B2,Hsd3b3,,ambiguous_orthology,False
HSD3B1,Hsd3b3,,ambiguous_orthology,False
HSD3B2,Hsd3b5,,ambiguous_orthology,False
HSD3B1,Hsd3b5,,ambiguous_orthology,False
HSD3B2,Hsd3b2,,ambiguous_orthology,False
HSD3B1,Hsd3b2,,ambiguous_orthology,False
TST,Tst,Tst,one_to_one,True
MPST,Mpst,Mpst,one_to_one,True
HS3ST1,Hs3st1,,one_to_one,False
HS3ST2,Hs3st2,,one_to_one,False
HS3ST3B1,Hs3st3b1,Hs3st3b1,one_to_one,True
HS3ST3A1,Hs3st3a1,,one_to_one,False
HS3ST4,Hs3st4,,one_to_one,False
RPS11,Rps11,Rps11,one_to_one,True
TNFRSF9,Tnfrsf9,Tnfrsf9,one_to_one,True
TICRR,Ticrr,,one_to_one,False
BSG,Bsg,Bsg,one_to_one,True
RPL36AL,Gm6525,,one_to_one,False
RPL36A,Rpl36a-ps1,Rpl36a-ps1,one_to_one,True
RPL36A,Rpl36a,Rpl36a,one_to_one,True
RPL36A,Rpl36al,Rpl36al,ambiguous_orthology,True
RPL36AL,Rpl36al,Rpl36al,ambiguous_orthology,False
RPL6,Rpl6,Rpl6,one_to_one,True
HS6ST1,Hs6st1,Hs6st1,one_to_one,True
HS6ST3,Hs6st3,,one_to_one,False
KDSR,Kdsr,Kdsr,one_to_one,True
MAP9,Map9,,one_to_one,False
TNFAIP3,Tnfaip3,Tnfaip3,one_to_one,True
ADORA2A,Adora2a,Adora2a,one_to_one,True
RBFOX1,Rbfox1,,one_to_one,False
PZP,Mug1,,one_to_one,False
PZP,Mug5,,one_to_one,False
PZP,Mug2,,one_to_one,False
ADORA3,Adora3,,one_to_one,False
HLA-DOA,H2-Oa,H2-Oa,one_to_one,True
HBZ,Hba-x,,one_to_one,False
HBA2,Hba-a2,,ambiguous_orthology,False
HBA1,Hba-a2,,ambiguous_orthology,False
HBQ1,Hbq1a,,one_to_one,False
CRYAA,Cryaa,,one_to_one,False
PRXL2C,Prxl2c,Prxl2c,one_to_one,True
AAK1,Aak1,Aak1,one_to_one,True
AANAT,Aanat,,one_to_one,False
AARS1,Aars1,Aars,one_to_one,True
RPL9,Rpl9-ps6,Rpl9-ps6,one_to_one,True
RPL9,Rpl9,Rpl9,one_to_one,True
ABCA1,Abca1,Abca1,one_to_one,True
ABCA17P,Abca17,,one_to_one,False
ABCA15P,Abca15,,one_to_one,False
ABCA3,Abca3,Abca3,one_to_one,True
ABCB5,Abcb5,,one_to_one,False
ABCB4,Abcb4,,one_to_one,False
ABCB1,Abcb1a,Abcb1a,one_to_one,True
ABCB1,Abcb1b,Abcb1b,one_to_one,True
TAP1,Tap1,Tap1,one_to_one,True
TAP2,Tap2,Tap2,one_to_one,True
ABCB6,Abcb6,Abcb6,one_to_one,True
ABCC6,Abcc6,,one_to_one,False
CFTR,Cftr,,one_to_one,False
ABCF2-H2BK1,Abcf2,Abcf2,ambiguous_orthology,False
ABCF2,Abcf2,Abcf2,ambiguous_orthology,False
ABCG4,Abcg4,,one_to_one,False
ABHD10,Abhd10,Abhd10,one_to_one,True
ABHD17A,Abhd17a,Abhd17a,one_to_one,True
ABHD2,Abhd2,Abhd2,one_to_one,True
EPHX4,Ephx4,,one_to_one,False
ABHD8,Abhd8,Abhd8,one_to_one,True
ABI1,Abi1,Abi1,one_to_one,True
ABI3BP,Abi3bp,,one_to_one,False
AOC1,Aoc1l1,,one_to_one,False
AOC1,Aoc1l3,,one_to_one,False
AOC1,Aoc1,,one_to_one,False
AOC1,Aoc1l2,,one_to_one,False
ABRA,Abra,,one_to_one,False
ABRAXAS1,Abraxas1,Abraxas1,one_to_one,True
ABRAXAS2,Abraxas2,Abraxas2,one_to_one,True
ADCY5,Adcy5,,one_to_one,False
ACAP2,Acap2,Acap2,one_to_one,True
SOAT2,Soat2,Soat2,one_to_one,True
ATP2A1,Atp2a1,,one_to_one,False
ACACA,Acaca,Acaca,one_to_one,True
ASIC2,Asic2,,one_to_one,False
ASIC3,Asic3,,one_to_one,False
ASIC1,Asic1,,one_to_one,False
ASIC4,Asic4,,one_to_one,False
FGF8,Fgf8,,one_to_one,False
FURIN,Furin,Furin,one_to_one,True
A1CF,A1cf,,one_to_one,False
MACF1,Macf1,Macf1,one_to_one,True
LARP6,Larp6,,one_to_one,False
CHRNA1,Chrna1,,one_to_one,False
CHRNB1,Chrnb1,,one_to_one,False
CHRNE,Chrne,Chrne,one_to_one,True
CHRNG,Chrng,,one_to_one,False
PGM5,Pgm5,,one_to_one,False
ACIN1,Acin1,Acin1,one_to_one,True
TNK1,Tnk1,,one_to_one,False
TNK2,Tnk2,Tnk2,one_to_one,True
ACLY,Acly,Acly,one_to_one,True
SDHAF3,Sdhaf3,Sdhaf3,one_to_one,True
ACOT11,Acot11,,one_to_one,False
BAAT,Baat,,one_to_one,False
ACOT9,Acot9,Acot9,one_to_one,True
ACP5,Acp5,Acp5,one_to_one,True
PXYLP1,Pxylp1,Pxylp1,one_to_one,True
ADIPOQ,Adipoq,,one_to_one,False
ACSL1,Acsl1,Acsl1,one_to_one,True
ACSL3,Acsl3,Acsl3,one_to_one,True
ACSL4,Acsl4,Acsl4,one_to_one,True
ACSS1,Acss1,Acss1,one_to_one,True
TRAF3IP2,Traf3ip2,Traf3ip2,one_to_one,True
ACTC1,Actc1,,one_to_one,False
INHBA,Inhba,,one_to_one,False
INHBB,Inhbb,,one_to_one,False
ACTA1,Acta1,,one_to_one,False
ACTE1P,Acte1,,one_to_one,False
POMC,Pomc,Pomc,one_to_one,True
ACTG1,Actg1,Actg1,one_to_one,True
ACTB,Actb,Actb,one_to_one,True
ACTN2,Actn2,Actn2,one_to_one,True
ACTN3,Actn3,,one_to_one,False
ACTR1B,Actr1b,Actr1b,one_to_one,True
ACTR1A,Actr1a,Actr1a,one_to_one,True
ACTR2,Actr2,Actr2,one_to_one,True
ACVR2A,Acvr2a,Acvr2a,one_to_one,True
ACVR2B,Acvr2b,,one_to_one,False
ACVR1,Acvr1,,one_to_one,False
ACVR1B,Acvr1b,Acvr1b,one_to_one,True
NOC3L,Noc3l,Noc3l,one_to_one,True
ADA,Ada,Ada,one_to_one,True
MAPDA,Mapda,Adal,one_to_one,True
ADAM10,Adam10,Adam10,one_to_one,True
ADAM12,Adam12,Adam12,one_to_one,True
ADAM17,Adam17,Adam17,one_to_one,True
ADAM8,Adam8,Adam8,one_to_one,True
ADAM9,Adam9,Adam9,one_to_one,True
ADAMTS15,Adamts15,,one_to_one,False
ADAMTS2,Adamts2,,one_to_one,False
ADAMTS8,Adamts8,,one_to_one,False
ADAMTSL2,Adamtsl2,,one_to_one,False
THSD4,Thsd4,,one_to_one,False
ADARB1,Adarb1,,one_to_one,False
COQ8A,Coq8a,Coq8a,one_to_one,True
COQ8B,Coq8b,Coq8b,one_to_one,True
ADCY8,Adcy8,,one_to_one,False
ADCY3,Adcy3,Adcy3,one_to_one,True
ADCY7,Adcy7,Adcy7,one_to_one,True
ADCY6,Adcy6,Adcy6,one_to_one,True
ADCY9,Adcy9,,one_to_one,False
ADCYAP1,Adcyap1,,one_to_one,False
ADCYAP1R1,Adcyap1r1,,one_to_one,False
ADD3,Add3,Add3,one_to_one,True
PLIN2,Plin2,Plin2,one_to_one,True
ADGRA1,Adgra1,,one_to_one,False
ADGRG7,Adgrg7,,one_to_one,False
ADGRL2,Adgrl2,,one_to_one,False
ADH5,Adh5,Adh5,one_to_one,True
ADIPOR1,Adipor1,Adipor1,one_to_one,True
ADISSP,Adissp,1700037H04Rik,one_to_one,True
ADK,Adk,Adk,one_to_one,True
ADM2,Adm2,,one_to_one,False
ACKR5,Ackr5,,one_to_one,False
ADNP,Adnp,Adnp,one_to_one,True
ADNP2,Adnp2,Adnp2,one_to_one,True
ADPRS,Adprs,Adprhl2,one_to_one,True
ADPRM,Adprm,Adprm,one_to_one,True
PARP2,Parp2,Parp2,one_to_one,True
SARS1,Sars1,Sars,one_to_one,True
ADRA1A,Adra1a,,one_to_one,False
ADRM1,Adrm1,Adrm1,one_to_one,True
ADRM1,Adrm1b,,one_to_one,True
ADSS2,Adss2,Adss,one_to_one,True
ADSS1,Adss1,Adssl1,one_to_one,True
AP1G1,Ap1g1,Ap1g1,one_to_one,True
HBA2,Hba-a1,,ambiguous_orthology,False
HBA1,Hba-a1,,ambiguous_orthology,False
SLC4A1,Slc4a1,,one_to_one,False
SLC4A2,Slc4a2,Slc4a2,one_to_one,True
SLC4A3,Slc4a3,,one_to_one,False
AEBP1,Aebp1,,one_to_one,False
CTNNA1,Ctnna1,Ctnna1,one_to_one,True
DLL1,Dll1,,one_to_one,False
LGMN,Lgmn,Lgmn,one_to_one,True
TLE5,Tle5,Tle5,one_to_one,True
CFP,Cfp,,one_to_one,False
HAS3,Has3,,one_to_one,False
HNF1A,Hnf1a,,one_to_one,False
GFAP,Gfap,,one_to_one,False
AFAP1L1,Afap1l1,,one_to_one,False
AFF1,Aff1,Aff1,one_to_one,True
PARVB,Parvb,,one_to_one,False
APOA2,Apoa2,,one_to_one,False
AGR3,Agr3,,one_to_one,False
GATM,Gatm,,one_to_one,False
ACAN,Acan,,one_to_one,False
AGFG1,Agfg1,Agfg1,one_to_one,True
AGL,Agl,Agl,one_to_one,True
IGFBP7,Igfbp7,,one_to_one,False
AGO1,Ago1,Ago1,one_to_one,True
AGO2,Ago2,Ago2,one_to_one,True
AGO3,Ago3,Ago3,one_to_one,True
AGO4,Ago4,,one_to_one,False
GPAT4,Gpat4,Gpat4,one_to_one,True
GPAT3,Gpat3,,one_to_one,False
AGRN,Agrn,Agrn,one_to_one,True
AGRP,Agrp,,one_to_one,False
AGTR1,Agtr1b,,one_to_one,False
APLNR,Aplnr,,one_to_one,False
AGXT,Agxt,,one_to_one,False
ETNPPL,Etnppl,,one_to_one,False
AHCYL2,Ahcyl2,Ahcyl2,one_to_one,True
AHR,Ahr,Ahr,one_to_one,True
AHRR,Ahrr,,one_to_one,False
AHSA1,Ahsa1,Ahsa1,one_to_one,True
AHSA2P,Ahsa2,Ahsa2,one_to_one,True
AHSG,Ahsg,,one_to_one,False
TGFB1,Tgfb1,Tgfb1,one_to_one,True
NAXE,Naxe,Naxe,one_to_one,True
YJEFN3,Yjefn3,,one_to_one,False
AICDA,Aicda,,one_to_one,False
AIFM1,Aifm1,Aifm1,one_to_one,True
AIF1L,Aif1l,,one_to_one,False
SLC45A2,Slc45a2,,one_to_one,False
CRYBG1,Crybg1,Crybg1,one_to_one,True
CRYBG2,Crybg2,Crybg2,one_to_one,True
AIMP1,Aimp1,Aimp1,one_to_one,True
AIPL1,Aipl1,,one_to_one,False
WDR75,Wdr75,Wdr75,one_to_one,True
WDR55,Wdr55,Wdr55,one_to_one,True
AK4,Ak4,,ambiguous_orthology,False
AK4P3,Ak4,,ambiguous_orthology,False
AK7,Ak7,,one_to_one,False
AKAP1,Akap1,,one_to_one,False
AKAP12,Akap12,Akap12,one_to_one,True
AKAP13,Akap13,Akap13,one_to_one,True
AK9,Ak9,,one_to_one,False
HSP90AA4P,Hsp90aa1,Hsp90aa1,ambiguous_orthology,False
HSP90AA1,Hsp90aa1,Hsp90aa1,ambiguous_orthology,False
AKR1A1,Akr1a1,Akr1a1,one_to_one,True
AKR1B10,Akr1b8,,ambiguous_orthology,False
AKR1B15,Akr1b8,,ambiguous_orthology,False
AKR1B10,Akr1b10,Akr1b10,ambiguous_orthology,False
AKR1B15,Akr1b10,Akr1b10,ambiguous_orthology,False
AKR1B1,Akr1b1,Akr1b3,one_to_one,True
AKR1B10,Akr1b7,,ambiguous_orthology,False
AKR1B15,Akr1b7,,ambiguous_orthology,False
EFNA5,Efna5,,one_to_one,False
ALAS2,Alas2,,one_to_one,False
ALAS1,Alas1,Alas1,one_to_one,True
ALCAM,Alcam,,one_to_one,False
ALDH1B1,Aldh1b1,Aldh1b1,one_to_one,True
ALDH2,Aldh2,Aldh2,one_to_one,True
ALDH3A2,Aldh3a2,Aldh3a2,one_to_one,True
ALDH3A1,Aldh3a1,,one_to_one,False
ALDH3B2,Aldh3b2,,one_to_one,False
ALDH3B2,Aldh3b3,,one_to_one,False
ALDH3B1,Aldh3b1,,one_to_one,False
ALDH9A1,Aldh9a1,Aldh9a1,one_to_one,True
ALDOA,Aldoa,Aldoa,one_to_one,True
ALDOC,Aldoc,,one_to_one,False
KCNK5,Kcnk5,Kcnk5,one_to_one,True
RNF121,Rnf121,Rnf121,one_to_one,True
COPS2,Cops2,Cops2,one_to_one,True
ACVRL1,Acvrl1,,one_to_one,False
BMPR1A,Bmpr1a,Bmpr1a,one_to_one,True
TGFBR1,Tgfbr1,Tgfbr1,one_to_one,True
BMPR1B,Bmpr1b,,one_to_one,False
PAF1,Paf1,Paf1,one_to_one,True
LMX1B,Lmx1b,,one_to_one,False
ALOX15,Alox15,,one_to_one,False
ALOX12,Alox12,,one_to_one,False
ALOX12B,Alox12b,,one_to_one,False
ALOX15B,Alox8,,one_to_one,False
ALOXE3,Aloxe3,,one_to_one,False
ALOX5,Alox5,,one_to_one,False
ALPL,Alpl,,one_to_one,False
PDLIM3,Pdlim3,,one_to_one,False
GBGT1,Gbgt1,,one_to_one,False
COL1A1,Col1a1,,one_to_one,False
COL1A2,Col1a2,,one_to_one,False
SPTAN1,Sptan1,Sptan1,one_to_one,True
HLA-DRA,H2-Ea,,one_to_one,False
HLA-DQA1,H2-Aa,,ambiguous_orthology,False
HLA-DQA2,H2-Aa,,ambiguous_orthology,False
CHN1,Chn1,,one_to_one,False
NAPA,Napa,Napa,one_to_one,True
ALPP,Alpi,,ambiguous_orthology,False
ALPI,Alpi,,ambiguous_orthology,False
ALPG,Alpi,,ambiguous_orthology,False
ALPP,Alppl2,,ambiguous_orthology,False
ALPI,Alppl2,,ambiguous_orthology,False
ALPG,Alppl2,,ambiguous_orthology,False
ALPP,Akp3,,ambiguous_orthology,False
ALPI,Akp3,,ambiguous_orthology,False
ALPG,Akp3,,ambiguous_orthology,False
GFER,Gfer,Gfer,one_to_one,True
ALS2,Als2,Als2,one_to_one,True
TMEM237,Tmem237,Tmem237,one_to_one,True
CARF,Carf,Carf,one_to_one,True
VSX2,Vsx2,,one_to_one,False
ALX4,Alx4,,one_to_one,False
VWA2,Vwa2,,one_to_one,False
AMBP,Ambp,,one_to_one,False
AMFR,Amfr,Amfr,one_to_one,True
MYH6,Myh6,,one_to_one,False
RUNX1,Runx1,Runx1,one_to_one,True
AMOTL2,Amotl2,,one_to_one,False
AMPD2,Ampd2,Ampd2,one_to_one,True
AMPD3,Ampd3,,one_to_one,False
PRKAA1,Prkaa1,Prkaa1,one_to_one,True
PRKAA2,Prkaa2,,one_to_one,False
DCAF7,Dcaf7,Dcaf7,one_to_one,True
WDHD1,Wdhd1,Wdhd1,one_to_one,True
NPPA,Nppa,,one_to_one,False
HESX1,Hesx1,,one_to_one,False
SAPCD2,Sapcd2,,one_to_one,False
ANGPT1,Angpt1,,one_to_one,False
ANGPT2,Angpt2,,one_to_one,False
VPS51,Vps51,Vps51,one_to_one,True
ANGPTL1,Angptl1,,one_to_one,False
ANGPTL2,Angptl2,,one_to_one,False
ANK1,Ank1,,one_to_one,False
ANK2,Ank2,,one_to_one,False
ANK3,Ank3,,one_to_one,False
ANKFN1,Ankfn1,,one_to_one,False
ANKH,Ank,Ank,one_to_one,True
ANKIB1,Ankib1,Ankib1,one_to_one,True
ANKMY2,Ankmy2,Ankmy2,one_to_one,True
ANKRD10,Ankrd10,Ankrd10,one_to_one,True
ANKRD13A,Ankrd13a,Ankrd13a,one_to_one,True
KANK1,Kank1,,one_to_one,False
AARD,Aard,,one_to_one,False
ANKRD28,Ankrd28,Ankrd28,one_to_one,True
ANKRD33,Ankrd33,,one_to_one,False
ANKRD33B,Ankrd33b,,one_to_one,False
SOWAHA,Sowaha,,one_to_one,False
ANKRD46,Ankrd46,Ankrd46,one_to_one,True
ANKRD52,Ankrd52,Ankrd52,one_to_one,True
SOWAHD,Sowahd,,one_to_one,False
ANKEF1,Ankef1,,one_to_one,False
ANKRD6,Ankrd6,Ankrd6,one_to_one,True
NUSAP1,Nusap1,Nusap1,one_to_one,True
ANO1,Ano1,,one_to_one,False
ANO10,Ano10,Ano10,one_to_one,True
ANO2,Ano2,,one_to_one,False
ANPEP,Anpep,,one_to_one,False
SERPINC1,Serpinc1,,one_to_one,False
LEFTY2,Lefty2,,one_to_one,False
LEFTY1,Lefty1,,one_to_one,False
ANTXR1,Antxr1,,one_to_one,False
ZFAND4,Zfand4,,one_to_one,False
ANXA5,Anxa5,Anxa5,one_to_one,True
ANXA3,Anxa3,,one_to_one,False
KDM1A,Kdm1a,Kdm1a,one_to_one,True
AOX3P,Aox3,,one_to_one,False
AOX1,Aox1,,one_to_one,False
AOX2P,Aox2,,one_to_one,False
TFAP2A,Tfap2a,,one_to_one,False
TFAP2B,Tfap2b,,one_to_one,False
AP2M1,Ap2m1,Ap2m1,one_to_one,True
AP3B1,Ap3b1,Ap3b1,one_to_one,True
AP4B1,Ap4b1,Ap4b1,one_to_one,True
APBA1,Apba1,,one_to_one,False
APBA2,Apba2,,one_to_one,False
APBB2,Apbb2,Apbb2,one_to_one,True
SPEG,Speg,,one_to_one,False
ATG3,Atg3,Atg3,one_to_one,True
ATG4B,Atg4b,Atg4b,one_to_one,True
ATG4C,Atg4c,,one_to_one,False
ATG5,Atg5,Atg5,one_to_one,True
API5,Api5,Api5,one_to_one,True
CENPS-CORT,Cenps,Cenps,ambiguous_orthology,False
CENPS,Cenps,Cenps,ambiguous_orthology,False
PRKCI,Prkci,Prkci,one_to_one,True
APLP1,Aplp1,Aplp1,one_to_one,True
APOBEC2,Apobec2,,one_to_one,False
APOA1,Apoa1,,one_to_one,False
APOA4,Apoa4,,one_to_one,False
APOB,Apob,,one_to_one,False
APOD,Apod,,one_to_one,False
APOE,Apoe,,one_to_one,False
LRP8,Lrp8,Lrp8,one_to_one,True
APOO,Apoo,Apoo,one_to_one,True
COA8,Coa8,Apopt1,one_to_one,True
PYCARD,Pycard,Pycard,one_to_one,True
APP,App,App,one_to_one,True
NAE1,Nae1,Nae1,one_to_one,True
TNFSF13,Tnfsf13,,one_to_one,False
MIP,Mip,,one_to_one,False
AQP11,Aqp11,Aqp11,one_to_one,True
AQP1,Aqp1,,one_to_one,False
AQP3,Aqp3,Aqp3,one_to_one,True
AQP8,Aqp8,,one_to_one,False
AQP9,Aqp9,Aqp9,one_to_one,True
CYP19A1,Cyp19a1,,one_to_one,False
AR,Ar,Ar,one_to_one,True
RNF14,Rnf14,Rnf14,one_to_one,True
SLC25A12,Slc25a12,Slc25a12,one_to_one,True
RPLP0P6,Rplp0,Rplp0,ambiguous_orthology,False
RPLP0,Rplp0,Rplp0,ambiguous_orthology,False
ARCN1,Arcn1,Arcn1,one_to_one,True
NAA10,Naa10,Naa10,one_to_one,True
NAA11,Naa11,,one_to_one,False
ARF1,Arf1,Arf1,one_to_one,True
ARF2P,Arf2,Arf2,one_to_one,True
ARF3,Arf3,Arf3,one_to_one,True
ARF6,Arf6,Arf6,one_to_one,True
PPARG,Pparg,,one_to_one,False
AVP,Avp,,one_to_one,False
ARGLU1,Arglu1,Arglu1,one_to_one,True
SORBS2,Sorbs2,,one_to_one,False
RHOA,Rhoa,Rhoa,one_to_one,True
RND3,Rnd3,,one_to_one,False
ARHGAP12,Arhgap12,Arhgap12,one_to_one,True
ARHGAP22,Arhgap22,,one_to_one,False
ARHGAP23,Arhgap23,,one_to_one,False
ARHGAP29,Arhgap29,,one_to_one,False
ARHGAP35,Arhgap35,Arhgap35,one_to_one,True
ARHGAP44,Arhgap44,,one_to_one,False
ARHGAP45,Arhgap45,Arhgap45,one_to_one,True
ARHGAP36,Arhgap36,,one_to_one,False
ARHGAP6,Arhgap6,,one_to_one,False
ARHGEF1,Arhgef1,Arhgef1,one_to_one,True
ARHGEF2,Arhgef2,Arhgef2,one_to_one,True
ARHGEF10L,Arhgef10l,,one_to_one,False
ARHGEF15,Arhgef15,,one_to_one,False
ARHGEF18,Arhgef18,Arhgef18,one_to_one,True
ARHGEF28,Arhgef28,,one_to_one,False
ARHGEF37,Arhgef37,,one_to_one,False
ARHGEF7,Arhgef7,Arhgef7,one_to_one,True
ARHGEF9,Arhgef9,,one_to_one,False
RND2,Rnd2,,one_to_one,False
RND1,Rnd1,,one_to_one,False
TOMM20,Tomm20,Tomm20,one_to_one,True
ARID5A,Arid5a,Arid5a,one_to_one,True
PHOX2A,Phox2a,,one_to_one,False
ARL8B,Arl8b,Arl8b,one_to_one,True
ARL15,Arl15,Arl15,one_to_one,True
ARL13B,Arl13b,Arl13b,one_to_one,True
ARL3,Arl3,Arl3,one_to_one,True
ARL4A,Arl4a,Arl4a,one_to_one,True
ARL6IP1,Arl6ip1,Arl6ip1,one_to_one,True
ATL2,Atl2,Atl2,one_to_one,True
ARL6IP5,Arl6ip5,Arl6ip5,one_to_one,True
ARL5B,Arl5b,Arl5b,one_to_one,True
ODAD2,Odad2,,one_to_one,False
DCPH1,Dcph1,Armt1,one_to_one,True
ARNT,Arnt,Arnt,one_to_one,True
ARNT2,Arnt2,,one_to_one,False
BMAL1,Bmal1,Arntl,one_to_one,True
BMAL2,Bmal2,,one_to_one,False
DDC,Ddc,Ddc,one_to_one,True
ARPC5,Arpc5,Arpc5,one_to_one,True
ARPC5L,Arpc5l,Arpc5l,one_to_one,True
ARPP19,Arpp19,Arpp19,one_to_one,True
ARR3,Arr3,,one_to_one,False
ARRB2,Arrb2,Arrb2,one_to_one,True
ARRDC1,Arrdc1,Arrdc1,one_to_one,True
ARRB1,Arrb1,Arrb1,one_to_one,True
ARRDC3,Arrdc3,Arrdc3,one_to_one,True
SAG,Sag,Sag,one_to_one,True
SRRT,Srrt,Srrt,one_to_one,True
ARSI,Arsi,,one_to_one,False
ARX,Arx,,one_to_one,False
ASAH1,Asah1,Asah1,one_to_one,True
ASAP1,Asap1,Asap1,one_to_one,True
ASB12,Asb12,,one_to_one,False
ASB13,Asb13,Asb13,one_to_one,True
ASB14,Asb14,,one_to_one,False
ASF1B,Asf1b,Asf1b,one_to_one,True
ASF1A,Asf1a,Asf1a,one_to_one,True
ASB2,Asb2,Asb2,one_to_one,True
ASB5,Asb5,,one_to_one,False
SLC10A2,Slc10a2,,one_to_one,False
CLEC10A,Clec10a,,one_to_one,False
ASGR1,Asgr1,,one_to_one,False
ASGR2,Asgr2,,one_to_one,False
CLEC10A,Mgl2,,one_to_one,False
ASCL1,Ascl1,,one_to_one,False
PARD3,Pard3,,one_to_one,False
ASIP,a,,one_to_one,False
MAP3K5,Map3k5,Map3k5,one_to_one,True
LHFPL5,Lhfpl5,,one_to_one,False
GET3,Get3,Asna1,one_to_one,True
ASPN,Aspn,,one_to_one,False
TP53BP2,Trp53bp2,Trp53bp2,one_to_one,True
ASS1,Ass1,Ass1,one_to_one,True
ROBO2,Robo2,,one_to_one,False
ASTE1,Aste1,Aste1,one_to_one,True
SLC17A8,Slc17a8,,one_to_one,False
INTS13,Ints13,Ints13,one_to_one,True
ATAD1,Atad1,Atad1,one_to_one,True
ATAD3A,Atad3a,Atad3a,ambiguous_orthology,False
ATAD3C,Atad3a,Atad3a,ambiguous_orthology,False
ATAD3B,Atad3a,Atad3a,ambiguous_orthology,False
PRR15L,Prr15l,,one_to_one,False
UBQLN4,Ubqln4,Ubqln4,one_to_one,True
DTD2,Dtd2,Dtd2,one_to_one,True
ATF2,Atf2,Atf2,one_to_one,True
ATF4,Atf4,Atf4,one_to_one,True
PNPLA2,Pnpla2,Pnpla2,one_to_one,True
ATOH1,Atoh1,,one_to_one,False
ATOH7,Atoh7,,one_to_one,False
PGGHG,Pgghg,Pgghg,one_to_one,True
DTNA,Dtna,,one_to_one,False
NEUROD6,Neurod6,,one_to_one,False
NEUROG3,Neurog3,,one_to_one,False
ATP1A1,Atp1a1,Atp1a1,one_to_one,True
ATP1B2,Atp1b2,,one_to_one,False
ATP1B3,Atp1b3,Atp1b3,one_to_one,True
ATP2A2,Atp2a2,Atp2a2,one_to_one,True
ATP2B3,Atp2b3,,one_to_one,False
ATP5F1A,Atp5f1a,Atp5a1,one_to_one,True
ATP5F1B,Atp5f1b,Atp5b,one_to_one,True
ATP5F1C,Atp5f1c,Atp5c1,one_to_one,True
ATP5F1D,Atp5f1d,Atp5d,one_to_one,True
ATP5F1E,Atp5f1e,Atp5e,ambiguous_orthology,False
ATP5F1EP2,Atp5f1e,Atp5e,ambiguous_orthology,False
ATP5PB,Atp5pb,Atp5f1,one_to_one,True
ATP5MC3,Atp5mc3,Atp5g3,one_to_one,True
ATP5MC1,Atp5mc1,Atp5g1,one_to_one,True
ATP5PD,Atp5pd,Atp5h,one_to_one,True
ATP5ME,Atp5me,Atp5k,one_to_one,True
ATP5PF,Atp5pf,Atp5j,one_to_one,True
ATP5MF,Atp5mf,Atp5j2,one_to_one,True
ATP5MJ,Atp5mj,Atp5mpl,one_to_one,True
ATP5PO,Atp5po,Atp5o,one_to_one,True
DMAC2L,Dmac2l,Dmac2l,one_to_one,True
ATP6,mt-Atp6,mt-Atp6,one_to_one,True
ATP6AP1,Atp6ap1,Atp6ap1,one_to_one,True
ATP6AP1L,Atp6ap1l,,one_to_one,False
ATP6V1E2,Atp6v1e2,,one_to_one,False
ATP6V1E1,Atp6v1e1,Atp6v1e1,one_to_one,True
ATP6V0C,Atp6v0c,Atp6v0c,one_to_one,True
ATP6V0A1,Atp6v0a1,Atp6v0a1,one_to_one,True
ATP6V0E1,Atp6v0e,Atp6v0e,one_to_one,True
ATP6V1A,Atp6v1a,Atp6v1a,one_to_one,True
ATP6V1B2,Atp6v1b2,Atp6v1b2,one_to_one,True
ATP6V1C1,Atp6v1c1,Atp6v1c1,one_to_one,True
ATP1A2,Atp1a2,,one_to_one,False
ATP1A3,Atp1a3,,one_to_one,False
GPN2,Gpn2,Gpn2,one_to_one,True
GPN3,Gpn3,Gpn3,one_to_one,True
DPH6,Dph6,Dph6,one_to_one,True
ATP5IF1,Atp5if1,Atpif1,one_to_one,True
ANTKMT,Antkmt,Fam173a,one_to_one,True
ALDH7A1,Aldh7a1,Aldh7a1,one_to_one,True
ANTXR2,Antxr2,Antxr2,one_to_one,True
ATRNL1,Atrnl1,,one_to_one,False
FBXO32,Fbxo32,Fbxo32,one_to_one,True
RERE,Rere,Rere,one_to_one,True
ENPP2,Enpp2,,one_to_one,False
ATXN1,Atxn1,Atxn1,one_to_one,True
ATXN7L2,Atxn7l2,Atxn7l2,one_to_one,True
ATXN7L3,Atxn7l3,Atxn7l3,one_to_one,True
ALKAL2,Alkal2,,one_to_one,False
ALKAL1,Alkal1,,one_to_one,False
THRSP,Thrsp,,one_to_one,False
AURKC,Aurkc,,one_to_one,False
AURKB,Aurkb,Aurkb,one_to_one,True
AUTS2,Auts2,,one_to_one,False
DNAJC6,Dnajc6,,one_to_one,False
AVPR1A,Avpr1a,,one_to_one,False
AVPR2,Avpr2,,one_to_one,False
ZFAND6,Zfand6,Zfand6,one_to_one,True
FOXA2,Foxa2,,one_to_one,False
AXIN2,Axin2,Axin2,one_to_one,True
MARCHF7,Marchf7,March7,one_to_one,True
CSRNP1,Csrnp1,Csrnp1,one_to_one,True
LPCAT1,Lpcat1,Lpcat1,one_to_one,True
GLRA1,Glra1,,one_to_one,False
GLRA4,Glra4,,one_to_one,False
CEP131,Cep131,Cep131,one_to_one,True
AZIN1,Azin1,Azin1,one_to_one,True
OAZ1,Oaz1,Oaz1,one_to_one,True
OAZ2,Oaz2,Oaz2,one_to_one,True
B3GALT1,B3galt1,,one_to_one,False
B3GLCT,B3glct,B3glct,one_to_one,True
B3GAT1,B3gat1,,one_to_one,False
B4GAT1,B4gat1,B4gat1,one_to_one,True
B3GNT3,B3gnt3,B3gnt3,one_to_one,True
B3GNT5,B3gnt5,B3gnt5,one_to_one,True
QTGAL,Qtgal,B3gntl1,one_to_one,True
B4GALNT2,B4galnt2,,one_to_one,False
HBB,Hbb-bh2,,ambiguous_orthology,False
HBD,Hbb-bh2,,ambiguous_orthology,False
HBE1,Hbb-y,,one_to_one,False
BAALC,Baalc,,one_to_one,False
BACE2,Bace2,,one_to_one,False
BACH1,Bach1,Bach1,one_to_one,True
BACH2,Bach2,Bach2,one_to_one,True
OTOP1,Otop1,,one_to_one,False
BAD,Bad,Bad,one_to_one,True
ITGA3,Itga3,Itga3,one_to_one,True
SMARCC2,Smarcc2,Smarcc2,one_to_one,True
ACTL6A,Actl6a,Actl6a,one_to_one,True
SMARCE1,Smarce1,Smarce1,one_to_one,True
SMARCD1,Smarcd1,Smarcd1,one_to_one,True
TNFSF13B,Tnfsf13b,,one_to_one,False
BAHCC1,Bahcc1,,one_to_one,False
ADGRB1,Adgrb1,,one_to_one,False
ADGRB2,Adgrb2,,one_to_one,False
ADGRB3,Adgrb3,,one_to_one,False
MAGI1,Magi1,,one_to_one,False
BAIAP2L1,Baiap2l1,,one_to_one,False
BAIAP2L2,Baiap2l2,,one_to_one,False
CHAT,Chat,,one_to_one,False
LAMA1,Lama1,,one_to_one,False
BAMBI,Bambi,,one_to_one,False
STOM,Stom,,one_to_one,False
GLRB,Glrb,,one_to_one,False
CSE1L,Cse1l,Cse1l,one_to_one,True
HEATR1,Heatr1,Heatr1,one_to_one,True
NKX3-2,Nkx3-2,,one_to_one,False
UBIAD1,Ubiad1,Ubiad1,one_to_one,True
BARHL1,Barhl1,,one_to_one,False
CEL,Cel,,one_to_one,False
DDX39B,Ddx39b,Ddx39b,one_to_one,True
BAG6,Bag6,Bag6,one_to_one,True
ABHD16B,Abhd16b,,one_to_one,False
ABHD16A,Abhd16a,Abhd16a,one_to_one,True
EHMT2,Ehmt2,Ehmt2,one_to_one,True
BAX,Bax,Bax,one_to_one,True
GAPDH,Gapdhrt2,,one_to_one,False
GAPDH,Gapdhrt,,one_to_one,False
GAPDH,Gapdh,Gapdh,one_to_one,True
RPL7,Rpl7,Rpl7,one_to_one,True
BBIP1,Bbip1,Bbip1,one_to_one,True
BBOF1,Bbof1,Bbof1,one_to_one,True
MAPKAPK2,Mapkapk2,Mapkapk2,one_to_one,True
TRIM32,Trim32,Trim32,one_to_one,True
ARL6,Arl6,,one_to_one,False
MKKS,Mkks,Mkks,one_to_one,True
TTC8,Ttc8,Ttc8,one_to_one,True
BLCAP,Blcap,Blcap,one_to_one,True
CHMP2A,Chmp2a,Chmp2a,one_to_one,True
PHB2,Phb2,Phb2,one_to_one,True
MEPCE,Mepce,Mepce,one_to_one,True
BCO1,Bco1,,one_to_one,False
BCO2,Bco2,,one_to_one,False
CKB,Ckb,Ckb,one_to_one,True
BCL11A,Bcl11a,,one_to_one,False
BCL11B,Bcl11b,Bcl11b,one_to_one,True
BCL2,Bcl2,Bcl2,one_to_one,True
BCL2L1,Bcl2l1,Bcl2l1,one_to_one,True
BCL6,Bcl6,Bcl6,one_to_one,True
BCL7B,Bcl7b,Bcl7b,one_to_one,True
BCL9L,Bcl9l,Bcl9l,one_to_one,True
BDKRB1,Bdkrb1,,one_to_one,False
DLL3,Dll3,,one_to_one,False
ITGA5,Itga5,Itga5,one_to_one,True
LHX2,Lhx2,,one_to_one,False
PSMB6,Psmb6,Psmb6,one_to_one,True
ITGB1,Itgb1,Itgb1,one_to_one,True
PSMB9,Psmb9,Psmb9,one_to_one,True
PSMB7,Psmb7,Psmb7,one_to_one,True
PSMB10,Psmb10,Psmb10,one_to_one,True
NEUROD1,Neurod1,,one_to_one,False
BHLHE22,Bhlhe22,,one_to_one,False
BHLHE23,Bhlhe23,,one_to_one,False
PSMB5,Psmb5,Psmb5,one_to_one,True
PSMB8,Psmb8,Psmb8,one_to_one,True
PSMB11,Psmb11,,one_to_one,False
HLA-DRB3,H2-Eb2,,ambiguous_orthology,False
HLA-DRB4,H2-Eb2,,ambiguous_orthology,False
HLA-DRB1,H2-Eb2,,ambiguous_orthology,False
HLA-DRB5,H2-Eb2,,ambiguous_orthology,False
HLA-DOB,H2-Ob,,one_to_one,False
HLA-DQB1,H2-Ab1,,ambiguous_orthology,False
HLA-DQB2,H2-Ab1,,ambiguous_orthology,False
NAPB,Napb,,one_to_one,False
CFB,Cfb,,one_to_one,False
FOXG1,Foxg1,,one_to_one,False
FABP7,Fabp7,,one_to_one,False
ADGRG6,Adgrg6,,one_to_one,False
BGN,Bgn,,one_to_one,False
BHLHE40,Bhlhe40,Bhlhe40,one_to_one,True
BHLHE41,Bhlhe41,,one_to_one,False
BHLHA15,Bhlha15,,one_to_one,False
TMBIM6,Tmbim6,Tmbim6,one_to_one,True
CDH2,Cdh2,,one_to_one,False
BICDL1,Bicdl1,Bicdl1,one_to_one,True
BICC1,Bicc1,,one_to_one,False
BICD2,Bicd2,Bicd2,one_to_one,True
BID,Bid,Bid,one_to_one,True
TGFBI,Tgfbi,,one_to_one,False
KLF17,Klf17,,one_to_one,False
BCL2L11,Bcl2l11,Bcl2l11,one_to_one,True
BIN1,Bin1,Bin1,one_to_one,True
BIN2,Bin2,Bin2,one_to_one,True
ZBTB22,Zbtb22,Zbtb22,one_to_one,True
MYL12B,Myl12b,Myl12b,ambiguous_orthology,False
MYL12A,Myl12b,Myl12b,ambiguous_orthology,False
WDR46,Wdr46,Wdr46,one_to_one,True
HSPA5,Hspa5,Hspa5,one_to_one,True
SLC12A7,Slc12a7,Slc12a7,one_to_one,True
BIRC3,Birc3,Birc3,one_to_one,True
BIRC2,Birc2,Birc2,one_to_one,True
BIRC8,Xiap,Xiap,ambiguous_orthology,False
XIAP,Xiap,Xiap,ambiguous_orthology,False
FREM2,Frem2,,one_to_one,False
SLC37A2,Slc37a2,Slc37a2,one_to_one,True
PRDM1,Prdm1,Prdm1,one_to_one,True
PTCH1,Ptch1,Ptch1,one_to_one,True
PTCH2,Ptch2,,one_to_one,False
LTB4R,Ltb4r1,Ltb4r1,one_to_one,True
LTB4R2,Ltb4r2,,one_to_one,False
BLK,Blk,Blk,one_to_one,True
SLC17A6,Slc17a6,,one_to_one,False
KAT6A,Kat6a,Kat6a,one_to_one,True
COMMD3-BMI1,Bmi1,Bmi1,ambiguous_orthology,False
BMI1,Bmi1,Bmi1,ambiguous_orthology,False
BMP10,Bmp10,,one_to_one,False
GDF11,Gdf11,Gdf11,one_to_one,True
GDF7,Gdf7,,one_to_one,False
GDF6,Gdf6,,one_to_one,False
GDF5,Gdf5,,one_to_one,False
BMP2,Bmp2,,one_to_one,False
GDF10,Gdf10,,one_to_one,False
BMP4,Bmp4,,one_to_one,False
BMP5,Bmp5,,one_to_one,False
BMP7,Bmp7,Bmp7,one_to_one,True
BMP8B,Bmp8a,,ambiguous_orthology,False
BMP8A,Bmp8a,,ambiguous_orthology,False
GDF2,Gdf2,,one_to_one,False
BMS1,Bms1,Bms1,one_to_one,True
SAMTOR,Samtor,Bmt2,one_to_one,True
MYBL2,Mybl2,,one_to_one,False
BNIP3L,Bnip3l,Bnip3l,one_to_one,True
ATCAY,Atcay,,one_to_one,False
BNC2,Bnc2,,one_to_one,False
NPPB,Nppb,,one_to_one,False
BOK,Bok,,one_to_one,False
MIXL1,Mixl1,,one_to_one,False
IFITM5,Ifitm5,,one_to_one,False
BCL2L10,Bcl2l10,,one_to_one,False
EXTL3,Extl3,Extl3,one_to_one,True
DST,Dst,Dst,one_to_one,True
TBXT,T,,one_to_one,False
SMARCA4,Smarca4,Smarca4,one_to_one,True
ZMYND11,Zmynd11,Zmynd11,one_to_one,True
UQCC6,Uqcc6,1190007I07Rik,one_to_one,True
PTBP1,Ptbp1,Ptbp1,one_to_one,True
BRD1,Brd1,Brd1,one_to_one,True
BRD2,Brd2,Brd2,one_to_one,True
BRD8,Brd8,Brd8,one_to_one,True
KCNH6,Kcnh6,,one_to_one,False
BABAM2,Babam2,Babam2,one_to_one,True
BRF1,Brf1,Brf1,one_to_one,True
BRINP3,Brinp3,,one_to_one,False
BRMS1L,Brms1l,Brms1l,one_to_one,True
POU3F3,Pou3f3,,one_to_one,False
POU3F2,Pou3f2,,one_to_one,False
POU4F1,Pou4f1,,one_to_one,False
POU4F3,Pou4f3,,one_to_one,False
POU4F2,Pou4f2,,one_to_one,False
TBC1D32,Tbc1d32,Tbc1d32,one_to_one,True
VWC2,Vwc2,,one_to_one,False
VWC2L,Vwc2l,,one_to_one,False
HGH1,Hgh1,Hgh1,one_to_one,True
MPC2,Mpc2,Mpc2,one_to_one,True
TP53,Trp53,Trp53,one_to_one,True
BRPF3,Brpf3,Brpf3,one_to_one,True
MPPED2,Mpped2,,one_to_one,False
HLA-DRB3,H2-Eb1,,ambiguous_orthology,False
HLA-DRB4,H2-Eb1,,ambiguous_orthology,False
HLA-DRB1,H2-Eb1,,ambiguous_orthology,False
HLA-DRB5,H2-Eb1,,ambiguous_orthology,False
CELF1,Celf1,Celf1,one_to_one,True
CELF5,Celf5,,one_to_one,False
APMAP,Apmap,Apmap,one_to_one,True
ABCB11,Abcb11,,one_to_one,False
BSN,Bsn,Bsn,one_to_one,True
SPTB,Sptb,,one_to_one,False
SLX4,Slx4,Slx4,one_to_one,True
BTBD2,Btbd2,Btbd2,one_to_one,True
BTBD3,Btbd3,,one_to_one,False
BTBD6,Btbd6,Btbd6,one_to_one,True
KLF9,Klf9,Klf9,one_to_one,True
BTG1,Btg1,Btg1,one_to_one,True
BTG2,Btg2,Btg2,one_to_one,True
DTNB,Dtnb,Dtnb,one_to_one,True
TRIM65,Trim65,Trim65,one_to_one,True
TRIM29,Trim29,,one_to_one,False
FBXW11,Fbxw11,Fbxw11,one_to_one,True
SP5,Sp5,,one_to_one,False
PRKD2,Prkd2,Prkd2,one_to_one,True
DCTN1,Dctn1,Dctn1,one_to_one,True
SEC24D,Sec24d,Sec24d,one_to_one,True
POPDC1,Popdc1,,one_to_one,False
B2M,B2m,B2m,one_to_one,True
PHLDA3,Phlda3,Phlda3,one_to_one,True
RPF2,Rpf2,Rpf2,one_to_one,True
RPF1,Rpf1,Rpf1,one_to_one,True
HOXB9,Hoxb9,,one_to_one,False
HOXC9,Hoxc9,,one_to_one,False
TSPO2,Tspo2,,one_to_one,False
TSPO,Tspo,Tspo,one_to_one,True
BZW1,Bzw1,Bzw1,one_to_one,True
CFAP298,Cfap298,Cfap298,one_to_one,True
LRMDA,Lrmda,,one_to_one,False
MCMBP,Mcmbp,Mcmbp,one_to_one,True
ADO,Ado,Ado,one_to_one,True
CDC123,Cdc123,Cdc123,one_to_one,True
TMEM258,Tmem258,Tmem258,one_to_one,True
TMEM9B,Tmem9b,Tmem9b,one_to_one,True
AAMDC,Aamdc,Aamdc,one_to_one,True
MYRF,Myrf,,one_to_one,False
RASSF8,Rassf8,,one_to_one,False
TIGAR,Tigar,Tigar,one_to_one,True
C9orf72,C9orf72,C9orf72,one_to_one,True
USPL1,Uspl1,Uspl1,one_to_one,True
CXorf65,Gm614,Gm614,one_to_one,True
NRDE2,Nrde2,Nrde2,one_to_one,True
EAPP,Eapp,Eapp,one_to_one,True
DGLUCY,Dglucy,Dglucy,one_to_one,True
RSL24D1,Rsl24d1,Rsl24d1,one_to_one,True
PAGR1,Pagr1a,Pagr1a,one_to_one,True
CFAP161,Cfap161,,one_to_one,False
VPS9D1,Vps9d1,Vps9d1,one_to_one,True
MISO1,Miso1,E130311K13Rik,one_to_one,True
AIRIM,Airim,9930104L06Rik,one_to_one,True
C19orf12,1600014C10Rik,1600014C10Rik,one_to_one,True
SWSAP1,Swsap1,Swsap1,one_to_one,True
C1GALT1,C1galt1,C1galt1,one_to_one,True
SERPING1,Serping1,,one_to_one,False
ODR4,Odr4,Odr4,one_to_one,True
ILDR2,Ildr2,,one_to_one,False
CIART,Ciart,Ciart,one_to_one,True
CAPRIN2,Caprin2,Caprin2,one_to_one,True
C1QTNF12,C1qtnf12,C1qtnf12,one_to_one,True
C1QL3,C1ql3,,one_to_one,False
C1QL1,C1ql1,,one_to_one,False
C1QTNF6,C1qtnf6,C1qtnf6,one_to_one,True
C1QTNF9,C1qtnf9,,ambiguous_orthology,False
C1QTNF9B,C1qtnf9,,ambiguous_orthology,False
AMACR,Amacr,Amacr,one_to_one,True
C1QTNF4,C1qtnf4,C1qtnf4,one_to_one,True
SLC22A5,Slc22a5,Slc22a5,one_to_one,True
SLC22A5,Slc22a21,,one_to_one,True
SLC22A4,Slc22a4,,one_to_one,False
CFAP206,Cfap206,,one_to_one,False
GID8,Gid8,Gid8,one_to_one,True
MTCL2,Mtcl2,,one_to_one,False
FITM2,Fitm2,Fitm2,one_to_one,True
PPDPF,Ppdpf,Ppdpf,one_to_one,True
CHMP4BP1,Chmp4b,Chmp4b,ambiguous_orthology,False
CHMP4B,Chmp4b,Chmp4b,ambiguous_orthology,False
MRGBP,Mrgbp,Mrgbp,one_to_one,True
PRELID3B,Prelid3b,Prelid3b,one_to_one,True
C2CD4D,C2cd4d,,one_to_one,False
C2CD4A,C2cd4a,,one_to_one,False
C2CD4B,C2cd4b,,one_to_one,False
GCNT4,Gcnt4,,one_to_one,False
CNPPD1,Cnppd1,Cnppd1,one_to_one,True
DCAF17,Dcaf17,Dcaf17,one_to_one,True
PCARE,Pcare,,one_to_one,False
C3,C3,,one_to_one,False
HHATL,Hhatl,,one_to_one,False
DIPK2A,Dipk2a,Dipk2a,one_to_one,True
EOGT,Eogt,Eogt,one_to_one,True
C3orf70,2510009E07Rik,,one_to_one,False
C4B_2,C4b,,ambiguous_orthology,False
C4A,C4b,,ambiguous_orthology,False
C4B,C4b,,ambiguous_orthology,False
C4orf33,D3Ertd751e,D3Ertd751e,one_to_one,True
TRAPPC11,Trappc11,Trappc11,one_to_one,True
NOP14,Nop14,Nop14,one_to_one,True
CHST11,Chst11,Chst11,one_to_one,True
CHST12,Chst12,Chst12,one_to_one,True
MTRFR,Mtrfr,2810006K23Rik,one_to_one,True
C6,C6,,one_to_one,False
ABRACL,Abracl,Abracl,one_to_one,True
NKAPL,Nkapl,,one_to_one,False
NKAP,Nkap,Nkap,one_to_one,True
VTA1,Vta1,Vta1,one_to_one,True
SFT2D1,Sft2d1,Sft2d1,one_to_one,True
LTV1,Ltv1,Ltv1,one_to_one,True
C7,C7,,one_to_one,False
C2orf69,1700066M21Rik,1700066M21Rik,one_to_one,True
RPP25L,Rpp25l,Rpp25l,one_to_one,True
PTPRZ1,Ptprz1,,one_to_one,False
CA2,Ca2,,one_to_one,False
CA3,Ca3,,one_to_one,False
CA13,Ca13,,one_to_one,False
CA1,Ca1,,one_to_one,False
CA4,Ca4,,one_to_one,False
CA5B,Ca5b,,one_to_one,False
CA5A,Ca5a,,one_to_one,False
CACNB2,Cacnb2,,one_to_one,False
CACNB3,Cacnb3,,one_to_one,False
CACNB4,Cacnb4,,one_to_one,False
CABP1,Cabp1,,one_to_one,False
CABP4,Cabp4,,one_to_one,False
CABP7,Cabp7,,one_to_one,False
CALN1,Caln1,,one_to_one,False
CACNA1A,Cacna1a,Cacna1a,one_to_one,True
CACNA1B,Cacna1b,,one_to_one,False
CACNA1D,Cacna1d,,one_to_one,False
CACNA1F,Cacna1f,,one_to_one,False
CACNA1I,Cacna1i,,one_to_one,False
CACNA1S,Cacna1s,,one_to_one,False
CACNA2D2,Cacna2d2,,one_to_one,False
CACNA2D4,Cacna2d4,Cacna2d4,one_to_one,True
CACNG1,Cacng1,,one_to_one,False
CACNG2,Cacng2,,one_to_one,False
CACNG3,Cacng3,,one_to_one,False
CACNG4,Cacng4,,one_to_one,False
DFFB,Dffb,Dffb,one_to_one,True
CALD1,Cald1,,one_to_one,False
CDX4,Cdx4,,one_to_one,False
CDH23,Cdh23,,one_to_one,False
CDH5,Cdh5,,one_to_one,False
CADPS,Cadps,,one_to_one,False
LAMA2,Lama2,,one_to_one,False
CHAF1B,Chaf1b,Chaf1b,one_to_one,True
PDIA4,Pdia4,Pdia4,one_to_one,True
ATP7A,Atp7a,Atp7a,one_to_one,True
CALB2,Calb2,,one_to_one,False
CALCB,Calcb,,one_to_one,False
CALCA,Calca,,one_to_one,False
CALCOCO1,Calcoco1,Calcoco1,one_to_one,True
CALCRL,Calcrl,Calcrl,one_to_one,True
CALHM1,Calhm1,,one_to_one,False
CALHM2,Calhm2,Calhm2,one_to_one,True
CALHM4,Calhm4,,one_to_one,False
RNPC3,Rnpc3,Rnpc3,one_to_one,True
CALM2,Calm2,Calm2,one_to_one,True
CALM1,Calm1,Calm1,one_to_one,True
CALM3,Calm3,Calm3,one_to_one,True
CALML4,Calml4,,one_to_one,False
CALR,Calr,Calr,one_to_one,True
CALR3,Calr3,,one_to_one,False
CALU,Calu,Calu,one_to_one,True
CHL1,Chl1,,one_to_one,False
NAT8,Nat8f7,,ambiguous_orthology,False
NAT8B,Nat8f7,,ambiguous_orthology,False
NAT8,Nat8b-ps,,one_to_one,False
NAT8,Nat8f1,Nat8f1,one_to_one,True
NAT8,Nat8,,ambiguous_orthology,True
NAT8B,Nat8,,ambiguous_orthology,False
NAT8,Nat8f3,,ambiguous_orthology,True
NAT8B,Nat8f3,,ambiguous_orthology,False
NAT8,Nat8f5,,one_to_one,True
NAT8,Nat8f2,,one_to_one,True
NAT8,Nat8f4,Nat8f4,one_to_one,True
NAT8,Nat8f6,,ambiguous_orthology,True
NAT8B,Nat8f6,,ambiguous_orthology,False
GCH1,Gch1,Gch1,one_to_one,True
CAMK1D,Camk1d,Camk1d,one_to_one,True
CAMK1G,Camk1g,,one_to_one,False
CAMK2A,Camk2a,,one_to_one,False
CAMK2B,Camk2b,Camk2b,one_to_one,True
CAMK2D,Camk2d,Camk2d,one_to_one,True
CAMK2G,Camk2g,Camk2g,one_to_one,True
CAMK2N1,Camk2n1,Camk2n1,one_to_one,True
CAMK2N2,Camk2n2,,one_to_one,False
CAMKK1,Camkk1,Camkk1,one_to_one,True
PPM1F,Ppm1f,Ppm1f,one_to_one,True
PPM1E,Ppm1e,,one_to_one,False
CAMSAP1,Camsap1,Camsap1,one_to_one,True
CAMSAP2,Camsap2,Camsap2,one_to_one,True
CAMTA1,Camta1,Camta1,one_to_one,True
CNPY3,Cnpy3,Cnpy3,one_to_one,True
CANT1,Cant1,Cant1,one_to_one,True
CLGN,Clgn,,one_to_one,False
NCAPD2,Ncapd2,Ncapd2,one_to_one,True
CAPG,Capg,Capg,one_to_one,True
CAPN11,Capn11,,one_to_one,False
CAPN1,Capn1,Capn1,one_to_one,True
CAPN3,Capn3,,one_to_one,False
CAPNS2,Capns2,,one_to_one,False
CAPNS1,Capns1,Capns1,one_to_one,True
NOS1AP,Nos1ap,,one_to_one,False
CAPRIN1,Caprin1,Caprin1,one_to_one,True
TCF21,Tcf21,,one_to_one,False
CAPZA1,Capza1,Capza1,one_to_one,True
CAPZA2,Capza2,Capza2,one_to_one,True
CPA1,Cpa1,,one_to_one,False
CPA5,Cpa5,,one_to_one,False
NLRP12,Nlrp12,,one_to_one,False
NLRP4,Nlrp4e,,one_to_one,False
NLRP14,Nlrp14,,one_to_one,False
NLRP4,Nlrp4a,,one_to_one,False
NLRP3,Nlrp3,,one_to_one,False
NLRP4,Nlrp4c,,one_to_one,False
NOD2,Nod2,,one_to_one,False
MYLK3,Mylk3,,one_to_one,False
GBP7,Gbp7,Gbp7,ambiguous_orthology,False
GBP4,Gbp7,Gbp7,ambiguous_orthology,False
GBP6,Gbp10,Gbp10,one_to_one,True
GBP7,Gbp3,Gbp3,ambiguous_orthology,False
GBP4,Gbp3,Gbp3,ambiguous_orthology,False
GBP6,Gbp6,Gbp6,one_to_one,True
GBP3,Gbp2,Gbp2,ambiguous_orthology,False
GBP1,Gbp2,Gbp2,ambiguous_orthology,False
GBP2,Gbp2,Gbp2,ambiguous_orthology,False
GBP3,Gbp2b,,ambiguous_orthology,False
GBP1,Gbp2b,,ambiguous_orthology,False
GBP2,Gbp2b,,ambiguous_orthology,False
GBP6,Gbp9,Gbp9,one_to_one,True
CDKN2AIP,Cdkn2aip,Cdkn2aip,one_to_one,True
NAXD,Naxd,Naxd,one_to_one,True
CARMIL1,Carmil1,,one_to_one,False
CARMIL2,Carmil2,Carmil2,one_to_one,True
CARMIL3,Carmil3,,one_to_one,False
CA8,Ca8,,one_to_one,False
CARS1,Cars1,Cars,one_to_one,True
CARTPT,Cartpt,,one_to_one,False
DNAI7,Dnai7,,one_to_one,False
GOLM2,Golm2,Casc4,one_to_one,True
KNL1,Knl1,Knl1,one_to_one,True
CASK,Cask,,one_to_one,False
CASKIN2,Caskin2,,one_to_one,False
CASP12,Casp12,,one_to_one,False
CASP1,Casp1,Casp1,one_to_one,True
CASP5,Casp4,Casp4,ambiguous_orthology,False
CASP4,Casp4,Casp4,ambiguous_orthology,False
CASP3,Casp3,Casp3,one_to_one,True
CASP6,Casp6,Casp6,one_to_one,True
CASP7,Casp7,Casp7,one_to_one,True
CASP8,Casp8,Casp8,one_to_one,True
CNTNAP1,Cntnap1,,one_to_one,False
CASR,Casr,,one_to_one,False
STIL,Stil,,one_to_one,False
CTSV,Ctsl,Ctsl,ambiguous_orthology,False
CTSL,Ctsl,Ctsl,ambiguous_orthology,False
CDX2,Cdx2,,one_to_one,False
CDX1,Cdx1,,one_to_one,False
CAVIN4,Cavin4,,one_to_one,False
COX5A,Cox5a,Cox5a,one_to_one,True
CNR1,Cnr1,,one_to_one,False
PEPD,Pepd,Pepd,one_to_one,True
DOCK2,Dock2,Dock2,one_to_one,True
LIMA1,Lima1,,one_to_one,False
HIPK2,Hipk2,Hipk2,one_to_one,True
CHAC1,Chac1,,one_to_one,False
SCARB1,Scarb1,Scarb1,one_to_one,True
ACO2,Aco2,Aco2,one_to_one,True
ABCC4,Abcc4,Abcc4,one_to_one,True
CLPTM1,Clptm1,Clptm1,one_to_one,True
ETFA,Etfa,Etfa,one_to_one,True
NMRK2,Nmrk2,,one_to_one,False
MCM4,Mcm4,Mcm4,one_to_one,True
RAP1B,Rap1b,Rap1b,ambiguous_orthology,False
RAP1BL,Rap1b,Rap1b,ambiguous_orthology,False
SMOX,Smox,Smox,one_to_one,True
ENPP6,Enpp6,,one_to_one,False
PKM,Pkm,Pkm,one_to_one,True
SNX8,Snx8,Snx8,one_to_one,True
CLTC,Cltc,Cltc,one_to_one,True
MMP13,Mmp13,,one_to_one,False
TP53INP1,Trp53inp1,Trp53inp1,one_to_one,True
CPN1,Cpn1,,one_to_one,False
FHL1,Fhl1,,one_to_one,False
SLC20A1,Slc20a1,Slc20a1,one_to_one,True
CTPS1,Ctps1,Ctps,one_to_one,True
FA2H,Fa2h,,one_to_one,False
RABL6,Rabl6,Rabl6,one_to_one,True
GCLC,Gclc,Gclc,one_to_one,True
TULP2,Tulp2,,one_to_one,False
IVNS1ABP,Ivns1abp,Ivns1abp,one_to_one,True
PDE7A,Pde7a,Pde7a,one_to_one,True
MTFR1,Mtfr1,Mtfr1,one_to_one,True
HADHA,Hadha,Hadha,one_to_one,True
PDXK,Pdxk,Pdxk,one_to_one,True
FLT4,Flt4,,one_to_one,False
TPX2,Tpx2,Tpx2,one_to_one,True
H1-10,H1f10,,one_to_one,False
CEBPA,Cebpa,,one_to_one,False
BLVRB,Blvrb,Blvrb,one_to_one,True
FOS,Fos,Fos,one_to_one,True
GMPPB,Gmppb,Gmppb,one_to_one,True
PIM2,Pim2,Pim2,one_to_one,True
GSN,Gsn,Gsn,one_to_one,True
CEBPE,Cebpe,,one_to_one,False
RSPO1,Rspo1,,one_to_one,False
HOMEZ,Homez,Homez,one_to_one,True
PDZK1,Pdzk1,,ambiguous_orthology,False
PDZK1P1,Pdzk1,,ambiguous_orthology,False
DNMT1,Dnmt1,Dnmt1,one_to_one,True
MYO5B,Myo5b,,one_to_one,False
AHCY,Ahcy,Ahcy,one_to_one,True
AHCY,Ahcyl,,one_to_one,True
ID1,Id1,,one_to_one,False
SGK1,Sgk1,Sgk1,one_to_one,True
CPVL,Cpvl,,one_to_one,False
TRIM33,Trim33,Trim33,one_to_one,True
SPI1,Spi1,,one_to_one,False
IP6K2,Ip6k2,Ip6k2,one_to_one,True
SPAG1,Spag1,Spag1,one_to_one,True
AATF,Aatf,Aatf,one_to_one,True
CORO1B,Coro1b,Coro1b,one_to_one,True
RRM2,Rrm2,Rrm2,one_to_one,True
KRT12,Krt12,,one_to_one,False
KRT15,Krt15,,one_to_one,False
KRT14,Krt14,,one_to_one,False
KRT16,Krt16,,one_to_one,False
KRT17,Krt17,,one_to_one,False
KRT13,Krt13,,one_to_one,False
KRT19,Krt19,,one_to_one,False
FOXB1,Foxb1,,one_to_one,False
SLC38A2,Slc38a2,Slc38a2,one_to_one,True
CGN,Cgn,,one_to_one,False
PABPC4,Pabpc4,Pabpc4,one_to_one,True
TBX6,Tbx6,Tbx6,one_to_one,True
KLF2,Klf2,Klf2,one_to_one,True
SNU13,Snu13,Snu13,one_to_one,True
HES1,Hes1,,one_to_one,False
NIFK,Nifk,Nifk,one_to_one,True
ATP1B1,Atp1b1,Atp1b1,one_to_one,True
RFX2,Rfx2,Rfx2,one_to_one,True
MAP3K4,Map3k4,Map3k4,one_to_one,True
CCNG1,Ccng1,Ccng1,one_to_one,True
ATAD5,Atad5,Atad5,one_to_one,True
FTL,Ftl2-ps,,one_to_one,False
FTL,Ftl1,Ftl1,one_to_one,True
CLIC4,Clic4,Clic4,one_to_one,True
CTSL,Cts3,,one_to_one,False
CTSL,Ctsm,,one_to_one,False
CTSL,BC051665,,one_to_one,False
CTSL,Ctsj,,one_to_one,False
CTSL,Cts8,,one_to_one,False
SNAI2,Snai2,,one_to_one,False
DTL,Dtl,Dtl,one_to_one,True
KIF20B,Kif20b,Kif20b,one_to_one,True
HSPB1,Hspb1,,one_to_one,False
DDX18,Ddx18,Ddx18,one_to_one,True
SLBP,Slbp,Slbp,one_to_one,True
RTCA,Rtca,Rtca,one_to_one,True
PCNA,Pcna,Pcna,one_to_one,True
CCND1,Ccnd1,,one_to_one,False
ELOB,Elob,Elob,one_to_one,True
NOP2,Nop2,Nop2,one_to_one,True
CCNE2,Ccne2,,one_to_one,False
PPM1G,Ppm1g,Ppm1g,one_to_one,True
SOX15,Sox15,,one_to_one,False
TPI1,Tpi1,Tpi1,one_to_one,True
NOXO1,Noxo1,,one_to_one,False
PPL,Ppl,,one_to_one,False
PARD6G,Pard6g,Pard6g,one_to_one,True
CRTAC1,Crtac1,,one_to_one,False
KRT74,Krt74,,one_to_one,False
KRT6C,Gm5414,,ambiguous_orthology,False
KRT6A,Gm5414,,ambiguous_orthology,False
KRT6B,Gm5414,,ambiguous_orthology,False
KRT6C,Gm5478,,ambiguous_orthology,False
KRT6A,Gm5478,,ambiguous_orthology,False
KRT6B,Gm5478,,ambiguous_orthology,False
KRT77,Krt77,,one_to_one,False
KRT73,Krt73,,one_to_one,False
KRT90P,Krt90,,one_to_one,False
KRT71,Krt71,,one_to_one,False
KRT2,Krt2,,one_to_one,False
KRT84,Krt84,,one_to_one,False
KRT1,Krt1,,one_to_one,False
KRT4,Krt4,,one_to_one,False
KRT72,Krt72,,one_to_one,False
KRT7,Krt7,,one_to_one,False
KRT79,Krt79,,one_to_one,False
KRT6C,Krt6b,,ambiguous_orthology,False
KRT6A,Krt6b,,ambiguous_orthology,False
KRT6B,Krt6b,,ambiguous_orthology,False
KRT75,Krt75,,one_to_one,False
KRT6C,Krt6a,,ambiguous_orthology,False
KRT6A,Krt6a,,ambiguous_orthology,False
KRT6B,Krt6a,,ambiguous_orthology,False
KRT76,Krt76,,one_to_one,False
KRT8,Krt8,,one_to_one,False
DCUN1D2,Dcun1d2,Dcun1d2,one_to_one,True
PTGDS,Ptgds,,one_to_one,False
YAP1,Yap1,,one_to_one,False
GLUL,Glul,Glul,one_to_one,True
GADD45B,Gadd45b,Gadd45b,one_to_one,True
POU5F1,Pou5f1,Pou5f1,ambiguous_orthology,False
POU5F1B,Pou5f1,Pou5f1,ambiguous_orthology,False
POU5F2,Pou5f2,Pou5f2,one_to_one,True
ZFP36L1,Zfp36l1,Zfp36l1,one_to_one,True
FLOT1,Flot1,Flot1,one_to_one,True
MYH2,Myh2,,one_to_one,False
MYH4,Myh4,,one_to_one,False
MYH8,Myh8,,one_to_one,False
MYH1,Myh1,,one_to_one,False
YARS1,Yars1,Yars,one_to_one,True
TRIM71,Trim71,,one_to_one,False
IL17RD,Il17rd,,one_to_one,False
PRC1,Prc1,Prc1,one_to_one,True
KTN1,Ktn1,Ktn1,one_to_one,True
CLDN4,Cldn4,,one_to_one,False
SERPINH1,Serpinh1,,one_to_one,False
DNASE1L1,Dnase1l1,Dnase1l1,one_to_one,True
PHC2,Phc2,Phc2,one_to_one,True
COL27A1,Col27a1,,one_to_one,False
TAGLN2,Tagln2,Tagln2,one_to_one,True
MEIS1,Meis1,,one_to_one,False
HM13,H13,H13,one_to_one,True
SLC25A22,Slc25a22,Slc25a22,one_to_one,True
FGFR1,Fgfr1,,one_to_one,False
BCKDK,Bckdk,Bckdk,one_to_one,True
SOX2,Sox2,,one_to_one,False
SOX11,Sox11,,one_to_one,False
DESI2,Desi2,Desi2,one_to_one,True
CYP26A1,Cyp26a1,,one_to_one,False
PGP,Pgp,Pgp,one_to_one,True
ANGPTL6,Angptl6,Angptl6,one_to_one,True
JAG1,Jag1,,one_to_one,False
ELL2,Ell2,Ell2,one_to_one,True
LCP1,Lcp1,Lcp1,one_to_one,True
EPHA4,Epha4,,one_to_one,False
SESTD1,Sestd1,,one_to_one,False
HOXB1,Hoxb1,,one_to_one,False
TECR,Tecr,Tecr,one_to_one,True
SHCBP1,Shcbp1,Shcbp1,one_to_one,True
THUMPD3,Thumpd3,Thumpd3,one_to_one,True
TACC2,Tacc2,Tacc2,one_to_one,True
NEUROG1,Neurog1,,one_to_one,False
SESN3,Sesn3,Sesn3,one_to_one,True
KDM5B,Kdm5b,Kdm5b,one_to_one,True
ZFP36,Zfp36,Zfp36,one_to_one,True
CCNB1,Ccnb1,Ccnb1,one_to_one,True
RRP36,Rrp36,Rrp36,one_to_one,True
DUSP1,Dusp1,Dusp1,one_to_one,True
IGDCC4,Igdcc4,,one_to_one,False
SEC13,Sec13,Sec13,one_to_one,True
ABL2,Abl2,Abl2,one_to_one,True
MBP,Mbp,Mbp,one_to_one,True
RFC3,Rfc3,Rfc3,one_to_one,True
VIM,Vim,Vim,one_to_one,True
PAX6,Pax6,,one_to_one,False
COPA,Copa,Copa,one_to_one,True
TRAM1L1,Tram1l1,,one_to_one,False
TRAM1,Tram1,Tram1,one_to_one,True
SELENOF,Selenof,Selenof,one_to_one,True
DES,Des,,one_to_one,False
FRZB,Frzb,,one_to_one,False
NPC2,Npc2,Npc2,one_to_one,True
PAICS,Paics,Paics,one_to_one,True
CNMD,Cnmd,,one_to_one,False
CNR2,Cnr2,Cnr2,one_to_one,True
EGFL6,Egfl6,,one_to_one,False
HMCN2,Hmcn2,,one_to_one,False
SERPINA3,Serpina3i,,one_to_one,False
SERPINA3,Serpina3m,,one_to_one,False
SERPINA3,Serpina3f,Serpina3f,one_to_one,True
SERPINA3,Serpina3n,,one_to_one,True
SERPINA1,Serpina1e,,one_to_one,False
SERPINA1,Serpina1d,,one_to_one,False
SERPINA3,Serpina3c,,one_to_one,True
SERPINA1,Serpina1c,,one_to_one,False
SERPINA1,Serpina1b,,one_to_one,False
SERPINA3,Serpina3k,,one_to_one,True
SERPINA1,Serpina1a,,one_to_one,False
BCAS2,Bcas2,Bcas2,one_to_one,True
FCHO2,Fcho2,Fcho2,one_to_one,True
CITED4,Cited4,Cited4,one_to_one,True
MKI67,Mki67,Mki67,one_to_one,True
GAP43,Gap43,,one_to_one,False
TRAPPC13,Trappc13,Trappc13,one_to_one,True
SIDT2,Sidt2,Sidt2,one_to_one,True
ID2,Id2,Id2,one_to_one,True
MTHFD1,Mthfd1,Mthfd1,one_to_one,True
MSH6,Msh6,Msh6,one_to_one,True
TNNT2,Tnnt2,,one_to_one,False
PRRX1,Prrx1,,one_to_one,False
CXADR,Cxadr,Cxadr,one_to_one,True
HOXA3,Hoxa3,,one_to_one,False
NEO1,Neo1,,one_to_one,False
TRIM34,Trim34b,,one_to_one,False
TRIM75,Trim75,,one_to_one,False
TRIM61,Trim61,,one_to_one,False
TRIM5,Trim30c,,one_to_one,False
TRIM39,Trim39,Trim39,one_to_one,True
TRIM5,Trim30d,Trim30d,one_to_one,True
TRIM40,Trim40,,one_to_one,False
TRIM6,Trim6,,one_to_one,False
TRIM34,Trim34a,Trim34a,one_to_one,True
TRIM60,Trim60,,one_to_one,False
TRIM5,Trim30a,Trim30a,one_to_one,True
RYBP,Rybp,Rybp,one_to_one,True
COL9A1,Col9a1,,one_to_one,False
HOXC8,Hoxc8,,one_to_one,False
PINX1,Pinx1,Pinx1,one_to_one,True
COL9A2,Col9a2,,one_to_one,False
QKI,Qki,Qk,one_to_one,True
CERCAM,Cercam,,one_to_one,False
SIX3,Six3,,one_to_one,False
GAPDHS,Gapdhs,,one_to_one,False
ABCA12,Abca12,,one_to_one,False
SEC31A,Sec31a,Sec31a,one_to_one,True
GSTP1,Gstp1,Gstp1,one_to_one,True
GSTP1,Gstp2,,one_to_one,True
MBD3,Mbd3,Mbd3,one_to_one,True
UCHL1,Uchl1,,one_to_one,False
PIGQ,Pigq,Pigq,one_to_one,True
MYBPH,Mybph,,one_to_one,False
RRBP1,Rrbp1,Rrbp1,one_to_one,True
KMO,Kmo,,one_to_one,False
EEF2K,Eef2k,Eef2k,one_to_one,True
ACBD3,Acbd3,Acbd3,one_to_one,True
COL9A3,Col9a3,,one_to_one,False
DAPL1,Dapl1,,one_to_one,False
HKDC1,Hkdc1,,one_to_one,False
COL18A1,Col18a1,,one_to_one,False
SALL4,Sall4,,one_to_one,False
CDCA8,Cdca8,Cdca8,one_to_one,True
FIBIN,Fibin,,one_to_one,False
PPP1R13B,Ppp1r13b,Ppp1r13b,one_to_one,True
COLEC12,Colec12,,one_to_one,False
PAX2,Pax2,,one_to_one,False
CEBPB,Cebpb,Cebpb,one_to_one,True
TOMM22,Tomm22,Tomm22,one_to_one,True
COL14A1,Col14a1,,one_to_one,False
FZD2,Fzd2,,one_to_one,False
MMP14,Mmp14,,one_to_one,False
RSPO3,Rspo3,,one_to_one,False
CLDN7,Cldn7,,one_to_one,False
SLC38A7,Slc38a7,Slc38a7,one_to_one,True
SLC44A2,Slc44a2,Slc44a2,one_to_one,True
UNC45B,Unc45b,,one_to_one,False
ST8SIA2,St8sia2,,one_to_one,False
RRM1,Rrm1,Rrm1,one_to_one,True
PMEL,Pmel,,one_to_one,False
TENM3,Tenm3,,one_to_one,False
SCCPDH,Sccpdh,Sccpdh,one_to_one,True
LAMA5,Lama5,,one_to_one,False
CXCR4,Cxcr4,Cxcr4,one_to_one,True
ESRP2,Esrp2,,one_to_one,False
MAD2L1,Mad2l1,Mad2l1,one_to_one,True
DEPDC1,Depdc1a,,one_to_one,False
FTSJ3,Ftsj3,Ftsj3,one_to_one,True
SEC61A1,Sec61a1,Sec61a1,one_to_one,True
KDM7A,Kdm7a,Kdm7a,one_to_one,True
EVX1,Evx1,,one_to_one,False
EPHB4,Ephb4,,one_to_one,False
NAV3,Nav3,,one_to_one,False
CTSF,Ctsf,Ctsf,one_to_one,True
PAK2,Pak2,Pak2,one_to_one,True
TRIP11,Trip11,Trip11,one_to_one,True
PTPRK,Ptprk,,one_to_one,False
SLC11A2,Slc11a2,Slc11a2,one_to_one,True
SLC11A1,Slc11a1,,one_to_one,False
EGR2,Egr2,Egr2,one_to_one,True
FARSB,Farsb,Farsb,one_to_one,True
RRP1B,Rrp1b,Rrp1b,one_to_one,True
AP3M1,Ap3m1,Ap3m1,one_to_one,True
CRABP2,Crabp2,,one_to_one,False
MSX1,Msx1,,one_to_one,False
RGS4,Rgs4,,one_to_one,False
STT3A,Stt3a,Stt3a,one_to_one,True
CCNG2,Ccng2,Ccng2,one_to_one,True
TNNT3,Tnnt3,,one_to_one,False
SDC2,Sdc2,,one_to_one,False
CBS,Cbs,,one_to_one,False
CCNF,Ccnf,Ccnf,one_to_one,True
PPP1R3C,Ppp1r3c,,one_to_one,False
ARF5,Arf5,Arf5,one_to_one,True
FST,Fst,,one_to_one,False
GRWD1,Grwd1,Grwd1,one_to_one,True
SLC26A10P,Slc26a10,Slc26a10,one_to_one,True
PDCD4,Pdcd4,Pdcd4,one_to_one,True
RAB40C,Rab40c,Rab40c,one_to_one,True
JPH2,Jph2,,one_to_one,False
EPB41L3,Epb41l3,,one_to_one,False
CAD,Cad,Cad,one_to_one,True
RANBP9,Ranbp9,Ranbp9,one_to_one,True
SP8,Sp8,,one_to_one,False
MYL11,Mylpf,Mylpf,one_to_one,True
LYSMD3,Lysmd3,Lysmd3,one_to_one,True
SOD2,Sod2,Sod2,one_to_one,True
CRABP1,Crabp1,,one_to_one,False
GRHL3,Grhl3,,one_to_one,False
YWHAG,Ywhag,Ywhag,one_to_one,True
PWP2,Pwp2,Pwp2,one_to_one,True
ARPP21,Arpp21,Arpp21,one_to_one,True
YPEL3,Ypel3,Ypel3,one_to_one,True
PLOD3,Plod3,Plod3,one_to_one,True
MYBBP1A,Mybbp1a,Mybbp1a,one_to_one,True
SMOC2,Smoc2,,one_to_one,False
COL15A1,Col15a1,,one_to_one,False
TRPM7,Trpm7,Trpm7,one_to_one,True
GRM6,Grm6,,one_to_one,False
CLUH,Cluh,Cluh,one_to_one,True
APEH,Apeh,Apeh,one_to_one,True
TACC3,Tacc3,Tacc3,one_to_one,True
RDH8,Rdh8,,one_to_one,False
ROBO3,Robo3,,one_to_one,False
CLYBL,Clybl,Clybl,one_to_one,True
CDON,Cdon,Cdon,one_to_one,True
CKM,Ckm,,one_to_one,False
SPRY4,Spry4,,one_to_one,False
MOB1B,Mob1b,Mob1b,one_to_one,True
ZNF703,Zfp703,Zfp703,one_to_one,True
PTMA,Ptma,Ptma,one_to_one,True
ETS1,Ets1,Ets1,one_to_one,True
SLC16A1,Slc16a1,Slc16a1,one_to_one,True
MDK,Mdk,Mdk,one_to_one,True
KLHL41,Klhl41,,one_to_one,False
LLGL2,Llgl2,Llgl2,one_to_one,True
EPHX2,Ephx2,,one_to_one,False
LMO1,Lmo1,,one_to_one,False
PLK1,Plk1,Plk1,one_to_one,True
TBC1D4,Tbc1d4,Tbc1d4,one_to_one,True
KARS1,Kars1,Kars,one_to_one,True
NOC4L,Noc4l,Noc4l,one_to_one,True
CPOX,Cpox,Cpox,one_to_one,True
TGFBR2,Tgfbr2,Tgfbr2,one_to_one,True
KLF6,Klf6,Klf6,one_to_one,True
UGCG,Ugcg,Ugcg,one_to_one,True
CCNJL,Ccnjl,,one_to_one,False
B3GNT7,B3gnt7,,one_to_one,False
CAPN9,Capn9,,one_to_one,False
ID4,Id4,,one_to_one,False
CNTFR,Cntfr,,one_to_one,False
GATA3,Gata3,Gata3,one_to_one,True
MYOG,Myog,,one_to_one,False
GLO1,Glo1,Glo1,one_to_one,True
GDF3,Gdf3,,one_to_one,False
GDF1,Gdf1,,one_to_one,False
ZNF513,Zfp513,Zfp513,one_to_one,True
GPX4,Gpx4,Gpx4,one_to_one,True
EZR,Ezr,Ezr,one_to_one,True
DCLK2,Dclk2,,one_to_one,False
MARCKSL1,Marcksl1,Marcksl1,one_to_one,True
TRIM80P,Trim80,,one_to_one,False
PRDX2,Prdx2,Prdx2,one_to_one,True
NPM3,Npm3,Npm3,one_to_one,True
LMBR1L,Lmbr1l,Lmbr1l,one_to_one,True
BCL7A,Bcl7a,Bcl7a,one_to_one,True
AHCYL1,Ahcyl1,Ahcyl1,one_to_one,True
HDLBP,Hdlbp,Hdlbp,one_to_one,True
DHFR2,Dhfr,Dhfr,ambiguous_orthology,False
DHFR,Dhfr,Dhfr,ambiguous_orthology,False
FBP1,Fbp1,,one_to_one,False
DLST,Dlst,Dlst,one_to_one,True
SIPA1L1,Sipa1l1,Sipa1l1,one_to_one,True
GATA6,Gata6,,one_to_one,False
NFKBIB,Nfkbib,Nfkbib,one_to_one,True
ELOVL6,Elovl6,Elovl6,one_to_one,True
GBX1,Gbx1,,one_to_one,False
GLUD2,Glud1,Glud1,ambiguous_orthology,False
GLUD1,Glud1,Glud1,ambiguous_orthology,False
PLAA,Plaa,Plaa,one_to_one,True
SUCLG2,Suclg2,Suclg2,one_to_one,True
PMM2,Pmm2,Pmm2,one_to_one,True
SLC39A1,Slc39a1,Slc39a1,one_to_one,True
SLC39A2,Slc39a2,,one_to_one,False
GMPS,Gmps,Gmps,one_to_one,True
DNMT3B,Dnmt3b,Dnmt3b,one_to_one,True
GATA5,Gata5,,one_to_one,False
IMPDH2,Impdh2,Impdh2,one_to_one,True
NUCB2,Nucb2,,one_to_one,False
ROCK2,Rock2,Rock2,one_to_one,True
MYF5,Myf5,,one_to_one,False
PPAN-P2RY11,Ppan,Ppan,ambiguous_orthology,False
PPAN,Ppan,Ppan,ambiguous_orthology,False
SNAI1,Snai1,,one_to_one,False
DLGAP5,Dlgap5,Dlgap5,one_to_one,True
HELLS,Hells,Hells,one_to_one,True
CORO1C,Coro1c,Coro1c,one_to_one,True
IGFBP1,Igfbp1,,one_to_one,False
HIGD1A,Higd1a,Higd1a,one_to_one,True
HIGD1C,Higd1c,,one_to_one,False
DMD,Dmd,,one_to_one,False
LARS1,Lars1,Lars,one_to_one,True
RHPN2,Rhpn2,,ambiguous_orthology,False
RHPN2P1,Rhpn2,,ambiguous_orthology,False
CCNA2,Ccna2,Ccna2,one_to_one,True
KBTBD8,Kbtbd8,Kbtbd8,one_to_one,True
TPM3,Tpm3,Tpm3,one_to_one,True
MSI1,Msi1,,one_to_one,False
POLA1,Pola1,Pola1,one_to_one,True
PBDC1,Pbdc1,Pbdc1,one_to_one,True
PDCD11,Pdcd11,Pdcd11,one_to_one,True
TXNRD3,Txnrd3,Txnrd3,one_to_one,True
DIO2,Dio2,,one_to_one,False
DIO1,Dio1,,one_to_one,False
SELENON,Selenon,Selenon,one_to_one,True
MSRB1,Msrb1,Msrb1,one_to_one,True
SELENOP,Selenop,Selenop,one_to_one,True
GPX1,Gpx1,Gpx1,one_to_one,True
SELENOM,Selenom,Selenom,one_to_one,True
SELENOW,Selenow,Selenow,one_to_one,True
MIEN1,Mien1,Mien1,one_to_one,True
SELENOH,Selenoh,Selenoh,one_to_one,True
SELENOT,Selenot,Selenot,one_to_one,True
SEPHS2,Sephs2,Sephs2,one_to_one,True
NAP1L1,Nap1l1,Nap1l1,one_to_one,True
TG,Tg,,one_to_one,False
PRDX3,Prdx3,Prdx3,one_to_one,True
ATIC,Atic,Atic,one_to_one,True
FOXI2,Foxi2,,one_to_one,False
FOXI1,Foxi1,,one_to_one,False
NANOS3,Nanos3,Nanos3,one_to_one,True
HIF1AN,Hif1an,Hif1an,one_to_one,True
RAB14,Rab14,Rab14,one_to_one,True
CETN4P,Cetn4,,one_to_one,False
E2F5,E2f5,E2f5,one_to_one,True
DND1,Dnd1,,one_to_one,False
KIF23,Kif23,Kif23,one_to_one,True
UCP2,Ucp2,Ucp2,one_to_one,True
HSPA9,Hspa9,Hspa9,one_to_one,True
DYNLL2,Dynll2,Dynll2,one_to_one,True
GORASP1,Gorasp1,,one_to_one,False
UOX,Uox,,one_to_one,False
MSI2,Msi2,Msi2,one_to_one,True
WNT11,Wnt11,,one_to_one,False
RAB2A,Rab2a,Rab2a,one_to_one,True
EIF4EBP3,Eif4ebp3,Eif4ebp3,one_to_one,True
GGCX,Ggcx,Ggcx,one_to_one,True
ANXA11,Anxa11,Anxa11,one_to_one,True
SSR1,Ssr1,Ssr1,one_to_one,True
PSAP,Psap,Psap,one_to_one,True
GSTM3,Gstm5,,one_to_one,False
GSTM2,Gstm7,,one_to_one,False
GSTM1,Gstm1,,ambiguous_orthology,False
GSTM5,Gstm1,,ambiguous_orthology,False
GSTM4,Gstm4,Gstm4,one_to_one,True
GSTM1,Gstm2,,ambiguous_orthology,False
GSTM5,Gstm2,,ambiguous_orthology,False
GSTM1,Gstm3,,ambiguous_orthology,False
GSTM5,Gstm3,,ambiguous_orthology,False
GSTM1,Gstm6,,ambiguous_orthology,False
GSTM5,Gstm6,,ambiguous_orthology,False
PAK1,Pak1,Pak1,one_to_one,True
RAB13,Rab13,,one_to_one,False
GYS2,Gys2,,one_to_one,False
TJP3,Tjp3,Tjp3,one_to_one,True
KDELR2,Kdelr2,Kdelr2,one_to_one,True
OTX1,Otx1,,one_to_one,False
CA9,Ca9,,one_to_one,False
PIP4K2C,Pip4k2c,Pip4k2c,one_to_one,True
MVP,Mvp,Mvp,one_to_one,True
DNAJA4,Dnaja4,Dnaja4,one_to_one,True
NDRG1,Ndrg1,Ndrg1,one_to_one,True
ICA1L,Ica1l,,one_to_one,False
ADD1,Add1,Add1,one_to_one,True
SMC4,Smc4,Smc4,one_to_one,True
CSRP1,Csrp1,Csrp1,one_to_one,True
AKTIP,Aktip,Aktip,one_to_one,True
JUP,Jup,Jup,one_to_one,True
MCM6,Mcm6,Mcm6,one_to_one,True
RDH10,Rdh10,Rdh10,one_to_one,True
PTPN2,Ptpn2,Ptpn2,one_to_one,True
ZIC3,Zic3,,one_to_one,False
H1-8,H1f8,,one_to_one,False
TJP1,Tjp1,Tjp1,one_to_one,True
G6PC1,G6pc1,,one_to_one,False
TBX20,Tbx20,,one_to_one,False
CRX,Crx,,one_to_one,False
KRT18,Krt18,,one_to_one,False
MTR,Mtr,Mtr,one_to_one,True
SH3GL1,Sh3gl1,Sh3gl1,one_to_one,True
TPM2,Tpm2,,one_to_one,False
MPZL2,Mpzl2,,one_to_one,False
ALDH18A1,Aldh18a1,Aldh18a1,one_to_one,True
DDX27,Ddx27,Ddx27,one_to_one,True
EFHC2,Efhc2,,one_to_one,False
CRIPTO,Cripto,,ambiguous_orthology,False
CRIPTO3,Cripto,,ambiguous_orthology,False
ALDH6A1,Aldh6a1,Aldh6a1,one_to_one,True
ZIC2,Zic2,,one_to_one,False
GPD2,Gpd2,Gpd2,one_to_one,True
FLI1,Fli1,Fli1,one_to_one,True
PCK1,Pck1,,one_to_one,False
GTPBP1,Gtpbp1,Gtpbp1,one_to_one,True
DSTN,Dstn,Dstn,one_to_one,True
TKTL2,Tktl2,,one_to_one,False
TKT,Tkt,Tkt,one_to_one,True
TKTL1,Tktl1,Tktl1,one_to_one,True
EHD1,Ehd1,Ehd1,one_to_one,True
HSPD1,Hspd1,Hspd1,one_to_one,True
TSC22D2,Tsc22d2,Tsc22d2,one_to_one,True
PPIB,Ppib,Ppib,one_to_one,True
GSTT1,Gstt1,,one_to_one,False
GSTT2,Gstt2,Gstt2,ambiguous_orthology,False
GSTT2B,Gstt2,Gstt2,ambiguous_orthology,False
GSTT4,Gstt4,,one_to_one,False
GSTT3P,Gstt3,,one_to_one,False
ARPC1B,Arpc1b,Arpc1b,one_to_one,True
TFE3,Tfe3,Tfe3,one_to_one,True
GNAI1,Gnai1,,one_to_one,False
LHX8,Lhx8,,one_to_one,False
IDH1,Idh1,Idh1,one_to_one,True
PAH,Pah,,one_to_one,False
FEN1,Fen1,Fen1,one_to_one,True
DNTTIP2,Dnttip2,Dnttip2,one_to_one,True
ABAT,Abat,,one_to_one,False
TEAD3,Tead3,,one_to_one,False
ENO3,Eno3,Eno3,one_to_one,True
PRICKLE2,Prickle2,,one_to_one,False
FABP3,Fabp3,,one_to_one,False
UFSP2,Ufsp2,Ufsp2,one_to_one,True
NCF1,Ncf1,,ambiguous_orthology,False
NCF1B,Ncf1,,ambiguous_orthology,False
NCF1C,Ncf1,,ambiguous_orthology,False
LRRC15,Lrrc15,,one_to_one,False
NHERF1,Nherf1,Slc9a3r1,one_to_one,True
SALL1,Sall1,,one_to_one,False
KIAA1755,D630003M21Rik,,one_to_one,False
SPOUT1,Spout1,Spout1,one_to_one,True
STAP2,Stap2,,one_to_one,False
CDH17,Cdh17,,one_to_one,False
CELF2,Celf2,Celf2,one_to_one,True
ANP32B,Anp32b,Anp32b,one_to_one,True
MGLL,Mgll,Mgll,one_to_one,True
NAP1L4,Nap1l4,Nap1l4,one_to_one,True
CTSC,Ctsc,Ctsc,one_to_one,True
RAB32,Rab32,Rab32,one_to_one,True
XBP1,Xbp1,Xbp1,one_to_one,True
GEMIN5,Gemin5,Gemin5,one_to_one,True
BTG3,Btg3,Btg3,one_to_one,True
PIF1,Pif1,,one_to_one,False
SLC43A2,Slc43a2,Slc43a2,one_to_one,True
PALD1,Pald1,,one_to_one,False
COPG1,Copg1,Copg1,one_to_one,True
COPG2,Copg2,Copg2,one_to_one,True
TUBA1B,Tuba1b,Tuba1b,one_to_one,True
TUBA1C,Tuba1c,Tuba1c,one_to_one,True
LMNA,Lmna,Lmna,one_to_one,True
LAMB1,Lamb1,,one_to_one,False
ND2,mt-Nd2,mt-Nd2,one_to_one,True
DMXL2,Dmxl2,,one_to_one,False
DNAJB11,Dnajb11,Dnajb11,one_to_one,True
CYP11A1,Cyp11a1,,one_to_one,False
RGS12,Rgs12,Rgs12,one_to_one,True
STMN1,Stmn1,Stmn1,one_to_one,True
PRPS1,Prps1l3,Prps1l3,one_to_one,True
PRPS1,Prps1,Prps1,one_to_one,True
PRPS1L1,Prps1l1,,one_to_one,False
DDX21,Ddx21,Ddx21,one_to_one,True
CDKN1C,Cdkn1c,Cdkn1c,one_to_one,True
APC,Apc,Apc,one_to_one,True
FLNB,Flnb,Flnb,one_to_one,True
CD99L2,Cd99l2,Cd99l2,one_to_one,True
CD99,Cd99,,one_to_one,False
UBA5,Uba5,Uba5,one_to_one,True
AOPEP,Aopep,Aopep,one_to_one,True
OTP,Otp,,one_to_one,False
MST1L,Mst1,,ambiguous_orthology,False
MST1,Mst1,,ambiguous_orthology,False
TENT5B,Tent5b,,one_to_one,False
PTPRM,Ptprm,,one_to_one,False
STK40,Stk40,Stk40,one_to_one,True
SHBG,Shbg,,one_to_one,False
LRIG1,Lrig1,Lrig1,one_to_one,True
DNAJC5,Dnajc5,Dnajc5,one_to_one,True
MPP1,Mpp1,Mpp1,one_to_one,True
SEPTIN9,Septin9,Sept9,one_to_one,True
CES2,Ces2h,,one_to_one,False
CES3,Ces3a,,one_to_one,False
CES1,Ces1b,,ambiguous_orthology,False
CES1P1,Ces1b,,ambiguous_orthology,False
CES2,Ces2f,,one_to_one,False
CES3,Ces3b,,one_to_one,False
CES1,Ces1h,,ambiguous_orthology,False
CES1P1,Ces1h,,ambiguous_orthology,False
CES2,Ces2e,,one_to_one,False
CES2,Ces2a,,one_to_one,False
CES2,Ces2b,,one_to_one,False
CES1,Ces1d,,ambiguous_orthology,False
CES1P1,Ces1d,,ambiguous_orthology,False
CES1,Ces1g,,ambiguous_orthology,False
CES1P1,Ces1g,,ambiguous_orthology,False
CES4A,Ces4a,,one_to_one,False
CES1,Ces1a,,one_to_one,False
CES5A,Ces5a,,one_to_one,False
CES1,Ces1f,,one_to_one,False
CES1,Ces1c,,ambiguous_orthology,False
CES1P1,Ces1c,,ambiguous_orthology,False
CES1,Ces1e,,one_to_one,False
CES2,Ces2g,,one_to_one,False
CES2,Ces2c,,one_to_one,False
CBLN2,Cbln2,,one_to_one,False
CREBBP,Crebbp,Crebbp,one_to_one,True
CBX1,Cbx1,Cbx1,one_to_one,True
CBX3,Cbx3,Cbx3,one_to_one,True
CBX8,Cbx8,Cbx8,one_to_one,True
DIPK2B,Dipk2b,,one_to_one,False
KYAT1,Kyat1,Kyat1,one_to_one,True
KYAT3,Kyat3,Kyat3,one_to_one,True
DIXDC1,Dixdc1,,one_to_one,False
SGF29,Sgf29,Sgf29,one_to_one,True
DNAAF19,Dnaaf19,,one_to_one,False
CFAP36,Cfap36,Cfap36,one_to_one,True
TEKTL1,Tektl1,,one_to_one,False
CCDC106,Ccdc106,,one_to_one,False
MCU,Mcu,Mcu,one_to_one,True
CFAP53,Cfap53,,one_to_one,False
CFAP263,Cfap263,,one_to_one,False
ODAD1,Odad1,,one_to_one,False
CCDC63,Ccdc63,,one_to_one,False
VMA22,Vma22,Ccdc115,one_to_one,True
CCDC120,Ccdc120,,one_to_one,False
CEP89,Cep89,Cep89,one_to_one,True
CCDC127,Ccdc127,Ccdc127,one_to_one,True
ITPRID1,Itprid1,,one_to_one,False
YJU2B,Yju2b,Ccdc130,one_to_one,True
VPS50,Vps50,Vps50,one_to_one,True
CFAP58,Cfap58,,one_to_one,False
CCDC149,Ccdc149,,one_to_one,False
ODAD3,Odad3,,one_to_one,False
DRC12,Drc12,,one_to_one,False
DRC1,Drc1,,one_to_one,False
CFAP210,Cfap210,Ccdc173,one_to_one,True
CFAP119,Cfap119,,one_to_one,False
CFAP45,Cfap45,,one_to_one,False
SVBP,Svbp,Svbp,one_to_one,True
CCDC3,Ccdc3,,one_to_one,False
CFAP100,Cfap100,,one_to_one,False
CEP83,Cep83,Cep83,one_to_one,True
CCDC42,Ccdc42,,one_to_one,False
CFAP73,Cfap73,,one_to_one,False
CWC25,Cwc25,Cwc25,one_to_one,True
CCDC50,Ccdc50,Ccdc50,one_to_one,True
SPICE1,Spice1,Spice1,one_to_one,True
WASHC3,Washc3,Washc3,one_to_one,True
NSRP1,Nsrp1,Nsrp1,one_to_one,True
COA3,Coa3,Coa3,one_to_one,True
MIX23,Mix23,Ccdc58,one_to_one,True
CCDC6,Ccdc6,Ccdc6,one_to_one,True
BICDL2,Bicdl2,,one_to_one,False
DRC2,Drc2,,one_to_one,False
TMA7B,Tma7,Tma7,ambiguous_orthology,False
TMA7,Tma7,Tma7,ambiguous_orthology,False
GPATCH11,Gpatch11,Gpatch11,one_to_one,True
TRMT13,Trmt13,Trmt13,one_to_one,True
TERB1,Terb1,,one_to_one,False
CENATAC,Cenatac,Ccdc84,one_to_one,True
CCDC85C,Ccdc85c,,one_to_one,False
YJU2,Yju2,Yju2,one_to_one,True
CFAP184,Cfap184,,one_to_one,False
CCK,Cck,,one_to_one,False
CCKBR,Cckbr,,one_to_one,False
CCL19,Ccl19,,one_to_one,False
CCL20,Ccl20,,one_to_one,False
CCL21,Ccl21e,,one_to_one,False
CCL21,Ccl21b,,one_to_one,False
CCL21,Ccl21d,,one_to_one,False
CCL21,Ccl21f,,one_to_one,False
CCL21,Ccl21a,,one_to_one,False
CCL25,Ccl25,Ccl25,one_to_one,True
CCL5,Ccl5,Ccl5,one_to_one,True
CCL4L1,Ccl4,Ccl4,ambiguous_orthology,False
CCL4,Ccl4,Ccl4,ambiguous_orthology,False
CCL4L2,Ccl4,Ccl4,ambiguous_orthology,False
CCL18,Ccl3,,ambiguous_orthology,False
CCL3,Ccl3,,ambiguous_orthology,False
CCL3L1,Ccl3,,ambiguous_orthology,False
CCL3L3,Ccl3,,ambiguous_orthology,False
CCL11,Ccl11,,ambiguous_orthology,False
CCL8,Ccl11,,ambiguous_orthology,False
CCL13,Ccl11,,ambiguous_orthology,False
CCL8,Ccl8,,one_to_one,False
CCL8,Ccl12,,ambiguous_orthology,False
CCL2,Ccl12,,ambiguous_orthology,False
CCL7,Ccl12,,ambiguous_orthology,False
CCL2,Ccl2,,one_to_one,False
CCL7,Ccl7,,one_to_one,False
CCL24,Ccl24,,one_to_one,False
CCL27,Ccl27a,Ccl27a,one_to_one,True
CCL28,Ccl28,,one_to_one,False
CCL27,Ccl27b,,one_to_one,True
CCL27,Ccl27al,,one_to_one,True
KRIT1,Krit1,Krit1,one_to_one,True
PDCD10,Pdcd10,Pdcd10,one_to_one,True
CCM2L,Ccm2l,,one_to_one,False
CCN5,Ccn5,,one_to_one,False
CCND2,Ccnd2,Ccnd2,one_to_one,True
CCNE1,Ccne1,Ccne1,one_to_one,True
CCNL1,Ccnl1,Ccnl1,one_to_one,True
CCNT2,Ccnt2,Ccnt2,one_to_one,True
AGTPBP1,Agtpbp1,Agtpbp1,one_to_one,True
AGBL2,Agbl2,,one_to_one,False
AGBL5,Agbl5,Agbl5,one_to_one,True
AGBL4,Agbl4,,one_to_one,False
CCR3,Ccr3,,one_to_one,False
CCR4,Ccr4,Ccr4,one_to_one,True
CCR1,Ccr1,,one_to_one,False
CCR5,Ccr5,Ccr5,one_to_one,True
CCR1,Ccr1l1,,one_to_one,False
CCR2,Ccr2,Ccr2,one_to_one,True
CCR8,Ccr8,Ccr8,one_to_one,True
CX3CR1,Cx3cr1,,one_to_one,False
CCR9,Ccr9,Ccr9,one_to_one,True
CDK20,Cdk20,Cdk20,one_to_one,True
ACKR4,Ackr4,,one_to_one,False
NOCT,Noct,Noct,one_to_one,True
CCSER2,Ccser2,Ccser2,one_to_one,True
TCP1,Tcp1,Tcp1,one_to_one,True
ITGAD,Itgad,,one_to_one,False
ITGAX,Itgax,,one_to_one,False
ITGAM,Itgam,,one_to_one,False
MCAM,Mcam,,one_to_one,False
CD40LG,Cd40lg,Cd40lg,one_to_one,True
CD63,Cd63,,one_to_one,False
CD209,Cd209e,,one_to_one,False
CD209,Cd209a,,one_to_one,False
CLEC4M,Cd209d,,ambiguous_orthology,False
CD209,Cd209d,,ambiguous_orthology,False
CD36,Cd36,,one_to_one,False
CD2AP,Cd2ap,Cd2ap,one_to_one,True
PECAM1,Pecam1,Pecam1,one_to_one,True
SCARB2,Scarb2,Scarb2,one_to_one,True
ENTPD5,Entpd5,Entpd5,one_to_one,True
POLR1G,Polr1g,Cd3eap,one_to_one,True
CD247,Cd247,Cd247,one_to_one,True
CD4,Cd4,Cd4,one_to_one,True
ITGA2B,Itga2b,,one_to_one,False
CD44,Cd44,Cd44,one_to_one,True
PTPRC,Ptprc,Ptprc,one_to_one,True
ITGA2,Itga2,Itga2,one_to_one,True
CD59,Cd59b,,one_to_one,False
TFRC,Tfrc,Tfrc,one_to_one,True
CD74,Cd74,Cd74,one_to_one,True
CD81,Cd81,Cd81,one_to_one,True
CD82,Cd82,Cd82,one_to_one,True
ADGRE5,Adgre5,Adgre5,ambiguous_orthology,False
ADGRE2,Adgre5,Adgre5,ambiguous_orthology,False
ADGRE1,Adgre1,,one_to_one,False
CDA,Cda,,one_to_one,False
CDC14C,Cdc14b,Cdc14b,ambiguous_orthology,False
CDC14B,Cdc14b,Cdc14b,ambiguous_orthology,False
CDC14A,Cdc14a,Cdc14a,one_to_one,True
CDK1,Cdk1,Cdk1,one_to_one,True
CDK11A,Cdk11b,Cdk11b,ambiguous_orthology,False
CDK11B,Cdk11b,Cdk11b,ambiguous_orthology,False
CDK13,Cdk13,Cdk13,one_to_one,True
CDK19,Cdk19,Cdk19,one_to_one,True
CNOT1,Cnot1,Cnot1,one_to_one,True
CDC42,Cdc42,Cdc42,one_to_one,True
CDC42EP5,Cdc42ep5,,one_to_one,False
CDC42EP4,Cdc42ep4,,one_to_one,False
CDC45,Cdc45,Cdc45,one_to_one,True
VCP,Vcp,Vcp,one_to_one,True
CDCA7,Cdca7,Cdca7,one_to_one,True
CDCA7L,Cdca7l,Cdca7l,one_to_one,True
CDH10,Cdh10,,one_to_one,False
CDH9,Cdh9,,one_to_one,False
CDH12,Cdh12,,one_to_one,False
CDH18,Cdh18,,one_to_one,False
CDH26,Cdh26,,one_to_one,False
CDH7,Cdh7,,one_to_one,False
CDHR1,Cdhr1,,one_to_one,False
CDH11,Cdh11,,one_to_one,False
CDK5R1,Cdk5r1,Cdk5r1,one_to_one,True
CDK5R2,Cdk5r2,,one_to_one,False
CDKN1B,Cdkn1b,Cdkn1b,one_to_one,True
XTBD1,Xtbd1,Cdkn2aipnl,one_to_one,True
CDKN2B,Cdkn2b,,ambiguous_orthology,False
CDKN2A,Cdkn2b,,ambiguous_orthology,False
CDKN2A,Cdkn2a,,one_to_one,False
CDK5RAP3,Cdk5rap3,Cdk5rap3,one_to_one,True
M6PR,M6pr,M6pr,one_to_one,True
ESPL1,Espl1,,one_to_one,False
IFT81,Ift81,Ift81,one_to_one,True
SLC44A1,Slc44a1,Slc44a1,one_to_one,True
SASS6,Sass6,Sass6,one_to_one,True
CEBPD,Cebpd,,one_to_one,False
CEBPG,Cebpg,Cebpg,one_to_one,True
HDHD5,Hdhd5,Hdhd5,one_to_one,True
TMEM121B,Tmem121b,,one_to_one,False
GET4,Get4,Get4,one_to_one,True
CELF3,Celf3,,one_to_one,False
CNBP,Cnbp,Cnbp,one_to_one,True
ZCCHC13,Zcchc13,,one_to_one,False
CELSR1,Celsr1,Celsr1,one_to_one,True
CELSR2,Celsr2,,one_to_one,False
ODF2,Odf2,Odf2,one_to_one,True
CPAP,Cpap,Cenpj,one_to_one,True
CEP170,Cep170,Cep170,one_to_one,True
CEP170B,Cep170b,Cep170b,one_to_one,True
CDK5RAP2,Cdk5rap2,Cdk5rap2,one_to_one,True
CEP55,Cep55,Cep55,one_to_one,True
CPEB1,Cpeb1,,one_to_one,False
CEPT1,Cept1,Cept1,one_to_one,True
CP,Cp,,one_to_one,False
THRA,Thra,Thra,one_to_one,True
CERS3,Cers3,,one_to_one,False
TBL3,Tbl3,Tbl3,one_to_one,True
CFD,Cfd,,one_to_one,False
F13B,F13b,,one_to_one,False
CFL1,Cfl1,Cfl1,one_to_one,True
CFLAR,Cflar,Cflar,one_to_one,True
RFLNA,Rflna,,one_to_one,False
CSF1R,Csf1r,,one_to_one,False
CXXC1,Cxxc1,Cxxc1,one_to_one,True
MIB1,Mib1,Mib1,one_to_one,True
CGAS,Cgas,Cgas,one_to_one,True
TMED5,Tmed5,Tmed5,one_to_one,True
VIT,Vit,,one_to_one,False
ELFN2,Elfn2,,one_to_one,False
SAMD3,Samd3,Samd3,one_to_one,True
NHSL1,Nhsl1,Nhsl1,one_to_one,True
CRTC1,Crtc1,Crtc1,one_to_one,True
L3MBTL3,L3mbtl3,L3mbtl3,one_to_one,True
CH25H,Ch25h,,one_to_one,False
HES5,Hes5,,one_to_one,False
ALG10B,Alg10,Alg10b,ambiguous_orthology,False
ALG10,Alg10,Alg10b,ambiguous_orthology,False
EPB41,Epb41,Epb41,one_to_one,True
CER1,Cer1,,one_to_one,False
DAND5,Dand5,Dand5,one_to_one,True
VPS13A,Vps13a,Vps13a,one_to_one,True
DISP1,Disp1,Disp1,one_to_one,True
SYNPO2L,Synpo2l,,one_to_one,False
CCT2,Cct2,Cct2,one_to_one,True
CCT3,Cct3,Cct3,one_to_one,True
CCT7,Cct7,Cct7,one_to_one,True
CHURC1,Churc1,Churc1,one_to_one,True
CHCHD10,Chchd10,Chchd10,one_to_one,True
CHCHD2P9,Chchd2,Chchd2,ambiguous_orthology,False
CHCHD2,Chchd2,Chchd2,ambiguous_orthology,False
CHCHD3,Chchd3,Chchd3,one_to_one,True
CHCHD4,Chchd4,Chchd4,one_to_one,True
LYPD6B,Lypd6b,Lypd6b,one_to_one,True
CHRD,Chrd,,one_to_one,False
CHIT1,Chit1,,one_to_one,False
CHIA,Chil4,,one_to_one,False
CHIA,Chil6,,one_to_one,False
CHIA,Chil5,,one_to_one,False
CHIA,Chia1,,one_to_one,False
CHIA,Chil3,,one_to_one,False
OVGP1,Ovgp1,,one_to_one,False
STUB1,Stub1,Stub1,one_to_one,True
RAX,Rax,,one_to_one,False
CHEK1,Chek1,Chek1,one_to_one,True
CHEK2,Chek2,Chek2,one_to_one,True
CHRDL2,Chrdl2,,one_to_one,False
CHMP2B,Chmp2b,Chmp2b,one_to_one,True
CHMP5,Chmp5,Chmp5,one_to_one,True
CHMP6,Chmp6,Chmp6,one_to_one,True
MEOX1,Meox1,,one_to_one,False
DDIT3,Ddit3,Ddit3,one_to_one,True
CHORDC1,Chordc1,Chordc1,one_to_one,True
SLC6A8,Slc6a8,,one_to_one,False
CHP1,Chp1,Chp1,one_to_one,True
MLXIPL,Mlxipl,,one_to_one,False
MLXIP,Mlxip,Mlxip,one_to_one,True
CHRM1,Chrm1,,one_to_one,False
CHRM2,Chrm2,,one_to_one,False
CHRM5,Chrm5,,one_to_one,False
CHRNA10,Chrna10,,one_to_one,False
CHRNA2,Chrna2,,one_to_one,False
CHRNA4,Chrna4,,one_to_one,False
CHRFAM7A,Chrna7,,ambiguous_orthology,False
CHRNA7,Chrna7,,ambiguous_orthology,False
CHRNA9,Chrna9,,one_to_one,False
CHRNB2,Chrnb2,,one_to_one,False
CHRNB4,Chrnb4,,one_to_one,False
CHRNB3,Chrnb3,,one_to_one,False
CHST15,Chst15,Chst15,one_to_one,True
TMEM231,Tmem231,,one_to_one,False
NID2,Nid2,,one_to_one,False
U2AF1,U2af1,U2af1,one_to_one,True
DDX55,Ddx55,Ddx55,one_to_one,True
SMO,Smo,,one_to_one,False
RPL35,Rpl35,Rpl35,one_to_one,True
SDAD1,Sdad1,Sdad1,one_to_one,True
MED29,Med29,Med29,one_to_one,True
UTP25,Utp25,Utp25,one_to_one,True
COPZ1,Copz1,Copz1,one_to_one,True
HNF1B,Hnf1b,,one_to_one,False
SMARCA5,Smarca5,Smarca5,one_to_one,True
SNRPD1,Snrpd1,Snrpd1,one_to_one,True
PPP1R10,Ppp1r10,Ppp1r10,one_to_one,True
POLE2,Pole2,Pole2,one_to_one,True
TIMM23,Timm23,Timm23,ambiguous_orthology,False
TIMM23B,Timm23,Timm23,ambiguous_orthology,False
TAF7,Taf7,Taf7,one_to_one,True
TAF7L,Taf7l,,one_to_one,False
ATP6V1H,Atp6v1h,Atp6v1h,one_to_one,True
UXS1,Uxs1,Uxs1,one_to_one,True
NODAL,Nodal,,one_to_one,False
ZCCHC7,Zcchc7,Zcchc7,one_to_one,True
CSNK1A1,Csnk1a1,Csnk1a1,one_to_one,True
RPS18,Rps18-ps6,,one_to_one,False
RPS18,Rps18-ps5,,one_to_one,False
RPS18,Rps18,Rps18,one_to_one,True
SF3B4,Sf3b4,Sf3b4,one_to_one,True
TERF2,Terf2,Terf2,one_to_one,True
TTC27,Ttc27,Ttc27,one_to_one,True
RPL24,Rpl24,Rpl24,one_to_one,True
SNRPC,Snrpc,Snrpc,one_to_one,True
PHF5A,Phf5a,Phf5a,one_to_one,True
MCM7,Mcm7,Mcm7,one_to_one,True
DDX54,Ddx54,Ddx54,one_to_one,True
DDX19A,Ddx19a,Ddx19a,one_to_one,True
DDX19B,Ddx19b,Ddx19b,one_to_one,True
INTS7,Ints7,Ints7,one_to_one,True
NCBP2,Ncbp2,Ncbp2,ambiguous_orthology,False
NCBP2L,Ncbp2,Ncbp2,ambiguous_orthology,False
HDAC1,Hdac1,Hdac1,one_to_one,True
GPC4,Gpc4,,one_to_one,False
ODC1,Odc1,Odc1,one_to_one,True
MAK16,Mak16,Mak16,one_to_one,True
TSR2,Tsr2,Tsr2,one_to_one,True
WNT5B,Wnt5b,,one_to_one,False
VPS18,Vps18,Vps18,one_to_one,True
SLC25A5,Slc25a5,Slc25a5,one_to_one,True
RPS5,Rps5,Rps5,one_to_one,True
ATM,Atm,Atm,one_to_one,True
SLIT1,Slit1,,one_to_one,False
ALK,Alk,,one_to_one,False
CHSY1,Chsy1,Chsy1,one_to_one,True
PIERCE1,Pierce1,,one_to_one,False
CIC,Cic,Cic,one_to_one,True
CLCNKA,Clcnkb,,ambiguous_orthology,False
CLCNKB,Clcnkb,,ambiguous_orthology,False
CLCNKA,Clcnka,,ambiguous_orthology,False
CLCNKB,Clcnka,,ambiguous_orthology,False
IGF2R,Igf2r,Igf2r,one_to_one,True
SH3KBP1,Sh3kbp1,Sh3kbp1,one_to_one,True
CDKN1A,Cdkn1a,Cdkn1a,one_to_one,True
CIRSR,Cirsr,Cir1,one_to_one,True
RBM3,Rbm3,Rbm3,one_to_one,True
CIRBP,Cirbp,Cirbp,one_to_one,True
UTP4,Utp4,Utp4,one_to_one,True
GOLGA2,Golga2,Golga2,one_to_one,True
CISH,Cish,Cish,one_to_one,True
CIT,Cit,Cit,one_to_one,True
CIZ1,Ciz1,Ciz1,one_to_one,True
JUN,Jun,Jun,one_to_one,True
CSNK2A1,Csnk2a1,Csnk2a1,ambiguous_orthology,False
CSNK2A3,Csnk2a1,Csnk2a1,ambiguous_orthology,False
CSNK2A2,Csnk2a2,Csnk2a2,one_to_one,True
CSNK2B,Csnk2b,Csnk2b,one_to_one,True
TBCB,Tbcb,Tbcb,one_to_one,True
KRT5,Krt5,,one_to_one,False
PLEKHO1,Plekho1,Plekho1,one_to_one,True
KIT,Kit,,one_to_one,False
CKMT2,Ckmt2,,one_to_one,False
CLDN10,Cldn10,Cldn10,one_to_one,True
CLDN6,Cldn6,,one_to_one,False
CLDN9,Cldn9,,one_to_one,False
CLCN2,Clcn2,,one_to_one,False
CLCN5,Clcn5,Clcn5,one_to_one,True
CLDN11,Cldn11,,one_to_one,False
TMEM47,Tmem47,,one_to_one,False
CLDN15,Cldn15,,one_to_one,False
CLDN8,Cldn8,,one_to_one,False
CLDN1,Cldn1,,one_to_one,False
CLDN23,Cldn23,,one_to_one,False
CLDN4,Cldn13,,one_to_one,False
CLDN5,Cldn5,,one_to_one,False
CLDN17,Cldn17,,one_to_one,False
CLDN3,Cldn3,,one_to_one,False
CSTF3,Cstf3,Cstf3,one_to_one,True
CLEC4F,Clec4f,,one_to_one,False
CRLF1,Crlf1,,one_to_one,False
CRLF3,Crlf3,Crlf3,one_to_one,True
CLIC5,Clic5,,one_to_one,False
CLIC3,Clic3,,one_to_one,False
PDLIM1,Pdlim1,Pdlim1,one_to_one,True
CLINT1,Clint1,Clint1,one_to_one,True
CLIP1,Clip1,Clip1,one_to_one,True
CLOCK,Clock,Clock,one_to_one,True
CLK4,Clk4,Clk4,one_to_one,True
CLMN,Clmn,,one_to_one,False
TPP1,Tpp1,Tpp1,one_to_one,True
CLN6,Cln6,Cln6,one_to_one,True
NPAS2,Npas2,Npas2,one_to_one,True
PASD1,Pasd1,,one_to_one,False
TXNDC17,Txndc17,Txndc17,one_to_one,True
CLPX,Clpx,Clpx,one_to_one,True
SOX10,Sox10,,one_to_one,False
CLSTN2,Clstn2,,one_to_one,False
CACNA1C,Cacna1c,,one_to_one,False
MAF,Maf,Maf,one_to_one,True
CMAS,Cmas,Cmas,one_to_one,True
MET,Met,,one_to_one,False
MYL7,Myl7,,one_to_one,False
MOS,Mos,,one_to_one,False
MPL,Mpl,,one_to_one,False
SBF2,Sbf2,Sbf2,one_to_one,True
XIRP1,Xirp1,,one_to_one,False
CMYA5,Cmya5,,one_to_one,False
MYB,Myb,Myb,one_to_one,True
MYC,Myc,Myc,one_to_one,True
CNGA1,Cnga1,Cnga1,one_to_one,True
CNGA2,Cnga2,,one_to_one,False
CNGA3,Cnga3,,one_to_one,False
CNGB3,Cngb3,,one_to_one,False
EML1,Eml1,,one_to_one,False
CNIH1,Cnih1,Cnih1,one_to_one,True
PLK3,Plk3,Plk3,one_to_one,True
CNKSR2,Cnksr2,,one_to_one,False
CNN3,Cnn3,Cnn3,one_to_one,True
CNNM2,Cnnm2,Cnnm2,one_to_one,True
BLOC1S4,Bloc1s4,Bloc1s4,one_to_one,True
CNOT3,Cnot3,Cnot3,one_to_one,True
CNOT6,Cnot6,Cnot6,one_to_one,True
NPPC,Nppc,,one_to_one,False
CNP,Cnp,Cnp,one_to_one,True
CNRIP1,Cnrip1,Cnrip1,one_to_one,True
CNST,Cnst,Cnst,one_to_one,True
CNTN1,Cntn1,,one_to_one,False
CNTN3,Cntn3,,one_to_one,False
CNTNAP2,Cntnap2,,one_to_one,False
CNTNAP3B,Cntnap3,,ambiguous_orthology,False
CNTNAP3,Cntnap3,,ambiguous_orthology,False
CNTNAP3C,Cntnap3,,ambiguous_orthology,False
CNTNAP4,Cntnap4,,one_to_one,False
COBLL1,Cobll1,Cobll1,one_to_one,True
NELFB,Nelfb,Nelfb,one_to_one,True
EBF2,Ebf2,,one_to_one,False
COX1,mt-Co1,mt-Co1,one_to_one,True
COX2,mt-Co2,mt-Co2,one_to_one,True
COX3,mt-Co3,mt-Co3,one_to_one,True
COL10A1,Col10a1,,one_to_one,False
COL11A2,Col11a2,,one_to_one,False
COL5A3,Col5a3,,one_to_one,False
COL11A1,Col11a1,,one_to_one,False
COL12A1,Col12a1,,one_to_one,False
COL17A1,Col17a1,,one_to_one,False
COL28A1,Col28a1,,one_to_one,False
COL2A1,Col2a1,,one_to_one,False
CERT1,Cert1,Col4a3bp,one_to_one,True
COL5A2,Col5a2,,one_to_one,False
COL6A5,Col6a5,,one_to_one,False
COL6A6,Col6a6,,one_to_one,False
COL6A4P1,Col6a4,,ambiguous_orthology,False
COL6A4P2,Col6a4,,ambiguous_orthology,False
COL7A1,Col7a1,,one_to_one,False
COL8A1,Col8a1,,one_to_one,False
COL22A1,Col22a1,,one_to_one,False
COLGALT1,Colgalt1,Colgalt1,one_to_one,True
COLGALT2,Colgalt2,,one_to_one,False
SFTPD,Sftpd,,one_to_one,False
MBL1P,Mbl1,,one_to_one,False
MBL2,Mbl2,,one_to_one,False
GLDN,Gldn,,one_to_one,False
C1QL4,C1ql4,,one_to_one,False
CLEC14A,Clec14a,,one_to_one,False
COMTD1,Comtd1,Comtd1,one_to_one,True
OGT,Ogt,Ogt,one_to_one,True
RCOR1,Rcor1,Rcor1,one_to_one,True
CORO2A,Coro2a,Coro2a,one_to_one,True
CORO2B,Coro2b,Coro2b,one_to_one,True
CORT,Cort,,one_to_one,False
KIF7,Kif7,,one_to_one,False
NR2F6,Nr2f6,Nr2f6,one_to_one,True
NR2F1,Nr2f1,,one_to_one,False
NR2F2,Nr2f2,,one_to_one,False
PTGS1,Ptgs1,Ptgs1,one_to_one,True
PTGS2,Ptgs2,,one_to_one,False
COX4I1,Cox4i1,Cox4i1,one_to_one,True
COX4I2,Cox4i2,,one_to_one,False
EMC8,Emc8,Emc8,one_to_one,True
COX5B,Cox5b,Cox5b,one_to_one,True
COX7A2,Cox7a2,Cox7a2,ambiguous_orthology,False
COX7A2P2,Cox7a2,Cox7a2,ambiguous_orthology,False
COX7A2L,Cox7a2l,Cox7a2l,one_to_one,True
COX8A,Cox8a,Cox8a,one_to_one,True
CPD,Cpd,Cpd,one_to_one,True
CADPS2,Cadps2,,one_to_one,False
CPEB4,Cpeb4,Cpeb4,one_to_one,True
NRN1,Nrn1,,one_to_one,False
PTGES3,Ptges3,Ptges3,one_to_one,True
PPP1R14A,Ppp1r14a,,one_to_one,False
PLA2G4A,Pla2g4a,,one_to_one,False
CPLX2,Cplx2,,one_to_one,False
CPLX3,Cplx3,,one_to_one,False
HSPE1,Hspe1,Hspe1,one_to_one,True
HSPE1,Hspe1-rs1,Hspe1-rs1,one_to_one,True
CPNE1,Cpne1,Cpne1,one_to_one,True
CPNE4,Cpne4,,one_to_one,False
CPNE5,Cpne5,,one_to_one,False
INTS11,Ints11,Ints11,one_to_one,True
NUDT21,Nudt21,Nudt21,one_to_one,True
CPS1,Cps1,,one_to_one,False
CPT1A,Cpt1a,Cpt1a,one_to_one,True
CPT1B,Cpt1b,Cpt1b,one_to_one,True
CPT1C,Cpt1c,,one_to_one,False
CBR1,Cbr1,Cbr1,one_to_one,True
FAM131B,Fam131b,,one_to_one,False
CLCN1,Clcn1,,one_to_one,False
CRACDL,Cracdl,2010300C02Rik,one_to_one,True
RAF1,Raf1,Raf1,one_to_one,True
RLBP1,Rlbp1,,one_to_one,False
CRAMP1,Cramp1,Cramp1l,one_to_one,True
CRB2,Crb2,,one_to_one,False
RBP2,Rbp2,,one_to_one,False
CREB1,Creb1,Creb1,one_to_one,True
CREB3L3,Creb3l3,,one_to_one,False
CREB3,Creb3,Creb3,one_to_one,True
CREB5,Creb5,,one_to_one,False
REL,Rel,Rel,one_to_one,True
RET,Ret,,one_to_one,False
CRH,Crh,,one_to_one,False
IFNGR1,Ifngr1,Ifngr1,one_to_one,True
IFNAR2,Ifnar2,Ifnar2,one_to_one,True
IFNLR1,Ifnlr1,,one_to_one,False
IL22RA1,Il22ra1,,one_to_one,False
IL10RB,Il10rb,Il10rb,one_to_one,True
IFNAR1,Ifnar1,Ifnar1,one_to_one,True
IFNGR2,Ifngr2,Ifngr2,one_to_one,True
IL10RA,Il10ra,Il10ra,one_to_one,True
IL20RA,Il20ra,,one_to_one,False
IL22RA2,Il22ra2,,one_to_one,False
CRHBP,Crhbp,,one_to_one,False
LINC02210-CRHR1,Crhr1,,ambiguous_orthology,False
CRHR1,Crhr1,,ambiguous_orthology,False
CRHR2,Crhr2,,one_to_one,False
CRISPLD1,Crispld1,,one_to_one,False
CRMP1,Crmp1,Crmp1,one_to_one,True
DPYSL2,Dpysl2,Dpysl2,one_to_one,True
DPYSL4,Dpysl4,,one_to_one,False
DPYSL3,Dpysl3,,one_to_one,False
DPYSL5,Dpysl5,,one_to_one,False
ROS1,Ros1,,one_to_one,False
BMPER,Bmper,,one_to_one,False
CRP,Crp,,one_to_one,False
APCS,Apcs,,one_to_one,False
MPTX1,Mptx1,,one_to_one,False
MED24,Med24,Med24,one_to_one,True
MED14,Med14,Med14,one_to_one,True
MED23,Med23,Med23,one_to_one,True
MED27,Med27,Med27,one_to_one,True
MED17,Med17,Med17,one_to_one,True
MED7,Med7,Med7,one_to_one,True
HAPLN1,Hapln1,,one_to_one,False
SEC23A,Sec23a,Sec23a,one_to_one,True
CRY1,Cry1,Cry1,one_to_one,True
CRY2,Cry2,Cry2,one_to_one,True
CRYAB,Cryab,,one_to_one,False
CRYBA1,Cryba1,,one_to_one,False
CRYGA,Cryga,,one_to_one,False
CRYGC,Crygc,,one_to_one,False
CRYGD,Cryge,,one_to_one,False
CRYGD,Crygd,,one_to_one,False
CRYGB,Crygb,,one_to_one,False
CRYGD,Crygf,,one_to_one,False
CRYGS,Crygs,,one_to_one,False
ERCC8,Ercc8,Ercc8,one_to_one,True
CCSAP,Ccsap,Ccsap,one_to_one,True
ERCC6,Ercc6,Ercc6,one_to_one,True
CSDC2,Csdc2,,one_to_one,False
KCNIP3,Kcnip3,Kcnip3,one_to_one,True
CSF1,Csf1,Csf1,one_to_one,True
CSF3,Csf3,,one_to_one,False
CSGALNACT1,Csgalnact1,,one_to_one,False
CSMD1,Csmd1,,one_to_one,False
CSNK1D,Csnk1d,Csnk1d,one_to_one,True
CSNK1G2,Csnk1g2,Csnk1g2,one_to_one,True
VCAN,Vcan,,one_to_one,False
NCAN,Ncan,,one_to_one,False
CSPG4BP,Cspg4b,,one_to_one,False
CSPG5,Cspg5,,one_to_one,False
SMC3,Smc3,Smc3,one_to_one,True
CASQ1,Casq1,,one_to_one,False
KAT14,Kat14,Kat14,one_to_one,True
CSRP3,Csrp3,,one_to_one,False
CSTB,Cstb,Cstb,one_to_one,True
CSTA,Stfa2,,one_to_one,False
CSTA,Csta2,,one_to_one,False
CSTA,Csta1,,one_to_one,False
CSTA,Stfa1,,one_to_one,False
CSTA,Stfa3,,one_to_one,False
CSTA,Cstdc4,,one_to_one,False
CSTA,Cstdc5,,one_to_one,False
CSTA,Cstdc6,,one_to_one,False
CSTA,Csta3,,one_to_one,False
CSTA,Stfa2l1,,one_to_one,False
CSTF2,Cstf2,Cstf2,one_to_one,True
CTAGE9,Mia2,Mia2,ambiguous_orthology,False
CTAGE8,Mia2,Mia2,ambiguous_orthology,False
MIA2,Mia2,Mia2,ambiguous_orthology,False
CTAGE15,Mia2,Mia2,ambiguous_orthology,False
CTAGE6,Mia2,Mia2,ambiguous_orthology,False
CTAGE4,Mia2,Mia2,ambiguous_orthology,False
CTAGE1,Mia2,Mia2,ambiguous_orthology,False
CTBP1,Ctbp1,Ctbp1,one_to_one,True
CTBP2,Ctbp2,Ctbp2,one_to_one,True
CTDNEP1,Ctdnep1,Ctdnep1,one_to_one,True
CTDSPL2,Ctdspl2,Ctdspl2,one_to_one,True
CCN2,Ccn2,,one_to_one,False
CTLA4,Ctla4,Ctla4,one_to_one,True
TNNC1,Tnnc1,,one_to_one,False
CTNNB1,Ctnnb1,Ctnnb1,one_to_one,True
CTNND2,Ctnnd2,,one_to_one,False
ATP6V0D1,Atp6v0d1,Atp6v0d1,one_to_one,True
CTPS2,Ctps2,Ctps2,one_to_one,True
CALCR,Calcr,,one_to_one,False
SLC31A1,Slc31a1,Slc31a1,one_to_one,True
CTRL,Ctrl,,one_to_one,False
CTRB2,Ctrb1,,ambiguous_orthology,False
CTRB1,Ctrb1,,ambiguous_orthology,False
CTSB,Ctsb,Ctsb,one_to_one,True
CTSE,Ctse,Ctse,one_to_one,True
CTSS,Ctss,Ctss,one_to_one,True
CTTNBP2NL,Cttnbp2nl,,one_to_one,False
ATP11B,Atp11b,Atp11b,one_to_one,True
CENPW,Cenpw,Cenpw,one_to_one,True
CUL1,Cul1,Cul1,one_to_one,True
CUL3,Cul3,Cul3,one_to_one,True
CUL5,Cul5,Cul5,one_to_one,True
PKD2,Pkd2,,one_to_one,False
IFT57,Ift57,Ift57,one_to_one,True
C12orf43,2210016L21Rik,2210016L21Rik,one_to_one,True
CUX1,Cux1,Cux1,one_to_one,True
CUX2,Cux2,,one_to_one,False
SOD1,Sod1,Sod1,one_to_one,True
GJE1,Gje1,,one_to_one,False
GJB1,Gjb1,,one_to_one,False
GJB5,Gjb5,,one_to_one,False
GJB2,Gjb2,,one_to_one,False
GJB6,Gjb6,,one_to_one,False
GJD2,Gjd2,,one_to_one,False
GJB4,Gjb4,,one_to_one,False
GJB3,Gjb3,,one_to_one,False
GJA4,Gja4,,one_to_one,False
GJA1,Gja1,,one_to_one,False
GJA5,Gja5,,one_to_one,False
GJA3,Gja3,,one_to_one,False
GJA8,Gja8,,one_to_one,False
GJD4,Gjd4,,one_to_one,False
GJC2,Gjc2,,one_to_one,False
GJA10,Gja10,,one_to_one,False
GJC1,Gjc1,,one_to_one,False
CXCL11,Cxcl11,,one_to_one,False
CXCL9,Cxcl9,,one_to_one,False
CXCL12,Cxcl12,,one_to_one,False
PPBP,Ppbp,,one_to_one,False
CXCL2,Cxcl1,,ambiguous_orthology,False
CXCL1,Cxcl1,,ambiguous_orthology,False
CXCL3,Cxcl1,,ambiguous_orthology,False
PF4,Pf4,,ambiguous_orthology,False
PF4V1,Pf4,,ambiguous_orthology,False
CXCR3,Cxcr3,Cxcr3,one_to_one,True
ACKR3,Ackr3,,one_to_one,False
RADX,Radx,,one_to_one,False
CXXC5,Cxxc5,Cxxc5,one_to_one,True
CYFIP1,Cyfip1,Cyfip1,one_to_one,True
CYB561A3,Cyb561a3,Cyb561a3,one_to_one,True
CYCS,Cycs,Cycs,one_to_one,True
CYCTP,Cyct,,one_to_one,False
PPIA,Ppia,Ppia,one_to_one,True
CYGB,Cygb,,one_to_one,False
ZFTRAF1,Zftraf1,Cyhr1,one_to_one,True
CYLD,Cyld,Cyld,one_to_one,True
CYP11B2,Cyp11b1,,ambiguous_orthology,False
CYP11B1,Cyp11b1,,ambiguous_orthology,False
CYP11B2,Cyp11b2,,ambiguous_orthology,False
CYP11B1,Cyp11b2,,ambiguous_orthology,False
CYP17A1,Cyp17a1,,one_to_one,False
CYP1A2,Cyp1a2,,one_to_one,False
CYP1A1,Cyp1a1,,one_to_one,False
CYP21A2,Cyp21a1,,ambiguous_orthology,False
CYP21A1P,Cyp21a1,,ambiguous_orthology,False
CYP24A1,Cyp24a1,,one_to_one,False
CYP26C1,Cyp26c1,,one_to_one,False
CYP2J2,Cyp2j7,,one_to_one,False
CYP2J2,Cyp2j8,,one_to_one,False
CYP2J2,Cyp2j9,,one_to_one,False
CYP2J2,Cyp2j13,,one_to_one,False
CYP2J2,Cyp2j12,,one_to_one,False
CYP2J2,Cyp2j11,,one_to_one,False
CYP2J2,Cyp2j5,,one_to_one,False
CYP2J2,Cyp2j6,,one_to_one,False
CYP3A43,Cyp3a59,,ambiguous_orthology,False
CYP3A5,Cyp3a59,,ambiguous_orthology,False
CYP3A43,Cyp3a57,,one_to_one,False
CYP3A5,Cyp3a44,,one_to_one,False
CYP3A5,Cyp3a41b,,one_to_one,False
CYP3A5,Cyp3a41a,,one_to_one,False
CYP3A43,Cyp3a25,,ambiguous_orthology,False
CYP3A5,Cyp3a25,,ambiguous_orthology,False
CYP3A5,Cyp3a11,,one_to_one,False
CYP3A5,Cyp3a16,,one_to_one,False
CYP3A4,Cyp3a13,,ambiguous_orthology,False
CYP3A7-CYP3A51P,Cyp3a13,,ambiguous_orthology,False
CYP3A5,Cyp3a13,,ambiguous_orthology,False
CYP3A7,Cyp3a13,,ambiguous_orthology,False
CYP46A1,Cyp46a1,,one_to_one,False
CYP4F22,Cyp4f39,,one_to_one,False
CYP4F12,Cyp4f40,,ambiguous_orthology,False
CYP4F2,Cyp4f40,,ambiguous_orthology,False
CYP4F11,Cyp4f40,,ambiguous_orthology,False
CYP4F8,Cyp4f14,,ambiguous_orthology,False
CYP4F12,Cyp4f14,,ambiguous_orthology,False
CYP4F2,Cyp4f14,,ambiguous_orthology,False
CYP4F11,Cyp4f14,,ambiguous_orthology,False
CYP4F8,Cyp4f13,Cyp4f13,one_to_one,True
CYP4F8,Cyp4f16,Cyp4f16,one_to_one,True
CYP4F3,Cyp4f18,,one_to_one,False
CYP4F2,Cyp4f15,,one_to_one,False
CYP4V2,Cyp4v3,Cyp4v3,one_to_one,True
CYP7A1,Cyp7a1,,one_to_one,False
CYP7B1,Cyp7b1,,one_to_one,False
CYP8B1,Cyp8b1,,one_to_one,False
LDB3,Ldb3,,one_to_one,False
CCN1,Ccn1,,one_to_one,False
CYTB,mt-Cytb,mt-Cytb,one_to_one,True
CYTH1,Cyth1,Cyth1,one_to_one,True
CYTH3,Cyth3,Cyth3,one_to_one,True
SPECC1L,Specc1l,Specc1l,one_to_one,True
TMEM183BP,Tmem183a,Tmem183a,ambiguous_orthology,False
TMEM183A,Tmem183a,Tmem183a,ambiguous_orthology,False
DRD1,Drd1,,one_to_one,False
DRD5,Drd5,,one_to_one,False
SNX1,Snx1,Snx1,one_to_one,True
DIO3,Dio3,,one_to_one,False
CHST14,Chst14,Chst14,one_to_one,True
DAAM1,Daam1,Daam1,one_to_one,True
DAB1,Dab1,,one_to_one,False
DAB2IP,Dab2ip,,one_to_one,False
FBXW4,Fbxw4,Fbxw4,one_to_one,True
DACH2,Dach2,,one_to_one,False
DACH1,Dach1,,one_to_one,False
EXT2,Ext2,Ext2,one_to_one,True
DACT2,Dact2,,one_to_one,False
FGF10,Fgf10,,one_to_one,False
DAG1,Dag1,Dag1,one_to_one,True
TKFC,Tkfc,Tkfc,one_to_one,True
MICOS10-NBL1,Nbl1,,ambiguous_orthology,False
NBL1,Nbl1,,ambiguous_orthology,False
HCST,Hcst,Hcst,one_to_one,True
TYROBP,Tyrobp,Tyrobp,one_to_one,True
DAP,Dap,Dap,one_to_one,True
DAPK2,Dapk2,Dapk2,one_to_one,True
DACT1,Dact1,,one_to_one,False
DARS1,Dars1,Dars,one_to_one,True
ASB11,Asb11,,one_to_one,False
SLC6A3,Slc6a3,,one_to_one,False
DIDO1,Dido1,Dido1,one_to_one,True
NR0B1,Nr0b1,,one_to_one,False
FAM50B,Fam50b,,one_to_one,False
FAM50A,Fam50a,Fam50a,one_to_one,True
EEF1G,Eef1g,Eef1g,one_to_one,True
HSD17B4,Hsd17b4,Hsd17b4,one_to_one,True
GC,Gc,,one_to_one,False
DBP,Dbp,Dbp,one_to_one,True
DCN,Dcn,,one_to_one,False
DCLK1,Dclk1,,one_to_one,False
DCHS1,Dchs1,,one_to_one,False
ECI1,Eci1,Eci1,one_to_one,True
ASAP3,Asap3,,one_to_one,False
ASAP2,Asap2,Asap2,one_to_one,True
DDHD1,Ddhd1,Ddhd1,one_to_one,True
INTS6L,Ints6l,Ints6l,one_to_one,True
INTS6,Ints6,Ints6,one_to_one,True
DDX3Y,Ddx3y,,one_to_one,False
DDX3X,Ddx3x,Ddx3x,one_to_one,True
DDX39A,Ddx39a,Ddx39,one_to_one,True
EIF4A3,Eif4a3l1,,one_to_one,False
EIF4A3,Eif4a3l2,,one_to_one,False
EIF4A3,Eif4a3,Eif4a3,one_to_one,True
RIGI,Rigi,Ddx58,one_to_one,True
PLCG1,Plcg1,Plcg1,one_to_one,True
ADAT2,Adat2,Adat2,one_to_one,True
NUP93,Nup93,Nup93,one_to_one,True
DDX51,Ddx51,Ddx51,one_to_one,True
NOTCH1,Notch1,Notch1,one_to_one,True
DEGS1,Degs1l,,one_to_one,False
DEGS1,Degs1,Degs1,one_to_one,True
TP63,Trp63,,one_to_one,False
DENND2D,Dennd2d,Dennd2d,one_to_one,True
DENND6A,Dennd6a,Dennd6a,one_to_one,True
PTPRJ,Ptprj,Ptprj,one_to_one,True
DEPTOR,Deptor,,one_to_one,False
DEPDC7,Depdc7,,one_to_one,False
TWIST2,Twist2,,one_to_one,False
DESI1,Desi1,Desi1,one_to_one,True
GLI1,Gli1,,one_to_one,False
FGF20,Fgf20,,one_to_one,False
KCTD8,Kctd8,,one_to_one,False
GSDME,Gsdme,Gsdme,one_to_one,True
WHRN,Whrn,,one_to_one,False
PJVK,Pjvk,,one_to_one,False
HAS2,Has2,,one_to_one,False
DGAT1,Dgat1,Dgat1,one_to_one,True
ESS2,Ess2,Ess2,one_to_one,True
ENPP1,Enpp1,Enpp1,one_to_one,True
HAND2,Hand2,,one_to_one,False
DNAH11,Dnah11,,one_to_one,False
DHDH,Dhdh,Dhdh,one_to_one,True
QDPR,Qdpr,Qdpr,one_to_one,True
DHRS13,Dhrs13,Dhrs13,one_to_one,True
DHRS4L1,Dhrs4,Dhrs4,ambiguous_orthology,False
DHRS4,Dhrs4,Dhrs4,ambiguous_orthology,False
DHRS4L2,Dhrs4,Dhrs4,ambiguous_orthology,False
DHRS2,Dhrs2,,one_to_one,False
DHRS3,Dhrs3,Dhrs3,one_to_one,True
DHRS7C,Dhrs7c,,one_to_one,False
CYB5R1,Cyb5r1,Cyb5r1,one_to_one,True
ATP5MK,Atp5mk,Atp5md,one_to_one,True
DIABLO,Diablo,Diablo,one_to_one,True
DIAPH2,Diaph2,Diaph2,one_to_one,True
DKK3,Dkk3,,one_to_one,False
SCN7A,Scn7a,,one_to_one,False
SCN1A,Scn1a,,one_to_one,False
SCN2A,Scn2a,,one_to_one,False
SCN3A,Scn3a,,one_to_one,False
SCN9A,Scn9a,,one_to_one,False
CACNB1,Cacnb1,Cacnb1,one_to_one,True
DIP2B,Dip2b,Dip2b,one_to_one,True
DIP2C,Dip2c,Dip2c,one_to_one,True
DIRAS1,Diras1,,one_to_one,False
SLC49A4,Slc49a4,Slc49a4,one_to_one,True
PARK7,Park7,Park7,one_to_one,True
CENPL,Cenpl,Cenpl,one_to_one,True
PAX4,Pax4,,one_to_one,False
NEK1,Nek1,Nek1,one_to_one,True
ADGB,Adgb,,one_to_one,False
ARMC2,Armc2,Armc2,one_to_one,True
ITSN2,Itsn2,Itsn2,one_to_one,True
NCOA1,Ncoa1,Ncoa1,one_to_one,True
SYTL3,Sytl3,Sytl3,one_to_one,True
SCML4,Scml4,Scml4,one_to_one,True
SH2B3,Sh2b3,Sh2b3,one_to_one,True
NOC2L,Noc2l,Noc2l,one_to_one,True
RBM48,Rbm48,Rbm48,one_to_one,True
DKK1,Dkk1,,one_to_one,False
TNFSF10,Tnfsf10,Tnfsf10,one_to_one,True
DLG1,Dlg1,Dlg1,one_to_one,True
MPP7,Mpp7,Mpp7,one_to_one,True
DLG4,Dlg4,Dlg4,one_to_one,True
DLG5,Dlg5,,one_to_one,False
DLGAP1,Dlgap1,,one_to_one,False
DLGAP4,Dlgap4,Dlgap4,one_to_one,True
HJV,Hjv,,one_to_one,False
DLX1,Dlx1,,one_to_one,False
DLX2,Dlx2,,one_to_one,False
DLX3,Dlx3,,one_to_one,False
DLX5,Dlx5,,one_to_one,False
DLX6,Dlx6,,one_to_one,False
DLX4,Dlx4,,one_to_one,False
PLP1,Plp1,Plp1,one_to_one,True
GPM6A,Gpm6a,,one_to_one,False
DMBX1,Dmbx1,,one_to_one,False
GPM6B,Gpm6b,,one_to_one,False
DMRT2,Dmrt2,,one_to_one,False
DMRT3,Dmrt3,,one_to_one,False
DMRTA2,Dmrta2,,one_to_one,False
DNAH9,Dnah9,,one_to_one,False
DNAI1,Dnai1,,one_to_one,False
DNAJA1,Dnaja1,Dnaja1,one_to_one,True
DNAJA2,Dnaja2,Dnaja2,one_to_one,True
DNAJC21,Dnajc21,Dnajc21,one_to_one,True
DNAJB1,Dnajb1,Dnajb1,one_to_one,True
DNAJB12,Dnajb12,Dnajb12,one_to_one,True
DNAJB6,Dnajb6,Dnajb6,one_to_one,True
DNAJC11,Dnajc11,Dnajc11,one_to_one,True
DNAJC3,Dnajc3,Dnajc3,one_to_one,True
DNAJC5G,Dnajc5g,,one_to_one,False
POLB,Polb,Polb,one_to_one,True
DNASE1L3,Dnase1l3,,one_to_one,False
DNM2,Dnm2,Dnm2,one_to_one,True
DNM3,Dnm3,,one_to_one,False
TRDMT1,Trdmt1,Trdmt1,one_to_one,True
DNMT3A,Dnmt3a,Dnmt3a,one_to_one,True
DOCK9,Dock9,Dock9,one_to_one,True
EYA1,Eya1,,one_to_one,False
DOK7,Dok7,,one_to_one,False
CYP26B1,Cyp26b1,,one_to_one,False
COPB2,Copb2,Copb2,one_to_one,True
DOP1A,Dop1a,Dop1a,one_to_one,True
DOP1B,Dop1b,Dop1b,one_to_one,True
CACNA2D3,Cacna2d3,,one_to_one,False
CBARP,Cbarp,Cbarp,one_to_one,True
DNAJC24,Dnajc24,Dnajc24,one_to_one,True
DPYD,Dpyd,,one_to_one,False
OR10J3,Or10j3b,,one_to_one,False
OR4E2,Or4e2,,one_to_one,False
OR4E1,Or4e1,,one_to_one,False
OR52P1,Or52p1,,one_to_one,False
OR51E1,Or51e1,,one_to_one,False
OR52R1,Or52r1c,,one_to_one,False
OR52B4,Or52b4,,one_to_one,False
OR52N5,Or52n5,,one_to_one,False
OR51B6,Or51b6b,,one_to_one,False
OR52R1,Or52r1b,,one_to_one,False
OR52N4,Or52n4,,one_to_one,False
OR52B2,Or52b2,,one_to_one,False
OR4C15,Or4c115,,one_to_one,False
OR4D10,Or4d10,,one_to_one,False
OR10D4P,Or10d4c,,one_to_one,False
OR52M1,Or52m1,,one_to_one,False
OR52E2,Or52e3,,one_to_one,False
OR51V1,Or51v14,,one_to_one,False
OR51J1,Or51k7,,one_to_one,False
OR51D1,Or51d1,,one_to_one,False
OR10D4P,Or10d4,,one_to_one,False
OR52I1,Or52i2,,ambiguous_orthology,False
OR52I2,Or52i2,,ambiguous_orthology,False
OR56B2,Or56b2j,,one_to_one,False
OR52A5,Or52a5,,one_to_one,False
OR52B4,Or52b4i,,one_to_one,False
OR10K2,Or10k2,,one_to_one,False
OR10J1,Or10j2,,one_to_one,False
OR10D4P,Or10d4b,,one_to_one,False
OR7G2,Or7g16,,one_to_one,False
OR4D10,Or4d10c,,one_to_one,False
OR5K2,Or5k1,,ambiguous_orthology,False
OR5K1,Or5k1,,ambiguous_orthology,False
OR5K2,Or5k1b,,ambiguous_orthology,False
OR5K1,Or5k1b,,ambiguous_orthology,False
OR5AC1,Or5ac19,,one_to_one,False
OR8G1,Or8g32,,one_to_one,False
OR1R1,Or1r1,,one_to_one,False
OR12D2,Or12d16-ps1,,ambiguous_orthology,False
OR12D1,Or12d16-ps1,,ambiguous_orthology,False
OR8G5,Or8g20,,ambiguous_orthology,False
OR8G1,Or8g20,,ambiguous_orthology,False
OR12D2,Or12d14-ps1,,ambiguous_orthology,False
OR12D1,Or12d14-ps1,,ambiguous_orthology,False
OR13G1,Or13g1,,one_to_one,False
OR12D3,Or12d17,,one_to_one,False
OR8G1,Or8g19,,one_to_one,False
OR1S2,Or1s2,,ambiguous_orthology,False
OR1S1,Or1s2,,ambiguous_orthology,False
OR7G2,Or7g21,,one_to_one,False
OR1P1,Or1p1,,one_to_one,False
OR2A1,Or2a57,,ambiguous_orthology,False
OR2A42,Or2a57,,ambiguous_orthology,False
OR1P1,Or1p1c,,one_to_one,False
OR7G2,Or7g30,,one_to_one,False
OR2A1,Or2a20,,ambiguous_orthology,False
OR2A42,Or2a20,,ambiguous_orthology,False
OR4C46,Or4c10b,,one_to_one,False
OR4S2,Or4s2b,,one_to_one,False
OR4S2,Or4s2,,one_to_one,False
OR4A47,Or4a47,,ambiguous_orthology,False
OR4A4P,Or4a47,,ambiguous_orthology,False
OR4B1,Or4b1,,one_to_one,False
OR4F5,Or4f4-ps1,,ambiguous_orthology,False
OR4F17,Or4f4-ps1,,ambiguous_orthology,False
OR4K15,Or4k15,,one_to_one,False
OR4P4,Or4p4,,one_to_one,False
OR4K15,Or4k15c,,one_to_one,False
OR4K15,Or4k15b,,one_to_one,False
OR4B1,Or4b1d,,one_to_one,False
OR4B1,Or4b12,,one_to_one,False
OR4X2,Or4x18,,one_to_one,False
OR4B1,Or4b13,,one_to_one,False
OR4B1,Or4b1b,,one_to_one,False
OR4C5,Or4c35,,one_to_one,False
OR4C46,Or4c10,,ambiguous_orthology,False
OR4C13,Or4c10,,ambiguous_orthology,False
OR4A15,Or4a15,,one_to_one,False
OR4X2,Or4x6,,one_to_one,False
OR4K1,Or4k1,,one_to_one,False
OR4C13,Or4c106,,one_to_one,False
OR4C16,Or4c29,,one_to_one,False
OR4C15,Or4c15,,one_to_one,False
OR4X2,Or4x15,,one_to_one,False
OR4X2,Or4x13,,one_to_one,False
OR4K5,Or4k5,,one_to_one,False
OR4C13,Or4c105,,one_to_one,False
OR4X2,Or4x11,,one_to_one,False
OR1B1,Or1b1,,one_to_one,False
OR1F12P,Or1f12,,one_to_one,False
OR7A10,Or7a35,,ambiguous_orthology,False
OR7A17,Or7a35,,ambiguous_orthology,False
OR6K6,Or6k6,,one_to_one,False
OR5B3,Or5b108,,one_to_one,False
OR4A16,Or4a71,,one_to_one,False
OR8S1,Or8s2,,one_to_one,False
OR1E3,Or1e34,,ambiguous_orthology,False
OR1E2,Or1e34,,ambiguous_orthology,False
OR1E1,Or1e34,,ambiguous_orthology,False
OR1E3,Or1e22,,ambiguous_orthology,False
OR1E2,Or1e22,,ambiguous_orthology,False
OR1E1,Or1e22,,ambiguous_orthology,False
OR1E3,Or1e29,,ambiguous_orthology,False
OR1E2,Or1e29,,ambiguous_orthology,False
OR1E1,Or1e29,,ambiguous_orthology,False
OR1E3,Or1e21,,ambiguous_orthology,False
OR1E2,Or1e21,,ambiguous_orthology,False
OR1E1,Or1e21,,ambiguous_orthology,False
OR4C45,Or4c127,,one_to_one,False
OR1E3,Or1e32,,ambiguous_orthology,False
OR1E2,Or1e32,,ambiguous_orthology,False
OR1E1,Or1e32,,ambiguous_orthology,False
OR1E3,Or1e26,,ambiguous_orthology,False
OR1E2,Or1e26,,ambiguous_orthology,False
OR1E1,Or1e26,,ambiguous_orthology,False
OR5B3,Or5b105,,one_to_one,False
OR4A16,Or4a70,,one_to_one,False
OR7G2,Or7g26,,one_to_one,False
OR4A16,Or4a77,,one_to_one,False
OR1E3,Or1e33,,ambiguous_orthology,False
OR1E2,Or1e33,,ambiguous_orthology,False
OR1E1,Or1e33,,ambiguous_orthology,False
OR1E3,Or1e1,,ambiguous_orthology,False
OR1E1,Or1e1,,ambiguous_orthology,False
OR1E3,Or1e1c,,ambiguous_orthology,False
OR1E2,Or1e1c,,ambiguous_orthology,False
OR4L1,Or4l1,,one_to_one,False
OR4F5,Or4f17,,ambiguous_orthology,False
OR4F17,Or4f17,,ambiguous_orthology,False
OR4C15,Or4c112,,one_to_one,False
OR2A25,Or2a25,,one_to_one,False
OR1E3,Or1e16,,ambiguous_orthology,False
OR1E2,Or1e16,,ambiguous_orthology,False
OR4C15,Or4c118,,one_to_one,False
OR1E3,Or1e35,,ambiguous_orthology,False
OR1E2,Or1e35,,ambiguous_orthology,False
OR1E1,Or1e35,,ambiguous_orthology,False
OR1E3,Or1e19,,ambiguous_orthology,False
OR1E2,Or1e19,,ambiguous_orthology,False
OR1A1,Or1a1,,ambiguous_orthology,False
OR1A2,Or1a1,,ambiguous_orthology,False
OR7G2,Or7g31,,one_to_one,False
OR1E3,Or1e17,,ambiguous_orthology,False
OR1E2,Or1e17,,ambiguous_orthology,False
OR1E1,Or1e17,,ambiguous_orthology,False
OR4L1,Or4l15,,one_to_one,False
OR1J1,Or1j1,,one_to_one,False
OR1E3,Or1e23,,ambiguous_orthology,False
OR1E2,Or1e23,,ambiguous_orthology,False
OR1E1,Or1e23,,ambiguous_orthology,False
OR4C6,Or4c102,,one_to_one,False
OR4F6,Or4f6,,one_to_one,False
OR7E24,Or7e178,,one_to_one,False
OR5B3,Or5b106,,one_to_one,False
OR4N5,Or4n5,,one_to_one,False
OR1L8,Or1l8,,one_to_one,False
OR4C15,Or4c124,,one_to_one,False
OR2A5,Or2a5,,one_to_one,False
OR5B3,Or5b112,,one_to_one,False
OR2A14,Or2a54,,one_to_one,False
OR1Q1,Or1q1,,one_to_one,False
OR7A2P,Or7a40,,ambiguous_orthology,False
OR7A10,Or7a40,,ambiguous_orthology,False
OR7A5,Or7a40,,ambiguous_orthology,False
OR7A17,Or7a40,,ambiguous_orthology,False
OR4N4C,Or4n4,,ambiguous_orthology,False
OR4N4,Or4n4,,ambiguous_orthology,False
OR4N2,Or4n4,,ambiguous_orthology,False
OR2A14,Or2a14,,one_to_one,False
OR2A4,Or2a7,,ambiguous_orthology,False
OR2A7,Or2a7,,ambiguous_orthology,False
OR1E3,Or1e30,,ambiguous_orthology,False
OR1E2,Or1e30,,ambiguous_orthology,False
OR1E1,Or1e30,,ambiguous_orthology,False
OR5B3,Or5b96,,one_to_one,False
OR5B12,Or5b12b,,one_to_one,False
OR2A2,Or2a52,,one_to_one,False
OR1L4,Or1l4,,ambiguous_orthology,False
OR1L6,Or1l4,,ambiguous_orthology,False
OR5B3,Or5b101,,one_to_one,False
OR1L4,Or1l4b,,ambiguous_orthology,False
OR1L6,Or1l4b,,ambiguous_orthology,False
OR5B3,Or5b104,,one_to_one,False
OR4F4,Or4f4b,,ambiguous_orthology,False
OR4F17,Or4f4b,,ambiguous_orthology,False
OR4F5,Or4f4b,,ambiguous_orthology,False
OR5B3,Or5b111,,one_to_one,False
OR4C15,Or4c113,,one_to_one,False
OR1E3,Or1e25,,ambiguous_orthology,False
OR1E2,Or1e25,,ambiguous_orthology,False
OR1E1,Or1e25,,ambiguous_orthology,False
OR1J2,Or1j4,,ambiguous_orthology,False
OR1J4,Or1j4,,ambiguous_orthology,False
OR2A1,Or2a51,,ambiguous_orthology,False
OR2A42,Or2a51,,ambiguous_orthology,False
OR5B3,Or5b113,,one_to_one,False
OR1F2P,Or1f19,,ambiguous_orthology,False
OR1F1,Or1f19,,ambiguous_orthology,False
OR5B3,Or5b97,,one_to_one,False
OR7E24,Or7e173,,one_to_one,False
OR5B3,Or5b3,,one_to_one,False
OR5B3,Or5b107,,one_to_one,False
OR7E24,Or7e174,,one_to_one,False
OR7E24,Or7e177,,one_to_one,False
OR5B21,Or5b21,,one_to_one,False
OR4C16,Or4c103,,one_to_one,False
OR5B3,Or5b109,,one_to_one,False
OR4C3,Or4c3,,one_to_one,False
OR4F29,Or4f7,,ambiguous_orthology,False
OR4F16,Or4f7,,ambiguous_orthology,False
OR4F21,Or4f7,,ambiguous_orthology,False
OR4F3,Or4f7,,ambiguous_orthology,False
OR5B12,Or5b12,,one_to_one,False
OR7G2,Or7g27,,one_to_one,False
OR7G1,Or7g29,,one_to_one,False
OR7G2,Or7g25,,one_to_one,False
OR1E3,Or1e31,,ambiguous_orthology,False
OR1E2,Or1e31,,ambiguous_orthology,False
OR1E1,Or1e31,,ambiguous_orthology,False
OR4M2,Or4m1,,ambiguous_orthology,False
OR4M2B,Or4m1,,ambiguous_orthology,False
OR4M1,Or4m1,,ambiguous_orthology,False
OR4C15,Or4c119,,one_to_one,False
OR1A1,Or1a1b,,ambiguous_orthology,False
OR1A2,Or1a1b,,ambiguous_orthology,False
OR2A12,Or2a12,,one_to_one,False
OR5B3,Or5b94,,one_to_one,False
OR5B3,Or5b95,,one_to_one,False
OR4A16,Or4a72,,one_to_one,False
OR5B3,Or5b102,,one_to_one,False
OR4C15,Or4c15b,,one_to_one,False
OR4N4C,Or4n4b,,ambiguous_orthology,False
OR4N4,Or4n4b,,ambiguous_orthology,False
OR4N2,Or4n4b,,ambiguous_orthology,False
OR7C1,Or7c70,,ambiguous_orthology,False
OR7C2,Or7c70,,ambiguous_orthology,False
OR5B2,Or5b99,,one_to_one,False
OR2A14,Or2a56,,one_to_one,False
OR51H1,Or51h1,,one_to_one,False
OR51I2,Or51i2,,one_to_one,False
OR51I1,Or51i1,,one_to_one,False
OR51H1,Or51h7,,one_to_one,False
OR1N1,Or1n1b,,one_to_one,False
OR1N2,Or1n2,,one_to_one,False
OR1N1,Or1n1,,one_to_one,False
OR1M1,Or1m1,,one_to_one,False
OR1I1,Or1i2,,one_to_one,False
OR2AT4,Or2at4,,one_to_one,False
OR1C1,Or1ad6,,one_to_one,False
OR7D4,Or7d10,,one_to_one,False
OR3A1,Or3a1d,,ambiguous_orthology,False
OR3A3,Or3a1d,,ambiguous_orthology,False
OR7G2,Or7g22,,one_to_one,False
OR11G2,Or11g24,,one_to_one,False
OR11H4,Or11h4b,,one_to_one,False
OR11H6,Or11h6,,one_to_one,False
OR11G2,Or11g1,,one_to_one,False
OR11A1,Or11a4,,one_to_one,False
OR11G2,Or11g26,,one_to_one,False
OR13C7,Or13c7c,,one_to_one,False
OR10T2,Or10b1,,one_to_one,False
OR2F1,Or2f1,,ambiguous_orthology,False
OR2F2,Or2f1,,ambiguous_orthology,False
OR4E1,Or4e5,,one_to_one,False
OR4K3,Or4p21,,one_to_one,False
OR13F1,Or13f5,,one_to_one,False
OR13C7,Or13c7b,,one_to_one,False
OR13D1,Or13d1,,one_to_one,False
OR13C7,Or13c7,,one_to_one,False
OR7D4,Or7d9,,one_to_one,False
OR7G2,Or7g34,,one_to_one,False
OR2Y1,Or2y1c,,one_to_one,False
OR2W6P,Or2w6,,one_to_one,False
OR14C36,Or14c44,,one_to_one,False
OR2D3,Or2d36,,one_to_one,False
OR14J1,Or14j1,,one_to_one,False
OR2B2,Or2b2b,,one_to_one,False
OR2B2,Or2b2,,one_to_one,False
OR6K3,Or6k4,,one_to_one,False
OR12D2,Or12d15,,ambiguous_orthology,False
OR12D1,Or12d15,,ambiguous_orthology,False
OR12D2,Or12d2,,ambiguous_orthology,False
OR12D1,Or12d2,,ambiguous_orthology,False
OR2AG1,Or2ag15,,ambiguous_orthology,False
OR2AG2,Or2ag15,,ambiguous_orthology,False
OR12D2,Or12d13,,ambiguous_orthology,False
OR12D1,Or12d13,,ambiguous_orthology,False
OR2AG1,Or2ag13,,ambiguous_orthology,False
OR2AG2,Or2ag13,,ambiguous_orthology,False
OR12D2,Or12d12,,ambiguous_orthology,False
OR12D1,Or12d12,,ambiguous_orthology,False
OR6K2,Or6k2,,one_to_one,False
TNFRSF21,Tnfrsf21,,one_to_one,False
GLB1L2,Glb1l2,,one_to_one,False
GLB1L3,Glb1l3,,one_to_one,False
PLVAP,Plvap,,one_to_one,False
FECH,Fech,Fech,one_to_one,True
ADAR,Adar,Adar,one_to_one,True
ADPGK,Adpgk,Adpgk,one_to_one,True
COL4A5,Col4a5,,one_to_one,False
RGMB,Rgmb,,one_to_one,False
DRAM2,Dram2,Dram2,one_to_one,True
DRAXIN,Draxin,,one_to_one,False
RBM45,Rbm45,Rbm45,one_to_one,True
DRD2,Drd2,,one_to_one,False
DRD4,Drd4,,one_to_one,False
FADS2B,Fads2b,,one_to_one,False
FADS3,Fads3,,one_to_one,False
FADS2,Fads2,,one_to_one,False
FADS1,Fads1,Fads1,one_to_one,True
SUFU,Sufu,Sufu,one_to_one,True
MIR140,Mir140,,one_to_one,False
MIR142,Mir142,,one_to_one,False
MIR146A,Mir146,,one_to_one,False
MIR150,Mir150,,one_to_one,False
MIR17,Mir17,,one_to_one,False
MIR18A,Mir18,,one_to_one,False
MIR451A,Mir451a,,one_to_one,False
MIR499A,Mir499,,one_to_one,False
MIR9-1,Mir9-1,,one_to_one,False
MIR92A1,Mir92-1,,one_to_one,False
MIR9-3,Mir9-3,,one_to_one,False
SRF,Srf,Srf,one_to_one,True
NPY2R,Npy2r,,one_to_one,False
MPO,Mpo,,one_to_one,False
LPO,Lpo,,one_to_one,False
EPX,Epx,,one_to_one,False
NPVF,Npvf,,one_to_one,False
DRGX,Drgx,,one_to_one,False
LGALS1,Lgals1,Lgals1,one_to_one,True
LGALS2,Lgals2,,one_to_one,False
LGALS3,Lgals3,Lgals3,one_to_one,True
LGALS9,Lgals9,Lgals9,ambiguous_orthology,False
LGALS9C,Lgals9,Lgals9,ambiguous_orthology,False
LGALS9B,Lgals9,Lgals9,ambiguous_orthology,False
HK1,Hk1,Hk1,one_to_one,True
HK2,Hk2,Hk2,one_to_one,True
IL4R,Il4ra,Il4ra,one_to_one,True
CHRM3,Chrm3,,one_to_one,False
CHRM4,Chrm4,,one_to_one,False
FSTL5,Fstl5,,one_to_one,False
UBE2V2,Ube2v2,Ube2v2,one_to_one,True
BGLAP,Bglap2,,one_to_one,False
BGLAP,Bglap,,one_to_one,False
DROSHA,Drosha,Drosha,one_to_one,True
DNM1L,Dnm1l,Dnm1l,one_to_one,True
PCDHA4,Pcdha4b,,one_to_one,False
PCDHA2,Pcdha2,,one_to_one,False
PCDHA9,Pcdha8,,one_to_one,False
PCDHA4,Pcdha4,,one_to_one,False
PCDHA1,Pcdha1,,one_to_one,False
PCDHA7,Pcdha7,,ambiguous_orthology,False
PCDHA9,Pcdha7,,ambiguous_orthology,False
PCDHA13,Pcdha12,,one_to_one,False
PCDHA6,Pcdha6,,ambiguous_orthology,False
PCDHA8,Pcdha6,,ambiguous_orthology,False
PCDHA5,Pcdha5,,one_to_one,False
PCDHA11,Pcdha11,,one_to_one,False
PCDHA10,Pcdha9,,one_to_one,False
PCDHA3,Pcdha3,,one_to_one,False
PCDHGB2,Pcdhgb2,,one_to_one,False
PCDHGC3,Pcdhgc3,,one_to_one,False
PCDHGB1,Pcdhgb1,,one_to_one,False
PCDHGB4,Pcdhgb4,,one_to_one,False
PCDHGB6,Pcdhgb6,,one_to_one,False
PCDHGB5,Pcdhgb5,,one_to_one,False
PCDHGB7,Pcdhgb7,,one_to_one,False
PCDHGA7,Pcdhga7,,one_to_one,False
PCDHGA3,Pcdhga3,,one_to_one,False
PCDHGA5,Pcdhga5,,one_to_one,False
PCDHGA10,Pcdhga10,,one_to_one,False
PCDHGA4,Pcdhga4,,one_to_one,False
PCDHGA6,Pcdhga6,,one_to_one,False
PCDHGA1,Pcdhga1,,one_to_one,False
PCDHGA8,Pcdhga8,,one_to_one,False
PCDHGA9,Pcdhga9,,one_to_one,False
PCDHGA11,Pcdhga11,,one_to_one,False
PCDHGA12,Pcdhga12,,one_to_one,False
PCDHGA2,Pcdhga2,,one_to_one,False
PCDHGC4,Pcdhgc4,,one_to_one,False
PCDHGC5,Pcdhgc5,,one_to_one,False
PLCD1,Plcd1,,one_to_one,False
PLCD3,Plcd3,,one_to_one,False
PLCD4,Plcd4,,one_to_one,False
RHCG,Rhcg,,one_to_one,False
RHEBL1,Rhebl1,Rhebl1,one_to_one,True
ANG,Ang3,,one_to_one,False
ANG,Ang5,,one_to_one,False
ANG,Ang6,,one_to_one,False
ANG,Ang,Ang,one_to_one,True
RNASE4,Rnase4,Rnase4,one_to_one,True
ANG,Ang2,,one_to_one,True
RNASE1,Rnase1,,one_to_one,False
ANG,Ang4,,one_to_one,True
TAS2R39,Tas2r139,,one_to_one,False
TAS2R46,Tas2r136,,ambiguous_orthology,False
TAS2R43,Tas2r136,,ambiguous_orthology,False
TAS2R19,Tas2r136,,ambiguous_orthology,False
TAS2R50,Tas2r136,,ambiguous_orthology,False
TAS2R45,Tas2r136,,ambiguous_orthology,False
TAS2R31,Tas2r136,,ambiguous_orthology,False
TAS2R30,Tas2r136,,ambiguous_orthology,False
TAS2R20,Tas2r136,,ambiguous_orthology,False
HAVCR1,Havcr1,,one_to_one,False
UBE2V1,Ube2v1,Ube2v1,one_to_one,True
TPTE,Tpte,,ambiguous_orthology,False
TPTE2,Tpte,,ambiguous_orthology,False
DSC2,Dsc2,,one_to_one,False
DSC3,Dsc3,,one_to_one,False
DSC1,Dsc1,,one_to_one,False
DSCAM,Dscam,,one_to_one,False
RCAN1,Rcan1,Rcan1,one_to_one,True
RCAN3,Rcan3,Rcan3,one_to_one,True
PSMG1,Psmg1,Psmg1,one_to_one,True
VPS26C,Vps26c,Vps26c,one_to_one,True
PIGP,Pigp,Pigp,one_to_one,True
DSEL,Dsel,Dsel,one_to_one,True
DSG2,Dsg2,,one_to_one,False
DSG3,Dsg3,,one_to_one,False
DSG4,Dsg4,,one_to_one,False
DSG1,Dsg1a,,one_to_one,False
DSG1,Dsg1b,,one_to_one,False
DSG1,Dsg1c,,one_to_one,False
OPTC,Optc,,one_to_one,False
EPYC,Epyc,,one_to_one,False
DTD1,Dtd1,Dtd1,one_to_one,True
TYRO3,Tyro3,Tyro3,one_to_one,True
DTNBP1,Dtnbp1,Dtnbp1,one_to_one,True
DTX4,Dtx4,Dtx4,one_to_one,True
DTX3L,Dtx3l,Dtx3l,one_to_one,True
DUOX2,Duox2,,one_to_one,False
DUOX1,Duox1,,one_to_one,False
DUOXA1,Duoxa1,,one_to_one,False
DUOXA2,Duoxa2,,one_to_one,False
DUSP29,Dusp29,,one_to_one,False
DUS2,Dus2,Dus2,one_to_one,True
DUSP19,Dusp19,Dusp19,one_to_one,True
DUSP15,Dusp15,,one_to_one,False
STYXL2,Styxl2,,one_to_one,False
DUSP3,Dusp3,Dusp3,one_to_one,True
DVL1,Dvl1,Dvl1,ambiguous_orthology,False
DVL1P1,Dvl1,Dvl1,ambiguous_orthology,False
DVL3,Dvl3,Dvl3,one_to_one,True
IGF2BP3,Igf2bp3,Igf2bp3,one_to_one,True
IFT70B,Ift70a2,,ambiguous_orthology,False
IFT70A,Ift70a2,,ambiguous_orthology,False
IFT70A,Ift70a1,Ttc30a1,one_to_one,True
IFT70B,Ift70b,,one_to_one,False
DYNC1I1,Dync1i1,,one_to_one,False
DYNC1I2,Dync1i2,Dync1i2,one_to_one,True
DYNC2I2,Dync2i2,,one_to_one,False
DYNLL1,Dynll1,Dynll1,one_to_one,True
DYRK1A,Dyrk1a,Dyrk1a,one_to_one,True
DYRK3,Dyrk3,,one_to_one,False
PPP1R27,Ppp1r27,,one_to_one,False
DYTN,Dytn,,one_to_one,False
DNAAF4,Dnaaf4,Dnaaf4,one_to_one,True
TCF3,Tcf3,Tcf3,one_to_one,True
NFIL3,Nfil3,Nfil3,one_to_one,True
GABPA,Gabpa,Gabpa,one_to_one,True
SLC1A3,Slc1a3,,one_to_one,False
SLC1A6,Slc1a6,,one_to_one,False
SLC1A2,Slc1a2,,one_to_one,False
SLC1A1,Slc1a1,,one_to_one,False
SLC1A7,Slc1a7,,one_to_one,False
NR1D1,Nr1d1,Nr1d1,one_to_one,True
SART3,Sart3,Sart3,one_to_one,True
GFPT1,Gfpt1,Gfpt1,one_to_one,True
EBF1,Ebf1,,one_to_one,False
EBF3,Ebf3,,one_to_one,False
GPR183,Gpr183,Gpr183,one_to_one,True
EBNA1BP2,Ebna1bp2,Ebna1bp2,one_to_one,True
TRPV6,Trpv6,,one_to_one,False
TRPV5,Trpv5,,one_to_one,False
CDH1,Cdh1,Cdh1,one_to_one,True
CDH3,Cdh3,,one_to_one,False
ECE2,Ece2,,one_to_one,False
ECE2,Eef1ece2,,ambiguous_orthology,False
EEF1AKMT4-ECE2,Eef1ece2,,ambiguous_orthology,False
EEF1AKMT4,Eef1akmt4,Eef1akmt4,one_to_one,True
IHH,Ihh,,one_to_one,False
PDE6C,Pde6c,,one_to_one,False
LECT2,Lect2,,one_to_one,False
EDA2R,Eda2r,,one_to_one,False
UBR5,Ubr5,Ubr5,one_to_one,True
S1PR1,S1pr1,S1pr1,one_to_one,True
LPAR1,Lpar1,,one_to_one,False
S1PR2,S1pr2,S1pr2,one_to_one,True
EDIL3,Edil3,,one_to_one,False
EDN3,Edn3,,one_to_one,False
EDNRA,Ednra,,one_to_one,False
EDNRB,Ednrb,,one_to_one,False
EEF1A1P5,Eef1a1,Eef1a1,ambiguous_orthology,False
EEF1A1,Eef1a1,Eef1a1,ambiguous_orthology,False
EEF1D,Eef1d,Eef1d,one_to_one,True
EEF2,Eef2,Eef2,one_to_one,True
ELF1,Elf1,Elf1,one_to_one,True
ELF4,Elf4,Elf4,one_to_one,True
ELF2,Elf2,Elf2,one_to_one,True
CLXN,Clxn,,one_to_one,False
EFCAB14,Efcab14,Efcab14,one_to_one,True
DRC8,Drc8,Efcab2,one_to_one,True
CRACR2B,Cracr2b,,one_to_one,False
CRACR2A,Cracr2a,Cracr2a,one_to_one,True
EFEMP2,Efemp2,Efemp2,one_to_one,True
MICU2,Micu2,Micu2,one_to_one,True
MICU3,Micu3,Micu3,one_to_one,True
EFNA1,Efna1,,one_to_one,False
EFNA2,Efna2,,one_to_one,False
EFNA3,Efna3,,one_to_one,False
EFNB2,Efnb2,,one_to_one,False
EFNB3,Efnb3,,one_to_one,False
EFL1,Efl1,Efl1,one_to_one,True
NAA35,Naa35,Naa35,one_to_one,True
EGFR,Egfr,,one_to_one,False
EGLN1,Egln1,Egln1,one_to_one,True
EHD2,Ehd2,,one_to_one,False
EIF1AY,Eif1a,Eif1a,one_to_one,True
EIF1,Eif1,Eif1,one_to_one,True
EIF2S1,Eif2s1,Eif2s1,one_to_one,True
EIF3B,Eif3b,Eif3b,one_to_one,True
EIF3H,Eif3h,Eif3h,one_to_one,True
EIF3J,Eif3j1,Eif3j1,one_to_one,True
EIF3J,Eif3j2,Eif3j2,one_to_one,True
EIF3I,Eif3i,Eif3i,one_to_one,True
EIF3G,Eif3g,Eif3g,one_to_one,True
EIF3E,Eif3e,Eif3e,one_to_one,True
EIF3D,Eif3d,Eif3d,one_to_one,True
EIF3C,Eif3c,Eif3c,ambiguous_orthology,False
EIF3CL,Eif3c,Eif3c,ambiguous_orthology,False
EIF4A1,Eif4a1,Eif4a1,one_to_one,True
EIF4B,Eif4b,Eif4b,one_to_one,True
EIF4E,Eif4e,Eif4e,one_to_one,True
EIF4E1B,Eif4e1b,,one_to_one,False
EIF4E2,Eif4e2,Eif4e2,one_to_one,True
EIF4G2,Eif4g2,Eif4g2,one_to_one,True
EIF4G3,Eif4g3,Eif4g3,one_to_one,True
OTOG,Otog,,one_to_one,False
EPHB3,Ephb3,,one_to_one,False
APELA,Apela,,one_to_one,False
CELA3A,Cela3a,,ambiguous_orthology,False
CELA3B,Cela3a,,ambiguous_orthology,False
CELA3A,Cela3b,,ambiguous_orthology,False
CELA3B,Cela3b,,ambiguous_orthology,False
CTRC,Ctrc,,one_to_one,False
CELA2B,Cela2a,,ambiguous_orthology,False
CELA2A,Cela2a,,ambiguous_orthology,False
ELAVL3,Elavl3,,one_to_one,False
ELAVL1,Elavl1,Elavl1,one_to_one,True
ELAVL4,Elavl4,,one_to_one,False
ELFN1,Elfn1,,one_to_one,False
IFT54,Ift54,Traf3ip1,one_to_one,True
KCNH3,Kcnh3,,one_to_one,False
MIDEAS,Mideas,Elmsan1,one_to_one,True
ELN,Eln,,one_to_one,False
ELOVL7,Elovl7,Elovl7,one_to_one,True
ELOVL1,Elovl1,Elovl1,one_to_one,True
ELOVL4,Elovl4,,one_to_one,False
ADGRL4,Adgrl4,,one_to_one,False
AHCTF1,Ahctf1,Ahctf1,one_to_one,True
EMC7,Emc7,Emc7,one_to_one,True
EMD,Emd,Emd,one_to_one,True
FBXO5,Fbxo5,Fbxo5,one_to_one,True
EMILIN2,Emilin2,,one_to_one,False
MMRN2,Mmrn2,,one_to_one,False
SCFD1,Scfd1,Scfd1,one_to_one,True
EMP1,Emp1,Emp1,one_to_one,True
MCM3,Mcm3,Mcm3,one_to_one,True
EN1,En1,,one_to_one,False
EN2,En2,,one_to_one,False
OPN3,Opn3,,one_to_one,False
CD164,Cd164,Cd164,one_to_one,True
ENDOU,Endou,Endou,one_to_one,True
PDLIM5,Pdlim5,Pdlim5,one_to_one,True
LRP4,Lrp4,,one_to_one,False
PDLIM7,Pdlim7,Pdlim7,one_to_one,True
ENO1,Eno1b,Eno1b,one_to_one,True
ENO1,Eno1,Eno1,one_to_one,True
ENO2,Eno2,,one_to_one,False
ENPP7,Enpp7,,one_to_one,False
ENSA,Ensa,Ensa,one_to_one,True
TEPSIN,Tepsin,Tepsin,one_to_one,True
ENTPD2,Entpd2,,one_to_one,False
EOMES,Eomes,,one_to_one,False
PTGER1,Ptger1,Ptger1,one_to_one,True
PTGER2,Ptger2,Ptger2,one_to_one,True
EP300,Ep300,Ep300,one_to_one,True
PTGER4,Ptger4,Ptger4,one_to_one,True
EPAS1,Epas1,Epas1,one_to_one,True
EPB41L4A,Epb41l4a,,one_to_one,False
DMTN,Dmtn,,one_to_one,False
EPHA2,Epha2,,one_to_one,False
EPHA1,Epha1,,one_to_one,False
EPHA3,Epha3,,one_to_one,False
EPHB2,Ephb2,,one_to_one,False
EPHX1,Ephx1,Ephx1,one_to_one,True
EPN1,Epn1,Epn1,one_to_one,True
EPO,Epo,,one_to_one,False
EPRS1,Eprs1,Eprs,one_to_one,True
EPS8,Eps8,,one_to_one,False
EPS8L1,Eps8l1,Eps8l1,one_to_one,True
EPS8L3,Eps8l3,,one_to_one,False
ERH,Erh,Erh,one_to_one,True
ETV1,Etv1,,one_to_one,False
ESR1,Esr1,,one_to_one,False
ESR2,Esr2,,one_to_one,False
ERBIN,Erbin,Erbin,one_to_one,True
ERBB3,Erbb3,Erbb3,one_to_one,True
ERBB4,Erbb4,,one_to_one,False
ETF1,Etf1,Etf1,one_to_one,True
ERG,Erg,,one_to_one,False
ERGIC2,Ergic2,Ergic2,one_to_one,True
STING1,Sting1,Tmem173,one_to_one,True
MAPK3,Mapk3,Mapk3,one_to_one,True
MAPK1,Mapk1,Mapk1,one_to_one,True
MAPK6,Mapk6,Mapk6,one_to_one,True
MAPK4,Mapk4,,one_to_one,False
MAPK7,Mapk7,Mapk7,one_to_one,True
MAPK12,Mapk12,,one_to_one,False
MAPK15,Mapk15,,one_to_one,False
ERO1A,Ero1a,Ero1l,one_to_one,True
ERO1B,Ero1b,Ero1lb,one_to_one,True
PDIA3,Pdia3,Pdia3,one_to_one,True
ESRRA,Esrra,Esrra,one_to_one,True
ESRRB,Esrrb,,one_to_one,False
ESRRG,Esrrg,,one_to_one,False
ERRFI1,Errfi1,Errfi1,one_to_one,True
GATD3,Gatd3a,Gatd3a,one_to_one,True
ESAM,Esam,,one_to_one,False
ESPNL,Espnl,,one_to_one,False
MYCBP2,Mycbp2,Mycbp2,one_to_one,True
HLCS,Hlcs,Hlcs,one_to_one,True
ESYT1,Esyt1,Esyt1,one_to_one,True
EDN1,Edn1,,one_to_one,False
ETAA1,Etaa1,Etaa1,one_to_one,True
SUPT5H,Supt5,Supt5,one_to_one,True
GSC,Gsc,,one_to_one,False
RSU1,Rsu1,Rsu1,one_to_one,True
GLI2,Gli2,,one_to_one,False
ID3,Id3,Id3,one_to_one,True
DUSP6,Dusp6,Dusp6,one_to_one,True
HIC1,Hic1,Hic1,one_to_one,True
P2RX4,P2rx4,P2rx4,one_to_one,True
MTCH2,Mtch2,Mtch2,one_to_one,True
CTSD,Ctsd,Ctsd,one_to_one,True
SIX4,Six4,,one_to_one,False
SNAP25,Snap25,,one_to_one,False
NRAS,Nras,Nras,one_to_one,True
MAPK14,Mapk14,Mapk14,one_to_one,True
FZD10,Fzd10,,one_to_one,False
WNT1,Wnt1,,one_to_one,False
HOXC6,Hoxc6,,one_to_one,False
RARG,Rarg,Rarg,one_to_one,True
PDGFRA,Pdgfra,,one_to_one,False
WNT10A,Wnt10a,Wnt10a,one_to_one,True
RAG1,Rag1,Rag1,one_to_one,True
TNC,Tnc,,one_to_one,False
MYOD1,Myod1,,one_to_one,False
WNT8A,Wnt8a,,one_to_one,False
MID1IP1,Mid1ip1,Mid1ip1,one_to_one,True
RXRA,Rxra,Rxra,one_to_one,True
RXRB,Rxrb,Rxrb,one_to_one,True
PCMT1,Pcmt1,Pcmt1,one_to_one,True
HSPA1A,Hspa1a,Hspa1a,one_to_one,True
HSPA1B,Hspa1b,Hspa1b,one_to_one,True
HSPA1L,Hspa1l,,one_to_one,False
HES7,Hes7,,one_to_one,False
MXI1,Mxi1,Mxi1,one_to_one,True
GATA1,Gata1,,one_to_one,False
PAX9,Pax9,,one_to_one,False
MEF2A,Mef2a,Mef2a,one_to_one,True
MEF2D,Mef2d,Mef2d,one_to_one,True
PES1,Pes1,Pes1,one_to_one,True
JAK1,Jak1,Jak1,one_to_one,True
INA,Ina,,one_to_one,False
FGFR4,Fgfr4,,one_to_one,False
HOXC5,Hoxc5,,one_to_one,False
HOXD4,Hoxd4,,one_to_one,False
RARA,Rara,Rara,one_to_one,True
MSX2,Msx2,,one_to_one,False
WNT2,Wnt2,,one_to_one,False
MDM2,Mdm2,Mdm2,one_to_one,True
VSX1,Vsx1,,one_to_one,False
TNN,Tnn,,one_to_one,False
HOXB5,Hoxb5,,one_to_one,False
ITK,Itk,Itk,one_to_one,True
PAX3,Pax3,,one_to_one,False
NTN1,Ntn1,,one_to_one,False
NGF,Ngf,,one_to_one,False
HOXA2,Hoxa2,,one_to_one,False
HTT,Htt,Htt,one_to_one,True
ETV4,Etv4,,one_to_one,False
OTX2,Otx2,,one_to_one,False
HOXB4,Hoxb4,Hoxb4,one_to_one,True
SPON2,Spon2,,one_to_one,False
EGR1,Egr1,Egr1,one_to_one,True
VEGFA,Vegfa,,one_to_one,False
LEF1,Lef1,Lef1,one_to_one,True
TBX5,Tbx5,,one_to_one,False
IGF2,Igf2,Igf2,one_to_one,True
TIMP2,Timp2,Timp2,one_to_one,True
CTSK,Ctsk,,one_to_one,False
PRKAB1,Prkab1,Prkab1,one_to_one,True
ACAT2,Acat2,Acat2,one_to_one,True
ACAT2,Acat3,,one_to_one,True
HCFC1,Hcfc1,Hcfc1,one_to_one,True
TMPO,Tmpo,Tmpo,one_to_one,True
FOXH1,Foxh1,,one_to_one,False
SPNS1,Spns1,Spns1,one_to_one,True
CERS2,Cers2,Cers2,one_to_one,True
PARG,Parg,Parg,one_to_one,True
MBIP,Mbip,Mbip,one_to_one,True
CBFA2T3,Cbfa2t3,,one_to_one,False
ETV5,Etv5,Etv5,one_to_one,True
EIF2S3,Eif2s3y,,one_to_one,False
EIF2S3,Eif2s3x,Eif2s3x,ambiguous_orthology,False
EIF2S3B,Eif2s3x,Eif2s3x,ambiguous_orthology,False
CHM,Chm,Chm,one_to_one,True
CHML,Chml,,one_to_one,False
EVA1A,Eva1a,,one_to_one,False
MECOM,Mecom,,one_to_one,False
EVI5,Evi5,Evi5,one_to_one,True
EVPL,Evpl,,one_to_one,False
RHO,Rho,,one_to_one,False
EXOC3L2,Exoc3l2,,one_to_one,False
EXOSC4,Exosc4,Exosc4,one_to_one,True
ENY2,Eny2,Eny2,one_to_one,True
EZH2,Ezh2,Ezh2,one_to_one,True
UBALD1,Ubald1,Ubald1,one_to_one,True
F11R,F11r,,one_to_one,False
F13A1,F13a1,,one_to_one,False
F2RL1,F2rl1,F2rl1,one_to_one,True
F9,F9,,one_to_one,False
IDH3G,Idh3g,Idh3g,one_to_one,True
BANF1,Banf1,Banf1,one_to_one,True
PICALM,Picalm,Picalm,one_to_one,True
TNRC6B,Tnrc6b,Tnrc6b,one_to_one,True
VPS41,Vps41,Vps41,one_to_one,True
RILPL2,Rilpl2,Rilpl2,one_to_one,True
KCTD15,Kctd15,,one_to_one,False
SEH1L,Seh1l,Seh1l,one_to_one,True
CKAP2L,Ckap2l,Ckap2l,one_to_one,True
PSME3IP1,Psme3ip1,Fam192a,one_to_one,True
SGCB,Sgcb,Sgcb,one_to_one,True
TUBGCP5,Tubgcp5,Tubgcp5,one_to_one,True
CCDC142,Ccdc142,,one_to_one,False
TM9SF1,Tm9sf1,Tm9sf1,one_to_one,True
NARF,Narf,Narf,one_to_one,True
MFAP2,Mfap2,,one_to_one,False
SENP3,Senp3,Senp3,one_to_one,True
SLMAP,Slmap,Slmap,one_to_one,True
MAP4K4,Map4k4,Map4k4,one_to_one,True
RBM7,Rbm7,Rbm7,one_to_one,True
TADA3,Tada3,Tada3,one_to_one,True
SACK1H,Sack1h,,one_to_one,False
OSTM1,Ostm1,Ostm1,one_to_one,True
HMGN3,Hmgn3,,one_to_one,False
PAXIP1,Paxip1,Paxip1,one_to_one,True
MED31,Med31,Med31,one_to_one,True
TNFRSF19,Tnfrsf19,,one_to_one,False
ZDHHC6,Zdhhc6,Zdhhc6,one_to_one,True
TRPC4AP,Trpc4ap,Trpc4ap,one_to_one,True
PRPF38A,Prpf38a,Prpf38a,one_to_one,True
ETFDH,Etfdh,Etfdh,one_to_one,True
ZNF670,Gm17067,,one_to_one,False
TAF6L,Taf6l,Taf6l,one_to_one,True
NOL10,Nol10,Nol10,one_to_one,True
TGIF1,Tgif1,Tgif1,one_to_one,True
C7orf25,AW209491,AW209491,one_to_one,True
ARPC4,Arpc4,Arpc4,one_to_one,True
HAUS8,Haus8,Haus8,one_to_one,True
SLC25A11,Slc25a11,Slc25a11,one_to_one,True
DDX11,Ddx11,Ddx11,ambiguous_orthology,False
DDX11L8,Ddx11,Ddx11,ambiguous_orthology,False
DDX12P,Ddx11,Ddx11,ambiguous_orthology,False
PTCD3,Ptcd3,Ptcd3,one_to_one,True
TRMT2A,Trmt2a,Trmt2a,one_to_one,True
PRPF39,Prpf39,Prpf39,one_to_one,True
ACCS,Accs,Accs,one_to_one,True
LARP7,Larp7,Larp7,one_to_one,True
LARP7,Larp7-ps,,one_to_one,True
ERLIN1,Erlin1,Erlin1,one_to_one,True
PTEN,Pten,Pten,one_to_one,True
FOXA3,Foxa3,,one_to_one,False
YIF1A,Yif1a,Yif1a,one_to_one,True
FAM110A,Fam110a,Fam110a,one_to_one,True
PACSIN3,Pacsin3,,one_to_one,False
PATL1,Patl1,Patl1,one_to_one,True
AP1B1,Ap1b1,Ap1b1,one_to_one,True
TNS1,Tns1,,one_to_one,False
PCID2,Pcid2,Pcid2,one_to_one,True
SH2D5,Sh2d5,,one_to_one,False
SLC6A11,Slc6a11,,one_to_one,False
TAF15,Taf15,Taf15,one_to_one,True
NOL11,Nol11,Nol11,one_to_one,True
FAM76B,Fam76b,Fam76b,one_to_one,True
WDR62,Wdr62,,one_to_one,False
RAPGEF2,Rapgef2,Rapgef2,one_to_one,True
CEACAM20,Ceacam20,,one_to_one,False
TMOD4,Tmod4,,one_to_one,False
CEP350,Cep350,Cep350,one_to_one,True
PRIM1,Prim1,Prim1,one_to_one,True
SMN2,Smn1,Smn1,ambiguous_orthology,False
SMN1,Smn1,Smn1,ambiguous_orthology,False
NUCLEOLIN,Nucleolin,Ncl,one_to_one,True
ZC3H7A,Zc3h7a,Zc3h7a,one_to_one,True
ZNF462,Zfp462,,one_to_one,False
ST8SIA6,St8sia6,St8sia6,one_to_one,True
ATF7IP,Atf7ip,Atf7ip,one_to_one,True
SRSF6,Srsf6,Srsf6,one_to_one,True
POMP,Pomp,Pomp,one_to_one,True
VDAC1,Vdac1,Vdac1,one_to_one,True
MRPL39,Mrpl39,Mrpl39,one_to_one,True
INTS1,Ints1,Ints1,one_to_one,True
NOTCH3,Notch3,,one_to_one,False
PTPN11,Ptpn11,Ptpn11,one_to_one,True
SYNJ2BP,S2bpcox16,,one_to_one,False
SYNJ2BP,Synj2bp,Synj2bp,one_to_one,True
MED6,Med6,Med6,one_to_one,True
ZNF395,Zfp395,Zfp395,one_to_one,True
MYG1,Myg1,Myg1,one_to_one,True
C1QBP,C1qbp,C1qbp,one_to_one,True
EIF3M,Eif3m,Eif3m,one_to_one,True
BOC,Boc,,one_to_one,False
AP2B1,Ap2b1,Ap2b1,one_to_one,True
PTPN4,Ptpn4,Ptpn4,one_to_one,True
MTUS1,Mtus1,,one_to_one,False
HAUS2,Haus2,Haus2,one_to_one,True
PHB1,Phb1,Phb,one_to_one,True
C1orf198,2310022B05Rik,2310022B05Rik,one_to_one,True
KHDRBS1,Khdrbs1,Khdrbs1,one_to_one,True
HMGB3,Hmgb3,Hmgb3,one_to_one,True
MRPS34,Mrps34,Mrps34,one_to_one,True
MORC2,Morc2b,,one_to_one,False
MORC2,Morc2a,Morc2a,one_to_one,True
RNF2,Rnf2,Rnf2,one_to_one,True
OTUB1,Otub1,Otub1,one_to_one,True
KIAA1143,1110059G10Rik,1110059G10Rik,one_to_one,True
SEC61B,Sec61b,Sec61b,one_to_one,True
BRI3BP,Bri3bp,Bri3bp,one_to_one,True
SEC23IP,Sec23ip,Sec23ip,one_to_one,True
VIRMA,Virma,Virma,one_to_one,True
RNF145,Rnf145,Rnf145,one_to_one,True
WEE1,Wee1,Wee1,one_to_one,True
SLC25A4,Slc25a4,Slc25a4,one_to_one,True
HMGN2,Hmgn2,Hmgn2,one_to_one,True
C11orf24,1810055G02Rik,,one_to_one,False
CPXM1,Cpxm1,,one_to_one,False
POLR1A,Polr1a,Polr1a,one_to_one,True
MEIS2,Meis2,,one_to_one,False
TPT1,Tpt1,Tpt1,ambiguous_orthology,False
TPT1P8,Tpt1,Tpt1,ambiguous_orthology,False
HLX,Hlx,,one_to_one,False
FBLIM1,Fblim1,,one_to_one,False
CLP1,Clp1,Clp1,one_to_one,True
SAE1,Sae1,Sae1,one_to_one,True
FOXK2,Foxk2,Foxk2,one_to_one,True
BRD3,Brd3,Brd3,one_to_one,True
PRR33,Prr33,,one_to_one,False
FMNL2,Fmnl2,,one_to_one,False
EXOC6B,Exoc6b,Exoc6b,one_to_one,True
NCS1,Ncs1,,one_to_one,False
SNX6,Snx6,Snx6,one_to_one,True
ZP3,Zp3,,one_to_one,False
EIF4EBP2,Eif4ebp2,Eif4ebp2,one_to_one,True
MAP2K2,Map2k2,Map2k2,one_to_one,True
DNASE2,Dnase2a,Dnase2a,one_to_one,True
LAMP1,Lamp1,Lamp1,one_to_one,True
HAGH,Hagh,Hagh,one_to_one,True
DLG3,Dlg3,Dlg3,one_to_one,True
DNAJC4,Dnajc4,Dnajc4,one_to_one,True
EVA1B,Eva1b,Eva1b,one_to_one,True
PFN1,Pfn1,Pfn1,one_to_one,True
RPL17,Gm6133,Gm6133,one_to_one,True
RPL17,Rpl17,Rpl17,one_to_one,True
DHX16,Dhx16,Dhx16,one_to_one,True
SDHC,Sdhc,Sdhc,one_to_one,True
S100A6,S100a6,S100a6,one_to_one,True
S100A4,S100a4,S100a4,one_to_one,True
TUBB4B,Tubb4b,Tubb4b,one_to_one,True
B4GALNT3,B4galnt3,,one_to_one,False
MAX,Max,Max,one_to_one,True
FLAD1,Flad1,Flad1,one_to_one,True
CSDE1,Csde1,Csde1,one_to_one,True
RPS14,Rps14,Rps14,one_to_one,True
ARHGAP32,Arhgap32,,one_to_one,False
GFOD2,Gfod2,Gfod2,one_to_one,True
COX6B1,Cox6b1,Cox6b1,one_to_one,True
MTHFR,Mthfr,Mthfr,one_to_one,True
EXTL1,Extl1,,one_to_one,False
MACROH2A1,Macroh2a1,H2afy,one_to_one,True
RPL10L,Rpl10l,,one_to_one,False
RPL10,Rpl10,Rpl10,one_to_one,True
RPL30,Rpl30,Rpl30,one_to_one,True
RPLP1,Rplp1rt,,one_to_one,False
RPLP1,Rplp1,Rplp1,one_to_one,True
PSMD8,Psmd8,Psmd8,one_to_one,True
RPL27A,Rpl27a,Rpl27a,one_to_one,True
AOC3,Aoc3,,one_to_one,False
AOC2,Aoc2,Aoc2,one_to_one,True
SUMO3,Sumo3,Sumo3,one_to_one,True
PGRMC1,Pgrmc1,Pgrmc1,one_to_one,True
NAPSA,Napsa,,one_to_one,False
RNF38,Rnf38,Rnf38,one_to_one,True
PARP12,Parp12,Parp12,one_to_one,True
RPS12,Rps12,Rps12,one_to_one,True
CCT6B,Cct6b,,one_to_one,False
CCT6A,Cct6a,Cct6a,one_to_one,True
FSTL1,Fstl1,,one_to_one,False
AP2A1,Ap2a1,Ap2a1,one_to_one,True
CTNNBIP1,Ctnnbip1,Ctnnbip1,one_to_one,True
TOMM7,Tomm7,Tomm7,one_to_one,True
LIN37,Lin37,Lin37,one_to_one,True
LLPH,Llph,Llph,one_to_one,True
TIMELESS,Timeless,Timeless,one_to_one,True
PLEC,Plec,Plec,one_to_one,True
DMAC1,Dmac1,Dmac1,one_to_one,True
RGS2,Rgs2,Rgs2,one_to_one,True
SCAF4,Scaf4,Scaf4,one_to_one,True
PRKDC,Prkdc,Prkdc,one_to_one,True
RPL22L1,Rpl22l1,Rpl22l1,one_to_one,True
RPL4,Rpl4,Rpl4,one_to_one,True
ATF7,Atf7,Atf7,one_to_one,True
EXOSC2,Exosc2,Exosc2,one_to_one,True
ZDHHC4,Zdhhc4,Zdhhc4,one_to_one,True
KAZN,Kazn,,one_to_one,False
EMC10,Emc10,Emc10,one_to_one,True
SPCS1,Spcs1,Spcs1,one_to_one,True
MARCHF6,Marchf6,March6,one_to_one,True
RPL18,Rpl18,Rpl18,one_to_one,True
CREB3L1,Creb3l1,Creb3l1,one_to_one,True
CEMIP2,Cemip2,Cemip2,one_to_one,True
MOV10,Mov10,Mov10,one_to_one,True
NOL7,Nol7,Nol7,one_to_one,True
COQ10A,Coq10a,Coq10a,one_to_one,True
IL4I1,Il4i1,,one_to_one,False
TSC1,Tsc1,Tsc1,one_to_one,True
NBR1,Nbr1,Nbr1,one_to_one,True
POSTN,Postn,,one_to_one,False
TCIM,Tcim,,one_to_one,False
SMG7,Smg7,Smg7,one_to_one,True
FAAH,Faah,Faah,one_to_one,True
PPARD,Ppard,Ppard,one_to_one,True
HSD17B8,Hsd17b8,H2-Ke6,one_to_one,True
FABP1,Fabp1,,one_to_one,False
FABP5,Fabp5,Fabp5,ambiguous_orthology,False
FABP5P3,Fabp5,Fabp5,ambiguous_orthology,False
FABP4,Fabp4,,one_to_one,False
FABP12,Fabp12,,one_to_one,False
FABP9,Fabp9,,one_to_one,False
F7,F7,,one_to_one,False
PTK2,Ptk2,,one_to_one,False
UBALD2,Ubald2,Ubald2,one_to_one,True
RFLNB,Rflnb,Rflnb,one_to_one,True
EEIG1,Eeig1,Fam102a,one_to_one,True
EEIG2,Eeig2,Fam102b,one_to_one,True
YAE1,Yae1d1,Yae1d1,one_to_one,True
OTULINL,Otulinl,Otulinl,one_to_one,True
OTULIN,Otulin,Otulin,one_to_one,True
ABHD17B,Abhd17b,Abhd17b,one_to_one,True
ABHD17C,Abhd17c,Abhd17c,one_to_one,True
DENND6B,Dennd6b,Dennd6b,one_to_one,True
FAM117A,Fam117a,Fam117a,one_to_one,True
SIRAL2,Siral2,Fam118a,one_to_one,True
SIRAL1,Sir2l1,Fam118b,one_to_one,True
PABIR3,Pabir3,,one_to_one,False
PABIR2,Pabir2,Fam122b,one_to_one,True
PABIR1,Pabir1,Fam122a,one_to_one,True
AMER2,Amer2,,one_to_one,False
AMER1,Amer1,Amer1,one_to_one,True
MVB12B,Mvb12b,Mvb12b,one_to_one,True
HYCC1,Hycc1,Fam126a,one_to_one,True
HYCC2,Hycc2,Fam126b,one_to_one,True
NIBAN1,Niban1,Fam129a,one_to_one,True
NIBAN2,Niban2,,one_to_one,False
FAM131A,Fam131a,,one_to_one,False
RETREG2,Retreg2,Retreg2,one_to_one,True
RETREG1,Retreg1,Retreg1,one_to_one,True
RETREG3,Retreg3,Retreg3,one_to_one,True
TIMCC,Timcc,Fam136a,one_to_one,True
SAXO2,Saxo2,,one_to_one,False
NALF1,Nalf1,,one_to_one,False
NALF2,Nalf2,,one_to_one,False
EMC9,Emc9,Emc9,one_to_one,True
FHIP1A,Fhip1a,,one_to_one,False
FHIP1B,Fhip1b,Fam160a2,one_to_one,True
FHIP2A,Fhip2a,Fam160b1,one_to_one,True
FHIP2B,Fhip2b,Fam160b2,one_to_one,True
FAM163B,Fam163b,,one_to_one,False
ZC2HC1A,Zc2hc1a,,one_to_one,False
ZC2HC1B,Zc2hc1b,,one_to_one,False
ZC2HC1C,Zc2hc1c,,one_to_one,False
CIMIP2B,Cimip2b,,one_to_one,False
CIMIP2C,Cimip2c,,one_to_one,False
FAM171A2,Fam171a2,,one_to_one,False
ARB2A,Arb2a,Fam172a,one_to_one,True
EVA1C,Eva1c,,one_to_one,False
FAM177A1,Fam177a,Fam177a,one_to_one,True
FAM177A1,Fam177a2,,one_to_one,True
SLF2,Slf2,Slf2,one_to_one,True
FAM184A,Fam184a,Fam184a,one_to_one,True
MINDY3,Mindy3,Mindy3,one_to_one,True
MINDY4B,Mindy4b-ps,,one_to_one,False
TVP23C-CDRT4,Tvp23b,Tvp23b,ambiguous_orthology,False
TVP23B,Tvp23b,Tvp23b,ambiguous_orthology,False
TVP23C,Tvp23b,Tvp23b,ambiguous_orthology,False
MCRIP1,Mcrip1,Mcrip1,one_to_one,True
INSYN2A,Insyn2a,,one_to_one,False
GASK1A,Gask1a,,one_to_one,False
GASK1B,Gask1b,,one_to_one,False
TAFA1,Tafa1,,one_to_one,False
TAFA4,Tafa4,,one_to_one,False
TAFA5,Tafa5,,one_to_one,False
ABITRAM,Abitram,Abitram,one_to_one,True
SLX9,Slx9,Fam207a,one_to_one,True
TASOR,Tasor,Tasor,one_to_one,True
TASOR2,Tasor2,Tasor2,one_to_one,True
FAM20C,Fam20c,,one_to_one,False
MIMS1,Mims1,Fam210a,one_to_one,True
MIMS2,Mims2,Fam210b,one_to_one,True
LRRC75B,Lrrc75b,,one_to_one,False
INKA1,Inka1,Inka1,one_to_one,True
INKA2,Inka2,Inka2,one_to_one,True
PRXL2A,Prxl2a,Prxl2a,one_to_one,True
PRXL2B,Prxl2b,Prxl2b,one_to_one,True
ATOSA,Atosa,Fam214a,one_to_one,True
ATOSB,Atosb,Fam214b,one_to_one,True
FAM217B,Fam217b,,one_to_one,False
FAM219A,Fam219a,Fam219a,one_to_one,True
WASHC2A,Washc2,Washc2,ambiguous_orthology,False
WASHC2C,Washc2,Washc2,ambiguous_orthology,False
FAM222A,Fam222a,,one_to_one,False
CALHM5,Calhm5,,one_to_one,False
CALHM6,Calhm6,Calhm6,one_to_one,True
HAUS6,Haus6,Haus6,one_to_one,True
FAM32A,Fam32a,Fam32a,one_to_one,True
PIEZO1,Piezo1,Piezo1,one_to_one,True
STRIP1,Strip1,Strip1,one_to_one,True
STRIP2,Strip2,,one_to_one,False
BOD1,Bod1,Bod1,ambiguous_orthology,False
BOD1L2,Bod1,Bod1,ambiguous_orthology,False
DENND10,Dennd10,Fam45a,ambiguous_orthology,False
DENND10P1,Dennd10,Fam45a,ambiguous_orthology,False
TENT5A,Tent5a,Tent5a,one_to_one,True
TENT5C,Tent5c,Tent5c,one_to_one,True
SUPT20H,Supt20,Supt20,one_to_one,True
CYRIA,Cyria,Fam49a,one_to_one,True
CYRIB,Cyrib,Fam49b,one_to_one,True
MTFR1L,Mtfr1l,Mtfr1l,one_to_one,True
NXPE3,Nxpe3,Nxpe3,one_to_one,True
TLCD3A,Tlcd3a,,one_to_one,False
TLCD3B,Tlcd3b,,one_to_one,False
CCNQ,Ccnq,Ccnq,one_to_one,True
GAREM1,Garem1,,one_to_one,False
GAREM2,Garem2,,one_to_one,False
BRINP2,Brinp2,,one_to_one,False
SINHCAF,Sinhcaf,Sinhcaf,one_to_one,True
LSM14A,Lsm14a,Lsm14a,one_to_one,True
ESYT2,Esyt2,Esyt2,one_to_one,True
ESYT3,Esyt3,,one_to_one,False
MINDY1,Mindy1,Mindy1,one_to_one,True
MINDY2,Mindy2,Mindy2,one_to_one,True
RIPOR1,Ripor1,Ripor1,one_to_one,True
RIPOR2,Ripor2,Ripor2,one_to_one,True
RIPOR3,Ripor3,,one_to_one,False
DIPK1A,Dipk1a,Dipk1a,one_to_one,True
DIPK1B,Dipk1b,Dipk1b,one_to_one,True
DIPK1C,Dipk1c,,one_to_one,False
TMEM255A,Tmem255a,,one_to_one,False
MIGA1,Miga1,Miga1,one_to_one,True
MIGA2,Miga2,Miga2,one_to_one,True
FAM78A,Fam78a,Fam78a,one_to_one,True
TPRG1L,Tprg1l,Tprgl,one_to_one,True
RMDN3,Rmdn3,Rmdn3,one_to_one,True
SACK1B,Sack1b,,one_to_one,False
SACK1C,Sack1c,,one_to_one,False
SACK1D,Sack1d,,one_to_one,False
SACK1E,Sack1e,,one_to_one,False
SACK1F,Sack1f,,one_to_one,False
SACK1G,Sack1g,,one_to_one,False
LRATD1,Lratd1,,one_to_one,False
LRATD2,Lratd2,Lratd2,one_to_one,True
FAM86B2,Eef2kmt,Eef2kmt,ambiguous_orthology,False
FAM86B1,Eef2kmt,Eef2kmt,ambiguous_orthology,False
EEF2KMT,Eef2kmt,Eef2kmt,ambiguous_orthology,False
FAM8A1,Fam8a1,Fam8a1,one_to_one,True
CIBAR1,Cibar1,Fam92a,one_to_one,True
CIAO2A,Ciao2a,Ciao2a,one_to_one,True
CIAO2B,Ciao2b,Ciao2b,one_to_one,True
NSMAF,Nsmaf,Nsmaf,one_to_one,True
BRCA2,Brca2,Brca2,one_to_one,True
BRIP1,Brip1,Brip1,one_to_one,True
PALB2,Palb2,Palb2,one_to_one,True
RAD51C,Rad51c,,one_to_one,False
ERCC4,Ercc4,Ercc4,one_to_one,True
UBE2T,Ube2t,Ube2t,one_to_one,True
FARSA,Farsa,Farsa,one_to_one,True
FASN,Fasn,Fasn,one_to_one,True
FASLG,Fasl,Fasl,one_to_one,True
FAT1,Fat1,,one_to_one,False
FAT3,Fat3,,one_to_one,False
SLC27A4,Slc27a4,Slc27a4,one_to_one,True
FAU,Fau,Fau,one_to_one,True
IER2,Ier2,Ier2,one_to_one,True
TNPO2,Tnpo2,Tnpo2,one_to_one,True
SSR3,Ssr3,Ssr3,one_to_one,True
SETD3,Setd3,Setd3,one_to_one,True
RAB20,Rab20,Rab20,one_to_one,True
PRSS23,Prss23,,one_to_one,False
CHID1,Chid1,Chid1,one_to_one,True
MYL6B,Myl6b,,one_to_one,False
MYL6,Myl6,Myl6,one_to_one,True
SYNJ1,Synj1,Synj1,one_to_one,True
REEP5,Reep5,Reep5,one_to_one,True
RPS3A,Rps3a1,Rps3a1,one_to_one,True
KLF12,Klf12,,one_to_one,False
UNC5C,Unc5c,,one_to_one,False
PTX3,Ptx3,,one_to_one,False
GALE,Gale,Gale,one_to_one,True
GGPS1,Ggps1,Ggps1,one_to_one,True
SOD3,Sod3,,one_to_one,False
TEN1,Ten1,Ten1,one_to_one,True
RPL23,Rpl23,Rpl23,one_to_one,True
VPS29,Vps29,Vps29,one_to_one,True
FTH1P19,Fthl17b,,ambiguous_orthology,False
FTHL17,Fthl17b,,ambiguous_orthology,False
FTH1P19,Fthl17c,,ambiguous_orthology,False
FTHL17,Fthl17c,,ambiguous_orthology,False
FTH1P19,Fthl17f,,ambiguous_orthology,False
FTHL17,Fthl17f,,ambiguous_orthology,False
FTH1P19,Fthl17d,,ambiguous_orthology,False
FTHL17,Fthl17d,,ambiguous_orthology,False
FTH1,Fth1,Fth1,one_to_one,True
FTH1P19,Fthl17e,,ambiguous_orthology,False
FTHL17,Fthl17e,,ambiguous_orthology,False
FTH1P19,Fthl17a,,ambiguous_orthology,False
FTHL17,Fthl17a,,ambiguous_orthology,False
FTMT,Ftmt,,one_to_one,False
ZNF148,Zfp148,Zfp148,one_to_one,True
RPS28,Rps28,Rps28,one_to_one,True
ARHGEF5,Arhgef5,Arhgef5,one_to_one,True
PRG4,Prg4,,one_to_one,False
CHD9,Chd9,Chd9,one_to_one,True
LONRF2,Lonrf2,,one_to_one,False
TMSB4X,Tmsb4x,Tmsb4x,one_to_one,True
FAM162A,Fam162a,Fam162a,one_to_one,True
VPS37A,Vps37a,Vps37a,one_to_one,True
LIPI,Lipi,,one_to_one,False
LIPH,Liph,,one_to_one,False
PRKCD,Prkcd,Prkcd,one_to_one,True
PHAX,Phax,Phax,one_to_one,True
ELOC,Eloc,Eloc,one_to_one,True
RPL39L,Rpl39l,Rpl39l,one_to_one,True
RPL39,Rpl39,Rpl39,one_to_one,True
FHL3,Fhl3,Fhl3,one_to_one,True
CHMP1B2P,Chmp1b2,2610002M06Rik,one_to_one,True
CHMP1B,Chmp1b,Chmp1b,one_to_one,True
GNPAT,Gnpat,Gnpat,one_to_one,True
RIOK3,Riok3,Riok3,one_to_one,True
GAB1,Gab1,,one_to_one,False
FDXACB1,Fdxacb1,Fdxacb1,one_to_one,True
PAK1IP1,Pak1ip1,Pak1ip1,one_to_one,True
PGLS,Pgls,Pgls,one_to_one,True
UQCC3,Uqcc3,Uqcc3,one_to_one,True
LITAF,Litaf,Litaf,one_to_one,True
OPRD1,Oprd1,,one_to_one,False
NUP62CL,Nup62cl,,one_to_one,False
NUP62,Nup62,Nup62,one_to_one,True
RPS3,Rps3,Rps3,one_to_one,True
NR3C1,Nr3c1,Nr3c1,one_to_one,True
CWC22,Cwc22rt7,,one_to_one,False
CWC22,Cwc22rt6,,one_to_one,False
CWC22,Cwc22rt3,,one_to_one,False
CWC22,Cwc22rt4,,one_to_one,False
CWC22,Cwc22rt1,,one_to_one,False
CWC22,Cwc22rt2,,one_to_one,False
CWC22,Cwc22rt5,,one_to_one,False
CWC22,Cwc22,Cwc22,one_to_one,True
UPK1A,Upk1a,,one_to_one,False
LYG1,Lyg1,,one_to_one,False
LYG2,Lyg2,,one_to_one,False
COQ3,Coq3,Coq3,one_to_one,True
RALA,Rala,Rala,one_to_one,True
SPRED1,Spred1,Spred1,one_to_one,True
RPS13,Rps13,Rps13,one_to_one,True
HADHB,Hadhb,Hadhb,one_to_one,True
YWHAZ,Ywhaz,Ywhaz,one_to_one,True
HTATIP2,Htatip2,Htatip2,one_to_one,True
TXNDC9,Txndc9,Txndc9,one_to_one,True
TMSB15A,Tmsb15b1,Tmsb15b1,ambiguous_orthology,False
TMSB15B,Tmsb15b1,Tmsb15b1,ambiguous_orthology,False
TMSB15A,Tmsb15b2,Tmsb15b2,ambiguous_orthology,False
TMSB15B,Tmsb15b2,Tmsb15b2,ambiguous_orthology,False
TXNDC8,Txndc8,,one_to_one,False
TXNDC2,Txndc2,,one_to_one,False
TXN,Txn1,Txn1,one_to_one,True
IST1,Ist1,Ist1,one_to_one,True
CTDSP2,Ctdsp2,Ctdsp2,one_to_one,True
NFYA,Nfya,Nfya,one_to_one,True
EIF4G1,Eif4g1,Eif4g1,one_to_one,True
CHTOP,Chtop,Chtop,one_to_one,True
FTSJ1,Ftsj1,Ftsj1,one_to_one,True
PPP2CB,Ppp2cb,Ppp2cb,one_to_one,True
CDCA5,Cdca5,Cdca5,one_to_one,True
PPP1CA,Ppp1ca,Ppp1ca,one_to_one,True
SOX9,Sox9,,one_to_one,False
MPDU1,Mpdu1,Mpdu1,one_to_one,True
GRB2,Grb2,Grb2,one_to_one,True
PRPF19,Prpf19,Prpf19,one_to_one,True
RHOU,Rhou,,one_to_one,False
BRD4,Brd4,Brd4,one_to_one,True
TMED2,Tmed2,Tmed2,one_to_one,True
MYH7,Myh7,,one_to_one,False
PRPF40A,Prpf40a,Prpf40a,one_to_one,True
HNRNPH1,Hnrnph1,Hnrnph1,one_to_one,True
HNRNPF,Hnrnpf,Hnrnpf,one_to_one,True
HNRNPH2,Hnrnph2,Hnrnph2,one_to_one,True
MTM1,Mtm1,Mtm1,one_to_one,True
PABPN1,Pabpn1,Pabpn1,one_to_one,True
CLK2,Clk2,Clk2,one_to_one,True
PSMC6,Psmc6,Psmc6,one_to_one,True
SEPTIN8,Septin8,Sept8,one_to_one,True
TXLNB,Txlnb,Txlnb,one_to_one,True
RRAS,Rras,Rras,one_to_one,True
H1-0,H1f0,H1f0,one_to_one,True
GLDC,Gldc,,one_to_one,False
RBP4,Rbp4,,one_to_one,False
FDPS,Fdps,Fdps,one_to_one,True
RPRD1B,Rprd1b,Rprd1b,one_to_one,True
DLD,Dld,Dld,one_to_one,True
HSPA14,Hspa14,Hspa14,one_to_one,True
PNISR,Pnisr,Pnisr,one_to_one,True
PNN,Pnn,Pnn,one_to_one,True
PRODH2,Prodh2,,one_to_one,False
WDR12,Wdr12,Wdr12,one_to_one,True
OGFR,Ogfr,Ogfr,one_to_one,True
SALL2,Sall2,Sall2,one_to_one,True
ALDOB,Aldob,,one_to_one,False
FAM168B,Fam168b,Fam168b,one_to_one,True
OXR1,Oxr1,Oxr1,one_to_one,True
AMD1,Amd1,Amd1,one_to_one,True
AMD1,Amd2,,one_to_one,True
DRAP1,Drap1,Drap1,one_to_one,True
CREB3L4,Creb3l4,,one_to_one,False
SPTBN1,Sptbn1,Sptbn1,one_to_one,True
SCNM1,Scnm1,Scnm1,one_to_one,True
PKP1,Pkp1,,one_to_one,False
UBA1,Uba1,Uba1,one_to_one,True
ATN1,Atn1,Atn1,one_to_one,True
POM121C,Pom121,Pom121,ambiguous_orthology,False
POM121,Pom121,Pom121,ambiguous_orthology,False
POM121B,Pom121,Pom121,ambiguous_orthology,False
MYMK,Mymk,,one_to_one,False
YBEY,Ybey,Ybey,one_to_one,True
NT5C3A,Nt5c3,Nt5c3,one_to_one,True
HMGXB4,Hmgxb4,Hmgxb4,one_to_one,True
DOHH,Dohh,Dohh,one_to_one,True
UQCRC2,Uqcrc2,Uqcrc2,one_to_one,True
SAP30BP,Sap30bp,Sap30bp,one_to_one,True
IPO7,Ipo7,Ipo7,one_to_one,True
RTF1,Rtf1,Rtf1,one_to_one,True
UBLCP1,Ublcp1,Ublcp1,one_to_one,True
GGA1,Gga1,Gga1,one_to_one,True
ASH2L,Ash2l,Ash2l,one_to_one,True
FBXL14,Fbxl14,Fbxl14,one_to_one,True
PTTG1IP,Pttg1ip,Pttg1ip,one_to_one,True
RBM8A,Rbm8a,Rbm8a,one_to_one,True
E2F6,E2f6,E2f6,one_to_one,True
WRAP53,Wrap53,Wrap53,one_to_one,True
CDC34,Cdc34,Cdc34,one_to_one,True
CDC34,Cdc34b,,one_to_one,True
CRK,Crk,Crk,one_to_one,True
UBE2D3,Ube2d3,Ube2d3,one_to_one,True
PHF23,Phf23,Phf23,one_to_one,True
PCBP2,Pcbp2,Pcbp2,one_to_one,True
PCBP1,Pcbp1,Pcbp1,one_to_one,True
STIP1,Stip1,Stip1,one_to_one,True
RBM22,Rbm22,Rbm22,one_to_one,True
TPM1,Tpm1,Tpm1,one_to_one,True
SNW1,Snw1,Snw1,one_to_one,True
IFT88,Ift88,Ift88,one_to_one,True
AURKA,Aurka,Aurka,one_to_one,True
EIF5,Eif5,Eif5,one_to_one,True
FBLL1,Fbll1,,one_to_one,False
FBL,Fbl,Fbl,one_to_one,True
CKMT1B,Ckmt1,,ambiguous_orthology,False
CKMT1A,Ckmt1,,ambiguous_orthology,False
PA2G4,Pa2g4,Pa2g4,one_to_one,True
BCAT2,Bcat2,Bcat2,one_to_one,True
HNRNPA0,Hnrnpa0,Hnrnpa0,one_to_one,True
PHRF1,Phrf1,Phrf1,one_to_one,True
PHGDH,Phgdh,Phgdh,one_to_one,True
CDIN1,Cdin1,BC052040,one_to_one,True
FZD7,Fzd7,,one_to_one,False
TTC33,Ttc33,Ttc33,one_to_one,True
DDX46,Ddx46,Ddx46,one_to_one,True
PLXDC2,Plxdc2,,one_to_one,False
SRSF7,Srsf7,Srsf7,one_to_one,True
MRTFA,Mrtfa,Mrtfa,one_to_one,True
GNB1,Gnb1,Gnb1,one_to_one,True
PGAM5,Pgam5,Pgam5,one_to_one,True
PRMT1,Prmt1,Prmt1,one_to_one,True
SMAD1,Smad1,Smad1,one_to_one,True
NUTF2,Nutf2,,one_to_one,False
RABL3,Rabl3,Rabl3,one_to_one,True
E2F2,E2f2,E2f2,one_to_one,True
EWSR1,Ewsr1,Ewsr1,one_to_one,True
NMT2,Nmt2,Nmt2,one_to_one,True
KCTD5,Kctd5,Kctd5,one_to_one,True
RAB6A,Rab6a,Rab6a,ambiguous_orthology,False
RAB6D,Rab6a,Rab6a,ambiguous_orthology,False
RAB6C,Rab6a,Rab6a,ambiguous_orthology,False
ADRA2B,Adra2b,,one_to_one,False
KANSL3,Kansl3,Kansl3,one_to_one,True
GALK2,Galk2,Galk2,one_to_one,True
G3BP2,G3bp2,G3bp2,one_to_one,True
NUMA1,Numa1,Numa1,one_to_one,True
HPF1,Hpf1,Hpf1,one_to_one,True
TCTN2,Tctn2,,one_to_one,False
CHMP3,Chmp3,Chmp3,ambiguous_orthology,False
RNF103-CHMP3,Chmp3,Chmp3,ambiguous_orthology,False
ZNF511,Zfp511,Zfp511,one_to_one,True
FLOT2,Flot2,Flot2,one_to_one,True
CDH15,Cdh15,,one_to_one,False
TFAP2C,Tfap2c,,one_to_one,False
SPTBN2,Sptbn2,,one_to_one,False
AKR7L,Akr7a5,Akr7a5,ambiguous_orthology,False
AKR7A2,Akr7a5,Akr7a5,ambiguous_orthology,False
AKR7A3,Akr7a5,Akr7a5,ambiguous_orthology,False
BCLAF3,Bclaf3,Bclaf3,one_to_one,True
UBXN1,Ubxn1,Ubxn1,one_to_one,True
YTHDF1,Ythdf1,Ythdf1,one_to_one,True
SRSF5,Srsf5,Srsf5,one_to_one,True
BACC1,Bacc1,0610010K14Rik,one_to_one,True
FOXO3,Foxo3,Foxo3,one_to_one,True
NFS1,Nfs1,Nfs1,one_to_one,True
STX6,Stx6,Stx6,one_to_one,True
CNIH4,Cnih4,Cnih4,one_to_one,True
IRS1,Irs1,,one_to_one,False
ABLIM3,Ablim3,,one_to_one,False
SLC16A6,Slc16a6,Slc16a6,one_to_one,True
EPN2,Epn2,,one_to_one,False
BSDC1,Bsdc1,Bsdc1,one_to_one,True
HNRNPUL1,Hnrnpul1,Hnrnpul1,one_to_one,True
ACADVL,Acadvl,Acadvl,one_to_one,True
CMPK1,Cmpk1,Cmpk1,one_to_one,True
AP2S1,Ap2s1,Ap2s1,one_to_one,True
DDAH2,Ddah2,Ddah2,one_to_one,True
SPINT2,Spint2,Spint2,one_to_one,True
TMEM203,Tmem203,Tmem203,one_to_one,True
RAB1A,Rab1a,Rab1a,one_to_one,True
SF3B2,Sf3b2,Sf3b2,one_to_one,True
TMEFF1,Tmeff1,,ambiguous_orthology,False
MSANTD3-TMEFF1,Tmeff1,,ambiguous_orthology,False
ACADM,Acadm,Acadm,one_to_one,True
HNRNPL,Hnrnpl,Hnrnpl,one_to_one,True
LZTFL1,Lztfl1,Lztfl1,one_to_one,True
PAIP1,Paip1,Paip1,one_to_one,True
RAP2C,Rap2c,Rap2c,one_to_one,True
PTP4A1,Ptp4a1,Ptp4a1,one_to_one,True
INSIG1,Insig1,Insig1,one_to_one,True
RBM4,Rbm4,Rbm4,one_to_one,True
PPARGC1B,Ppargc1b,Ppargc1b,one_to_one,True
TMEM177,Tmem177,Tmem177,one_to_one,True
MYH9,Myh9,Myh9,one_to_one,True
CCDC117,Ccdc117,Ccdc117,one_to_one,True
THAP12,Thap12,Thap12,one_to_one,True
MYCN,Mycn,,one_to_one,False
NARS1,Nars1,Nars,one_to_one,True
SEC62,Sec62,Sec62,one_to_one,True
GIGYF2,Gigyf2,Gigyf2,one_to_one,True
ATG16L1,Atg16l1,Atg16l1,one_to_one,True
SLC51A,Slc51a,,one_to_one,False
HNRNPCL4,Hnrnpc,Hnrnpc,ambiguous_orthology,False
HNRNPCL2,Hnrnpc,Hnrnpc,ambiguous_orthology,False
HNRNPC,Hnrnpc,Hnrnpc,ambiguous_orthology,False
HNRNPCL1,Hnrnpc,Hnrnpc,ambiguous_orthology,False
H3-3A,H3f3a,H3f3a,ambiguous_orthology,False
H3-5,H3f3a,H3f3a,ambiguous_orthology,False
H3-5,H3f3b,H3f3b,ambiguous_orthology,False
H3-3B,H3f3b,H3f3b,ambiguous_orthology,False
HPD,Hpd,,one_to_one,False
SLC2A5,Slc2a5,,one_to_one,False
ESD,Esd,Esd,one_to_one,True
BKGD,Bkgd,4931406C07Rik,one_to_one,True
HNF4A,Hnf4a,,one_to_one,False
DDX20,Ddx20,Ddx20,one_to_one,True
ACAA2,Acaa2,Acaa2,one_to_one,True
FAH,Fah,Fah,one_to_one,True
MTIF2,Mtif2,Mtif2,one_to_one,True
PRDX4,Prdx4,Prdx4,one_to_one,True
HAPSTR1,Hapstr1,1810013L24Rik,one_to_one,True
HAPSTR2,Hapstr2,,one_to_one,False
FRMD4B,Frmd4b,Frmd4b,one_to_one,True
ABCD3,Abcd3,Abcd3,one_to_one,True
YY1,Yy1,Yy1,one_to_one,True
POR,Por,Por,one_to_one,True
NOP53,Nop53,Nop53,one_to_one,True
ZNFX1,Znfx1,Znfx1,one_to_one,True
ANGPTL3,Angptl3,,one_to_one,False
FGG,Fgg,,one_to_one,False
HSP90B1,Hsp90b1,Hsp90b1,ambiguous_orthology,False
HSP90B2P,Hsp90b1,Hsp90b1,ambiguous_orthology,False
TDO2,Tdo2,,one_to_one,False
UCP1,Ucp1,,one_to_one,False
APOM,Apom,,one_to_one,False
LPL,Lpl,,one_to_one,False
SLC38A10,Slc38a10,Slc38a10,one_to_one,True
CELA1,Cela1,Cela1,one_to_one,True
MRPS31,Mrps31,Mrps31,one_to_one,True
SNRNP200,Snrnp200,Snrnp200,one_to_one,True
UAP1,Uap1,Uap1,one_to_one,True
RTN1,Rtn1,,one_to_one,False
KNG1,Kng1,,one_to_one,False
KNG1,Kng2,,one_to_one,False
CUZD1,Cuzd1,,one_to_one,False
ZFYVE21,Zfyve21,Zfyve21,one_to_one,True
TRABD,Trabd,Trabd,one_to_one,True
IFI44,Ifi44,Ifi44,one_to_one,True
SMAD5,Smad5,Smad5,one_to_one,True
CXCL14,Cxcl14,,one_to_one,False
CAT,Cat,Cat,one_to_one,True
HSD17B12,Hsd17b12,Hsd17b12,one_to_one,True
NPRL3,Nprl3,Nprl3,one_to_one,True
NPEPPS,Npepps,Npepps,one_to_one,True
VAC14,Vac14,Vac14,one_to_one,True
GSK3B,Gsk3b,Gsk3b,one_to_one,True
PLPBP,Plpbp,Plpbp,one_to_one,True
STAG1,Stag1,Stag1,one_to_one,True
MCL1,Mcl1,Mcl1,one_to_one,True
GTSE1,Gtse1,,one_to_one,False
HSD17B14,Hsd17b14,,one_to_one,False
SKIC2,Skic2,Skiv2l,one_to_one,True
MRTO4,Mrto4,Mrto4,one_to_one,True
MELK,Melk,Melk,one_to_one,True
ZNF654,Zfp654,Zfp654,one_to_one,True
CC2D1B,Cc2d1b,Cc2d1b,one_to_one,True
AFTPH,Aftph,Aftph,one_to_one,True
ITPKC,Itpkc,Itpkc,one_to_one,True
QPCTL,Qpctl,Qpctl,one_to_one,True
STXBP3,Stxbp3,Stxbp3,one_to_one,True
HDDC2,Hddc2,Hddc2,one_to_one,True
TEX261,Tex261,Tex261,one_to_one,True
HSF2BP,Hsf2bp,,one_to_one,False
TM9SF5P,Tm9sf5,,one_to_one,False
MBTPS2,Mbtps2,Mbtps2,one_to_one,True
UBR3,Ubr3,Ubr3,one_to_one,True
E2F4,E2f4,E2f4,one_to_one,True
NIPA2,Nipa2,Nipa2,one_to_one,True
RRM2B,Rrm2b,Rrm2b,one_to_one,True
HP1BP3,Hp1bp3,Hp1bp3,one_to_one,True
ZRSR2P1,Zrsr2,Zrsr2,ambiguous_orthology,False
ZRSR2,Zrsr2,Zrsr2,ambiguous_orthology,False
ZRSR2P1,Zrsr2-ps1,,ambiguous_orthology,False
ZRSR2,Zrsr2-ps1,,ambiguous_orthology,False
NANS,Nans,Nans,one_to_one,True
MORC3,Morc3,Morc3,one_to_one,True
ZNF770,Zfp770,Zfp770,one_to_one,True
TIA1,Tia1,Tia1,one_to_one,True
SLC26A5,Slc26a5,,one_to_one,False
MAP2K5,Map2k5,Map2k5,one_to_one,True
PDE4DIP,Pde4dip,Pde4dip,one_to_one,True
LIPF,Lipf,,one_to_one,False
LIPA,Lipa,Lipa,one_to_one,True
ZNF670,Gm14322,,one_to_one,False
ZNF625,Zfp1010,,one_to_one,False
ZNF670,Gm14418,,one_to_one,False
TMX2,Tmx2,Tmx2,one_to_one,True
LDLRAD3,Ldlrad3,,one_to_one,False
UBR7,Ubr7,Ubr7,one_to_one,True
THOP1,Thop1,Thop1,one_to_one,True
TTF1,Ttf1,Ttf1,one_to_one,True
MGAT4C,Mgat4c,,one_to_one,False
MGAT4FP,Mgat4f,,one_to_one,False
MGAT4EP,Mgat4e,,one_to_one,False
FMNL3,Fmnl3,Fmnl3,one_to_one,True
LIN7C,Lin7c,Lin7c,one_to_one,True
PROM1,Prom1,,one_to_one,False
PEX14,Pex14,Pex14,one_to_one,True
FKBP3,Fkbp3,Fkbp3,one_to_one,True
TTLL9,Ttll9,,one_to_one,False
CPTP,Cptp,Cptp,one_to_one,True
P3H4,P3h4,,one_to_one,False
TM9SF3,Tm9sf3,Tm9sf3,one_to_one,True
ZNG1A,Zng1,Cbwd1,ambiguous_orthology,False
ZNG1E,Zng1,Cbwd1,ambiguous_orthology,False
ZNG1B,Zng1,Cbwd1,ambiguous_orthology,False
ZNG1C,Zng1,Cbwd1,ambiguous_orthology,False
ZNG1F,Zng1,Cbwd1,ambiguous_orthology,False
PLXNC1,Plxnc1,Plxnc1,one_to_one,True
MSL2,Msl2,Msl2,one_to_one,True
NANOS1,Nanos1,Nanos1,one_to_one,True
ATG7,Atg7,Atg7,one_to_one,True
STX1B,Stx1b,,one_to_one,False
TLK1,Tlk1,Tlk1,one_to_one,True
REXO1,Rexo1,Rexo1,one_to_one,True
PTX4,Ptx4,,one_to_one,False
EFS,Efs,,one_to_one,False
PBX4,Pbx4,Pbx4,one_to_one,True
NCKAP5L,Nckap5l,Nckap5l,one_to_one,True
MEGF8,Megf8,,one_to_one,False
EML5,Eml5,Eml5,one_to_one,True
SP3,Sp3,Sp3,one_to_one,True
SLK,Slk,Slk,one_to_one,True
CAND1,Cand1,Cand1,one_to_one,True
PDAP1,Pdap1,Pdap1,one_to_one,True
CDCA4,Cdca4,Cdca4,one_to_one,True
CLCN3,Clcn3,Clcn3,one_to_one,True
ZBTB40,Zbtb40,Zbtb40,one_to_one,True
ACAP3,Acap3,Acap3,one_to_one,True
TSLIG2,AI597479,AI597479,one_to_one,True
UQCRFS1,Uqcrfs1,Uqcrfs1,ambiguous_orthology,False
UQCRFS1P1,Uqcrfs1,Uqcrfs1,ambiguous_orthology,False
NEDD1,Nedd1,Nedd1,one_to_one,True
LGI1,Lgi1,,one_to_one,False
LGI4,Lgi4,,one_to_one,False
CABIN1,Cabin1,Cabin1,one_to_one,True
ARID1A,Arid1a,Arid1a,one_to_one,True
PANK1,Pank1,Pank1,one_to_one,True
KIAA1217,Etl4,,one_to_one,False
ATP11C,Atp11c,Atp11c,one_to_one,True
CCDC137,Ccdc137,Ccdc137,one_to_one,True
BBS2,Bbs2,Bbs2,one_to_one,True
TM7SF3,Tm7sf3,Tm7sf3,one_to_one,True
YWHAB,Ywhab,Ywhab,one_to_one,True
SRL,Srl,,one_to_one,False
TTC28,Ttc28,Ttc28,one_to_one,True
LRCH1,Lrch1,Lrch1,one_to_one,True
ZMIZ1,Zmiz1,Zmiz1,one_to_one,True
GRHPR,Grhpr,Grhpr,one_to_one,True
HS6ST2,Hs6st2,,one_to_one,False
ITGA6,Itga6,Itga6,one_to_one,True
CYC1,Cyc1,Cyc1,one_to_one,True
PHF14,Phf14,Phf14,one_to_one,True
PNRC2,Pnrc2,Pnrc2,one_to_one,True
POLR3A,Polr3a,Polr3a,one_to_one,True
BEND6,Bend6,Bend6,one_to_one,True
AK8,Ak8,,one_to_one,False
TUBGCP2,Tubgcp2,Tubgcp2,one_to_one,True
ACE,Ace,,one_to_one,False
CENPP,Cenpp,Cenpp,one_to_one,True
TIMM17A,Timm17a,Timm17a,one_to_one,True
TOR1AIP2,Tor1aip2,Tor1aip2,one_to_one,True
TOR1AIP1,Tor1aip1,Tor1aip1,one_to_one,True
CDC42BPA,Cdc42bpa,,one_to_one,False
NDE1,Nde1,Nde1,one_to_one,True
MAGI2,Magi2,Magi2,one_to_one,True
FIGNL1,Fignl1,Fignl1,one_to_one,True
ALPK2,Alpk2,,one_to_one,False
COL13A1,Col13a1,,one_to_one,False
NATD1,Natd1,Natd1,one_to_one,True
NT5DC2,Nt5dc2,,one_to_one,False
PIK3CB,Pik3cb,Pik3cb,one_to_one,True
TMEM39A,Tmem39a,Tmem39a,one_to_one,True
SMC2,Smc2,Smc2,one_to_one,True
FILIP1,Filip1,,one_to_one,False
LASP1,Lasp1,Lasp1,one_to_one,True
PCCA,Pcca,Pcca,one_to_one,True
GAL3ST4,Gal3st4,,one_to_one,False
XPO1,Xpo1,Xpo1,one_to_one,True
WBP1L,Wbp1l,Wbp1l,one_to_one,True
TROAP,Troap,,one_to_one,False
MTFR2,Mtfr2,,one_to_one,False
YWHAH,Ywhah,Ywhah,one_to_one,True
SPRED2,Spred2,Spred2,one_to_one,True
PLXNB1,Plxnb1,,one_to_one,False
FLRT3,Flrt3,,one_to_one,False
DOCK7,Dock7,,one_to_one,False
ITM2B,Itm2b,Itm2b,one_to_one,True
CEP85,Cep85,Cep85,one_to_one,True
IFRD2,Ifrd2,Ifrd2,one_to_one,True
SPPL3,Sppl3,Sppl3,one_to_one,True
ZKSCAN7,Zkscan7,Zkscan7,ambiguous_orthology,False
ZNF852,Zkscan7,Zkscan7,ambiguous_orthology,False
TCAF2,Tcaf2,,ambiguous_orthology,False
TCAF2C,Tcaf2,,ambiguous_orthology,False
TCAF1,Tcaf1,,one_to_one,False
RPN2,Rpn2,Rpn2,one_to_one,True
PRR36,Prr36,Prr36,one_to_one,True
KLHDC4,Klhdc4,Klhdc4,one_to_one,True
ZNF618,Zfp618,,one_to_one,False
TBC1D30,Tbc1d30,Tbc1d30,one_to_one,True
SIN3A,Sin3a,Sin3a,one_to_one,True
PUM1,Pum1,Pum1,one_to_one,True
CD248,Cd248,,one_to_one,False
IGF2BP1,Igf2bp1,,one_to_one,False
TTC38,Ttc38,Ttc38,one_to_one,True
ASTL,Astl,,one_to_one,False
GLYR1,Glyr1,Glyr1,one_to_one,True
HIRA,Hira,Hira,one_to_one,True
UHRF1,Uhrf1,Uhrf1,one_to_one,True
SETD2,Setd2,Setd2,one_to_one,True
SULT1B1,Sult1b1,,one_to_one,False
SULT1E1,Sult1e1,,one_to_one,False
FLNA,Flna,Flna,one_to_one,True
MPHOSPH10,Mphosph10,Mphosph10,one_to_one,True
PRICKLE1,Prickle1,,one_to_one,False
HIP1,Hip1,Hip1,one_to_one,True
NFYC,Nfyc,Nfyc,one_to_one,True
LSG1,Lsg1,Lsg1,one_to_one,True
P2RX3,P2rx3,,one_to_one,False
FBXO34,Fbxo34,Fbxo34,one_to_one,True
YLPM1,Ylpm1,Ylpm1,one_to_one,True
RIOK1,Riok1,Riok1,one_to_one,True
MTG2,Mtg2,Mtg2,one_to_one,True
SLC27A2,Slc27a2,,one_to_one,False
YY1AP1,Gon4l,Gon4l,ambiguous_orthology,False
GON4L,Gon4l,Gon4l,ambiguous_orthology,False
CRTC2,Crtc2,Crtc2,one_to_one,True
KIFAP3,Kifap3,Kifap3,one_to_one,True
FBLN1,Fbln1,,one_to_one,False
FBN2,Fbn2,,one_to_one,False
KDM2B,Kdm2b,Kdm2b,one_to_one,True
FBXL2,Fbxl2,,one_to_one,False
ECPAS,Ecpas,Ecpas,one_to_one,True
FBXO11,Fbxo11,Fbxo11,one_to_one,True
FBXO30,Fbxo30,Fbxo30,one_to_one,True
FBXO36,Fbxo36,Fbxo36,one_to_one,True
FBXO44,Fbxo44,,one_to_one,False
FBXO6,Fbxo6,Fbxo6,one_to_one,True
TBX2,Tbx2,,one_to_one,False
ARL4C,Arl4c,Arl4c,one_to_one,True
PRODH,Prodh,,one_to_one,False
ZNF280B,Zfp280b,Zfp280b,one_to_one,True
ZNF280C,Zfp280c,Zfp280c,one_to_one,True
ZNF280D,Zfp280d,Zfp280d,one_to_one,True
ZDHHC15,Zdhhc15,Zdhhc15,one_to_one,True
SNX12,Snx12,Snx12,one_to_one,True
MTX2,Mtx2,Mtx2,one_to_one,True
C12orf57,Grcc10,Grcc10,one_to_one,True
VKORC1,Vkorc1,Vkorc1,one_to_one,True
SLC35C1,Slc35c1,Slc35c1,one_to_one,True
CC2D2A,Cc2d2a,,one_to_one,False
ARL4D,Arl4d,Arl4d,one_to_one,True
CHI3L1,Chi3l1,,one_to_one,False
LMO7,Lmo7,,one_to_one,False
PIK3R5,Pik3r5,Pik3r5,one_to_one,True
STARD7,Stard7,Stard7,one_to_one,True
TRIM27,Trim27,Trim27,one_to_one,True
TRIM7,Trim7,,one_to_one,False
TRIM50,Trim50,,one_to_one,False
UTP23,Utp23,Utp23,one_to_one,True
JPT2,Jpt2,Jpt2,one_to_one,True
NDRG3,Ndrg3,Ndrg3,one_to_one,True
EIF4EBP1,Eif4ebp1,Eif4ebp1,one_to_one,True
HEXB,Hexb,Hexb,one_to_one,True
ZSWIM5,Zswim5,,one_to_one,False
ZBTB2,Zbtb2,Zbtb2,one_to_one,True
VAPB,Vapb,Vapb,one_to_one,True
PTP4A2,Ptp4a2,Ptp4a2,one_to_one,True
NDUFAF3,Ndufaf3,Ndufaf3,one_to_one,True
GALNT1,Galnt1,Galnt1,one_to_one,True
SLC35E1,Slc35e1,Slc35e1,one_to_one,True
PDCL,Pdcl,Pdcl,one_to_one,True
DCAF15,Dcaf15,Dcaf15,one_to_one,True
NDUFAF8,Ndufaf8,Ndufaf8,one_to_one,True
LMNB1,Lmnb1,Lmnb1,one_to_one,True
TMEM154,Tmem154,Tmem154,one_to_one,True
SCOC,Scoc,Scoc,one_to_one,True
UBE2H,Ube2h,Ube2h,one_to_one,True
ZMYM2,Zmym2,Zmym2,one_to_one,True
FLVCR2,Flvcr2,,one_to_one,False
HSPA4L,Hspa4l,Hspa4l,one_to_one,True
POU2F1,Pou2f1,Pou2f1,one_to_one,True
AP1G2,Ap1g2,Ap1g2,one_to_one,True
MIDN,Midn,Midn,one_to_one,True
SENP7,Senp7,Senp7,one_to_one,True
RNF214,Rnf214,Rnf214,one_to_one,True
LMBRD1,Lmbrd1,Lmbrd1,one_to_one,True
DYNC1LI2,Dync1li2,Dync1li2,one_to_one,True
TOP2A,Top2a,Top2a,one_to_one,True
PGM3,Pgm3,Pgm3,one_to_one,True
SLC35B4,Slc35b4,Slc35b4,one_to_one,True
MYOM2,Myom2,,one_to_one,False
RNASEH2C,Rnaseh2c,Rnaseh2c,one_to_one,True
DUSP11,Dusp11,Dusp11,one_to_one,True
ATP8B2,Atp8b2,Atp8b2,one_to_one,True
HSPB8,Hspb8,,one_to_one,False
GDI2,Gdi2,Gdi2,one_to_one,True
PRDM16,Prdm16,Prdm16,one_to_one,True
RNASET2,Rnaset2a,Rnaset2a,one_to_one,True
RNASET2,Rnaset2b,Rnaset2b,one_to_one,True
PLEKHG6,Plekhg6,,one_to_one,False
RPP38,Rpp38,Rpp38,one_to_one,True
TFCP2,Tfcp2,Tfcp2,one_to_one,True
KHSRP,Khsrp,Khsrp,one_to_one,True
SLC27A1,Slc27a1,Slc27a1,one_to_one,True
AKAP10,Akap10,Akap10,one_to_one,True
PLCXD3,Plcxd3,,one_to_one,False
ZNF217,Zfp217,Zfp217,one_to_one,True
MBOAT1,Mboat1,Mboat1,one_to_one,True
SLC52A2,Slc52a2,Slc52a2,ambiguous_orthology,False
SLC52A1,Slc52a2,Slc52a2,ambiguous_orthology,False
DUSP23,Dusp23,Dusp23,one_to_one,True
GAS2L3,Gas2l3,,one_to_one,False
POLDIP2,Poldip2,Poldip2,one_to_one,True
TGM2,Tgm2,,one_to_one,False
NLE1,Nle1,Nle1,one_to_one,True
NSD2,Nsd2,Nsd2,one_to_one,True
NIPBL,Nipbl,Nipbl,one_to_one,True
INSM1,Insm1,,one_to_one,False
ASPM,Aspm,Aspm,one_to_one,True
FIGNL2,Fignl2,,one_to_one,False
LRPPRC,Lrpprc,Lrpprc,one_to_one,True
GYG1,Gyg1,Gyg,one_to_one,True
URB2,Urb2,Urb2,one_to_one,True
PKNOX1,Pknox1,Pknox1,one_to_one,True
MEX3B,Mex3b,Mex3b,one_to_one,True
C10orf71,3425401B19Rik,,one_to_one,False
ATF5,Atf5,Atf5,one_to_one,True
STT3B,Stt3b,Stt3b,one_to_one,True
FMO2,Fmo2,,one_to_one,False
FMO3,Fmo3,,one_to_one,False
FMO4,Fmo4,,one_to_one,False
FMO1,Fmo1,,one_to_one,False
FMO6P,Fmo6,,one_to_one,False
MTMR14,Mtmr14,Mtmr14,one_to_one,True
WNK1,Wnk1,Wnk1,one_to_one,True
TNS2,Tns2,,one_to_one,False
ELOA,Eloa,Eloa,one_to_one,True
KLC2,Klc2,Klc2,one_to_one,True
DBX1,Dbx1,,one_to_one,False
LMNB2,Lmnb2,Lmnb2,one_to_one,True
AP3M2,Ap3m2,Ap3m2,one_to_one,True
GTF2A1,Gtf2a1,Gtf2a1,one_to_one,True
BIN3,Bin3,Bin3,one_to_one,True
TSC2,Tsc2,Tsc2,one_to_one,True
RAN,1700009N14Rik,,one_to_one,False
RAN,Ran,Ran,one_to_one,True
RAN,Rasl2-9,,one_to_one,True
PRDM14,Prdm14,,one_to_one,False
INPP5K,Inpp5k,Inpp5k,one_to_one,True
MON2,Mon2,Mon2,one_to_one,True
RNASEK,Rnasek,Rnasek,one_to_one,True
EXO1,Exo1,Exo1,one_to_one,True
EMILIN1,Emilin1,Emilin1,one_to_one,True
TMEM129,Tmem129,Tmem129,one_to_one,True
BCAR1,Bcar1,,one_to_one,False
SKI,Ski,Ski,one_to_one,True
ZPR1,Zpr1,Zpr1,one_to_one,True
STAG2,Stag2,Stag2,one_to_one,True
TM2D3,Tm2d3,Tm2d3,one_to_one,True
FBXO38,Fbxo38,Fbxo38,one_to_one,True
ADI1,Adi1,Adi1,one_to_one,True
DYRK2,Dyrk2,Dyrk2,one_to_one,True
PODXL,Podxl,,one_to_one,False
PPM1B,Ppm1b,Ppm1b,one_to_one,True
TLE2,Tle2,,one_to_one,False
SP1,Sp1,Sp1,one_to_one,True
SNRPA,Snrpa,Snrpa,one_to_one,True
ZNF384,Zfp384,Zfp384,one_to_one,True
ABCB7,Abcb7,Abcb7,one_to_one,True
FUCA2,Fuca2,Fuca2,one_to_one,True
RFX7,Rfx7,Rfx7,one_to_one,True
MYT1,Myt1,,one_to_one,False
IQGAP2,Iqgap2,Iqgap2,one_to_one,True
TMEM209,Tmem209,Tmem209,one_to_one,True
SKA1,Ska1,,one_to_one,False
PUF60,Puf60,Puf60,one_to_one,True
TXLNA,Txlna,Txlna,one_to_one,True
AGPAT4,Agpat4,Agpat4,one_to_one,True
APOOL,Apool,Apool,one_to_one,True
FANCI,Fanci,Fanci,one_to_one,True
LPGAT1,Lpgat1,Lpgat1,one_to_one,True
MTRES1,Mtres1,1700021F05Rik,one_to_one,True
TMEM263,Tmem263,Tmem263,one_to_one,True
RASL11B,Rasl11b,Rasl11b,one_to_one,True
YPEL2,Ypel2,Ypel2,one_to_one,True
NUS1,Nus1,Nus1,one_to_one,True
CHKB,Chkb,Chkb,one_to_one,True
PTPN3,Ptpn3,Ptpn3,one_to_one,True
CDK16,Cdk16,Cdk16,one_to_one,True
SYPL1,Sypl1,Sypl,one_to_one,True
SYPL2,Sypl2,,one_to_one,False
SUCO,Suco,Suco,one_to_one,True
MED16,Med16,Med16,one_to_one,True
TRIM37,Trim37,Trim37,one_to_one,True
CSTF1,Cstf1,Cstf1,one_to_one,True
FAR1,Far1,Far1,one_to_one,True
LRRC8C,Lrrc8c,Lrrc8c,one_to_one,True
MEIS3,Meis3,Meis3,ambiguous_orthology,False
MEIS3P2,Meis3,Meis3,ambiguous_orthology,False
MEIS3P1,Meis3,Meis3,ambiguous_orthology,False
RNF10,Rnf10,Rnf10,one_to_one,True
ERF,Erf,Erf,one_to_one,True
QSER1,Qser1,Qser1,one_to_one,True
DENND2A,Dennd2a,,one_to_one,False
KLF10,Klf10,Klf10,one_to_one,True
GALNT6,Galnt6,Galnt6,one_to_one,True
PTPA,Ptpa,Ptpa,one_to_one,True
SKA3,Ska3,,one_to_one,False
MLLT11,Mllt11,Mllt11,one_to_one,True
NOG,Nog,,one_to_one,False
GMFB,Gmfb,Gmfb,one_to_one,True
PSD2,Psd2,,one_to_one,False
SLC37A4,Slc37a4,Slc37a4,one_to_one,True
BRI3,Bri3,Bri3,one_to_one,True
AGAP3,Agap3,Agap3,one_to_one,True
FAF1,Faf1,Faf1,one_to_one,True
ZNF609,Zfp609,Zfp609,one_to_one,True
XPO4,Xpo4,Xpo4,one_to_one,True
LBX2,Lbx2,,one_to_one,False
JPH3,Jph3,,one_to_one,False
LPP,Lpp,Lpp,one_to_one,True
SLC6A6,Slc6a6,Slc6a6,one_to_one,True
CHD1,Chd1,Chd1,one_to_one,True
RAD54L2,Rad54l2,Rad54l2,one_to_one,True
HMOX1,Hmox1,Hmox1,one_to_one,True
SLC35E2A,Slc35e2,Slc35e2,ambiguous_orthology,False
SLC35E2B,Slc35e2,Slc35e2,ambiguous_orthology,False
KIFC1,Kifc1,Kifc1,one_to_one,True
KIFC1,Kifc5b,Kifc5b,one_to_one,True
NOB1,Nob1,Nob1,one_to_one,True
PAN2,Pan2,Pan2,one_to_one,True
FGFR3,Fgfr3,,one_to_one,False
TBC1D8B,Tbc1d8b,Tbc1d8b,one_to_one,True
ILF3,Ilf3,Ilf3,one_to_one,True
SLC2A1,Slc2a1,Slc2a1,one_to_one,True
TPD52L2,Tpd52l2,Tpd52l2,one_to_one,True
MMACHC,Mmachc,Mmachc,one_to_one,True
EME1,Eme1,,one_to_one,False
DDAH1,Ddah1,,one_to_one,False
ZMAT2,Zmat2,Zmat2,one_to_one,True
BPTF,Bptf,Bptf,one_to_one,True
NR2E1,Nr2e1,,one_to_one,False
SON,Son,Son,one_to_one,True
TAF2,Taf2,Taf2,one_to_one,True
WDTC1,Wdtc1,Wdtc1,one_to_one,True
INTS10,Ints10,Ints10,one_to_one,True
PHLDB2,Phldb2,,one_to_one,False
AMT,Amt,,one_to_one,False
FAM13A,Fam13a,,one_to_one,False
LETM1,Letm1,Letm1,one_to_one,True
SUZ12,Suz12,Suz12,one_to_one,True
CENPT,Cenpt,Cenpt,one_to_one,True
FERMT1,Fermt1,,one_to_one,False
ZC3H11A,Zc3h11a,Zc3h11a,ambiguous_orthology,False
ZC3H11B,Zc3h11a,Zc3h11a,ambiguous_orthology,False
PSIP1,Psip1,Psip1,one_to_one,True
SCLT1,Sclt1,Sclt1,one_to_one,True
CYB5R3,Cyb5r3,Cyb5r3,one_to_one,True
PPRC1,Pprc1,Pprc1,one_to_one,True
EXOSC3,Exosc3,Exosc3,one_to_one,True
MEGF10,Megf10,,one_to_one,False
KLHL20,Klhl20,Klhl20,one_to_one,True
PLEKHA1,Plekha1,Plekha1,one_to_one,True
RASGEF1B,Rasgef1b,,one_to_one,False
CDV3,Cdv3,Cdv3,one_to_one,True
PSMD12,Psmd12,Psmd12,one_to_one,True
MARCKS,Marcks,Marcks,one_to_one,True
SOX6,Sox6,,one_to_one,False
AGPAT5,Agpat5,Agpat5,one_to_one,True
RENBP,Renbp,,one_to_one,False
NT5C2,Nt5c2,Nt5c2,one_to_one,True
EXTL2,Extl2,Extl2,one_to_one,True
HSD3B7,Hsd3b7,,one_to_one,False
WDR81,Wdr81,Wdr81,one_to_one,True
CDT1,Cdt1,Cdt1,one_to_one,True
RIF1,Rif1,Rif1,one_to_one,True
MPHOSPH8,Mphosph8,Mphosph8,one_to_one,True
LIMCH1,Limch1,,one_to_one,False
GDAP2,Gdap2,Gdap2,one_to_one,True
GLRX,Glrx,Glrx,one_to_one,True
MRE11,Mre11a,Mre11a,one_to_one,True
COQ10B,Coq10b,Coq10b,one_to_one,True
COLQ,Colq,Colq,one_to_one,True
UBL3,Ubl3,Ubl3,one_to_one,True
MLLT3,Mllt3,Mllt3,one_to_one,True
DICER1,Dicer1,Dicer1,one_to_one,True
MBD1,Mbd1,Mbd1,one_to_one,True
HOXB7,Hoxb7,,one_to_one,False
TTLL13,Ttll13,,one_to_one,False
TTLL6,Ttll6,,one_to_one,False
TNFRSF14,Tnfrsf14,Tnfrsf14,one_to_one,True
ANKRD27,Ankrd27,Ankrd27,one_to_one,True
REEP3,Reep3,Reep3,one_to_one,True
BLOC1S5,Bloc1s5,Bloc1s5,one_to_one,True
PPP6R3,Ppp6r3,Ppp6r3,one_to_one,True
C10orf88,2310057M21Rik,2310057M21Rik,one_to_one,True
PTPRN,Ptprn,,one_to_one,False
MTHFSD,Mthfsd,Mthfsd,one_to_one,True
TESC,Tesc,Tesc,one_to_one,True
ARID4A,Arid4a,Arid4a,one_to_one,True
CHFR,Chfr,Chfr,one_to_one,True
E2F7,E2f7,,one_to_one,False
MED13,Med13,Med13,one_to_one,True
ACADS,Acads,Acads,one_to_one,True
CTSH,Ctsh,,one_to_one,False
RCCD1,Rccd1,Rccd1,one_to_one,True
SEC22A,Sec22a,Sec22a,one_to_one,True
FIRRM,Firrm,,one_to_one,False
SLC22A23,Slc22a23,,one_to_one,False
LMO4,Lmo4,Lmo4,one_to_one,True
NAA40,Naa40,Naa40,one_to_one,True
ZCCHC24,Zcchc24,Zcchc24,one_to_one,True
FNIP1,Fnip1,Fnip1,one_to_one,True
SWAP70,Swap70,Swap70,one_to_one,True
NEDD9,Nedd9,Nedd9,one_to_one,True
POFUT2,Pofut2,Pofut2,one_to_one,True
CIAPIN1,Ciapin1,Ciapin1,one_to_one,True
TBL1XR1,Tbl1xr1,Tbl1xr1,one_to_one,True
HACD4,Hacd4,,one_to_one,False
SEMA7A,Sema7a,,one_to_one,False
ZNF503,Zfp503,,one_to_one,False
ZNF281,Zfp281,Zfp281,one_to_one,True
GPBP1L1,Gpbp1l1,Gpbp1l1,one_to_one,True
USP7,Usp7,Usp7,one_to_one,True
MAGT1,Magt1,Magt1,one_to_one,True
ADGRG5,Adgrg5,Adgrg5,one_to_one,True
ADGRG1,Adgrg1,,one_to_one,False
TSPAN17,Tspan17,Tspan17,one_to_one,True
PLPP5,Plpp5,Plpp5,one_to_one,True
PLPP4,Plpp4,,one_to_one,False
ACOD1,Acod1,,one_to_one,False
DCLRE1A,Dclre1a,Dclre1a,one_to_one,True
KIN,Kin,Kin,one_to_one,True
POLH,Polh,Polh,one_to_one,True
ORC4,Orc4,Orc4,one_to_one,True
SCAF8,Scaf8,Scaf8,one_to_one,True
TRIM63,Trim63,,one_to_one,False
PAQR6,Paqr6,,one_to_one,False
GPALPP1,Gpalpp1,Gpalpp1,one_to_one,True
SMARCB1,Smarcb1,Smarcb1,one_to_one,True
GAS2L1,Gas2l1,,one_to_one,False
KIFC3,Kifc3,,one_to_one,False
BNC1,Bnc1,,one_to_one,False
HNRNPU,Hnrnpu,Hnrnpu,one_to_one,True
TRUB2,Trub2,Trub2,one_to_one,True
EPHA7,Epha7,,one_to_one,False
RPS6KB1,Rps6kb1,Rps6kb1,one_to_one,True
PTPRN2,Ptprn2,,one_to_one,False
TSR1,Tsr1,Tsr1,one_to_one,True
TNIK,Tnik,Tnik,one_to_one,True
CAB39L,Cab39l,Cab39l,one_to_one,True
CTR9,Ctr9,Ctr9,one_to_one,True
PRR14,Prr14,Prr14,one_to_one,True
SEPTIN6,Septin6,Sept6,one_to_one,True
FAAP20,Faap20,Faap20,one_to_one,True
THOC5,Thoc5,Thoc5,one_to_one,True
MON1B,Mon1b,Mon1b,one_to_one,True
SRFBP1,Srfbp1,Srfbp1,one_to_one,True
LMAN1,Lman1,Lman1,one_to_one,True
TRRAP,Trrap,Trrap,one_to_one,True
SRC,Src,,one_to_one,False
RAB11A,Rab11a,Rab11a,one_to_one,True
MKS1,Mks1,Mks1,one_to_one,True
MAT2B,Mat2b,Mat2b,one_to_one,True
PLD6,Pld6,,one_to_one,False
UTP15,Utp15,Utp15,one_to_one,True
UFD1,Ufd1,Ufd1,one_to_one,True
RBM20,Rbm20,,one_to_one,False
KIF3A,Kif3a,Kif3a,one_to_one,True
SH3GLB1,Sh3glb1,Sh3glb1,one_to_one,True
PCDH10,Pcdh10,,one_to_one,False
GTPBP6,Gtpbp6,Gtpbp6,one_to_one,True
NAPEPLD,Napepld,,one_to_one,False
FGFR2,Fgfr2,,one_to_one,False
MMS22L,Mms22l,Mms22l,one_to_one,True
PHF12,Phf12,Phf12,one_to_one,True
SACM1L,Sacm1l,Sacm1l,one_to_one,True
SLC35A4,Slc35a4,Slc35a4,one_to_one,True
ANKRD13C,Ankrd13c,Ankrd13c,one_to_one,True
ELAPOR2,Elapor2,,one_to_one,False
INPPL1,Inppl1,Inppl1,one_to_one,True
PDE12,Pde12,Pde12,one_to_one,True
ARHGAP27,Arhgap27,Arhgap27,one_to_one,True
C1GALT1C1,C1galt1c1,C1galt1c1,one_to_one,True
KIFBP,Kifbp,Kif1bp,one_to_one,True
ANKRD11,Ankrd11,Ankrd11,one_to_one,True
MKLN1,Mkln1,Mkln1,one_to_one,True
NABP1,Nabp1,Nabp1,one_to_one,True
PPP4R3A,Ppp4r3a,Ppp4r3a,one_to_one,True
RPH3A,Rph3a,,one_to_one,False
DDX31,Ddx31,Ddx31,one_to_one,True
RAB18,Rab18,Rab18,one_to_one,True
MAP1S,Map1s,Map1s,one_to_one,True
CBX5,Cbx5,Cbx5,one_to_one,True
GREB1L,Greb1l,,one_to_one,False
TAPT1,Tapt1,Tapt1,one_to_one,True
SLC3A2,Slc3a2,Slc3a2,one_to_one,True
RBM26,Rbm26,Rbm26,one_to_one,True
STARD3,Stard3,Stard3,one_to_one,True
RBMX,Gm7324,,one_to_one,False
RBMXL2,Rbmxl2,,one_to_one,False
RBMX,Rbmx,Rbmx,one_to_one,True
RBMX,Rbmxl1,Rbmxl1,one_to_one,True
SERBP1,Serbp1,Serbp1,one_to_one,True
RNF8,Rnf8,Rnf8,one_to_one,True
EFCAB7,Efcab7,Efcab7,one_to_one,True
PLEKHA8,Plekha8,Plekha8,ambiguous_orthology,False
PLEKHA8P1,Plekha8,Plekha8,ambiguous_orthology,False
PDE4C,Pde4c,,one_to_one,False
DHX57,Dhx57,Dhx57,one_to_one,True
POP5,Pop5,Pop5,one_to_one,True
MOB3A,Mob3a,Mob3a,one_to_one,True
METTL26,Mettl26,Mettl26,one_to_one,True
ACBD6,Acbd6,Acbd6,one_to_one,True
SCRT2,Scrt2,,one_to_one,False
STON2,Ston2,,one_to_one,False
DYNC1LI1,Dync1li1,Dync1li1,one_to_one,True
SLC25A37,Slc25a37,Slc25a37,one_to_one,True
CASP8AP2,Casp8ap2,Casp8ap2,one_to_one,True
RASAL2,Rasal2,,one_to_one,False
MARK2,Mark2,Mark2,one_to_one,True
SPTLC1,Sptlc1,Sptlc1,one_to_one,True
LARP1B,Larp1b,Larp1b,one_to_one,True
KATNBL1,Katnbl1,Katnbl1,one_to_one,True
R3HCC1L,R3hcc1l,R3hcc1l,one_to_one,True
NRIP1,Nrip1,Nrip1,one_to_one,True
SPSB3,Spsb3,Spsb3,one_to_one,True
FYTTD1,Fyttd1,Fyttd1,one_to_one,True
UBE2A,Ube2a,Ube2a,one_to_one,True
TMEM260,Tmem260,Tmem260,one_to_one,True
TAGLN3,Tagln3,,one_to_one,False
VAMP5,Vamp5,Vamp5,one_to_one,True
CHERP,Cherp,Cherp,one_to_one,True
SHH,Shh,,one_to_one,False
PCDH19,Pcdh19,,one_to_one,False
PARS2,Pars2,Pars2,one_to_one,True
PPP5C,Ppp5c,Ppp5c,one_to_one,True
SENP6,Senp6,Senp6,one_to_one,True
METAP1,Metap1,Metap1,one_to_one,True
SNAP29,Snap29,Snap29,one_to_one,True
FRYL,Fryl,Fryl,one_to_one,True
ZSWIM7,Zswim7,Zswim7,one_to_one,True
TRAP1,Trap1,Trap1,one_to_one,True
HMG20B,Hmg20b,Hmg20b,one_to_one,True
PCNT,Pcnt,Pcnt,one_to_one,True
TSPEAR,Tspear,,one_to_one,False
DLAT,Dlat,Dlat,one_to_one,True
POF1B,Pof1b,,one_to_one,False
GUF1,Guf1,Guf1,one_to_one,True
ZNF598,Zfp598,Zfp598,one_to_one,True
TMED4,Tmed4,Tmed4,one_to_one,True
DNAL1,Dnal1,,one_to_one,False
FGF4,Fgf4,,one_to_one,False
NRARP,Nrarp,Nrarp,one_to_one,True
WDR26,Wdr26,Wdr26,one_to_one,True
METRNL,Metrnl,Metrnl,one_to_one,True
COPS4,Cops4,Cops4,one_to_one,True
TMEM63B,Tmem63b,Tmem63b,one_to_one,True
EHBP1,Ehbp1,,one_to_one,False
RNF169,Rnf169,Rnf169,one_to_one,True
NKX2-8,Nkx2-9,,one_to_one,False
RPL27,Rpl27,Rpl27,one_to_one,True
RAB4A,Rab4a,Rab4a,one_to_one,True
SLU7,Slu7,Slu7,one_to_one,True
RPS2,Rps2,Rps2,one_to_one,True
ILDR1,Ildr1,,one_to_one,False
PLOD1,Plod1,Plod1,one_to_one,True
GFM1,Gfm1,Gfm1,one_to_one,True
SERP1,Serp1,Serp1,one_to_one,True
MS4A4E,Ms4a4a,,ambiguous_orthology,False
MS4A4A,Ms4a4a,,ambiguous_orthology,False
MS4A8,Ms4a8a,,one_to_one,False
MS4A18,Ms4a18,,one_to_one,False
FKTN,Fktn,Fktn,one_to_one,True
FCER1G,Fcer1g,Fcer1g,one_to_one,True
PFAS,Pfas,Pfas,one_to_one,True
LCOR,Lcor,Lcor,one_to_one,True
PISD,Pisd,Pisd,one_to_one,True
TP53RK,Trp53rka,Trp53rka,one_to_one,True
RPL13A,Rpl13a,Rpl13a,one_to_one,True
SPRYD7,Spryd7,Spryd7,one_to_one,True
NOLC1,Nolc1,Nolc1,one_to_one,True
SLC66A3,Slc66a3,Pqlc3,one_to_one,True
ZBTB48,Zbtb48,Zbtb48,one_to_one,True
EXT1,Ext1,Ext1,one_to_one,True
ARID1B,Arid1b,Arid1b,one_to_one,True
ZMYND19,Zmynd19,Zmynd19,one_to_one,True
HOXA9,Hoxa9,,one_to_one,False
GBX2,Gbx2,,one_to_one,False
SNRNP48,Snrnp48,Snrnp48,one_to_one,True
S100A16,S100a16,,one_to_one,False
SELENOO,Selenoo,Selenoo,one_to_one,True
MSL1,Msl1,Msl1,one_to_one,True
S1PR5,S1pr5,,one_to_one,False
TBC1D10A,Tbc1d10a,Tbc1d10a,one_to_one,True
ECE1,Ece1,Ece1,one_to_one,True
DHX37,Dhx37,Dhx37,one_to_one,True
ZC3H7B,Zc3h7b,Zc3h7b,one_to_one,True
MAT2A,Mat2a,Mat2a,one_to_one,True
MTIF3,Mtif3,Mtif3,one_to_one,True
SUMO1,Sumo1,Sumo1,one_to_one,True
LRRC4C,Lrrc4c,,one_to_one,False
TLCD4,Tlcd4,,one_to_one,False
NUCKS1,Nucks1,Nucks1,one_to_one,True
NAF1,Naf1,Naf1,one_to_one,True
STC2,Stc2,Stc2,one_to_one,True
GTF2F1,Gtf2f1,Gtf2f1,one_to_one,True
SAR1A,Sar1a,Sar1a,one_to_one,True
ECSIT,Ecsit,Ecsit,one_to_one,True
AGPAT3,Agpat3,Agpat3,one_to_one,True
HERC2,Herc2,Herc2,one_to_one,True
TRAF2,Traf2,Traf2,one_to_one,True
CCNA1,Ccna1,,one_to_one,False
EIF2B5,Eif2b5,Eif2b5,one_to_one,True
TFIP11,Tfip11,Tfip11,one_to_one,True
EIF4ENIF1,Eif4enif1,Eif4enif1,one_to_one,True
TMEM51,Tmem51,,one_to_one,False
PRSS27,Prss27,,one_to_one,False
PRSS30P,Prss30,,one_to_one,False
TPSG1,Tpsg1,,one_to_one,False
HROB,Hrob,,one_to_one,False
PGAM4,Pgam1,Pgam1,ambiguous_orthology,False
PGAM1,Pgam1,Pgam1,ambiguous_orthology,False
GK5,Gk5,Gk5,one_to_one,True
PCMTD1,Pcmtd1,Pcmtd1,one_to_one,True
TOP1,Top1,Top1,one_to_one,True
SPG7,Spg7,Spg7,one_to_one,True
MICALL2,Micall2,,one_to_one,False
CCDC18,Ccdc18,Ccdc18,one_to_one,True
AGPS,Agps,Agps,one_to_one,True
RFNG,Rfng,Rfng,one_to_one,True
ACAT1,Acat1,Acat1,one_to_one,True
PPP6R2,Ppp6r2,Ppp6r2,one_to_one,True
DCUN1D1,Tes3-ps,,one_to_one,False
DCUN1D1,Dcun1d1,Dcun1d1,one_to_one,True
BAG4,Bag4,Bag4,one_to_one,True
NANOG,Nanog,,ambiguous_orthology,False
NANOGP8,Nanog,,ambiguous_orthology,False
NANOGP1,Nanog,,ambiguous_orthology,False
CAVIN1,Cavin1,,one_to_one,False
TBP,Tbp,Tbp,one_to_one,True
NCK2,Nck2,Nck2,one_to_one,True
C6orf136,2310061I04Rik,2310061I04Rik,one_to_one,True
RNPEPL1,Rnpepl1,Rnpepl1,one_to_one,True
ZFHX3,Zfhx3,,one_to_one,False
NUP153,Nup153,Nup153,one_to_one,True
FKBP14,Fkbp14,,one_to_one,False
CIDEC,Cidec,,one_to_one,False
PROM2,Prom2,,one_to_one,False
HNRNPAB,Hnrnpab,Hnrnpab,one_to_one,True
SI,Sis,,one_to_one,False
MGAM,Mgam,,one_to_one,False
MGAM2,Mgam2-ps,,one_to_one,False
RIMOC1,Rimoc1,AW549877,one_to_one,True
OLFM5P,Olfm5,,one_to_one,False
OLFM4,Olfm4,,one_to_one,False
SLC13A5,Slc13a5,,one_to_one,False
HEXIM2,Hexim2,,one_to_one,False
HEXIM1,Hexim1,Hexim1,one_to_one,True
TIMM13,Timm13,Timm13,one_to_one,True
MFSD12,Mfsd12,Mfsd12,one_to_one,True
C1S,C1s1,,one_to_one,False
C1S,C1s2,,one_to_one,False
NUPR1,Nupr1,,one_to_one,False
SLC15A1,Slc15a1,,one_to_one,False
FBXO28,Fbxo28,Fbxo28,one_to_one,True
CHPT1,Chpt1,Chpt1,one_to_one,True
TSKU,Tsku,,one_to_one,False
RASA1,Rasa1,Rasa1,one_to_one,True
SGPP1,Sgpp1,Sgpp1,one_to_one,True
SLC41A1,Slc41a1,Slc41a1,one_to_one,True
SLC2A9,Slc2a9,Slc2a9,one_to_one,True
RDH13,Rdh13,Rdh13,one_to_one,True
HABP2,Habp2,,one_to_one,False
ZC3HAV1,Zc3hav1,Zc3hav1,one_to_one,True
SST,Sst,,one_to_one,False
GSTO1,Gsto1,Gsto1,one_to_one,True
AKR1C1,Akr1c19,,ambiguous_orthology,False
AKR1C3,Akr1c19,,ambiguous_orthology,False
AKR1C2,Akr1c19,,ambiguous_orthology,False
AKR1C4,Akr1c19,,ambiguous_orthology,False
AKR1C1,Akr1cl,,ambiguous_orthology,False
AKR1C3,Akr1cl,,ambiguous_orthology,False
AKR1C2,Akr1cl,,ambiguous_orthology,False
AKR1C4,Akr1cl,,ambiguous_orthology,False
ABCG2,Abcg2,,one_to_one,False
ABCG2,Abcg3,Abcg3,one_to_one,True
IFI44L,Ifi44l,,one_to_one,False
CNOT7,Cnot7,Cnot7,one_to_one,True
HIPK3,Hipk3,Hipk3,one_to_one,True
C1orf115,C130074G19Rik,,one_to_one,False
GRAMD4,Gramd4,Gramd4,one_to_one,True
SAC3D1,Sac3d1,Sac3d1,one_to_one,True
LAPTM4B,Laptm4b,Laptm4b,one_to_one,True
ECI2,Eci2,Eci2,one_to_one,True
ECI2,Eci3,,one_to_one,True
ZNF518A,Zfp518a,Zfp518a,one_to_one,True
ZXDC,Zxdc,Zxdc,one_to_one,True
ZXDB,Zxdb,Zxdb,ambiguous_orthology,False
ZXDA,Zxdb,Zxdb,ambiguous_orthology,False
MIER2,Mier2,Mier2,one_to_one,True
HHIP,Hhip,,one_to_one,False
FDX2,Fdx2,Fdx2,one_to_one,True
SLC14A2,Slc14a2,,one_to_one,False
SLC14A1,Slc14a1,Slc14a1,one_to_one,True
YOD1,Yod1,Yod1,one_to_one,True
ALMS1,Alms1,Alms1,one_to_one,True
ZDHHC24,Zdhhc24,Zdhhc24,one_to_one,True
SUV39H1,Suv39h1,Suv39h1,one_to_one,True
TNKS,Tnks,Tnks,one_to_one,True
PXMP4,Pxmp4,Pxmp4,one_to_one,True
BLZF1,Blzf1,Blzf1,one_to_one,True
NF1,Nf1,Nf1,one_to_one,True
TMED10,Tmed10,Tmed10,one_to_one,True
PPP1CC,Ppp1cc,Ppp1cc,one_to_one,True
ESF1,Esf1,Esf1,one_to_one,True
PPP4R2,Ppp4r2,Ppp4r2,one_to_one,True
PIP4P1,Pip4p1,Pip4p1,one_to_one,True
GRAMD1C,Gramd1c,Gramd1c,one_to_one,True
ING2,Ing2,Ing2,one_to_one,True
RBM46,Rbm46,,one_to_one,False
ZNF839,Zfp839,,one_to_one,False
RBM12B,Rbm12b2,Rbm12b2,one_to_one,True
RBM12B,Rbm12b1,Rbm12b1,one_to_one,True
ARHGAP21,Arhgap21,,one_to_one,False
EEF1E1,Eef1e1,Eef1e1,one_to_one,True
MALSU1,Malsu1,Malsu1,one_to_one,True
RBMS1,Rbms1,Rbms1,one_to_one,True
MN1,Mn1,,one_to_one,False
PACSIN1,Pacsin1,Pacsin1,one_to_one,True
ARL8A,Arl8a,Arl8a,one_to_one,True
EDC4,Edc4,Edc4,one_to_one,True
RPUSD1,Rpusd1,Rpusd1,one_to_one,True
OGA,Oga,Oga,one_to_one,True
OLA1,Ola1,Ola1,one_to_one,True
ZNF740,Zfp740,Zfp740,one_to_one,True
CBY3,Cby3,,one_to_one,False
CBY1,Cby1,Cby1,one_to_one,True
RPL31,Rpl31,Rpl31,one_to_one,True
DECR1,Decr1,Decr1,one_to_one,True
GOPC,Gopc,Gopc,one_to_one,True
NAT9,Nat9,Nat9,one_to_one,True
HMG20A,Hmg20a,Hmg20a,one_to_one,True
PNKP,Pnkp,Pnkp,one_to_one,True
CCNK,Ccnk,Ccnk,one_to_one,True
TMEM106A,Tmem106a,Tmem106a,one_to_one,True
C1QTNF2,C1qtnf2,,one_to_one,False
IER5L,Ier5l,Ier5l,one_to_one,True
LRRC47,Lrrc47,Lrrc47,one_to_one,True
CREB3L2,Creb3l2,Creb3l2,one_to_one,True
FRMD3,Frmd3,,one_to_one,False
SLC40A1,Slc40a1,,one_to_one,False
FEZF2,Fezf2,,one_to_one,False
NR5A2,Nr5a2,,one_to_one,False
NR5A1,Nr5a1,,one_to_one,False
FGD4,Fgd4,,one_to_one,False
FGD5,Fgd5,Fgd5,one_to_one,True
FGF1,Fgf1,,one_to_one,False
FGF11,Fgf11,,one_to_one,False
FGF12,Fgf12,,one_to_one,False
FGF13,Fgf13,Fgf13,one_to_one,True
FGF17,Fgf17,,one_to_one,False
FGF18,Fgf18,,one_to_one,False
FGF6,Fgf6,,one_to_one,False
FGFBP1,Fgfbp1,,one_to_one,False
CEP43,Cep43,Fgfr1op,one_to_one,True
FGFRL1,Fgfrl1,,one_to_one,False
FGL1,Fgl1,,one_to_one,False
FGL2,Fgl2,Fgl2,one_to_one,True
APTX,Aptx,Aptx,one_to_one,True
TMEM178B,Tmem178b,,one_to_one,False
PGD,Pgd,Pgd,one_to_one,True
RBM25,Rbm25,Rbm25,one_to_one,True
GRIP2,Grip2,,one_to_one,False
ZNF710,Zfp710,Zfp710,one_to_one,True
MYCLP1,Mycl,,ambiguous_orthology,False
MYCL,Mycl,,ambiguous_orthology,False
RBM44,Rbm44,,one_to_one,False
CARS2,Cars2,Cars2,one_to_one,True
ICE1,Ice1,Ice1,one_to_one,True
TWNK,Twnk,Twnk,one_to_one,True
MEMO1,Memo1,Memo1,one_to_one,True
DSP,Dsp,,one_to_one,False
TUBA8,Tuba8,,one_to_one,False
TUBAL3,Tubal3,,one_to_one,False
CITED1,Cited1,,one_to_one,False
IRAG2,Irag2,Lrmp,one_to_one,True
RRAD,Rrad,Rrad,one_to_one,True
SYBU,Sybu,,one_to_one,False
ZPLD2P,Zpld2,,one_to_one,False
TUFM,Tufm,Tufm,one_to_one,True
RNMT,Rnmt,Rnmt,one_to_one,True
METTL16,Mettl16,Mettl16,one_to_one,True
CNTN5,Cntn5,,one_to_one,False
JADE1,Jade1,Jade1,one_to_one,True
RMP64,Rmp64,Nepro,one_to_one,True
SLC12A8,Slc12a8,,one_to_one,False
RASA2,Rasa2,Rasa2,one_to_one,True
WIZ,Wiz,Wiz,one_to_one,True
F10,F10,,one_to_one,False
ATF6,Atf6,Atf6,one_to_one,True
CRACD,Cracd,,one_to_one,False
PSAT1,Psat1,Psat1,one_to_one,True
USP37,Usp37,Usp37,one_to_one,True
PDLIM2,Pdlim2,Pdlim2,one_to_one,True
GABPB2,Gabpb2,Gabpb2,one_to_one,True
TRAF6,Traf6,Traf6,one_to_one,True
CFDP1,Cfdp1,Cfdp1,one_to_one,True
USP42,Usp42,Usp42,one_to_one,True
BUB1B,Bub1b,Bub1b,one_to_one,True
ANKRD12,Ankrd12,Ankrd12,one_to_one,True
CCDC82,Ccdc82,Ccdc82,one_to_one,True
KAT7,Kat7,Kat7,one_to_one,True
HIRIP3,Hirip3,Hirip3,one_to_one,True
ATAD2,Atad2,Atad2,one_to_one,True
RAB3D,Rab3d,Rab3d,one_to_one,True
SBSN,Sbsn,Sbsn,one_to_one,True
PPP1R3G,Ppp1r3g,,one_to_one,False
GRM4,Grm4,,one_to_one,False
PRX,Prx,,one_to_one,False
IL1RAPL1,Il1rapl1,,one_to_one,False
SNAPC4,Snapc4,Snapc4,one_to_one,True
MEP1B,Mep1b,,one_to_one,False
TK1,Tk1,Tk1,one_to_one,True
INTS14,Ints14,Ints14,one_to_one,True
TRIOBP,Triobp,Triobp,one_to_one,True
FEM1A,Fem1al,,one_to_one,False
FEM1A,Fem1a,Fem1a,one_to_one,True
RSF1,Rsf1,Rsf1,one_to_one,True
PABPC1L,Pabpc1l,,one_to_one,False
PHF20L1,Phf20l1,Phf20l1,one_to_one,True
SPNS2,Spns2,,one_to_one,False
KPNA7,Kpna7,,one_to_one,False
ZNF652,Zfp652,Zfp652,one_to_one,True
MRPS16,Mrps16,Mrps16,one_to_one,True
GNAI2,Gnai2,Gnai2,one_to_one,True
OSBPL5,Osbpl5,Osbpl5,one_to_one,True
ZFP36L2,Zfp36l2,Zfp36l2,one_to_one,True
ZDHHC13,Zdhhc13,Zdhhc13,one_to_one,True
CDC50A,Cdc50a,Tmem30a,one_to_one,True
LENG9,Leng9,Leng9,one_to_one,True
TWSG1,Twsg1,Twsg1,one_to_one,True
GINM1,Ginm1,Ginm1,one_to_one,True
SLC20A2,Slc20a2,Slc20a2,one_to_one,True
SSH1,Ssh1,Ssh1,one_to_one,True
XPO6,Xpo6,Xpo6,one_to_one,True
SMIM12,Smim12,Smim12,one_to_one,True
VWA1,Vwa1,,one_to_one,False
RBM38,Rbm38,Rbm38,one_to_one,True
DTX3,Dtx3,Dtx3,one_to_one,True
BRDT,Brdt,,one_to_one,False
MIER1,Mier1,Mier1,one_to_one,True
IL11RA,Il11ra3,,one_to_one,False
IL11RA,Il11ra2,,one_to_one,False
IL11RA,Il11ra1,Il11ra1,one_to_one,True
EXOC3,Exoc3,Exoc3,one_to_one,True
AHNAK,Ahnak,Ahnak,one_to_one,True
ZNF438,Zfp438,Zfp438,one_to_one,True
TLE3,Tle3,Tle3,one_to_one,True
GTPBP4,Gtpbp4,Gtpbp4,one_to_one,True
PROSER3,Proser3,Proser3,one_to_one,True
TAF5L,Taf5l,Taf5l,one_to_one,True
TBC1D16,Tbc1d16,Tbc1d16,one_to_one,True
PBX1,Pbx1,,one_to_one,False
MANEA,Manea,Manea,one_to_one,True
RNF168,Rnf168,Rnf168,one_to_one,True
GDPD5,Gdpd5,Gdpd5,one_to_one,True
NAA15,Naa15,Naa15,one_to_one,True
MYOT,Myot,,one_to_one,False
TMEM39B,Tmem39b,Tmem39b,one_to_one,True
BCAN,Bcan,,one_to_one,False
KIAA1328,AW554918,AW554918,one_to_one,True
SASH1,Sash1,,one_to_one,False
LRRC40,Lrrc40,Lrrc40,one_to_one,True
ANKRD54,Ankrd54,Ankrd54,one_to_one,True
IGBP1C,Igbp1b,,one_to_one,False
IGBP1,Igbp1,Igbp1,ambiguous_orthology,False
IGBP1C,Igbp1,Igbp1,ambiguous_orthology,False
ANKLE2,Ankle2,Ankle2,one_to_one,True
FAM43A,Fam43a,,one_to_one,False
MKNK2,Mknk2,Mknk2,one_to_one,True
ASH1L,Ash1l,Ash1l,one_to_one,True
ROR1,Ror1,,one_to_one,False
BAZ1A,Baz1a,Baz1a,one_to_one,True
HGS,Hgs,Hgs,one_to_one,True
ALDH8A1,Aldh8a1,,one_to_one,False
TMEM131L,Tmem131l,Tmem131l,one_to_one,True
BMP15,Bmp15,,one_to_one,False
SPSB1,Spsb1,Spsb1,one_to_one,True
ACP2,Acp2,Acp2,one_to_one,True
NAPG,Napg,Napg,one_to_one,True
RNF34,Rnf34,Rnf34,one_to_one,True
GPR75-ASB3,Asb3,Asb3,ambiguous_orthology,False
ASB3,Asb3,Asb3,ambiguous_orthology,False
PRRC1,Prrc1,Prrc1,one_to_one,True
ZRANB1,Zranb1,Zranb1,one_to_one,True
PPP1R12C,Ppp1r12c,Ppp1r12c,one_to_one,True
MLST8,Mlst8,Mlst8,one_to_one,True
ENTPD3,Entpd3,,one_to_one,False
SOX1,Sox1,,one_to_one,False
ELP4,Elp4,Elp4,one_to_one,True
AGK,Agk,Agk,one_to_one,True
NUFIP1,Nufip1,Nufip1,one_to_one,True
CCDC71,Ccdc71,Ccdc71,one_to_one,True
FAN1,Fan1,Fan1,one_to_one,True
ARAP1,Arap1,Arap1,one_to_one,True
GPR137C,Gpr137c,Gpr137c,one_to_one,True
MARK3,Mark3,Mark3,one_to_one,True
FAM174C,Fam174c,1600002K03Rik,one_to_one,True
ZNF644,Zfp644,Zfp644,one_to_one,True
IBTK,Ibtk,Ibtk,one_to_one,True
ORC3,Orc3,Orc3,one_to_one,True
SLC25A32,Slc25a32,Slc25a32,one_to_one,True
CIP2A,Cip2a,Cip2a,one_to_one,True
YARS2,Yars2,Yars2,one_to_one,True
CCNYL3,Ccnyl1,Ccnyl1,ambiguous_orthology,False
CCNYL1,Ccnyl1,Ccnyl1,ambiguous_orthology,False
CCNYL2,Ccnyl1,Ccnyl1,ambiguous_orthology,False
TPCN2,Tpcn2,Tpcn2,one_to_one,True
ADAD1,Adad1,,one_to_one,False
SH3RF1,Sh3rf1,Sh3rf1,one_to_one,True
LCORL,Lcorl,Lcorl,one_to_one,True
FAM114A2,Fam114a2,Fam114a2,one_to_one,True
ARID2,Arid2,Arid2,one_to_one,True
ZMPSTE24,Zmpste24,Zmpste24,one_to_one,True
WRAP73,Wrap73,Wrap73,one_to_one,True
ZDHHC18,Zdhhc18,Zdhhc18,one_to_one,True
IARS1,Iars1,Iars,one_to_one,True
SLC43A1,Slc43a1,,one_to_one,False
TP53I11,Trp53i11,Trp53i11,one_to_one,True
BUD13,Bud13,Bud13,one_to_one,True
NKX2-4,Nkx2-4,,one_to_one,False
UGP2,Ugp2,Ugp2,one_to_one,True
ADSL,Adsl,Adsl,one_to_one,True
BAZ1B,Baz1b,Baz1b,one_to_one,True
PLCH2,Plch2,,one_to_one,False
TGM1,Tgm1,,one_to_one,False
STAU1,Stau1,Stau1,one_to_one,True
NOBOX,Nobox,,one_to_one,False
ZNF668,Zfp668,Zfp668,one_to_one,True
EXD2,Exd2,Exd2,one_to_one,True
PRR14L,Prr14l,Prr14l,one_to_one,True
CCNT1,Ccnt1,Ccnt1,one_to_one,True
NELFA,Nelfa,Nelfa,one_to_one,True
VCAM1,Vcam1,,one_to_one,False
MED15,Med15,Med15,one_to_one,True
GPR107,Gpr107,Gpr107,one_to_one,True
NFRKB,Nfrkb,Nfrkb,one_to_one,True
LIPT1,Lipt1,Lipt1,one_to_one,True
ANGPTL4,Angptl4,Angptl4,one_to_one,True
FIBCD1,Fibcd1,,one_to_one,False
FIBP,Fibp,Fibp,one_to_one,True
FIGLA,Figla,,one_to_one,False
FIG4,Fig4,Fig4,one_to_one,True
VEGFD,Vegfd,,one_to_one,False
EDAR,Edar,,one_to_one,False
FIP1L1,Fip1l1,Fip1l1,one_to_one,True
FITM1,Fitm1,,one_to_one,False
SPATA20,Spata20,,one_to_one,False
NMI,Nmi,Nmi,one_to_one,True
RPL5,Rpl5,Rpl5,one_to_one,True
FKBP1C,Fkbp1a,Fkbp1a,ambiguous_orthology,False
FKBP1A,Fkbp1a,Fkbp1a,ambiguous_orthology,False
MAK,Mak,,one_to_one,False
ALG11,Alg11,Alg11,one_to_one,True
MSLN,Msln,,one_to_one,False
MMP9,Mmp9,Mmp9,one_to_one,True
MDH1,Mdh1,Mdh1,one_to_one,True
PCSK7,Pcsk7,Pcsk7,one_to_one,True
H2BC11,H2bc21,Hist2h2be,one_to_one,True
H2BC13,H2bc22,,one_to_one,False
H2BC13,H2bc11,Hist1h2bj,one_to_one,True
H2BC5,H2bc9,,one_to_one,False
H2BC4,H2bc8,,ambiguous_orthology,False
H2BC7,H2bc8,,ambiguous_orthology,False
H2BC21,H2bc8,,ambiguous_orthology,False
H2BC10,H2bc8,,ambiguous_orthology,False
H2BC5,H2bc8,,ambiguous_orthology,False
H2BC8,H2bc8,,ambiguous_orthology,False
H2BC6,H2bc8,,ambiguous_orthology,False
H2BC13,H2bc7,,one_to_one,True
H2BC13,H2bc12,,one_to_one,True
H2BC13,H2bc15,,one_to_one,True
H2BC13,H2bc24,,one_to_one,True
H2BC4,H2bc6,Hist1h2be,ambiguous_orthology,False
H2BC7,H2bc6,Hist1h2be,ambiguous_orthology,False
H2BC21,H2bc6,Hist1h2be,ambiguous_orthology,False
H2BC10,H2bc6,Hist1h2be,ambiguous_orthology,False
H2BC5,H2bc6,Hist1h2be,ambiguous_orthology,False
H2BC8,H2bc6,Hist1h2be,ambiguous_orthology,False
H2BC6,H2bc6,Hist1h2be,ambiguous_orthology,False
H2BC3,H2bc3,,one_to_one,False
H2BC18,H2bc18,Hist2h2bb,one_to_one,True
H2BC5,H2bc14,,one_to_one,False
H2BC26,H2bc26,,one_to_one,False
H2BC13,H2bc23,,one_to_one,True
H2BC13,H2bc13,,one_to_one,True
H2BC4,H2bc4,Hist1h2bc,ambiguous_orthology,False
H2BC7,H2bc4,Hist1h2bc,ambiguous_orthology,False
H2BC21,H2bc4,Hist1h2bc,ambiguous_orthology,False
H2BC10,H2bc4,Hist1h2bc,ambiguous_orthology,False
H2BC5,H2bc4,Hist1h2bc,ambiguous_orthology,False
H2BC8,H2bc4,Hist1h2bc,ambiguous_orthology,False
H2BC6,H2bc4,Hist1h2bc,ambiguous_orthology,False
H2BC27P,H2bc27,Hist3h2ba,one_to_one,True
EEF1B2,Eef1b2,Eef1b2,one_to_one,True
KRT33A,Krt34,,ambiguous_orthology,False
KRT34,Krt34,,ambiguous_orthology,False
KRT33B,Krt34,,ambiguous_orthology,False
KRT31,Krt34,,ambiguous_orthology,False
CFAP74,Cfap74,Cfap74,one_to_one,True
SHROOM2,Shroom2,,one_to_one,False
MPEG1,Mpeg1,,one_to_one,False
MPEG1,Pfpl,,one_to_one,False
SOCS3,Socs3,Socs3,one_to_one,True
CCNC,Ccnc,Ccnc,one_to_one,True
MFAP4,Mfap4,,one_to_one,False
RABGGTB,Rabggtb,Rabggtb,one_to_one,True
GRN,Grn,Grn,one_to_one,True
ZNF646,Zfp646,Zfp646,one_to_one,True
IFI27,Ifi27l2a,Ifi27l2a,ambiguous_orthology,False
IFI27L2,Ifi27l2a,Ifi27l2a,ambiguous_orthology,False
IFI27L1,Ifi27l2a,Ifi27l2a,ambiguous_orthology,False
IFI27,Ifi27,Ifi27,ambiguous_orthology,False
IFI27L2,Ifi27,Ifi27,ambiguous_orthology,False
IFI27L1,Ifi27,Ifi27,ambiguous_orthology,False
CFAP52,Cfap52,,one_to_one,False
NFKBIA,Nfkbia,Nfkbia,one_to_one,True
IFT38,Ift38,Cluap1,one_to_one,True
PLPP2,Plpp2,Plpp2,one_to_one,True
PCOLCE,Pcolce,,one_to_one,False
ZFAND3,Zfand3,Zfand3,one_to_one,True
PARP3,Parp3,Parp3,one_to_one,True
LAMTOR4,Lamtor4,Lamtor4,one_to_one,True
TNRC6C,Tnrc6c,Tnrc6c,one_to_one,True
G3BP1,G3bp1,G3bp1,one_to_one,True
EFHD1,Efhd1,,one_to_one,False
CIMAP1B,Cimap1b,,one_to_one,False
CIMAP1A,Cimap1a,,one_to_one,False
PCDH18,Pcdh18,,one_to_one,False
VSIG10,Vsig10,,one_to_one,False
MAN1A2,Man1a2,Man1a2,one_to_one,True
TMC4,Tmc4,Tmc4,one_to_one,True
NRSN1,Nrsn1,,one_to_one,False
PFKFB2,Pfkfb2,Pfkfb2,one_to_one,True
TRAK2,Trak2,Trak2,one_to_one,True
TEC,Tec,Tec,one_to_one,True
KRT83,Krt83,Krt83,one_to_one,True
KRT78,Krt78,,one_to_one,False
KRT83,Krt87,,ambiguous_orthology,True
KRT81,Krt87,,ambiguous_orthology,False
KRT87P,Krt87,,ambiguous_orthology,False
KRT86,Krt87,,ambiguous_orthology,False
KRT81,Krt81,,one_to_one,False
KRT86,Krt86,,one_to_one,False
KRT82,Krt82,,one_to_one,False
KRT85,Krt85,,one_to_one,False
TESK1,Tesk1,Tesk1,one_to_one,True
PTPN6,Ptpn6,Ptpn6,one_to_one,True
MX2,Mx2,,ambiguous_orthology,False
MX1,Mx2,,ambiguous_orthology,False
PTPRF,Ptprf,,one_to_one,False
THRB,Thrb,,one_to_one,False
WDR83,Wdr83,Wdr83,one_to_one,True
CLDND1,Cldnd1,Cldnd1,one_to_one,True
RGS5,Rgs5,,one_to_one,False
ROGDI,Rogdi,Rogdi,one_to_one,True
OXT,Oxt,,one_to_one,False
TUBB4A,Tubb4a,,one_to_one,False
TMEM50A,Tmem50a,Tmem50a,one_to_one,True
TMEM50B,Tmem50b,Tmem50b,one_to_one,True
NME6,Nme6,Nme6,one_to_one,True
HEXD,Hexd,Hexdc,one_to_one,True
IKBKG,Ikbkg,Ikbkg,one_to_one,True
SLAIN1,Slain1,Slain1,one_to_one,True
VPS36,Vps36,Vps36,one_to_one,True
TBC1D10B,Tbc1d10b,Tbc1d10b,one_to_one,True
UACA,Uaca,,one_to_one,False
NAA38,Naa38,Naa38,one_to_one,True
GAS6,Gas6,,one_to_one,False
PIANP,Pianp,,one_to_one,False
OTOF,Otof,,one_to_one,False
TSC22D1,Tsc22d1,Tsc22d1,one_to_one,True
TSPAN3,Tspan3,Tspan3,one_to_one,True
CHPF2,Chpf2,Chpf2,one_to_one,True
CTXN2,Ctxn2,,one_to_one,False
ITM2C,Itm2c,Itm2c,one_to_one,True
GGCT,Ggct,Ggct,one_to_one,True
IRF2BP2,Irf2bp2,Irf2bp2,one_to_one,True
FAM78B,Fam78b,Fam78b,one_to_one,True
MAPRE3,Mapre3,Mapre3,one_to_one,True
ARFIP2,Arfip2,Arfip2,one_to_one,True
KIDINS220,Kidins220,Kidins220,one_to_one,True
R3HDM1,R3hdm1,R3hdm1,one_to_one,True
PRRT4,Prrt4,,one_to_one,False
EMSY,Emsy,Emsy,one_to_one,True
HTR6,Htr6,,one_to_one,False
ZIC4,Zic4,,one_to_one,False
KLF15,Klf15,,one_to_one,False
CLPP,Clpp,Clpp,one_to_one,True
PMCHL2,Pmch,,ambiguous_orthology,False
PMCH,Pmch,,ambiguous_orthology,False
PMCHL1,Pmch,,ambiguous_orthology,False
SEMA3E,Sema3e,,one_to_one,False
SEPTIN5,Septin5,,one_to_one,False
TPTEP2-CSNK1E,Csnk1e,Csnk1e,ambiguous_orthology,False
CSNK1E,Csnk1e,Csnk1e,ambiguous_orthology,False
PDYN,Pdyn,,one_to_one,False
NPDC1,Npdc1,,one_to_one,False
OSGEP,Osgep,Osgep,one_to_one,True
RAB5A,Rab5a,Rab5a,one_to_one,True
GRM1,Grm1,,one_to_one,False
HPDL,Hpdl,,one_to_one,False
CPNE2,Cpne2,Cpne2,one_to_one,True
MLF2,Mlf2,Mlf2,one_to_one,True
PPFIA2,Ppfia2,,one_to_one,False
AP1S2,Ap1s2,Ap1s2,one_to_one,True
CYP39A1,Cyp39a1,,one_to_one,False
NICOL1,Nicol1,,one_to_one,False
SRD5A3,Srd5a3,Srd5a3,one_to_one,True
GOT2,Got2,Got2,one_to_one,True
SFT2D3,Sft2d3,Sft2d3,one_to_one,True
LIN7B,Lin7b,,one_to_one,False
GYPC,Gypc,Gypc,one_to_one,True
PTPRU,Ptpru,,one_to_one,False
IL12B,Il12b,,one_to_one,False
PSMD4,Psmd4,Psmd4,one_to_one,True
HBB,Hbb-bt,,ambiguous_orthology,False
HBD,Hbb-bt,,ambiguous_orthology,False
HBB,Hbb-bs,,ambiguous_orthology,False
HBD,Hbb-bs,,ambiguous_orthology,False
HBB,Hbb-b2,,ambiguous_orthology,False
HBD,Hbb-b2,,ambiguous_orthology,False
HBG1,Hbb-bh1,,ambiguous_orthology,False
HBG2,Hbb-bh1,,ambiguous_orthology,False
HBG1,Hbb-bh0,,ambiguous_orthology,False
HBG2,Hbb-bh0,,ambiguous_orthology,False
HBB,Hbb-b1,,ambiguous_orthology,False
HBD,Hbb-b1,,ambiguous_orthology,False
RCBTB1,Rcbtb1,Rcbtb1,one_to_one,True
USE1,Use1,Use1,one_to_one,True
PER2,Per2,Per2,one_to_one,True
SMAD2,Smad2,Smad2,one_to_one,True
C2CD5,C2cd5,C2cd5,one_to_one,True
SLC6A1,Slc6a1,,one_to_one,False
STXBP1,Stxbp1,Stxbp1,one_to_one,True
DPF3,Dpf3,,one_to_one,False
LRRC4,Lrrc4,,one_to_one,False
ATL1,Atl1,,one_to_one,False
SEMA6A,Sema6a,,one_to_one,False
SDHB,Sdhb,Sdhb,one_to_one,True
ZNF219,Zfp219,Zfp219,one_to_one,True
C11orf87,AI593442,,one_to_one,False
PPP3CA,Ppp3ca,Ppp3ca,one_to_one,True
CREBZF,Crebzf,Crebzf,one_to_one,True
DNAJC18,Dnajc18,Dnajc18,one_to_one,True
NDST1,Ndst1,Ndst1,one_to_one,True
PLP2,Plp2,Plp2,one_to_one,True
NELL2,Nell2,,one_to_one,False
SNN,Snn,,one_to_one,False
INSYN1,Insyn1,,one_to_one,False
CUL2,Cul2,Cul2,one_to_one,True
TRIM9,Trim9,,one_to_one,False
WDR41,Wdr41,Wdr41,one_to_one,True
KSR2,Ksr2,,one_to_one,False
TCEA1,Tcea1,Tcea1,one_to_one,True
MICOS10,Micos10,Micos10,one_to_one,True
NEUROD2,Neurod2,,one_to_one,False
BNIP3,Bnip3,Bnip3,one_to_one,True
VGF,Vgf,,one_to_one,False
CNOT11,Cnot11,Cnot11,one_to_one,True
NDUFB4,Ndufb4,Ndufb4,one_to_one,True
NDUFB4,Ndufb4b,,one_to_one,True
MADD,Madd,Madd,one_to_one,True
ARHGAP42,Arhgap42,,one_to_one,False
VSTM2B,Vstm2b,,one_to_one,False
TARBP2,Tarbp2,Tarbp2,one_to_one,True
HAPLN2,Hapln2,,one_to_one,False
ABCC5,Abcc5,Abcc5,one_to_one,True
UTP11,Utp11,Utp11,one_to_one,True
WDR37,Wdr37,Wdr37,one_to_one,True
NPFFR1,Npffr1,,one_to_one,False
CALB1,Calb1,,one_to_one,False
MYL1,Myl1,,one_to_one,False
TLCD5,Tlcd5,,one_to_one,False
MRPL40,Mrpl40,Mrpl40,one_to_one,True
TPST1,Tpst1,Tpst1,one_to_one,True
CTTNBP2,Cttnbp2,,one_to_one,False
KIF2A,Kif2a,Kif2a,one_to_one,True
MPND,Mpnd,Mpnd,one_to_one,True
UBE2QL1,Ube2ql1,,one_to_one,False
NR2E3,Nr2e3,,one_to_one,False
ACSBG2,Acsbg2,,one_to_one,False
ECHS1,Echs1,Echs1,one_to_one,True
RAB3GAP1,Rab3gap1,Rab3gap1,one_to_one,True
BEGAIN,Begain,,one_to_one,False
TTYH3,Ttyh3,Ttyh3,one_to_one,True
NCAM1,Ncam1,,one_to_one,False
CDR2L,Cdr2l,,one_to_one,False
DNAJC7,Dnajc7,Dnajc7,one_to_one,True
RBL1,Rbl1,Rbl1,one_to_one,True
GPHN,Gphn,Gphn,one_to_one,True
SLC6A17,Slc6a17,,one_to_one,False
PRKCE,Prkce,Prkce,one_to_one,True
PSD3,Psd3,,one_to_one,False
GABRB2,Gabrb2,,one_to_one,False
SOS1,Sos1,Sos1,one_to_one,True
RAPH1,Raph1,Raph1,one_to_one,True
SDK2,Sdk2,,one_to_one,False
QRICH1,Qrich1,Qrich1,one_to_one,True
MYLK,Mylk,,one_to_one,False
SEZ6,Sez6,,one_to_one,False
SMAD7,Smad7,Smad7,one_to_one,True
LOXL3,Loxl3,,one_to_one,False
SEL1L,Sel1l,Sel1l,one_to_one,True
SCG2,Scg2,,one_to_one,False
AMER3,Amer3,,one_to_one,False
SLC9A8,Slc9a8,Slc9a8,one_to_one,True
INO80C,Ino80c,Ino80c,one_to_one,True
SLC48A1,Slc48a1,Slc48a1,one_to_one,True
MRPL3,Mrpl3,Mrpl3,one_to_one,True
POP7,Pop7,Pop7,one_to_one,True
SYNGR2,Syngr2,Syngr2,one_to_one,True
TTBK2,Ttbk2,Ttbk2,one_to_one,True
HID1,Hid1,Hid1,one_to_one,True
SIN3B,Sin3b,Sin3b,one_to_one,True
GPR88,Gpr88,,one_to_one,False
RNF7,Rnf7,Rnf7,one_to_one,True
RNF7,Rnf7l,,one_to_one,True
MEAF6,Meaf6,Meaf6,one_to_one,True
NT5DC1,Nt5dc1,Nt5dc1,one_to_one,True
GNA13,Gna13,Gna13,one_to_one,True
SYS1,Sys1,Sys1,one_to_one,True
LSM7,Lsm7,Lsm7,one_to_one,True
TAF1C,Taf1c,Taf1c,one_to_one,True
PRMT2IP,Prmt2ip,1700017B05Rik,one_to_one,True
MOXD1,Moxd1,,one_to_one,False
COL4A1,Col4a1,,one_to_one,False
MXRA8,Mxra8,,one_to_one,False
AJUBA,Ajuba,Ajuba,one_to_one,True
RRS1,Rrs1,Rrs1,one_to_one,True
BCAT1,Bcat1,,one_to_one,False
UBAC1,Ubac1,Ubac1,one_to_one,True
SEPTIN7,Septin7,Sept7,one_to_one,True
SMG9,Smg9,Smg9,one_to_one,True
HOXB8,Hoxb8,,one_to_one,False
SLC22A7,Slc22a7,,one_to_one,False
FOXJ1,Foxj1,,one_to_one,False
SYNRG,Synrg,Synrg,one_to_one,True
ZC3H3,Zc3h3,Zc3h3,one_to_one,True
CFAP97,Cfap97,Cfap97,one_to_one,True
NUP35,Nup35,Nup35,one_to_one,True
RNF19A,Rnf19a,Rnf19a,one_to_one,True
NRIP2,Nrip2,,one_to_one,False
RCC1,Rcc1,Rcc1,one_to_one,True
STRADB,Stradb,Stradb,one_to_one,True
G6PD,G6pdx,G6pdx,one_to_one,True
G6PD,G6pd2,,one_to_one,True
PUS3,Pus3,Pus3,one_to_one,True
LNX1,Lnx1,,one_to_one,False
PWWP3A,Pwwp3a,Pwwp3a,one_to_one,True
PWWP3B,Pwwp3b,,one_to_one,False
PWWP4,Pwwp4d,,one_to_one,False
PWWP4,Pwwp4a,,one_to_one,False
PWWP4,Pwwp4b,,one_to_one,False
PWWP4,Pwwp4c,,one_to_one,False
SIK1,Sik1,Sik1,one_to_one,True
STARD8,Stard8,,one_to_one,False
SLC19A1,Slc19a1,Slc19a1,one_to_one,True
LNPK,Lnpk,Lnpk,one_to_one,True
SMUG1,Smug1,Smug1,one_to_one,True
MYO1C,Myo1c,Myo1c,one_to_one,True
SQOR,Sqor,Sqor,one_to_one,True
METTL3,Mettl3,Mettl3,one_to_one,True
RGS7BP,Rgs7bp,,one_to_one,False
CTDSP1,Ctdsp1,Ctdsp1,one_to_one,True
CORO1A,Coro1a,Coro1a,one_to_one,True
CHAC2,Chac2,Chac2,one_to_one,True
LYVE1,Lyve1,,one_to_one,False
FGR,Fgr,Fgr,one_to_one,True
STAT2,Stat2,Stat2,one_to_one,True
PSPC1,Pspc1,Pspc1,one_to_one,True
RELB,Relb,Relb,one_to_one,True
PLCG2,Plcg2,,one_to_one,False
RHBG,Rhbg,,one_to_one,False
MMP23B,Mmp23,,one_to_one,False
ARHGAP10,Arhgap10,Arhgap10,one_to_one,True
SPR,Spr,Spr,one_to_one,True
ZNF292,Zfp292,Zfp292,one_to_one,True
LZTR1,Lztr1,Lztr1,one_to_one,True
GSE1,Gse1,Gse1,one_to_one,True
PDE4B,Pde4b,Pde4b,one_to_one,True
PRR12,Prr12,Prr12,one_to_one,True
LRAT,Lrat,,one_to_one,False
MBNL2,Mbnl2,Mbnl2,one_to_one,True
LZTS2,Lzts2,,one_to_one,False
RIC8B,Ric8b,Ric8b,one_to_one,True
YIPF3,Yipf3,Yipf3,one_to_one,True
EIF2AK1,Eif2ak1,Eif2ak1,one_to_one,True
GLG1,Glg1,Glg1,one_to_one,True
ZZZ3,Zzz3,Zzz3,one_to_one,True
TDRD6,Tdrd6,,one_to_one,False
PHF21A,Phf21a,Phf21a,one_to_one,True
MUSK,Musk,,one_to_one,False
CAP1,Cap1,Cap1,one_to_one,True
AQP7,Aqp7,,ambiguous_orthology,False
AQP7B,Aqp7,,ambiguous_orthology,False
AQP7P3,Aqp7,,ambiguous_orthology,False
SENP1,Senp1,Senp1,one_to_one,True
NECTIN3,Nectin3,,one_to_one,False
ZP1,Zp1,,one_to_one,False
SMIM8,Smim8,Smim8,one_to_one,True
STRADA,Strada,Strada,one_to_one,True
MTA3,Mta3,Mta3,one_to_one,True
ARHGAP1,Arhgap1,Arhgap1,one_to_one,True
PITPNM3,Pitpnm3,,one_to_one,False
FAT2,Fat2,,one_to_one,False
SGTA,Sgta,Sgta,one_to_one,True
ARHGEF25,Arhgef25,,one_to_one,False
TOLLIP,Tollip,Tollip,one_to_one,True
SDF2,Sdf2,Sdf2,one_to_one,True
NRDC,Nrdc,Nrd1,one_to_one,True
SUSD6,Susd6,Susd6,one_to_one,True
PERP,Perp,,one_to_one,False
STX2,Stx2,Stx2,one_to_one,True
RIN3,Rin3,Rin3,one_to_one,True
NDUFAF1,Ndufaf1,Ndufaf1,one_to_one,True
RRP8,Rrp8,Rrp8,one_to_one,True
C19orf47,2310022A10Rik,2310022A10Rik,one_to_one,True
S100A14,S100a14,,one_to_one,False
S100A13,S100a13,S100a13,one_to_one,True
SCYL1,Scyl1,Scyl1,one_to_one,True
PLXNB2,Plxnb2,,one_to_one,False
KCTD4,Kctd4,,one_to_one,False
PEX26,Pex26,Pex26,one_to_one,True
FICD,Ficd,Ficd,one_to_one,True
SMIM7,Smim7,Smim7,one_to_one,True
COX7B,Cox7b,Cox7b,one_to_one,True
COX7B2,Cox7b2,,one_to_one,False
RDH14,Rdh14,Rdh14,one_to_one,True
MED21,Med21,Med21,one_to_one,True
DDX6,Ddx6,Ddx6,one_to_one,True
MTHFD1L,Mthfd1l,Mthfd1l,one_to_one,True
UQCR11,Uqcr11,Uqcr11,one_to_one,True
HOXD11,Hoxd11,,one_to_one,False
WDR48,Wdr48,Wdr48,one_to_one,True
FPGS,Fpgs,Fpgs,one_to_one,True
GTSF1,Gtsf1,,one_to_one,False
APLP2,Aplp2,Aplp2,one_to_one,True
RPRD2,Rprd2,Rprd2,one_to_one,True
RCVRN,Rcvrn,,one_to_one,False
TAPBPL,Tapbpl,Tapbpl,one_to_one,True
ARHGEF17,Arhgef17,,one_to_one,False
PTPN1,Ptpn1,Ptpn1,one_to_one,True
LACTBL1,Lactbl1,,one_to_one,False
GNAT1,Gnat1,,one_to_one,False
PLEKHB1,Plekhb1,,one_to_one,False
OPA1,Opa1,Opa1,one_to_one,True
RAPGEF5,Rapgef5,,one_to_one,False
QSOX1,Qsox1,Qsox1,one_to_one,True
FBN1,Fbn1,,one_to_one,False
CREM,Crem,Crem,one_to_one,True
RPP30,Rpp30,Rpp30,one_to_one,True
RIN2,Rin2,Rin2,one_to_one,True
EMX2,Emx2,,one_to_one,False
DYNC1H1,Dync1h1,Dync1h1,one_to_one,True
B4GALT4,B4galt4,,one_to_one,False
SERPINB6,Serpinb6e,,one_to_one,False
SERPINB6,Serpinb6d,,one_to_one,False
SERPINB8,Serpinb8,,one_to_one,False
SERPINB6,Serpinb6b,Serpinb6b,one_to_one,True
SERPINB9,Serpinb9c,,one_to_one,False
SERPINB6,Serpinb6a,Serpinb6a,one_to_one,True
SERPINB9,Serpinb9,Serpinb9,one_to_one,True
SERPINB9,Serpinb9b,,one_to_one,True
SERPINB6,Serpinb6c,,one_to_one,True
PPME1,Ppme1,Ppme1,one_to_one,True
TANC2,Tanc2,,one_to_one,False
HEYL,Heyl,,one_to_one,False
PRSS29P,Prss29,,one_to_one,False
SLC38A5,Slc38a5,,one_to_one,False
SATB1,Satb1,Satb1,one_to_one,True
RASSF10,Rassf10,,one_to_one,False
ARPC2,Arpc2,Arpc2,one_to_one,True
PON3,Pon3,,one_to_one,False
PON2,Pon2,Pon2,one_to_one,True
LRP1,Lrp1,,one_to_one,False
SRGN,Srgn,Srgn,one_to_one,True
LUZP1,Luzp1,Luzp1,one_to_one,True
VAV3,Vav3,Vav3,one_to_one,True
JDP2,Jdp2,Jdp2,one_to_one,True
SLC12A9,Slc12a9,Slc12a9,one_to_one,True
MRPL46,Mrpl46,Mrpl46,one_to_one,True
FAM110B,Fam110b,,one_to_one,False
PSME1,Psme1,Psme1,one_to_one,True
FBXL9P,Fbxl9,,one_to_one,False
NUP188,Nup188,Nup188,one_to_one,True
SLC17A4,Slc17a4,,one_to_one,False
SLC17A1,Slc17a1,,one_to_one,False
SLC17A3,Slc17a3,,one_to_one,False
SLC17A2,Slc17a2,,one_to_one,False
HCLS1,Hcls1,Hcls1,one_to_one,True
PPP1R1C,Ppp1r1c,,one_to_one,False
LMBRD2,Lmbrd2,Lmbrd2,one_to_one,True
DEDD,Dedd,Dedd,one_to_one,True
POLR2E,Polr2e,Polr2e,one_to_one,True
FKBP10,Fkbp10,,one_to_one,False
FOXD3,Foxd3,,one_to_one,False
FOXA1,Foxa1,,one_to_one,False
FOXD2,Foxd2,Foxd2,one_to_one,True
NT5C1B,Nt5c1b,,ambiguous_orthology,False
NT5C1B-RDH14,Nt5c1b,,ambiguous_orthology,False
TAF12,Taf12,Taf12,one_to_one,True
ITGB4,Itgb4,,one_to_one,False
PLIN3,Plin3,Plin3,one_to_one,True
PLIN5,Plin5,,one_to_one,False
SEC23B,Sec23b,Sec23b,one_to_one,True
GPR34,Gpr34,Gpr34,one_to_one,True
IL17RC,Il17rc,,one_to_one,False
MKRN3,Mkrn3,,one_to_one,False
MKRN1,Mkrn1,Mkrn1,ambiguous_orthology,False
MKRN4P,Mkrn1,Mkrn1,ambiguous_orthology,False
MAP4K5,Map4k5,Map4k5,one_to_one,True
ANGEL2,Angel2,Angel2,one_to_one,True
POLD1,Pold1,Pold1,one_to_one,True
SMYD1,Smyd1,,one_to_one,False
ALOX5AP,Alox5ap,,one_to_one,False
NOTO,Noto,,one_to_one,False
ETV2,Etv2,,one_to_one,False
GNL3L,Gnl3l,Gnl3l,one_to_one,True
UBE2W,Ube2w,Ube2w,one_to_one,True
MIS18BP1,Mis18bp1,Mis18bp1,one_to_one,True
WDR33,Wdr33,Wdr33,one_to_one,True
KRI1,Kri1,Kri1,one_to_one,True
GINS3,Gins3,Gins3,one_to_one,True
TMEM35A,Tmem35a,,one_to_one,False
MFSD6,Mfsd6,Mfsd6,one_to_one,True
HARBI1,Harbi1,Harbi1,one_to_one,True
FLT1,Flt1,,one_to_one,False
CLSTN1,Clstn1,Clstn1,one_to_one,True
NRBF2,Nrbf2,Nrbf2,one_to_one,True
SGK2,Sgk2,,one_to_one,False
MYH13,Myh13,,one_to_one,False
MYH3,Myh3,,one_to_one,False
FNBP1,Fnbp1,Fnbp1,one_to_one,True
FNDC7,Fndc7,,one_to_one,False
ZFP64,Zfp64,Zfp64,one_to_one,True
CCBE1,Ccbe1,,one_to_one,False
ZFPM1,Zfpm1,Zfpm1,one_to_one,True
ZFPM2,Zfpm2,,one_to_one,False
CEP20,Cep20,Fopnl,one_to_one,True
FOSL1,Fosl1,,one_to_one,False
FOXD1,Foxd1,,one_to_one,False
FOXF2,Foxf2,,one_to_one,False
FOXL2,Foxl2,,one_to_one,False
FOXL3,Foxl3,,one_to_one,False
FOXM1,Foxm1,Foxm1,one_to_one,True
FOXO1,Foxo1,Foxo1,one_to_one,True
FOXO6,Foxo6,,one_to_one,False
FOXP1,Foxp1,Foxp1,one_to_one,True
FOXP3,Foxp3,,one_to_one,False
FOXQ1,Foxq1,,one_to_one,False
FOXR1,Foxr1,,one_to_one,False
FOXR2,Foxr2,,one_to_one,False
PTGFR,Ptgfr,,one_to_one,False
PDHA1,Pdha1,Pdha1,one_to_one,True
GLI3,Gli3,,one_to_one,False
SUPT16H,Supt16,Supt16,one_to_one,True
TIMM10B,Timm10b,Timm10b,one_to_one,True
PGAP2,Pgap2,Pgap2,one_to_one,True
MTOR,Mtor,Mtor,one_to_one,True
BMP1,Bmp1,,one_to_one,False
WDPCP,Wdpcp,,one_to_one,False
FRK,Frk,,one_to_one,False
FRMD5,Frmd5,,one_to_one,False
FRRS1,Frrs1,Frrs1,one_to_one,True
PCP4,Pcp4,,one_to_one,False
FSCN1,Fscn1,,one_to_one,False
FSCN2,Fscn2,,one_to_one,False
CGB7,Lhb,,ambiguous_orthology,False
CGB5,Lhb,,ambiguous_orthology,False
LHB,Lhb,,ambiguous_orthology,False
CGB8,Lhb,,ambiguous_orthology,False
CGB2,Lhb,,ambiguous_orthology,False
CGB3,Lhb,,ambiguous_orthology,False
CGB1,Lhb,,ambiguous_orthology,False
FSHB,Fshb,,one_to_one,False
SPON1,Spon1,,one_to_one,False
TNNC2,Tnnc2,,one_to_one,False
COG1,Cog1,Cog1,one_to_one,True
PKNOX2,Pknox2,,one_to_one,False
MRM2,Mrm2,Mrm2,one_to_one,True
CMTR2,Cmtr2,Cmtr2,one_to_one,True
CMTR1,Cmtr1,Cmtr1,one_to_one,True
STK36,Stk36,,one_to_one,False
FUCA1,Fuca1,Fuca1,one_to_one,True
POFUT3,Pofut3,,one_to_one,False
POFUT4,Pofut4,Fut11,one_to_one,True
FUT8,Fut8,Fut8,one_to_one,True
GRIK1,Grik1,,one_to_one,False
SLC9A6,Slc9a6,Slc9a6,one_to_one,True
NR1H4,Nr1h4,,one_to_one,False
NR1H5P,Nr1h5,,one_to_one,False
FXYD1,Fxyd1,,one_to_one,False
FYB1,Fyb1,Fyb,one_to_one,True
FYN,Fyn,Fyn,one_to_one,True
FZD4,Fzd4,,one_to_one,False
FZD1,Fzd1,,one_to_one,False
FZD9,Fzd9,,one_to_one,False
FZD5,Fzd5,Fzd5,one_to_one,True
FZD3,Fzd3,,one_to_one,False
FZD8,Fzd8,,one_to_one,False
FZR1,Fzr1,Fzr1,one_to_one,True
BUD31,Bud31,Bud31,one_to_one,True
GNA11,Gna11,Gna11,one_to_one,True
KCNA1,Kcna1,,one_to_one,False
ISG15,Isg15,Isg15,one_to_one,True
XRCC6,Xrcc6,Xrcc6,one_to_one,True
GNG3,Gng3,,one_to_one,False
ADGRF2P,Adgrf2,,one_to_one,False
ADGRF4,Adgrf4,,one_to_one,False
ADGRF1,Adgrf1,,one_to_one,False
ADGRF5,Adgrf5,,one_to_one,False
HSPA12B,Hspa12b,,one_to_one,False
GABBR1,Gabbr1,Gabbr1,one_to_one,True
GPR156,Gpr156,,one_to_one,False
GABRA6,Gabra6,,one_to_one,False
GABARAP,Gabarap,Gabarap,one_to_one,True
GABARAPL3,Gabarapl1,Gabarapl1,ambiguous_orthology,False
GABARAPL1,Gabarapl1,Gabarapl1,ambiguous_orthology,False
GAD1,Gad1,,one_to_one,False
GAD2,Gad2,,one_to_one,False
GADD45A,Gadd45a,Gadd45a,one_to_one,True
GADD45G,Gadd45g,Gadd45g,one_to_one,True
GAL3ST1,Gal3st1,,one_to_one,False
GPC2,Gpc2,Gpc2,one_to_one,True
GAL,Gal,,one_to_one,False
GALNT17,Galnt17,,one_to_one,False
GALNT18,Galnt18,,one_to_one,False
GNA12,Gna12,Gna12,one_to_one,True
GNA15,Gna15,Gna15,one_to_one,True
GNAI3,Gnai3,Gnai3,one_to_one,True
GNAO1,Gnao1,,one_to_one,False
GNAL,Gnal,Gnal,one_to_one,True
GNAQ,Gnaq,Gnaq,one_to_one,True
GNAS,Gnas,Gnas,one_to_one,True
GNAT2,Gnat2,,one_to_one,False
GNAZ,Gnaz,,one_to_one,False
GALR1,Galr1,,one_to_one,False
B4GALT6,B4galt6,,one_to_one,False
TAC1,Tac1,,one_to_one,False
GANAB,Ganab,Ganab,one_to_one,True
PSMD10,Psmd10,Psmd10,one_to_one,True
RALGAPA1,Ralgapa1,Ralgapa1,one_to_one,True
GARS1,Gars1,Gars,one_to_one,True
GAS2,Gas2,Gas2,one_to_one,True
GAS7,Gas7,Gas7,one_to_one,True
DRC4,Drc4,Gas8,one_to_one,True
WFIKKN2,Wfikkn2,Wfikkn2,one_to_one,True
WFIKKN1,Wfikkn1,,one_to_one,False
ASZ1,Asz1,,one_to_one,False
GATA2,Gata2,,one_to_one,False
GATAD2A,Gatad2a,Gatad2a,one_to_one,True
CASTOR2,Castor2,Castor2,ambiguous_orthology,False
CASTOR3P,Castor2,Castor2,ambiguous_orthology,False
CASTOR1,Castor1,Castor1,one_to_one,True
GBA1,Gba1,Gba,one_to_one,True
CFI,Cfi,,one_to_one,False
LDLRAD4,Ldlrad4,Ldlrad4,one_to_one,True
H4C4,H4c1,,ambiguous_orthology,False
H4C8,H4c1,,ambiguous_orthology,False
H4C14,H4c1,,ambiguous_orthology,False
H4C11,H4c1,,ambiguous_orthology,False
H4C15,H4c1,,ambiguous_orthology,False
H4C1,H4c1,,ambiguous_orthology,False
H4C3,H4c1,,ambiguous_orthology,False
H4C9,H4c1,,ambiguous_orthology,False
H4C12,H4c1,,ambiguous_orthology,False
H4C6,H4c1,,ambiguous_orthology,False
H4C5,H4c1,,ambiguous_orthology,False
H4C13,H4c1,,ambiguous_orthology,False
H4C16,H4c1,,ambiguous_orthology,False
H4C2,H4c1,,ambiguous_orthology,False
H4C4,H4c4,Hist1h4d,ambiguous_orthology,False
H4C8,H4c4,Hist1h4d,ambiguous_orthology,False
H4C14,H4c4,Hist1h4d,ambiguous_orthology,False
H4C11,H4c4,Hist1h4d,ambiguous_orthology,False
H4C15,H4c4,Hist1h4d,ambiguous_orthology,False
H4C1,H4c4,Hist1h4d,ambiguous_orthology,False
H4C3,H4c4,Hist1h4d,ambiguous_orthology,False
H4C9,H4c4,Hist1h4d,ambiguous_orthology,False
H4C12,H4c4,Hist1h4d,ambiguous_orthology,False
H4C6,H4c4,Hist1h4d,ambiguous_orthology,False
H4C5,H4c4,Hist1h4d,ambiguous_orthology,False
H4C13,H4c4,Hist1h4d,ambiguous_orthology,False
H4C16,H4c4,Hist1h4d,ambiguous_orthology,False
H4C2,H4c4,Hist1h4d,ambiguous_orthology,False
H4C4,H4c17,,ambiguous_orthology,False
H4C8,H4c17,,ambiguous_orthology,False
H4C14,H4c17,,ambiguous_orthology,False
H4C11,H4c17,,ambiguous_orthology,False
H4C15,H4c17,,ambiguous_orthology,False
H4C1,H4c17,,ambiguous_orthology,False
H4C3,H4c17,,ambiguous_orthology,False
H4C9,H4c17,,ambiguous_orthology,False
H4C12,H4c17,,ambiguous_orthology,False
H4C6,H4c17,,ambiguous_orthology,False
H4C5,H4c17,,ambiguous_orthology,False
H4C13,H4c17,,ambiguous_orthology,False
H4C16,H4c17,,ambiguous_orthology,False
H4C2,H4c17,,ambiguous_orthology,False
H4C4,H4c11,,ambiguous_orthology,False
H4C8,H4c11,,ambiguous_orthology,False
H4C14,H4c11,,ambiguous_orthology,False
H4C11,H4c11,,ambiguous_orthology,False
H4C15,H4c11,,ambiguous_orthology,False
H4C1,H4c11,,ambiguous_orthology,False
H4C3,H4c11,,ambiguous_orthology,False
H4C9,H4c11,,ambiguous_orthology,False
H4C12,H4c11,,ambiguous_orthology,False
H4C6,H4c11,,ambiguous_orthology,False
H4C5,H4c11,,ambiguous_orthology,False
H4C13,H4c11,,ambiguous_orthology,False
H4C16,H4c11,,ambiguous_orthology,False
H4C2,H4c11,,ambiguous_orthology,False
H4C4,H4c12,,ambiguous_orthology,False
H4C8,H4c12,,ambiguous_orthology,False
H4C14,H4c12,,ambiguous_orthology,False
H4C11,H4c12,,ambiguous_orthology,False
H4C15,H4c12,,ambiguous_orthology,False
H4C1,H4c12,,ambiguous_orthology,False
H4C3,H4c12,,ambiguous_orthology,False
H4C9,H4c12,,ambiguous_orthology,False
H4C12,H4c12,,ambiguous_orthology,False
H4C6,H4c12,,ambiguous_orthology,False
H4C5,H4c12,,ambiguous_orthology,False
H4C13,H4c12,,ambiguous_orthology,False
H4C16,H4c12,,ambiguous_orthology,False
H4C2,H4c12,,ambiguous_orthology,False
H4C4,H4c16,Hist4h4,ambiguous_orthology,False
H4C8,H4c16,Hist4h4,ambiguous_orthology,False
H4C14,H4c16,Hist4h4,ambiguous_orthology,False
H4C11,H4c16,Hist4h4,ambiguous_orthology,False
H4C15,H4c16,Hist4h4,ambiguous_orthology,False
H4C1,H4c16,Hist4h4,ambiguous_orthology,False
H4C3,H4c16,Hist4h4,ambiguous_orthology,False
H4C9,H4c16,Hist4h4,ambiguous_orthology,False
H4C12,H4c16,Hist4h4,ambiguous_orthology,False
H4C6,H4c16,Hist4h4,ambiguous_orthology,False
H4C5,H4c16,Hist4h4,ambiguous_orthology,False
H4C13,H4c16,Hist4h4,ambiguous_orthology,False
H4C16,H4c16,Hist4h4,ambiguous_orthology,False
H4C2,H4c16,Hist4h4,ambiguous_orthology,False
H4C4,H4c6,,ambiguous_orthology,False
H4C8,H4c6,,ambiguous_orthology,False
H4C14,H4c6,,ambiguous_orthology,False
H4C11,H4c6,,ambiguous_orthology,False
H4C15,H4c6,,ambiguous_orthology,False
H4C1,H4c6,,ambiguous_orthology,False
H4C3,H4c6,,ambiguous_orthology,False
H4C9,H4c6,,ambiguous_orthology,False
H4C12,H4c6,,ambiguous_orthology,False
H4C6,H4c6,,ambiguous_orthology,False
H4C5,H4c6,,ambiguous_orthology,False
H4C13,H4c6,,ambiguous_orthology,False
H4C16,H4c6,,ambiguous_orthology,False
H4C2,H4c6,,ambiguous_orthology,False
H4C4,H4c2,,ambiguous_orthology,False
H4C8,H4c2,,ambiguous_orthology,False
H4C14,H4c2,,ambiguous_orthology,False
H4C11,H4c2,,ambiguous_orthology,False
H4C15,H4c2,,ambiguous_orthology,False
H4C1,H4c2,,ambiguous_orthology,False
H4C3,H4c2,,ambiguous_orthology,False
H4C9,H4c2,,ambiguous_orthology,False
H4C12,H4c2,,ambiguous_orthology,False
H4C6,H4c2,,ambiguous_orthology,False
H4C5,H4c2,,ambiguous_orthology,False
H4C13,H4c2,,ambiguous_orthology,False
H4C16,H4c2,,ambiguous_orthology,False
H4C2,H4c2,,ambiguous_orthology,False
H4C4,H4c3,Hist1h4c,ambiguous_orthology,False
H4C8,H4c3,Hist1h4c,ambiguous_orthology,False
H4C14,H4c3,Hist1h4c,ambiguous_orthology,False
H4C11,H4c3,Hist1h4c,ambiguous_orthology,False
H4C15,H4c3,Hist1h4c,ambiguous_orthology,False
H4C1,H4c3,Hist1h4c,ambiguous_orthology,False
H4C3,H4c3,Hist1h4c,ambiguous_orthology,False
H4C9,H4c3,Hist1h4c,ambiguous_orthology,False
H4C12,H4c3,Hist1h4c,ambiguous_orthology,False
H4C6,H4c3,Hist1h4c,ambiguous_orthology,False
H4C5,H4c3,Hist1h4c,ambiguous_orthology,False
H4C13,H4c3,Hist1h4c,ambiguous_orthology,False
H4C16,H4c3,Hist1h4c,ambiguous_orthology,False
H4C2,H4c3,Hist1h4c,ambiguous_orthology,False
H4C4,H4c18,,ambiguous_orthology,False
H4C8,H4c18,,ambiguous_orthology,False
H4C14,H4c18,,ambiguous_orthology,False
H4C11,H4c18,,ambiguous_orthology,False
H4C15,H4c18,,ambiguous_orthology,False
H4C1,H4c18,,ambiguous_orthology,False
H4C3,H4c18,,ambiguous_orthology,False
H4C9,H4c18,,ambiguous_orthology,False
H4C12,H4c18,,ambiguous_orthology,False
H4C6,H4c18,,ambiguous_orthology,False
H4C5,H4c18,,ambiguous_orthology,False
H4C13,H4c18,,ambiguous_orthology,False
H4C16,H4c18,,ambiguous_orthology,False
H4C2,H4c18,,ambiguous_orthology,False
H4C4,H4c9,Hist1h4i,ambiguous_orthology,False
H4C8,H4c9,Hist1h4i,ambiguous_orthology,False
H4C14,H4c9,Hist1h4i,ambiguous_orthology,False
H4C11,H4c9,Hist1h4i,ambiguous_orthology,False
H4C15,H4c9,Hist1h4i,ambiguous_orthology,False
H4C1,H4c9,Hist1h4i,ambiguous_orthology,False
H4C3,H4c9,Hist1h4i,ambiguous_orthology,False
H4C9,H4c9,Hist1h4i,ambiguous_orthology,False
H4C12,H4c9,Hist1h4i,ambiguous_orthology,False
H4C6,H4c9,Hist1h4i,ambiguous_orthology,False
H4C5,H4c9,Hist1h4i,ambiguous_orthology,False
H4C13,H4c9,Hist1h4i,ambiguous_orthology,False
H4C16,H4c9,Hist1h4i,ambiguous_orthology,False
H4C2,H4c9,Hist1h4i,ambiguous_orthology,False
H4C4,H4c8,Hist1h4h,ambiguous_orthology,False
H4C8,H4c8,Hist1h4h,ambiguous_orthology,False
H4C14,H4c8,Hist1h4h,ambiguous_orthology,False
H4C11,H4c8,Hist1h4h,ambiguous_orthology,False
H4C15,H4c8,Hist1h4h,ambiguous_orthology,False
H4C1,H4c8,Hist1h4h,ambiguous_orthology,False
H4C3,H4c8,Hist1h4h,ambiguous_orthology,False
H4C9,H4c8,Hist1h4h,ambiguous_orthology,False
H4C12,H4c8,Hist1h4h,ambiguous_orthology,False
H4C6,H4c8,Hist1h4h,ambiguous_orthology,False
H4C5,H4c8,Hist1h4h,ambiguous_orthology,False
H4C13,H4c8,Hist1h4h,ambiguous_orthology,False
H4C16,H4c8,Hist1h4h,ambiguous_orthology,False
H4C2,H4c8,Hist1h4h,ambiguous_orthology,False
H4C4,H4c14,Hist2h4,ambiguous_orthology,False
H4C8,H4c14,Hist2h4,ambiguous_orthology,False
H4C14,H4c14,Hist2h4,ambiguous_orthology,False
H4C11,H4c14,Hist2h4,ambiguous_orthology,False
H4C15,H4c14,Hist2h4,ambiguous_orthology,False
H4C1,H4c14,Hist2h4,ambiguous_orthology,False
H4C3,H4c14,Hist2h4,ambiguous_orthology,False
H4C9,H4c14,Hist2h4,ambiguous_orthology,False
H4C12,H4c14,Hist2h4,ambiguous_orthology,False
H4C6,H4c14,Hist2h4,ambiguous_orthology,False
H4C5,H4c14,Hist2h4,ambiguous_orthology,False
H4C13,H4c14,Hist2h4,ambiguous_orthology,False
H4C16,H4c14,Hist2h4,ambiguous_orthology,False
H4C2,H4c14,Hist2h4,ambiguous_orthology,False
NIPSNAP2,Nipsnap2,Nipsnap2,one_to_one,True
PRR13,Prr13,Prr13,one_to_one,True
NR0B2,Nr0b2,,one_to_one,False
NDUFAF6,Ndufaf6,Ndufaf6,one_to_one,True
NOPCHAP1,Nopchap1,D10Wsu102e,one_to_one,True
SHTN1,Shtn1,,one_to_one,False
BBLN,Bbln,1110008P14Rik,one_to_one,True
CREBRF,Crebrf,Crebrf,one_to_one,True
CEP15,Cep15,3830406C13Rik,one_to_one,True
NCOR2,Ncor2,Ncor2,one_to_one,True
BICRAL,Bicral,Bicral,one_to_one,True
TMSB10,Tmsb10,Tmsb10,one_to_one,True
CEMIP,Cemip,,one_to_one,False
DORIP1,Gm527,Gm527,one_to_one,True
AP5Z1,Ap5z1,Ap5z1,one_to_one,True
CFAP92,Cfap92,,one_to_one,False
MEIOB,Meiob,,one_to_one,False
TMEM74B,Tmem74b,,one_to_one,False
SMAD4,Smad4,Smad4,one_to_one,True
TMEM94,Tmem94,Tmem94,one_to_one,True
TTI1,Tti1,Tti1,one_to_one,True
TRIR,Trir,Trir,one_to_one,True
FAM222B,Fam222b,Fam222b,one_to_one,True
FOCAD,Focad,Focad,one_to_one,True
TRAPPC14,Trappc14,Map11,one_to_one,True
TMEM150C,Tmem150c,,one_to_one,False
PGR,Pgr,,one_to_one,False
RORA,Rora,Rora,one_to_one,True
NR2C2,Nr2c2,Nr2c2,one_to_one,True
VDR,Vdr,,one_to_one,False
KAT2A,Kat2a,Kat2a,one_to_one,True
NCOA6,Ncoa6,Ncoa6,one_to_one,True
PPARGC1A,Ppargc1a,,one_to_one,False
SLC17A9,Slc17a9,Slc17a9,one_to_one,True
PRORP,Prorp,Prorp,one_to_one,True
CFAP107,Cfap107,,one_to_one,False
NEXMIF,Nexmif,,one_to_one,False
FAM171A1,Fam171a1,,one_to_one,False
RPP25,Rpp25,,one_to_one,False
WASHC4,Washc4,Washc4,one_to_one,True
KIAA0825,2210408I21Rik,2210408I21Rik,one_to_one,True
CIPC,Cipc,Cipc,one_to_one,True
CEP295,Cep295,Cep295,one_to_one,True
JCAD,Jcad,,one_to_one,False
HELZ2,Helz2,Helz2,one_to_one,True
FAXC,Faxc,,one_to_one,False
LRRC73,Lrrc73,,one_to_one,False
SANBR,Sanbr,0610010F05Rik,one_to_one,True
CFAP43,Cfap43,,one_to_one,False
C10orf90,D7Ertd443e,,one_to_one,False
SPIDR,Spidr,Spidr,one_to_one,True
C8orf74,4930578I06Rik,,one_to_one,False
CFAP68,Cfap68,1110032A03Rik,one_to_one,True
C19orf25,2310011J03Rik,2310011J03Rik,one_to_one,True
PEAK1,Peak1,Peak1,one_to_one,True
MOSMO,Mosmo,Mosmo,one_to_one,True
CCDC186,Ccdc186,Ccdc186,one_to_one,True
C17orf67,Gm525,,one_to_one,False
RIC1,Ric1,Ric1,one_to_one,True
ERG28,Erg28,Erg28,one_to_one,True
CCDC175,Ccdc175,,one_to_one,False
EDRF1,Edrf1,Edrf1,one_to_one,True
GRM2,Grm2,,one_to_one,False
GUCY2F,Gucy2f,,one_to_one,False
GUCY2D,Gucy2e,,one_to_one,False
LYSET,Lyset,Tmem251,one_to_one,True
GUCA1A,Guca1a,,ambiguous_orthology,False
GUCA1ANB-GUCA1A,Guca1a,,ambiguous_orthology,False
GUCA1B,Guca1b,,one_to_one,False
GCDH,Gcdh,Gcdh,one_to_one,True
GCG,Gcg,,one_to_one,False
GCGR,Gcgr,,one_to_one,False
CCNDBP1,Ccndbp1,Ccndbp1,one_to_one,True
GMCL2,Gmcl1,Gmcl1,ambiguous_orthology,False
GMCL1,Gmcl1,Gmcl1,ambiguous_orthology,False
GCM2,Gcm2,,one_to_one,False
GCN1,Gcn1,Gcn1,one_to_one,True
NR6A1,Nr6a1,,one_to_one,False
CSF3R,Csf3r,,one_to_one,False
MSTN,Mstn,,one_to_one,False
GDNF,Gdnf,,one_to_one,False
GDPD3,Gdpd3,,one_to_one,False
MMP2,Mmp2,,one_to_one,False
NLRP9,Nlrp9c,,one_to_one,False
NLRP5,Nlrp5,,one_to_one,False
GTF3A,Gtf3a,Gtf3a,one_to_one,True
GFI1,Gfi1,Gfi1,one_to_one,True
GFRA2,Gfra2,,one_to_one,False
GFRA4,Gfra4,,one_to_one,False
GFUS,Gfus,Tsta3,one_to_one,True
GGA3,Gga3,Gga3,one_to_one,True
GGTLC3,Ggt1,,ambiguous_orthology,False
GGT3P,Ggt1,,ambiguous_orthology,False
GGTLC1,Ggt1,,ambiguous_orthology,False
GGT2P,Ggt1,,ambiguous_orthology,False
GGTLC2,Ggt1,,ambiguous_orthology,False
GGT1,Ggt1,,ambiguous_orthology,False
PGGT1B,Pggt1b,Pggt1b,one_to_one,True
GGT5,Ggt5,Ggt5,one_to_one,True
CSH1,Gh,,ambiguous_orthology,False
GH1,Gh,,ambiguous_orthology,False
GH2,Gh,,ambiguous_orthology,False
CSHL1,Gh,,ambiguous_orthology,False
CSH2,Gh,,ambiguous_orthology,False
GHDC,Ghdc,Ghdc,one_to_one,True
GHR,Ghr,,one_to_one,False
GHRHR,Ghrhr,,one_to_one,False
GHSR,Ghsr,,one_to_one,False
GOLGB1,Golgb1,Golgb1,one_to_one,True
GIGYF1,Gigyf1,Gigyf1,one_to_one,True
IFI30,Ifi30,Ifi30,one_to_one,True
TSC22D3,Tsc22d3,Tsc22d3,one_to_one,True
GIPC2,Gipc2,,one_to_one,False
GIT2,Git2,Git2,one_to_one,True
TNFRSF18,Tnfrsf18,Tnfrsf18,one_to_one,True
TNFSF18,Tnfsf18,,one_to_one,False
UCMA,Ucma,,one_to_one,False
GLCCI1,Glcci1,Glcci1,one_to_one,True
GLCE,Glce,Glce,one_to_one,True
GCLM,Gclm,Gclm,one_to_one,True
GLE1,Gle1,Gle1,one_to_one,True
HEPACAM,Hepacam,,one_to_one,False
GLMN,Glmn,Glmn,one_to_one,True
GLS,Gls,Gls,one_to_one,True
GLS2,Gls2,,one_to_one,False
GXYLT1,Gxylt1,Gxylt1,one_to_one,True
GXYLT2,Gxylt2,,one_to_one,False
GLTP,Gltp,Gltp,one_to_one,True
GLTPD2,Gltpd2,,one_to_one,False
BICRA,Bicra,Bicra,one_to_one,True
LGSN,Lgsn,,one_to_one,False
GRIA1,Gria1,,one_to_one,False
GRIA2,Gria2,,one_to_one,False
GRIA3,Gria3,,one_to_one,False
GRIA4,Gria4,,one_to_one,False
GRID2,Grid2,,one_to_one,False
SLC2A10,Slc2a10,,one_to_one,False
SLC2A2,Slc2a2,,one_to_one,False
SLC2A3,Slc2a3,Slc2a3,ambiguous_orthology,False
SLC2A14,Slc2a3,Slc2a3,ambiguous_orthology,False
SLC2A6,Slc2a6,,one_to_one,False
GLRX5,Glrx5,Glrx5,one_to_one,True
SLC6A9,Slc6a9,,one_to_one,False
SLC6A5,Slc6a5,,one_to_one,False
ST3GAL5,St3gal5,,one_to_one,False
GMPPA,Gmppa,Gmppa,one_to_one,True
RACK1,Rack1,Rack1,one_to_one,True
GNB3,Gnb3,,one_to_one,False
GNB4,Gnb4,Gnb4,one_to_one,True
GNB5,Gnb5,Gnb5,one_to_one,True
GNGT1,Gngt1,,one_to_one,False
GNG11,Gng11,,one_to_one,False
GNG12,Gng12,Gng12,one_to_one,True
GNG13,Gng13,,one_to_one,False
GNGT2,Gngt2,Gngt2,one_to_one,True
GNRHR,Gnrhr,,one_to_one,False
GNS,Gns,Gns,one_to_one,True
MBOAT4,Mboat4,,one_to_one,False
CDC26,Cdc26,Cdc26,one_to_one,True
SLC24A5,Slc24a5,Slc24a5,one_to_one,True
GOLGA7B,Golga7b,,one_to_one,False
GOLIM4,Golim4,Golim4,one_to_one,True
GOLPH3,Golph3,Golph3,one_to_one,True
GOLT1B,Golt1b,Golt1b,one_to_one,True
FSHR,Fshr,,one_to_one,False
CGA,Cga,,one_to_one,False
MBTPS1,Mbtps1,Mbtps1,one_to_one,True
IL6ST,Il6st,Il6st,one_to_one,True
LRP2,Lrp2,,one_to_one,False
CYBB,Cybb,,one_to_one,False
GPA33,Gpa33,,one_to_one,False
GPC1,Gpc1,Gpc1,one_to_one,True
GPC6,Gpc6,,one_to_one,False
GPD1,Gpd1,,one_to_one,False
GPER1,Gper1,,one_to_one,False
PIGK,Pigk,Pigk,one_to_one,True
CMKLR2,Cmklr2,,one_to_one,False
QRFPR,Qrfprl,,one_to_one,False
QRFPR,Qrfpr,,one_to_one,False
ADGRG4,Adgrg4,,one_to_one,False
ADGRF3,Adgrf3,,one_to_one,False
ADGRA2,Adgra2,,one_to_one,False
ADGRA3,Adgra3,,one_to_one,False
STX7,Stx7,Stx7,one_to_one,True
ADGRD1,Adgrd1,,one_to_one,False
GPR137,Gpr137,Gpr137,one_to_one,True
GPR158,Gpr158,,one_to_one,False
GPR161,Gpr161,,one_to_one,False
TPRA1,Tpra1,Tpra1,one_to_one,True
GPR3,Gpr3,,one_to_one,False
GPR22,Gpr22,,one_to_one,False
MCHR1,Mchr1,,one_to_one,False
ADGRG2,Adgrg2,,one_to_one,False
NPBWR1,Npbwr1,,one_to_one,False
NPFFR2,Npffr2,,one_to_one,False
HCAR2,Hcar2,,ambiguous_orthology,False
HCAR3,Hcar2,,ambiguous_orthology,False
HCAR1,Hcar1,,one_to_one,False
ADGRG3,Adgrg3,Adgrg3,one_to_one,True
ADGRV1,Adgrv1,,one_to_one,False
ARMC10,Armc10,Armc10,one_to_one,True
GPRC5B,Gprc5b,,one_to_one,False
GPRIN3,Gprin3,Gprin3,one_to_one,True
GPT,Gpt,Gpt,one_to_one,True
GFRAL,Gfral,,one_to_one,False
GRAMD2A,Gramd2a,,one_to_one,False
GRAP,Grap,Grap,ambiguous_orthology,False
GRAPL,Grap,Grap,ambiguous_orthology,False
TAMALIN,Tamalin,Grasp,one_to_one,True
GRB10,Grb10,,one_to_one,False
GREM1,Grem1,,one_to_one,False
GREM2,Grem2,,one_to_one,False
GRHL2,Grhl2,,one_to_one,False
HEY2,Hey2,,one_to_one,False
GRIK2,Grik2,,one_to_one,False
GRIN2B,Grin2b,,one_to_one,False
GRIN2C,Grin2c,,one_to_one,False
GRIN3B,Grin3b,,one_to_one,False
GRINA,Grina,Grina,one_to_one,True
MYZAP,Myzap,,ambiguous_orthology,False
GCOM1,Myzap,,ambiguous_orthology,False
POLR2M,Myzap,,ambiguous_orthology,False
NCOA2,Ncoa2,Ncoa2,one_to_one,True
GRK4,Grk4,Grk4,one_to_one,True
GRM5,Grm5,,one_to_one,False
GRM8,Grm8,,one_to_one,False
GRTP1,Grtp1,,one_to_one,False
GLRX2,Glrx2,Glrx2,one_to_one,True
GLRX3,Glrx3,Glrx3,one_to_one,True
GRXCR1,Grxcr1,,one_to_one,False
GSX1,Gsx1,,one_to_one,False
GSX2,Gsx2,,one_to_one,False
GSK3A,Gsk3a,Gsk3a,one_to_one,True
GSPT1,Gspt1,Gspt1,one_to_one,True
GSTA5,Gsta5,,ambiguous_orthology,False
GSTA1,Gsta5,,ambiguous_orthology,False
GSTA3,Gsta5,,ambiguous_orthology,False
GSTA2,Gsta5,,ambiguous_orthology,False
GSTA5,Gsta13,,ambiguous_orthology,False
GSTA1,Gsta13,,ambiguous_orthology,False
GSTA3,Gsta13,,ambiguous_orthology,False
GSTA2,Gsta13,,ambiguous_orthology,False
GSTA5,Gsta1,,ambiguous_orthology,False
GSTA1,Gsta1,,ambiguous_orthology,False
GSTA3,Gsta1,,ambiguous_orthology,False
GSTA2,Gsta1,,ambiguous_orthology,False
GSTA5,Gsta2,,ambiguous_orthology,False
GSTA1,Gsta2,,ambiguous_orthology,False
GSTA3,Gsta2,,ambiguous_orthology,False
GSTA2,Gsta2,,ambiguous_orthology,False
GSTA5,Gsta3,,ambiguous_orthology,False
GSTA1,Gsta3,,ambiguous_orthology,False
GSTA3,Gsta3,,ambiguous_orthology,False
GSTA2,Gsta3,,ambiguous_orthology,False
GSTP1,Gstp3,Gstp3,one_to_one,True
POMGNT2,Pomgnt2,,one_to_one,False
GTF2F2,Gtf2f2,Gtf2f2,one_to_one,True
LHCGR,Lhcgr,,one_to_one,False
GTPBP2,Gtpbp2,Gtpbp2,one_to_one,True
MTG1,Mtg1,Mtg1,one_to_one,True
GUCY1A1,Gucy1a1,Gucy1a1,one_to_one,True
GUCY1B1,Gucy1b1,,one_to_one,False
GUCY2C,Gucy2c,,one_to_one,False
GUK1,Guk1,Guk1,one_to_one,True
GULP1,Gulp1,,one_to_one,False
LARGE2,Large2,,one_to_one,False
DBX2,Dbx2,,one_to_one,False
H2AC21,H2ac21,,one_to_one,False
H2AC18,H2ac19,,ambiguous_orthology,False
H2AC19,H2ac19,,ambiguous_orthology,False
H2AC25,H2ac25,Hist3h2a,one_to_one,True
H2AC20,H2ac20,Hist2h2ac,one_to_one,True
H2AC18,H2ac18,Hist2h2aa1,ambiguous_orthology,False
H2AC19,H2ac18,Hist2h2aa1,ambiguous_orthology,False
MACROH2A2,Macroh2a2,,one_to_one,False
H2AZ2,H2az2,H2afv,one_to_one,True
H2AZ1,H2az1,H2afz,one_to_one,True
H2AX,H2ax,H2afx,one_to_one,True
H2AC4,H2ac11,,ambiguous_orthology,False
H2AC8,H2ac11,,ambiguous_orthology,False
H2AC4,H2ac4,,ambiguous_orthology,False
H2AC8,H2ac4,,ambiguous_orthology,False
H2AC4,H2ac7,,ambiguous_orthology,False
H2AC8,H2ac7,,ambiguous_orthology,False
H2AC7,H2ac10,,one_to_one,False
H2AC4,H2ac22,,ambiguous_orthology,False
H2AC8,H2ac22,,ambiguous_orthology,False
H2AC4,H2ac15,,ambiguous_orthology,False
H2AC8,H2ac15,,ambiguous_orthology,False
H2AC4,H2ac23,,ambiguous_orthology,False
H2AC8,H2ac23,,ambiguous_orthology,False
H2AC4,H2ac6,Hist1h2ac,ambiguous_orthology,False
H2AC8,H2ac6,Hist1h2ac,ambiguous_orthology,False
H2AC4,H2ac24,Hist1h2ap,ambiguous_orthology,False
H2AC8,H2ac24,Hist1h2ap,ambiguous_orthology,False
H2AC4,H2ac8,Hist1h2ae,ambiguous_orthology,False
H2AC8,H2ac8,Hist1h2ae,ambiguous_orthology,False
H2AC4,H2ac13,,ambiguous_orthology,False
H2AC8,H2ac13,,ambiguous_orthology,False
H2AJ,H2aj,H2afj,one_to_one,True
H2BC1,H2bc1,,one_to_one,False
H3C13,H3c6,Hist1h3e,ambiguous_orthology,False
H3C14,H3c6,Hist1h3e,ambiguous_orthology,False
H3C15,H3c6,Hist1h3e,ambiguous_orthology,False
H3C13,H3c7,Hist1h3f,ambiguous_orthology,False
H3C14,H3c7,Hist1h3f,ambiguous_orthology,False
H3C15,H3c7,Hist1h3f,ambiguous_orthology,False
H3C13,H3c4,,ambiguous_orthology,False
H3C14,H3c4,,ambiguous_orthology,False
H3C15,H3c4,,ambiguous_orthology,False
H3C13,H3c13,Hist2h3b,ambiguous_orthology,False
H3C14,H3c13,Hist2h3b,ambiguous_orthology,False
H3C15,H3c13,Hist2h3b,ambiguous_orthology,False
H3C13,H3c3,,ambiguous_orthology,False
H3C14,H3c3,,ambiguous_orthology,False
H3C15,H3c3,,ambiguous_orthology,False
H3C13,H3c2,,ambiguous_orthology,False
H3C14,H3c2,,ambiguous_orthology,False
H3C15,H3c2,,ambiguous_orthology,False
H3C2,H3c2,,ambiguous_orthology,False
H3C13,H3c14,,ambiguous_orthology,False
H3C14,H3c14,,ambiguous_orthology,False
H3C15,H3c14,,ambiguous_orthology,False
H3C13,H3c15,,ambiguous_orthology,False
H3C14,H3c15,,ambiguous_orthology,False
H3C15,H3c15,,ambiguous_orthology,False
ZNF367,Zfp367,Zfp367,one_to_one,True
SLC5A7,Slc5a7,,one_to_one,False
HSD17B10,Hsd17b10,Hsd17b10,one_to_one,True
HADH,Hadh,Hadh,one_to_one,True
PLEKHA7,Plekha7,Plekha7,one_to_one,True
SPINT1,Spint1,,one_to_one,False
HAMP,Hamp,,one_to_one,False
HAMP,Hamp2,,one_to_one,False
COPB1,Copb1,Copb1,one_to_one,True
HP,Hp,,ambiguous_orthology,False
HPR,Hp,,ambiguous_orthology,False
USH1C,Ush1c,,one_to_one,False
MNX1,Mnx1,,one_to_one,False
HBEGF,Hbegf,Hbegf,one_to_one,True
HPX,Hpx,,one_to_one,False
LAMTOR5,Lamtor5,Lamtor5,one_to_one,True
HCCS,Hccs,Hccs,one_to_one,True
SERPIND1,Serpind1,,one_to_one,False
HCN2,Hcn2,,one_to_one,False
HCN4,Hcn4,,one_to_one,False
HCRTR2,Hcrtr2,,one_to_one,False
SPATS2L,Spats2l,,one_to_one,False
SPATS2,Spats2,,one_to_one,False
HDAC7,Hdac7,Hdac7,one_to_one,True
HDAC9,Hdac9,,one_to_one,False
HDGFL2,Hdgfl2,Hdgfl2,one_to_one,True
HDGFL3,Hdgfl3,Hdgfl3,one_to_one,True
PUDP,Pudp,,one_to_one,False
TCF7L1,Tcf7l1,Tcf7l1,one_to_one,True
DNAAF5,Dnaaf5,Dnaaf5,one_to_one,True
MROH1,Mroh1,Mroh1,one_to_one,True
HSPA8,Hspa8,Hspa8,one_to_one,True
NDC80,Ndc80,Ndc80,one_to_one,True
HECW1,Hecw1,,one_to_one,False
HECW2,Hecw2,,one_to_one,False
HEG1,Heg1,Heg1,one_to_one,True
HELQ,Helq,Helq,one_to_one,True
HENMT1,Henmt1,,one_to_one,False
HEPHL1,Hephl1,,one_to_one,False
HES6,Hes6,Hes6,one_to_one,True
HERC6,Herc6,Herc6,one_to_one,True
MYF6,Myf6,,one_to_one,False
RBPMS2,Rbpms2,,one_to_one,False
HEY1,Hey1,,one_to_one,False
HES2,Hes2,,one_to_one,False
HELT,Helt,,one_to_one,False
HHEX,Hhex,Hhex,one_to_one,True
HGF,Hgf,,one_to_one,False
SLC71A1,Slc72a1,Mfsd14a,one_to_one,True
SLC71A2,Slc71a2,Mfsd14b,one_to_one,True
HIBADH,Hibadh,Hibadh,one_to_one,True
HIF1A,Hif1a,Hif1a,one_to_one,True
HIF3A,Hif3a,,one_to_one,False
EGLN2,Egln2,Egln2,one_to_one,True
EGLN3,Egln3,Egln3,one_to_one,True
ASMT,Asmt,,one_to_one,False
ZDHHC17,Zdhhc17,Zdhhc17,one_to_one,True
CCDC62,Ccdc62,Ccdc62,one_to_one,True
UBE2K,Ube2k,Ube2k,one_to_one,True
NFU1,Nfu1,Nfu1,one_to_one,True
H1-2,H1f2,Hist1h1c,one_to_one,True
HIVEP2,Hivep2,Hivep2,one_to_one,True
HMBOX1,Hmbox1,Hmbox1,one_to_one,True
HMBS,Hmbs,Hmbs,one_to_one,True
HMGA1,Hmga1b,,one_to_one,False
HMGA1,Hmga1,Hmga1,one_to_one,True
HMGB1,Hmgb1,Hmgb1,one_to_one,True
HMGB2,Hmgb2,Hmgb2,one_to_one,True
HMGCR,Hmgcr,Hmgcr,one_to_one,True
NSG2,Nsg2,Nsg2,one_to_one,True
HMX3,Hmx3,,one_to_one,False
NDUFB5,Ndufb5,Ndufb5,one_to_one,True
SFPQ,Sfpq,Sfpq,one_to_one,True
SYF2,Syf2,Syf2,one_to_one,True
DCTN6,Dctn6,Dctn6,one_to_one,True
SPARC,Sparc,,one_to_one,False
CHCHD6,Chchd6,Chchd6,one_to_one,True
DDX17,Ddx17,Ddx17,one_to_one,True
SFRP2,Sfrp2,,one_to_one,False
CRAT,Crat,Crat,one_to_one,True
SRSF2,Srsf2,Srsf2,one_to_one,True
RGS6,Rgs6,,one_to_one,False
YBX1,Ybx1,Ybx1,one_to_one,True
PFN2,Pfn2,Pfn2,one_to_one,True
LIMS2,Lims2,,one_to_one,False
RPS27A,Rps27a,Rps27a,one_to_one,True
KPNA2,Kpna2,Kpna2,one_to_one,True
TYRP1,Tyrp1,,one_to_one,False
MPZL3,Mpzl3,Mpzl3,one_to_one,True
DNAJC8,Dnajc8,Dnajc8,one_to_one,True
LCN12,Lcn12,,one_to_one,False
RPS9,Rps9,Rps9,one_to_one,True
RANBP1,Ranbp1,Ranbp1,one_to_one,True
TFDP1,Tfdp1,Tfdp1,ambiguous_orthology,False
TFDP3,Tfdp1,Tfdp1,ambiguous_orthology,False
MCFD2,Mcfd2,Mcfd2,one_to_one,True
NOAZFP,Noazfp,Zfp330,one_to_one,True
TTN,Ttn,Ttn,one_to_one,True
LRRFIP1,Lrrfip1,Lrrfip1,one_to_one,True
ARFGEF1,Arfgef1,Arfgef1,one_to_one,True
PRDX1,Prdx1,Prdx1,one_to_one,True
TNNI3,Tnni3,,one_to_one,False
TNNI2,Tnni2,,one_to_one,False
HOXB2,Hoxb2,,one_to_one,False
IRX3,Irx3,,one_to_one,False
MYBPC3,Mybpc3,,one_to_one,False
TRADD,Tradd,Tradd,one_to_one,True
CAPN8,Capn8,,one_to_one,False
S100A10,S100a10,S100a10,one_to_one,True
TIMM44,Timm44,Timm44,one_to_one,True
CCAR1,Ccar1,Ccar1,one_to_one,True
APEX1,Apex1,Apex1,one_to_one,True
RPL26,Rpl26,Rpl26,ambiguous_orthology,False
RPL26L1,Rpl26,Rpl26,ambiguous_orthology,False
MRM3,Mrm3,Mrm3,one_to_one,True
BHMT,Bhmt,,one_to_one,False
BHMT2,Bhmt2,,one_to_one,False
VCL,Vcl,Vcl,one_to_one,True
NSFL1C,Nsfl1c,Nsfl1c,one_to_one,True
JPT1,Jpt1,Jpt1,one_to_one,True
ONECUT1,Onecut1,,one_to_one,False
CHST10,Chst10,Chst10,one_to_one,True
HNRNPA1L2,Hnrnpa1,Hnrnpa1,ambiguous_orthology,False
HNRNPA1L3,Hnrnpa1,Hnrnpa1,ambiguous_orthology,False
HNRNPA1,Hnrnpa1,Hnrnpa1,ambiguous_orthology,False
HNRNPA3,Hnrnpa3,Hnrnpa3,one_to_one,True
HNRNPDL,Hnrnpdl,Hnrnpdl,one_to_one,True
HNRNPK,Hnrnpk,Hnrnpk,one_to_one,True
HNRNPR,Hnrnpr,Hnrnpr,one_to_one,True
RNF31,Rnf31,Rnf31,one_to_one,True
HOMER1,Homer1,Homer1,one_to_one,True
HOMER3,Homer3,Homer3,one_to_one,True
MEF2C,Mef2c,,one_to_one,False
HOPX,Hopx,Hopx,one_to_one,True
REM1,Rem1,,one_to_one,False
TLX1,Tlx1,,one_to_one,False
TLX2,Tlx2,,one_to_one,False
HOXB6,Hoxb6,,one_to_one,False
HOXA1,Hoxa1,,one_to_one,False
HOXA10,Hoxa10,,one_to_one,False
HOXA11,Hoxa11,,one_to_one,False
HOXC11,Hoxc11,,one_to_one,False
HOXA13,Hoxa13,,one_to_one,False
HOXB3,Hoxb3,,one_to_one,False
HOXC10,Hoxc10,,one_to_one,False
HOXC4,Hoxc4,,one_to_one,False
HOXD10,Hoxd10,,one_to_one,False
HOXD12,Hoxd12,,one_to_one,False
HOXD13,Hoxd13,,one_to_one,False
HOXD3,Hoxd3,,one_to_one,False
HOXD9,Hoxd9,,one_to_one,False
HOXC13,Hoxc13,,one_to_one,False
HOXA4,Hoxa4,,one_to_one,False
PRPF3,Prpf3,Prpf3,one_to_one,True
BLOC1S3,Bloc1s3,Bloc1s3,one_to_one,True
RAD23B,Rad23b,Rad23b,one_to_one,True
HRAS,Hras,Hras,one_to_one,True
PLAAT1,Plaat1,,one_to_one,False
HIC2,Hic2,Hic2,one_to_one,True
HRH2,Hrh2,Hrh2,one_to_one,True
PRMT2,Prmt2,Prmt2,one_to_one,True
PRMT3,Prmt3,Prmt3,one_to_one,True
PRMT8,Prmt8,,one_to_one,False
PRMT6,Prmt6,Prmt6,one_to_one,True
CDC73,Cdc73,Cdc73,one_to_one,True
RIDA,Rida,Rida,one_to_one,True
HS2ST1,Hs2st1,Hs2st1,one_to_one,True
HSBP1,Hsbp1,Hsbp1,one_to_one,True
HSD11B1,Hsd11b1,Hsd11b1,one_to_one,True
RDH5,Rdh5,Rdh5,one_to_one,True
HSF1,Hsf1,Hsf1,one_to_one,True
LIPE,Lipe,Lipe,one_to_one,True
HSPH1,Hsph1,Hsph1,one_to_one,True
DNAJA3,Dnaja3,Dnaja3,one_to_one,True
HSP90AB3P,Hsp90ab1,Hsp90ab1,ambiguous_orthology,False
HSP90AB1,Hsp90ab1,Hsp90ab1,ambiguous_orthology,False
HSPA4,Hspa4,Hspa4,one_to_one,True
HSPB6,Hspb6,Hspb6,one_to_one,True
HSPB9,Hspb9,,one_to_one,False
IER3IP1,Ier3ip1,Ier3ip1,one_to_one,True
WDR91,Wdr91,Wdr91,one_to_one,True
MKRN2,Mkrn2,Mkrn2,one_to_one,True
KAT5,Kat5,Kat5,one_to_one,True
HTR1F,Htr1f,,one_to_one,False
HTR1A,Htr1a,,one_to_one,False
HTR1D,Htr1d,,one_to_one,False
HTR2A,Htr2a,,one_to_one,False
HTR5A,Htr5a,,one_to_one,False
HTR7,Htr7,,one_to_one,False
HTRA1,Htra1,,one_to_one,False
HTRA2,Htra2,Htra2,one_to_one,True
HYAL2,Hyal2,Hyal2,one_to_one,True
FABP6,Fabp6,,one_to_one,False
CLNS1A,Clns1a,Clns1a,one_to_one,True
MRPL58,Mrpl58,Mrpl58,one_to_one,True
CXXC4,Cxxc4,,one_to_one,False
ECHDC2,Echdc2,,one_to_one,False
SRPRA,Srpra,Srpr,one_to_one,True
MRPL47,Mrpl47,Mrpl47,one_to_one,True
RPS6KA1,Rps6ka1,Rps6ka1,one_to_one,True
SSBP3,Ssbp3,Ssbp3,one_to_one,True
HSPBP1,Hspbp1,Hspbp1,one_to_one,True
WWP2,Wwp2,Wwp2,one_to_one,True
NOVA2,Nova2,,one_to_one,False
EXOSC6,Exosc6,,one_to_one,False
ATPAF1,Atpaf1,Atpaf1,one_to_one,True
SULT2A1,Sult2a1,,one_to_one,False
SULT2A1,Sult2a3,,one_to_one,False
SULT2A1,Sult2a5,,one_to_one,False
SULT2A1,Sult2a4,,one_to_one,False
SULT2A1,Sult2a7,,one_to_one,False
SULT2A1,Sult2a6,,one_to_one,False
SULT2A1,Sult2a2,,one_to_one,False
SULT2B1,Sult2b1,,one_to_one,False
SULT2A1,Sult2a8,,one_to_one,False
USP10,Usp10,Usp10,one_to_one,True
STRN3,Strn3,Strn3,one_to_one,True
PRPF8,Prpf8,Prpf8,one_to_one,True
BOP1,Bop1,Bop1,one_to_one,True
RREB1,Rreb1,Rreb1,one_to_one,True
HPRT1,Hprt1,Hprt,one_to_one,True
ZFYVE28,Zfyve28,Zfyve28,one_to_one,True
MYL10,Myl10,Myl10,one_to_one,True
BTBD10,Btbd10,Btbd10,one_to_one,True
RGMA,Rgma,,one_to_one,False
CENPN,Cenpn,Cenpn,one_to_one,True
SOX3,Sox3,,one_to_one,False
RBIS,Rbis,Rbis,one_to_one,True
KANSL2,Kansl2,Kansl2,one_to_one,True
ARFIP1,Arfip1,Arfip1,one_to_one,True
VASN,Vasn,,one_to_one,False
TMEM161B,Tmem161b,Tmem161b,one_to_one,True
UNC119B,Unc119b,Unc119b,one_to_one,True
NCAPD3,Ncapd3,Ncapd3,one_to_one,True
EVL,Evl,Evl,one_to_one,True
ETV6,Etv6,Etv6,one_to_one,True
TFDP2,Tfdp2,Tfdp2,one_to_one,True
SLC4A4,Slc4a4,,one_to_one,False
FOXP4,Foxp4,Foxp4,one_to_one,True
LFNG,Lfng,Lfng,one_to_one,True
PMP22,Pmp22,,one_to_one,False
SIAH1,Siah1b,Siah1b,one_to_one,True
SIAH1,Siah1a,Siah1a,one_to_one,True
NRP2,Nrp2,Nrp2,one_to_one,True
PAPSS2,Papss2,,one_to_one,False
NCAPG2,Ncapg2,Ncapg2,one_to_one,True
ENAH,Enah,,one_to_one,False
SLC7A6,Slc7a6,Slc7a6,one_to_one,True
SPDL1,Spdl1,Spdl1,one_to_one,True
ZFAND5,Zfand5,Zfand5,one_to_one,True
NACC1,Nacc1,Nacc1,one_to_one,True
TSN,Tsn,Tsn,one_to_one,True
GNL3,Gnl3,Gnl3,one_to_one,True
LNX2,Lnx2,Lnx2,one_to_one,True
HELB,Helb,Helb,one_to_one,True
ZNF106,Zfp106,Zfp106,one_to_one,True
METTL9,Mettl9,Mettl9,one_to_one,True
MAB21L2,Mab21l2,,one_to_one,False
MAST1,Mast1,Mast1,one_to_one,True
ITGB1BP2,Itgb1bp2,,one_to_one,False
FGF3,Fgf3,,one_to_one,False
XKR4,Xkr4,,one_to_one,False
GAS1,Gas1,,one_to_one,False
ITIH2,Itih2,,one_to_one,False
TIAM2,Tiam2,,one_to_one,False
IMPDH1,Impdh1,Impdh1,one_to_one,True
PBXIP1,Pbxip1,Pbxip1,one_to_one,True
FXR2,Fxr2,Fxr2,one_to_one,True
ACY3,Acy3,,one_to_one,False
BBS7,Bbs7,,one_to_one,False
KIF26A,Kif26a,,one_to_one,False
AFF3,Aff3,Aff3,one_to_one,True
HYOU1,Hyou1,Hyou1,one_to_one,True
DPH2,Dph2,Dph2,one_to_one,True
NID1,Nid1,,one_to_one,False
SOX5,Sox5,,one_to_one,False
NMNAT1,Nmnat1,Nmnat1,one_to_one,True
FOXC1,Foxc1,,one_to_one,False
FRAS1,Fras1,,one_to_one,False
SLC39A7,Slc39a7,Slc39a7,one_to_one,True
DENND5B,Dennd5b,,one_to_one,False
GREB1,Greb1,,one_to_one,False
NKX2-2,Nkx2-2,,one_to_one,False
SNX5,Snx5,Snx5,one_to_one,True
KAT6B,Kat6b,Kat6b,one_to_one,True
MARS1,Mars1,Mars,one_to_one,True
MLLT10,Mllt10,Mllt10,one_to_one,True
SKP2,Skp2,Skp2,one_to_one,True
PLEKHG4,Plekhg4,,one_to_one,False
MTSS2,Mtss2,,one_to_one,False
POU2F2,Pou2f2,Pou2f2,one_to_one,True
THRAP3,Thrap3,Thrap3,one_to_one,True
TTC7A,Ttc7,Ttc7,one_to_one,True
SYNE2,Syne2,Syne2,one_to_one,True
PCK2,Pck2,Pck2,one_to_one,True
IDO2,Ido2,,one_to_one,False
IDO1,Ido1,,one_to_one,False
FABP2,Fabp2,,one_to_one,False
IFFO1,Iffo1,Iffo1,one_to_one,True
IFFO2,Iffo2,Iffo2,one_to_one,True
IFI27,Ifi27l2b,,ambiguous_orthology,False
IFI27L2,Ifi27l2b,,ambiguous_orthology,False
IFI27L1,Ifi27l2b,,ambiguous_orthology,False
IFIT1B,Ifit1,Ifit1,ambiguous_orthology,False
IFIT1,Ifit1,Ifit1,ambiguous_orthology,False
IFIT1B,Ifit1bl2,,ambiguous_orthology,False
IFIT1,Ifit1bl2,,ambiguous_orthology,False
IFIT2,Ifit2,Ifit2,one_to_one,True
IFIT1B,Ifit1bl1,Ifit1bl1,ambiguous_orthology,False
IFIT1,Ifit1bl1,Ifit1bl1,ambiguous_orthology,False
IFIT3,Ifit3,Ifit3,one_to_one,True
IFIT3,Ifit3b,Ifit3b,one_to_one,True
IFITM3,Ifitm7,,one_to_one,False
IFITM3,Ifitm1,,ambiguous_orthology,False
IFITM1,Ifitm1,,ambiguous_orthology,False
IFITM3,Ifitm2,Ifitm2,ambiguous_orthology,False
IFITM2,Ifitm2,Ifitm2,ambiguous_orthology,False
IFITM3,Ifitm3,Ifitm3,one_to_one,True
IFITM3,Ifitm6,,one_to_one,True
IFNK,Ifnk,,one_to_one,False
IFNA1,Ifna14,,ambiguous_orthology,False
IFNA16,Ifna14,,ambiguous_orthology,False
IFNA4,Ifna14,,ambiguous_orthology,False
IFNA7,Ifna14,,ambiguous_orthology,False
IFNA8,Ifna14,,ambiguous_orthology,False
IFNA17,Ifna14,,ambiguous_orthology,False
IFNA6,Ifna14,,ambiguous_orthology,False
IFNA14,Ifna14,,ambiguous_orthology,False
IFNA2,Ifna14,,ambiguous_orthology,False
IFNA13,Ifna14,,ambiguous_orthology,False
IFNA10,Ifna14,,ambiguous_orthology,False
IFNA5,Ifna14,,ambiguous_orthology,False
IFNA21,Ifna14,,ambiguous_orthology,False
IFNA1,Ifna1,,ambiguous_orthology,False
IFNA16,Ifna1,,ambiguous_orthology,False
IFNA4,Ifna1,,ambiguous_orthology,False
IFNA7,Ifna1,,ambiguous_orthology,False
IFNA8,Ifna1,,ambiguous_orthology,False
IFNA17,Ifna1,,ambiguous_orthology,False
IFNA6,Ifna1,,ambiguous_orthology,False
IFNA14,Ifna1,,ambiguous_orthology,False
IFNA2,Ifna1,,ambiguous_orthology,False
IFNA13,Ifna1,,ambiguous_orthology,False
IFNA10,Ifna1,,ambiguous_orthology,False
IFNA5,Ifna1,,ambiguous_orthology,False
IFNA21,Ifna1,,ambiguous_orthology,False
IFNA1,Ifna16,,ambiguous_orthology,False
IFNA16,Ifna16,,ambiguous_orthology,False
IFNA4,Ifna16,,ambiguous_orthology,False
IFNA7,Ifna16,,ambiguous_orthology,False
IFNA8,Ifna16,,ambiguous_orthology,False
IFNA17,Ifna16,,ambiguous_orthology,False
IFNA6,Ifna16,,ambiguous_orthology,False
IFNA14,Ifna16,,ambiguous_orthology,False
IFNA2,Ifna16,,ambiguous_orthology,False
IFNA13,Ifna16,,ambiguous_orthology,False
IFNA10,Ifna16,,ambiguous_orthology,False
IFNA5,Ifna16,,ambiguous_orthology,False
IFNA21,Ifna16,,ambiguous_orthology,False
IFNA1,Ifna2,,ambiguous_orthology,False
IFNA16,Ifna2,,ambiguous_orthology,False
IFNA4,Ifna2,,ambiguous_orthology,False
IFNA7,Ifna2,,ambiguous_orthology,False
IFNA8,Ifna2,,ambiguous_orthology,False
IFNA17,Ifna2,,ambiguous_orthology,False
IFNA6,Ifna2,,ambiguous_orthology,False
IFNA14,Ifna2,,ambiguous_orthology,False
IFNA2,Ifna2,,ambiguous_orthology,False
IFNA13,Ifna2,,ambiguous_orthology,False
IFNA10,Ifna2,,ambiguous_orthology,False
IFNA5,Ifna2,,ambiguous_orthology,False
IFNA21,Ifna2,,ambiguous_orthology,False
IFNA1,Ifna13,,ambiguous_orthology,False
IFNA16,Ifna13,,ambiguous_orthology,False
IFNA4,Ifna13,,ambiguous_orthology,False
IFNA7,Ifna13,,ambiguous_orthology,False
IFNA8,Ifna13,,ambiguous_orthology,False
IFNA17,Ifna13,,ambiguous_orthology,False
IFNA6,Ifna13,,ambiguous_orthology,False
IFNA14,Ifna13,,ambiguous_orthology,False
IFNA2,Ifna13,,ambiguous_orthology,False
IFNA13,Ifna13,,ambiguous_orthology,False
IFNA10,Ifna13,,ambiguous_orthology,False
IFNA5,Ifna13,,ambiguous_orthology,False
IFNA21,Ifna13,,ambiguous_orthology,False
IFNA1,Ifna6,,ambiguous_orthology,False
IFNA16,Ifna6,,ambiguous_orthology,False
IFNA4,Ifna6,,ambiguous_orthology,False
IFNA7,Ifna6,,ambiguous_orthology,False
IFNA8,Ifna6,,ambiguous_orthology,False
IFNA17,Ifna6,,ambiguous_orthology,False
IFNA6,Ifna6,,ambiguous_orthology,False
IFNA14,Ifna6,,ambiguous_orthology,False
IFNA2,Ifna6,,ambiguous_orthology,False
IFNA13,Ifna6,,ambiguous_orthology,False
IFNA10,Ifna6,,ambiguous_orthology,False
IFNA5,Ifna6,,ambiguous_orthology,False
IFNA21,Ifna6,,ambiguous_orthology,False
IFNE,Ifne,,one_to_one,False
IFNA1,Ifna15,,ambiguous_orthology,False
IFNA16,Ifna15,,ambiguous_orthology,False
IFNA4,Ifna15,,ambiguous_orthology,False
IFNA7,Ifna15,,ambiguous_orthology,False
IFNA8,Ifna15,,ambiguous_orthology,False
IFNA17,Ifna15,,ambiguous_orthology,False
IFNA6,Ifna15,,ambiguous_orthology,False
IFNA14,Ifna15,,ambiguous_orthology,False
IFNA2,Ifna15,,ambiguous_orthology,False
IFNA13,Ifna15,,ambiguous_orthology,False
IFNA10,Ifna15,,ambiguous_orthology,False
IFNA5,Ifna15,,ambiguous_orthology,False
IFNA21,Ifna15,,ambiguous_orthology,False
IFNB1,Ifnb1,,one_to_one,False
IFNA1,Ifna11,,ambiguous_orthology,False
IFNA16,Ifna11,,ambiguous_orthology,False
IFNA4,Ifna11,,ambiguous_orthology,False
IFNA7,Ifna11,,ambiguous_orthology,False
IFNA8,Ifna11,,ambiguous_orthology,False
IFNA17,Ifna11,,ambiguous_orthology,False
IFNA6,Ifna11,,ambiguous_orthology,False
IFNA14,Ifna11,,ambiguous_orthology,False
IFNA2,Ifna11,,ambiguous_orthology,False
IFNA13,Ifna11,,ambiguous_orthology,False
IFNA10,Ifna11,,ambiguous_orthology,False
IFNA5,Ifna11,,ambiguous_orthology,False
IFNA21,Ifna11,,ambiguous_orthology,False
IFNA1,Ifna9,,ambiguous_orthology,False
IFNA16,Ifna9,,ambiguous_orthology,False
IFNA4,Ifna9,,ambiguous_orthology,False
IFNA7,Ifna9,,ambiguous_orthology,False
IFNA8,Ifna9,,ambiguous_orthology,False
IFNA17,Ifna9,,ambiguous_orthology,False
IFNA6,Ifna9,,ambiguous_orthology,False
IFNA14,Ifna9,,ambiguous_orthology,False
IFNA2,Ifna9,,ambiguous_orthology,False
IFNA13,Ifna9,,ambiguous_orthology,False
IFNA10,Ifna9,,ambiguous_orthology,False
IFNA5,Ifna9,,ambiguous_orthology,False
IFNA21,Ifna9,,ambiguous_orthology,False
IFNA1,Ifna5,,ambiguous_orthology,False
IFNA16,Ifna5,,ambiguous_orthology,False
IFNA4,Ifna5,,ambiguous_orthology,False
IFNA7,Ifna5,,ambiguous_orthology,False
IFNA8,Ifna5,,ambiguous_orthology,False
IFNA17,Ifna5,,ambiguous_orthology,False
IFNA6,Ifna5,,ambiguous_orthology,False
IFNA14,Ifna5,,ambiguous_orthology,False
IFNA2,Ifna5,,ambiguous_orthology,False
IFNA13,Ifna5,,ambiguous_orthology,False
IFNA10,Ifna5,,ambiguous_orthology,False
IFNA5,Ifna5,,ambiguous_orthology,False
IFNA21,Ifna5,,ambiguous_orthology,False
IFNA1,Ifna4,,ambiguous_orthology,False
IFNA16,Ifna4,,ambiguous_orthology,False
IFNA4,Ifna4,,ambiguous_orthology,False
IFNA7,Ifna4,,ambiguous_orthology,False
IFNA8,Ifna4,,ambiguous_orthology,False
IFNA17,Ifna4,,ambiguous_orthology,False
IFNA6,Ifna4,,ambiguous_orthology,False
IFNA14,Ifna4,,ambiguous_orthology,False
IFNA2,Ifna4,,ambiguous_orthology,False
IFNA13,Ifna4,,ambiguous_orthology,False
IFNA10,Ifna4,,ambiguous_orthology,False
IFNA5,Ifna4,,ambiguous_orthology,False
IFNA21,Ifna4,,ambiguous_orthology,False
IFNA1,Ifna12,,ambiguous_orthology,False
IFNA16,Ifna12,,ambiguous_orthology,False
IFNA4,Ifna12,,ambiguous_orthology,False
IFNA7,Ifna12,,ambiguous_orthology,False
IFNA8,Ifna12,,ambiguous_orthology,False
IFNA17,Ifna12,,ambiguous_orthology,False
IFNA6,Ifna12,,ambiguous_orthology,False
IFNA14,Ifna12,,ambiguous_orthology,False
IFNA2,Ifna12,,ambiguous_orthology,False
IFNA13,Ifna12,,ambiguous_orthology,False
IFNA10,Ifna12,,ambiguous_orthology,False
IFNA5,Ifna12,,ambiguous_orthology,False
IFNA21,Ifna12,,ambiguous_orthology,False
IFNA1,Ifnab,,ambiguous_orthology,False
IFNA16,Ifnab,,ambiguous_orthology,False
IFNA4,Ifnab,,ambiguous_orthology,False
IFNA7,Ifnab,,ambiguous_orthology,False
IFNA8,Ifnab,,ambiguous_orthology,False
IFNA17,Ifnab,,ambiguous_orthology,False
IFNA6,Ifnab,,ambiguous_orthology,False
IFNA14,Ifnab,,ambiguous_orthology,False
IFNA2,Ifnab,,ambiguous_orthology,False
IFNA13,Ifnab,,ambiguous_orthology,False
IFNA10,Ifnab,,ambiguous_orthology,False
IFNA5,Ifnab,,ambiguous_orthology,False
IFNA21,Ifnab,,ambiguous_orthology,False
IFNA1,Ifna7,,ambiguous_orthology,False
IFNA16,Ifna7,,ambiguous_orthology,False
IFNA4,Ifna7,,ambiguous_orthology,False
IFNA7,Ifna7,,ambiguous_orthology,False
IFNA8,Ifna7,,ambiguous_orthology,False
IFNA17,Ifna7,,ambiguous_orthology,False
IFNA6,Ifna7,,ambiguous_orthology,False
IFNA14,Ifna7,,ambiguous_orthology,False
IFNA2,Ifna7,,ambiguous_orthology,False
IFNA13,Ifna7,,ambiguous_orthology,False
IFNA10,Ifna7,,ambiguous_orthology,False
IFNA5,Ifna7,,ambiguous_orthology,False
IFNA21,Ifna7,,ambiguous_orthology,False
IFNG,Ifng,Ifng,one_to_one,True
IL22,Il22,,one_to_one,False
IGF1,Igf1,,one_to_one,False
IGF2BP2,Igf2bp2,Igf2bp2,one_to_one,True
IGFBP2,Igfbp2,,one_to_one,False
IGFBP3,Igfbp3,,one_to_one,False
IGFBP5,Igfbp5,,one_to_one,False
IGF1R,Igf1r,Igf1r,one_to_one,True
IGFN1,Igfn1,,one_to_one,False
IGHM,Ighm,Ighm,one_to_one,True
IGHMBP2,Ighmbp2,Ighmbp2,one_to_one,True
IGLV1-50,Igkv19-93,,ambiguous_orthology,False
IGLV1-44,Igkv19-93,,ambiguous_orthology,False
IGLV1-40,Igkv19-93,,ambiguous_orthology,False
IGKV4-1,Igkv8-21,,one_to_one,False
IGKV1-27,Igkv12-98,,one_to_one,False
IGKV1OR2-108,Igkv12-44,,ambiguous_orthology,False
IGKV1D-43,Igkv12-44,,ambiguous_orthology,False
IGKV1-27,Igkv12-44,,ambiguous_orthology,False
IGKV1D-8,Igkv12-44,,ambiguous_orthology,False
IGKV1-8,Igkv12-44,,ambiguous_orthology,False
IGKV3-11,Igkv3-3,,ambiguous_orthology,False
IGKV3D-11,Igkv3-3,,ambiguous_orthology,False
IGKV3-15,Igkv3-3,,ambiguous_orthology,False
IGKV3D-20,Igkv3-3,,ambiguous_orthology,False
IGKV3D-15,Igkv3-3,,ambiguous_orthology,False
IGKV3-7,Igkv3-3,,ambiguous_orthology,False
IGKV3D-7,Igkv3-3,,ambiguous_orthology,False
IGKV3OR2-268,Igkv3-3,,ambiguous_orthology,False
IGKV3-20,Igkv3-3,,ambiguous_orthology,False
IGKV1-33,Igkv14-111,,ambiguous_orthology,False
IGKV1D-43,Igkv14-111,,ambiguous_orthology,False
IGKV1D-33,Igkv14-111,,ambiguous_orthology,False
IGKV1-27,Igkv14-111,,ambiguous_orthology,False
IGKV1-12,Igkv14-111,,ambiguous_orthology,False
IGKV4-1,Igkv8-24,,one_to_one,False
IGLV1-50,Igkv10-96,,ambiguous_orthology,False
IGLV1-44,Igkv10-96,,ambiguous_orthology,False
IGLV1-40,Igkv10-96,,ambiguous_orthology,False
TRAV38-2DV8,Trdv2-1,,ambiguous_orthology,False
TRAV38-1,Trdv2-1,,ambiguous_orthology,False
IGKV4-1,Igkv6-25,,one_to_one,False
IGKV6D-41,Igkv5-37,,one_to_one,False
IGKV6-21,Igkv5-45,,ambiguous_orthology,False
IGKV6D-21,Igkv5-45,,ambiguous_orthology,False
IGKV6D-41,Igkv5-45,,ambiguous_orthology,False
IGKV1-27,Igkv13-85,,one_to_one,False
IGKV4-1,Igkv8-30,,one_to_one,False
IGLV1-50,Igkv14-130,,ambiguous_orthology,False
IGLV1-44,Igkv14-130,,ambiguous_orthology,False
IGLV1-40,Igkv14-130,,ambiguous_orthology,False
IGKV1-27,Igkv4-70,,one_to_one,False
IGKV6-21,Igkv5-43,,ambiguous_orthology,False
IGKV6D-21,Igkv5-43,,ambiguous_orthology,False
IGKV6D-41,Igkv5-43,,ambiguous_orthology,False
IGLV1-50,Igkv4-55,,ambiguous_orthology,False
IGLV2-11,Igkv4-55,,ambiguous_orthology,False
IGLV2-18,Igkv4-55,,ambiguous_orthology,False
IGLV2-14,Igkv4-55,,ambiguous_orthology,False
IGLV1-44,Igkv4-55,,ambiguous_orthology,False
IGLV1-40,Igkv4-55,,ambiguous_orthology,False
IGLV1-50,Igkv4-58,,ambiguous_orthology,False
IGLV2-11,Igkv4-58,,ambiguous_orthology,False
IGLV2-18,Igkv4-58,,ambiguous_orthology,False
IGLV2-14,Igkv4-58,,ambiguous_orthology,False
IGLV1-44,Igkv4-58,,ambiguous_orthology,False
IGLV1-40,Igkv4-58,,ambiguous_orthology,False
IGLV1-50,Igkv4-90,,ambiguous_orthology,False
IGLV2-11,Igkv4-90,,ambiguous_orthology,False
IGLV2-18,Igkv4-90,,ambiguous_orthology,False
IGLV2-14,Igkv4-90,,ambiguous_orthology,False
IGLV1-44,Igkv4-90,,ambiguous_orthology,False
IGLV1-40,Igkv4-90,,ambiguous_orthology,False
IGKV6-21,Igkv5-48,,ambiguous_orthology,False
IGKV6D-21,Igkv5-48,,ambiguous_orthology,False
IGKV6D-41,Igkv5-48,,ambiguous_orthology,False
IGKV4-1,Igkv6-14,,one_to_one,False
IGLV1-50,Igkv10-94,,ambiguous_orthology,False
IGLV1-44,Igkv10-94,,ambiguous_orthology,False
IGLV1-40,Igkv10-94,,ambiguous_orthology,False
IGKV4-1,Igkv8-34,,one_to_one,False
IGKV1OR2-108,Igkv16-104,,ambiguous_orthology,False
IGKV1-13,Igkv16-104,,ambiguous_orthology,False
IGKV1-39,Igkv16-104,,ambiguous_orthology,False
IGKV1D-43,Igkv16-104,,ambiguous_orthology,False
IGKV1-9,Igkv16-104,,ambiguous_orthology,False
IGKV1-17,Igkv16-104,,ambiguous_orthology,False
IGKV1-5,Igkv16-104,,ambiguous_orthology,False
IGKV1D-39,Igkv16-104,,ambiguous_orthology,False
IGKV1D-8,Igkv16-104,,ambiguous_orthology,False
IGKV1-37,Igkv16-104,,ambiguous_orthology,False
IGKV1D-13,Igkv16-104,,ambiguous_orthology,False
IGKV1-8,Igkv16-104,,ambiguous_orthology,False
IGKV3-11,Igkv3-12,,ambiguous_orthology,False
IGKV3D-11,Igkv3-12,,ambiguous_orthology,False
IGKV3-15,Igkv3-12,,ambiguous_orthology,False
IGKV3D-20,Igkv3-12,,ambiguous_orthology,False
IGKV3D-15,Igkv3-12,,ambiguous_orthology,False
IGKV3-7,Igkv3-12,,ambiguous_orthology,False
IGKV3D-7,Igkv3-12,,ambiguous_orthology,False
IGKV3OR2-268,Igkv3-12,,ambiguous_orthology,False
IGKV3-20,Igkv3-12,,ambiguous_orthology,False
IGKV2D-29,Igkv1-110,,ambiguous_orthology,False
IGKV2D-26,Igkv1-110,,ambiguous_orthology,False
IGKV2-29,Igkv1-110,,ambiguous_orthology,False
IGLV1-50,Igkv4-92,,ambiguous_orthology,False
IGLV2-11,Igkv4-92,,ambiguous_orthology,False
IGLV2-18,Igkv4-92,,ambiguous_orthology,False
IGLV2-14,Igkv4-92,,ambiguous_orthology,False
IGLV1-44,Igkv4-92,,ambiguous_orthology,False
IGLV1-40,Igkv4-92,,ambiguous_orthology,False
IGKV1-27,Igkv12-89,,one_to_one,False
IGKV3-11,Igkv3-4,,ambiguous_orthology,False
IGKV3D-11,Igkv3-4,,ambiguous_orthology,False
IGKV3-15,Igkv3-4,,ambiguous_orthology,False
IGKV3D-20,Igkv3-4,,ambiguous_orthology,False
IGKV3D-15,Igkv3-4,,ambiguous_orthology,False
IGKV3-7,Igkv3-4,,ambiguous_orthology,False
IGKV3D-7,Igkv3-4,,ambiguous_orthology,False
IGKV3OR2-268,Igkv3-4,,ambiguous_orthology,False
IGKV3-20,Igkv3-4,,ambiguous_orthology,False
IGKV4-1,Igkv6-29,,one_to_one,False
IGLV3-12,Igkv4-50,,ambiguous_orthology,False
IGLV1-50,Igkv4-50,,ambiguous_orthology,False
IGLV2-33,Igkv4-50,,ambiguous_orthology,False
IGLV2-11,Igkv4-50,,ambiguous_orthology,False
IGLV2-18,Igkv4-50,,ambiguous_orthology,False
IGLV2-8,Igkv4-50,,ambiguous_orthology,False
IGLV3-21,Igkv4-50,,ambiguous_orthology,False
IGLV1-51,Igkv4-50,,ambiguous_orthology,False
IGLV2-14,Igkv4-50,,ambiguous_orthology,False
IGLV1-47,Igkv4-50,,ambiguous_orthology,False
IGLV1-44,Igkv4-50,,ambiguous_orthology,False
IGLV1-36,Igkv4-50,,ambiguous_orthology,False
IGLV1-40,Igkv4-50,,ambiguous_orthology,False
IGLV2-23,Igkv4-50,,ambiguous_orthology,False
IGKV3-11,Igkv3-9,,ambiguous_orthology,False
IGKV3D-11,Igkv3-9,,ambiguous_orthology,False
IGKV3-15,Igkv3-9,,ambiguous_orthology,False
IGKV3D-20,Igkv3-9,,ambiguous_orthology,False
IGKV3D-15,Igkv3-9,,ambiguous_orthology,False
IGKV3-7,Igkv3-9,,ambiguous_orthology,False
IGKV3D-7,Igkv3-9,,ambiguous_orthology,False
IGKV3OR2-268,Igkv3-9,,ambiguous_orthology,False
IGKV3-20,Igkv3-9,,ambiguous_orthology,False
IGKV3-11,Igkv3-2,,ambiguous_orthology,False
IGKV3D-11,Igkv3-2,,ambiguous_orthology,False
IGKV3-15,Igkv3-2,,ambiguous_orthology,False
IGKV3D-20,Igkv3-2,,ambiguous_orthology,False
IGKV3D-15,Igkv3-2,,ambiguous_orthology,False
IGKV3-7,Igkv3-2,,ambiguous_orthology,False
IGKV3D-7,Igkv3-2,,ambiguous_orthology,False
IGKV3OR2-268,Igkv3-2,,ambiguous_orthology,False
IGKV3-20,Igkv3-2,,ambiguous_orthology,False
IGKV1-27,Igkv13-84,,one_to_one,False
IGKV1-27,Igkv12-41,,one_to_one,False
IGKV6D-41,Igkv5-39,,one_to_one,False
IGKV2D-29,Igkv1-122,,ambiguous_orthology,False
IGKV2D-26,Igkv1-122,,ambiguous_orthology,False
IGKV2-29,Igkv1-122,,ambiguous_orthology,False
IGKV4-1,Igkv8-18,,one_to_one,False
IGKV2-30,Igkv1-133,,ambiguous_orthology,False
IGKV2D-30,Igkv1-133,,ambiguous_orthology,False
IGKV2D-24,Igkv1-133,,ambiguous_orthology,False
IGKV2-24,Igkv1-133,,ambiguous_orthology,False
IGKV3-11,Igkv3-5,,ambiguous_orthology,False
IGKV3D-11,Igkv3-5,,ambiguous_orthology,False
IGKV3-15,Igkv3-5,,ambiguous_orthology,False
IGKV3D-20,Igkv3-5,,ambiguous_orthology,False
IGKV3D-15,Igkv3-5,,ambiguous_orthology,False
IGKV3-7,Igkv3-5,,ambiguous_orthology,False
IGKV3D-7,Igkv3-5,,ambiguous_orthology,False
IGKV3OR2-268,Igkv3-5,,ambiguous_orthology,False
IGKV3-20,Igkv3-5,,ambiguous_orthology,False
IGKV1-27,Igkv12-46,,one_to_one,False
IGKV4-1,Igkv8-26,,one_to_one,False
IGKV1D-16,Igkv15-103,,ambiguous_orthology,False
IGKV1D-37,Igkv15-103,,ambiguous_orthology,False
IGKV1OR2-108,Igkv15-103,,ambiguous_orthology,False
IGKV1-13,Igkv15-103,,ambiguous_orthology,False
IGKV1D-17,Igkv15-103,,ambiguous_orthology,False
IGKV1D-43,Igkv15-103,,ambiguous_orthology,False
IGKV1-6,Igkv15-103,,ambiguous_orthology,False
IGKV1-17,Igkv15-103,,ambiguous_orthology,False
IGKV1D-8,Igkv15-103,,ambiguous_orthology,False
IGKV1D-13,Igkv15-103,,ambiguous_orthology,False
IGKV1D-12,Igkv15-103,,ambiguous_orthology,False
IGKV1-8,Igkv15-103,,ambiguous_orthology,False
IGKV1-12,Igkv15-103,,ambiguous_orthology,False
IGKV1-16,Igkv15-103,,ambiguous_orthology,False
IGKV3-11,Igkv3-10,,ambiguous_orthology,False
IGKV3D-11,Igkv3-10,,ambiguous_orthology,False
IGKV3-15,Igkv3-10,,ambiguous_orthology,False
IGKV3D-20,Igkv3-10,,ambiguous_orthology,False
IGKV3D-15,Igkv3-10,,ambiguous_orthology,False
IGKV3-7,Igkv3-10,,ambiguous_orthology,False
IGKV3D-7,Igkv3-10,,ambiguous_orthology,False
IGKV3OR2-268,Igkv3-10,,ambiguous_orthology,False
IGKV3-20,Igkv3-10,,ambiguous_orthology,False
IGKV4-1,Igkv6-17,,one_to_one,False
IGKV1-27,Igkv4-69,,one_to_one,False
IGKV1-33,Igkv14-126,,ambiguous_orthology,False
IGKV1D-43,Igkv14-126,,ambiguous_orthology,False
IGKV1D-33,Igkv14-126,,ambiguous_orthology,False
IGKV1-27,Igkv14-126,,ambiguous_orthology,False
IGKV1-12,Igkv14-126,,ambiguous_orthology,False
IGKV2D-29,Igkv1-117,,ambiguous_orthology,False
IGKV2D-26,Igkv1-117,,ambiguous_orthology,False
IGKV2-29,Igkv1-117,,ambiguous_orthology,False
IGKV4-1,Igkv8-19,,one_to_one,False
IGLV1-50,Igkv14-100,,ambiguous_orthology,False
IGLV1-44,Igkv14-100,,ambiguous_orthology,False
IGLV1-40,Igkv14-100,,ambiguous_orthology,False
IGKV4-1,Igkv7-33,,one_to_one,False
IGLV1-50,Igkv4-57,,ambiguous_orthology,False
IGLV2-11,Igkv4-57,,ambiguous_orthology,False
IGLV2-18,Igkv4-57,,ambiguous_orthology,False
IGLV2-14,Igkv4-57,,ambiguous_orthology,False
IGLV1-44,Igkv4-57,,ambiguous_orthology,False
IGLV1-40,Igkv4-57,,ambiguous_orthology,False
IGLV1-50,Igkv4-74,,ambiguous_orthology,False
IGLV2-11,Igkv4-74,,ambiguous_orthology,False
IGLV2-18,Igkv4-74,,ambiguous_orthology,False
IGLV2-14,Igkv4-74,,ambiguous_orthology,False
IGLV1-44,Igkv4-74,,ambiguous_orthology,False
IGLV1-40,Igkv4-74,,ambiguous_orthology,False
IGKV4-1,Igkv6-20,,one_to_one,False
IGKV4-1,Igkv6-15,,one_to_one,False
TRAV14DV4,Trav16,,ambiguous_orthology,False
TRAV19,Trav16,,ambiguous_orthology,False
IGKV2-30,Igkv1-135,,ambiguous_orthology,False
IGKV2D-30,Igkv1-135,,ambiguous_orthology,False
IGKV2D-24,Igkv1-135,,ambiguous_orthology,False
IGKV2-24,Igkv1-135,,ambiguous_orthology,False
IGKV3-11,Igkv3-7,,ambiguous_orthology,False
IGKV3D-11,Igkv3-7,,ambiguous_orthology,False
IGKV3-15,Igkv3-7,,ambiguous_orthology,False
IGKV3D-20,Igkv3-7,,ambiguous_orthology,False
IGKV3D-15,Igkv3-7,,ambiguous_orthology,False
IGKV3-7,Igkv3-7,,ambiguous_orthology,False
IGKV3D-7,Igkv3-7,,ambiguous_orthology,False
IGKV3OR2-268,Igkv3-7,,ambiguous_orthology,False
IGKV3-20,Igkv3-7,,ambiguous_orthology,False
IGKV1-33,Igkv11-125,,ambiguous_orthology,False
IGKV1-12,Igkv11-125,,ambiguous_orthology,False
CADM2,Cadm2,,one_to_one,False
IGSF5,Igsf5,,one_to_one,False
DZIP1,Dzip1,Dzip1,one_to_one,True
ELP1,Elp1,Elp1,one_to_one,True
IKZF1,Ikzf1,Ikzf1,one_to_one,True
CHUK,Chuk,Chuk,one_to_one,True
IKBKB,Ikbkb,Ikbkb,one_to_one,True
IKBKE,Ikbke,Ikbke,one_to_one,True
METTL23,Mettl23,Mettl23,one_to_one,True
RSRC2,Rsrc2,Rsrc2,one_to_one,True
RBPJ,Rbpj,Rbpj,one_to_one,True
C19orf44,1700030K09Rik,1700030K09Rik,one_to_one,True
UGDH,Ugdh,Ugdh,one_to_one,True
SF3B3,Sf3b3,Sf3b3,one_to_one,True
NACA,Naca,Naca,one_to_one,True
GNG5B,Gng5,Gng5,ambiguous_orthology,False
GNG5,Gng5,Gng5,ambiguous_orthology,False
GNG5B,Gng5c,Gm4356,one_to_one,True
SET,Set,Set,ambiguous_orthology,False
SETSIP,Set,Set,ambiguous_orthology,False
RPE,Rpe,Rpe,ambiguous_orthology,False
RPEL1,Rpe,Rpe,ambiguous_orthology,False
ZDHHC3,Zdhhc3,Zdhhc3,one_to_one,True
PPP1CB,Ppp1cb,Ppp1cb,one_to_one,True
NUP88,Nup88,Nup88,one_to_one,True
RPA2,Rpa2,Rpa2,one_to_one,True
PPP2R1A,Ppp2r1a,Ppp2r1a,one_to_one,True
PPP2R1B,Ppp2r1b,Ppp2r1b,one_to_one,True
IL12A,Il12a,,one_to_one,False
IL12RB2,Il12rb2,Il12rb2,one_to_one,True
IL13RA1,Il13ra1,,one_to_one,False
IL13RA2,Il13ra2,,one_to_one,False
IL1RAPL2,Il1rapl2,,one_to_one,False
IL36G,Il36g,,one_to_one,False
IL36A,Il36a,,one_to_one,False
IL1RN,Il1rn,,one_to_one,False
IL36B,Il36b,,one_to_one,False
IL33R,Il1rl1,,one_to_one,False
IL21R,Il21r,Il21r,one_to_one,True
EBI3,Ebi3,Ebi3,one_to_one,True
IL2RG,Il2rg,Il2rg,one_to_one,True
IL20,Il20,,one_to_one,False
IL19,Il19,,one_to_one,False
CSF2RB,Csf2rb,,one_to_one,False
CSF2RB,Csf2rb2,,one_to_one,False
IL13,Il13,,one_to_one,False
IL4,Il4,Il4,one_to_one,True
CLEC4A,Clec4a1,,one_to_one,False
CLEC4E,Clec4e,,one_to_one,False
CLEC6A,Clec4n,,one_to_one,False
CLEC4D,Clec4d,,one_to_one,False
NMT1,Nmt1,Nmt1,one_to_one,True
DHX15,Dhx15,Dhx15,one_to_one,True
PHF2,Phf2,Phf2,one_to_one,True
CYB5R4,Cyb5r4,Cyb5r4,one_to_one,True
CCNI,Ccni,Ccni,one_to_one,True
MFF,Mff,Mff,one_to_one,True
CTNNA2,Ctnna2,,one_to_one,False
CTNNA3,Ctnna3,,one_to_one,False
FKBP6,Fkbp6,,one_to_one,False
MRC1,Mrc1,,one_to_one,False
WEE2,Wee2,,one_to_one,False
PAK4,Pak4,Pak4,one_to_one,True
S1PR4,S1pr4,S1pr4,one_to_one,True
DENR,Denr,Denr,one_to_one,True
ZBTB21,Zbtb21,Zbtb21,one_to_one,True
TMX4,Tmx4,Tmx4,one_to_one,True
UBB,Ubb,Ubb,one_to_one,True
ST3GAL3,St3gal3,St3gal3,one_to_one,True
TIMMDC1,Timmdc1,Timmdc1,one_to_one,True
CCDC9,Ccdc9,Ccdc9,one_to_one,True
MRPL12,Mrpl12,Mrpl12,one_to_one,True
PRAF2,Praf2,Praf2,one_to_one,True
ATPAF2,Atpaf2,Atpaf2,one_to_one,True
RRN3,Rrn3,Rrn3,ambiguous_orthology,False
RRN3P2,Rrn3,Rrn3,ambiguous_orthology,False
DCLRE1B,Dclre1b,Dclre1b,one_to_one,True
CETN3,Cetn3,Cetn3,one_to_one,True
MRPS35,Mrps35,Mrps35,one_to_one,True
PEX16,Pex16,Pex16,one_to_one,True
PPAT,Ppat,Ppat,one_to_one,True
HAUS7,Haus7,Haus7,one_to_one,True
NGLY1,Ngly1,Ngly1,one_to_one,True
NADK,Nadk,Nadk,one_to_one,True
MFGE8,Mfge8,Mfge8,one_to_one,True
PPP2R3B,Ppp2r3d,Ppp2r3d,one_to_one,True
PFDN2,Pfdn2,Pfdn2,one_to_one,True
ICMT,Icmt,Icmt,one_to_one,True
MRPL37,Mrpl37,Mrpl37,one_to_one,True
CRYL1,Cryl1,Cryl1,one_to_one,True
MAIP1,Maip1,Maip1,one_to_one,True
TIMM8A,Timm8a1,Timm8a1,one_to_one,True
LRRC30,Lrrc30,,one_to_one,False
PLEKHH1,Plekhh1,,one_to_one,False
NDUFB11,Ndufb11,Ndufb11,one_to_one,True
VPS25,Vps25,Vps25,one_to_one,True
TYW1B,Tyw1,Tyw1,ambiguous_orthology,False
TYW1,Tyw1,Tyw1,ambiguous_orthology,False
PMF1-BGLAP,Pmf1,Pmf1,ambiguous_orthology,False
PMF1,Pmf1,Pmf1,ambiguous_orthology,False
SURF1,Surf1,Surf1,one_to_one,True
CARD19,Card19,Card19,one_to_one,True
TAF10,Taf10,Taf10,one_to_one,True
PALS2,Pals2,Mpp6,one_to_one,True
VRK3,Vrk3,Vrk3,one_to_one,True
ALKBH3,Alkbh3,Alkbh3,one_to_one,True
WDR4,Wdr4,Wdr4,one_to_one,True
NPRL2,Nprl2,Nprl2,one_to_one,True
CYBRD1,Cybrd1,,one_to_one,False
PTK2B,Ptk2b,Ptk2b,one_to_one,True
SNCG,Sncg,,one_to_one,False
UQCRB,Uqcrb,Uqcrb,one_to_one,True
NIF3L1,Nif3l1,Nif3l1,one_to_one,True
TRIP13,Trip13,Trip13,one_to_one,True
NUDCD1,Nudcd1,Nudcd1,one_to_one,True
GGNBP2,Ggnbp2,Ggnbp2,one_to_one,True
TMEM135,Tmem135,Tmem135,one_to_one,True
MRPL34,Mrpl34,Mrpl34,one_to_one,True
ABCF3,Abcf3,Abcf3,one_to_one,True
MRPL9,Mrpl9,Mrpl9,one_to_one,True
SIVA1,Siva1,Siva1,one_to_one,True
SPC25,Spc25,Spc25,one_to_one,True
PIGL,Pigl,Pigl,one_to_one,True
GPX7,Gpx7,,one_to_one,False
SPAM1,Spam1,,one_to_one,False
SPAM1,Hyal5,,one_to_one,False
CAV3,Cav3,,one_to_one,False
MIPEP,Mipep,Mipep,one_to_one,True
RAB9A,Rab9,Rab9,one_to_one,True
CYP2C18,Cyp2c55,,one_to_one,False
CYP2B6,Cyp2b9,,one_to_one,False
CYP2G1P,Cyp2g1,,one_to_one,False
CYP2A6,Cyp2a4,,ambiguous_orthology,False
CYP2A7,Cyp2a4,,ambiguous_orthology,False
CYP2A13,Cyp2a4,,ambiguous_orthology,False
CYP2C8,Cyp2c66,,one_to_one,False
CYP2F2P,Cyp2f2,,ambiguous_orthology,False
CYP2F1,Cyp2f2,,ambiguous_orthology,False
CYP2A6,Cyp2a22,,ambiguous_orthology,False
CYP2A7,Cyp2a22,,ambiguous_orthology,False
CYP2A13,Cyp2a22,,ambiguous_orthology,False
CYP2B6,Cyp2b10,,one_to_one,False
CYP2A6,Cyp2a5,,ambiguous_orthology,False
CYP2A7,Cyp2a5,,ambiguous_orthology,False
CYP2A13,Cyp2a5,,ambiguous_orthology,False
CYP2B6,Cyp2b19,,one_to_one,False
CYP2A6,Cyp2a12,,ambiguous_orthology,False
CYP2A7,Cyp2a12,,ambiguous_orthology,False
CYP2A13,Cyp2a12,,ambiguous_orthology,False
CYP2B6,Cyp2b23,,one_to_one,False
CYP2B6,Cyp2b13,,one_to_one,False
CYP2C8,Cyp2c65,,one_to_one,False
CYP2C23P,Cyp2c23,,one_to_one,False
PTGR2,Ptgr2,Ptgr2,one_to_one,True
CINP,Cinp,Cinp,one_to_one,True
TMEM179B,Tmem179b,Tmem179b,one_to_one,True
AIFM2,Aifm2,Aifm2,one_to_one,True
PGPEP1,Pgpep1,Pgpep1,one_to_one,True
COX11,Cox11,Cox11,one_to_one,True
CYB5D2,Cyb5d2,Cyb5d2,one_to_one,True
ATG101,Atg101,Atg101,one_to_one,True
NEB,Neb,,one_to_one,False
ABR,Abr,Abr,one_to_one,True
TMEM45A,Tmem45a,,one_to_one,False
TMEM45A,Tmem45a2,,one_to_one,False
UBFD1,Ubfd1,Ubfd1,one_to_one,True
STK35,Stk35,Stk35,one_to_one,True
FIS1,Fis1,Fis1,one_to_one,True
SNX22,Snx22,,one_to_one,False
DAP3,Dap3,Dap3,one_to_one,True
B9D1,B9d1,,one_to_one,False
ZBTB3,Zbtb3,,one_to_one,False
RPS16,Rps16,Rps16,one_to_one,True
PYURF,Pyurf,,one_to_one,False
RAD50,Rad50,Rad50,one_to_one,True
TMEM167B,Tmem167b,Tmem167b,one_to_one,True
FBLN2,Fbln2,,one_to_one,False
MRPS30,Mrps30,Mrps30,one_to_one,True
FDX1,Fdx1,Fdx1,one_to_one,True
LMAN2L,Lman2l,Lman2l,one_to_one,True
VPS16,Vps16,Vps16,one_to_one,True
ARMC8,Armc8,Armc8,one_to_one,True
MRPL2,Mrpl2,Mrpl2,one_to_one,True
RPA3,Rpa3,Rpa3,one_to_one,True
CBR4,Cbr4,Cbr4,one_to_one,True
UCHL3,Uchl3,Uchl3,one_to_one,True
UCHL3,Uchl4,,one_to_one,True
CAPN2,Capn2,Capn2,one_to_one,True
SNRPD2,Snrpd2,Snrpd2,one_to_one,True
EXOSC9,Exosc9,Exosc9,one_to_one,True
HMOX2,Hmox2,Hmox2,one_to_one,True
TMEM33,Tmem33,Tmem33,one_to_one,True
GPS1,Gps1,Gps1,one_to_one,True
DEGS2,Degs2,Degs2,one_to_one,True
NDRG2,Ndrg2,Ndrg2,one_to_one,True
RSPH1,Rsph1,Rsph1,one_to_one,True
FNTA,Fnta,Fnta,one_to_one,True
MANF,Manf,Manf,one_to_one,True
PSMB4,Psmb4,Psmb4,one_to_one,True
SUPT7L,Supt7l,Supt7l,one_to_one,True
TRIL,Tril,,one_to_one,False
LYRM2,Lyrm2,Lyrm2,one_to_one,True
PSMA3,Psma3,Psma3,one_to_one,True
FMOD,Fmod,,one_to_one,False
ACP1,Acp1,Acp1,one_to_one,True
SRPX,Srpx,,one_to_one,False
UPP1,Upp1,,one_to_one,False
PPP1R37,Ppp1r37,Ppp1r37,one_to_one,True
MAST3,Mast3,Mast3,one_to_one,True
RICTOR,Rictor,Rictor,one_to_one,True
MRPS10,Mrps10,Mrps10,one_to_one,True
MRPL33,Mrpl33,Mrpl33,one_to_one,True
CBX4,Cbx4,Cbx4,one_to_one,True
PIGA,Piga,Piga,one_to_one,True
NBN,Nbn,Nbn,one_to_one,True
SLC75A1,Slc75a1,Mfsd10,one_to_one,True
MYLK4,Mylk4,,one_to_one,False
ATL3,Atl3,Atl3,one_to_one,True
SLC35G2,Slc35g2,,one_to_one,False
PDZD4,Pdzd4,,one_to_one,False
KNTC1,Kntc1,,one_to_one,False
XXYLT1,Xxylt1,Xxylt1,one_to_one,True
PCF11,Pcf11,Pcf11,one_to_one,True
NECAB2,Necab2,,one_to_one,False
NEU3,Neu3,Neu3,one_to_one,True
ITGB8,Itgb8,,one_to_one,False
EIF5B,Eif5b,Eif5b,one_to_one,True
CCDC87,Ccdc87,,one_to_one,False
PPM1K,Ppm1k,Ppm1k,one_to_one,True
SPOPL,Spopl,Spopl,one_to_one,True
SNX4,Snx4,Snx4,one_to_one,True
REV3L,Rev3l,Rev3l,one_to_one,True
UBC,Ubc,Ubc,one_to_one,True
OGDH,Ogdh,Ogdh,one_to_one,True
PRKAR1A,Prkar1a,Prkar1a,one_to_one,True
NAMPT,Nampt,Nampt,one_to_one,True
RBM14,Rbm14,Rbm14,ambiguous_orthology,False
RBM14-RBM4,Rbm14,Rbm14,ambiguous_orthology,False
IFRD1,Ifrd1,Ifrd1,one_to_one,True
SORL1,Sorl1,Sorl1,one_to_one,True
GPATCH1,Gpatch1,Gpatch1,one_to_one,True
TXNRD2,Txnrd2,Txnrd2,one_to_one,True
DEXI,Dexi,Dexi,one_to_one,True
POLR2A,Polr2a,Polr2a,one_to_one,True
TTC39A,Ttc39a,,one_to_one,False
COBL,Cobl,,one_to_one,False
LOXL2,Loxl2,,one_to_one,False
GGT6,Ggt6,,one_to_one,False
RAI14,Rai14,,one_to_one,False
CPLANE2,Cplane2,,one_to_one,False
MARVELD1,Marveld1,Marveld1,one_to_one,True
SRRM4,Srrm4,,one_to_one,False
CEP19,Cep19,Cep19,one_to_one,True
BSND,Bsnd,,one_to_one,False
ZNF346,Zfp346,Zfp346,one_to_one,True
PPP1R7,Ppp1r7,Ppp1r7,one_to_one,True
MAP6,Map6,,one_to_one,False
DOK4,Dok4,Dok4,one_to_one,True
POGZ,Pogz,Pogz,one_to_one,True
RAB22A,Rab22a,Rab22a,one_to_one,True
ELAPOR1,Elapor1,,one_to_one,False
HARS1,Hars1,Hars,one_to_one,True
HARS2,Hars2,Hars2,one_to_one,True
ZMYM4,Zmym4,Zmym4,one_to_one,True
EFCAB10,Efcab10,,one_to_one,False
TET2,Tet2,Tet2,one_to_one,True
RGL2,Rgl2,Rgl2,one_to_one,True
MAPK13,Mapk13,,one_to_one,False
GTF3C3,Gtf3c3,Gtf3c3,one_to_one,True
CASP9,Casp9,Casp9,one_to_one,True
VPS33A,Vps33a,Vps33a,one_to_one,True
MYL4,Myl4,Myl4,one_to_one,True
THAP7,Thap7,Thap7,one_to_one,True
TMEM86A,Tmem86a,Tmem86a,one_to_one,True
MARVELD2,Marveld2,Marveld2,one_to_one,True
PFKM,Pfkm,Pfkm,one_to_one,True
TBC1D25,Tbc1d25,Tbc1d25,one_to_one,True
MYBPC2,Mybpc2,,one_to_one,False
UBE2C,Ube2c,Ube2c,one_to_one,True
SHISA9,Shisa9,,one_to_one,False
L3MBTL2,L3mbtl2,L3mbtl2,one_to_one,True
RGS3,Rgs3,Rgs3,one_to_one,True
ZFYVE27,Zfyve27,Zfyve27,one_to_one,True
RFX1,Rfx1,Rfx1,one_to_one,True
RP9,Rp9,Rp9,one_to_one,True
PALM2AKAP2,Pakap,Pakap-1,one_to_one,True
TBCC,Tbcc,Tbcc,one_to_one,True
SKIDA1,Skida1,,one_to_one,False
RBX1,Rbx1,Rbx1,one_to_one,True
MATN4,Matn4,,one_to_one,False
SIPA1L2,Sipa1l2,Sipa1l2,one_to_one,True
XRCC5,Xrcc5,Xrcc5,one_to_one,True
FNDC3B,Fndc3b,,one_to_one,False
METTL5,Mettl5,Mettl5,one_to_one,True
TXNDC11,Txndc11,Txndc11,one_to_one,True
PSMD5,Psmd5,Psmd5,one_to_one,True
SLC7A6OS,Slc7a6os,Slc7a6os,one_to_one,True
GINS4,Gins4,Gins4,one_to_one,True
MGA,Mga,Mga,one_to_one,True
RCE1,Rce1,Rce1,one_to_one,True
RYR1,Ryr1,,one_to_one,False
ST18,St18,,one_to_one,False
PPIP5K2,Ppip5k2,Ppip5k2,one_to_one,True
HMCES,Hmces,Hmces,one_to_one,True
GRIN2D,Grin2d,,one_to_one,False
MRPL48,Mrpl48,Mrpl48,one_to_one,True
SRCAP,Srcap,Srcap,one_to_one,True
PTPMT1,Ptpmt1,Ptpmt1,one_to_one,True
CRIPT,Cript,Cript,one_to_one,True
SMPDL3B,Smpdl3b,,one_to_one,False
CILP,Cilp,,one_to_one,False
TOP2B,Top2b,Top2b,one_to_one,True
LRBA,Lrba,Lrba,one_to_one,True
RPP14,Rpp14,Rpp14,one_to_one,True
USP28,Usp28,Usp28,one_to_one,True
SALL3,Sall3,,one_to_one,False
CDC7,Cdc7,Cdc7,one_to_one,True
NBEA,Nbea,,one_to_one,False
BRICD5,Bricd5,,one_to_one,False
GTF3C4,Gtf3c4,Gtf3c4,one_to_one,True
NFATC3,Nfatc3,Nfatc3,one_to_one,True
TBCK,Tbck,Tbck,one_to_one,True
PNPO,Pnpo,Pnpo,one_to_one,True
ZNF800,Zfp800,Zfp800,one_to_one,True
NPR3,Npr3,,one_to_one,False
IGSF9,Igsf9,,one_to_one,False
CCDC51,Ccdc51,Ccdc51,one_to_one,True
PKD1L2,Pkd1l2,,one_to_one,False
GNB2,Gnb2,Gnb2,one_to_one,True
GPATCH4,Gpatch4,Gpatch4,one_to_one,True
SNAPC5,Snapc5,Snapc5,one_to_one,True
THEMIS,Themis,Themis,one_to_one,True
ITFG2,Itfg2,Itfg2,one_to_one,True
GNPNAT1,Gnpnat1,Gnpnat1,one_to_one,True
CPN2,Cpn2,,one_to_one,False
PLBD1,Plbd1,,one_to_one,False
PTGER3,Ptger3,,one_to_one,False
PRKCA,Prkca,Prkca,one_to_one,True
LIG3,Lig3,Lig3,one_to_one,True
FUNDC2,Fundc2b,,one_to_one,False
FUNDC2,Fundc2,Fundc2,one_to_one,True
LBX1,Lbx1,,one_to_one,False
LRIG2,Lrig2,Lrig2,one_to_one,True
FLNC,Flnc,,one_to_one,False
USP48,Usp48,Usp48,one_to_one,True
CNOT10,Cnot10,Cnot10,one_to_one,True
REX1BD,Rex1bd,Rex1bd,one_to_one,True
C1orf159,9430015G10Rik,9430015G10Rik,one_to_one,True
METTL27,Mettl27,Mettl27,one_to_one,True
SIRT4,Sirt4,Sirt4,one_to_one,True
GALNT4,Galnt4,Galnt4,ambiguous_orthology,False
POC1B-GALNT4,Galnt4,Galnt4,ambiguous_orthology,False
MFSD8,Mfsd8,Mfsd8,one_to_one,True
SPOCK3,Spock3,,one_to_one,False
S100A5,S100a5,,one_to_one,False
IAH1,Iah1,Iah1,one_to_one,True
USP4,Usp4,Usp4,one_to_one,True
ABT1,Abt1,Abt1,one_to_one,True
IER3,Ier3,Ier3,one_to_one,True
CDC37L1,Cdc37l1,Cdc37l1,one_to_one,True
RBM15,Rbm15,Rbm15,one_to_one,True
MPI,Mpi,Mpi,one_to_one,True
PREP,Prep,Prep,one_to_one,True
VBP1,Vbp1,Vbp1,one_to_one,True
SPATA18,Spata18,,one_to_one,False
LRRC58,Lrrc58,Lrrc58,one_to_one,True
PALS1,Pals1,Mpp5,one_to_one,True
RPS6KC1,Rps6kc1,Rps6kc1,one_to_one,True
ATG4D,Atg4d,Atg4d,one_to_one,True
FAM135A,Fam135a,,one_to_one,False
LRRC8D,Lrrc8d,Lrrc8d,one_to_one,True
GALNT2,Galnt2,Galnt2,one_to_one,True
SKA2,Ska2,Ska2,one_to_one,True
PPP1R14B,Ppp1r14b,Ppp1r14b,one_to_one,True
PPP1R14B,Ppp1r14bl,,one_to_one,True
CENPF,Cenpf,Cenpf,one_to_one,True
RAB11FIP5,Rab11fip5,,one_to_one,False
PCSK6,Pcsk6,,one_to_one,False
PGM2L1,Pgm2l1,Pgm2l1,one_to_one,True
PPP1R14C,Ppp1r14c,,one_to_one,False
BRWD1,Brwd1,Brwd1,one_to_one,True
SGCA,Sgca,,one_to_one,False
UBE3A,Ube3a,Ube3a,one_to_one,True
SLC16A12,Slc16a12,,one_to_one,False
PIP5K1A,Pip5k1a,Pip5k1a,one_to_one,True
CUL4B,Cul4b,Cul4b,one_to_one,True
SSRP1,Ssrp1,Ssrp1,one_to_one,True
SDHA,Sdha,Sdha,one_to_one,True
UQCRHL,Uqcrh,Uqcrh,ambiguous_orthology,False
UQCRH,Uqcrh,Uqcrh,ambiguous_orthology,False
TSEN15,Tsen15,Tsen15,one_to_one,True
AARS2,Aars2,Aars2,one_to_one,True
NR1H3,Nr1h3,,one_to_one,False
ECSCR,Ecscr,,one_to_one,False
RBMX2,Rbmx2,Rbmx2,one_to_one,True
NUP210,Nup210,Nup210,one_to_one,True
TMCO4,Tmco4,Tmco4,one_to_one,True
TNIP1,Tnip1,Tnip1,one_to_one,True
ACAD9,Acad9,Acad9,one_to_one,True
RIOX1,Riox1,Riox1,one_to_one,True
DCLRE1C,Dclre1c,Dclre1c,one_to_one,True
NAA60,Naa60,Naa60,one_to_one,True
FLII,Flii,Flii,one_to_one,True
TTC9C,Ttc9c,Ttc9c,one_to_one,True
XRCC3,Xrcc3,Xrcc3,one_to_one,True
TRMT1L,Trmt1l,Trmt1l,one_to_one,True
FGFBP3,Fgfbp3,Fgfbp3,one_to_one,True
EFCAB6,Efcab6,,one_to_one,False
NSUN3,Nsun3,Nsun3,one_to_one,True
MCRIP2,Mcrip2,Mcrip2,one_to_one,True
POLD4,Pold4,Pold4,one_to_one,True
SVIL,Svil,Svil,one_to_one,True
KIF13B,Kif13b,Kif13b,one_to_one,True
COMMD9,Commd9,Commd9,one_to_one,True
MAL,Mal,,one_to_one,False
PLPP7,Plpp7,,one_to_one,False
RRP12,Rrp12,Rrp12,one_to_one,True
RAB24,Rab24,Rab24,one_to_one,True
IFT56,Ift56,,one_to_one,False
RNF4,Rnf4,Rnf4,one_to_one,True
MOCOS,Mocos,Mocos,one_to_one,True
SNRPA1,Snrpa1,Snrpa1,one_to_one,True
CMTM7,Cmtm7,Cmtm7,one_to_one,True
TRIP4,Trip4,Trip4,one_to_one,True
CPM,Cpm,Cpm,one_to_one,True
MAPKAP1,Mapkap1,Mapkap1,one_to_one,True
SETDB1,Setdb1,Setdb1,one_to_one,True
THADA,Thada,Thada,one_to_one,True
TTC1,Ttc1,Ttc1,one_to_one,True
CHD4,Chd4,Chd4,one_to_one,True
CKAP5,Ckap5,Ckap5,one_to_one,True
ELMO3,Elmo3,Elmo3,one_to_one,True
NUGGC,Nuggc,,one_to_one,False
NAA25,Naa25,Naa25,one_to_one,True
WAPL,Wapl,Wapl,one_to_one,True
MELTF,Meltf,,one_to_one,False
SLC25A18,Slc25a18,,one_to_one,False
GEMIN4,Gemin4,,one_to_one,False
INPP5F,Inpp5f,Inpp5f,one_to_one,True
HPS1,Hps1,Hps1,one_to_one,True
ZNF236,Zfp236,Zfp236,one_to_one,True
SFT2D2,Sft2d2,Sft2d2,one_to_one,True
SLC23A4P,Slc23a4,,one_to_one,False
HPSE,Hpse,,one_to_one,False
TSPAN10,Tspan10,,one_to_one,False
CRYBA2,Cryba2,,one_to_one,False
NUBP1,Nubp1,Nubp1,one_to_one,True
INTS9,Ints9,Ints9,one_to_one,True
PAXX,Paxx,Paxx,one_to_one,True
NRXN3,Nrxn3,,one_to_one,False
LRRCC1,Lrrcc1,Lrrcc1,one_to_one,True
SNX33,Snx33,Snx33,one_to_one,True
PCGF6,Pcgf6,Pcgf6,one_to_one,True
WDFY2,Wdfy2,Wdfy2,one_to_one,True
ZNF687,Zfp687,Zfp687,one_to_one,True
BBS1,Bbs1,,one_to_one,False
HEMK1,Hemk1,Hemk1,one_to_one,True
IFTAP,Iftap,,one_to_one,False
ELAC2,Elac2,Elac2,one_to_one,True
ALG2,Alg2,Alg2,one_to_one,True
TONSL,Tonsl,Tonsl,one_to_one,True
LPCAT3,Lpcat3,Lpcat3,one_to_one,True
DPP9,Dpp9,Dpp9,one_to_one,True
SMARCAL1,Smarcal1,Smarcal1,one_to_one,True
TRIM55,Trim55,,one_to_one,False
ACSF2,Acsf2,Acsf2,one_to_one,True
MAP7,Map7,Map7,one_to_one,True
CEP290,Cep290,Cep290,one_to_one,True
CDC6,Cdc6,Cdc6,one_to_one,True
FERMT2,Fermt2,,one_to_one,False
STOML1,Stoml1,Stoml1,one_to_one,True
ZUP1,Zup1,Zup1,one_to_one,True
EIF2A,Eif2a,Eif2a,one_to_one,True
XDH,Xdh,Xdh,one_to_one,True
SMYD2,Smyd2,Smyd2,one_to_one,True
MLX,Mlx,Mlx,one_to_one,True
ORAI1,Orai1,Orai1,one_to_one,True
MARCHF11,Marchf11,,one_to_one,False
AMBRA1,Ambra1,Ambra1,one_to_one,True
MCTP2,Mctp2,Mctp2,one_to_one,True
MUL1,Mul1,Mul1,one_to_one,True
AGGF1,Aggf1,Aggf1,one_to_one,True
PACS1,Pacs1,Pacs1,one_to_one,True
DPF2,Dpf2,Dpf2,one_to_one,True
KBTBD2,Kbtbd2,Kbtbd2,one_to_one,True
RLF,Rlf,Rlf,one_to_one,True
UGGT2,Uggt2,,one_to_one,False
PHIP,Phip,Phip,one_to_one,True
SECISBP2,Secisbp2,Secisbp2,one_to_one,True
PIK3C3,Pik3c3,Pik3c3,one_to_one,True
EHD4,Ehd4,Ehd4,one_to_one,True
DBT,Dbt,Dbt,one_to_one,True
FASTKD3,Fastkd3,Fastkd3,one_to_one,True
SEC16B,Sec16b,Sec16b,one_to_one,True
GOLGA4,Golga4,Golga4,one_to_one,True
CYB5R2,Cyb5r2,,one_to_one,False
ATP13A2,Atp13a2,Atp13a2,one_to_one,True
PNKD,Pnkd,Pnkd,one_to_one,True
NPTXR,Nptxr,,one_to_one,False
CFH,Cfhr4,,one_to_one,False
CFH,Cfh,,one_to_one,False
DDIAS,Ddias,,one_to_one,False
GID4,Gid4,Gid4,one_to_one,True
ZBTB33,Zbtb33,Zbtb33,one_to_one,True
PPCS,Ppcs,Ppcs,one_to_one,True
RNF17,Rnf17,,one_to_one,False
ACP6,Acp6,Acp6,one_to_one,True
COG3,Cog3,Cog3,one_to_one,True
TTC22,Ttc22,,one_to_one,False
COL4A6,Col4a6,,one_to_one,False
OCSTAMP,Ocstamp,,one_to_one,False
STARD13,Stard13,,one_to_one,False
PYROXD2,Pyroxd2,,one_to_one,False
FAF2,Faf2,Faf2,one_to_one,True
DDX42,Ddx42,Ddx42,one_to_one,True
PSMD11,Psmd11,Psmd11,one_to_one,True
SERPINB1,Serpinb1b,,one_to_one,False
SERPINB1,Serpinb1c,,one_to_one,False
SERPINB9,Serpinb9h,,one_to_one,True
SERPINB9,Serpinb9d,,one_to_one,True
SERPINB1,Serpinb1a,Serpinb1a,one_to_one,True
SERPINB9,Serpinb9e,,one_to_one,True
SERPINB9,Serpinb9f,,one_to_one,True
SERPINB9,Serpinb9g,,one_to_one,True
PNPLA7,Pnpla7,Pnpla7,one_to_one,True
ADTRP,Adtrp,,one_to_one,False
AFAP1,Afap1,Afap1,one_to_one,True
SPEN,Spen,Spen,one_to_one,True
KMT2A,Kmt2a,Kmt2a,one_to_one,True
FHOD1,Fhod1,Fhod1,one_to_one,True
AFMID,Afmid,Afmid,one_to_one,True
WDR76,Wdr76,Wdr76,one_to_one,True
RBM6,Rbm6,Rbm6,one_to_one,True
ANKZF1,Ankzf1,Ankzf1,one_to_one,True
PIK3R4,Pik3r4,Pik3r4,one_to_one,True
TBC1D15,Tbc1d15,Tbc1d15,one_to_one,True
SNRPB2,Snrpb2,Snrpb2,one_to_one,True
BAG1,Bag1,Bag1,one_to_one,True
ENTREP1,Entrep1,,one_to_one,False
RUFY3,Rufy3,Rufy3,one_to_one,True
SNX11,Snx11,Snx11,one_to_one,True
ARFGAP2,Arfgap2,Arfgap2,one_to_one,True
TYW5,Tyw5,Tyw5,one_to_one,True
TBC1D9,Tbc1d9,,one_to_one,False
SIRT1,Sirt1,Sirt1,one_to_one,True
NPC1,Npc1,Npc1,one_to_one,True
MASTL,Mastl,Mastl,one_to_one,True
UNC13C,Unc13c,,one_to_one,False
TRAF7,Traf7,Traf7,one_to_one,True
MIEF2,Mief2,Mief2,one_to_one,True
SPOCK2,Spock2,Spock2,one_to_one,True
E2F8,E2f8,,one_to_one,False
RPAP2,Rpap2,Rpap2,one_to_one,True
TRIP12,Trip12,Trip12,one_to_one,True
GPAT2,Gpat2,,one_to_one,False
NCAPG,Ncapg,Ncapg,one_to_one,True
LSM11,Lsm11,Lsm11,one_to_one,True
ACYP1,Acyp1,Acyp1,one_to_one,True
TMEM161A,Tmem161a,Tmem161a,one_to_one,True
CCDC40,Ccdc40,,one_to_one,False
GDPD4,Gdpd4,,one_to_one,False
SLC60A1,Slc60a1,Mfsd4a,one_to_one,True
PYGM,Pygm,,one_to_one,False
TRMT1,Trmt1,Trmt1,one_to_one,True
PIK3C2B,Pik3c2b,Pik3c2b,one_to_one,True
LMF2,Lmf2,Lmf2,one_to_one,True
PIH1D1,Pih1d1,Pih1d1,one_to_one,True
ITLN1,Itln1,,ambiguous_orthology,False
ITLN2,Itln1,,ambiguous_orthology,False
ITLN1,Itlnb,,one_to_one,False
KCNK1,Kcnk1,,one_to_one,False
MAST2,Mast2,Mast2,one_to_one,True
GPT2,Gpt2,,one_to_one,False
FAM169A,Fam169a,,one_to_one,False
GATAD1,Gatad1,Gatad1,one_to_one,True
NAA20,Naa20,Naa20,one_to_one,True
LAP3,Lap3,Lap3,one_to_one,True
LY75,Ly75,Ly75,ambiguous_orthology,False
LY75-CD302,Ly75,Ly75,ambiguous_orthology,False
KIAA1671,2900026A02Rik,2900026A02Rik,one_to_one,True
WFS1,Wfs1,Wfs1,one_to_one,True
PCDH15,Pcdh15,,one_to_one,False
ST3GAL4,St3gal4,St3gal4,one_to_one,True
PRR18,Prr18,,one_to_one,False
ELMO1,Elmo1,Elmo1,one_to_one,True
MICOS13,Micos13,Micos13,one_to_one,True
PROB1,Prob1,,one_to_one,False
MLIP,Mlip,,one_to_one,False
NUP98,Nup98,Nup98,one_to_one,True
PPIF,Ppif,Ppif,one_to_one,True
STRA6,Stra6,,one_to_one,False
EDC3,Edc3,Edc3,one_to_one,True
SFXN4,Sfxn4,Sfxn4,one_to_one,True
CIAO3,Ciao3,Ciao3,one_to_one,True
MYBL1,Mybl1,,one_to_one,False
GGH,Ggh,Ggh,one_to_one,True
POMGNT1,Pomgnt1,Pomgnt1,one_to_one,True
ALDH16A1,Aldh16a1,Aldh16a1,one_to_one,True
TFB1M,Tfb1m,Tfb1m,one_to_one,True
GLB1L,Glb1l,Glb1l,one_to_one,True
ZNF628,Zfp628,Zfp628,one_to_one,True
ME3,Me3,,one_to_one,False
UBXN8,Ubxn8,Ubxn8,one_to_one,True
PRKRA,Prkra,Prkra,one_to_one,True
SERINC2,Serinc2,,one_to_one,False
MAP1A,Map1a,,one_to_one,False
USP20,Usp20,Usp20,one_to_one,True
KCNK6,Kcnk6,,one_to_one,False
MYO5A,Myo5a,Myo5a,one_to_one,True
ENPEP,Enpep,,one_to_one,False
MLF1,Mlf1,,one_to_one,False
PEDS1,Peds1,Tmem189,ambiguous_orthology,False
PEDS1-UBE2V1,Peds1,Tmem189,ambiguous_orthology,False
PRUNE2,Prune2,,one_to_one,False
SERPINE3,Serpine3,,one_to_one,False
MLH3,Mlh3,Mlh3,one_to_one,True
AARSD1,Aarsd1,Aarsd1,ambiguous_orthology,False
PTGES3L-AARSD1,Aarsd1,Aarsd1,ambiguous_orthology,False
CTCF,Ctcf,Ctcf,one_to_one,True
WNK3,Wnk3,,one_to_one,False
INPP5E,Inpp5e,Inpp5e,one_to_one,True
FH,Fh1,Fh1,one_to_one,True
FAM120A,Fam120a,Fam120a,one_to_one,True
TMEM268,Tmem268,Tmem268,one_to_one,True
IQGAP1,Iqgap1,Iqgap1,one_to_one,True
SERTAD2,Sertad2,Sertad2,one_to_one,True
SLC36A4,Slc36a4,Slc36a4,one_to_one,True
IGSF9B,Igsf9b,,one_to_one,False
HUNK,Hunk,,one_to_one,False
FBXL3,Fbxl3,Fbxl3,one_to_one,True
POMT2,Pomt2,Pomt2,one_to_one,True
OBSL1,Obsl1,,one_to_one,False
IREB2,Ireb2,Ireb2,one_to_one,True
PPP1R3A,Ppp1r3a,,one_to_one,False
GOLGA5,Golga5,Golga5,one_to_one,True
PSMG3,Psmg3,Psmg3,one_to_one,True
AAR2,Aar2,Aar2,one_to_one,True
MYSM1,Mysm1,Mysm1,one_to_one,True
AGXT2,Agxt2,,one_to_one,False
PTBP2,Ptbp2,Ptbp2,one_to_one,True
DHX8,Dhx8,Dhx8,one_to_one,True
PARD3B,Pard3b,,one_to_one,False
ATG10,Atg10,Atg10,one_to_one,True
SNX10,Snx10,Snx10,one_to_one,True
TMEM42,Tmem42,Tmem42,one_to_one,True
THOC7,Thoc7,Thoc7,one_to_one,True
FERMT3,Fermt3,Fermt3,one_to_one,True
MGME1,Mgme1,Mgme1,one_to_one,True
COMP,Comp,,one_to_one,False
ZNF143,Zfp143,Zfp143,one_to_one,True
DOCK8,Dock8,Dock8,one_to_one,True
MPRIP,Mprip,Mprip,one_to_one,True
RASSF6,Rassf6,,one_to_one,False
C5orf63,C330018D20Rik,C330018D20Rik,one_to_one,True
TMEM186,Tmem186,Tmem186,one_to_one,True
MFHAS1,Mfhas1,Mfhas1,one_to_one,True
ADRB3,Adrb3,,one_to_one,False
TMEM259,Tmem259,Tmem259,one_to_one,True
HMX1,Hmx1,,one_to_one,False
TSPAN15,Tspan15,,one_to_one,False
RBM33,Rbm33,Rbm33,one_to_one,True
FAM193A,Fam193a,Fam193a,one_to_one,True
MYO9A,Myo9a,Myo9a,one_to_one,True
TDRD1,Tdrd1,,one_to_one,False
EPB41L1,Epb41l1,,one_to_one,False
SH3PXD2B,Sh3pxd2b,,one_to_one,False
IRF5,Irf5,Irf5,one_to_one,True
BORCS5,Borcs5,Borcs5,one_to_one,True
JAM2,Jam2,,one_to_one,False
CCDC86,Ccdc86,Ccdc86,one_to_one,True
NPM2,Npm2,,one_to_one,False
AMN,Amn,,one_to_one,False
CLCN7,Clcn7,Clcn7,one_to_one,True
NAV2,Nav2,Nav2,one_to_one,True
SETD1B,Setd1b,Setd1b,one_to_one,True
MIEF1,Mief1,Mief1,one_to_one,True
ARID3A,Arid3a,Arid3a,one_to_one,True
LMBR1,Lmbr1,Lmbr1,one_to_one,True
SUSD2,Susd2,Susd2,one_to_one,True
COMMD8,Commd8,Commd8,one_to_one,True
BTBD8,Btbd8,Btbd8,one_to_one,True
GTF3C5,Gtf3c5,Gtf3c5,one_to_one,True
NXF1,Nxf1,Nxf1,one_to_one,True
VIP,Vip,,one_to_one,False
REXO4,Rexo4,Rexo4,one_to_one,True
VSTM4,Vstm4,,one_to_one,False
EHBP1L1,Ehbp1l1,Ehbp1l1,one_to_one,True
PDP1,Pdp1,Pdp1,one_to_one,True
PLK2,Plk2,Plk2,one_to_one,True
CHST4,Chst4,,one_to_one,False
CHST5,Chst5,,ambiguous_orthology,False
CHST6,Chst5,,ambiguous_orthology,False
ANO9,Ano9,,one_to_one,False
MCOLN3,Mcoln3,,one_to_one,False
UBXN7,Ubxn7,Ubxn7,one_to_one,True
PKMYT1,Pkmyt1,Pkmyt1,one_to_one,True
PLPP1,Plpp1,,one_to_one,False
KMT2D,Kmt2d,Kmt2d,one_to_one,True
MDFI,Mdfi,,one_to_one,False
SDHAF1,Sdhaf1,Sdhaf1,one_to_one,True
EXOC1L,Exoc1l,,one_to_one,False
SYNPO2,Synpo2,,one_to_one,False
CMBL,Cmbl,,one_to_one,False
TBR1,Tbr1,,one_to_one,False
KDM5C,Kdm5c,Kdm5c,one_to_one,True
DDR1,Ddr1,Ddr1,one_to_one,True
PDPK1,Pdpk1,Pdpk1,ambiguous_orthology,False
PDPK2P,Pdpk1,Pdpk1,ambiguous_orthology,False
EMC1,Emc1,Emc1,one_to_one,True
SLCO2B1,Slco2b1,,one_to_one,False
TBC1D24,Tbc1d24,,one_to_one,False
LEMD3,Lemd3,Lemd3,one_to_one,True
DCBLD2,Dcbld2,Dcbld2,one_to_one,True
SPOCK1,Spock1,,one_to_one,False
PCYT2,Pcyt2,Pcyt2,one_to_one,True
RCN1,Rcn1,Rcn1,one_to_one,True
STX16,Stx16,Stx16,one_to_one,True
NDUFAF4,Ndufaf4,Ndufaf4,one_to_one,True
SMC1A,Smc1a,Smc1a,one_to_one,True
POLG2,Polg2,Polg2,one_to_one,True
ZAR1L,Zar1l,,one_to_one,False
RBBP6,Rbbp6,Rbbp6,one_to_one,True
FMN2,Fmn2,,one_to_one,False
VCPKMT,Vcpkmt,Vcpkmt,one_to_one,True
UTP20,Utp20,Utp20,one_to_one,True
PKD1L3,Pkd1l3,,one_to_one,False
VSNL1,Vsnl1,,one_to_one,False
MAP4K3,Map4k3,Map4k3,one_to_one,True
ISY1-RAB43,Isy1,Isy1,ambiguous_orthology,False
ISY1,Isy1,Isy1,ambiguous_orthology,False
ZFHX4,Zfhx4,,one_to_one,False
LIN52,Lin52,Lin52,one_to_one,True
MBTD1,Mbtd1,Mbtd1,one_to_one,True
TRIM69,Trim69,,one_to_one,False
PRKG1,Prkg1,,one_to_one,False
POGLUT3,Poglut3,Poglut3,one_to_one,True
COQ7,Coq7,Coq7,one_to_one,True
SUN1,Sun1,Sun1,one_to_one,True
SNORC,Snorc,,one_to_one,False
WDR35,Wdr35,,one_to_one,False
BDP1,Bdp1,Bdp1,one_to_one,True
LCN2,Lcn2,,one_to_one,False
HINT3,Hint3,Hint3,one_to_one,True
MTMR12,Mtmr12,Mtmr12,one_to_one,True
TRMT2B,Trmt2b,Trmt2b,one_to_one,True
MOGS,Mogs,Mogs,one_to_one,True
MRPL49,Mrpl49,Mrpl49,one_to_one,True
FBXL6,Fbxl6,Fbxl6,one_to_one,True
POLR1D,Polr1d,Polr1d,one_to_one,True
NPHP1,Nphp1,,one_to_one,False
SLC12A4,Slc12a4,Slc12a4,one_to_one,True
LIMD1,Limd1,Limd1,one_to_one,True
CHCHD1,Chchd1,Chchd1,one_to_one,True
NDST2,Ndst2,Ndst2,one_to_one,True
SENP2,Senp2,Senp2,one_to_one,True
KDM3B,Kdm3b,Kdm3b,one_to_one,True
MDC1,Mdc1,Mdc1,one_to_one,True
PPP3CC,Ppp3cc,Ppp3cc,one_to_one,True
ULK2,Ulk2,Ulk2,one_to_one,True
ITGB6,Itgb6,,one_to_one,False
VPS8,Vps8,Vps8,one_to_one,True
EYA4,Eya4,,one_to_one,False
RBBP9,Rbbp9,Rbbp9,one_to_one,True
SCUBE1,Scube1,,one_to_one,False
BPNT2,Bpnt2,Impad1,one_to_one,True
IMPG2,Impg2,,one_to_one,False
PATJ,Patj,Patj,one_to_one,True
NOS2,Nos2,,one_to_one,False
PC,Pcx,,one_to_one,False
ING5,Ing5,Ing5,one_to_one,True
INPP4A,Inpp4a,Inpp4a,one_to_one,True
INS,Ins2,,one_to_one,False
INS,Ins1,,one_to_one,False
INSL5,Insl5,,one_to_one,False
ITGB3,Itgb3,Itgb3,one_to_one,True
LMLN,Lmln,,one_to_one,False
PDX1,Pdx1,,one_to_one,False
IPPK,Ippk,Ippk,one_to_one,True
IPMK,Ipmk,Ipmk,one_to_one,True
IPO13,Ipo13,Ipo13,one_to_one,True
DRC11,Drc11,,one_to_one,False
DRC10,Drc10,,one_to_one,False
DRC9,Iqcg,Iqcg,one_to_one,True
IQSEC2,Iqsec2,,one_to_one,False
DCAF6,Dcaf6,Dcaf6,one_to_one,True
INSR,Insr,Insr,one_to_one,True
RBP3,Rbp3,,one_to_one,False
IRF1,Irf1,Irf1,one_to_one,True
IRF2,Irf2,Irf2,one_to_one,True
IRF4,Irf4,Irf4,one_to_one,True
IRX1,Irx1,,one_to_one,False
IRX5,Irx5,,one_to_one,False
ACO1,Aco1,Aco1,one_to_one,True
IRS2,Irs2,Irs2,one_to_one,True
MKX,Mkx,,one_to_one,False
SYCP1,Sycp1,,one_to_one,False
ISCU,Iscu,Iscu,one_to_one,True
IRF9,Irf9,Irf9,one_to_one,True
ISL1,Isl1,,one_to_one,False
ISL2,Isl2,,one_to_one,False
ISM2,Ism2,,one_to_one,False
CRPPA,Crppa,,one_to_one,False
ITCH,Itch,Itch,one_to_one,True
FAM234A,Fam234a,Fam234a,one_to_one,True
ITGA11,Itga11,,one_to_one,False
ITGAE,Itgae,Itgae,one_to_one,True
EIF6,Eif6,Eif6,one_to_one,True
ITIH1,Itih1,,one_to_one,False
ITIH3,Itih3,,one_to_one,False
OXTR,Oxtr,,one_to_one,False
ITPK1,Itpk1,Itpk1,one_to_one,True
ITPR1,Itpr1,Itpr1,one_to_one,True
SYCP2,Sycp2,,one_to_one,False
COPS5,Cops5,Cops5,one_to_one,True
KCNJ13,Kcnj13,,one_to_one,False
JAG2,Jag2,,one_to_one,False
JAK2,Jak2,Jak2,one_to_one,True
JAM3,Jam3,,one_to_one,False
JARID2,Jarid2,Jarid2,one_to_one,True
KDM2A,Kdm2a,Kdm2a,one_to_one,True
MAPK8IP3,Mapk8ip3,Mapk8ip3,one_to_one,True
KDM4A,Kdm4a,Kdm4a,one_to_one,True
KDM4B,Kdm4b,Kdm4b,one_to_one,True
KDM4C,Kdm4c,Kdm4c,one_to_one,True
KDM6B,Kdm6b,Kdm6b,one_to_one,True
KDM8,Kdm8,Kdm8,one_to_one,True
JMJD6,Jmjd6,Jmjd6,one_to_one,True
MAPK8,Mapk8,Mapk8,one_to_one,True
MAPK9,Mapk9,Mapk9,one_to_one,True
MAPK10,Mapk10,,one_to_one,False
JPH1,Jph1,,one_to_one,False
MTREX,Mtrex,Mtrex,one_to_one,True
JUNB,Junb,Junb,one_to_one,True
KCNK10,Kcnk10,,one_to_one,False
KCNK18,Kcnk18,,one_to_one,False
TNPO1,Tnpo1,Tnpo1,one_to_one,True
KLHL31,Klhl31,,one_to_one,False
KBTBD13,Kbtbd13,,one_to_one,False
KLHL40,Klhl40,,one_to_one,False
SLC12A5,Slc12a5,,one_to_one,False
KCNA10,Kcna10,,one_to_one,False
KCNA3,Kcna3,Kcna3,one_to_one,True
KCNA6,Kcna6,,one_to_one,False
KCNAB1,Kcnab1,,one_to_one,False
KCNB2,Kcnb2,,one_to_one,False
KCNC1,Kcnc1,Kcnc1,one_to_one,True
KCNF1,Kcnf1,,one_to_one,False
KCNG4,Kcng4,,one_to_one,False
KCNH1,Kcnh1,,one_to_one,False
KCNH2,Kcnh2,,one_to_one,False
KCNH4,Kcnh4,,one_to_one,False
KCNH5,Kcnh5,,one_to_one,False
KCNH7,Kcnh7,,one_to_one,False
KCNIP4,Kcnip4,,one_to_one,False
KCNJ1,Kcnj1,,one_to_one,False
KCNJ12,Kcnj12,,ambiguous_orthology,False
KCNJ18,Kcnj12,,ambiguous_orthology,False
KCNJ16,Kcnj16,,one_to_one,False
KCNJ2,Kcnj2,,one_to_one,False
KCNK13,Kcnk13,,one_to_one,False
KCNK2,Kcnk2,,one_to_one,False
KCNMA1,Kcnma1,,one_to_one,False
KCNMB1,Kcnmb1,,one_to_one,False
KCNMB2,Kcnmb2,,one_to_one,False
KCNN1,Kcnn1,,one_to_one,False
KCNQ1,Kcnq1,,one_to_one,False
KCNQ5,Kcnq5,Kcnq5,one_to_one,True
KCNT1,Kcnt1,,one_to_one,False
KCNT2,Kcnt2,,one_to_one,False
KCTD6,Kctd6,Kctd6,one_to_one,True
KCTD9,Kctd9,Kctd9,one_to_one,True
POGLUT2,Poglut2,Poglut2,one_to_one,True
KDF1,Kdf1,,one_to_one,False
KDR,Kdr,,one_to_one,False
KEAP1,Keap1,Keap1,one_to_one,True
MED12L,Med12l,,one_to_one,False
MED12,Med12,Med12,one_to_one,True
ZEB1,Zeb1,Zeb1,one_to_one,True
KLHL4,Klhl4,Klhl4,one_to_one,True
WDR43,Wdr43,Wdr43,one_to_one,True
PCLAF,Pclaf,Pclaf,one_to_one,True
KIAA0586,2700049A03Rik,2700049A03Rik,one_to_one,True
SMCHD1,Smchd1,Smchd1,one_to_one,True
KIAA0753,4933427D14Rik,,one_to_one,False
DPY19L2P1,Dpy19l2,,ambiguous_orthology,False
DPY19L2,Dpy19l2,,ambiguous_orthology,False
DPY19L2P2,Dpy19l2,,ambiguous_orthology,False
DPY19L1,Dpy19l1,Dpy19l1,one_to_one,True
MATCAP2,Matcap2,,one_to_one,False
KHDC4,Khdc4,Khdc4,one_to_one,True
DENND1A,Dennd1a,Dennd1a,one_to_one,True
SH3BP5L,Sh3bp5l,Sh3bp5l,one_to_one,True
KIF26B,Kif26b,,one_to_one,False
KIF3C,Kif3c,Kif3c,one_to_one,True
KIF5A,Kif5a,,one_to_one,False
ERC1,Erc1,Erc1,one_to_one,True
HAVCR2,Havcr2,,one_to_one,False
TIMD4,Timd4,,one_to_one,False
KCNJ4,Kcnj4,,one_to_one,False
KCNJ14,Kcnj14,,one_to_one,False
KCNJ10,Kcnj10,,one_to_one,False
KCNJ8,Kcnj8,Kcnj8,one_to_one,True
KCNJ11,Kcnj11,,one_to_one,False
KIRREL1,Kirrel1,,one_to_one,False
KISS1R,Kiss1r,,one_to_one,False
KISS1,Kiss1,,one_to_one,False
KITLG,Kitl,,one_to_one,False
KLC4,Klc4,Klc4,one_to_one,True
KLF11,Klf11,,one_to_one,False
KLF3,Klf3,Klf3,one_to_one,True
KLF13,Klf13,Klf13,one_to_one,True
KLF18,Zfp352,,one_to_one,False
KLF4,Klf4,Klf4,one_to_one,True
KLF5,Klf5,,one_to_one,False
KLF7,Klf7,Klf7,one_to_one,True
KLF1,Klf1,,one_to_one,False
KLHL42,Klhl42,Klhl42,one_to_one,True
KBTBD12,Kbtbd12,,one_to_one,False
KLHL10,Klhl10,,one_to_one,False
KLHL24,Klhl24,Klhl24,one_to_one,True
KLHL25,Klhl25,Klhl25,one_to_one,True
IPP,Ipp,Ipp,one_to_one,True
ENC1,Enc1,Enc1,one_to_one,True
KLHL38,Klhl38,,one_to_one,False
DYNLRB1,Dynlrb1,Dynlrb1,one_to_one,True
KCNA4,Kcna4,,one_to_one,False
KCNA7,Kcna7,,one_to_one,False
KIF15,Kif15,Kif15,one_to_one,True
MSMO1,Msmo1,Msmo1,one_to_one,True
MAFB,Mafb,,one_to_one,False
KREMEN1,Kremen1,Kremen1,one_to_one,True
POGLUT1,Poglut1,Poglut1,one_to_one,True
UNC45A,Unc45a,Unc45a,one_to_one,True
KCNC3,Kcnc3,,one_to_one,False
ZBTB4,Zbtb4,Zbtb4,one_to_one,True
L1CAM,L1cam,L1cam,one_to_one,True
AFG1L,Afg1l,Afg1l,one_to_one,True
RPSA,Rpsa,Rpsa,ambiguous_orthology,False
RPSA2,Rpsa,Rpsa,ambiguous_orthology,False
LSAMP,Lsamp,,one_to_one,False
SCRIB,Scrib,Scrib,one_to_one,True
LARGE1,Large1,Large1,one_to_one,True
LARP4,Larp4,Larp4,one_to_one,True
CERS5,Cers5,Cers5,one_to_one,True
CERS6,Cers6,Cers6,one_to_one,True
SLC7A5,Slc7a5,Slc7a5,one_to_one,True
VPS39,Vps39,Vps39,one_to_one,True
MAP1LC3B,Map1lc3b,Map1lc3b,ambiguous_orthology,False
MAP1LC3B2,Map1lc3b,Map1lc3b,ambiguous_orthology,False
ACADL,Acadl,Acadl,one_to_one,True
MED19,Med19,Med19,one_to_one,True
TINAGL1,Tinagl1,,one_to_one,False
TINAG,Tinag,,one_to_one,False
OPN1MW2,Opn1mw,,ambiguous_orthology,False
OPN1LW,Opn1mw,,ambiguous_orthology,False
OPN1MW,Opn1mw,,ambiguous_orthology,False
OPN1MW3,Opn1mw,,ambiguous_orthology,False
LCP2,Lcp2,Lcp2,one_to_one,True
LDB1,Ldb1,Ldb1,one_to_one,True
LDB2,Ldb2,,one_to_one,False
LDHA,Ldha,Ldha,one_to_one,True
LDHAL6B,Ldhal6b,,ambiguous_orthology,False
LDHAL6A,Ldhal6b,,ambiguous_orthology,False
LDHC,Ldhc,,one_to_one,False
LDHB,Ldhb,Ldhb,one_to_one,True
LDLR,Ldlr,Ldlr,one_to_one,True
KCTD12,Kctd12,Kctd12,one_to_one,True
C6orf58,2310057J18Rik,,one_to_one,False
LENEP,Lenep,,one_to_one,False
MBOAT7,Mboat7,Mboat7,one_to_one,True
LEP,Lep,,one_to_one,False
P3H1,P3h1,,one_to_one,False
P3H3,P3h3,,one_to_one,False
ZC3H15,Zc3h15,Zc3h15,one_to_one,True
LETM2,Letm2,Letm2,one_to_one,True
CNTF,Cntf,,one_to_one,False
LGALS3BP,Lgals3bp,Lgals3bp,one_to_one,True
LGALS8,Lgals8,Lgals8,one_to_one,True
DHX58,Dhx58,Dhx58,one_to_one,True
EIF2D,Eif2d,Eif2d,one_to_one,True
PLOD2,Plod2,,one_to_one,False
LHFPL6,Lhfpl6,,one_to_one,False
LHFPL2,Lhfpl2,,one_to_one,False
LHFPL4,Lhfpl4,,one_to_one,False
LHX6,Lhx6,,one_to_one,False
RUVBL2,Ruvbl2,Ruvbl2,one_to_one,True
TNFSF14,Tnfsf14,Tnfsf14,one_to_one,True
LHX1,Lhx1,,one_to_one,False
LHX3,Lhx3,,one_to_one,False
LHX5,Lhx5,,one_to_one,False
IFT172,Ift172,,one_to_one,False
LIMK1,Limk1,Limk1,one_to_one,True
LIN28A,Lin28a,,one_to_one,False
LIN54,Lin54,Lin54,one_to_one,True
TUNAR,Tunar,,one_to_one,False
LINGO1,Lingo1,,one_to_one,False
LINGO2,Lingo2,,one_to_one,False
LINS1,Lins1,Lins1,one_to_one,True
LIPC,Lipc,,one_to_one,False
LPIN2,Lpin2,Lpin2,one_to_one,True
ANXA1,Anxa1,Anxa1,one_to_one,True
PAFAH1B1,Pafah1b1,Pafah1b1,one_to_one,True
SLC12A2,Slc12a2,Slc12a2,one_to_one,True
SLC39A6,Slc39a6,Slc39a6,one_to_one,True
STK11,Stk11,Stk11,one_to_one,True
LMO3,Lmo3,,one_to_one,False
LMOD1,Lmod1,,one_to_one,False
AGAP2,Agap2,Agap2,one_to_one,True
ILK,Ilk,Ilk,one_to_one,True
ADAMTS9,Adamts9,,one_to_one,False
NDUFC1,Ndufc1,Ndufc1,one_to_one,True
NEMP2,Nemp2,Nemp2,one_to_one,True
PRSS16,Prss16,,one_to_one,False
PLCB4,Plcb4,Plcb4,one_to_one,True
DNAAF1,Dnaaf1,,one_to_one,False
ESCO2,Esco2,Esco2,one_to_one,True
EMC3,Emc3,Emc3,one_to_one,True
NCLN,Ncln,Ncln,one_to_one,True
HLA-F,H2-M10.1,,ambiguous_orthology,False
HLA-H,H2-M10.1,,ambiguous_orthology,False
HLA-C,H2-M10.1,,ambiguous_orthology,False
HLA-B,H2-M10.1,,ambiguous_orthology,False
MR1,Mr1,Mr1,one_to_one,True
TUT4,Tut4,Tut4,one_to_one,True
TSPAN18,Tspan18,,one_to_one,False
LONRF1,Lonrf1,,one_to_one,False
CDIPT,Cdipt,Cdipt,one_to_one,True
LOX,Lox,,one_to_one,False
LOXHD1,Loxhd1,,one_to_one,False
LPAR5,Lpar5,,one_to_one,False
LPAR6,Lpar6,Lpar6,one_to_one,True
EHHADH,Ehhadh,Ehhadh,one_to_one,True
ADGRL1,Adgrl1,Adgrl1,one_to_one,True
ADGRL3,Adgrl3,,one_to_one,False
LPIN1,Lpin1,Lpin1,one_to_one,True
PLPP3,Plpp3,,one_to_one,False
PLPPR1,Plppr1,,one_to_one,False
PLPPR2,Plppr2,,one_to_one,False
PLPPR3,Plppr3,,one_to_one,False
PLPPR4,Plppr4,,one_to_one,False
PLPPR5,Plppr5,,one_to_one,False
VLDLR,Vldlr,,one_to_one,False
LRIT1,Lrit1,,one_to_one,False
LRIT3,Lrit3,,one_to_one,False
LRP1B,Lrp1b,,one_to_one,False
LRP5,Lrp5,Lrp5,one_to_one,True
NRROS,Nrros,Nrros,one_to_one,True
LRRC38,Lrrc38,,one_to_one,False
DRC3,Drc3,,one_to_one,False
DNAAF11,Dnaaf11,,one_to_one,False
PPP1R42,Ppp1r42,,one_to_one,False
LRRC8A,Lrrc8a,Lrrc8a,one_to_one,True
CEP97,Cep97,Cep97,one_to_one,True
LRRN3,Lrrn3,,one_to_one,False
LRRC51,Lrrc51,,ambiguous_orthology,False
LRTOMT,Lrrc51,,ambiguous_orthology,False
LRTM2,Lrtm2,,one_to_one,False
LSM12,Lsm12,Lsm12,one_to_one,True
LSP1,Lsp1,Lsp1,one_to_one,True
LSR,Lsr,,one_to_one,False
LTA,Lta,Lta,one_to_one,True
TNF,Tnf,Tnf,one_to_one,True
PTGR1,Ptgr1,Ptgr1,one_to_one,True
BCAM,Bcam,,one_to_one,False
LUM,Lum,,one_to_one,False
PLAUR,Plaur,,one_to_one,False
CD59,Cd59a,,one_to_one,False
LCLAT1,Lclat1,Lclat1,one_to_one,True
PLA2G15,Pla2g15,Pla2g15,one_to_one,True
MTDH,Mtdh,Mtdh,one_to_one,True
LYRM4,Lyrm4,Lyrm4,one_to_one,True
SPACA5,Spaca5,,ambiguous_orthology,False
SPACA5B,Spaca5,,ambiguous_orthology,False
LALBA,Lalba,,one_to_one,False
LYZL4,Lyzl4,,one_to_one,False
LYZL1,Lyzl1,,ambiguous_orthology,False
LYZL2,Lyzl1,,ambiguous_orthology,False
LYZ,Lyz2,,one_to_one,False
LYZ,Lyz3,,one_to_one,False
SPACA3,Spaca3,,one_to_one,False
LYZL6,Lyzl6,,one_to_one,False
LYZ,Lyz1,,one_to_one,False
CFAP91,Cfap91,,one_to_one,False
MXD1,Mxd1,Mxd1,one_to_one,True
MXD3,Mxd3,Mxd3,one_to_one,True
SMAD3,Smad3,Smad3,one_to_one,True
SMAD6,Smad6,,one_to_one,False
SMAD9,Smad9,,one_to_one,False
MAF1,Maf1,Maf1,one_to_one,True
MAFA,Mafa,,one_to_one,False
MAFG,Mafg,Mafg,one_to_one,True
NDN,Ndn,,one_to_one,False
MAGED1,Maged1,,one_to_one,False
TRO,Tro,,one_to_one,False
MAGEE1,Magee1,Magee1,one_to_one,True
NSMCE3,Nscme3l,,one_to_one,False
MAGED2,Maged2,Maged2,one_to_one,True
MAGEL2,Magel2,,one_to_one,False
NSMCE3,Nsmce3,Nsmce3,one_to_one,True
MAGI3,Magi3,Magi3,one_to_one,True
MAGOH,Magoh,Magoh,one_to_one,True
MAGOHB,Magohb,Magohb,one_to_one,True
ISCA1,Isca1,Isca1,one_to_one,True
ISCA1,AK157302,,one_to_one,True
NAA50,Naa50,Naa50,one_to_one,True
TIRAP,Tirap,Tirap,one_to_one,True
MALT1,Malt1,Malt1,one_to_one,True
MDGA2,Mdga2,,one_to_one,False
MAMDC4,Mamdc4,,one_to_one,False
MAML2,Maml2,Maml2,one_to_one,True
ZBTB11,Zbtb11,Zbtb11,one_to_one,True
MAN1B1,Man1b1,Man1b1,one_to_one,True
TSHR,Tshr,,one_to_one,False
PDZK1IP1,Pdzk1ip1,,one_to_one,False
SMIM24,Smim24,Smim24,one_to_one,True
METAP1D,Metap1d,Metap1d,one_to_one,True
MAP2K6,Map2k6,Map2k6,one_to_one,True
MAP2K4,Map2k4,Map2k4,one_to_one,True
TAB1,Tab1,Tab1,one_to_one,True
TAB2,Tab2,Tab2,one_to_one,True
TAB3,Tab3,Tab3,one_to_one,True
MAP4K2,Map4k2,Map4k2,one_to_one,True
MAP7D2,Map7d2,,one_to_one,False
MAPK8IP1,Mapk8ip1,,one_to_one,False
LAMTOR3,Lamtor3,Lamtor3,one_to_one,True
MAPRE1,Mapre1,Mapre1,one_to_one,True
MYO7A,Myo7a,,one_to_one,False
MTARC2,Mtarc2,Marc2,one_to_one,True
MTARC1,Mtarc1,,one_to_one,False
MARCHF1,Marchf1,,one_to_one,False
MARCHF2,Marchf2,March2,one_to_one,True
MARCHF4,Marchf4,,one_to_one,False
MARCHF5,Marchf5,March5,one_to_one,True
MARCHF8,Marchf8,,one_to_one,False
MARCHF9,Marchf9,March9,one_to_one,True
MARK4,Mark4,Mark4,one_to_one,True
AXIN1,Axin1,Axin1,one_to_one,True
ST14,St14,St14,one_to_one,True
SLC47A2,Slc47a1,,ambiguous_orthology,False
SLC47A1,Slc47a1,,ambiguous_orthology,False
SLC47A2,Slc47a2,,ambiguous_orthology,False
SLC47A1,Slc47a2,,ambiguous_orthology,False
MOB1A,Mob1a,Mob1a,one_to_one,True
MB21D2,Mb21d2,,one_to_one,False
LRFN1,Lrfn1,,one_to_one,False
MBOAT2,Mboat2,,one_to_one,False
MCF2,Mcf2,,one_to_one,False
MCF2L,Mcf2l,,one_to_one,False
MCIDAS,Mcidas,,one_to_one,False
MCM5,Mcm5,Mcm5,one_to_one,True
MCM9,Mcm9,Mcm9,one_to_one,True
MCOLN1,Mcoln1,Mcoln1,one_to_one,True
SLC16A10,Slc16a10,Slc16a10,one_to_one,True
SLC16A3,Slc16a3,Slc16a3,one_to_one,True
SLC16A2,Slc16a2,,one_to_one,False
MCUR1,Mcur1,Mcur1,one_to_one,True
LY86,Ly86,,one_to_one,False
IFIH1,Ifih1,Ifih1,one_to_one,True
SAXO6,Saxo6,Mdm1,one_to_one,True
PPP2R2A,Ppp2r2a,Ppp2r2a,one_to_one,True
ATAT1,Atat1,Atat1,one_to_one,True
BORCS8,Borcs8,Borcs8,one_to_one,True
MEGF6,Megf6,,one_to_one,False
SFR1,Sfr1,Sfr1,one_to_one,True
MAP2K1,Map2k1,Map2k1,one_to_one,True
MTNR1A,Mtnr1a,,one_to_one,False
MTNR1B,Mtnr1b,,one_to_one,False
GPR50,Gpr50,,one_to_one,False
OPN4,Opn4,,one_to_one,False
MYH11,Myh11,,one_to_one,False
MEN1,Men1,Men1,one_to_one,True
MEOX2,Meox2,,one_to_one,False
MEP1A,Mep1a,,one_to_one,False
LRTOMT,Tomt,,ambiguous_orthology,False
TOMT,Tomt,,ambiguous_orthology,False
MERTK,Mertk,,one_to_one,False
TLNRD1,Tlnrd1,Tlnrd1,one_to_one,True
MESD,Mesd,Mesd,one_to_one,True
MESP1,Mesp1,,one_to_one,False
MESP2,Mesp2,,one_to_one,False
MSGN1,Msgn1,,one_to_one,False
METAP2,Metap2,Metap2,one_to_one,True
METTL17,Mettl17,Mettl17,one_to_one,True
EEF1AKMT2,Eef1akmt2,Eef1akmt2,one_to_one,True
NTMT1,Ntmt1,Ntmt1,one_to_one,True
NTMT2,Ntmt2,,one_to_one,False
TRMT44,Trmt44,Trmt44,one_to_one,True
ETFBKMT,Etfbkmt,Etfbkmt,one_to_one,True
TMT1A,Tmt1a3,,one_to_one,False
TMT1A,Tmt1a2,,one_to_one,False
TMT1B,Tmt1b,,one_to_one,False
TMT1A,Tmt1a,Mettl7a1,one_to_one,True
SEBOX,Sebox,,one_to_one,False
TLL1,Tll1,,one_to_one,False
MFN1,Mfn1,Mfn1,one_to_one,True
SLC25A28,Slc25a28,Slc25a28,one_to_one,True
SLC68A1,Slc68a1,,one_to_one,False
MFSD1,Mfsd1,Mfsd1,one_to_one,True
MFSD2A,Mfsd2a,,one_to_one,False
SLC33A2,Slc33a2,Mfsd3,one_to_one,True
SLC60A2,Slc60a2-ps1,,one_to_one,False
SLC60A2,Slc60a2b,Mfsd4b4,one_to_one,True
SLC60A2,Slc60a2a,,one_to_one,True
SLC60A2,Slc60a2c,,one_to_one,True
SLC60A2,Slc60a2-ps2,,one_to_one,True
SLC61A1,Slc61a1,Mfsd5,one_to_one,True
SLC49A3,Slc49a3,,one_to_one,False
SLC67A2,Slc67a2,,one_to_one,False
PRPF4,Prpf4,Prpf4,one_to_one,True
RPS8,Rps8,Rps8,one_to_one,True
RPL14,Rpl14,Rpl14,one_to_one,True
MGARP,Mgarp,,one_to_one,False
MOGAT1,Mogat1,,one_to_one,False
MOGAT2,Mogat2,,one_to_one,False
MGAT3,Mgat3,,one_to_one,False
MGAT5,Mgat5,Mgat5,one_to_one,True
ATP5MG,Atp5mg,Atp5l,ambiguous_orthology,False
ATP5MGL,Atp5mg,Atp5l,ambiguous_orthology,False
ATP5MG,Atg5lrt,,ambiguous_orthology,False
ATP5MGL,Atg5lrt,,ambiguous_orthology,False
UQCRQ,Uqcrq,Uqcrq,one_to_one,True
OSR1,Osr1,,one_to_one,False
RBM42,Rbm42,Rbm42,one_to_one,True
CCDC28B,Ccdc28b,Ccdc28b,one_to_one,True
DNAAF6,Dnaaf6,,one_to_one,False
DNAAF6,Dnaaf6rt,,one_to_one,False
ERI1,Eri1,Eri1,one_to_one,True
CCM2,Ccm2,Ccm2,one_to_one,True
MFN2,Mfn2,Mfn2,one_to_one,True
MGRN1,Mgrn1,Mgrn1,one_to_one,True
MGST1,Mgst1,,one_to_one,False
MGST3,Mgst3,Mgst3,one_to_one,True
MIA3,Mia3,Mia3,one_to_one,True
IMMT,Immt,Immt,one_to_one,True
MICAL3,Mical3,Mical3,one_to_one,True
MICALL1,Micall1,Micall1,one_to_one,True
MIER3,Mier3,Mier3,one_to_one,True
DDTL,Ddt,Ddt,ambiguous_orthology,False
DDT,Ddt,Ddt,ambiguous_orthology,False
RIOX2,Riox2,Riox2,one_to_one,True
NR3C2,Nr3c2,,one_to_one,False
MINPP1,Minpp1,Minpp1,one_to_one,True
MYLIP,Mylip,Mylip,one_to_one,True
MIR126,Mir126a,,one_to_one,False
MIR129-2,Mir129-2,,one_to_one,False
MIR132,Mir132,,one_to_one,False
MIR19A,Mir19a,,one_to_one,False
MIR19B1,Mir19b-1,,one_to_one,False
MIR20A,Mir20a,,one_to_one,False
RHOT1,Rhot1,Rhot1,one_to_one,True
RHOT2,Rhot2,Rhot2,one_to_one,True
DCP1A,Dcp1a,Dcp1a,one_to_one,True
DCP1B,Dcp1b,Dcp1b,one_to_one,True
MITF,Mitf,,one_to_one,False
SMPD5,Smpd5,Smpd5,one_to_one,True
HINFP,Hinfp,Hinfp,one_to_one,True
MAP2K7,Map2k7,Map2k7,one_to_one,True
MRTFB,Mrtfb,Mrtfb,one_to_one,True
TMEM67,Tmem67,,one_to_one,False
MYL2,Myl2,,one_to_one,False
MYL9,Myl9,,one_to_one,False
KMT2C,Kmt2c,Kmt2c,one_to_one,True
KMT2B,Kmt2b,Kmt2b,one_to_one,True
KMT2E,Kmt2e,Kmt2e,one_to_one,True
MLLT1,Mllt1,Mllt1,one_to_one,True
AFDN,Afdn,Afdn,one_to_one,True
MLPH,Mlph,,one_to_one,False
MMADHC,Mmadhc,Mmadhc,one_to_one,True
MMD2,Mmd2,,one_to_one,False
MMP17,Mmp17,,one_to_one,False
MMP7,Mmp7,,one_to_one,False
MMP20,Mmp20,,one_to_one,False
MMP25,Mmp25,Mmp25,one_to_one,True
PPOX,Ppox,Ppox,one_to_one,True
MNT,Mnt,Mnt,one_to_one,True
CAB39,Cab39,Cab39,one_to_one,True
MOB3C,Mob3c,Mob3c,one_to_one,True
MOB4,Mob4,Mob4,one_to_one,True
EPB41L5,Epb41l5,,one_to_one,False
MSN,Msn,Msn,one_to_one,True
RANGRF,Rangrf,Rangrf,one_to_one,True
MOXD2P,Moxd2,,one_to_one,False
LIM2,Lim2,,one_to_one,False
PTGES,Ptges,,one_to_one,False
MPP2,Mpp2,Mpp2,one_to_one,True
MPP3,Mpp3,,one_to_one,False
PAQR7,Paqr7,Paqr7,one_to_one,True
PAQR8,Paqr8,Paqr8,one_to_one,True
TTK,Ttk,,one_to_one,False
BCCIP,Bccip,Bccip,one_to_one,True
U2SURP,U2surp,U2surp,one_to_one,True
GPKOW,Gpkow,Gpkow,one_to_one,True
CSGALNACT2,Csgalnact2,Csgalnact2,one_to_one,True
TBX1,Tbx1,,one_to_one,False
MRAP,Mrap,,one_to_one,False
MRAS,Mras,,one_to_one,False
RNGTT,Rngtt,Rngtt,one_to_one,True
ABCC1,Abcc1,Abcc1,one_to_one,True
ABCC2,Abcc2,,one_to_one,False
MRPL57,Mrpl57,Mrpl57,one_to_one,True
ABCC12,Abcc12,,one_to_one,False
KGD4,Kdg4,Mrps36,one_to_one,True
MS4A12,Ms4a12,,one_to_one,False
MS4A5,Ms4a5,,one_to_one,False
MS4A14,Ms4a14,,one_to_one,False
MS4A15,Ms4a15,,one_to_one,False
MS4A6A,Ms4a6d,Ms4a6d,ambiguous_orthology,False
MS4A6E,Ms4a6d,Ms4a6d,ambiguous_orthology,False
MS4A6A,Ms4a6c,Ms4a6c,ambiguous_orthology,False
MS4A6E,Ms4a6c,Ms4a6c,ambiguous_orthology,False
MS4A2,Ms4a2,,one_to_one,False
MS4A6A,Ms4a6b,Ms4a6b,ambiguous_orthology,False
MS4A6E,Ms4a6b,Ms4a6b,ambiguous_orthology,False
MS4A1,Ms4a1,,one_to_one,False
MS4A3,Ms4a3,,one_to_one,False
MINK1,Mink1,Mink1,one_to_one,True
MSRA,Msra,Msra,one_to_one,True
MST1R,Mst1r,,one_to_one,False
STK3,Stk3,Stk3,one_to_one,True
STK26,Stk26,Stk26,one_to_one,True
MT1X,Mt2,,ambiguous_orthology,False
MT2A,Mt2,,ambiguous_orthology,False
MTERF3,Mterf3,Mterf3,one_to_one,True
MTERF2,Mterf2,Mterf2,one_to_one,True
MTF1,Mtf1,Mtf1,one_to_one,True
PHF1,Phf1,Phf1,one_to_one,True
GPAM,Gpam,Gpam,one_to_one,True
CBFA2T2,Cbfa2t2,Cbfa2t2,one_to_one,True
NUDT1,Nudt1,Nudt1,one_to_one,True
TESMIN,Tesmin,,one_to_one,False
MTMR1,Mtmr1,Mtmr1,one_to_one,True
MTMR7,Mtmr7,Mtmr7,one_to_one,True
ND1,mt-Nd1,mt-Nd1,one_to_one,True
ND3,mt-Nd3,mt-Nd3,one_to_one,True
ND4,mt-Nd4,mt-Nd4,one_to_one,True
ND4L,mt-Nd4l,mt-Nd4l,one_to_one,True
ND5,mt-Nd5,mt-Nd5,one_to_one,True
ND6,mt-Nd6,mt-Nd6,one_to_one,True
MTTP,Mttp,Mttp,one_to_one,True
METRN,Metrn,Metrn,one_to_one,True
MTUS2,Mtus2,Mtus2,one_to_one,True
DUXB,Duxbl1,,one_to_one,False
MTX1,Mtx1,Mtx1,one_to_one,True
DUX4L2,Duxf3,,ambiguous_orthology,False
DUX4L4,Duxf3,,ambiguous_orthology,False
DUX4L9,Duxf3,,ambiguous_orthology,False
DUX4,Duxf3,,ambiguous_orthology,False
DUX4L3,Duxf3,,ambiguous_orthology,False
DUX4L6,Duxf3,,ambiguous_orthology,False
DUX4L5,Duxf3,,ambiguous_orthology,False
DUX4L7,Duxf3,,ambiguous_orthology,False
MUC2,Muc2,,one_to_one,False
TRIM54,Trim54,,one_to_one,False
MMUT,Mmut,Mmut,one_to_one,True
TRMU,Trmu,Trmu,one_to_one,True
MVD,Mvd,Mvd,one_to_one,True
MYCT1,Myct1,,one_to_one,False
COPS9,Cops9,Cops9,one_to_one,True
MYH7B,Myh7b,,one_to_one,False
MYO10,Myo10,Myo10,one_to_one,True
MYO15A,Myo15a,,one_to_one,False
MYO18A,Myo18a,Myo18a,one_to_one,True
MYO1B,Myo1b,,one_to_one,False
MYO1E,Myo1e,Myo1e,one_to_one,True
LRRC39,Lrrc39,,one_to_one,False
TCF23,Tcf23,,one_to_one,False
TCF24,Tcf24,,one_to_one,False
MYO1G,Myo1g,Myo1g,one_to_one,True
PPP1R12A,Ppp1r12a,Ppp1r12a,one_to_one,True
MYOZ2,Myoz2,,one_to_one,False
MYRIP,Myrip,,one_to_one,False
KAT8,Kat8,Kat8,one_to_one,True
RNF213,Rnf213,Rnf213,one_to_one,True
HEMK2,Hemk2,N6amt1,one_to_one,True
EEF1AKMT1,Eef1akmt1,Eef1akmt1,one_to_one,True
RIMKLA,Rimkla,,one_to_one,False
RIMKLB,Rimklb,,one_to_one,False
NAB1,Nab1,Nab1,one_to_one,True
NWD1,Nwd1,,one_to_one,False
EDA,Eda,,one_to_one,False
NADK2,Nadk2,Nadk2,one_to_one,True
HMCN1,Hmcn1,,one_to_one,False
NLRP1,Nlrp1b,,one_to_one,False
NLRP1,Nlrp1a,,one_to_one,False
AZI2,Azi2,Azi2,one_to_one,True
SLC34A2,Slc34a2,,one_to_one,False
NAPRT,Naprt,Naprt,one_to_one,True
CPSF4,Cpsf4,Cpsf4,one_to_one,True
PCSK9,Pcsk9,,one_to_one,False
NPTX2,Nptx2,,one_to_one,False
SCN4A,Scn4a,,one_to_one,False
SCN8A,Scn8a,,one_to_one,False
KANK3,Kank3,Kank3,one_to_one,True
NCALD,Ncald,Ncald,one_to_one,True
NCAM2,Ncam2,,one_to_one,False
NCCRP1,Nccrp1,,one_to_one,False
NCEH1,Nceh1,Nceh1,one_to_one,True
NCK1,Nck1,Nck1,one_to_one,True
NCOA4,Ncoa4,Ncoa4,one_to_one,True
NCOR1,Ncor1,Ncor1,one_to_one,True
SLC8A1,Slc8a1,,one_to_one,False
SLC8A2,Slc8a2,,one_to_one,False
SLC8A3,Slc8a3,,one_to_one,False
NME1,Nme1,Nme1,one_to_one,True
NME1-NME2,Nme2,Nme2,ambiguous_orthology,False
NME2,Nme2,Nme2,ambiguous_orthology,False
NME2P1,Nme2,Nme2,ambiguous_orthology,False
NME3,Nme3,Nme3,one_to_one,True
NME7,Nme7,Nme7,one_to_one,True
NDUFB8,Ndufb8,Ndufb8,one_to_one,True
NDUFAF2,Ndufaf2,Ndufaf2,one_to_one,True
COXFA4,Coxfa4,Ndufa4,one_to_one,True
NDUFA9,Ndufa9,Ndufa9,one_to_one,True
NDUFAB1,Ndufab1,Ndufab1,one_to_one,True
NDUFS8,Ndufs8,Ndufs8,one_to_one,True
ALDH1A2,Aldh1a2,,one_to_one,False
NECTIN1,Nectin1,,one_to_one,False
NEDD4L,Nedd4l,Nedd4l,one_to_one,True
SEPTIN2,Septin2,Sept2,one_to_one,True
NEFL,Nefl,,one_to_one,False
NEFM,Nefm,,one_to_one,False
NSMF,Nsmf,Nsmf,one_to_one,True
KIRREL3,Kirrel3,,one_to_one,False
NPHS1,Nphs1,,one_to_one,False
SYNE3,Syne3,Syne3,one_to_one,True
RBFOX3,Rbfox3,,one_to_one,False
NEURL1,Neurl1a,,one_to_one,False
OPN5,Opn5,,one_to_one,False
ASAH2,Asah2,Asah2,one_to_one,True
SMPD3,Smpd3,,one_to_one,False
SMPD2,Smpd2,Smpd2,one_to_one,True
CYFIP2,Cyfip2,Cyfip2,one_to_one,True
NFASC,Nfasc,,one_to_one,False
NFAT5,Nfat5,Nfat5,one_to_one,True
NFE2L1,Nfe2l1,Nfe2l1,one_to_one,True
NFE2L2,Nfe2l2,Nfe2l2,one_to_one,True
NFIX,Nfix,Nfix,one_to_one,True
RELA,Rela,Rela,one_to_one,True
RECK,Reck,Reck,one_to_one,True
NFYB,Nfyb,Nfyb,one_to_one,True
NR4A2,Nr4a2,Nr4a2,one_to_one,True
NR4A1,Nr4a1,Nr4a1,one_to_one,True
NRADDP,Nradd,Nradd,one_to_one,True
NGFR,Ngfr,,one_to_one,False
RTN4R,Rtn4r,,one_to_one,False
RTN4RL2,Rtn4rl2,,one_to_one,False
RTN4RL1,Rtn4rl1,Rtn4rl1,one_to_one,True
SLC9A1,Slc9a1,Slc9a1,one_to_one,True
SLC9A2,Slc9a2,,one_to_one,False
SLC9A4,Slc9a4,,one_to_one,False
SLC9A3,Slc9a3,,one_to_one,False
SLC9A5,Slc9a5,,one_to_one,False
SLC9A7,Slc9a7,Slc9a7,one_to_one,True
RBM19,Rbm19,Rbm19,one_to_one,True
NIM1K,Nim1k,Nim1k,one_to_one,True
NIPSNAP3A,Nipsnap3a,,ambiguous_orthology,False
NIPSNAP3B,Nipsnap3a,,ambiguous_orthology,False
PDHB,Pdhb,Pdhb,one_to_one,True
SLC5A5,Slc5a5,,one_to_one,False
TRAV13-1,Trav10,,ambiguous_orthology,False
TRAV13-2,Trav10,,ambiguous_orthology,False
TRAV5,Trav3n-3,,one_to_one,False
TRAV13-1,Trav5n-4,,ambiguous_orthology,False
TRAV13-2,Trav5n-4,,ambiguous_orthology,False
TRAV5,Trav3d-3,,one_to_one,False
TRAV17,Trav8n-2,,one_to_one,False
TRAV13-1,Trav10n,,ambiguous_orthology,False
TRAV13-2,Trav10n,,ambiguous_orthology,False
TRAV17,Trav8d-2,,one_to_one,False
TRAV1-2,Trav1,,ambiguous_orthology,False
TRAV1-1,Trav1,,ambiguous_orthology,False
TRAV10,Trav11,Trav11,one_to_one,True
TRAV26-2,Trav21-dv12,,one_to_one,False
TRAV17,Trav8-1,,one_to_one,False
TRAV13-1,Trav10d,,ambiguous_orthology,False
TRAV13-2,Trav10d,,ambiguous_orthology,False
TRAV17,Trav8d-1,,one_to_one,False
TRAV10,Trav11d,,one_to_one,True
TRAV34,Trdv1,,ambiguous_orthology,False
TRAV30,Trdv1,,ambiguous_orthology,False
TRAV4,Trav2,,one_to_one,False
TRAV13-1,Trav5d-4,,ambiguous_orthology,False
TRAV13-2,Trav5d-4,,ambiguous_orthology,False
TRAV13-1,Trav5-1,,ambiguous_orthology,False
TRAV13-2,Trav5-1,,ambiguous_orthology,False
TRAV13-1,Trav5-4,,ambiguous_orthology,False
TRAV13-2,Trav5-4,,ambiguous_orthology,False
TRAV5,Trav3-1,,one_to_one,False
TRAV5,Trav3-3,,one_to_one,False
TRAV5,Trav3-4,,one_to_one,False
THAP4,Thap4,Thap4,one_to_one,True
NKX2-1,Nkx2-1,,one_to_one,False
NKX2-3,Nkx2-3,,one_to_one,False
NKX2-5,Nkx2-5,,one_to_one,False
NKX2-6,Nkx2-6,,one_to_one,False
TAC3,Tac2,,one_to_one,False
SLC12A1,Slc12a1,,one_to_one,False
NKD2,Nkd2,,one_to_one,False
HMX2,Hmx2,,one_to_one,False
NLGN2,Nlgn2,,one_to_one,False
NLGN3,Nlgn3,,one_to_one,False
NLGN4Y,Nlgn4l,,ambiguous_orthology,False
NLGN4X,Nlgn4l,,ambiguous_orthology,False
NLK,Nlk,Nlk,one_to_one,True
NOD1,Nod1,Nod1,one_to_one,True
NLRC3,Nlrc3,Nlrc3,one_to_one,True
NLRX1,Nlrx1,Nlrx1,one_to_one,True
NLRP10,Nlrp10,,one_to_one,False
NLRP6,Nlrp6,,one_to_one,False
NLRP9,Nlrp9a,,one_to_one,False
NME4,Nme4,Nme4,one_to_one,True
NME5,Nme5,,one_to_one,False
NME8,Nme8,,one_to_one,False
NME9,Nme9,,one_to_one,False
SYT14,Syt14,,one_to_one,False
NMBR,Nmbr,,one_to_one,False
NMD3,Nmd3,Nmd3,one_to_one,True
GRIN1,Grin1,,one_to_one,False
RP2,Rp2,Rp2,one_to_one,True
MYH10,Myh10,,one_to_one,False
NMUR2,Nmur2,,one_to_one,False
NMUR1,Nmur1,,one_to_one,False
NOS1,Nos1,,one_to_one,False
OPRL1,Oprl1,,one_to_one,False
RTN4,Rtn4,Rtn4,one_to_one,True
DDX56,Ddx56,Ddx56,one_to_one,True
NOL4L,Nol4l,Nol4l,one_to_one,True
NOP58,Nop58,Nop58,one_to_one,True
NOP56,Nop56,Nop56,one_to_one,True
GAR1,Gar1,Gar1,one_to_one,True
NHP2,Nhp2,Nhp2,one_to_one,True
NOP10,Nop10,Nop10,one_to_one,True
NR4A3,Nr4a3,Nr4a3,one_to_one,True
NOTCH2,Notch2,Notch2,one_to_one,True
NRF1,Nrf1,Nrf1,one_to_one,True
PMAIP1,Pmaip1,Pmaip1,one_to_one,True
PNP,Pnp,Pnp,one_to_one,True
PNP,Pnp2,,one_to_one,True
NRP1,Nrp1,Nrp1,one_to_one,True
NIPAL3,Nipal3,Nipal3,one_to_one,True
NPAS1,Npas1,,one_to_one,False
NPAS4,Npas4,,one_to_one,False
IQCB1,Iqcb1,Iqcb1,one_to_one,True
NPHS2,Nphs2,,one_to_one,False
NPLOC4,Nploc4,Nploc4,one_to_one,True
NPM1,Npm1,Npm1,one_to_one,True
NPNT,Npnt,,one_to_one,False
SLC34A1,Slc34a1,,one_to_one,False
NPTN,Nptn,Nptn,one_to_one,True
NPY4R2,Npy4r,,ambiguous_orthology,False
NPY4R,Npy4r,,ambiguous_orthology,False
PPARA,Ppara,,one_to_one,False
NR1D2,Nr1d2,Nr1d2,one_to_one,True
RORB,Rorb,,one_to_one,False
RORC,Rorc,Rorc,one_to_one,True
GRIN2A,Grin2a,,one_to_one,False
HNF4G,Hnf4g,,one_to_one,False
RXRG,Rxrg,,one_to_one,False
NRBP2,Nrbp2,,one_to_one,False
NRCAM,Nrcam,,one_to_one,False
NFE2L3,Nfe2l3,,one_to_one,False
TENM4,Tenm4,,one_to_one,False
NRG2,Nrg2,Nrg2,one_to_one,True
NRN1L,Nrn1l,,one_to_one,False
REST,Rest,Rest,one_to_one,True
NRXN1,Nrxn1,,one_to_one,False
NRXN2,Nrxn2,,one_to_one,False
SYNCRIP,Syncrip,Syncrip,one_to_one,True
NHLH1,Nhlh1,,one_to_one,False
NHLH2,Nhlh2,,one_to_one,False
DAGLA,Dagla,,one_to_one,False
NSF,Nsf,Nsf,one_to_one,True
PCGF1,Pcgf1,Pcgf1,one_to_one,True
COX6A1,Cox6a1,Cox6a1,one_to_one,True
MATN3,Matn3,,one_to_one,False
NXN,Nxn,Nxn,one_to_one,True
NTF3,Ntf3,,one_to_one,False
NT5C1A,Nt5c1a,,one_to_one,False
PNPLA6,Pnpla6,Pnpla6,one_to_one,True
NTNG1,Ntng1,,one_to_one,False
NTNG2,Ntng2,,one_to_one,False
ENTPD4,Entpd4,,one_to_one,False
ENTPD6,Entpd6,Entpd6,one_to_one,True
ENTPD8,Entpd8,,one_to_one,False
FOXN1,Foxn1,,one_to_one,False
NUDT3,Nudt3,Nudt3,one_to_one,True
RANBP2,Ranbp2,Ranbp2,one_to_one,True
NUP58,Nup58,,one_to_one,False
NUP42,Nup42,Nupl2,one_to_one,True
WASL,Wasl,Wasl,one_to_one,True
NXPH2,Nxph2,,one_to_one,False
OAF,Oaf,,one_to_one,False
SLC22A6,Slc22a6,,one_to_one,False
SLC22A8,Slc22a8,,one_to_one,False
SLC22A20P,Slc22a20,,one_to_one,False
SLCO1C1,Slco1c1,,one_to_one,False
SLCO1B1,Slco1b2,,ambiguous_orthology,False
SLCO1B7,Slco1b2,,ambiguous_orthology,False
SLCO1B3,Slco1b2,,ambiguous_orthology,False
SLCO1A2,Slco1a8,,one_to_one,False
SLCO1A2,Slco1a7,,one_to_one,False
SLCO1A2,Slco1a4,,one_to_one,False
SLCO1A2,Slco1a6,,one_to_one,False
SLCO1A2,Slco1a5,,one_to_one,False
SLCO1A2,Slco1a1,,one_to_one,False
SLCO2A1,Slco2a1,,one_to_one,False
SLCO3A1,Slco3a1,Slco3a1,one_to_one,True
SLCO4A1,Slco4a1,Slco4a1,one_to_one,True
SLCO5A1,Slco5a1,,one_to_one,False
PLXND1,Plxnd1,Plxnd1,one_to_one,True
STN1,Stn1,Stn1,one_to_one,True
LEPR,Lepr,,one_to_one,False
OBSCN,Obscn,,one_to_one,False
TYR,Tyr,,one_to_one,False
OCLN,Ocln,,one_to_one,False
OCM,Ocm,,ambiguous_orthology,False
OCM2,Ocm,,ambiguous_orthology,False
OCRL,Ocrl,Ocrl,one_to_one,True
SLC22A1,Slc22a1,,one_to_one,False
SLC22A2,Slc22a2,,one_to_one,False
SLC22A3,Slc22a3,Slc22a3,one_to_one,True
POU3F1,Pou3f1,,one_to_one,False
SLC22A16,Slc22a16,,one_to_one,False
DAW1,Daw1,,one_to_one,False
ZIC1,Zic1,,one_to_one,False
CIMAP1D,Cimap1d,,one_to_one,False
TENM1,Tenm1,,one_to_one,False
OMG,Omg,,one_to_one,False
OGN,Ogn,,one_to_one,False
RACGAP1,Racgap1,Racgap1,one_to_one,True
GPRC6A,Gprc6a,,one_to_one,False
OLFM2,Olfm2,,one_to_one,False
OLFM3,Olfm3,,one_to_one,False
OLFML3,Olfml3,,one_to_one,False
OLIG1,Olig1,,one_to_one,False
OLIG3,Olig3,,one_to_one,False
OMP,Omp,,one_to_one,False
ONECUT3,Onecut3,,one_to_one,False
EXOSC8,Exosc8,Exosc8,one_to_one,True
TNFRSF11B,Tnfrsf11b,,one_to_one,False
SIGMAR1,Sigmar1,Sigmar1,one_to_one,True
OR10J3,Or10j3,,one_to_one,False
OR7G2,Or7g32,,one_to_one,False
OR4D1,Or4d1,,one_to_one,False
OR2AG1,Or2ag20,,ambiguous_orthology,False
OR2AG2,Or2ag20,,ambiguous_orthology,False
OR2AG1,Or2ag1b,,one_to_one,False
OR56A3,Or56a3b,,one_to_one,False
OR5K3,Or5k14,,one_to_one,False
OR5AC1,Or5ac20,,one_to_one,False
OR56A3,Or56a3,,one_to_one,False
OR5K3,Or5k3,,one_to_one,False
OR5AC2,Or5ac15,,one_to_one,False
OR5K3,Or5k8,,one_to_one,False
OR5K4,Or5k17,,one_to_one,False
OR5K4,Or5k15,,one_to_one,False
OR5AK2,Or5ak23,,ambiguous_orthology,False
OR5AK3P,Or5ak23,,ambiguous_orthology,False
OR8G1,Or8g27,,one_to_one,False
OR5H15,Or5h19,,ambiguous_orthology,False
OR5H2,Or5h19,,ambiguous_orthology,False
OR5H1,Or5h19,,ambiguous_orthology,False
OR5AC2,Or5ac23,,one_to_one,False
OR8G5,Or8g17,,one_to_one,False
OR8G5,Or8g18,,ambiguous_orthology,False
OR8G1,Or8g18,,ambiguous_orthology,False
OR5H15,Or5h25,,ambiguous_orthology,False
OR5H8,Or5h25,,ambiguous_orthology,False
OR5H2,Or5h25,,ambiguous_orthology,False
OR5H1,Or5h25,,ambiguous_orthology,False
OR5K4,Or5k16,,one_to_one,False
OR5H15,Or5h23,,ambiguous_orthology,False
OR5H8,Or5h23,,ambiguous_orthology,False
OR5H2,Or5h23,,ambiguous_orthology,False
OR5H1,Or5h23,,ambiguous_orthology,False
OR8G1,Or8g26,,one_to_one,False
OR5H2,Or5h18,,one_to_one,False
OR5H6,Or5h17,,ambiguous_orthology,False
OR5H15,Or5h17,,ambiguous_orthology,False
OR5H14,Or5h17,,ambiguous_orthology,False
OR5H1,Or5h17,,ambiguous_orthology,False
OR8G1,Or8g30,,one_to_one,False
OR8G5,Or8g21,,one_to_one,False
OR8G2P,Or8g2,,ambiguous_orthology,False
OR8G3,Or8g2,,ambiguous_orthology,False
OR8G1,Or8g28,,one_to_one,False
OR5H14,Or5h22,,ambiguous_orthology,False
OR5H8,Or5h22,,ambiguous_orthology,False
OR5H1,Or5h22,,ambiguous_orthology,False
OR5H6,Or5h22,,ambiguous_orthology,False
OR5H15,Or5h22,,ambiguous_orthology,False
OR5H2,Or5h22,,ambiguous_orthology,False
OR8G1,Or8g34,,one_to_one,False
OR5AC2,Or5ac21,,one_to_one,False
OR8G2P,Or8g2b,,ambiguous_orthology,False
OR8G3,Or8g2b,,ambiguous_orthology,False
OR8G5,Or8g23,,ambiguous_orthology,False
OR8G1,Or8g23,,ambiguous_orthology,False
OR5H15,Or5h26,,ambiguous_orthology,False
OR5H8,Or5h26,,ambiguous_orthology,False
OR5H2,Or5h26,,ambiguous_orthology,False
OR5H1,Or5h26,,ambiguous_orthology,False
OR5AC1,Or5ac16,,one_to_one,False
LTO1,LTO1,LTO1,one_to_one,True
ORC1,Orc1,,one_to_one,False
ORC5,Orc5,Orc5,one_to_one,True
ORC6,Orc6,Orc6,one_to_one,True
SLC22A13,Slc22a13,,one_to_one,False
SLC22A14,Slc22a14,,one_to_one,False
SLC25A15,Slc25a15,Slc25a15,one_to_one,True
BHLHA9,Bhlha9,,one_to_one,False
OSBP2,Osbp2,,one_to_one,False
OSBPL10,Osbpl10,,one_to_one,False
OSBPL2,Osbpl2,Osbpl2,one_to_one,True
OSBPL3,Osbpl3,Osbpl3,one_to_one,True
OSBPL7,Osbpl7,Osbpl7,one_to_one,True
OSCP1,Oscp1,,one_to_one,False
CLEC11A,Clec11a,Clec11a,one_to_one,True
SP7,Sp7,,one_to_one,False
OC90,Oc90,,one_to_one,False
OTOL1,Otol1,,one_to_one,False
OTOS,Otos,Otos,one_to_one,True
TNFRSF10D,Tnfrsf10b,Tnfrsf10b,ambiguous_orthology,False
TNFRSF10C,Tnfrsf10b,Tnfrsf10b,ambiguous_orthology,False
TNFRSF10A,Tnfrsf10b,Tnfrsf10b,ambiguous_orthology,False
TNFRSF10B,Tnfrsf10b,Tnfrsf10b,ambiguous_orthology,False
ALG13,Alg13,Alg13,one_to_one,True
OTUD5,Otud5,Otud5,one_to_one,True
OVOL1,Ovol1,,one_to_one,False
AP5M1,Ap5m1,Ap5m1,one_to_one,True
OXCT1,Oxct1,Oxct1,one_to_one,True
OXCT2,Oxct2a,,one_to_one,False
OXCT2,Oxct2b,,one_to_one,False
MPZ,Mpz,,one_to_one,False
NFKB2,Nfkb2,Nfkb2,one_to_one,True
SND1,Snd1,Snd1,one_to_one,True
CYBA,Cyba,Cyba,one_to_one,True
TMED9,Tmed9,Tmed9,one_to_one,True
TMED3,Tmed3,Tmed3,one_to_one,True
TMED1,Tmed1,Tmed1,one_to_one,True
TMED7,Tmed7,Tmed7,ambiguous_orthology,False
TMED7-TICAM2,Tmed7,Tmed7,ambiguous_orthology,False
P2RX5,P2rx5,,one_to_one,False
P2RX6,P2rx6,,one_to_one,False
NCF4,Ncf4,Ncf4,one_to_one,True
GTF2H2,Gtf2h2,Gtf2h2,ambiguous_orthology,False
GTF2H2C,Gtf2h2,Gtf2h2,ambiguous_orthology,False
GTF2H2C_2,Gtf2h2,Gtf2h2,ambiguous_orthology,False
P4HA1,P4ha1,P4ha1,one_to_one,True
P4HTM,P4htm,P4htm,one_to_one,True
DCTN2,Dctn2,Dctn2,one_to_one,True
GTF2H4,Gtf2h4,Gtf2h4,one_to_one,True
SQSTM1,Sqstm1,Sqstm1,one_to_one,True
GTF2H1,Gtf2h1,Gtf2h1,one_to_one,True
NCF2,Ncf2,,one_to_one,False
THOC1,Thoc1,Thoc1,one_to_one,True
PSME2,Psme2,Psme2,one_to_one,True
PSME2,Psme2b,Psme2b,one_to_one,True
PSME3,Psme3,Psme3,one_to_one,True
PABPC3,Pabpc6,,ambiguous_orthology,False
PABPC1,Pabpc6,,ambiguous_orthology,False
PABPC3,Pabpc1,Pabpc1,ambiguous_orthology,False
PABPC1,Pabpc1,Pabpc1,ambiguous_orthology,False
VIPR2,Vipr2,,one_to_one,False
SERPINE1,Serpine1,,one_to_one,False
PAIP2B,Paip2b,Paip2b,one_to_one,True
PAK5,Pak5,,one_to_one,False
PAK6,Pak6,Pak6,ambiguous_orthology,False
BUB1B-PAK6,Pak6,Pak6,ambiguous_orthology,False
PALM,Palm,,one_to_one,False
PALMD,Palmd,,one_to_one,False
PAMR1,Pamr1,,one_to_one,False
SUPT6H,Supt6,Supt6,one_to_one,True
TACSTD2,Tacstd2,Tacstd2,one_to_one,True
EPCAM,Epcam,Epcam,one_to_one,True
PANX1,Panx1,Panx1,one_to_one,True
PCDH8,Pcdh8,,one_to_one,False
TENT2,Tent2,Tent2,one_to_one,True
TENT4B,Tent4b,Tent4b,one_to_one,True
TENT4A,Tent4a,Tent4a,one_to_one,True
ACP7,Acp7,,one_to_one,False
PAPLN,Papln,,one_to_one,False
PAPOLA,Papola,Papola,one_to_one,True
PAPOLB,Papolb,,one_to_one,False
PAPPA,Pappa,,one_to_one,False
SLC35B2,Slc35b2,Slc35b2,one_to_one,True
SLC35B3,Slc35b3,Slc35b3,one_to_one,True
MMD,Mmd,Mmd,one_to_one,True
PAQR3,Paqr3,,one_to_one,False
PAQR5,Paqr5,,one_to_one,False
TCF15,Tcf15,,one_to_one,False
F2R,F2r,F2r,one_to_one,True
F2RL2,F2rl2,F2rl2,one_to_one,True
PAWR,Pawr,,one_to_one,False
PRKN,Prkn,,one_to_one,False
PARL,Parl,Parl,one_to_one,True
OTUD4,Otud4,Otud4,one_to_one,True
PARP14,Parp14,Parp14,one_to_one,True
PARVA,Parva,,one_to_one,False
PVALB,Pvalb,,one_to_one,False
PASK,Pask,,one_to_one,False
PAX7,Pax7,,one_to_one,False
PBRM1,Pbrm1,Pbrm1,one_to_one,True
PEBP1,Pbp2,,one_to_one,False
PEBP1,Pebp1,Pebp1,one_to_one,True
PBX2,Pbx2,Pbx2,one_to_one,True
PBX3,Pbx3,Pbx3,one_to_one,True
CBX2,Cbx2,Cbx2,one_to_one,True
PCSK5,Pcsk5,,one_to_one,False
RYR2,Ryr2,,one_to_one,False
KAT2B,Kat2b,Kat2b,one_to_one,True
PCBD1,Pcbd1,,one_to_one,False
PCDH1,Pcdh1,,one_to_one,False
PCDH20,Pcdh20,,one_to_one,False
PCDHAC2,Pcdhac2,,one_to_one,False
PCMTD2,Pcmtd2,Pcmtd2,one_to_one,True
NUP85,Nup85,Nup85,one_to_one,True
PCNX1,Pcnx1,Pcnx,one_to_one,True
PCNX2,Pcnx2,,one_to_one,False
PCNX3,Pcnx3,Pcnx3,one_to_one,True
PCNX4,Pcnx4,Pcnx4,one_to_one,True
CHMP1A,Chmp1a,Chmp1a,one_to_one,True
CDK17,Cdk17,Cdk17,one_to_one,True
PCYT1B,Pcyt1b,,one_to_one,False
PDC,Pdc,,one_to_one,False
GATD1,Gatd1,Gatd1,one_to_one,True
PDE11A,Pde11a,Pde11a,one_to_one,True
PDE1C,Pde1c,,one_to_one,False
PDE5A,Pde5a,Pde5a,one_to_one,True
PDE6G,Pde6g,,one_to_one,False
PDE6H,Pde6h,,one_to_one,False
PDE9A,Pde9a,,one_to_one,False
PDGFA,Pdgfa,,one_to_one,False
PDGFB,Pdgfb,Pdgfb,one_to_one,True
PDGFRB,Pdgfrb,,one_to_one,False
PDIA6,Pdia6,Pdia6,one_to_one,True
PDK2,Pdk2,Pdk2,one_to_one,True
PODXL2,Podxl2,,one_to_one,False
PBK,Pbk,,one_to_one,False
NHERF4,Nherf4,,one_to_one,False
PDZD7,Pdzd7,,one_to_one,False
PDZRN3,Pdzrn3,,one_to_one,False
MEST,Mest,,one_to_one,False
EIF2AK3,Eif2ak3,Eif2ak3,one_to_one,True
PELI1,Peli1,Peli1,one_to_one,True
TBX4,Tbx4,,one_to_one,False
PSENEN,Psenen,Psenen,one_to_one,True
PENK,Penk,,one_to_one,False
SLC15A2,Slc15a2,Slc15a2,one_to_one,True
PER1,Per1,Per1,one_to_one,True
PER3,Per3,Per3,one_to_one,True
HSPG2,Hspg2,,one_to_one,False
PERM1,Perm1,,one_to_one,False
RRH,Rrh,,one_to_one,False
FEV,Fev,,one_to_one,False
GATB,Gatb,Gatb,one_to_one,True
PTPN21,Ptpn21,Ptpn21,one_to_one,True
DNAAF3,Dnaaf3,,one_to_one,False
PFKFB4,Pfkfb4,Pfkfb4,one_to_one,True
PFKL,Pfkl,Pfkl,one_to_one,True
CDK15,Cdk15,,one_to_one,False
OCA2,Oca2,,one_to_one,False
PGF,Pgf,,one_to_one,False
GPI,Gpi1,Gpi1,one_to_one,True
PGLYRP4,Pglyrp4,,one_to_one,False
PGLYRP3,Pglyrp3,,one_to_one,False
PGLYRP1,Pglyrp1,Pglyrp1,one_to_one,True
PHACTR4,Phactr4,Phactr4,one_to_one,True
PHC3,Phc3,Phc3,one_to_one,True
PHF19,Phf19,Phf19,one_to_one,True
JADE2,Jade2,Jade2,one_to_one,True
JADE3,Jade3,Jade3,one_to_one,True
PHKA1,Phka1,,one_to_one,False
PHLDB1,Phldb1,,one_to_one,False
PHOX2B,Phox2b,,one_to_one,False
HACL1,Hacl1,Hacl1,one_to_one,True
PHYHIPL,Phyhipl,,one_to_one,False
PI15,Pi15,,one_to_one,False
PI4KA,Pi4ka,Pi4ka,one_to_one,True
PI4K2A,Pi4k2a,Pi4k2a,one_to_one,True
PI4K2B,Pi4k2b,Pi4k2b,one_to_one,True
PI4KB,Pi4kb,Pi4kb,one_to_one,True
PIAS4,Pias4,Pias4,one_to_one,True
PIAS2,Pias2,Pias2,one_to_one,True
PIDD1,Pidd1,Pidd1,one_to_one,True
PIK3R3,Pik3r3,,one_to_one,False
PIK3R6,Pik3r6,,one_to_one,False
GET1,Get1,Wrb,one_to_one,True
LIMS1,Lims1,Lims1,one_to_one,True
GSAP,Gsap,Gsap,one_to_one,True
PIP4K2A,Pip4k2a,Pip4k2a,one_to_one,True
ARMC3,Armc3,Armc3,one_to_one,True
PIP5K1B,Pip5k1b,Pip5k1b,one_to_one,True
PIP5K1C,Pip5k1c,Pip5k1c,one_to_one,True
PIKFYVE,Pikfyve,Pikfyve,one_to_one,True
POU1F1,Pou1f1,,one_to_one,False
PITPNA,Pitpna,Pitpna,one_to_one,True
PITPNC1,Pitpnc1,Pitpnc1,one_to_one,True
PITX2,Pitx2,,one_to_one,False
PRKCZ,Prkcz,Prkcz,one_to_one,True
PRKD1,Prkd1,,one_to_one,False
PKD1,Pkd1,Pkd1,one_to_one,True
PKDCC,Pkdcc,,one_to_one,False
PKHD1L1,Pkhd1l1,,one_to_one,False
PKN1,Pkn1,Pkn1,one_to_one,True
PKN2,Pkn2,Pkn2,one_to_one,True
PKP3,Pkp3,Pkp3,one_to_one,True
EIF2AK2,Eif2ak2,Eif2ak2,one_to_one,True
PLA2G3,Pla2g3,,one_to_one,False
PLA2G12A,Pla2g12a,Pla2g12a,one_to_one,True
PLLP,Pllp,,one_to_one,False
PRPH,Prph,,one_to_one,False
PLN,Pln,,one_to_one,False
PLCB1,Plcb1,,one_to_one,False
PLCB2,Plcb2,Plcb2,one_to_one,True
PLCXD1,Plcxd1,,one_to_one,False
PLD1,Pld1,,one_to_one,False
BLOC1S6,Bloc1s6,Bloc1s6,one_to_one,True
RTKN2,Rtkn2,,one_to_one,False
PLEKHS1,Plekhs1,,one_to_one,False
PLXNA1,Plxna1,Plxna1,one_to_one,True
ZBTB16,Zbtb16,Zbtb16,one_to_one,True
ATP2B1,Atp2b1,Atp2b1,one_to_one,True
ATP2B2,Atp2b2,,one_to_one,False
ATP2B4,Atp2b4,Atp2b4,one_to_one,True
MED10,Med10,Med10,one_to_one,True
PNOC,Pnoc,,one_to_one,False
POC1B,Poc1b,Poc1b,one_to_one,True
POLR2G,Polr2g,Polr2g,one_to_one,True
POLR3GL,Polr3gl,Polr3gl,one_to_one,True
RUVBL1,Ruvbl1,Ruvbl1,one_to_one,True
PLAC8,Plac8,Plac8,one_to_one,True
POPDC3,Popdc3,,one_to_one,False
PORCN,Porcn,,one_to_one,False
POU6F1,Pou6f1,Pou6f1,one_to_one,True
PPA1,Ppa1,Ppa1,one_to_one,True
PPP2R2D,Ppp2r2d,Ppp2r2d,one_to_one,True
PPM1A,Ppm1a,Ppm1a,one_to_one,True
PLPP6,Plpp6,Plpp6,one_to_one,True
PPIL3,Ppil3,Ppil3,one_to_one,True
PPM1D,Ppm1d,Ppm1d,one_to_one,True
SAXO4,Saxo4,,one_to_one,False
PPP1R8,Ppp1r8,Ppp1r8,one_to_one,True
PPP1R9B,Ppp1r9b,Ppp1r9b,one_to_one,True
PPP2CA,Ppp2ca,Ppp2ca,one_to_one,True
PPP2R2B,Ppp2r2b,,one_to_one,False
PPP2R2C,Ppp2r2c,,one_to_one,False
PPP2R5C,Ppp2r5c,Ppp2r5c,one_to_one,True
PPP2R5E,Ppp2r5e,Ppp2r5e,one_to_one,True
PPP3R2,Ppp3r2,,one_to_one,False
PPP3R1,Ppp3r1,Ppp3r1,one_to_one,True
PPP4C,Ppp4c,Ppp4c,one_to_one,True
PPT2,Ppt2,Ppt2,one_to_one,True
PPTC7,Pptc7,Pptc7,one_to_one,True
PQBP1,Pqbp1,Pqbp1,one_to_one,True
SLC66A1,Slc66a1,Pqlc2,one_to_one,True
P2RY4,P2ry4,,one_to_one,False
PPP2R3A,Ppp2r3a,,one_to_one,False
CNPY4,Cnpy4,Cnpy4,one_to_one,True
PRDM12,Prdm12,,one_to_one,False
PRDM2,Prdm2,Prdm2,one_to_one,True
ZNF488,Zfp488,,one_to_one,False
PSEN1,Psen1,Psen1,one_to_one,True
PSEN2,Psen2,Psen2,one_to_one,True
PRELID1,Prelid1,Prelid1,one_to_one,True
PRF1,Prf1,Prf1,one_to_one,True
URAD,Urad,,one_to_one,False
PRKACA,Prkaca,Prkaca,one_to_one,True
PRKACB,Prkacb,Prkacb,one_to_one,True
PRKAG2,Prkag2,Prkag2,one_to_one,True
PRKAG3,Prkag3,,one_to_one,False
PRKAR2A,Prkar2a,Prkar2a,one_to_one,True
PRKCB,Prkcb,Prkcb,one_to_one,True
PRKCH,Prkch,Prkch,one_to_one,True
PKN3,Pkn3,,one_to_one,False
PRL,Prl,,one_to_one,False
PTP4A3,Ptp4a3,Ptp4a3,one_to_one,True
PRMT9,Prmt9,Prmt9,one_to_one,True
CARM1,Carm1,Carm1,one_to_one,True
PRMT5,Prmt5,Prmt5,one_to_one,True
PRNP,Prnp,,one_to_one,False
PROC,Proc,,one_to_one,False
PROKR1,Prokr1,,one_to_one,False
PROKR2,Prokr2,,one_to_one,False
P4HA2,P4ha2,,one_to_one,False
WNT2B,Wnt2b,,one_to_one,False
LZTS3,Lzts3,,one_to_one,False
PSMB1,Psmb1,Psmb1,one_to_one,True
PSMB3,Psmb3,Psmb3,one_to_one,True
F2,F2,,one_to_one,False
ECRG4,Ecrg4,,one_to_one,False
PROX1,Prox1,,one_to_one,False
PROX2,Prox2,Prox2,one_to_one,True
PRP4K,Prpf4b,Prpf4b,one_to_one,True
PRR5,Prr5,,one_to_one,False
CENPV,Cenpv,Cenpv,one_to_one,True
PRLH,Prlh,,one_to_one,False
PRLHR,Prlhr,,one_to_one,False
PTGIR,Ptgir,Ptgir,one_to_one,True
PRTG,Prtg,,one_to_one,False
ZCCHC17,Zcchc17,Zcchc17,one_to_one,True
DLG2,Dlg2,,one_to_one,False
PSMA2,Psma2,Psma2,one_to_one,True
PSMC1,Psmc1,Psmc1,one_to_one,True
ST8SIA4,St8sia4,St8sia4,one_to_one,True
PTCHD3,Ptchd3,,one_to_one,False
PTDSS1,Ptdss1,Ptdss1,one_to_one,True
PTF1A,Ptf1a,,one_to_one,False
PTGFRN,Ptgfrn,,one_to_one,False
PTGIS,Ptgis,,one_to_one,False
PTH,Pth,,one_to_one,False
PTH1R,Pth1r,,one_to_one,False
PTH2R,Pth2r,,one_to_one,False
PTHLH,Pthlh,,one_to_one,False
PTK7,Ptk7,,one_to_one,False
TWF1,Twf1,Twf1,one_to_one,True
PTPDC1,Ptpdc1,,one_to_one,False
HACD3,Hacd3,Hacd3,one_to_one,True
HACD2,Hacd2,Hacd2,one_to_one,True
PTPN23,Ptpn23,Ptpn23,one_to_one,True
PTPRD,Ptprd,,one_to_one,False
PTPRS,Ptprs,Ptprs,one_to_one,True
SMC5,Smc5,Smc5,one_to_one,True
BBC3,Bbc3,Bbc3,one_to_one,True
PURA,Pura,Pura,one_to_one,True
PURB,Purb,Purb,one_to_one,True
PEX19,Pex19,Pex19,one_to_one,True
PEX2,Pex2,Pex2,one_to_one,True
PXN,Pxn,Pxn,one_to_one,True
NR1I2,Nr1i2,,one_to_one,False
PYCR1,Pycr1,,one_to_one,False
PYCR2,Pycr2,Pycr2,one_to_one,True
PYCR3,Pycr3,Pycrl,one_to_one,True
DHRSX,Dhrsx,,one_to_one,False
PYY,Pyy,,ambiguous_orthology,False
PYY3,Pyy,,ambiguous_orthology,False
QARS1,Qars1,Qars,one_to_one,True
QTRT2,Qtrt2,Qtrt2,one_to_one,True
RGS9BP,Rgs9bp,,one_to_one,False
RAB11B,Rab11b,Rab11b,one_to_one,True
RAB11FIP1,Rab11fip1,Rab11fip1,one_to_one,True
RAB11FIP4,Rab11fip4,Rab11fip4,one_to_one,True
RAB25,Rab25,,one_to_one,False
RAB34,Rab34,,one_to_one,False
RAB35,Rab35,Rab35,one_to_one,True
RAB38,Rab38,,one_to_one,False
RAB39B,Rab39b,,one_to_one,False
RAB3A,Rab3a,Rab3a,one_to_one,True
RAB6B,Rab6b,Rab6b,one_to_one,True
DENND5A,Dennd5a,Dennd5a,one_to_one,True
RAB7A,Rab7,Rab7,one_to_one,True
RAB8A,Rab8a,Rab8a,one_to_one,True
RAB8B,Rab8b,Rab8b,one_to_one,True
RABEP1,Rabep1,Rabep1,one_to_one,True
RABGEF1,Rabgef1,Rabgef1,one_to_one,True
RAB3IP,Rab3ip,Rab3ip,one_to_one,True
IFT27,Ift27,Ift27,one_to_one,True
IFT22,Ift22,Ift22,one_to_one,True
RAC1,Rac1,Rac1,one_to_one,True
RAC3,Rac3,,one_to_one,False
RAD21,Rad21,Rad21,one_to_one,True
RAD23A,Rad23a,Rad23a,one_to_one,True
RAD51B,Rad51b,,one_to_one,False
RAD9B,Rad9b,Rad9b,one_to_one,True
FREM1,Frem1,,one_to_one,False
SLC50A1,Slc50a1,Slc50a1,one_to_one,True
ELP5,Elp5,Elp5,one_to_one,True
RALB,Ralb,Ralb,one_to_one,True
ALDH1A3,Aldh1a3,,one_to_one,False
RALGDS,Ralgds,Ralgds,one_to_one,True
RALYL,Ralyl,,one_to_one,False
RANBP3,Ranbp3,Ranbp3,one_to_one,True
RANGAP1,Rangap1,Rangap1,one_to_one,True
TNFRSF1B,Tnfrsf1b,Tnfrsf1b,one_to_one,True
TNFSF11,Tnfsf11,Tnfsf11,one_to_one,True
TERF2IP,Terf2ip,Terf2ip,one_to_one,True
RAP1A,Rap1a,Rap1a,one_to_one,True
RAP1GAP,Rap1gap,,one_to_one,False
RUNDC3A,Rundc3a,Rundc3a,one_to_one,True
RAPGEF1,Rapgef1,Rapgef1,one_to_one,True
RAPGEF4,Rapgef4,Rapgef4,one_to_one,True
RAPSN,Rapsn,Rapsn,one_to_one,True
LXN,Lxn,Lxn,one_to_one,True
RARRES1,Rarres1,,one_to_one,False
RARS1,Rars1,Rars,one_to_one,True
RASGRF2,Rasgrf2,Rasgrf2,one_to_one,True
RASSF2,Rassf2,Rassf2,one_to_one,True
RBBP4,Rbbp4,Rbbp4,one_to_one,True
RBBP7,Rbbp7,Rbbp7,one_to_one,True
DNAJC27,Dnajc27,Dnajc27,one_to_one,True
RBM24,Rbm24,Rbm24,one_to_one,True
ESRP1,Esrp1,,one_to_one,False
RBM39,Rbm39,Rbm39,one_to_one,True
RBM4B,Rbm4b,Rbm4b,one_to_one,True
RBFOX2,Rbfox2,,one_to_one,False
RBP1,Rbp1,,one_to_one,False
RBP7,Rbp7,,one_to_one,False
STRA6LP,Stra6l,,one_to_one,False
RBPJL,Rbpjl,,one_to_one,False
RC3H1,Rc3h1,Rc3h1,one_to_one,True
CDH4,Cdh4,,one_to_one,False
CRCP,Crcp,Crcp,one_to_one,True
NELFE,Nelfe,Nelfe,one_to_one,True
DHRS9,Dhrs9,,one_to_one,False
RDH16,Rdh1,,one_to_one,False
HSD17B6,Hsd17b6,,one_to_one,False
SDR16C6P,Sdr16c6,,one_to_one,False
SDR16C5,Sdr16c5,,one_to_one,False
PRPH2,Prph2,,one_to_one,False
RECQL5,Recql5,Recql5,one_to_one,True
DDIT4,Ddit4,Ddit4,one_to_one,True
UPF1,Upf1,Upf1,one_to_one,True
RPRM,Rprm,,one_to_one,False
RERGL,Rergl,,one_to_one,False
RETSAT,Retsat,Retsat,one_to_one,True
RLN3,Rln3,,one_to_one,False
INSL3,Insl3,,one_to_one,False
COP1,Cop1,Cop1,one_to_one,True
TRMT10C,Trmt10c,Trmt10c,one_to_one,True
RGL3,Rgl3,,one_to_one,False
RGR,Rgr,,one_to_one,False
RGS13,Rgs13,,one_to_one,False
RGS14,Rgs14,Rgs14,one_to_one,True
GIPC1,Gipc1,Gipc1,one_to_one,True
RGS7,Rgs7,,one_to_one,False
RGS9,Rgs9,,one_to_one,False
RHCE,Rhd,,ambiguous_orthology,False
RHD,Rhd,,ambiguous_orthology,False
RHBDF1,Rhbdf1,,one_to_one,False
RHOC,Rhoc,Rhoc,one_to_one,True
RHOG,Rhog,Rhog,one_to_one,True
RIC3,Ric3,,one_to_one,False
RIPK2,Ripk2,Ripk2,one_to_one,True
PDLIM4,Pdlim4,Pdlim4,one_to_one,True
RIMBP2,Rimbp2,,one_to_one,False
RIMS1,Rims1,,one_to_one,False
RIMS2,Rims2,,one_to_one,False
RIPK1,Ripk1,Ripk1,one_to_one,True
RIPK3,Ripk3,Ripk3,one_to_one,True
DSTYK,Dstyk,Dstyk,one_to_one,True
POLR2D,Polr2d,Polr2d,one_to_one,True
RNF115,Rnf115,Rnf115,one_to_one,True
RLIM,Rlim,Rlim,one_to_one,True
RNF128,Rnf128,Rnf128,one_to_one,True
RNF133,Rnf133,,one_to_one,False
RNF144A,Rnf144a,Rnf144a,one_to_one,True
RNF150,Rnf150,,one_to_one,False
ARK2C,Ark2c,,one_to_one,False
RNF180,Rnf180,,one_to_one,False
RNF207,Rnf207,,one_to_one,False
OBI1,Obi1,Rnf219,one_to_one,True
TRIM5,Trim12c,Trim12c,one_to_one,True
TRIM5,Trim5,Trim5,one_to_one,True
TRIM68,Trim68,Trim68,one_to_one,True
TRIM21,Trim21,Trim21,one_to_one,True
TRIM58,Trim58,,one_to_one,False
TRIM38,Trim38,,one_to_one,False
TRIM11,Trim11,Trim11,one_to_one,True
TRIM17,Trim17,,one_to_one,False
RRP9,Rrp9,Rrp9,one_to_one,True
SNUPN,Snupn,Snupn,one_to_one,True
PTBP3,Ptbp3,Ptbp3,one_to_one,True
TECTA,Tecta,,one_to_one,False
MPV17,Mpv17,Mpv17,one_to_one,True
CD180,Cd180,,one_to_one,False
RP1L1,Rp1l1,,one_to_one,False
POLR2J3,Polr2j,Polr2j,ambiguous_orthology,False
POLR2J,Polr2j,Polr2j,ambiguous_orthology,False
POLR2J2,Polr2j,Polr2j,ambiguous_orthology,False
RPGR,Rpgr,Rpgr,one_to_one,True
RPL28,Rpl28,Rpl28,one_to_one,True
RPLP2,Rplp2-ps1,,one_to_one,False
RPLP2,Rplp2,Rplp2,one_to_one,True
SUB1,Sub1,Sub1,one_to_one,True
RPP21,Rpp21,Rpp21,one_to_one,True
RPP40,Rpp40,Rpp40,one_to_one,True
RPS27L,Rps27l,Rps27l,one_to_one,True
PTPRA,Ptpra,Ptpra,one_to_one,True
CNOT9,Cnot9,Cnot9,one_to_one,True
RRAGC,Rragc,Rragc,one_to_one,True
RS1,Rs1,,one_to_one,False
RSPH3,Rsph3a,Rsph3a,one_to_one,True
RSPH3,Rsph3b,Rsph3b,one_to_one,True
RSPH4A,Rsph4a,,one_to_one,False
RSPH6A,Rsph6a,,one_to_one,False
RSPH14,Rsph14,,one_to_one,False
RTF2,Rtf2,Rtf2,one_to_one,True
UNC119,Unc119,Unc119,one_to_one,True
RTKN,Rtkn,,one_to_one,False
RTN2,Rtn2,,one_to_one,False
ZNF667,Zfp667,Zfp667,one_to_one,True
ZNF574,Zfp574,Zfp574,one_to_one,True
RUNX3,Runx3,Runx3,one_to_one,True
SGSM3,Sgsm3,Sgsm3,one_to_one,True
RXFP2,Rxfp2,,one_to_one,False
RXFP3,Rxfp3,,one_to_one,False
RYR3,Ryr3,Ryr3,one_to_one,True
PYROXD1,Pyroxd1,Pyroxd1,one_to_one,True
S1PR3,S1pr3,,one_to_one,False
UBA2,Uba2,Uba2,one_to_one,True
MYO6,Myo6,Myo6,one_to_one,True
TAFA3,Tafa3,Tafa3,one_to_one,True
TAFA2,Tafa2,,one_to_one,False
HAUS3,Haus3,Haus3,one_to_one,True
SLC25A26,Slc25a26,Slc25a26,one_to_one,True
SAMD10,Samd10,Samd10,one_to_one,True
SAMD11,Samd11,,one_to_one,False
SAMD8,Samd8,Samd8,one_to_one,True
SAMD9L,Samd9l,Samd9l,one_to_one,True
SAMSN1,Samsn1,Samsn1,one_to_one,True
ZFYVE9,Zfyve9,,one_to_one,False
SAR1B,Sar1b,Sar1b,one_to_one,True
TSPAN31,Tspan31,Tspan31,one_to_one,True
UTP3,Utp3,Utp3,one_to_one,True
SAT1,Sat1,Sat1,one_to_one,True
SLC26A1,Slc26a1,,one_to_one,False
SAT2,Sat2,,one_to_one,False
NKX1-1,Nkx1-1,,one_to_one,False
CWF19L1,Cwf19l1,Cwf19l1,one_to_one,True
FMO5,Fmo5,Fmo5,one_to_one,True
APOF,Apof,,one_to_one,False
VEZF1,Vezf1,Vezf1,one_to_one,True
ICAM5,Icam5,,one_to_one,False
XIRP2,Xirp2,,one_to_one,False
SLC13A1,Slc13a1,,one_to_one,False
SH3YL1,Sh3yl1,,one_to_one,False
PIK3C2A,Pik3c2a,Pik3c2a,one_to_one,True
GMNN,Gmnn,Gmnn,one_to_one,True
RASSF7,Rassf7,Rassf7,one_to_one,True
ZBTB10,Zbtb10,Zbtb10,one_to_one,True
CCNB2,Ccnb2,Ccnb2,one_to_one,True
ERLEC1,Erlec1,Erlec1,one_to_one,True
NPB,Npb,,one_to_one,False
NPW,Npw,,one_to_one,False
TXNIP,Txnip,Txnip,one_to_one,True
PREB,Preb,Preb,one_to_one,True
LBR,Lbr,Lbr,one_to_one,True
WDR3,Wdr3,Wdr3,one_to_one,True
IVD,Ivd,Ivd,one_to_one,True
SLC35F6,Slc35f6,Slc35f6,one_to_one,True
PDIA5,Pdia5,,one_to_one,False
DAB2,Dab2,,one_to_one,False
MNS1,Mns1,Mns1,one_to_one,True
LDLRAP1,Ldlrap1,Ldlrap1,one_to_one,True
CMTM6,Cmtm6,Cmtm6,one_to_one,True
ASPNAT,Nat8l,,one_to_one,False
LAMP2,Lamp2,Lamp2,one_to_one,True
TPBG,Tpbg,,one_to_one,False
STOX1,Stox1,,one_to_one,False
STRBP,Strbp,Strbp,one_to_one,True
CDCA3,Cdca3,Cdca3,one_to_one,True
CACNA1H,Cacna1h,,one_to_one,False
WIPF3,Wipf3,,one_to_one,False
SERINC5,Serinc5,Serinc5,one_to_one,True
SLIRP,Slirp,Slirp,one_to_one,True
RGCC,Rgcc,Rgcc,one_to_one,True
ETNK1,Etnk1,Etnk1,one_to_one,True
G2E3,G2e3,G2e3,one_to_one,True
TMCO1,Tmco1,Tmco1,one_to_one,True
VGLL4,Vgll4,Vgll4,one_to_one,True
AKIP1,Akip1,Akip1,one_to_one,True
SLC2A8,Slc2a8,Slc2a8,one_to_one,True
PPP1R15B,Ppp1r15b,Ppp1r15b,one_to_one,True
SLC31A2,Slc31a2,Slc31a2,one_to_one,True
SHISA2,Shisa2,,one_to_one,False
SLC17A5,Slc17a5,Slc17a5,one_to_one,True
GSS,Gss,Gss,one_to_one,True
SLC39A14,Slc39a14,Slc39a14,one_to_one,True
ZHX3,Zhx3,Zhx3,one_to_one,True
RHOV,Rhov,,one_to_one,False
TSPAN2,Tspan2,,one_to_one,False
PHOSPHO1,Phospho1,,one_to_one,False
SYT9,Syt9,,one_to_one,False
TLN1,Tln1,Tln1,one_to_one,True
TFB2M,Tfb2m,Tfb2m,one_to_one,True
SULT6B1,Sult6b1,,one_to_one,False
FGA,Fga,,one_to_one,False
GALNT11,Galnt11,Galnt11,one_to_one,True
GALNTL5,Galntl5,,one_to_one,False
SEMA3F,Sema3f,,one_to_one,False
MICAL2,Mical2,Mical2,one_to_one,True
TTC21B,Ttc21b,Ttc21b,one_to_one,True
CAST,Cast,Cast,one_to_one,True
PADI2,Padi2,Padi2,one_to_one,True
PADI3,Padi3,,one_to_one,False
PADI6,Padi6,,one_to_one,False
PADI1,Padi1,,one_to_one,False
PADI4,Padi4,,one_to_one,False
SCN4B,Scn4b,,one_to_one,False
INCENP,Incenp,Incenp,one_to_one,True
TBC1D14,Tbc1d14,Tbc1d14,one_to_one,True
PAPSS1,Papss1,Papss1,one_to_one,True
TTLL10,Ttll10,,one_to_one,False
SSUH2,Ssu2,,one_to_one,False
MRPS11,Mrps11,Mrps11,one_to_one,True
AGR2,Agr2,,one_to_one,False
LAMC2,Lamc2,,one_to_one,False
HOXC12,Hoxc12,,one_to_one,False
ADAMTS18,Adamts18,,one_to_one,False
NCOA3,Ncoa3,Ncoa3,one_to_one,True
LRFN2,Lrfn2,,one_to_one,False
KIAA0319,D130043K22Rik,,one_to_one,False
HES3,Hes3,,one_to_one,False
SBNO2,Sbno2,Sbno2,one_to_one,True
KIAA1191,4833439L19Rik,4833439L19Rik,one_to_one,True
PIWIL2,Piwil2,,one_to_one,False
GPR84,Gpr84,,one_to_one,False
NEURL4,Neurl4,Neurl4,one_to_one,True
SLC4A5,Slc4a5,,one_to_one,False
PPP1R2P1,Ppp1r2,Ppp1r2,ambiguous_orthology,False
PPP1R2,Ppp1r2,Ppp1r2,ambiguous_orthology,False
PPP1R2B,Ppp1r2,Ppp1r2,ambiguous_orthology,False
TLR9,Tlr9,,one_to_one,False
ZEB2,Zeb2,Zeb2,one_to_one,True
JAK3,Jak3,Jak3,one_to_one,True
CCDC85B,Ccdc85b,Ccdc85b,one_to_one,True
TRIM16L,Trim16,,ambiguous_orthology,False
TRIM16,Trim16,,ambiguous_orthology,False
TJAP1,Tjap1,Tjap1,one_to_one,True
DVL2,Dvl2,Dvl2,one_to_one,True
DOCK4,Dock4,,one_to_one,False
UNC5B,Unc5b,,one_to_one,False
VSIG8,Vsig8,,one_to_one,False
STAT6,Stat6,Stat6,one_to_one,True
TRPM4,Trpm4,Trpm4,one_to_one,True
WDR44,Wdr44,Wdr44,one_to_one,True
PXK,Pxk,Pxk,one_to_one,True
CASZ1,Casz1,Casz1,one_to_one,True
PCDH7,Pcdh7,,one_to_one,False
HUWE1,Huwe1,Huwe1,one_to_one,True
DHH,Dhh,,one_to_one,False
STAT5A,Stat5a,Stat5a,one_to_one,True
STAT5B,Stat5b,Stat5b,one_to_one,True
EGF,Egf,Egf,one_to_one,True
TP73,Trp73,,one_to_one,False
SCRT1,Scrt1,,one_to_one,False
RAB31,Rab31,,one_to_one,False
RIBC1,Ribc1,,one_to_one,False
MASP2,Masp2,,one_to_one,False
TIE1,Tie1,,one_to_one,False
DNAJB2,Dnajb2,Dnajb2,one_to_one,True
SLC4A10,Slc4a10,,one_to_one,False
ZNF711,Zfp711,,one_to_one,False
DGCR8,Dgcr8,Dgcr8,one_to_one,True
OSTF1,Ostf1,Ostf1,one_to_one,True
TLR12P,Tlr12,Tlr12,one_to_one,True
SDCBP,Sdcbp,Sdcbp,one_to_one,True
SOX13,Sox13,,one_to_one,False
TOX,Tox,Tox,one_to_one,True
USP12,Usp12,Usp12,one_to_one,True
OMD,Omd,,one_to_one,False
UBAP2L,Ubap2l,Ubap2l,one_to_one,True
LRCH2,Lrch2,,one_to_one,False
BZW2,Bzw2,Bzw2,one_to_one,True
MYO16,Myo16,,one_to_one,False
GBF1,Gbf1,Gbf1,one_to_one,True
SLC5A3,Slc5a3,Slc5a3,one_to_one,True
FSD1L,Fsd1l,,one_to_one,False
ARAF,Araf,Araf,one_to_one,True
OSGIN2,Osgin2,Osgin2,one_to_one,True
SC5D,Sc5d,Sc5d,one_to_one,True
SCAMP5,Scamp5,,one_to_one,False
SKAP2,Skap2,Skap2,one_to_one,True
MAU2,Mau2,Mau2,one_to_one,True
ICAM2,Icam2,Icam2,one_to_one,True
FLRT1,Flrt1,,one_to_one,False
SLITRK2,Slitrk2,,one_to_one,False
LRRC3,Lrrc3,,one_to_one,False
LRFN5,Lrfn5,,one_to_one,False
FLRT2,Flrt2,,one_to_one,False
PRELP,Prelp,,one_to_one,False
LRRC4B,Lrrc4b,,one_to_one,False
CD276,Cd276,,one_to_one,False
CD200LP,Cd200l1,,one_to_one,False
CD200LP,Cd200l2,,one_to_one,False
CADM1,Cadm1,,one_to_one,False
ROBO4,Robo4,,one_to_one,False
SCD,Scd4,,one_to_one,False
SCD,Scd3,,one_to_one,False
SCD,Scd2,Scd2,one_to_one,True
SCD,Scd1,,one_to_one,True
TMIGD3,Tmigd3,,one_to_one,False
SIGIRR,Sigirr,Sigirr,one_to_one,True
TMIGD1,Tmigd1,,one_to_one,False
CD7,Cd7,Cd7,one_to_one,True
SEMA4C,Sema4c,,one_to_one,False
IGDCC3,Igdcc3,,one_to_one,False
STMN2,Stmn2,,one_to_one,False
TAL1,Tal1,,one_to_one,False
SCX,Scx,,one_to_one,False
SCN5A,Scn5a,,one_to_one,False
SCN10A,Scn10a,,one_to_one,False
SCN1B,Scn1b,Scn1b,one_to_one,True
SSPOP,Sspo,,one_to_one,False
SCP2,Scp2,Scp2,one_to_one,True
GORAB,Gorab,Gorab,one_to_one,True
ERGIC3,Ergic3,Ergic3,one_to_one,True
SDC4,Sdc4,Sdc4,one_to_one,True
SDCBP2,Sdcbp2,Sdcbp2,one_to_one,True
ENTR1,Entr1,Entr1,one_to_one,True
TSHZ1,Tshz1,Tshz1,one_to_one,True
SDHD,Sdhd,Sdhd,one_to_one,True
CAVIN3,Cavin3,,one_to_one,False
CAVIN2,Cavin2,,one_to_one,False
SUDS3,Suds3,Suds3,one_to_one,True
EXOC5,Exoc5,Exoc5,one_to_one,True
SEC11A,Sec11a,Sec11a,one_to_one,True
SEC22B,Sec22b,Sec22b,one_to_one,True
SEC22C,Sec22c,Sec22c,one_to_one,True
SEC31B,Sec31b,,one_to_one,False
EXOC1,Exoc1,Exoc1,one_to_one,True
EXOC2,Exoc2,Exoc2,one_to_one,True
TRNAU1AP,Trnau1ap,Trnau1ap,one_to_one,True
SELENOK,Selenok,Selenok,one_to_one,True
COA7,Coa7,Coa7,one_to_one,True
SELENOS,Selenos,Selenos,one_to_one,True
SEMA3A,Sema3a,,one_to_one,False
SEMA3D,Sema3d,,one_to_one,False
SEMA5B,Sema5b,,one_to_one,False
SEMA6C,Sema6c,,one_to_one,False
SEMA6D,Sema6d,,one_to_one,False
SEPTIN10,Septin10,,one_to_one,False
SEPTIN14,Septin14,,one_to_one,False
SEPTIN3,Septin3,,one_to_one,False
SEPTIN4,Septin4,Sept4,one_to_one,True
SERF1B,Serf1,Serf1,ambiguous_orthology,False
SERF1A,Serf1,Serf1,ambiguous_orthology,False
SERF2,Serf2,Serf2,one_to_one,True
SERPINF2,Serpinf2,,one_to_one,False
SLC6A4,Slc6a4,,one_to_one,False
JAZF1,Jazf1,,one_to_one,False
PLXNA3,Plxna3,,one_to_one,False
SETD7,Setd7,Setd7,one_to_one,True
KMT5A,Kmt5a,Kmt5a,one_to_one,True
SF3B6,Sf3b6,Sf3b6,one_to_one,True
SFRP5,Sfrp5,,one_to_one,False
SFRP1,Sfrp1,,one_to_one,False
SRSF1,Srsf1,Srsf1,one_to_one,True
TRA2B,Tra2b,Tra2b,one_to_one,True
SRSF11,Srsf11,Srsf11,one_to_one,True
CLASRP,Clasrp,Clasrp,one_to_one,True
SCAF11,Scaf11,Scaf11,one_to_one,True
SRSF3,Srsf3,Srsf3,one_to_one,True
SRSF4,Srsf4,Srsf4,one_to_one,True
SFSWAP,Sfswap,Sfswap,one_to_one,True
SFXN5,Sfxn5,,one_to_one,False
CBLN4,Cbln4,,one_to_one,False
SLC5A4,Slc5a4a,,one_to_one,False
SLC5A1,Slc5a1,,one_to_one,False
SLC5A4,Slc5a4b,,one_to_one,False
SGMS1,Sgms1,Sgms1,one_to_one,True
SGMS2,Sgms2,Sgms2,one_to_one,True
SGO1,Sgo1,Sgo1,one_to_one,True
SGSM1,Sgsm1,,one_to_one,False
SGTB,Sgtb,,one_to_one,False
SUGT1,Sugt1,Sugt1,one_to_one,True
SH2D1A,Sh2d1a,Sh2d1a,one_to_one,True
SH2D3C,Sh2d3c,Sh2d3c,one_to_one,True
SH2D4B,Sh2d4b,,one_to_one,False
SH3BP4,Sh3bp4,,one_to_one,False
SH3BP5,Sh3bp5,Sh3bp5,one_to_one,True
SH3GL2,Sh3gl2,,one_to_one,False
SH3GL3,Sh3gl3,Sh3gl3,one_to_one,True
SH3GLB2,Sh3glb2,Sh3glb2,one_to_one,True
SH3PXD2A,Sh3pxd2a,Sh3pxd2a,one_to_one,True
SPRN,Sprn,,one_to_one,False
SHANK2,Shank2,,one_to_one,False
SHD,Shd,,one_to_one,False
LTK,Ltk,,one_to_one,False
PLCB3,Plcb3,Plcb3,one_to_one,True
SEM1,Sem1,Sem1,one_to_one,True
INPP5D,Inpp5d,Inpp5d,one_to_one,True
SHISA5,Shisa5,Shisa5,one_to_one,True
SHISA7,Shisa7,,one_to_one,False
SHISAL1,Shisal1,,one_to_one,False
LAMC1,Lamc1,Lamc1,one_to_one,True
ST3GAL1,St3gal1,St3gal1,one_to_one,True
ST3GAL2,St3gal2,St3gal2,one_to_one,True
SIAH2,Siah2,Siah2,one_to_one,True
CHSY3,Chsy3,,one_to_one,False
KANK2,Kank2,,one_to_one,False
KSR1,Ksr1,Ksr1,one_to_one,True
TLN2,Tln2,,one_to_one,False
FBXO22,Fbxo22,Fbxo22,one_to_one,True
HEATR5A,Heatr5a,Heatr5a,one_to_one,True
CCDC157,Ccdc157,,one_to_one,False
ATMIN,Atmin,Atmin,one_to_one,True
TMUB2,Tmub2,Tmub2,one_to_one,True
LAMA4,Lama4,,one_to_one,False
ASNSD1,Asnsd1,Asnsd1,one_to_one,True
CMC2,Cmc2,Cmc2,one_to_one,True
SDHAF4,Sdhaf4,Sdhaf4,one_to_one,True
SMAP1,Smap1,Smap1,one_to_one,True
SLC7A4,Slc7a4,,one_to_one,False
ZNF385B,Zfp385b,,one_to_one,False
ORMDL1,Ormdl1,Ormdl1,one_to_one,True
ADAT3,Adat3,,one_to_one,False
TMEM267,Tmem267,Tmem267,one_to_one,True
CCR6,Ccr6,,one_to_one,False
STAT4,Stat4,Stat4,one_to_one,True
STAT1,Stat1,Stat1,one_to_one,True
SCEL,Scel,,one_to_one,False
SLC39A13,Slc39a13,Slc39a13,one_to_one,True
ARL14EP,Arl14ep,Arl14ep,one_to_one,True
CSMD2,Csmd2,,one_to_one,False
PDE6A,Pde6a,,one_to_one,False
SLC35A5,Slc35a5,Slc35a5,one_to_one,True
CCDC80,Ccdc80,,one_to_one,False
F5,F5,,one_to_one,False
SLC35A2,Slc35a2,Slc35a2,one_to_one,True
BCAP31,Bcap31,Bcap31,one_to_one,True
EFR3B,Efr3b,,one_to_one,False
SLC25A43,Slc25a43,,one_to_one,False
APOLD1,Apold1,,one_to_one,False
APOL2,Apol11b,,ambiguous_orthology,False
APOL1,Apol11b,,ambiguous_orthology,False
APOL1,Apol11a,,one_to_one,False
APOL2,Apol7a,,ambiguous_orthology,False
APOL4,Apol7a,,ambiguous_orthology,False
APOL1,Apol7a,,ambiguous_orthology,False
APOL1,Apol10a,,one_to_one,False
MINAR1,Minar1,,one_to_one,False
MFRP,Mfrp,,one_to_one,False
PTPRR,Ptprr,,one_to_one,False
MARCHF3,Marchf3,,one_to_one,False
ZNF146,Zfp146,Zfp146,one_to_one,True
RBPMS,Rbpms,Rbpms,one_to_one,True
CFAP410,Cfap410,Cfap410,one_to_one,True
PIK3C2G,Pik3c2g,,one_to_one,False
RERG,Rerg,,one_to_one,False
SLC12A6,Slc12a6,Slc12a6,one_to_one,True
PDPR,Pdpr,Pdpr,one_to_one,True
SLC25A10,Slc25a10,Slc25a10,one_to_one,True
RAB27B,Rab27b,Rab27b,one_to_one,True
CLPB,Clpb,Clpb,one_to_one,True
CCDC172,Ccdc172,,one_to_one,False
NNT,Nnt,Nnt,one_to_one,True
TMEM101,Tmem101,Tmem101,one_to_one,True
TMEM220,Tmem220,Tmem220,one_to_one,True
LAMB3,Lamb3,Lamb3,one_to_one,True
HYKK,Hykk,,one_to_one,False
SLC6A16,Slc6a16,,one_to_one,False
SLC6A21P,Slc6a21,,one_to_one,False
RUBCN,Rubcn,Rubcn,one_to_one,True
MID1,Mid1,Mid1,one_to_one,True
PPP1R16B,Ppp1r16b,Ppp1r16b,one_to_one,True
DBNDD1,Dbndd1,,one_to_one,False
AFG3L1P,Afg3l1,Afg3l1,one_to_one,True
TAOK3,Taok3,Taok3,one_to_one,True
DUSP28,Dusp28,Dusp28,one_to_one,True
BUB1,Bub1,,one_to_one,False
GPR37L1,Gpr37l1,,one_to_one,False
GALNT13,Galnt13,,one_to_one,False
KIF21A,Kif21a,,one_to_one,False
DMAC2,Dmac2,Dmac2,one_to_one,True
CNTROB,Cntrob,Cntrob,one_to_one,True
SAMD1,Samd1,Samd1,one_to_one,True
RHPN1,Rhpn1,,one_to_one,False
HTR2C,Htr2c,,one_to_one,False
MAP10,Map10,,one_to_one,False
GPR171,Gpr171,Gpr171,one_to_one,True
STK38,Stk38,Stk38,one_to_one,True
CDR2,Cdr2,Cdr2,one_to_one,True
NINJ1,Ninj1,Ninj1,one_to_one,True
MVB12A,Mvb12a,Mvb12a,one_to_one,True
ZBTB41,Zbtb41,Zbtb41,one_to_one,True
PARP10,Parp10,Parp10,one_to_one,True
TREX2,Trex2,,one_to_one,False
TREX1,Trex1,,one_to_one,False
BEST1,Best1,,one_to_one,False
TTLL5,Ttll5,Ttll5,one_to_one,True
RPGRIP1L,Rpgrip1l,Rpgrip1l,one_to_one,True
TTF2,Ttf2,Ttf2,one_to_one,True
DDX47,Ddx47,Ddx47,one_to_one,True
CDC42EP1,Cdc42ep1,Cdc42ep1,one_to_one,True
TOR4A,Tor4a,Tor4a,one_to_one,True
TRIM35,Trim35,Trim35,one_to_one,True
SLC17A7,Slc17a7,,one_to_one,False
RASSF9,Rassf9,,one_to_one,False
LRRC41,Lrrc41,Lrrc41,one_to_one,True
USH1G,Ush1g,,one_to_one,False
CFAP65,Cfap65,,one_to_one,False
PUM2,Pum2,Pum2,one_to_one,True
KLHL22,Klhl22,Klhl22,one_to_one,True
TOPAZ1,Topaz1,,one_to_one,False
RNF122,Rnf122,Rnf122,one_to_one,True
MMP28,Mmp28,,one_to_one,False
TPR,Tpr,Tpr,one_to_one,True
TDRD12,Tdrd12,,one_to_one,False
DDX24,Ddx24,Ddx24,one_to_one,True
SERPINA10,Serpina10,,one_to_one,False
ONECUT2,Onecut2,,one_to_one,False
TAF4B,Taf4b,Taf4b,one_to_one,True
CNTRL,Cntrl,Cntrl,one_to_one,True
TTC3,Ttc3,Ttc3,one_to_one,True
NAV1,Nav1,,one_to_one,False
THBD,Thbd,,one_to_one,False
VMO1,Vmo1,,one_to_one,False
VWF,Vwf,,one_to_one,False
FAM111A,Fam111a,Fam111a,one_to_one,True
THEMIS2,Themis2,,one_to_one,False
GP9,Gp9,,one_to_one,False
MSMP,Msmp,,one_to_one,False
KLHL7,Klhl7,Klhl7,one_to_one,True
CORIN,Corin,,one_to_one,False
HS1BP3,Hs1bp3,Hs1bp3,one_to_one,True
MYOCD,Myocd,,one_to_one,False
EPS8L2,Eps8l2,,one_to_one,False
EPM2A,Epm2a,,one_to_one,False
CAMTA2,Camta2,Camta2,one_to_one,True
ULK4,Ulk4,Ulk4,one_to_one,True
SNX17,Snx17,Snx17,one_to_one,True
ATRAID,Atraid,Atraid,one_to_one,True
EIF2B4,Eif2b4,Eif2b4,one_to_one,True
CEP68,Cep68,Cep68,one_to_one,True
LGALSL,Lgalsl,Lgalsl,one_to_one,True
TCN2,Tcn2,Tcn2,one_to_one,True
MOCS2,Mocs2,Mocs2,one_to_one,True
PATL2,Patl2,,one_to_one,False
LRRC56,Lrrc56,Lrrc56,one_to_one,True
ZPLD1,Zpld1,,one_to_one,False
NOL8,Nol8,Nol8,one_to_one,True
FASTKD2,Fastkd2,Fastkd2,one_to_one,True
PTCHD4,Ptchd4,,one_to_one,False
ATP6V0A2,Atp6v0a2,Atp6v0a2,one_to_one,True
SEMA3B,Sema3b,,one_to_one,False
FAM110D,Fam110d,,one_to_one,False
SUMO2,Sumo2,Sumo2,one_to_one,True
CHD8,Chd8,Chd8,one_to_one,True
RAB44,Rab44,,one_to_one,False
HDHD3,Hdhd3,Hdhd3,one_to_one,True
TGFA,Tgfa,Tgfa,one_to_one,True
ACSBG1,Acsbg1,Acsbg1,one_to_one,True
SMIM5,Smim5,,one_to_one,False
ZCCHC8,Zcchc8,Zcchc8,one_to_one,True
SORCS1,Sorcs1,,one_to_one,False
SLC35A3,Slc35a3,Slc35a3,one_to_one,True
ACBD5,Acbd5,Acbd5,one_to_one,True
TM2D1,Tm2d1,Tm2d1,one_to_one,True
SH2D7,Sh2d7,,one_to_one,False
STIM1,Stim1,Stim1,one_to_one,True
SLC7A10,Slc7a10,,one_to_one,False
CABP2,Cabp2,,one_to_one,False
ZFP91,Zfp91,Zfp91,one_to_one,True
ZBTB32,Zbtb32,,one_to_one,False
GABRA3,Gabra3,,one_to_one,False
ARID3C,Arid3c,,one_to_one,False
TMEM160,Tmem160,Tmem160,one_to_one,True
NXNL1,Nxnl1,,one_to_one,False
IPO8,Ipo8,Ipo8,one_to_one,True
ZNF536,Zfp536,Zfp536,one_to_one,True
CCDC171,Ccdc171,Ccdc171,one_to_one,True
MAMDC2,Mamdc2,,one_to_one,False
PTAR1,Ptar1,Ptar1,one_to_one,True
MEA1,Mea1,Mea1,one_to_one,True
DLK2,Dlk2,,one_to_one,False
DNPH1,Dnph1,,one_to_one,False
LDAH,Ldah,Ldah,one_to_one,True
SLC24A1,Slc24a1,,one_to_one,False
DENND4A,Dennd4a,Dennd4a,one_to_one,True
ADCK2,Adck2,Adck2,one_to_one,True
TMEM63A,Tmem63a,Tmem63a,one_to_one,True
RSPH9,Rsph9,,one_to_one,False
MRPS18A,Mrps18a,Mrps18a,one_to_one,True
RGS21,Rgs21,,one_to_one,False
DPAGT1,Dpagt1,Dpagt1,one_to_one,True
SPNS3,Spns3,,one_to_one,False
SEMA4G,Sema4g,,one_to_one,False
SRBD1,Srbd1,Srbd1,one_to_one,True
BMF,Bmf,Bmf,one_to_one,True
DNAH5,Dnah5,,one_to_one,False
REM2,Rem2,,one_to_one,False
PKP2,Pkp2,,one_to_one,False
WASH3P,Washc1,Washc1,ambiguous_orthology,False
WASH2P,Washc1,Washc1,ambiguous_orthology,False
WASH4P,Washc1,Washc1,ambiguous_orthology,False
WASH6P,Washc1,Washc1,ambiguous_orthology,False
WASHC1,Washc1,Washc1,ambiguous_orthology,False
IQSEC3,Iqsec3,,one_to_one,False
PTPRQ,Ptprq,,one_to_one,False
OLFM1,Olfm1,,one_to_one,False
NUAK1,Nuak1,,one_to_one,False
UBXN11,Ubxn11,Ubxn11,one_to_one,True
ADAP2,Adap2,,one_to_one,False
ZYG11B,Zyg11b,Zyg11b,one_to_one,True
ZYG11A,Zyg11a,,one_to_one,False
RALGPS2,Ralgps2,Ralgps2,one_to_one,True
SHISA8,Shisa8,,one_to_one,False
TRABD2B,Trabd2b,,one_to_one,False
MYH14,Myh14,,one_to_one,False
TECPR1,Tecpr1,Tecpr1,one_to_one,True
MAP3K21,Map3k21,,one_to_one,False
SAMD12,Samd12,,one_to_one,False
MGAT4A,Mgat4a,Mgat4a,one_to_one,True
CDH13,Cdh13,Cdh13,one_to_one,True
TAGAP,Tagap,Tagap,one_to_one,True
TAGAP,Tagap1,Tagap1,one_to_one,True
TUBB1,Tubb1,,one_to_one,False
EPHA8,Epha8,,one_to_one,False
TRHR,Trhr,,one_to_one,False
ABI3,Abi3,Abi3,one_to_one,True
POU6F2,Pou6f2,,one_to_one,False
KICS2,Kics2,BC048403,one_to_one,True
SRGAP1,Srgap1,,one_to_one,False
REG1A,Reg2,,ambiguous_orthology,False
REG1B,Reg2,,ambiguous_orthology,False
REG4,Reg4,,one_to_one,False
REG3G,Reg3g,,one_to_one,False
REG3G,Reg3b,,ambiguous_orthology,False
REG3A,Reg3b,,ambiguous_orthology,False
REG1A,Reg1,,ambiguous_orthology,False
REG1B,Reg1,,ambiguous_orthology,False
PAQR4,Paqr4,Paqr4,one_to_one,True
BORCS8-MEF2B,Mef2b,,ambiguous_orthology,False
MEF2B,Mef2b,,ambiguous_orthology,False
RFXANK,Rfxank,Rfxank,one_to_one,True
NR2C2AP,Nr2c2ap,Nr2c2ap,one_to_one,True
TMEM221,Tmem221,,one_to_one,False
PCOLCE2,Pcolce2,,one_to_one,False
ANAPC7,Anapc7,Anapc7,one_to_one,True
SCAMP4,Scamp4,,one_to_one,False
AP3D1,Ap3d1,Ap3d1,one_to_one,True
RASA3,Rasa3,Rasa3,one_to_one,True
CPEB3,Cpeb3,,one_to_one,False
CIROZ,Ciroz,,one_to_one,False
KCNV2,Kcnv2,,one_to_one,False
IDUA,Idua,Idua,one_to_one,True
AFG3L2,Afg3l2,Afg3l2,one_to_one,True
ASB15,Asb15,,one_to_one,False
TENM2,Tenm2,,one_to_one,False
GLRA2,Glra2,,one_to_one,False
SSBP2,Ssbp2,Ssbp2,one_to_one,True
HCN3,Hcn3,,one_to_one,False
MAN2A1,Man2a1,Man2a1,one_to_one,True
PTGES3L,Ptges3l,Ptges3l,one_to_one,True
KRT33A,Krt31,,ambiguous_orthology,False
KRT31,Krt31,,ambiguous_orthology,False
SMDT1,Smdt1,Smdt1,one_to_one,True
ALKBH1,Alkbh1,Alkbh1,one_to_one,True
SMIM44,Smim44,,one_to_one,False
ADAM28,Adam28,,one_to_one,False
ANTXRL,Antxrl,,one_to_one,False
SHLD2,Shld2,Shld2,one_to_one,True
PIP4P2,Pip4p2,Pip4p2,one_to_one,True
SCIN,Scin,,one_to_one,False
SRSF10,Srsf10,Srsf10,one_to_one,True
ZNF516,Zfp516,Zfp516,one_to_one,True
BICD1,Bicd1,,one_to_one,False
JAKMIP1,Jakmip1,Jakmip1,one_to_one,True
SPMAP2,Spmap2,,one_to_one,False
ZDHHC23,Zdhhc23,Zdhhc23,one_to_one,True
PLSCR3,Plscr3,Plscr3,one_to_one,True
SEMA4B,Sema4b,Sema4b,one_to_one,True
GSG1L2,Gsg1l2,,one_to_one,False
TMPRSS13,Tmprss13,,one_to_one,False
TMPRSS4,Tmprss4,,one_to_one,False
PAFAH1B2,Pafah1b2,Pafah1b2,one_to_one,True
TAAR9,Taar9,,one_to_one,False
TAAR3P,Taar3,,one_to_one,False
HRH4,Hrh4,Hrh4,one_to_one,True
TRIO,Trio,Trio,one_to_one,True
FLT3,Flt3,,one_to_one,False
GPR31,Gpr31b,,one_to_one,False
UNC13D,Unc13d,Unc13d,one_to_one,True
TMPRSS3,Tmprss3,,one_to_one,False
MZT1,Mzt1,Mzt1,one_to_one,True
TMEM182,Tmem182,,one_to_one,False
KHNYN,Khnyn,Khnyn,one_to_one,True
ARHGEF12,Arhgef12,Arhgef12,one_to_one,True
TOP3B,Top3b,Top3b,one_to_one,True
TOPORS,Topors,Topors,one_to_one,True
ZBTB47,Zbtb47,,one_to_one,False
GABRG2,Gabrg2,,one_to_one,False
ANKS1B,Anks1b,,one_to_one,False
AP5B1,Ap5b1,Ap5b1,one_to_one,True
ARG1,Arg1,Arg1,one_to_one,True
NUDT13,Nudt13,Nudt13,one_to_one,True
CEP104,Cep104,Cep104,one_to_one,True
GALNT14,Galnt14,,one_to_one,False
VASH2,Vash2,,one_to_one,False
BATF3,Batf3,,one_to_one,False
NSL1,Nsl1,,one_to_one,False
TATDN3,Tatdn3,Tatdn3,one_to_one,True
SPATA45,Spata45,,one_to_one,False
FLVCR1,Flvcr1,Flvcr1,one_to_one,True
GRID2IP,Grid2ip,,one_to_one,False
PRR5L,Prr5l,,one_to_one,False
FBXO31,Fbxo31,Fbxo31,one_to_one,True
DYNLRB2,Dynlrb2,,one_to_one,False
TREH,Treh,,one_to_one,False
NTRK2,Ntrk2,,one_to_one,False
MTURN,Mturn,Mturn,one_to_one,True
NFXL1,Nfxl1,Nfxl1,one_to_one,True
RHBDD3,Rhbdd3,Rhbdd3,one_to_one,True
EMID1,Emid1,Emid1,one_to_one,True
C2CD3,C2cd3,C2cd3,one_to_one,True
SPEF2,Spef2,Spef2,one_to_one,True
OSBP,Osbp,Osbp,one_to_one,True
PRRT2,Prrt2,,one_to_one,False
TMEM108,Tmem108,Tmem108,one_to_one,True
RSPO2,Rspo2,,one_to_one,False
CD83,Cd83,,one_to_one,False
TRHDE,Trhde,,one_to_one,False
BROX,Brox,Brox,one_to_one,True
SLC7A8,Slc7a8,,one_to_one,False
NEDD8,Nedd8,Nedd8,one_to_one,True
OSMR,Osmr,,one_to_one,False
ZNF366,Zfp366,,one_to_one,False
PLD3,Pld3,Pld3,one_to_one,True
DCUN1D4,Dcun1d4,Dcun1d4,one_to_one,True
OCIAD2,Ociad2,,one_to_one,False
RPUSD4,Rpusd4,Rpusd4,one_to_one,True
TWF2,Twf2,Twf2,one_to_one,True
ERN1,Ern1,Ern1,one_to_one,True
ERN2,Ern2,,one_to_one,False
RTTN,Rttn,Rttn,one_to_one,True
AVEN,Aven,Aven,one_to_one,True
PSD,Psd,,one_to_one,False
PRDM10,Prdm10,Prdm10,one_to_one,True
MTCL3,Mtcl3,,one_to_one,False
ATG16L2,Atg16l2,Atg16l2,one_to_one,True
SIM1,Sim1,,one_to_one,False
SOBP,Sobp,,one_to_one,False
C18orf63,Gm17266,,one_to_one,False
SLC7A14,Slc7a14,,one_to_one,False
NDST3,Ndst3,,one_to_one,False
PRSS12,Prss12,Prss12,one_to_one,True
CPED1,Cped1,,one_to_one,False
VARS2,Vars2,Vars2,one_to_one,True
MGAT1,Mgat1,Mgat1,one_to_one,True
PIGT,Pigt,Pigt,one_to_one,True
WFDC2,Wfdc2,,one_to_one,False
TMEM204,Tmem204,,one_to_one,False
TELO2,Telo2,Telo2,one_to_one,True
IFT140,Ift140,Ift140,one_to_one,True
RAB11FIP3,Rab11fip3,Rab11fip3,one_to_one,True
PLA2R1,Pla2r1,,one_to_one,False
CAMKMT,Camkmt,Camkmt,one_to_one,True
BATF,Batf,Batf,one_to_one,True
ARL10,Arl10,Arl10,one_to_one,True
DNAJC25-GNG10,Dnajc25,Dnajc25,ambiguous_orthology,False
DNAJC25,Dnajc25,Dnajc25,ambiguous_orthology,False
ALX1,Alx1,,one_to_one,False
LRRIQ1,Lrriq1,,one_to_one,False
SLC6A15,Slc6a15,,one_to_one,False
SSPN,Sspn,,one_to_one,False
CLEC4C,Clec4b2,,one_to_one,False
TRIM72,Trim72,,one_to_one,False
PPHLN1,Pphln1,Pphln1,one_to_one,True
ZCRB1,Zcrb1,Zcrb1,one_to_one,True
YAF2,Yaf2,Yaf2,one_to_one,True
TBX19,Tbx19,,one_to_one,False
CCDC14,Ccdc14,Ccdc14,one_to_one,True
CNIH3,Cnih3,,one_to_one,False
CCDC126,Ccdc126,Ccdc126,one_to_one,True
GPNMB,Gpnmb,Gpnmb,one_to_one,True
OXNAD1,Oxnad1,Oxnad1,one_to_one,True
RFTN1,Rftn1,Rftn1,one_to_one,True
GPR179,Gpr179,,one_to_one,False
MAGIX,Magix,,one_to_one,False
KIF5C,Kif5c,,one_to_one,False
MAP3K19,Map3k19,,one_to_one,False
PTPN9,Ptpn9,Ptpn9,one_to_one,True
AIG1,Aig1,Aig1,one_to_one,True
TMEM116,Tmem116,,one_to_one,False
DUSP18,Dusp18,,one_to_one,False
DUSP21,Dusp21,,one_to_one,False
METTL24,Mettl24,,one_to_one,False
TAF4,Taf4,Taf4,one_to_one,True
SLC19A3,Slc19a3,,one_to_one,False
SHOC2,Shoc2,Shoc2,one_to_one,True
KIF5B,Kif5b,Kif5b,one_to_one,True
TIFA,Tifa,,one_to_one,False
OLFML2A,Olfml2a,,one_to_one,False
ARHGEF33,Arhgef33,,one_to_one,False
GALNTL6,Galntl6,,one_to_one,False
SLC29A4,Slc29a4,,one_to_one,False
CAPN12,Capn12,,one_to_one,False
TTC9B,Ttc9b,,one_to_one,False
DHX33,Dhx33,Dhx33,one_to_one,True
GUSB,Gusb,Gusb,one_to_one,True
CNGB1,Cngb1,,one_to_one,False
WT1,Wt1,,one_to_one,False
TRIQK,Triqk,,one_to_one,False
ANAPC1,Anapc1,Anapc1,one_to_one,True
WDR93,Wdr93,,one_to_one,False
INPP1,Inpp1,Inpp1,one_to_one,True
HIPK1,Hipk1,Hipk1,one_to_one,True
ABTB3,Abtb3,Btbd11,one_to_one,True
PDZPH1P,Pdzph1,,one_to_one,False
SERP2,Serp2,Serp2,one_to_one,True
KPNA1,Kpna1,Kpna1,one_to_one,True
SNTB2,Sntb2,Sntb2,one_to_one,True
VPS37B,Vps37b,Vps37b,one_to_one,True
TACR1,Tacr1,,one_to_one,False
TMTC2,Tmtc2,,one_to_one,False
NCBP2AS2,Ncbp2as2,0610012G03Rik,one_to_one,True
CERK,Cerk,Cerk,one_to_one,True
TIMM17B,Timm17b,Timm17b,one_to_one,True
TMIE,Tmie,Tmie,one_to_one,True
CCDC13,Ccdc13,,one_to_one,False
INAVA,Inava,,one_to_one,False
CFAP276,Cfap276,,one_to_one,False
GZMB,Gzme,,ambiguous_orthology,False
GZMH,Gzme,,ambiguous_orthology,False
GZMB,Gzmg,,ambiguous_orthology,False
GZMH,Gzmg,,ambiguous_orthology,False
GZMB,Gzmd,,ambiguous_orthology,False
GZMH,Gzmd,,ambiguous_orthology,False
CTSG,Ctsg,,one_to_one,False
GZMB,Gzmc,Gzmc,one_to_one,True
GZMB,Gzmf,,ambiguous_orthology,True
GZMH,Gzmf,,ambiguous_orthology,False
GZMB,Gzmn,,ambiguous_orthology,True
GZMH,Gzmn,,ambiguous_orthology,False
CMA1,Cma1,,one_to_one,False
GZMB,Gzmb,Gzmb,one_to_one,True
ZNF451,Zfp451,Zfp451,one_to_one,True
VWA3A,Vwa3a,,one_to_one,False
CDKN2C,Cdkn2c,Cdkn2c,one_to_one,True
MAZ,Maz,Maz,one_to_one,True
SERPINI1,Serpini1,Serpini1,one_to_one,True
DYM,Dym,Dym,one_to_one,True
ATP8B4,Atp8b4,Atp8b4,one_to_one,True
RIN1,Rin1,,one_to_one,False
TMTC4,Tmtc4,Tmtc4,one_to_one,True
CDS1,Cds1,,one_to_one,False
TMEM175,Tmem175,Tmem175,one_to_one,True
SEMA6B,Sema6b,,one_to_one,False
SMG8,Smg8,Smg8,one_to_one,True
PRR11,Prr11,,one_to_one,False
ADCK5,Adck5,Adck5,one_to_one,True
SCAI,Scai,Scai,one_to_one,True
RFXAP,Rfxap,Rfxap,one_to_one,True
ELK3,Elk3,Elk3,one_to_one,True
HSDL1,Hsdl1,Hsdl1,one_to_one,True
TMEM184C,Tmem184c,Tmem184c,one_to_one,True
ARVCF,Arvcf,,one_to_one,False
LATS2,Lats2,Lats2,one_to_one,True
DCTN4,Dctn4,Dctn4,one_to_one,True
INPP5B,Inpp5b,Inpp5b,one_to_one,True
CBLC,Cblc,,one_to_one,False
UBN2,Ubn2,Ubn2,one_to_one,True
ABCC3,Abcc3,,one_to_one,False
TCERG1L,Tcerg1l,,one_to_one,False
ANKRD39,Ankrd39,Ankrd39,one_to_one,True
TAF1A,Taf1a,Taf1a,one_to_one,True
DUSP10,Dusp10,Dusp10,one_to_one,True
ATP8B1,Atp8b1,,one_to_one,False
GARNL3,Garnl3,Garnl3,one_to_one,True
SBK1,Sbk1,Sbk1,one_to_one,True
GPR18,Gpr18,Gpr18,one_to_one,True
SCRN2,Scrn2,Scrn2,one_to_one,True
LRRFIP2,Lrrfip2,Lrrfip2,one_to_one,True
LACC1,Lacc1,,one_to_one,False
C8B,C8b,,one_to_one,False
RNF215,Rnf215,Rnf215,one_to_one,True
WDR89,Wdr89,Wdr89,one_to_one,True
GIPR,Gipr,,one_to_one,False
BEAN1,Bean1,,one_to_one,False
SLC15A5,Slc15a5,,one_to_one,False
TMEM119,Tmem119,,one_to_one,False
PRRC2C,Prrc2c,Prrc2c,one_to_one,True
JTB,Jtb,Jtb,one_to_one,True
MEIOSIN,Meiosin,,one_to_one,False
RWDD4,Rwdd4a,Rwdd4a,one_to_one,True
AQP4,Aqp4,,one_to_one,False
KCTD1,Kctd1,Kctd1,one_to_one,True
MLC1,Mlc1,,one_to_one,False
PANX2,Panx2,,one_to_one,False
GRID1,Grid1,,one_to_one,False
PHETA2,Pheta2,,one_to_one,False
PHETA1,Pheta1,Pheta1,one_to_one,True
TCTN1,Tctn1,,one_to_one,False
TRIM62,Trim62,Trim62,one_to_one,True
KIAA0319L,AU040320,AU040320,one_to_one,True
ZBTB42,Zbtb42,Zbtb42,one_to_one,True
RANBP10,Ranbp10,Ranbp10,one_to_one,True
TMEM245,Tmem245,Tmem245,one_to_one,True
DNAAF9,Dnaaf9,4930402H24Rik,one_to_one,True
KY,Ky,,one_to_one,False
STXBP5L,Stxbp5l,,one_to_one,False
GTF2E1,Gtf2e1,Gtf2e1,one_to_one,True
TBCCD1,Tbccd1,Tbccd1,one_to_one,True
PRICKLE3,Prickle3,Prickle3,one_to_one,True
TRIT1,Trit1,Trit1,one_to_one,True
NHSL3,Nhsl3,,one_to_one,False
PLD5,Pld5,,one_to_one,False
SLC19A2,Slc19a2,Slc19a2,one_to_one,True
DHX9,Dhx9,Dhx9,one_to_one,True
TULP1,Tulp1,,one_to_one,False
NDRG4,Ndrg4,,one_to_one,False
TMEM91,Tmem91,Tmem91,one_to_one,True
EXOSC5,Exosc5,Exosc5,one_to_one,True
SIL1,Sil1,Sil1,one_to_one,True
EYA3,Eya3,Eya3,one_to_one,True
XKR8,Xkr8,Xkr8,one_to_one,True
SLC39A8,Slc39a8,Slc39a8,one_to_one,True
DENND1B,Dennd1b,Dennd1b,one_to_one,True
ABCA4,Abca4,,one_to_one,False
KCNH8,Kcnh8,,one_to_one,False
ATP8B3,Atp8b3,,one_to_one,False
ZBTB7A,Zbtb7a,Zbtb7a,one_to_one,True
FAM20B,Fam20b,Fam20b,one_to_one,True
TRIM59,Trim59,Trim59,one_to_one,True
CEP112,Cep112,,one_to_one,False
PTK6,Ptk6,,one_to_one,False
IPO4,Ipo4,Ipo4,one_to_one,True
SLC25A41,Slc25a41,,one_to_one,False
SLC25A23,Slc25a23,Slc25a23,one_to_one,True
FAM174B,Fam174b,Fam174b,one_to_one,True
CHD2,Chd2,Chd2,one_to_one,True
HNRNPM,Hnrnpm,Hnrnpm,one_to_one,True
GPR52,Gpr52,,one_to_one,False
RABGAP1L,Rabgap1l,Rabgap1l,one_to_one,True
SLC35G1,Slc35g1,Slc35g1,one_to_one,True
AVPI1,Avpi1,Avpi1,one_to_one,True
SELENOI,Selenoi,Selenoi,one_to_one,True
ANLN,Anln,,one_to_one,False
COL8A2,Col8a2,,one_to_one,False
CHD7,Chd7,Chd7,one_to_one,True
DLGAP2,Dlgap2,,one_to_one,False
TTC21A,Ttc21a,,one_to_one,False
SLC22A17,Slc22a17,Slc22a17,one_to_one,True
CEP162,Cep162,Cep162,one_to_one,True
MRAP2,Mrap2,,one_to_one,False
ATP9B,Atp9b,Atp9b,one_to_one,True
NFATC1,Nfatc1,Nfatc1,one_to_one,True
GSTK1,Gstk1,Gstk1,one_to_one,True
USP6NL,Usp6nl,Usp6nl,one_to_one,True
SETBP1,Setbp1,Setbp1,one_to_one,True
SLC35F2,Slc35f2,Slc35f2,one_to_one,True
DPP6,Dpp6,,one_to_one,False
CPE,Cpe,,one_to_one,False
GAS5,Gas5,Gas5,one_to_one,True
LGI3,Lgi3,,one_to_one,False
SIMC1,Simc1,Simc1,one_to_one,True
CD164L2,Cd164l2,,one_to_one,False
AHDC1,Ahdc1,Ahdc1,one_to_one,True
SMPDL3A,Smpdl3a,Smpdl3a,one_to_one,True
CLVS2,Clvs2,,one_to_one,False
SMTNL1,Smtnl1,,one_to_one,False
SMTN,Smtn,,one_to_one,False
ZDHHC14,Zdhhc14,,one_to_one,False
GALC,Galc,Galc,one_to_one,True
PPIL6,Ppil6,,one_to_one,False
OLFML2B,Olfml2b,,one_to_one,False
KCNC4,Kcnc4,,one_to_one,False
NGRN,Ngrn,Ngrn,one_to_one,True
AMIGO1,Amigo1,,one_to_one,False
TACR2,Tacr2,,one_to_one,False
DNA2,Dna2,,one_to_one,False
ANKRD53,Ankrd53,,one_to_one,False
FAM169BP,Fam169b,Fam169b,one_to_one,True
ARPIN,Arpin,,one_to_one,False
SCARA5,Scara5,,one_to_one,False
PSKH1,Pskh1,Pskh1,one_to_one,True
EDN2,Edn2,,one_to_one,False
VASP,Vasp,Vasp,one_to_one,True
HHIPL2,Hhipl2,,one_to_one,False
RNF224,Rnf224,,one_to_one,False
KNOP1,Knop1,Knop1,one_to_one,True
MPLKIP,Mplkip,Mplkip,one_to_one,True
NKPD1,Nkpd1,,one_to_one,False
PLCH1,Plch1,,one_to_one,False
TSEN34,Tsen34,Tsen34,one_to_one,True
ANKRD65,Ankrd65,,one_to_one,False
VPS72,Vps72,Vps72,one_to_one,True
COG6,Cog6,Cog6,one_to_one,True
ZNF704,Zfp704,,one_to_one,False
PAG1,Pag1,Pag1,one_to_one,True
TPD52,Tpd52,Tpd52,one_to_one,True
LRP12,Lrp12,,one_to_one,False
PLEKHA2,Plekha2,Plekha2,one_to_one,True
TAX1BP1,Tax1bp1,Tax1bp1,one_to_one,True
ACOXL,Acoxl,Acoxl,one_to_one,True
MCM10,Mcm10,,one_to_one,False
BEND3,Bend3,,one_to_one,False
SUSD5,Susd5,,one_to_one,False
ERAL1,Eral1,Eral1,one_to_one,True
BARD1,Bard1,Bard1,one_to_one,True
MISP3,Misp3,2210011C24Rik,one_to_one,True
HSCB,Hscb,Hscb,one_to_one,True
MAP7D1,Map7d1,Map7d1,one_to_one,True
SORCS3,Sorcs3,,one_to_one,False
DENND2B,Dennd2b,,one_to_one,False
TRIM66,Trim66,,one_to_one,False
STK33,Stk33,,one_to_one,False
TRIM8,Trim8,Trim8,one_to_one,True
LRSAM1,Lrsam1,Lrsam1,one_to_one,True
FKBP15,Fkbp15,Fkbp15,one_to_one,True
KLF8,Klf8,,one_to_one,False
AMIGO3,Amigo3,,one_to_one,False
FBXW7,Fbxw7,Fbxw7,one_to_one,True
FHOD3,Fhod3,,one_to_one,False
CCDC97,Ccdc97,Ccdc97,one_to_one,True
VIPAS39,Vipas39,Vipas39,one_to_one,True
GPR132,Gpr132,Gpr132,one_to_one,True
LIX1L,Lix1l,,one_to_one,False
RFX5,Rfx5,Rfx5,one_to_one,True
PRCC,Prcc,Prcc,one_to_one,True
CCDC32,Ccdc32,Ccdc32,one_to_one,True
ITIH4,Itih4,,one_to_one,False
CILP2,Cilp2,,one_to_one,False
ZNF638,Zfp638,Zfp638,one_to_one,True
ZNF423,Zfp423,,one_to_one,False
EPSTI1,Epsti1,Epsti1,one_to_one,True
COMMD1,Commd1,Commd1,one_to_one,True
B3GNT2,B3gnt2,B3gnt2,one_to_one,True
POU2AF2,Pou2af2,,one_to_one,False
GBE1,Gbe1,Gbe1,one_to_one,True
SNAP91,Snap91,,one_to_one,False
CCDC167,Ccdc167,Ccdc167,one_to_one,True
NAALADL1,Naaladl1,,one_to_one,False
ANKRD34B,Ankrd34b,,one_to_one,False
CCDC125,Ccdc125,Ccdc125,one_to_one,True
NBAS,Nbas,Nbas,one_to_one,True
DDX1,Ddx1,Ddx1,one_to_one,True
PLB1,Plb1,,one_to_one,False
RAB3GAP2,Rab3gap2,Rab3gap2,one_to_one,True
HPCAL4,Hpcal4,,one_to_one,False
COA4,Coa4,Coa4,one_to_one,True
FAM151A,Fam151a,,one_to_one,False
CFAP77,Cfap77,Cfap77,one_to_one,True
SPACA9,Spaca9,,one_to_one,False
ZNF827,Zfp827,Zfp827,one_to_one,True
LRRC24,Lrrc24,,one_to_one,False
LIME1,Lime1,,one_to_one,False
RIMS4,Rims4,,one_to_one,False
SPIRE1,Spire1,,one_to_one,False
ARHGEF38,Arhgef38,,one_to_one,False
DOCK3,Dock3,,one_to_one,False
FUOM,Fuom,Fuom,one_to_one,True
TACR3,Tacr3,,one_to_one,False
ZC3H18,Zc3h18,Zc3h18,one_to_one,True
TANGO6,Tango6,Tango6,one_to_one,True
DERPC,Chtf8,Chtf8,ambiguous_orthology,False
CHTF8,Chtf8,Chtf8,ambiguous_orthology,False
PARP9,Parp9,Parp9,one_to_one,True
TET3,Tet3,Tet3,one_to_one,True
ENKD1,Enkd1,Enkd1,one_to_one,True
PLAT,Plat,,one_to_one,False
FRMD4A,Frmd4a,Frmd4a,one_to_one,True
BEND7,Bend7,,one_to_one,False
BASP1,Basp1,Basp1,one_to_one,True
TTLL2,Ttll2,,one_to_one,False
KBTBD7,Kbtbd7,Kbtbd7,one_to_one,True
KBTBD7,Kbtbd6,,one_to_one,True
ZBTB18,Zbtb18,Zbtb18,one_to_one,True
AKT3,Akt3,Akt3,one_to_one,True
MEFV,Mefv,,one_to_one,False
NOVA1,Nova1,,one_to_one,False
NEU1,Neu1,Neu1,one_to_one,True
PRRT1,Prrt1,Prrt1,one_to_one,True
ZBTB12,Zbtb12,Zbtb12,one_to_one,True
OSBPL6,Osbpl6,,one_to_one,False
COMMD6,Commd6,Commd6,one_to_one,True
NDP,Ndp,,one_to_one,False
FRMPD2,Frmpd2,,ambiguous_orthology,False
FRMPD2B,Frmpd2,,ambiguous_orthology,False
PTPN20,Ptpn20,,one_to_one,False
SATB2,Satb2,,one_to_one,False
KCNS3,Kcns3,,one_to_one,False
VWA5B2,Vwa5b2,,one_to_one,False
SNPH,Snph,,one_to_one,False
SHROOM1,Shroom1,,one_to_one,False
MAP3K7,Map3k7,Map3k7,one_to_one,True
SYNE1,Syne1,Syne1,one_to_one,True
DYRK1B,Dyrk1b,Dyrk1b,one_to_one,True
GRAMD1A,Gramd1a,Gramd1a,one_to_one,True
EP400,Ep400,Ep400,one_to_one,True
HTR4,Htr4,,one_to_one,False
RARRES2,Rarres2,,one_to_one,False
TMEM184B,Tmem184b,Tmem184b,one_to_one,True
FAM167B,Fam167b,,one_to_one,False
TMPRSS9,Tmprss9,,one_to_one,False
UQCC4,Uqcc4,BC003965,one_to_one,True
CD40,Cd40,,one_to_one,False
SYT10,Syt10,,one_to_one,False
NEK10,Nek10,,one_to_one,False
VSIG10L,Vsig10l,Vsig10l,one_to_one,True
GMDS,Gmds,Gmds,one_to_one,True
GFI1B,Gfi1b,,one_to_one,False
FSD1,Fsd1,,one_to_one,False
CCDC181,Ccdc181,Ccdc181,one_to_one,True
CHST3,Chst3,,one_to_one,False
TMEM238,Tmem238,Tmem238,one_to_one,True
GABRP,Gabrp,,one_to_one,False
PTTG3P,Pttg1,Pttg1,ambiguous_orthology,False
PTTG1,Pttg1,Pttg1,ambiguous_orthology,False
PTTG2,Pttg1,Pttg1,ambiguous_orthology,False
ZNF532,Zfp532,,one_to_one,False
CPLX4,Cplx4,,one_to_one,False
OACYLP,Oacyl,,one_to_one,False
BLTP1,Bltp1,4932438A13Rik,one_to_one,True
CFAP157,Cfap157,,one_to_one,False
CSMD3,Csmd3,,one_to_one,False
ICAM1,Icam1,Icam1,one_to_one,True
TCAM1P,Tcam1,,one_to_one,False
GRM3,Grm3,,one_to_one,False
WDR11,Wdr11,Wdr11,one_to_one,True
CDK6,Cdk6,Cdk6,one_to_one,True
GNPTAB,Gnptab,Gnptab,one_to_one,True
LRGUK,Lrguk,,one_to_one,False
RASGRF1,Rasgrf1,,one_to_one,False
PLEKHA4,Plekha4,,one_to_one,False
FARP1,Farp1,Farp1,one_to_one,True
SOX18,Sox18,,one_to_one,False
DNAJC30,Dnajc30,Dnajc30,one_to_one,True
TMEM71,Tmem71,Tmem71,one_to_one,True
INPP4B,Inpp4b,Inpp4b,one_to_one,True
SYT2,Syt2,,one_to_one,False
ZBTB26,Zbtb26,Zbtb26,one_to_one,True
LIX1,Lix1,,one_to_one,False
CTHRC1,Cthrc1,,one_to_one,False
AP4M1,Ap4m1,Ap4m1,one_to_one,True
TAT,Tat,,one_to_one,False
LOXL1,Loxl1,,one_to_one,False
TFEC,Tfec,,one_to_one,False
MAP3K10,Map3k10,Map3k10,one_to_one,True
DENND11,Dennd11,E330009J07Rik,one_to_one,True
BCL2L13,Bcl2l13,Bcl2l13,one_to_one,True
RIMS3,Rims3,,one_to_one,False
WNT7B,Wnt7b,,one_to_one,False
CDPF1,Cdpf1,Cdpf1,one_to_one,True
EVI5L,Evi5l,Evi5l,one_to_one,True
PLEKHA5,Plekha5,Plekha5,one_to_one,True
UBR2,Ubr2,Ubr2,one_to_one,True
IL34,Il34,,one_to_one,False
MMP24,Mmp24,,one_to_one,False
PRKCQ,Prkcq,Prkcq,one_to_one,True
WSCD2,Wscd2,Wscd2,one_to_one,True
CMKLR1,Cmklr1,,one_to_one,False
RAD51AP1,Rad51ap1,Rad51ap1,one_to_one,True
SLC30A9,Slc30a9,Slc30a9,one_to_one,True
OPTN,Optn,,one_to_one,False
MUTYH,Mutyh,Mutyh,one_to_one,True
ARMH1,Armh1,,one_to_one,False
RNF220,Rnf220,Rnf220,one_to_one,True
CACNA1E,Cacna1e,,one_to_one,False
RBM47,Rbm47,,one_to_one,False
TMEM169,Tmem169,,one_to_one,False
SH3BP2,Sh3bp2,Sh3bp2,one_to_one,True
MEI4,Mei4,,one_to_one,False
SNX14,Snx14,Snx14,one_to_one,True
ZDHHC8,Zdhhc8,Zdhhc8,one_to_one,True
DACT3,Dact3,,one_to_one,False
ZWILCH,Zwilch,Zwilch,one_to_one,True
F8A1,F8a,F8a,ambiguous_orthology,False
F8A3,F8a,F8a,ambiguous_orthology,False
F8A2,F8a,F8a,ambiguous_orthology,False
RC3H2,Rc3h2,Rc3h2,one_to_one,True
SLC30A2,Slc30a2,,one_to_one,False
UCN,Ucn,,one_to_one,False
LUZP2,Luzp2,,one_to_one,False
SCYL2,Scyl2,Scyl2,one_to_one,True
INO80,Ino80,Ino80,one_to_one,True
DLL4,Dll4,,one_to_one,False
VEGFB,Vegfb,Vegfb,one_to_one,True
ZNF512,Zfp512,Zfp512,one_to_one,True
GTF3C2,Gtf3c2,Gtf3c2,one_to_one,True
GMEB1,Gmeb1,Gmeb1,one_to_one,True
HYDIN,Hydin,,one_to_one,False
ARHGAP17,Arhgap17,Arhgap17,one_to_one,True
MAB21L3,Mab21l3,,one_to_one,False
EPHA6,Epha6,,one_to_one,False
RASGRP2,Rasgrp2,Rasgrp2,one_to_one,True
IGSF3,Igsf3,Igsf3,one_to_one,True
TMPRSS5,Tmprss5,,one_to_one,False
LTBP3,Ltbp3,,one_to_one,False
ERCC6L2,Ercc6l2,Ercc6l2,one_to_one,True
P2RY2,P2ry2,,one_to_one,False
PRR35,Prr35,,one_to_one,False
GRAMD1B,Gramd1b,Gramd1b,one_to_one,True
TAAR6,Taar6,,one_to_one,False
LRFN4,Lrfn4,,one_to_one,False
DLGAP3,Dlgap3,,one_to_one,False
EZH1,Ezh1,Ezh1,one_to_one,True
RNH1,Rnh1,Rnh1,one_to_one,True
GALR2,Galr2,,one_to_one,False
ATP8B5P,Atp8b5,,one_to_one,False
RUSC2,Rusc2,,one_to_one,False
ACACB,Acacb,,one_to_one,False
PSTPIP2,Pstpip2,,one_to_one,False
CACNA2D1,Cacna2d1,,one_to_one,False
RGS1,Rgs1,Rgs1,one_to_one,True
GRB7,Grb7,,one_to_one,False
RD3L,Rd3l,,one_to_one,False
CTNNAL1,Ctnnal1,,one_to_one,False
POC5,Poc5,Poc5,one_to_one,True
ANKDD1B,Ankdd1b,,one_to_one,False
POLK,Polk,Polk,one_to_one,True
KLHL26,Klhl26,Klhl26,one_to_one,True
DHX34,Dhx34,Dhx34,one_to_one,True
SPRED3,Spred3,,one_to_one,False
ZCCHC14,Zcchc14,,one_to_one,False
RNF216,Rnf216,Rnf216,one_to_one,True
KANSL1,Kansl1,Kansl1,one_to_one,True
BRSK1,Brsk1,,one_to_one,False
MRPL51,Mrpl51,Mrpl51,one_to_one,True
TTC29,Ttc29,,one_to_one,False
RSPRY1,Rspry1,Rspry1,one_to_one,True
CAND2,Cand2,Cand2,one_to_one,True
USP24,Usp24,Usp24,one_to_one,True
COA6,Coa6,Coa6,one_to_one,True
SENP5,Senp5,Senp5,one_to_one,True
SIRT7,Sirt7,Sirt7,one_to_one,True
ARHGEF3,Arhgef3,Arhgef3,one_to_one,True
WDFY3,Wdfy3,,one_to_one,False
SLA2,Sla2,Sla2,one_to_one,True
RUBCNL,Rubcnl,,one_to_one,False
LMX1A,Lmx1a,,one_to_one,False
SELP,Selp,,one_to_one,False
SELE,Sele,,one_to_one,False
SELL,Sell,Sell,one_to_one,True
CBX6,Cbx6,Cbx6,one_to_one,True
PARPBP,Parpbp,,one_to_one,False
CMIP,Cmip,Cmip,one_to_one,True
MEAK7,Meak7,Meak7,one_to_one,True
PRLR,Prlr,,one_to_one,False
EMB,Emb,Emb,one_to_one,True
STOX2,Stox2,,one_to_one,False
MMP16,Mmp16,,one_to_one,False
ENPP5,Enpp5,Enpp5,one_to_one,True
FAM167A,Fam167a,,one_to_one,False
LRIF1,Lrif1,Lrif1,one_to_one,True
CPNE7,Cpne7,Cpne7,one_to_one,True
B4GALT2,B4galt2,,one_to_one,False
L3MBTL1,L3mbtl1,,one_to_one,False
MISP,Misp,,one_to_one,False
TFPI2,Tfpi2,,one_to_one,False
BET1,Bet1,Bet1,one_to_one,True
MDFIC,Mdfic,Mdfic,one_to_one,True
SYNPR,Synpr,,one_to_one,False
OGFRL1,Ogfrl1,,one_to_one,False
FAM89B,Fam89b,Fam89b,one_to_one,True
NOM1,Nom1,Nom1,one_to_one,True
KCNK9,Kcnk9,,one_to_one,False
TMEM141,Tmem141,,one_to_one,False
SLC25A35,Slc25a35,Slc25a35,one_to_one,True
ZNF335,Zfp335,Zfp335,one_to_one,True
PHF24,Phf24,,one_to_one,False
STYX,Styx,Styx,one_to_one,True
WASF3,Wasf3,,one_to_one,False
BRF2,Brf2,Brf2,one_to_one,True
SV2A,Sv2a,Sv2a,one_to_one,True
APBB1,Apbb1,,one_to_one,False
ZCCHC2,Zcchc2,Zcchc2,one_to_one,True
NYAP2,Nyap2,,one_to_one,False
DIS3L2,Dis3l2,Dis3l2,one_to_one,True
PHF20,Phf20,Phf20,one_to_one,True
CCDC92B,Ccdc92b,,one_to_one,False
CECR2,Cecr2,,one_to_one,False
CCDC146,Ccdc146,Ccdc146,one_to_one,True
RSAD2,Rsad2,Rsad2,one_to_one,True
CMPK2,Cmpk2,Cmpk2,one_to_one,True
GFOD1,Gfod1,Gfod1,one_to_one,True
DYNLT2B,Dynlt2b,Tctex1d2,one_to_one,True
SRCIN1,Srcin1,,one_to_one,False
ERCC6L,Ercc6l,Ercc6l,one_to_one,True
TMEM165,Tmem165,Tmem165,one_to_one,True
PREX2,Prex2,,one_to_one,False
USH2A,Ush2a,,one_to_one,False
STXBP5,Stxbp5,Stxbp5,one_to_one,True
PET100,Pet100,Pet100,one_to_one,True
ADIPOR2,Adipor2,Adipor2,one_to_one,True
NGEF,Ngef,,one_to_one,False
CACTIN,Cactin,Cactin,one_to_one,True
ARHGAP39,Arhgap39,Arhgap39,one_to_one,True
NIN,Nin,Nin,one_to_one,True
SFTPB,Sftpb,,one_to_one,False
CZIB,Czib,Czib,one_to_one,True
RCOR3,Rcor3,Rcor3,one_to_one,True
TRAF5,Traf5,Traf5,one_to_one,True
VPS37D,Vps37d,,one_to_one,False
DNAH7,Dnah7c,,one_to_one,False
DNAH7,Dnah7a,,one_to_one,False
DNAH7,Dnah7b,,one_to_one,False
ALLC,Allc,,one_to_one,False
TEP1,Tep1,Tep1,one_to_one,True
SDR39U1,Sdr39u1,Sdr39u1,one_to_one,True
DCLK3,Dclk3,,one_to_one,False
DBNDD2,Dbndd2,Dbndd2,one_to_one,True
IYD,Iyd,,one_to_one,False
SIKE1,Sike1,Sike1,one_to_one,True
CDHR5,Cdhr5,,one_to_one,False
FBXO7,Fbxo7,Fbxo7,one_to_one,True
XPOT,Xpot,Xpot,one_to_one,True
SMPD1,Smpd1,Smpd1,one_to_one,True
HEPACAM2,Hepacam2,,one_to_one,False
FAM133B,Fam133b,Fam133b,ambiguous_orthology,False
FAM133A,Fam133b,Fam133b,ambiguous_orthology,False
KLHL2,Klhl2,Klhl2,one_to_one,True
HLA-F,H2-M10.2,,ambiguous_orthology,False
HLA-H,H2-M10.2,,ambiguous_orthology,False
HLA-C,H2-M10.2,,ambiguous_orthology,False
HLA-B,H2-M10.2,,ambiguous_orthology,False
MICA,Mill1,,ambiguous_orthology,False
MICB,Mill1,,ambiguous_orthology,False
HLA-A,H2-Q6,H2-Q6,ambiguous_orthology,False
HLA-H,H2-Q6,H2-Q6,ambiguous_orthology,False
HLA-G,H2-Q6,H2-Q6,ambiguous_orthology,False
HLA-F,H2-Q6,H2-Q6,ambiguous_orthology,False
HLA-E,H2-Q6,H2-Q6,ambiguous_orthology,False
HLA-C,H2-Q6,H2-Q6,ambiguous_orthology,False
HLA-B,H2-Q6,H2-Q6,ambiguous_orthology,False
HLA-A,H2-Q10,H2-Q10,ambiguous_orthology,False
HLA-H,H2-Q10,H2-Q10,ambiguous_orthology,False
HLA-G,H2-Q10,H2-Q10,ambiguous_orthology,False
HLA-F,H2-Q10,H2-Q10,ambiguous_orthology,False
HLA-E,H2-Q10,H2-Q10,ambiguous_orthology,False
HLA-C,H2-Q10,H2-Q10,ambiguous_orthology,False
HLA-B,H2-Q10,H2-Q10,ambiguous_orthology,False
HLA-A,H2-D1,H2-D1,ambiguous_orthology,False
HLA-H,H2-D1,H2-D1,ambiguous_orthology,False
HLA-G,H2-D1,H2-D1,ambiguous_orthology,False
HLA-F,H2-D1,H2-D1,ambiguous_orthology,False
HLA-E,H2-D1,H2-D1,ambiguous_orthology,False
HLA-C,H2-D1,H2-D1,ambiguous_orthology,False
HLA-B,H2-D1,H2-D1,ambiguous_orthology,False
HLA-A,H2-Q2,,ambiguous_orthology,False
HLA-H,H2-Q2,,ambiguous_orthology,False
HLA-G,H2-Q2,,ambiguous_orthology,False
HLA-F,H2-Q2,,ambiguous_orthology,False
HLA-E,H2-Q2,,ambiguous_orthology,False
HLA-C,H2-Q2,,ambiguous_orthology,False
HLA-B,H2-Q2,,ambiguous_orthology,False
HLA-A,,,ambiguous_orthology,False
HLA-H,,,ambiguous_orthology,False
HLA-G,,,ambiguous_orthology,False
HLA-F,,,ambiguous_orthology,False
HLA-E,,,ambiguous_orthology,False
HLA-C,,,ambiguous_orthology,False
HLA-B,,,ambiguous_orthology,False
HLA-F,H2-M3,H2-M3,ambiguous_orthology,False
HLA-H,H2-M3,H2-M3,ambiguous_orthology,False
HLA-C,H2-M3,H2-M3,ambiguous_orthology,False
HLA-B,H2-M3,H2-M3,ambiguous_orthology,False
HLA-A,H2-Q8,,ambiguous_orthology,False
HLA-H,H2-Q8,,ambiguous_orthology,False
HLA-G,H2-Q8,,ambiguous_orthology,False
HLA-F,H2-Q8,,ambiguous_orthology,False
HLA-E,H2-Q8,,ambiguous_orthology,False
HLA-C,H2-Q8,,ambiguous_orthology,False
HLA-B,H2-Q8,,ambiguous_orthology,False
HLA-A,H2-Q4,H2-Q4,ambiguous_orthology,False
HLA-H,H2-Q4,H2-Q4,ambiguous_orthology,False
HLA-G,H2-Q4,H2-Q4,ambiguous_orthology,False
HLA-F,H2-Q4,H2-Q4,ambiguous_orthology,False
HLA-E,H2-Q4,H2-Q4,ambiguous_orthology,False
HLA-C,H2-Q4,H2-Q4,ambiguous_orthology,False
HLA-B,H2-Q4,H2-Q4,ambiguous_orthology,False
HLA-A,H2-T23,H2-T23,ambiguous_orthology,False
HLA-H,H2-T23,H2-T23,ambiguous_orthology,False
HLA-G,H2-T23,H2-T23,ambiguous_orthology,False
HLA-F,H2-T23,H2-T23,ambiguous_orthology,False
HLA-E,H2-T23,H2-T23,ambiguous_orthology,False
HLA-C,H2-T23,H2-T23,ambiguous_orthology,False
HLA-B,H2-T23,H2-T23,ambiguous_orthology,False
HLA-A,H2-K1,H2-K1,ambiguous_orthology,False
HLA-H,H2-K1,H2-K1,ambiguous_orthology,False
HLA-G,H2-K1,H2-K1,ambiguous_orthology,False
HLA-F,H2-K1,H2-K1,ambiguous_orthology,False
HLA-E,H2-K1,H2-K1,ambiguous_orthology,False
HLA-C,H2-K1,H2-K1,ambiguous_orthology,False
HLA-B,H2-K1,H2-K1,ambiguous_orthology,False
HLA-A,H2-Q1,,ambiguous_orthology,False
HLA-H,H2-Q1,,ambiguous_orthology,False
HLA-G,H2-Q1,,ambiguous_orthology,False
HLA-F,H2-Q1,,ambiguous_orthology,False
HLA-E,H2-Q1,,ambiguous_orthology,False
HLA-C,H2-Q1,,ambiguous_orthology,False
HLA-B,H2-Q1,,ambiguous_orthology,False
HLA-F,H2-M2,,ambiguous_orthology,False
HLA-H,H2-M2,,ambiguous_orthology,False
HLA-C,H2-M2,,ambiguous_orthology,False
HLA-B,H2-M2,,ambiguous_orthology,False
HLA-A,H2-Q7,H2-Q7,ambiguous_orthology,False
HLA-H,H2-Q7,H2-Q7,ambiguous_orthology,False
HLA-G,H2-Q7,H2-Q7,ambiguous_orthology,False
HLA-F,H2-Q7,H2-Q7,ambiguous_orthology,False
HLA-E,H2-Q7,H2-Q7,ambiguous_orthology,False
HLA-C,H2-Q7,H2-Q7,ambiguous_orthology,False
HLA-B,H2-Q7,H2-Q7,ambiguous_orthology,False
TDRD7,Tdrd7,Tdrd7,one_to_one,True
TMOD1,Tmod1,,one_to_one,False
CA10,Ca10,,one_to_one,False
SUSD1,Susd1,Susd1,one_to_one,True
CNTLN,Cntln,Cntln,one_to_one,True
MANEAL,Maneal,,one_to_one,False
ACER3,Acer3,Acer3,one_to_one,True
LYST,Lyst,Lyst,one_to_one,True
NBEAL2,Nbeal2,Nbeal2,one_to_one,True
CPNE9,Cpne9,,one_to_one,False
TAC4,Tac4,,one_to_one,False
CCN4,Ccn4,,one_to_one,False
KCNMB3,Kcnmb3,,one_to_one,False
CNGA4,Cnga4,,one_to_one,False
TNS3,Tns3,,one_to_one,False
AKAP19,Akap19,1700019D03Rik,one_to_one,True
FBXO21,Fbxo21,Fbxo21,one_to_one,True
FNIP2,Fnip2,,one_to_one,False
TMEM219,Tmem219,Tmem219,one_to_one,True
MAP3K13,Map3k13,,one_to_one,False
TBC1D22B,Tbc1d22b,Tbc1d22b,one_to_one,True
TMEM200A,Tmem200a,,one_to_one,False
UBASH3B,Ubash3b,Ubash3b,one_to_one,True
SESN1,Sesn1,Sesn1,one_to_one,True
TAPBP,Tapbp,Tapbp,one_to_one,True
CFAP96,Cfap96,1700029J07Rik,one_to_one,True
FAM149A,Fam149a,,one_to_one,False
ZDHHC12,Zdhhc12,Zdhhc12,one_to_one,True
NAIF1,Naif1,Naif1,one_to_one,True
EXOC3L1,Exoc3l,,one_to_one,False
COQ9,Coq9,Coq9,one_to_one,True
ST6GALNAC1,St6galnac1,,one_to_one,False
SPATA7,Spata7,Spata7,one_to_one,True
GPR65,Gpr65,Gpr65,one_to_one,True
CTXN1,Ctxn1,,one_to_one,False
WSCD1,Wscd1,,one_to_one,False
NPHP4,Nphp4,,one_to_one,False
PPP1R17,Ppp1r17,,one_to_one,False
USP43,Usp43,,one_to_one,False
CFAP299,Cfap299,,one_to_one,False
PRDM8,Prdm8,,one_to_one,False
FEZ2,Fez2,Fez2,one_to_one,True
GPATCH2,Gpatch2,Gpatch2,one_to_one,True
TSPAN33,Tspan33,,one_to_one,False
SAYSD1,Saysd1,Saysd1,one_to_one,True
C15orf40,3110040N11Rik,3110040N11Rik,one_to_one,True
HBQ1,Hbq1b,,one_to_one,False
KIF2C,Kif2c,,one_to_one,False
FNDC5,Fndc5,,one_to_one,False
FHDC1,Fhdc1,,one_to_one,False
MATK,Matk,Matk,one_to_one,True
ZFR2,Zfr2,Zfr2,one_to_one,True
IL17A,Il17a,,one_to_one,False
IL17F,Il17f,,one_to_one,False
ELP3,Elp3,Elp3,one_to_one,True
CD79A,Cd79a,,one_to_one,False
ARHGAP24,Arhgap24,,one_to_one,False
KCNQ3,Kcnq3,,one_to_one,False
IGFALS,Igfals,,one_to_one,False
UNKL,Unkl,Unkl,one_to_one,True
DAPK1,Dapk1,,one_to_one,False
WDR47,Wdr47,Wdr47,one_to_one,True
FER1L6,Fer1l6,,one_to_one,False
TTLL4,Ttll4,Ttll4,one_to_one,True
L2HGDH,L2hgdh,L2hgdh,one_to_one,True
SOS2,Sos2,Sos2,one_to_one,True
NKX3-1,Nkx3-1,,one_to_one,False
TDG,Tdg,Tdg,one_to_one,True
ABCC10,Abcc10,Abcc10,one_to_one,True
SLC7A1,Slc7a1,Slc7a1,one_to_one,True
ARHGAP15,Arhgap15,Arhgap15,one_to_one,True
GZMK,Gzmk,,one_to_one,False
GZMA,Gzma,Gzma,one_to_one,True
ARFGEF3,Arfgef3,,one_to_one,False
WDR17,Wdr17,,one_to_one,False
AFF2,Aff2,,one_to_one,False
GPR61,Gpr61,,one_to_one,False
WTIP,Wtip,,one_to_one,False
SDR42E1,Sdr42e1,Sdr42e1,one_to_one,True
NEDD4,Nedd4,Nedd4,one_to_one,True
LRRC71,Lrrc71,,one_to_one,False
HFM1,Hfm1,,one_to_one,False
TXNDC16,Txndc16,Txndc16,one_to_one,True
MRPS18C,Mrps18c,Mrps18c,one_to_one,True
AKNA,Akna,Akna,one_to_one,True
SLC24A4,Slc24a4,,one_to_one,False
TMEM121,Tmem121,Tmem121,one_to_one,True
LRRC2,Lrrc2,,one_to_one,False
NFIA,Nfia,Nfia,one_to_one,True
YDJC,Ydjc,Ydjc,one_to_one,True
FBXO16,Fbxo16,,one_to_one,False
PGBD5,Pgbd5,,one_to_one,False
PHACTR2,Phactr2,Phactr2,one_to_one,True
SF3B5,Sf3b5,Sf3b5,one_to_one,True
CYP2W1,Cyp2w1,,one_to_one,False
BTBD17,Btbd17,,one_to_one,False
KANK4,Kank4,,one_to_one,False
EXOC4,Exoc4,Exoc4,one_to_one,True
DGKH,Dgkh,Dgkh,one_to_one,True
RIT1,Rit1,Rit1,one_to_one,True
CD79B,Cd79b,Cd79b,one_to_one,True
MAL2,Mal2,,one_to_one,False
COLEC10,Colec10,,one_to_one,False
PROP1,Prop1,,one_to_one,False
STPG4,Stpg4,,one_to_one,False
MYO1D,Myo1d,,one_to_one,False
POLR2M,Polr2m,Polr2m,one_to_one,True
VEZT,Vezt,Vezt,one_to_one,True
ITPKB,Itpkb,Itpkb,one_to_one,True
TUBB6,Tubb6,,one_to_one,False
CIDEA,Cidea,,one_to_one,False
DAD1,Dad1,Dad1,one_to_one,True
PIGR,Pigr,,one_to_one,False
GALNT12,Galnt12,Galnt12,one_to_one,True
CCP110,Ccp110,Ccp110,one_to_one,True
MTMR3,Mtmr3,Mtmr3,one_to_one,True
PSME4,Psme4,Psme4,one_to_one,True
TMEM145,Tmem145,,one_to_one,False
PLEKHH2,Plekhh2,,one_to_one,False
MED9,Med9,Med9,one_to_one,True
FDFT1,Fdft1,Fdft1,one_to_one,True
PODN,Podn,,one_to_one,False
SHF,Shf,Shf,one_to_one,True
ITGA4,Itga4,Itga4,one_to_one,True
HPN,Hpn,Hpn,one_to_one,True
TMEM163,Tmem163,Tmem163,one_to_one,True
ATXN7L1,Atxn7l1,Atxn7l1,one_to_one,True
SRPX2,Srpx2,,one_to_one,False
TRAK1,Trak1,Trak1,one_to_one,True
YEATS2,Yeats2,Yeats2,one_to_one,True
KCTD17,Kctd17,Kctd17,one_to_one,True
KCNJ5,Kcnj5,,one_to_one,False
GPAA1,Gpaa1,Gpaa1,one_to_one,True
USP53,Usp53,Usp53,one_to_one,True
CCDC136,Ccdc136,Ccdc136,one_to_one,True
SVIP,Svip,,one_to_one,False
CNTNAP5,Cntnap5c,,one_to_one,False
CNTNAP5,Cntnap5a,,one_to_one,False
CNTNAP5,Cntnap5b,,one_to_one,False
MSH5,Msh5,,one_to_one,False
PIGX,Pigx,Pigx,one_to_one,True
TOMM6,Tomm6,Tomm6,one_to_one,True
BCL9,Bcl9,Bcl9,one_to_one,True
DLEU7,Dleu7,,one_to_one,False
FBXW9,Fbxw9,Fbxw9,one_to_one,True
ZBTB38,Zbtb38,Zbtb38,one_to_one,True
ZNF521,Zfp521,,one_to_one,False
SLC6A19,Slc6a19,,one_to_one,False
GPR155,Gpr155,Gpr155,one_to_one,True
WDR59,Wdr59,Wdr59,one_to_one,True
SYT7,Syt7,,one_to_one,False
PDE1A,Pde1a,,one_to_one,False
USP46,Usp46,Usp46,one_to_one,True
ZNF407,Zfp407,Zfp407,one_to_one,True
KCNIP2,Kcnip2,Kcnip2,one_to_one,True
WDR97,Wdr97,,one_to_one,False
ANO6,Ano6,Ano6,one_to_one,True
PARD6A,Pard6a,Pard6a,one_to_one,True
TRARG1,Trarg1,,one_to_one,False
ITPA,Itpa,Itpa,one_to_one,True
TGFBR3,Tgfbr3,Tgfbr3,one_to_one,True
NABP2,Nabp2,Nabp2,one_to_one,True
PWWP2A,Pwwp2a,Pwwp2a,one_to_one,True
HERC3,Herc3,Herc3,one_to_one,True
SOCS1,Socs1,Socs1,one_to_one,True
NTS,Nts,,one_to_one,False
GPR17,Gpr17,,one_to_one,False
B3GALT5,B3galt5,B3galt5,one_to_one,True
PEX6,Pex6,Pex6,one_to_one,True
GPX2,Gpx2,,one_to_one,False
UMODL1,Umodl1,,one_to_one,False
TMTC1,Tmtc1,,one_to_one,False
TPRN,Tprn,Tprn,one_to_one,True
SSNA1,Ssna1,Ssna1,one_to_one,True
ANAPC2,Anapc2,Anapc2,one_to_one,True
RBM10,Rbm10,Rbm10,one_to_one,True
TIMP4,Timp4,,one_to_one,False
CCDC169,Ccdc169,,one_to_one,False
CACFD1,Cacfd1,Cacfd1,one_to_one,True
CPLANE1,Cplane1,Cplane1,one_to_one,True
MED1,Med1,Med1,one_to_one,True
KLHL35,Klhl35,Klhl35,one_to_one,True
OMA1,Oma1,Oma1,one_to_one,True
CAPN10,Capn10,Capn10,one_to_one,True
SQLE,Sqle,Sqle,one_to_one,True
FYCO1,Fyco1,Fyco1,one_to_one,True
CGREF1,Cgref1,,one_to_one,False
CFAP221,Cfap221,,one_to_one,False
EPS15,Eps15,Eps15,one_to_one,True
VWA7,Vwa7,,one_to_one,False
TMEM26,Tmem26,,one_to_one,False
INPP5J,Inpp5j,,one_to_one,False
TPP2,Tpp2,Tpp2,one_to_one,True
GLT1D1,Glt1d1,,one_to_one,False
BCL2L12,Bcl2l12,Bcl2l12,one_to_one,True
STEAP3,Steap3,Steap3,one_to_one,True
SYN3,Syn3,,one_to_one,False
TRPM2,Trpm2,,one_to_one,False
WSB2,Wsb2,Wsb2,one_to_one,True
SRR,Srr,Srr,one_to_one,True
TTC39C,Ttc39c,Ttc39c,one_to_one,True
WDR31,Wdr31,,one_to_one,False
BNIP1,Bnip1,Bnip1,one_to_one,True
VMA21,Vma21,Vma21,one_to_one,True
MPP4,Mpp4,,one_to_one,False
ABTB1,Abtb1,Abtb1,one_to_one,True
RASEF,Rasef,,one_to_one,False
STPG1,Stpg1,,one_to_one,False
STK32A,Stk32a,,one_to_one,False
STK32B,Stk32b,,one_to_one,False
SLF1,Slf1,Slf1,one_to_one,True
N4BP3,N4bp3,N4bp3,one_to_one,True
MSMB,Msmb,,one_to_one,False
DNAH12,Dnah12,,one_to_one,False
DCX,Dcx,,one_to_one,False
DPP4,Dpp4,Dpp4,one_to_one,True
FAP,Fap,,one_to_one,False
GMEB2,Gmeb2,Gmeb2,one_to_one,True
LRRC69,Lrrc69,,one_to_one,False
SYT6,Syt6,,one_to_one,False
ATG2B,Atg2b,Atg2b,one_to_one,True
TCOF1,Tcof1,Tcof1,one_to_one,True
CEP192,Cep192,Cep192,one_to_one,True
DNM1,Dnm1,,one_to_one,False
HAUS1,Haus1,Haus1,one_to_one,True
TTI2,Tti2,Tti2,one_to_one,True
ELMOD3,Elmod3,Elmod3,one_to_one,True
PLEKHD1,Plekhd1,,one_to_one,False
SOX2-OT,Sox2ot,,one_to_one,False
PCLO,Pclo,,one_to_one,False
FAM110C,Fam110c,,one_to_one,False
GCKR,Gckr,,one_to_one,False
TPMT,Tpmt,,one_to_one,False
SACS,Sacs,Sacs,one_to_one,True
CNN1,Cnn1,,one_to_one,False
KIAA0930,5031439G07Rik,5031439G07Rik,one_to_one,True
ABCC8,Abcc8,,one_to_one,False
RAPGEFL1,Rapgefl1,,one_to_one,False
DEF6,Def6,Def6,one_to_one,True
SLC5A8,Slc5a8,,one_to_one,False
USP41P,Usp18,Usp18,ambiguous_orthology,False
USP18,Usp18,Usp18,ambiguous_orthology,False
RHNO1,Rhno1,Rhno1,one_to_one,True
CHGB,Chgb,,one_to_one,False
INO80D,Ino80d,Ino80d,one_to_one,True
CENPX,Cenpx,Cenpx,one_to_one,True
IRS4,Irs4,,one_to_one,False
SMIM13,Smim13,Smim13,one_to_one,True
UBOX5,Ubox5,Ubox5,one_to_one,True
TMEM235,Tmem235,,one_to_one,False
BARX2,Barx2,,one_to_one,False
NOXRED1,Noxred1,,one_to_one,False
ASCC3,Ascc3,Ascc3,one_to_one,True
HCFC2,Hcfc2,Hcfc2,one_to_one,True
SCAF1,Scaf1,Scaf1,one_to_one,True
KYNU,Kynu,,one_to_one,False
TBCEL,Tbcel,Tbcel,one_to_one,True
FKBPL,Fkbpl,Fkbpl,one_to_one,True
TMEM151B,Tmem151b,,one_to_one,False
ARHGAP19,Arhgap19,Arhgap19,one_to_one,True
TGS1,Tgs1,Tgs1,one_to_one,True
GPHRA,Gphr,Gpr89,ambiguous_orthology,False
GPHRB,Gphr,Gpr89,ambiguous_orthology,False
INTS4,Ints4,Ints4,one_to_one,True
KCTD14,Kctd14,Kctd14,one_to_one,True
WDR53,Wdr53,Wdr53,one_to_one,True
PHLPP1,Phlpp1,Phlpp1,one_to_one,True
RMP24,Rmp24,2700062C07Rik,one_to_one,True
SMCO4,Smco4,Smco4,one_to_one,True
ATG2A,Atg2a,Atg2a,one_to_one,True
OSM,Osm,Osm,one_to_one,True
AREG,Areg,,one_to_one,False
PIGG,Pigg,Pigg,one_to_one,True
GALR3,Galr3,,one_to_one,False
INO80E,Ino80e,Ino80e,one_to_one,True
MAP6D1,Map6d1,,one_to_one,False
SLC35F4,Slc35f4,,one_to_one,False
IGSF10,Igsf10,,one_to_one,False
GPR63,Gpr63,,one_to_one,False
JAKMIP2,Jakmip2,,one_to_one,False
GANC,Ganc,Ganc,one_to_one,True
COX6B2,Cox6b2,,one_to_one,False
VSTM2A,Vstm2a,,one_to_one,False
AMDHD1,Amdhd1,,one_to_one,False
PFKP,Pfkp,Pfkp,one_to_one,True
KRT222,Krt222,,one_to_one,False
CDK12,Cdk12,Cdk12,one_to_one,True
FBXL20,Fbxl20,Fbxl20,one_to_one,True
IL17RA,Il17ra,Il17ra,one_to_one,True
KCNJ3,Kcnj3,,one_to_one,False
TSHZ3,Tshz3,,one_to_one,False
CAPS2,Caps2,,one_to_one,False
BLTP3A,Bltp3a,Uhrf1bp1,one_to_one,True
DRC5,Drc5,,one_to_one,False
GUCY2GP,Gucy2g,,one_to_one,False
GAB3,Gab3,Gab3,one_to_one,True
UBXN2A,Ubxn2a,Ubxn2a,one_to_one,True
ATAD2B,Atad2b,Atad2b,one_to_one,True
HACE1,Hace1,Hace1,one_to_one,True
SDSL,Sdsl,,one_to_one,False
SDS,Sds,,one_to_one,False
LYSMD4,Lysmd4,Lysmd4,one_to_one,True
ZNRF3,Znrf3,Znrf3,one_to_one,True
RHOJ,Rhoj,,one_to_one,False
XKR6,Xkr6,Xkr6,one_to_one,True
OSBPL11,Osbpl11,Osbpl11,one_to_one,True
TRIM25,Trim25,Trim25,one_to_one,True
BLOC1S1,Bloc1s1,Bloc1s1,one_to_one,True
TBC1D20,Tbc1d20,Tbc1d20,one_to_one,True
B3GNT9,B3gnt9,,one_to_one,False
POLR3B,Polr3b,Polr3b,one_to_one,True
CASD1,Casd1,Casd1,one_to_one,True
CHST2,Chst2,Chst2,one_to_one,True
SHANK1,Shank1,,one_to_one,False
PPFIBP2,Ppfibp2,,one_to_one,False
S100A11,S100a11,S100a11,one_to_one,True
SEMA3C,Sema3c,,one_to_one,False
ZFTA,Zfta,,one_to_one,False
DEPDC5,Depdc5,Depdc5,one_to_one,True
RNF208,Rnf208,,one_to_one,False
TRPC7,Trpc7,,one_to_one,False
RSPO4,Rspo4,,one_to_one,False
CCDC102A,Ccdc102a,Ccdc102a,one_to_one,True
MAP3K15,Map3k15,,one_to_one,False
TRPC4,Trpc4,,one_to_one,False
KLHDC8B,Klhdc8b,Klhdc8b,one_to_one,True
ZNF865,Zfp865,Zfp865,one_to_one,True
TMEM196,Tmem196,,one_to_one,False
NFX1,Nfx1,Nfx1,one_to_one,True
RHBDL3,Rhbdl3,Rhbdl3,one_to_one,True
UNC13A,Unc13a,,one_to_one,False
S100B,S100b,,one_to_one,False
TMEM72,Tmem72,,one_to_one,False
GPR142,Gpr142,,one_to_one,False
OXLD1,Oxld1,Oxld1,one_to_one,True
UPRT,Uprt,Uprt,one_to_one,True
CFHR2,Cfhr1,,ambiguous_orthology,False
CFHR1,Cfhr1,,ambiguous_orthology,False
CFHR3,Cfhr2,,ambiguous_orthology,False
CFHR4,Cfhr2,,ambiguous_orthology,False
CRB1,Crb1,,one_to_one,False
FBXO46,Fbxo46,Fbxo46,one_to_one,True
DOCK6,Dock6,,one_to_one,False
ANGPTL8,Angptl8,,one_to_one,False
SLITRK3,Slitrk3,,one_to_one,False
GNG14,Gng14,,one_to_one,False
TOX3,Tox3,,one_to_one,False
MLEC,Mlec,Mlec,one_to_one,True
CACNG8,Cacng8,,one_to_one,False
CACNG7,Cacng7,,one_to_one,False
UCN3,Ucn3,,one_to_one,False
UCN2,Ucn2,,one_to_one,False
TIMM21,Timm21,Timm21,one_to_one,True
THSD7B,Thsd7b,,one_to_one,False
ARL14,Arl14,,one_to_one,False
UMAD1,Umad1,Umad1,one_to_one,True
CCN6,Ccn6,,one_to_one,False
DHX36,Dhx36,Dhx36,one_to_one,True
AJAP1,Ajap1,,one_to_one,False
THBS1,Thbs1,,one_to_one,False
GPR176,Gpr176,,one_to_one,False
ACOT1,Acot3,,ambiguous_orthology,False
ACOT2,Acot3,,ambiguous_orthology,False
ACOT1,Acot5,,ambiguous_orthology,False
ACOT2,Acot5,,ambiguous_orthology,False
ACOT2,Acot2,Acot2,one_to_one,True
ACOT1,Acot1,,ambiguous_orthology,False
ACOT2,Acot1,,ambiguous_orthology,True
ACOT6,Acot6,,one_to_one,False
ACOT4,Acot4,,one_to_one,False
SLC10A1,Slc10a1,,one_to_one,False
POLN,Poln,,one_to_one,False
TSSK6,Tssk6,,one_to_one,False
ULK1,Ulk1,Ulk1,one_to_one,True
ZDHHC20,Zdhhc20,Zdhhc20,one_to_one,True
PLCXD2,Plcxd2,Plcxd2,one_to_one,True
ATP2C1,Atp2c1,Atp2c1,one_to_one,True
EPN3,Epn3,,one_to_one,False
LIFR,Lifr,,one_to_one,False
TMEM63C,Tmem63c,,one_to_one,False
LAMA3,Lama3,,one_to_one,False
PLEKHB2,Plekhb2,Plekhb2,one_to_one,True
ANKRD29,Ankrd29,,one_to_one,False
OSBPL1A,Osbpl1a,,one_to_one,False
LHX9,Lhx9,,one_to_one,False
BEST2,Best2,,one_to_one,False
DSE,Dse,Dse,one_to_one,True
TPCN1,Tpcn1,Tpcn1,one_to_one,True
NEMP1,Nemp1,Nemp1,one_to_one,True
ZBTB44,Zbtb44,Zbtb44,one_to_one,True
SNX19,Snx19,Snx19,one_to_one,True
THSD7A,Thsd7a,,one_to_one,False
GTF2H5,Gtf2h5,Gtf2h5,one_to_one,True
NRBP1,Nrbp1,Nrbp1,one_to_one,True
SLC4A11,Slc4a11,,one_to_one,False
RASGRP4,Rasgrp4,,one_to_one,False
COMT,Comt,Comt,one_to_one,True
ADORA2B,Adora2b,,one_to_one,False
SPECC1,Specc1,,one_to_one,False
AMOT,Amot,,one_to_one,False
GPR25,Gpr25,,one_to_one,False
SPX,Spx,,one_to_one,False
STMP1,Stmp1,1810058I24Rik,one_to_one,True
IL12RB1,Il12rb1,Il12rb1,one_to_one,True
ARHGAP25,Arhgap25,Arhgap25,one_to_one,True
HEATR4,Heatr4,,one_to_one,False
AP5S1,Ap5s1,Ap5s1,one_to_one,True
POLR3G,Polr3g,Polr3g,one_to_one,True
MBLAC2,Mblac2,Mblac2,one_to_one,True
SMARCA1,Smarca1,,one_to_one,False
ITGB3BP,Itgb3bp,Itgb3bp,one_to_one,True
H6PD,H6pd,H6pd,one_to_one,True
TMEM54,Tmem54,,one_to_one,False
RBM27,Rbm27,Rbm27,one_to_one,True
PEX5L,Pex5l,,one_to_one,False
SIPA1L3,Sipa1l3,Sipa1l3,one_to_one,True
PXDC1,Pxdc1,Pxdc1,one_to_one,True
UNC93A,Unc93a2,,one_to_one,False
UNC93A,Unc93a,,one_to_one,False
ASPHD1,Asphd1,,one_to_one,False
STYK1,Styk1,Styk1,one_to_one,True
IRAK3,Irak3,Irak3,one_to_one,True
LGALS4,Lgals4,Lgals4,one_to_one,True
P2RY1,P2ry1,,one_to_one,False
RUNDC1,Rundc1,Rundc1,one_to_one,True
MC4R,Mc4r,,one_to_one,False
LRRC75A,Lrrc75a,,one_to_one,False
MS4A10,Ms4a10,,one_to_one,False
TMEM176A,Tmem176a,Tmem176a,one_to_one,True
MS4A13,Ms4a13,,one_to_one,False
MS4A7,Ms4a7,,one_to_one,False
SHANK3,Shank3,,one_to_one,False
MEIG1,Meig1,,one_to_one,False
RBM43,Rbm43,Rbm43,one_to_one,True
MTMR9,Mtmr9,Mtmr9,one_to_one,True
GABRG1,Gabrg1,,one_to_one,False
PLEKHM3,Plekhm3,Plekhm3,one_to_one,True
ZMAT4,Zmat4,,one_to_one,False
METTL18,Mettl18,Mettl18,one_to_one,True
TDRD9,Tdrd9,,one_to_one,False
ZNF600,Zfp600,,ambiguous_orthology,False
ZNF493,Zfp600,,ambiguous_orthology,False
ZNF615,Zfp600,,ambiguous_orthology,False
ZNF254,Zfp600,,ambiguous_orthology,False
ZNF234,Zfp600,,ambiguous_orthology,False
ZNF676,Zfp600,,ambiguous_orthology,False
ZNF432,Zfp600,,ambiguous_orthology,False
ZNF484,Zfp600,,ambiguous_orthology,False
MAP3K20,Map3k20,,one_to_one,False
KATNA1,Katna1,Katna1,one_to_one,True
PLCL1,Plcl1,,one_to_one,False
DNAH3,Dnah3,,one_to_one,False
TRDC,Trdc,,one_to_one,False
SCFD2,Scfd2,Scfd2,one_to_one,True
ABCB10,Abcb10,Abcb10,one_to_one,True
SORBS3,Sorbs3,,one_to_one,False
FOXB2,Foxb2,,one_to_one,False
RFK,Rfk,Rfk,one_to_one,True
ADCY1,Adcy1,,one_to_one,False
FHAD1,Fhad1,,one_to_one,False
ITPR3,Itpr3,Itpr3,one_to_one,True
SCMH1,Scmh1,Scmh1,one_to_one,True
SCML2,Scml2,,one_to_one,False
CAPN5,Capn5,,one_to_one,False
PLXNA2,Plxna2,,one_to_one,False
ALG12,Alg12,Alg12,one_to_one,True
ZBED4,Zbed4,Zbed4,one_to_one,True
ZNF526,Zfp526,Zfp526,one_to_one,True
ATXN2,Atxn2,Atxn2,one_to_one,True
EPG5,Epg5,Epg5,one_to_one,True
DNAJB5,Dnajb5,Dnajb5,one_to_one,True
CYTH4,Cyth4,Cyth4,one_to_one,True
ITPRID2,Itprid2,Itprid2,one_to_one,True
TSTD3P,Tstd3,Tstd3,one_to_one,True
CDK18,Cdk18,,one_to_one,False
DNAJC22,Dnajc22,,one_to_one,False
IKZF4,Ikzf4,Ikzf4,one_to_one,True
CCDC134,Ccdc134,Ccdc134,one_to_one,True
ENOX1,Enox1,,one_to_one,False
RAB9B,Rab9b,,one_to_one,False
CETN2,Cetn2,Cetn2,one_to_one,True
SMG6,Smg6,Smg6,one_to_one,True
RSL1D1,Rsl1d1,Rsl1d1,one_to_one,True
RFC1,Rfc1,Rfc1,one_to_one,True
CEP70,Cep70,Cep70,one_to_one,True
COQ4,Coq4,Coq4,one_to_one,True
BSPRY,Bspry,Bspry,one_to_one,True
RAB3B,Rab3b,,one_to_one,False
AXDND1,Axdnd1,,one_to_one,False
TDRD5,Tdrd5,,one_to_one,False
FAM163A,Fam163a,,one_to_one,False
CAMK1,Camk1,,one_to_one,False
LINGO3,Lingo3,,one_to_one,False
SERTAD4,Sertad4,,one_to_one,False
PARP4,Parp4,Parp4,one_to_one,True
VTCN1,Vtcn1,,one_to_one,False
TRIM45,Trim45,,one_to_one,False
CRIP2,Crip2,,one_to_one,False
WWC1,Wwc1,,one_to_one,False
LTN1,Ltn1,Ltn1,one_to_one,True
RNFT2,Rnft2,,one_to_one,False
KIAA1549L,D430041D05Rik,,one_to_one,False
RWDD2B,Rwdd2b,Rwdd2b,one_to_one,True
MRNIP,Mrnip,Mrnip,one_to_one,True
FRS3,Frs3,,one_to_one,False
CENPK,Cenpk,Cenpk,one_to_one,True
MRPS12,Mrps12,Mrps12,one_to_one,True
NRG3,Nrg3,,one_to_one,False
MAPK8IP2,Mapk8ip2,,one_to_one,False
PEAR1,Pear1,Pear1,one_to_one,True
GABRR2,Gabrr2,Gabrr2,one_to_one,True
LATS1,Lats1,Lats1,one_to_one,True
LRP11,Lrp11,,one_to_one,False
OXGR1,Oxgr1,,one_to_one,False
TMEM59,Tmem59,Tmem59,one_to_one,True
SLC6A2,Slc6a2,,one_to_one,False
FGD6,Fgd6,Fgd6,one_to_one,True
NR2C1,Nr2c1,Nr2c1,one_to_one,True
NDUFA12,Ndufa12,Ndufa12,one_to_one,True
TMCC3,Tmcc3,,one_to_one,False
ABCC9,Abcc9,,one_to_one,False
SYCN,Sycn,,one_to_one,False
HOOK1,Hook1,Hook1,one_to_one,True
HIVEP1,Hivep1,Hivep1,one_to_one,True
TMEM170B,Tmem170b,Tmem170b,one_to_one,True
CD8B2,Cd8b1,Cd8b1,ambiguous_orthology,False
CD8B,Cd8b1,Cd8b1,ambiguous_orthology,False
GNPDA2,Gnpda2,Gnpda2,one_to_one,True
SLC25A51,Slc25a51,Slc25a51,ambiguous_orthology,False
SLC25A52,Slc25a51,Slc25a51,ambiguous_orthology,False
CENPU,Cenpu,Cenpu,one_to_one,True
UST,Ust,Ust,one_to_one,True
CFAP57,Cfap57,,one_to_one,False
CENPH,Cenph,Cenph,one_to_one,True
SLC24A3,Slc24a3,,one_to_one,False
PHF3,Phf3,Phf3,one_to_one,True
SYT16,Syt16,,one_to_one,False
MRM1,Mrm1,Mrm1,one_to_one,True
MIS18A,Mis18a,Mis18a,one_to_one,True
UGT8,Ugt8a,,one_to_one,False
SLC44A5,Slc44a5,,one_to_one,False
MYO1H,Myo1h,,one_to_one,False
UBE3B,Ube3b,Ube3b,one_to_one,True
MMAB,Mmab,Mmab,one_to_one,True
PPP2R5A,Ppp2r5a,Ppp2r5a,one_to_one,True
PRKG2,Prkg2,,one_to_one,False
NTRK3,Ntrk3,Ntrk3,one_to_one,True
UVSSA,Uvssa,Uvssa,one_to_one,True
CIMIP5,Cimip5,,one_to_one,False
VWA8,Vwa8,Vwa8,one_to_one,True
CCNY,Ccny,Ccny,one_to_one,True
CISD1,Cisd1,Cisd1,one_to_one,True
SV2C,Sv2c,Sv2c,one_to_one,True
FER,Fer,,one_to_one,False
PDE4D,Pde4d,Pde4d,one_to_one,True
ELP2,Elp2,Elp2,one_to_one,True
GABBR2,Gabbr2,,one_to_one,False
PGAP1,Pgap1,Pgap1,one_to_one,True
R3HCC1,R3hcc1,R3hcc1,one_to_one,True
ARFGEF2,Arfgef2,Arfgef2,one_to_one,True
PARD6B,Pard6b,,one_to_one,False
TMEM168,Tmem168,Tmem168,one_to_one,True
ZBTB37,Zbtb37,Zbtb37,one_to_one,True
SH3TC2,Sh3tc2,,one_to_one,False
HSPB3,Hspb3,,one_to_one,False
SNX18,Snx18,Snx18,one_to_one,True
TEX30,Tex30,Tex30,one_to_one,True
SH3BGRL3,Sh3bgrl3,Sh3bgrl3,one_to_one,True
GADD45GIP1,Gadd45gip1,Gadd45gip1,one_to_one,True
CLTRN,Cltrn,,one_to_one,False
B4GALNT1,B4galnt1,B4galnt1,one_to_one,True
ITPR2,Itpr2,Itpr2,one_to_one,True
TNFAIP2,Tnfaip2,,one_to_one,False
CLSTN3,Clstn3,Clstn3,one_to_one,True
PTPRH,Ptprh,,one_to_one,False
EFCAB12,Efcab12,,one_to_one,False
ZNF541,Zfp541,,one_to_one,False
ZC3H14,Zc3h14,Zc3h14,one_to_one,True
FOXF1,Foxf1,,one_to_one,False
METTL13,Mettl13,Eef1aknmt,one_to_one,True
HAPLN4,Hapln4,,one_to_one,False
TM6SF1,Tm6sf1,Tm6sf1,one_to_one,True
TM6SF2,Tm6sf2,,one_to_one,False
OTC,Otc,,one_to_one,False
SYTL5,Sytl5,,one_to_one,False
ZNF709,Zfp872,,one_to_one,False
RPL38,Rpl38,Rpl38,one_to_one,True
ISCA2,Isca2,Isca2,one_to_one,True
SPP2,Spp2,,one_to_one,False
TERB2,Terb2,,one_to_one,False
ZBTB25,Zbtb25,Zbtb25,one_to_one,True
ZBTB1,Zbtb1,Zbtb1,one_to_one,True
CARD9,Card9,,one_to_one,False
VPS45,Vps45,Vps45,one_to_one,True
LRRC61,Lrrc61,Lrrc61,one_to_one,True
PIGO,Pigo,Pigo,one_to_one,True
TRPM3,Trpm3,,one_to_one,False
KCNV1,Kcnv1,,one_to_one,False
SCAP,Scap,Scap,one_to_one,True
FBXO48,Fbxo48,,one_to_one,False
SOCS2,Socs2,Socs2,one_to_one,True
NCAPH2,Ncaph2,Ncaph2,one_to_one,True
SCO2,Sco2,Sco2,one_to_one,True
RINT1,Rint1,Rint1,one_to_one,True
SVOP,Svop,,one_to_one,False
UNG,Ung,Ung,one_to_one,True
URGCP,Urgcp,Urgcp,one_to_one,True
ASXL1,Asxl1,Asxl1,one_to_one,True
XKR7,Xkr7,,one_to_one,False
CABLES2,Cables2,Cables2,one_to_one,True
PREPL,Prepl,Prepl,one_to_one,True
SLC3A1,Slc3a1,,one_to_one,False
ADD2,Add2,,one_to_one,False
NEURL1B,Neurl1b,,one_to_one,False
SPINK2,Spink2,,one_to_one,False
TUFT1,Tuft1,,one_to_one,False
UGT2A2,Ugt2a2,,one_to_one,False
UGT2B10,Ugt2b38,,ambiguous_orthology,False
UGT2B7,Ugt2b38,,ambiguous_orthology,False
UGT2B17,Ugt2b38,,ambiguous_orthology,False
UGT2B28,Ugt2b38,,ambiguous_orthology,False
UGT2B11,Ugt2b38,,ambiguous_orthology,False
UGT2B4,Ugt2b38,,ambiguous_orthology,False
UGT2B15,Ugt2b38,,ambiguous_orthology,False
UGT2A1,Ugt2a1,,one_to_one,False
UGT2B10,Ugt2b37,,ambiguous_orthology,False
UGT2B7,Ugt2b37,,ambiguous_orthology,False
UGT2B17,Ugt2b37,,ambiguous_orthology,False
UGT2B28,Ugt2b37,,ambiguous_orthology,False
UGT2B11,Ugt2b37,,ambiguous_orthology,False
UGT2B4,Ugt2b37,,ambiguous_orthology,False
UGT2B15,Ugt2b37,,ambiguous_orthology,False
UGT2B10,Ugt2b36,,ambiguous_orthology,False
UGT2B7,Ugt2b36,,ambiguous_orthology,False
UGT2B17,Ugt2b36,,ambiguous_orthology,False
UGT2B28,Ugt2b36,,ambiguous_orthology,False
UGT2B11,Ugt2b36,,ambiguous_orthology,False
UGT2B4,Ugt2b36,,ambiguous_orthology,False
UGT2B15,Ugt2b36,,ambiguous_orthology,False
UGT2B10,Ugt2b35,,ambiguous_orthology,False
UGT2B7,Ugt2b35,,ambiguous_orthology,False
UGT2B17,Ugt2b35,,ambiguous_orthology,False
UGT2B28,Ugt2b35,,ambiguous_orthology,False
UGT2B11,Ugt2b35,,ambiguous_orthology,False
UGT2B4,Ugt2b35,,ambiguous_orthology,False
UGT2B15,Ugt2b35,,ambiguous_orthology,False
UGT2B4,Ugt2b34,,one_to_one,False
UGT2B10,Ugt2b1,,ambiguous_orthology,False
UGT2B7,Ugt2b1,,ambiguous_orthology,False
UGT2B17,Ugt2b1,,ambiguous_orthology,False
UGT2B28,Ugt2b1,,ambiguous_orthology,False
UGT2B11,Ugt2b1,,ambiguous_orthology,False
UGT2B4,Ugt2b1,,ambiguous_orthology,False
UGT2B15,Ugt2b1,,ambiguous_orthology,False
UGT2B10,Ugt2b5,,ambiguous_orthology,False
UGT2B7,Ugt2b5,,ambiguous_orthology,False
UGT2B17,Ugt2b5,,ambiguous_orthology,False
UGT2B28,Ugt2b5,,ambiguous_orthology,False
UGT2B11,Ugt2b5,,ambiguous_orthology,False
UGT2B4,Ugt2b5,,ambiguous_orthology,False
UGT2B15,Ugt2b5,,ambiguous_orthology,False
UGT2A3,Ugt2a3,,one_to_one,False
TIMM29,Timm29,Timm29,one_to_one,True
YIPF2,Yipf2,Yipf2,one_to_one,True
ZDHHC22,Zdhhc22,,one_to_one,False
JMJD1C,Jmjd1c,Jmjd1c,one_to_one,True
TMEM269,Tmem269,,one_to_one,False
CELF6,Celf6,,one_to_one,False
SPATA1,Spata1,Spata1,one_to_one,True
ATP2A3,Atp2a3,Atp2a3,one_to_one,True
PIP5KL1,Pip5kl1,,one_to_one,False
ZC3H12A,Zc3h12a,Zc3h12a,one_to_one,True
PARP1,Parp1,Parp1,one_to_one,True
LIN9,Lin9,Lin9,one_to_one,True
FAM120C,Fam120c,Fam120c,one_to_one,True
SPAG17,Spag17,,one_to_one,False
OCEL1,Ocel1,Ocel1,one_to_one,True
C1orf50,AU022252,AU022252,one_to_one,True
PLXNB3,Plxnb3,,one_to_one,False
CAMSAP3,Camsap3,,one_to_one,False
PRKCG,Prkcg,,one_to_one,False
HYAL3,Hyal3,,one_to_one,False
WDR6,Wdr6,Wdr6,one_to_one,True
TRPC6,Trpc6,,one_to_one,False
GABRB1,Gabrb1,,one_to_one,False
ATP10D,Atp10d,,one_to_one,False
ZNF415,Gm5141,Gm5141,ambiguous_orthology,False
ZNF528,Gm5141,Gm5141,ambiguous_orthology,False
ZNF616,Gm5141,Gm5141,ambiguous_orthology,False
ZNF534,Gm5141,Gm5141,ambiguous_orthology,False
ZNF320,Gm5141,Gm5141,ambiguous_orthology,False
ZNF415,Zfp873,Zfp873,ambiguous_orthology,False
ZNF528,Zfp873,Zfp873,ambiguous_orthology,False
ZNF616,Zfp873,Zfp873,ambiguous_orthology,False
ZNF534,Zfp873,Zfp873,ambiguous_orthology,False
ZNF320,Zfp873,Zfp873,ambiguous_orthology,False
ZNF611,Zfp442,Zfp442,one_to_one,True
ZNF880,Gm14399,,one_to_one,False
ZNF880,Zfp950,Zfp950,one_to_one,True
ZNF415,Zfp345,,ambiguous_orthology,False
ZNF528,Zfp345,,ambiguous_orthology,False
ZNF616,Zfp345,,ambiguous_orthology,False
ZNF534,Zfp345,,ambiguous_orthology,False
ZNF320,Zfp345,,ambiguous_orthology,False
ZNF136,Gm15446,Gm15446,one_to_one,True
ZNF28,Gm3604,Gm3604,one_to_one,True
ZNF347,Zfp160,Zfp160,ambiguous_orthology,False
ZNF160,Zfp160,Zfp160,ambiguous_orthology,False
ZNF665,Zfp160,Zfp160,ambiguous_orthology,False
ZNF415,Zfp677,Zfp677,ambiguous_orthology,False
ZNF528,Zfp677,Zfp677,ambiguous_orthology,False
ZNF616,Zfp677,Zfp677,ambiguous_orthology,False
ZNF534,Zfp677,Zfp677,ambiguous_orthology,False
ZNF320,Zfp677,Zfp677,ambiguous_orthology,False
ZNF880,Zfp433,,one_to_one,True
ZNF189,Zfp189,Zfp189,one_to_one,True
ZNF415,Zfp976,,ambiguous_orthology,False
ZNF528,Zfp976,,ambiguous_orthology,False
ZNF616,Zfp976,,ambiguous_orthology,False
ZNF534,Zfp976,,ambiguous_orthology,False
ZNF320,Zfp976,,ambiguous_orthology,False
ZNF611,Zfp1007,5430403G16Rik,one_to_one,True
ZNF775,Zfp775,Zfp775,one_to_one,True
KIF16B,Kif16b,Kif16b,one_to_one,True
FAM117B,Fam117b,Fam117b,one_to_one,True
DOT1L,Dot1l,Dot1l,one_to_one,True
CLEC4C,Clec4b1,,one_to_one,False
COG5,Cog5,Cog5,one_to_one,True
BCAP29,Bcap29,Bcap29,one_to_one,True
SLC16A5,Slc16a5,,one_to_one,False
REPS1,Reps1,Reps1,one_to_one,True
SCARA3,Scara3,,one_to_one,False
SGIP1,Sgip1,,one_to_one,False
EPB41L4B,Epb41l4b,,one_to_one,False
ACOT13,Acot13,Acot13,one_to_one,True
CLASP1,Clasp1,Clasp1,one_to_one,True
REEP1,Reep1,,one_to_one,False
POLRMT,Polrmt,Polrmt,one_to_one,True
FGF22,Fgf22,,one_to_one,False
METTL25,Mettl25,Mettl25,one_to_one,True
CCDC59,Ccdc59,Ccdc59,one_to_one,True
TSPAN11,Tspan11,,one_to_one,False
IQCE,Iqce,Iqce,one_to_one,True
CCDC73,Ccdc73,Ccdc73,one_to_one,True
OGFOD2,Ogfod2,Ogfod2,one_to_one,True
ABCB9,Abcb9,Abcb9,one_to_one,True
DARS2,Dars2,Dars2,one_to_one,True
SDK1,Sdk1,,one_to_one,False
ZBTB17,Zbtb17,Zbtb17,one_to_one,True
ARHGEF19,Arhgef19,,one_to_one,False
SOAT1,Soat1,Soat1,one_to_one,True
STX4,Stx4a,Stx4a,one_to_one,True
ARSG,Arsg,,one_to_one,False
GRK5,Grk5,Grk5,one_to_one,True
NECAB3,Necab3,,one_to_one,False
NCMAP,Ncmap,,one_to_one,False
SNAPIN,Snapin,Snapin,one_to_one,True
PFDN4,Pfdn4,Pfdn4,one_to_one,True
BCDIN3D,Bcdin3d,Bcdin3d,one_to_one,True
COX14,Cox14,Cox14,one_to_one,True
IRF2BP1,Irf2bp1,Irf2bp1,one_to_one,True
SPHKAP,Sphkap,,one_to_one,False
B3GNT8,B3gnt8,,one_to_one,False
NECTIN2,Nectin2,,one_to_one,False
PVR,Pvr,Pvr,one_to_one,True
KNCN,Kncn,,one_to_one,False
SIX6,Six6,,one_to_one,False
VOPP1,Vopp1,Vopp1,one_to_one,True
PIK3AP1,Pik3ap1,Pik3ap1,one_to_one,True
SMIM29,Smim29,AI413582,one_to_one,True
SYTL1,Sytl1,Sytl1,one_to_one,True
MYORG,Myorg,,one_to_one,False
TET1,Tet1,Tet1,one_to_one,True
ZNF385A,Zfp385a,,one_to_one,False
TMC1,Tmc1,,one_to_one,False
TMC2,Tmc2,,one_to_one,False
GLT8D2,Glt8d2,,one_to_one,False
FBH1,Fbh1,Fbh1,one_to_one,True
NPY,Npy,,one_to_one,False
ABHD15,Abhd15,Abhd15,one_to_one,True
CNOT4,Cnot4,Cnot4,one_to_one,True
ACSS3,Acss3,,one_to_one,False
ATR,Atr,Atr,one_to_one,True
LRRC14B,Lrrc14b,,one_to_one,False
CHRNA6,Chrna6,,one_to_one,False
FMNL1,Fmnl1,Fmnl1,one_to_one,True
NUDT7,Nudt7,Nudt7,one_to_one,True
TMED6,Tmed6,,one_to_one,False
CPZ,Cpz,,one_to_one,False
PUS7L,Pus7l,Pus7l,one_to_one,True
NCKAP1,Nckap1,Nckap1,one_to_one,True
CACNG6,Cacng6,,one_to_one,False
GOLT1A,Golt1a,,one_to_one,False
ITIH5,Itih5,Itih5,one_to_one,True
SFMBT2,Sfmbt2,Sfmbt2,one_to_one,True
CRIP3,Crip3,,one_to_one,False
ANAPC11,Anapc11,Anapc11,one_to_one,True
BRWD3,Brwd3,Brwd3,one_to_one,True
MORN3,Morn3,,one_to_one,False
ITGA10,Itga10,,one_to_one,False
ZNF326,Zfp326,Zfp326,one_to_one,True
SPATA2L,Spata2l,Spata2l,one_to_one,True
ZNF579,Zfp579,Zfp579,one_to_one,True
SMIM1,Smim1,Smim1,one_to_one,True
MAD2L2,Mad2l2,Mad2l2,one_to_one,True
MRPL4,Mrpl4,Mrpl4,one_to_one,True
HYLS1,Hyls1,Hyls1,one_to_one,True
SLC41A2,Slc41a2,Slc41a2,one_to_one,True
PDZRN4,Pdzrn4,,one_to_one,False
MYO1F,Myo1f,Myo1f,one_to_one,True
WDR20,Wdr20,Wdr20,one_to_one,True
LCA5,Lca5,,one_to_one,False
TMEM107,Tmem107,,one_to_one,False
CFAP418,Cfap418,2610301B20Rik,one_to_one,True
MEGF11,Megf11,,one_to_one,False
FGD1,Fgd1,,one_to_one,False
CLCA3P,Clca3a1,,one_to_one,False
CLCA4,Clca4b,,one_to_one,False
CLCA3P,Clca3a2,,one_to_one,False
CLCA4,Clca4a,,one_to_one,False
CLCA1,Clca1,,one_to_one,False
CLCA3P,Clca3b,,one_to_one,False
CLCA2,Clca2,,one_to_one,False
GRIP1,Grip1,,one_to_one,False
LAMC3,Lamc3,,one_to_one,False
FBXO10,Fbxo10,,one_to_one,False
CLRN2,Clrn2,,one_to_one,False
IQCH,Iqch,,one_to_one,False
SKOR1,Skor1,,one_to_one,False
EFNA4,Efna4,,one_to_one,False
SHC1,Shc1,Shc1,one_to_one,True
SPTLC3,Sptlc3,,one_to_one,False
DLEC1,Dlec1,,one_to_one,False
GAL3ST2,Gal3st2,,one_to_one,False
ARID5B,Arid5b,Arid5b,one_to_one,True
MYO3B,Myo3b,Myo3b,one_to_one,True
RD3,Rd3,Rd3,one_to_one,True
PLXDC1,Plxdc1,Plxdc1,one_to_one,True
ADAM15,Adam15,Adam15,one_to_one,True
KCND2,Kcnd2,,one_to_one,False
SLC28A2,Slc28a2b,,one_to_one,False
SLC28A1,Slc28a1,,one_to_one,False
SLC28A2,Slc28a2,Slc28a2,one_to_one,True
PSTPIP1,Pstpip1,Pstpip1,one_to_one,True
RCN2,Rcn2,Rcn2,one_to_one,True
R3HDML,R3hdml,,one_to_one,False
CCAR2,Ccar2,Ccar2,one_to_one,True
ERAP1,Erap1,Erap1,one_to_one,True
ZFYVE16,Zfyve16,Zfyve16,one_to_one,True
CNFN,Cnfn,,one_to_one,False
WDR19,Wdr19,Wdr19,one_to_one,True
ATP11A,Atp11a,Atp11a,one_to_one,True
PLAU,Plau,,one_to_one,False
RASL10A,Rasl10a,,one_to_one,False
RASL10B,Rasl10b,,one_to_one,False
NPY1R,Npy1r,,one_to_one,False
CFAP70,Cfap70,,one_to_one,False
ADARB2,Adarb2,,one_to_one,False
ALKBH8,Alkbh8,Alkbh8,one_to_one,True
UCKL1,Uckl1,Uckl1,one_to_one,True
ZNF512B,Zfp512b,Zfp512b,one_to_one,True
RHBDD2,Rhbdd2,Rhbdd2,one_to_one,True
ZMIZ2,Zmiz2,Zmiz2,one_to_one,True
LRRN2,Lrrn2,,one_to_one,False
TTC23,Ttc23,,one_to_one,False
SYNM,Synm,,one_to_one,False
PGPEP1L,Pgpep1l,,one_to_one,False
ADAMTSL5,Adamtsl5,,one_to_one,False
GRPEL2,Grpel2,Grpel2,one_to_one,True
HEMGN,Hemgn,,one_to_one,False
MAP3K14,Map3k14,Map3k14,one_to_one,True
P4HA3,P4ha3,,one_to_one,False
ITGB2,Itgb2,Itgb2,one_to_one,True
MYT1L,Myt1l,,one_to_one,False
TSPAN9,Tspan9,Tspan9,one_to_one,True
MRPL36,Mrpl36,Mrpl36,one_to_one,True
ALKBH4,Alkbh4,Alkbh4,one_to_one,True
ORAI2,Orai2,Orai2,one_to_one,True
LRWD1,Lrwd1,Lrwd1,one_to_one,True
KIF1A,Kif1a,,one_to_one,False
AIRE,Aire,,one_to_one,False
MYO7B,Myo7b,,one_to_one,False
H1-1,H1f1,Hist1h1a,one_to_one,True
ANO5,Ano5,,one_to_one,False
SYNDIG1L,Syndig1l,,one_to_one,False
RHOBTB2,Rhobtb2,Rhobtb2,one_to_one,True
PPP1R18,Ppp1r18,Ppp1r18,one_to_one,True
NRM,Nrm,Nrm,one_to_one,True
TMEM79,Tmem79,,one_to_one,False
PANX3,Panx3,,one_to_one,False
RAB15,Rab15,,one_to_one,False
EMP3,Emp3,Emp3,one_to_one,True
TMEM232,Tmem232,,one_to_one,False
NTAN1,Ntan1,Ntan1,one_to_one,True
PTAFR,Ptafr,,one_to_one,False
MAML3,Maml3,Maml3,one_to_one,True
RFT1,Rft1,Rft1,one_to_one,True
GINS2,Gins2,Gins2,one_to_one,True
ABCA2,Abca2,Abca2,one_to_one,True
ADCY2,Adcy2,,one_to_one,False
FAM228B,Fam228b,,one_to_one,False
FAM228A,Fam228a,,one_to_one,False
KCP,Kcp,,one_to_one,False
FPGT-TNNI3K,Tnni3k,,ambiguous_orthology,False
TNNI3K,Tnni3k,,ambiguous_orthology,False
CSRNP2,Csrnp2,,one_to_one,False
ANAPC13,Anapc13,Anapc13,one_to_one,True
EPHB6,Ephb6,Ephb6,one_to_one,True
ZNF385C,Zfp385c,,one_to_one,False
N4BP2L2,N4bp2l2,N4bp2l2,one_to_one,True
TTC19,Ttc19,Ttc19,one_to_one,True
SMARCD3,Smarcd3,,one_to_one,False
WDR27,Wdr27,,one_to_one,False
RPS6KA4,Rps6ka4,,one_to_one,False
PAOX,Paox,Paox,one_to_one,True
LYPLAL1,Lyplal1,,one_to_one,False
KALRN,Kalrn,,one_to_one,False
ATP7B,Atp7b,,one_to_one,False
GPR37,Gpr37,,one_to_one,False
CCDC85A,Ccdc85a,,one_to_one,False
COL16A1,Col16a1,,one_to_one,False
ITGA1,Itga1,Itga1,one_to_one,True
NPR1,Npr1,,one_to_one,False
INTS3,Ints3,Ints3,one_to_one,True
NUP107,Nup107,Nup107,one_to_one,True
RAPGEF3,Rapgef3,,one_to_one,False
GPR83,Gpr83,,one_to_one,False
SPTBN4,Sptbn4,,one_to_one,False
SIK2,Sik2,Sik2,one_to_one,True
LAYN,Layn,,one_to_one,False
HOATZ,Hoatz,,one_to_one,False
ITGB1BP1,Itgb1bp1,Itgb1bp1,one_to_one,True
FGF9,Fgf9,,one_to_one,False
SEZ6L2,Sez6l2,,one_to_one,False
CYTH2,Cyth2,Cyth2,one_to_one,True
NEK11,Nek11,,one_to_one,False
GP1BB,Gp1bb,,one_to_one,False
ZC3H12B,Zc3h12b,,one_to_one,False
LAS1L,Las1l,Las1l,one_to_one,True
TMEM208,Tmem208,Tmem208,one_to_one,True
CLEC3B,Clec3b,Clec3b,one_to_one,True
ZDHHC5,Zdhhc5,Zdhhc5,one_to_one,True
HAP1,Hap1,,one_to_one,False
SPTBN5,Sptbn5,,one_to_one,False
FSTL3,Fstl3,,one_to_one,False
VWA5B1,Vwa5b1,,one_to_one,False
SLC4A8,Slc4a8,Slc4a8,one_to_one,True
VIPR1,Vipr1,Vipr1,one_to_one,True
DBN1,Dbn1,,one_to_one,False
CGRRF1,Cgrrf1,Cgrrf1,one_to_one,True
CABLES1,Cables1,Cables1,one_to_one,True
TMEM253,Tmem253,,one_to_one,False
SYT1,Syt1,,one_to_one,False
BBS10,Bbs10,,one_to_one,False
NETO2,Neto2,,one_to_one,False
VWDE,Vwde,,one_to_one,False
MINDY4,Mindy4,,one_to_one,False
DCHS2,Dchs2,,one_to_one,False
TMEM82,Tmem82,,one_to_one,False
TMEM240,Tmem240,Tmem240,one_to_one,True
SLC26A3,Slc26a3,,one_to_one,False
SLC26A4,Slc26a4,,one_to_one,False
GDPD2,Gdpd2,,one_to_one,False
WNT6,Wnt6,,one_to_one,False
GTF2IRD1,Gtf2ird1,Gtf2ird1,one_to_one,True
DISP3,Disp3,,one_to_one,False
LAMB2,Lamb2,,one_to_one,False
USP19,Usp19,Usp19,one_to_one,True
MAP3K2,Map3k2,Map3k2,one_to_one,True
TMEM236,Tmem236,,one_to_one,False
SPATA13,Spata13,Spata13,one_to_one,True
LTC4S,Ltc4s,,one_to_one,False
CASKIN1,Caskin1,,one_to_one,False
HECA,Heca,Heca,one_to_one,True
PTRHD1,Ptrhd1,Ptrhd1,one_to_one,True
TSTD1,Tstd1,,one_to_one,False
GFM2,Gfm2,Gfm2,one_to_one,True
FXYD6P3,Fxyd6,,ambiguous_orthology,False
FXYD6,Fxyd6,,ambiguous_orthology,False
PAQR9,Paqr9,,one_to_one,False
OTUD7A,Otud7a,,one_to_one,False
ADRA1D,Adra1d,,one_to_one,False
SLC29A3,Slc29a3,Slc29a3,one_to_one,True
MCCC1,Mccc1,Mccc1,one_to_one,True
LAMP3,Lamp3,,one_to_one,False
TASP1,Tasp1,Tasp1,one_to_one,True
DDX59,Ddx59,Ddx59,one_to_one,True
KIF14,Kif14,,one_to_one,False
PAPPA2,Pappa2,,one_to_one,False
TMEM123,Tmem123,Tmem123,one_to_one,True
CEP126,Cep126,,one_to_one,False
PDZD2,Pdzd2,Pdzd2,one_to_one,True
PARP8,Parp8,Parp8,one_to_one,True
PRAG1,Prag1,Prag1,one_to_one,True
LMOD2,Lmod2,,one_to_one,False
TOE1,Toe1,Toe1,one_to_one,True
SPHK2,Sphk2,Sphk2,one_to_one,True
LMTK3,Lmtk3,Lmtk3,one_to_one,True
SH3RF2,Sh3rf2,,one_to_one,False
KCNJ9,Kcnj9,,one_to_one,False
ECM2,Ecm2,,one_to_one,False
ATRIP,Atrip,Atrip,one_to_one,True
BAP1,Bap1,Bap1,one_to_one,True
TLE6,Tle6,,one_to_one,False
TLE7,Tle7,,one_to_one,False
GPSM1,Gpsm1,Gpsm1,one_to_one,True
ADAMTS12,Adamts12,,one_to_one,False
ZNF648,Zfp648,,one_to_one,False
DDB2,Ddb2,Ddb2,one_to_one,True
KCNN3,Kcnn3,,one_to_one,False
EXOC3L4,Exoc3l4,,one_to_one,False
ADAMTS10,Adamts10,Adamts10,one_to_one,True
FBXO4,Fbxo4,Fbxo4,one_to_one,True
RTL1,Rtl1,,one_to_one,False
PHF11,Phf11d,Phf11d,one_to_one,True
PHF11,Phf11b,Phf11b,one_to_one,True
PHF11,Phf11a,Phf11a,one_to_one,True
PHF11,Phf11c,Phf11c,one_to_one,True
MTSS1,Mtss1,Mtss1,one_to_one,True
PTPRE,Ptpre,Ptpre,one_to_one,True
PDE3A,Pde3a,,one_to_one,False
TMEM81,Tmem81,Tmem81,one_to_one,True
WAS,Was,Was,one_to_one,True
RNF157,Rnf157,Rnf157,one_to_one,True
COL19A1,Col19a1,,one_to_one,False
TIPE1,Tnfaip8l1,Tnfaip8l1,one_to_one,True
TNFAIP8,Tnfaip8,Tnfaip8,one_to_one,True
HTRA4,Htra4,,one_to_one,False
ZNF358,Zfp358,Zfp358,one_to_one,True
DNAL4,Dnal4,Dnal4,one_to_one,True
ANKRD45,Ankrd45,,one_to_one,False
USP11,Usp11,Usp11,one_to_one,True
LRRC52,Lrrc52,,one_to_one,False
GABRA2,Gabra2,,one_to_one,False
SKIL,Skil,Skil,one_to_one,True
SAMD7,Samd7,,one_to_one,False
CCSER1,Ccser1,,one_to_one,False
TP53I13,Trp53i13,Trp53i13,one_to_one,True
MSH3,Msh3,Msh3,one_to_one,True
NPHP3,Nphp3,,one_to_one,False
TRPM5,Trpm5,,one_to_one,False
SGO2,Sgo2b,,one_to_one,False
SGO2,Sgo2a,Sgo2a,one_to_one,True
REV1,Rev1,Rev1,one_to_one,True
FAAP100,Faap100,Faap100,one_to_one,True
DAPK3,Dapk3,Dapk3,one_to_one,True
MCCC2,Mccc2,Mccc2,one_to_one,True
IQSEC1,Iqsec1,Iqsec1,one_to_one,True
CDYL,Cdyl,Cdyl,one_to_one,True
MRPL1,Mrpl1,Mrpl1,one_to_one,True
MDFIC2,Mdfic2,,one_to_one,False
EIF3F,Eif3f,Eif3f,one_to_one,True
PLA2G4D,Pla2g4d,,one_to_one,False
PLA2G4E,Pla2g4e,,one_to_one,False
PLA2G4F,Pla2g4f,,one_to_one,False
PLA2G4B,Pla2g4b,Pla2g4b,ambiguous_orthology,False
JMJD7-PLA2G4B,Pla2g4b,Pla2g4b,ambiguous_orthology,False
GPR26,Gpr26,,one_to_one,False
TFAP2D,Tfap2d,,one_to_one,False
SLC5A6,Slc5a6,Slc5a6,one_to_one,True
SAP130,Sap130,Sap130,one_to_one,True
ZNF414,Zfp414,Zfp414,one_to_one,True
TMEM242,Tmem242,Tmem242,one_to_one,True
XPR1,Xpr1,Xpr1,one_to_one,True
DDR2,Ddr2,,one_to_one,False
SDCCAG8,Sdccag8,Sdccag8,one_to_one,True
LRRC74B,Lrrc74b,,one_to_one,False
CHST7,Chst7,,one_to_one,False
LZTS1,Lzts1,,one_to_one,False
CMTM8,Cmtm8,,one_to_one,False
CDCP2,Cdcp2,,one_to_one,False
TCEANC2,Tceanc2,Tceanc2,one_to_one,True
ALKBH2,Alkbh2,Alkbh2,one_to_one,True
CFAP251,Cfap251,Wdr66,one_to_one,True
AGTR1,Agtr1a,,one_to_one,False
OAT,Oat,Oat,one_to_one,True
SP100,Sp100,Sp100,one_to_one,True
SP140,Sp140,Sp140,ambiguous_orthology,False
SP140L,Sp140,Sp140,ambiguous_orthology,False
SLC25A17,Slc25a17,Slc25a17,one_to_one,True
FBRSL1,Fbrsl1,Fbrsl1,one_to_one,True
RHOBTB3,Rhobtb3,,one_to_one,False
CHD6,Chd6,Chd6,one_to_one,True
CLCF1,Clcf1,Clcf1,one_to_one,True
ARHGAP31,Arhgap31,Arhgap31,one_to_one,True
TEX55,Tex55,,one_to_one,False
WDFY4,Wdfy4,,one_to_one,False
LRRC18,Lrrc18,,one_to_one,False
EMILIN3,Emilin3,,one_to_one,False
OTOA,Otoa,,one_to_one,False
RBM11,Rbm11,,one_to_one,False
FNDC4,Fndc4,,one_to_one,False
IQCC,Iqcc,Iqcc,one_to_one,True
TMEM234,Tmem234,Tmem234,one_to_one,True
NKAIN2,Nkain2,,one_to_one,False
TRDN,Trdn,,one_to_one,False
BORCS6,Borcs6,Borcs6,one_to_one,True
EFHD2,Efhd2,Efhd2,one_to_one,True
CDAN1,Cdan1,Cdan1,one_to_one,True
USP30,Usp30,Usp30,one_to_one,True
ARHGEF4,Arhgef4,Arhgef4,one_to_one,True
STAC,Stac,,one_to_one,False
CCDC150,Ccdc150,,one_to_one,False
TOX4,Tox4,Tox4,one_to_one,True
DCAF8,Dcaf8,Dcaf8,one_to_one,True
MAP3K7CL,Map3k7cl,,one_to_one,False
DENND1C,Dennd1c,Dennd1c,one_to_one,True
PRSS56,Prss56,,one_to_one,False
KCNN2,Kcnn2,,one_to_one,False
SMARCAD1,Smarcad1,Smarcad1,one_to_one,True
ANO8,Ano8,Ano8,one_to_one,True
PNRC1,Pnrc1,Pnrc1,one_to_one,True
GABRR1,Gabrr1,,one_to_one,False
ALPK3,Alpk3,,one_to_one,False
KTI12,Kti12,Kti12,one_to_one,True
NMB,Nmb,Nmb,one_to_one,True
ESPN,Espn,Espn,one_to_one,True
ATF7IP2,Atf7ip2,,one_to_one,False
BNIPL,Bnipl,,one_to_one,False
ELP6,Elp6,Elp6,one_to_one,True
NUDT14,Nudt14,Nudt14,one_to_one,True
SEMA4A,Sema4a,Sema4a,one_to_one,True
PTPN22,Ptpn22,Ptpn22,one_to_one,True
C4BPA,Zp3r,,one_to_one,False
C4BPA,C4bp,,one_to_one,False
CR1L,Cr1l,Cr1l,ambiguous_orthology,False
CR1,Cr1l,Cr1l,ambiguous_orthology,False
CPA6,Cpa6,,one_to_one,False
ZNF880,Zfp970,,one_to_one,True
ZNF415,Zfp1004,,ambiguous_orthology,False
ZNF528,Zfp1004,,ambiguous_orthology,False
ZNF616,Zfp1004,,ambiguous_orthology,False
ZNF534,Zfp1004,,ambiguous_orthology,False
ZNF320,Zfp1004,,ambiguous_orthology,False
ZNF880,Gm10778,,one_to_one,True
ZNF880,Zfp937,Zfp937,one_to_one,True
ZNF415,Zfp934,Zfp934,ambiguous_orthology,False
ZNF528,Zfp934,Zfp934,ambiguous_orthology,False
ZNF616,Zfp934,Zfp934,ambiguous_orthology,False
ZNF534,Zfp934,Zfp934,ambiguous_orthology,False
ZNF320,Zfp934,Zfp934,ambiguous_orthology,False
ZNF764,Zfp747l1,9130019O22Rik,one_to_one,True
ZNF260,Zfp260,Zfp260,one_to_one,True
PJA2,Pja2,Pja2,one_to_one,True
PJA1,Pja1,Pja1,one_to_one,True
KCNG1,Kcng1,,one_to_one,False
LCT,Lct,,one_to_one,False
ZZEF1,Zzef1,Zzef1,one_to_one,True
TAAR1,Taar1,,one_to_one,False
TAAR4P,Taar4,,one_to_one,False
TAAR2,Taar2,,one_to_one,False
TAAR5,Taar5,,one_to_one,False
UBR4,Ubr4,Ubr4,one_to_one,True
RNF151,Rnf151,,one_to_one,False
ENTREP3,Entrep3,Fam189b,one_to_one,True
PNCK,Pnck,,one_to_one,False
ZNF296,Zfp296,,one_to_one,False
UBAP1L,Ubap1l,,one_to_one,False
PKIA,Pkia,,one_to_one,False
SLC25A25,Slc25a25,Slc25a25,one_to_one,True
CPSF3,Cpsf3,Cpsf3,one_to_one,True
FMN1,Fmn1,,one_to_one,False
TAF1B,Taf1b,Taf1b,one_to_one,True
THBS3,Thbs3,,one_to_one,False
ZBBX,Zbbx,,one_to_one,False
UBA6,Uba6,Uba6,one_to_one,True
TMEM70,Tmem70,Tmem70,one_to_one,True
PLAC8L1,Plac8l1,,one_to_one,False
BCR,Bcr,Bcr,one_to_one,True
PRSS35,Prss35,,one_to_one,False
ANO7,Ano7,,one_to_one,False
ZNF365,Zfp365,Zfp365,one_to_one,True
TEDC1,Tedc1,Tedc1,one_to_one,True
TARBP1,Tarbp1,Tarbp1,one_to_one,True
SLC35F3,Slc35f3,Slc35f3,one_to_one,True
RUSC1,Rusc1,Rusc1,one_to_one,True
PPP4R4,Ppp4r4,,one_to_one,False
PRIMA1,Prima1,,one_to_one,False
RASSF5,Rassf5,Rassf5,one_to_one,True
RPGRIP1,Rpgrip1,Rpgrip1,one_to_one,True
HINT2,Hint2,Hint2,one_to_one,True
COL5A1,Col5a1,,one_to_one,False
MAPKBP1,Mapkbp1,Mapkbp1,one_to_one,True
KCND1,Kcnd1,,one_to_one,False
FBXO41,Fbxo41,,one_to_one,False
TNXA,Tnxb,,ambiguous_orthology,False
TNXB,Tnxb,,ambiguous_orthology,False
LMOD3,Lmod3,,one_to_one,False
TMOD3,Tmod3,Tmod3,one_to_one,True
ZBTB46,Zbtb46,,one_to_one,False
PALLD,Palld,,one_to_one,False
ANAPC4,Anapc4,Anapc4,one_to_one,True
SLAIN2,Slain2,Slain2,one_to_one,True
SLC10A4,Slc10a4,,one_to_one,False
SYN1,Syn1,,one_to_one,False
INHA,Inha,,one_to_one,False
SUN2,Sun2,Sun2,one_to_one,True
SMIM18,Smim18,,one_to_one,False
UPK3B,Upk3b,,one_to_one,False
TRPC2,Trpc2,,one_to_one,False
DOC2A,Doc2a,,one_to_one,False
GABRA5,Gabra5,,one_to_one,False
GPR141,Gpr141,,one_to_one,False
CKS2,Cks2,Cks2,one_to_one,True
SHC2,Shc2,,one_to_one,False
ANKRD24,Ankrd24,Ankrd24,one_to_one,True
ARHGAP4,Arhgap4,Arhgap4,one_to_one,True
PHKB,Phkb,Phkb,one_to_one,True
TMEM150A,Tmem150a,,one_to_one,False
VCPIP1,Vcpip1,Vcpip1,one_to_one,True
CSPP1,Cspp1,Cspp1,one_to_one,True
FRS2,Frs2,Frs2,one_to_one,True
KLHL17,Klhl17,,one_to_one,False
PLEKHN1,Plekhn1,Plekhn1,one_to_one,True
DPT,Dpt,,one_to_one,False
TRPV1,Trpv1,,one_to_one,False
TRPV2,Trpv2,Trpv2,one_to_one,True
TMEFF2,Tmeff2,,one_to_one,False
TCIRG1,Tcirg1,Tcirg1,one_to_one,True
PIAS1,Pias1,Pias1,one_to_one,True
OPLAH,Oplah,Oplah,one_to_one,True
PPP1R16A,Ppp1r16a,Ppp1r16a,one_to_one,True
TMPRSS12,Tmprss12,,one_to_one,False
ARHGEF16,Arhgef16,,one_to_one,False
NTSR1,Ntsr1,,one_to_one,False
RPS6KA5,Rps6ka5,Rps6ka5,one_to_one,True
SMARCC1,Smarcc1,Smarcc1,one_to_one,True
FKBP1B,Fkbp1b,,one_to_one,False
WDCP,Wdcp,Wdcp,one_to_one,True
MFSD2B,Mfsd2b,,one_to_one,False
KCNK4,Kcnk4,,one_to_one,False
VAV2,Vav2,Vav2,one_to_one,True
SYMPK,Sympk,Sympk,one_to_one,True
MDN1,Mdn1,Mdn1,one_to_one,True
CEP135,Cep135,Cep135,one_to_one,True
AASDH,Aasdh,Aasdh,one_to_one,True
SGSM2,Sgsm2,Sgsm2,one_to_one,True
C5orf34,4833420G17Rik,4833420G17Rik,one_to_one,True
GPR45,Gpr45,,one_to_one,False
NDUFB3,Ndufb3,Ndufb3,one_to_one,True
DIP2A,Dip2a,Dip2a,one_to_one,True
VGLL1,Vgll1,,one_to_one,False
SWT1,Swt1,Swt1,one_to_one,True
CCDC141,Ccdc141,,one_to_one,False
KLHL23,Klhl23,,one_to_one,False
HTR3A,Htr3a,,one_to_one,False
HTR3B,Htr3b,,one_to_one,False
ATXN10,Atxn10,Atxn10,one_to_one,True
EPS15L1,Eps15l1,Eps15l1,one_to_one,True
PDE8B,Pde8b,,one_to_one,False
GAK,Gak,Gak,one_to_one,True
RABL2A,Rabl2,,ambiguous_orthology,False
RABL2B,Rabl2,,ambiguous_orthology,False
BEND5,Bend5,,one_to_one,False
HPSE2,Hpse2,,one_to_one,False
TMPRSS15,Tmprss15,,one_to_one,False
LINGO4,Lingo4,Lingo4,one_to_one,True
SYNGAP1,Syngap1,,one_to_one,False
SOSTDC1,Sostdc1,,one_to_one,False
SYNC,Sync,,one_to_one,False
HASPIN,Haspin,Haspin,one_to_one,True
FAM184B,Fam184b,,one_to_one,False
OTOGL,Otogl,,one_to_one,False
MDP1,Mdp1,Mdp1,one_to_one,True
TTC41P,Ttc41,,one_to_one,False
DENND2C,Dennd2c,,one_to_one,False
MCTP1,Mctp1,,one_to_one,False
TMEM64,Tmem64,Tmem64,one_to_one,True
ANKRD2,Ankrd2,,one_to_one,False
LIG1,Lig1,Lig1,one_to_one,True
LHX4,Lhx4,,one_to_one,False
PAM,Pam,Pam,one_to_one,True
RCC1L,Rcc1l,Rcc1l,one_to_one,True
KERA,Kera,,one_to_one,False
UNC5D,Unc5d,,one_to_one,False
SNX27,Snx27,Snx27,one_to_one,True
TRIM46,Trim46,,one_to_one,False
ADAM19,Adam19,Adam19,one_to_one,True
COL23A1,Col23a1,,one_to_one,False
SOST,Sost,,one_to_one,False
SAMHD1,Samhd1,Samhd1,one_to_one,True
CFAP90,Cfap90,,one_to_one,False
PAX1,Pax1,,one_to_one,False
TTC32,Ttc32,Ttc32,one_to_one,True
AKNAD1,Aknad1,,one_to_one,False
PLIN1,Plin1,,one_to_one,False
BTBD7,Btbd7,Btbd7,one_to_one,True
STUM,Stum,,one_to_one,False
WNK4,Wnk4,,one_to_one,False
NFATC4,Nfatc4,,one_to_one,False
MYADM,Myadm,,one_to_one,False
GATAD2B,Gatad2b,Gatad2b,one_to_one,True
MYO15B,Myo15b,,one_to_one,False
RAP2A,Rap2a,Rap2a,one_to_one,True
TTYH1,Ttyh1,,one_to_one,False
URM1,Urm1,Urm1,one_to_one,True
FBXO40,Fbxo40,,one_to_one,False
SNX9,Snx9,Snx9,one_to_one,True
MRPL54,Mrpl54,Mrpl54,one_to_one,True
MPV17L,Mpv17l,,one_to_one,False
LRRC34,Lrrc34,,one_to_one,False
LRRC31,Lrrc31,,one_to_one,False
CA12,Ca12,Car12,one_to_one,True
KANSL1L,Kansl1l,Kansl1l,one_to_one,True
LRCH4,Lrch4,Lrch4,one_to_one,True
FASTK,Fastk,Fastk,one_to_one,True
ASB18,Asb18,,one_to_one,False
REG3A,Reg3a,,one_to_one,False
REG3G,Reg3d,,ambiguous_orthology,False
REG3A,Reg3d,,ambiguous_orthology,False
TRIM2,Trim2,Trim2,one_to_one,True
PGAP6,Pgap6,Tmem8,one_to_one,True
MASP1,Masp1,,one_to_one,False
GPHB5,Gphb5,,one_to_one,False
KLHL14,Klhl14,,one_to_one,False
ADAMTS6,Adamts6,Adamts6,one_to_one,True
TRPC5,Trpc5,,one_to_one,False
PNPLA8,Pnpla8,Pnpla8,one_to_one,True
MTA1,Mta1,Mta1,one_to_one,True
ABLIM1,Ablim1,Ablim1,one_to_one,True
KCNN4,Kcnn4,Kcnn4,one_to_one,True
SPACA6,Spaca6,Spaca6,one_to_one,True
PEX11A,Pex11a,Pex11a,one_to_one,True
SULF2,Sulf2,Sulf2,one_to_one,True
SLC35E3,Slc35e3,Slc35e3,one_to_one,True
DNAH10,Dnah10,,one_to_one,False
NCAPH,Ncaph,Ncaph,one_to_one,True
PRKY,Prkx,Prkx,ambiguous_orthology,False
PRKX,Prkx,Prkx,ambiguous_orthology,False
PPIL2,Ppil2,Ppil2,one_to_one,True
GABRD,Gabrd,,one_to_one,False
B3GALT4,B3galt4,B3galt4,one_to_one,True
STAB1,Stab1,,one_to_one,False
WASF1,Wasf1,,one_to_one,False
SMAP2,Smap2,Smap2,one_to_one,True
BLTP3B,Bltp3b,Uhrf1bp1l,one_to_one,True
SPSB4,Spsb4,,one_to_one,False
FAM185A,Fam185a,Fam185a,one_to_one,True
RFX6,Rfx6,,one_to_one,False
CDC42BPB,Cdc42bpb,,one_to_one,False
MTERF4,Mterf4,Mterf4,one_to_one,True
SLC5A10,Slc5a10,,one_to_one,False
AP4S1,Ap4s1,Ap4s1,one_to_one,True
IER5,Ier5,Ier5,one_to_one,True
HECTD1,Hectd1,Hectd1,one_to_one,True
SF3A1,Sf3a1,Sf3a1,one_to_one,True
POLD2,Pold2,Pold2,one_to_one,True
VAT1,Vat1,Vat1,one_to_one,True
PMS1,Pms1,Pms1,one_to_one,True
FKBP7,Fkbp7,Fkbp7,one_to_one,True
ITSN1,Itsn1,Itsn1,one_to_one,True
DAXX,Daxx,Daxx,one_to_one,True
UBTFL6,Ubtfl1,,ambiguous_orthology,False
UBTFL1,Ubtfl1,,ambiguous_orthology,False
UBTF,Ubtf,Ubtf,one_to_one,True
TNNI1,Tnni1,,one_to_one,False
LAD1,Lad1,,one_to_one,False
FKBP11,Fkbp11,,one_to_one,False
COCH,Coch,,one_to_one,False
CNTN2,Cntn2,,one_to_one,False
TFPI,Tfpi,Tfpi,one_to_one,True
OSGEPL1,Osgepl1,Osgepl1,one_to_one,True
TUBGCP3,Tubgcp3,Tubgcp3,one_to_one,True
KPNA3,Kpna3,Kpna3,one_to_one,True
EBPL,Ebpl,Ebpl,one_to_one,True
MAG,Mag,,one_to_one,False
FAM53B,Fam53b,Fam53b,one_to_one,True
GEMIN2,Gemin2,Gemin2,one_to_one,True
PKD2L1,Pkd2l1,,one_to_one,False
SHARPIN,Sharpin,Sharpin,one_to_one,True
RBCK1,Rbck1,Rbck1,one_to_one,True
RMI2,Rmi2,Rmi2,one_to_one,True
MSLNL,Mslnl,,one_to_one,False
TMCC2,Tmcc2,,one_to_one,False
NUAK2,Nuak2,Nuak2,one_to_one,True
USP49,Usp49,Usp49,one_to_one,True
ZBTB43,Zbtb43,Zbtb43,one_to_one,True
LPXN,Lpxn,Lpxn,one_to_one,True
ZNF692,Zfp692,Zfp692,one_to_one,True
GATC,Gatc,Gatc,one_to_one,True
TMEM216,Tmem216,Tmem216,one_to_one,True
ROPN1L,Ropn1l,,one_to_one,False
APOL2,Apol7e,Apol7e,ambiguous_orthology,False
APOL4,Apol7e,Apol7e,ambiguous_orthology,False
APOL1,Apol7e,Apol7e,ambiguous_orthology,False
APOL2,Apol10b,Apol10b,ambiguous_orthology,False
APOL1,Apol10b,Apol10b,ambiguous_orthology,False
APOL2,Apol7b,Apol7b,ambiguous_orthology,False
APOL3,Apol7b,Apol7b,ambiguous_orthology,False
APOL4,Apol7b,Apol7b,ambiguous_orthology,False
APOL1,Apol7b,Apol7b,ambiguous_orthology,False
APOL1,Apol9b,Apol9b,one_to_one,True
APOL2,Apol9a,,ambiguous_orthology,False
APOL1,Apol9a,,ambiguous_orthology,True
APOL2,Apol7c,,ambiguous_orthology,False
APOL4,Apol7c,,ambiguous_orthology,False
APOL1,Apol7c,,ambiguous_orthology,True
APOL6,Apol6,,one_to_one,False
APOL2,Apol8,,ambiguous_orthology,False
APOL3,Apol8,,ambiguous_orthology,False
APOL4,Apol8,,ambiguous_orthology,False
APOL1,Apol8,,ambiguous_orthology,True
PCP4L1,Pcp4l1,,one_to_one,False
GDAP1,Gdap1,,one_to_one,False
EHMT1,Ehmt1,Ehmt1,one_to_one,True
ALG8,Alg8,Alg8,one_to_one,True
CCDC90B,Ccdc90b,Ccdc90b,one_to_one,True
POLQ,Polq,,one_to_one,False
CFAP300,Cfap300,,one_to_one,False
HRH3,Hrh3,,one_to_one,False
LPAR4,Lpar4,,one_to_one,False
TEX36,Tex36,,one_to_one,False
NTAQ1,Ntaq1,Wdyhv1,one_to_one,True
RNF19B,Rnf19b,Rnf19b,one_to_one,True
NMU,Nmu,,one_to_one,False
DYSF,Dysf,,one_to_one,False
PPP1R9A,Ppp1r9a,,one_to_one,False
PDK4,Pdk4,,one_to_one,False
SLC23A3,Slc23a3,,one_to_one,False
TMEM198,Tmem198,Tmem198,one_to_one,True
ANKMY1,Ankmy1,,one_to_one,False
MAP3K1,Map3k1,Map3k1,one_to_one,True
ALKBH7,Alkbh7,Alkbh7,one_to_one,True
GPCPD1,Gpcpd1,Gpcpd1,one_to_one,True
GTPBP8,Gtpbp8,Gtpbp8,one_to_one,True
KIF28P,Kif28,,one_to_one,False
GLIS2,Glis2,,one_to_one,False
ATP6V1C2,Atp6v1c2,,one_to_one,False
SIX1,Six1,,one_to_one,False
SIX2,Six2,,one_to_one,False
SIX5,Six5,,one_to_one,False
SLC1A4,Slc1a4,,one_to_one,False
C14orf119,1700123O20Rik,1700123O20Rik,one_to_one,True
DHRS1,Dhrs1,Dhrs1,one_to_one,True
BRMS1,Brms1,Brms1,one_to_one,True
FKBP5,Fkbp5,Fkbp5,one_to_one,True
FNDC10,Fndc10,Fndc10,one_to_one,True
IKZF2,Ikzf2,Ikzf2,one_to_one,True
DTWD2,Dtwd2,Dtwd2,one_to_one,True
IKBIP,Ikbip,Ikbip,one_to_one,True
TCF20,Tcf20,Tcf20,one_to_one,True
PROZ,Proz,,one_to_one,False
ACY1,Acy1,Acy1,one_to_one,True
SRPK2,Srpk2,Srpk2,one_to_one,True
SRRM3,Srrm3,,one_to_one,False
TARS3,Tars3,Tarsl2,one_to_one,True
CD109,Cd109,,one_to_one,False
ZNHIT6,Znhit6,Znhit6,one_to_one,True
MYLK2,Mylk2,,one_to_one,False
KIF6,Kif6,,one_to_one,False
SKOR2,Skor2,,one_to_one,False
SKP1,Skp1,Skp1a,one_to_one,True
SLA,Sla,Sla,one_to_one,True
SEPSECS,Sepsecs,Sepsecs,one_to_one,True
SLC16A9,Slc16a9,,one_to_one,False
SLC67A1,Slc67a1,,one_to_one,False
SLC24A2,Slc24a2,,one_to_one,False
SLC25A3,Slc25a3,Slc25a3,one_to_one,True
SLC25A47,Slc25a47,,one_to_one,False
SLC26A6,Slc26a6,,one_to_one,False
SLC29A1,Slc29a1,Slc29a1,one_to_one,True
SLC2A13,Slc2a13,,one_to_one,False
SLC30A1,Slc30a1,Slc30a1,one_to_one,True
SLC35H1,Slc35h1,Slc35c2,one_to_one,True
SLC35D1,Slc35d1,Slc35d1,one_to_one,True
SLC38A8,Slc38a8,,one_to_one,False
SLC45A4,Slc45a4,Slc45a4,one_to_one,True
SLC52A3,Slc52a3,Slc52a3,one_to_one,True
SLC7A3,Slc7a3,,one_to_one,False
FOXN4,Foxn4,,one_to_one,False
MIF4GD,Mif4gd,Mif4gd,one_to_one,True
PRELID3A,Prelid3a,,one_to_one,False
SYTL2,Sytl2,Sytl2,one_to_one,True
TAGLN,Tagln,,one_to_one,False
ACTA2,Acta2,,one_to_one,False
ACTG2,Actg2,,one_to_one,False
HLTF,Hltf,Hltf,one_to_one,True
MYBPC1,Mybpc1,,one_to_one,False
SMCR8,Smcr8,Smcr8,one_to_one,True
PPP4R3C,Ppp4r3c1,,one_to_one,False
PPP4R3B,Ppp4r3b,Ppp4r3b,one_to_one,True
PPP4R3C,Ppp4r3c2,,one_to_one,False
MT4,Mt4,,one_to_one,False
SMU1,Smu1,Smu1,one_to_one,True
SMYD4,Smyd4,Smyd4,one_to_one,True
SNAPC1,Snapc1,Snapc1,one_to_one,True
HPS5,Hps5,Hps5,one_to_one,True
SNRK,Snrk,Snrk,one_to_one,True
SNRNP70,Snrnp70,Snrnp70,one_to_one,True
SNRPF,Snrpf,Snrpf,one_to_one,True
ARHGAP33,Arhgap33,,one_to_one,False
SOCS4,Socs4,Socs4,one_to_one,True
SOCS5,Socs5,Socs5,one_to_one,True
SOCS6,Socs6,Socs6,one_to_one,True
WSB1,Wsb1,Wsb1,one_to_one,True
CHRND,Chrnd,,one_to_one,False
FAM43B,Fam43b,,one_to_one,False
SORT1,Sort1,,one_to_one,False
HEBP2,Hebp2,,one_to_one,False
SOX21,Sox21,,one_to_one,False
SOX4,Sox4,Sox4,one_to_one,True
SOX8,Sox8,,one_to_one,False
DCC,Dcc,,one_to_one,False
SPAG9,Spag9,Spag9,one_to_one,True
SPARCL1,Sparcl1,,one_to_one,False
WASHC5,Washc5,Washc5,one_to_one,True
ZFYVE26,Zfyve26,Zfyve26,one_to_one,True
AFG2A,Afg2a,Spata5,one_to_one,True
AFG2B,Afg2b,,one_to_one,False
SPG11,Spg11,Spg11,one_to_one,True
RB1,Rb1,Rb1,one_to_one,True
CDC42SE1,Cdc42se1,Cdc42se1,one_to_one,True
SMNDC1,Smndc1,Smndc1,one_to_one,True
SPART,Spart,Spg20,one_to_one,True
SPAST,Spast,Spast,one_to_one,True
SGPP2,Sgpp2,,one_to_one,False
SPRY1,Spry1,Spry1,one_to_one,True
SPTLC2,Sptlc2,Sptlc2,one_to_one,True
GPR85,Gpr85,,one_to_one,False
GPR173,Gpr173,,one_to_one,False
SREBF1,Srebf1,Srebf1,one_to_one,True
SYCE2,Syce2,Syce2,one_to_one,True
SRGAP2,Srgap2,Srgap2,one_to_one,True
SRPK1,Srpk1,Srpk1,one_to_one,True
SSX2IP,Ssx2ip,Ssx2ip,one_to_one,True
SSH2,Ssh2,Ssh2,one_to_one,True
ZNRD2,Znrd2,Znrd2,one_to_one,True
ST6GAL2,St6gal2,,one_to_one,False
ST6GALNAC2,St6galnac2,,one_to_one,False
STAMBP,Stambp,Stambp,one_to_one,True
TMEM41B,Tmem41b,Tmem41b,one_to_one,True
VANGL1,Vangl1,,one_to_one,False
VANGL2,Vangl2,,one_to_one,False
STC1,Stc1,,one_to_one,False
ABCG5,Abcg5,,one_to_one,False
ABCG8,Abcg8,,one_to_one,False
STIM2,Stim2,Stim2,one_to_one,True
PLK4,Plk4,Plk4,one_to_one,True
WHR1,Whr1,Stk19,one_to_one,True
STK24,Stk24,Stk24,one_to_one,True
STK25,Stk25,Stk25,one_to_one,True
STOML3,Stoml3,,one_to_one,False
STX3,Stx3,,one_to_one,False
SUCLG1,Suclg1,Suclg1,one_to_one,True
MED22,Med22,Med22,one_to_one,True
BIRC5,Birc5,Birc5,one_to_one,True
KMT5B,Kmt5b,Kmt5b,one_to_one,True
KMT5C,Kmt5c,Kmt5c,one_to_one,True
SV2B,Sv2b,,one_to_one,False
OPN1SW,Opn1sw,,one_to_one,False
FAM9C,Xlr3a,,ambiguous_orthology,False
FAM9A,Xlr3a,,ambiguous_orthology,False
SYCP3,Gm28891,,one_to_one,False
SYCP3,Gm21518,,one_to_one,False
SYCP3,Gm28102,,one_to_one,False
SYCP3,Gm21094,,one_to_one,False
SYCP3,Gm21858,,one_to_one,False
SYCP3,Gm35134,,one_to_one,False
SYCP3,Gm21996,,one_to_one,False
SYCP3,Gm29276,,one_to_one,False
FAM9C,Gm14692,,ambiguous_orthology,False
FAM9A,Gm14692,,ambiguous_orthology,False
SYCP3,Gm28510,,one_to_one,False
SYCP3,Gm28827,,one_to_one,False
SYCP3,Gm20820,,one_to_one,False
SYCP3,Gm21256,,one_to_one,False
SYCP3,Gm20890,,one_to_one,False
SYCP3,Gm29564,,one_to_one,False
SYCP3,Gm28553,,one_to_one,False
SYCP3,Gm20838,,one_to_one,False
SYCP3,Gm21173,,one_to_one,False
SYCP3,Gm21865,,one_to_one,False
SYCP3,Gm20736,,one_to_one,False
SYCP3,Gm21488,,one_to_one,False
SYCP3,Gm21209,,one_to_one,False
SYCP3,Gm20817,,one_to_one,False
SYCP3,Gm21117,,one_to_one,False
SYCP3,Gm20888,,one_to_one,False
FAM9C,Xlr5b,,ambiguous_orthology,False
FAM9A,Xlr5b,,ambiguous_orthology,False
SYCP3,Gm20792,,one_to_one,False
SYCP3,Gm20824,,one_to_one,False
SYCP3,Gm20911,,one_to_one,False
SYCP3,Gm28998,,one_to_one,False
SYCP3,Gm31571,,one_to_one,False
SYCP3,Gm28576,,one_to_one,False
SYCP3,Gm28961,,one_to_one,False
SYCP3,Gm20937,,one_to_one,False
FAM9C,Xlr3b,Xlr3b,ambiguous_orthology,False
FAM9A,Xlr3b,Xlr3b,ambiguous_orthology,False
SYCP3,Sly,,one_to_one,False
SYCP3,Gm21258,,one_to_one,False
SYCP3,Gm21095,,one_to_one,False
SYCP3,Gm29110,,one_to_one,False
SYCP3,Gm21497,,one_to_one,False
SYCP3,Gm29582,,one_to_one,False
SYCP3,Gm20843,,one_to_one,False
SYCP3,Gm28897,,one_to_one,False
SYCP3,Gm21739,,one_to_one,False
SYCP3,Gm773,,one_to_one,False
SYCP3,Gm28870,,one_to_one,False
SYCP3,Gm21294,,one_to_one,False
FAM9C,Gm1140,,ambiguous_orthology,False
FAM9A,Gm1140,,ambiguous_orthology,False
FAM9C,Xlr5a,,ambiguous_orthology,False
FAM9A,Xlr5a,,ambiguous_orthology,False
SYCP3,Gm21861,,one_to_one,False
SYCP3,Gm29554,,one_to_one,False
SYCP3,Gm29866,,one_to_one,False
SYCP3,Gm30737,,one_to_one,False
FAM9C,Xlr4a,Xlr4a,ambiguous_orthology,False
FAM9A,Xlr4a,Xlr4a,ambiguous_orthology,False
SYCP3,Gm21760,,one_to_one,False
SYCP3,Gm28919,,one_to_one,False
FAM9C,Xlr3c,,ambiguous_orthology,False
FAM9A,Xlr3c,,ambiguous_orthology,False
FAM9C,Xlr4c,Xlr4c,ambiguous_orthology,False
FAM9A,Xlr4c,Xlr4c,ambiguous_orthology,False
SYCP3,3830403N18Rik,3830403N18Rik,one_to_one,True
SYCP3,1700013H16Rik,,one_to_one,True
SYCP3,Xlr,Xlr,one_to_one,True
FAM9C,Xlr5c,,ambiguous_orthology,False
FAM9A,Xlr5c,,ambiguous_orthology,False
SYCP3,,,ambiguous_orthology,True
FAM9C,Xlr4b,Xlr4b,ambiguous_orthology,False
FAM9A,Xlr4b,Xlr4b,ambiguous_orthology,False
SYCP3,Sycp3,,one_to_one,True
SYN2,Syn2,,one_to_one,False
SYNGR1,Syngr1,,one_to_one,False
SYNGR3,Syngr3,,one_to_one,False
SYP,Syp,,one_to_one,False
SYT5,Syt5,,one_to_one,False
TAS1R2,Tas1r2,,one_to_one,False
TAS2R42,Tas2r131,,one_to_one,False
TAS2R14,Tas2r115,,one_to_one,False
TAS2R13,Tas2r124,,one_to_one,False
TAS2R14,Tas2r113,,one_to_one,False
TAS2R14,Tas2r125,,one_to_one,False
TAS2R13,Tas2r121,,one_to_one,False
TAS2R14,Tas2r103,,one_to_one,False
TAS2R13,Tas2r102,,one_to_one,False
TAS2R14,Tas2r123,,one_to_one,False
TAS2R10,Tas2r114,,one_to_one,False
TAS2R40,Tas2r144,,one_to_one,False
TAS2R14,Tas2r129,,one_to_one,False
TAS2R38,Tas2r138,,one_to_one,False
TAS2R41,Tas2r126,,one_to_one,False
TAS2R10,Tas2r104,,one_to_one,False
TAS2R7,Tas2r130,,one_to_one,False
TAS2R60,Tas2r135,,one_to_one,False
TAS2R14,Tas2r117,,one_to_one,False
TAS2R14,Tas2r110,,one_to_one,False
TAS2R10,Tas2r107,,one_to_one,False
TAS2R14,Tas2r109,,one_to_one,False
TAS2R3,Tas2r137,,one_to_one,False
TAS2R10,Tas2r106,,one_to_one,False
TAS2R14,Tas2r140,,one_to_one,False
TAS2R14,Tas2r116,,one_to_one,False
TAS2R10,Tas2r105,,one_to_one,False
TAS2R1,Tas2r119,,one_to_one,False
TAS2R4,Tas2r108,,one_to_one,False
TAF8,Taf8,Taf8,one_to_one,True
BTAF1,Btaf1,Btaf1,one_to_one,True
TAOK1,Taok1,Taok1,one_to_one,True
TARDBP,Tardbp,Tardbp,one_to_one,True
TARS1,Tars1,Tars,one_to_one,True
TAFAZZIN,Tafazzin,Taz,one_to_one,True
WWTR1,Wwtr1,,one_to_one,False
TBX21,Tbx21,Tbx21,one_to_one,True
TBPL2,Tbpl2,,one_to_one,False
TBX3,Tbx3,,one_to_one,False
CD2,Cd2,Cd2,one_to_one,True
TCERG1,Tcerg1,Tcerg1,one_to_one,True
ELK4,Elk4,Elk4,one_to_one,True
TCF7L2,Tcf7l2,,one_to_one,False
TCF4,Tcf4,Tcf4,one_to_one,True
UQCR10,Uqcr10,Uqcr10,one_to_one,True
CCT5,Cct5,Cct5,one_to_one,True
ZAP70,Zap70,Zap70,one_to_one,True
DYNLT3,Dynlt3,Dynlt3,one_to_one,True
DYNLT5,Dynlt5,,one_to_one,False
SERINC1,Serinc1,Serinc1,one_to_one,True
TDP2,Tdp2,Tdp2,one_to_one,True
TDRKH,Tdrkh,Tdrkh,one_to_one,True
STK31,Stk31,,one_to_one,False
DNTT,Dntt,Dntt,one_to_one,True
TEAD1,Tead1,,one_to_one,False
TECRL,Tecrl,,one_to_one,False
TEF,Tef,Tef,one_to_one,True
TCF12,Tcf12,Tcf12,one_to_one,True
F3,F3,,one_to_one,False
TGM6,Tgm6,,one_to_one,False
TGM5,Tgm5,,one_to_one,False
TGFB2,Tgfb2,,one_to_one,False
TGFB3,Tgfb3,,one_to_one,False
TH,Th,,one_to_one,False
NELFCD,Nelfcd,Nelfcd,one_to_one,True
THBS2,Thbs2,,one_to_one,False
THBS4,Thbs4,,one_to_one,False
ALYREF,Alyreffm9,,one_to_one,False
ALYREF,Alyreffm4,,one_to_one,False
ALYREF,Alyreffm3,,one_to_one,False
ALYREF,Alyreffm1,,one_to_one,False
ALYREF,Alyref,Alyref,one_to_one,True
ALYREF,Alyref2,Alyref2,one_to_one,True
ALYREF,Alyreffm8,,one_to_one,True
ALYREF,Alyreffm7,,one_to_one,True
ALYREF,Alyreffm6,,one_to_one,True
NLN,Nln,Nln,one_to_one,True
ZBTB7B,Zbtb7b,Zbtb7b,one_to_one,True
MED30,Med30,Med30,one_to_one,True
TIAM1,Tiam1,Tiam1,one_to_one,True
TEK,Tek,,one_to_one,False
TRIM24,Trim24,Trim24,one_to_one,True
TINF2,Tinf2,Tinf2,one_to_one,True
PTH2,Pth2,,one_to_one,False
TLR1,Tlr1,Tlr1,one_to_one,True
TLR6,Tlr6,Tlr6,one_to_one,True
TLR2,Tlr2,,one_to_one,False
TLR4,Tlr4,,one_to_one,False
TLR5,Tlr5,,one_to_one,False
TLR8,Tlr8,,one_to_one,False
TJP2,Tjp2,Tjp2,one_to_one,True
TBPL1,Tbpl1,Tbpl1,one_to_one,True
TLR7,Tlr7,Tlr7,one_to_one,True
TLX3,Tlx3,,one_to_one,False
TSPAN12,Tspan12,,one_to_one,False
TSPAN6,Tspan6,,one_to_one,False
TSPAN7,Tspan7,,one_to_one,False
TMBIM1,Tmbim1,Tmbim1,one_to_one,True
TMCC1,Tmcc1,Tmcc1,one_to_one,True
SLC9D1,Slc9d1,Tmco3,one_to_one,True
TMEM100,Tmem100,,one_to_one,False
SLC38A12,Slc38a12,Tmem104,one_to_one,True
STIMATE,Stimate,Stimate,one_to_one,True
TMEM120A,Tmem120a,Tmem120a,one_to_one,True
TMEM138,Tmem138,Tmem138,one_to_one,True
TMEM174,Tmem174,,one_to_one,False
TMEM14EP,Tmem14c,Tmem14c,ambiguous_orthology,False
TMEM14DP,Tmem14c,Tmem14c,ambiguous_orthology,False
TMEM14B,Tmem14c,Tmem14c,ambiguous_orthology,False
TMEM14C,Tmem14c,Tmem14c,ambiguous_orthology,False
TMEM167A,Tmem167,Tmem167,one_to_one,True
TMEM178A,Tmem178,,one_to_one,False
TMEM179,Tmem179,,one_to_one,False
CNEP1R1,Cnep1r1,Cnep1r1,one_to_one,True
AGMO,Agmo,,one_to_one,False
VMA12,Vma12,Tmem199,one_to_one,True
TMEM200C,Tmem200c,,one_to_one,False
PACC1,Pacc1,Pacc1,one_to_one,True
TMEM222,Tmem222,Tmem222,one_to_one,True
C2CD2L,C2cd2l,C2cd2l,one_to_one,True
PGAP4,Pgap4,,one_to_one,False
CDC50CP,Cdc50c,,one_to_one,False
MMGT1,Mmgt1,Mmgt1,one_to_one,True
CNPY2,Cnpy2,Cnpy2,one_to_one,True
TMEM41A,Tmem41a,Tmem41a,one_to_one,True
NDC1,Ndc1,Ndc1,one_to_one,True
VMP1,Vmp1,Vmp1,one_to_one,True
RXYLT1,Rxylt1,Rxylt1,one_to_one,True
MACO1,Maco1,Maco1,one_to_one,True
SARAF,Saraf,Saraf,one_to_one,True
EMC4,Emc4,Emc4,one_to_one,True
EMC6,Emc6,Emc6,one_to_one,True
TIPE2,Tnfaip8l2,Tnfaip8l2,one_to_one,True
TNFRSF1A,Tnfrsf1a,Tnfrsf1a,one_to_one,True
PSMG2,Psmg2,Psmg2,one_to_one,True
TOB1,Tob1,Tob1,one_to_one,True
TOM1L2,Tom1l2,Tom1l2,one_to_one,True
TOMM70,Tomm70a,Tomm70a,one_to_one,True
ARID4B,Arid4b,Arid4b,one_to_one,True
TP53INP2,Trp53inp2,Trp53inp2,one_to_one,True
TPH1,Tph1,,one_to_one,False
TPH2,Tph2,,one_to_one,False
TPM4,Tpm4,Tpm4,one_to_one,True
THPO,Thpo,,one_to_one,False
TPPP2,Tppp2,,one_to_one,False
PDSS1,Pdss1,Pdss1,one_to_one,True
TRAF4,Traf4,Traf4,one_to_one,True
MED20,Med20,Med20,one_to_one,True
CERS4,Cers4,Cers4,one_to_one,True
TICAM1,Ticam1,Ticam1,one_to_one,True
MID2,Mid2,,one_to_one,False
TRIM64B,Trim43a,,ambiguous_orthology,False
TRIM49C,Trim43a,,ambiguous_orthology,False
TRIM51G,Trim43a,,ambiguous_orthology,False
TRIM64C,Trim43a,,ambiguous_orthology,False
TRIM43,Trim43a,,ambiguous_orthology,False
TRIM49B,Trim43a,,ambiguous_orthology,False
TRIM49,Trim43a,,ambiguous_orthology,False
TRIM64,Trim43a,,ambiguous_orthology,False
TRIM77,Trim43a,,ambiguous_orthology,False
TRIM51,Trim43a,,ambiguous_orthology,False
TRIM49D1,Trim43a,,ambiguous_orthology,False
TRIM49D2,Trim43a,,ambiguous_orthology,False
TRIM43B,Trim43a,,ambiguous_orthology,False
TRIM64B,Trim43c,,ambiguous_orthology,False
TRIM49C,Trim43c,,ambiguous_orthology,False
TRIM51G,Trim43c,,ambiguous_orthology,False
TRIM64C,Trim43c,,ambiguous_orthology,False
TRIM43,Trim43c,,ambiguous_orthology,False
TRIM49B,Trim43c,,ambiguous_orthology,False
TRIM49,Trim43c,,ambiguous_orthology,False
TRIM64,Trim43c,,ambiguous_orthology,False
TRIM77,Trim43c,,ambiguous_orthology,False
TRIM51,Trim43c,,ambiguous_orthology,False
TRIM49D1,Trim43c,,ambiguous_orthology,False
TRIM49D2,Trim43c,,ambiguous_orthology,False
TRIM43B,Trim43c,,ambiguous_orthology,False
TRIML2,Triml2,,one_to_one,False
TRIM64B,Trim43b,,ambiguous_orthology,False
TRIM49C,Trim43b,,ambiguous_orthology,False
TRIM51G,Trim43b,,ambiguous_orthology,False
TRIM64C,Trim43b,,ambiguous_orthology,False
TRIM43,Trim43b,,ambiguous_orthology,False
TRIM49B,Trim43b,,ambiguous_orthology,False
TRIM49,Trim43b,,ambiguous_orthology,False
TRIM64,Trim43b,,ambiguous_orthology,False
TRIM77,Trim43b,,ambiguous_orthology,False
TRIM51,Trim43b,,ambiguous_orthology,False
TRIM49D1,Trim43b,,ambiguous_orthology,False
TRIM49D2,Trim43b,,ambiguous_orthology,False
TRIM43B,Trim43b,,ambiguous_orthology,False
NTRK1,Ntrk1,,one_to_one,False
TYW2,Tyw2,Trmt12,one_to_one,True
RO60,Ro60,Ro60,one_to_one,True
DCT,Dct,,one_to_one,False
TRPA1,Trpa1,,one_to_one,False
TRPM1,Trpm1,,one_to_one,False
WARS1,Wars1,Wars,one_to_one,True
PRSS3P2,Prss3l,,ambiguous_orthology,False
PRSS2,Prss3l,,ambiguous_orthology,False
PRSS1,Prss3l,,ambiguous_orthology,False
PRSS3,Prss3l,,ambiguous_orthology,False
PRSS3P2,Prss1l,,ambiguous_orthology,False
PRSS2,Prss1l,,ambiguous_orthology,False
PRSS1,Prss1l,,ambiguous_orthology,False
PRSS3,Prss1l,,ambiguous_orthology,False
PRSS3P2,Try10,,ambiguous_orthology,False
PRSS2,Try10,,ambiguous_orthology,False
PRSS1,Try10,,ambiguous_orthology,False
PRSS3,Try10,,ambiguous_orthology,False
PRSS3P2,Prss1,,ambiguous_orthology,False
PRSS2,Prss1,,ambiguous_orthology,False
PRSS1,Prss1,,ambiguous_orthology,False
PRSS3,Prss1,,ambiguous_orthology,False
PRSS3P2,Try5,,ambiguous_orthology,False
PRSS2,Try5,,ambiguous_orthology,False
PRSS1,Try5,,ambiguous_orthology,False
PRSS3,Try5,,ambiguous_orthology,False
PRSS3P2,Prss3,,ambiguous_orthology,False
PRSS2,Prss3,,ambiguous_orthology,False
PRSS1,Prss3,,ambiguous_orthology,False
PRSS3,Prss3,,ambiguous_orthology,False
PRSS3P2,Prss2,,ambiguous_orthology,False
PRSS2,Prss2,,ambiguous_orthology,False
PRSS1,Prss2,,ambiguous_orthology,False
PRSS3,Prss2,,ambiguous_orthology,False
PRSS3P2,Try4,,ambiguous_orthology,False
PRSS2,Try4,,ambiguous_orthology,False
PRSS1,Try4,,ambiguous_orthology,False
PRSS3,Try4,,ambiguous_orthology,False
DNAJB13,Dnajb13,Dnajb13,one_to_one,True
TSG101,Tsg101,Tsg101,one_to_one,True
CEP41,Cep41,Cep41,one_to_one,True
TSHB,Tshb,,one_to_one,False
CRLF2,Crlf2,Crlf2,one_to_one,True
TSPAN13,Tspan13,Tspan13,one_to_one,True
TSPAN1,Tspan1,,one_to_one,False
TSPAN5,Tspan5,Tspan5,one_to_one,True
EIPR1,Eipr1,Eipr1,one_to_one,True
SF3B1,Sf3b1,Sf3b1,one_to_one,True
KHDRBS3,Khdrbs3,,one_to_one,False
TRAPPC12,Trappc12,Trappc12,one_to_one,True
ODAD4,Odad4,,one_to_one,False
EMC2,Emc2,Emc2,one_to_one,True
SKIC3,Skic3,Ttc37,one_to_one,True
LMO2,Lmo2,,one_to_one,False
DNMBP,Dnmbp,Dnmbp,one_to_one,True
TUBA1A,Tuba1a,Tuba1a,one_to_one,True
TUBB2B,Tubb2b,,one_to_one,False
TUBB2A,Tubb2a,Tubb2a,one_to_one,True
TUBG1,Tubg1,Tubg1,one_to_one,True
TUBG2,Tubg2,,one_to_one,False
MTPAP,Mtpap,Mtpap,one_to_one,True
TUT7,Tut7,Tut7,one_to_one,True
TNFSF12,Tnfsf12,,ambiguous_orthology,False
TNFSF12-TNFSF13,Tnfsf12,,ambiguous_orthology,False
TWIST1,Twist1,,one_to_one,False
POLR1F,Polr1f,Twistnb,one_to_one,True
TMX1,Tmx1,Tmx1,one_to_one,True
ERP44,Erp44,Erp44,one_to_one,True
DTYMK,Dtymk,Dtymk,one_to_one,True
TUT1,Tut1,Tut1,one_to_one,True
UBAP2,Ubap2,Ubap2,one_to_one,True
UBE2NL,Ube2n,Ube2n,ambiguous_orthology,False
UBE2N,Ube2n,Ube2n,ambiguous_orthology,False
UBE2I,Ube2i,Ube2i,one_to_one,True
UBA3,Uba3,Uba3,one_to_one,True
UBE3D,Ube3d,Ube2cbp,one_to_one,True
UBE2D1,Ube2d1,Ube2d1,one_to_one,True
UBE2D2,Ube2d2a,Ube2d2a,one_to_one,True
UBE2G1,Ube2g1,Ube2g1,one_to_one,True
UBE2L5,Ube2l3,Ube2l3,ambiguous_orthology,False
UBE2L3,Ube2l3,Ube2l3,ambiguous_orthology,False
UFM1,Ufm1,Ufm1,one_to_one,True
UBL7,Ubl7,Ubl7,one_to_one,True
UBTD1,Ubtd1,Ubtd1,one_to_one,True
UBXN6,Ubxn6,Ubxn6,one_to_one,True
UBXN4,Ubxn4,Ubxn4,one_to_one,True
UCP3,Ucp3,,one_to_one,False
SLC25A27,Slc25a27,Slc25a27,one_to_one,True
SLC25A14,Slc25a14,Slc25a14,one_to_one,True
UBE4B,Ube4b,Ube4b,one_to_one,True
UGT1A6,Ugt1a6b,,one_to_one,False
UGT1A7,Ugt1a8,,ambiguous_orthology,False
UGT1A8,Ugt1a8,,ambiguous_orthology,False
UGT1A9,Ugt1a8,,ambiguous_orthology,False
UGT1A10,Ugt1a8,,ambiguous_orthology,False
UGT1A1,Ugt1a1,,one_to_one,False
UGT1A5,Ugt1a5,,ambiguous_orthology,False
UGT1A3,Ugt1a5,,ambiguous_orthology,False
UGT1A4,Ugt1a5,,ambiguous_orthology,False
UGT1A7,Ugt1a7c,,ambiguous_orthology,False
UGT1A8,Ugt1a7c,,ambiguous_orthology,False
UGT1A9,Ugt1a7c,,ambiguous_orthology,False
UGT1A10,Ugt1a7c,,ambiguous_orthology,False
UGT1A7,Ugt1a9,,ambiguous_orthology,False
UGT1A8,Ugt1a9,,ambiguous_orthology,False
UGT1A9,Ugt1a9,,ambiguous_orthology,False
UGT1A10,Ugt1a9,,ambiguous_orthology,False
UGT1A6,Ugt1a6a,,one_to_one,False
UGT1A5,Ugt1a2,,ambiguous_orthology,False
UGT1A3,Ugt1a2,,ambiguous_orthology,False
UGT1A4,Ugt1a2,,ambiguous_orthology,False
UTS2,Uts2,,one_to_one,False
UCK2,Uck2,Uck2,one_to_one,True
XYLT1,Xylt1,Xylt1,one_to_one,True
ZC4H2,Zc4h2,,one_to_one,False
NUF2,Nuf2,Nuf2,one_to_one,True
PRDM5,Prdm5,,one_to_one,False
DLC1,Dlc1,,one_to_one,False
PKP4,Pkp4,Pkp4,one_to_one,True
TUSC3,Tusc3,Tusc3,one_to_one,True
ACER2,Acer2,Acer2,one_to_one,True
DENND4C,Dennd4c,Dennd4c,one_to_one,True
SHC3,Shc3,,one_to_one,False
FCHO1,Fcho1,Fcho1,one_to_one,True
DXO,Dxo,Dxo,one_to_one,True
UBE2O,Ube2o,Ube2o,one_to_one,True
CLCC1,Clcc1,Clcc1,one_to_one,True
CCDC15,Ccdc15,Ccdc15,one_to_one,True
CEACAM3,Psg22,,ambiguous_orthology,False
CEACAM4,Psg22,,ambiguous_orthology,False
CEACAM21,Psg27,,one_to_one,False
CEACAM21,Psg26,,one_to_one,False
CEACAM21,Psg20,,one_to_one,False
CEACAM4,Ceacam14,,one_to_one,False
CEACAM21,Psg19,,one_to_one,False
CEACAM21,Psg25,,one_to_one,False
CEACAM21,Psg23,,one_to_one,False
CEACAM21,Psg17,,one_to_one,False
CEACAM4,Ceacam13,,one_to_one,False
CEACAM21,Psg28,,one_to_one,False
CEACAM4,Ceacam12,,one_to_one,False
CEACAM4,Ceacam10,,one_to_one,False
CEACAM3,Psg18,,ambiguous_orthology,False
CEACAM4,Psg18,,ambiguous_orthology,False
CEACAM21,Psg16,,one_to_one,False
CEACAM21,Psg21,,one_to_one,False
CEACAM4,Ceacam11,,one_to_one,False
CEACAM3,Psg29,,ambiguous_orthology,False
CEACAM4,Psg29,,ambiguous_orthology,False
ZAN,Zan,,one_to_one,False
TESPA1,Tespa1,Tespa1,one_to_one,True
GHITM,Ghitm,Ghitm,one_to_one,True
KIF1B,Kif1b,Kif1b,one_to_one,True
SLC7A7,Slc7a7,,one_to_one,False
WDR1,Wdr1,Wdr1,one_to_one,True
VPS11,Vps11,Vps11,one_to_one,True
SART1,Sart1,Sart1,one_to_one,True
CBFB,Cbfb,Cbfb,one_to_one,True
UPP2,Upp2,,one_to_one,False
UQCC1,Uqcc1,Uqcc1,one_to_one,True
URAHP,Urah,,one_to_one,False
UTS2B,Uts2b,,one_to_one,False
SCUBE2,Scube2,,one_to_one,False
USP34,Usp34,Usp34,one_to_one,True
OGFOD3,Ogfod3,Ogfod3,one_to_one,True
KDM6A,Kdm6a,Kdm6a,one_to_one,True
UTY,Uty,,one_to_one,False
VN1R5,Vmn1r12,,one_to_one,False
VN1R5,Vmn1r7,,ambiguous_orthology,False
VN1R17P,Vmn1r7,,ambiguous_orthology,False
VN1R17P,Vmn1r1,,one_to_one,False
VN1R5,Vmn1r31,,ambiguous_orthology,False
VN1R17P,Vmn1r31,,ambiguous_orthology,False
VN1R5,Vmn1r17,,ambiguous_orthology,False
VN1R17P,Vmn1r17,,ambiguous_orthology,False
VN1R5,Vmn1r9,,ambiguous_orthology,False
VN1R17P,Vmn1r9,,ambiguous_orthology,False
VN1R17P,Vmn1r52,,one_to_one,False
VN1R17P,Vmn1r45,,one_to_one,False
VN1R5,Vmn1r19,,ambiguous_orthology,False
VN1R17P,Vmn1r19,,ambiguous_orthology,False
VN1R17P,Vmn1r40,,one_to_one,False
VN1R5,Vmn1r32,,ambiguous_orthology,False
VN1R17P,Vmn1r32,,ambiguous_orthology,False
VN1R5,Vmn1r8,,ambiguous_orthology,False
VN1R17P,Vmn1r8,,ambiguous_orthology,False
VN1R17P,Vmn1r47,,one_to_one,False
VN1R17P,Vmn1r43,,one_to_one,False
VN1R5,Vmn1r5,,one_to_one,False
VN1R4,Vmn1r230,,one_to_one,False
VN1R17P,V1ra8,,one_to_one,False
VN1R5,Vmn1r26,,one_to_one,False
VN1R5,Vmn1r14,,one_to_one,False
VN1R17P,Vmn1r51,,one_to_one,False
VN1R5,Vmn1r6,,one_to_one,False
VN1R5,Vmn1r10,,ambiguous_orthology,False
VN1R17P,Vmn1r10,,ambiguous_orthology,False
VN1R5,Vmn1r21,,one_to_one,False
VN1R3,Vmn1r224,,ambiguous_orthology,False
VN1R2,Vmn1r224,,ambiguous_orthology,False
VN1R4,Vmn1r184,,one_to_one,False
VN1R3,Vmn1r68,,ambiguous_orthology,False
VN1R2,Vmn1r68,,ambiguous_orthology,False
VN1R4,Vmn1r235,,one_to_one,False
VN1R3,Vmn1r67,,ambiguous_orthology,False
VN1R2,Vmn1r67,,ambiguous_orthology,False
VN1R3,Vmn1r232,,ambiguous_orthology,False
VN1R2,Vmn1r232,,ambiguous_orthology,False
VN1R4,Vmn1r236,,one_to_one,False
VN1R3,Vmn1r225,,ambiguous_orthology,False
VN1R2,Vmn1r225,,ambiguous_orthology,False
VN1R4,Vmn1r233,,one_to_one,False
VN1R4,Vmn1r227,,one_to_one,False
VN1R4,Vmn1r234,,one_to_one,False
VN1R3,Vmn1r226,,ambiguous_orthology,False
VN1R2,Vmn1r226,,ambiguous_orthology,False
VN1R3,Vmn1r185,,ambiguous_orthology,False
VN1R2,Vmn1r185,,ambiguous_orthology,False
VN1R4,Vmn1r70,,one_to_one,False
VN1R3,Vmn1r66,,ambiguous_orthology,False
VN1R2,Vmn1r66,,ambiguous_orthology,False
VN1R4,Vmn1r237,,one_to_one,False
VN1R3,Vmn1r229,,ambiguous_orthology,False
VN1R2,Vmn1r229,,ambiguous_orthology,False
VN1R3,Vmn1r71,,ambiguous_orthology,False
VN1R2,Vmn1r71,,ambiguous_orthology,False
VN1R4,Vmn1r71,,ambiguous_orthology,False
VN1R3,Vmn1r69,,ambiguous_orthology,False
VN1R2,Vmn1r69,,ambiguous_orthology,False
VN1R3,Vmn1r228,,ambiguous_orthology,False
VN1R2,Vmn1r228,,ambiguous_orthology,False
SLC18A3,Slc18a3,,one_to_one,False
VAMP1,Vamp1,Vamp1,one_to_one,True
DDX4,Ddx4,,one_to_one,False
USO1,Uso1,Uso1,one_to_one,True
VEPH1,Veph1,,one_to_one,False
VGLL2,Vgll2,,one_to_one,False
VHL,Vhl,Vhl,one_to_one,True
SLC32A1,Slc32a1,,one_to_one,False
PDCL3,Pdcl3,Pdcl3,one_to_one,True
CDC16,Cdc16,Cdc16,one_to_one,True
VIL1,Vil1,,one_to_one,False
SLC18A2,Slc18a2,Slc18a2,one_to_one,True
PSMD6,Psmd6,Psmd6,one_to_one,True
DCAF1,Dcaf1,Dcaf1,one_to_one,True
VPS26A,Vps26a,Vps26a,one_to_one,True
VSTM2L,Vstm2l,,one_to_one,False
VTN,Vtn,,one_to_one,False
WAC,Wac,Wac,one_to_one,True
TPBGL,Tpbgl,Tpbgl,one_to_one,True
WBP2NL,Wbp2nl,,one_to_one,False
EIF4H,Eif4h,Eif4h,one_to_one,True
ABHD11,Abhd11,Abhd11,one_to_one,True
BUD23,Bud23,Bud23,one_to_one,True
DCAF5,Dcaf5,Dcaf5,one_to_one,True
DCAF11,Dcaf11,Dcaf11,one_to_one,True
CIAO1,Ciao1,Ciao1,one_to_one,True
WDR45B,Wdr45b,Wdr45b,one_to_one,True
POC1A,Poc1a,Poc1a,one_to_one,True
SNRNP40,Snrnp40,Snrnp40,one_to_one,True
DYNC2I1,Dync2i1,,one_to_one,False
SKIC8,Skic8,Wdr61,one_to_one,True
DNAI3,Dnai3,,one_to_one,False
TBC1D31,Tbc1d31,Tbc1d31,one_to_one,True
DNAI4,Dnai4,Wdr78,one_to_one,True
DPH7,Dph7,Dph7,one_to_one,True
DNAAF10,Dnaaf10,Wdr92,one_to_one,True
RMC1,Rmc1,Rmc1,one_to_one,True
DCAF13,Dcaf13,Dcaf13,one_to_one,True
NSD3,Nsd3,Nsd3,one_to_one,True
PYM1,Pym1,Pym1,one_to_one,True
WIPF1,Wipf1,Wipf1,one_to_one,True
DOC2B,Doc2b,,one_to_one,False
WNT10B,Wnt10b,,one_to_one,False
WNT3A,Wnt3a,,one_to_one,False
WNT4,Wnt4,,one_to_one,False
WNT7A,Wnt7a,,one_to_one,False
WDR82,Wdr82,Wdr82,one_to_one,True
CNDP1,Cndp1,,one_to_one,False
MTF2,Mtf2,Mtf2,one_to_one,True
VDAC2,Vdac2,Vdac2,one_to_one,True
SNAPC3,Snapc3,Snapc3,one_to_one,True
STARD3NL,Stard3nl,Stard3nl,one_to_one,True
CASQ2,Casq2,,one_to_one,False
SFXN2,Sfxn2,Sfxn2,one_to_one,True
ZFHX2,Zfhx2,Zfhx2,one_to_one,True
PITRM1,Pitrm1,Pitrm1,one_to_one,True
CPT2,Cpt2,Cpt2,one_to_one,True
ZNF207,Zfp207,Zfp207,one_to_one,True
AIP,Aip,Aip,one_to_one,True
DCPS,Dcps,Dcps,one_to_one,True
NUP133,Nup133,Nup133,one_to_one,True
WDR13,Wdr13,Wdr13,one_to_one,True
ACSL6,Acsl6,,one_to_one,False
GTF2E2,Gtf2e2,Gtf2e2,one_to_one,True
USP5,Usp5,Usp5,one_to_one,True
OFD1,Ofd1,Ofd1,one_to_one,True
PFDN5,Pfdn5,Pfdn5,one_to_one,True
ARIH2,Arih2,Arih2,one_to_one,True
MDM4,Mdm4,Mdm4,one_to_one,True
CDK2,Cdk2,Cdk2,one_to_one,True
CYP20A1,Cyp20a1,Cyp20a1,one_to_one,True
MTPN,Mtpn,Mtpn,one_to_one,True
DDA1,Dda1,Dda1,one_to_one,True
NENF,Nenf,Nenf,one_to_one,True
DDOST,Ddost,Ddost,one_to_one,True
PRIM2,Prim2,Prim2,one_to_one,True
ATP6V1G1,Atp6v1g1,Atp6v1g1,one_to_one,True
ATP6V1G2,Atp6v1g2,Atp6v1g2,one_to_one,True
ATP6V1G3,Atp6v1g3,,one_to_one,False
RAPGEF6,Rapgef6,Rapgef6,one_to_one,True
PELO,Pelo,Pelo,one_to_one,True
DCXR,Dcxr,Dcxr,one_to_one,True
SPCS2,Spcs2,Spcs2,one_to_one,True
RPN1,Rpn1,Rpn1,one_to_one,True
THAP11,Thap11,Thap11,one_to_one,True
VAPA,Vapa,Vapa,one_to_one,True
PSMC5,Psmc5,Psmc5,one_to_one,True
WDR18,Wdr18,Wdr18,one_to_one,True
MRPS23,Mrps23,Mrps23,one_to_one,True
ARIH1,Arih1,Arih1,one_to_one,True
VAMP8,Vamp8,Vamp8,one_to_one,True
SNRPD3,Snrpd3,Snrpd3,one_to_one,True
RPS27,Rps27rt,Rps27rt,one_to_one,True
RPS27,Rps27,Rps27,one_to_one,True
COX15,Cox15,Cox15,one_to_one,True
RNPS1,Rnps1,Rnps1,one_to_one,True
AAGAB,Aagab,Aagab,one_to_one,True
RRP15,Rrp15,Rrp15,one_to_one,True
NVL,Nvl,Nvl,one_to_one,True
CPSF6,Cpsf6,Cpsf6,one_to_one,True
PHF6,Phf6,Phf6,one_to_one,True
SAP30L,Sap30l,Sap30l,one_to_one,True
SAP30,Sap30,Sap30,one_to_one,True
RPL12,Rpl12,Rpl12,one_to_one,True
MRPL20,Mrpl20,Mrpl20,one_to_one,True
HNRNPD,Hnrnpd,Hnrnpd,one_to_one,True
DUT,Dut,Dut,one_to_one,True
GLIS3,Glis3,Glis3,one_to_one,True
FGB,Fgb,,one_to_one,False
CRKL,Crkl,Crkl,one_to_one,True
SMARCA2,Smarca2,Smarca2,one_to_one,True
KPNA4,Kpna4,Kpna4,one_to_one,True
NUP50,Nup50,Nup50,one_to_one,True
NUP50,Nup50l,,one_to_one,True
RPS24,Rps24,Rps24,one_to_one,True
KLHL15,Klhl15,Klhl15,one_to_one,True
YWHAQ,Ywhaq,Ywhaq,one_to_one,True
SFN,Sfn,Sfn,one_to_one,True
RPL19,Rpl19,Rpl19,one_to_one,True
RPS26,Rps26,Rps26,ambiguous_orthology,False
RPS26P11,Rps26,Rps26,ambiguous_orthology,False
UBA52,Uba52,Uba52,one_to_one,True
RPS4X,Rps4x,Rps4x,one_to_one,True
RPL15,Rpl15,Rpl15,one_to_one,True
RPS6,Rps6,Rps6,one_to_one,True
AP3S1,Ap3s1,Ap3s1,one_to_one,True
NDFIP2,Ndfip2,Ndfip2,one_to_one,True
FUBP1,Fubp1,Fubp1,one_to_one,True
RPS15,Rps15,Rps15,one_to_one,True
RPL23A,Rpl23a,Rpl23a,one_to_one,True
SLC38A6,Slc38a6,Slc38a6,one_to_one,True
PRKAG1,Prkag1,Prkag1,one_to_one,True
RPL7A,Rpl7a,Rpl7a,one_to_one,True
SEMA5A,Sema5a,,one_to_one,False
ETFB,Etfb,Etfb,one_to_one,True
MRPL28,Mrpl28,Mrpl28,one_to_one,True
AKIRIN1,Akirin1,Akirin1,one_to_one,True
HDAC4,Hdac4,Hdac4,one_to_one,True
TBL2,Tbl2,Tbl2,one_to_one,True
ARHGDIA,Arhgdia,Arhgdia,one_to_one,True
ZRANB2,Zranb2,Zranb2,one_to_one,True
SDC3,Sdc3,,one_to_one,False
LIMK2,Limk2,Limk2,one_to_one,True
MBD2,Mbd2,Mbd2,one_to_one,True
TMUB1,Tmub1,Tmub1,one_to_one,True
MBD3L2B,Mbd3l2,,ambiguous_orthology,False
MBD3L4,Mbd3l2,,ambiguous_orthology,False
MBD3L2,Mbd3l2,,ambiguous_orthology,False
MBD3L5,Mbd3l2,,ambiguous_orthology,False
MBD3L3,Mbd3l2,,ambiguous_orthology,False
DPM2,Dpm2,Dpm2,one_to_one,True
RPL3,Rpl3,Rpl3,one_to_one,True
SCYL3,Scyl3,Scyl3,one_to_one,True
SPTY2D1,Spty2d1,Spty2d1,one_to_one,True
VDAC3,Vdac3,Vdac3,one_to_one,True
TSPY26P,Tspyl3,Tspyl3,one_to_one,True
TSPYL5,Tspyl5,,one_to_one,False
TSPYL2,Tspyl2,Tspyl2,one_to_one,True
TSPYL4,Tspyl4,Tspyl4,one_to_one,True
TSPYL6,Tspyl1,Tspyl1,ambiguous_orthology,False
TSPYL1,Tspyl1,Tspyl1,ambiguous_orthology,False
MFRP,C1qtnf5,,ambiguous_orthology,False
C1QTNF5,C1qtnf5,,ambiguous_orthology,False
RPS15A,Rps15a,Rps15a,one_to_one,True
EIF5A2,Eif5a2,Eif5a2,one_to_one,True
BTF3,Btf3,Btf3,one_to_one,True
COL6A3,Col6a3,,one_to_one,False
TCTA,Tcta,Tcta,one_to_one,True
DRG1,Drg1,Drg1,one_to_one,True
CLTB,Cltb,Cltb,one_to_one,True
JAGN1,Jagn1,Jagn1,one_to_one,True
SCARF1,Scarf1,,one_to_one,False
DIS3,Dis3,Dis3,one_to_one,True
COTL1,Cotl1,Cotl1,one_to_one,True
DERL1,Derl1,Derl1,one_to_one,True
NDUFB9,Ndufb9,Ndufb9,one_to_one,True
LPCAT4,Lpcat4,Lpcat4,one_to_one,True
TRPS1,Trps1,Trps1,one_to_one,True
ARHGAP28,Arhgap28,,one_to_one,False
TFG,Tfg,Tfg,one_to_one,True
SARNP,Sarnp,Sarnp,one_to_one,True
ING4,Ing4,Ing4,one_to_one,True
POLR3E,Polr3e,Polr3e,one_to_one,True
COMMD2,Commd2,Commd2,one_to_one,True
BLMH,Blmh,Blmh,one_to_one,True
NET1,Net1,Net1,one_to_one,True
RPL21,Rpl21,Rpl21,one_to_one,True
UEVLD,Uevld,Uevld,one_to_one,True
TYSND1,Tysnd1,Tysnd1,one_to_one,True
GCSH,Gcsh,Gcsh,one_to_one,True
HERC1,Herc1,Herc1,one_to_one,True
THY1,Thy1,Thy1,one_to_one,True
PIK3CG,Pik3cg,Pik3cg,one_to_one,True
USP8,Usp8,Usp8,one_to_one,True
SZRD1,Szrd1,Szrd1,one_to_one,True
LMAN2,Lman2,Lman2,one_to_one,True
FXR1,Fxr1,Fxr1,one_to_one,True
NDNF,Ndnf,Ndnf,one_to_one,True
AKIRIN2,Akirin2,Akirin2,one_to_one,True
EIF5AL1,Eif5a,Eif5a,ambiguous_orthology,False
EIF5A,Eif5a,Eif5a,ambiguous_orthology,False
SSB,Ssb,Ssb,one_to_one,True
VWA5A,Vwa5a,Vwa5a,one_to_one,True
VWA5A,AW551984,,one_to_one,True
PPID,Ppid,Ppid,one_to_one,True
SUCLA2,Sucla2,Sucla2,one_to_one,True
DPP7,Dpp7,Dpp7,one_to_one,True
TXNDC5,Txndc5,Txndc5,one_to_one,True
MAEA,Maea,Maea,one_to_one,True
TTPAL,Ttpal,Ttpal,one_to_one,True
TRAM2,Tram2,Tram2,one_to_one,True
SMPD4,Smpd4,Smpd4,one_to_one,True
ANP32E,Anp32e,Anp32e,one_to_one,True
CDK9,Cdk9,Cdk9,one_to_one,True
CPSF1,Cpsf1,Cpsf1,one_to_one,True
ZFR,Zfr,Zfr,one_to_one,True
PGRMC2,Pgrmc2,Pgrmc2,one_to_one,True
EIF1AY,Eif1ad17,,one_to_one,True
EIF1AY,Eif1ad16,,one_to_one,True
EIF1AY,Eif1ad2,,one_to_one,True
EIF1AY,Eif1ad14,,one_to_one,True
EIF1AY,Eif1ad8,,one_to_one,True
EIF1AY,Eif1ad15,,one_to_one,True
EIF1AY,Eif1ad13,,one_to_one,True
EIF1AY,Eif1ad3,,one_to_one,True
EIF1AY,Eif1ad11,,one_to_one,True
EIF1AY,Eif1ad7,,one_to_one,True
EIF1AY,Eif1ad18,,one_to_one,True
EIF1AY,Eif1ad12,,one_to_one,True
EIF1AY,Eif1ad19,,one_to_one,True
EIF1AY,Eif1ad6,,one_to_one,True
EIF1AY,Eif1ad4,,one_to_one,True
EIF1AX,Eif1ax,Eif1ax,ambiguous_orthology,False
EIF1AY,Eif1ax,Eif1ax,ambiguous_orthology,True
ATRX,Atrx,Atrx,one_to_one,True
UBE2E3,Ube2e3,Ube2e3,one_to_one,True
SMURF1,Smurf1,Smurf1,one_to_one,True
PCM1,Pcm1,Pcm1,one_to_one,True
PSMD9,Psmd9,Psmd9,one_to_one,True
KCTD10,Kctd10,Kctd10,one_to_one,True
ATP6V0B,Atp6v0b,Atp6v0b,one_to_one,True
PPIG,Ppig,Ppig,one_to_one,True
IDH2,Idh2,Idh2,one_to_one,True
CTSA,Ctsa,Ctsa,one_to_one,True
GART,Gart,Gart,one_to_one,True
NDUFS1,Ndufs1,Ndufs1,one_to_one,True
AKT1S1,Akt1s1,Akt1s1,one_to_one,True
TMBIM4,Tmbim4,Tmbim4,one_to_one,True
DTWD1,Dtwd1,Dtwd1,one_to_one,True
ABCE1,Abce1,Abce1,one_to_one,True
DBNL,Dbnl,Dbnl,one_to_one,True
SRRM1,Srrm1,Srrm1,one_to_one,True
AK2,Ak2,Ak2,one_to_one,True
ILF2,Ilf2,Ilf2,one_to_one,True
RCC2,Rcc2,Rcc2,one_to_one,True
CNN2,Cnn2,Cnn2,one_to_one,True
PID1,Pid1,,one_to_one,False
CHRAC1,Chrac1,Chrac1,one_to_one,True
RYK,Ryk,Ryk,one_to_one,True
RCN3,Rcn3,Rcn3,one_to_one,True
TAX1BP3,Tax1bp3,Tax1bp3,one_to_one,True
RCHY1,Rchy1,Rchy1,one_to_one,True
MTHFD2,Mthfd2,Mthfd2,one_to_one,True
RAD51,Rad51,Rad51,one_to_one,True
FRMD6,Frmd6,Frmd6,one_to_one,True
XRN2,Xrn2,Xrn2,one_to_one,True
UBE2E1,Ube2e1,Ube2e1,one_to_one,True
UBE2E2,Ube2e2,Ube2e2,one_to_one,True
PSMC3,Psmc3,Psmc3,one_to_one,True
NDUFA10,Ndufa10,Ndufa10,one_to_one,True
ETFRF1,Etfrf1,Etfrf1,one_to_one,True
PMS2,Pms2,Pms2,one_to_one,True
SAFB,Safb,Safb,one_to_one,True
SAFB2,Safb2,Safb2,one_to_one,True
ANXA13,Anxa13,,one_to_one,False
NONO,Nono,Nono,one_to_one,True
USP1,Usp1,Usp1,one_to_one,True
HMMR,Hmmr,Hmmr,one_to_one,True
CYB5A,Cyb5a,Cyb5a,one_to_one,True
CRTAP,Crtap,Crtap,one_to_one,True
VPS26B,Vps26b,Vps26b,one_to_one,True
PHPT1,Phpt1,Phpt1,one_to_one,True
PTPN13,Ptpn13,Ptpn13,one_to_one,True
LUC7L,Luc7l,Luc7l,one_to_one,True
FBXL5,Fbxl5,Fbxl5,one_to_one,True
URI1,Uri1,Uri1,one_to_one,True
EAF1,Eaf1,Eaf1,one_to_one,True
DHPS,Dhps,Dhps,one_to_one,True
SNX3,Snx3,Snx3,one_to_one,True
NPL,Npl,,one_to_one,False
ACTN4,Actn4,Actn4,one_to_one,True
IK,Ik,Ik,one_to_one,True
USP39,Usp39,Usp39,one_to_one,True
RPL7L1,Rpl7l1,Rpl7l1,one_to_one,True
CDC27,Cdc27,Cdc27,one_to_one,True
DAO,Dao,,one_to_one,False
SDE2,Sde2,Sde2,one_to_one,True
IKZF5,Ikzf5,Ikzf5,one_to_one,True
LAPTM4A,Laptm4a,Laptm4a,one_to_one,True
SIRT2,Sirt2,Sirt2,one_to_one,True
CS,Cs,Cs,one_to_one,True
CS,Csl,,one_to_one,True
HSDL2,Hsdl2,Hsdl2,one_to_one,True
SETD6,Setd6,Setd6,one_to_one,True
ANXA2,Anxa2,Anxa2,ambiguous_orthology,False
ANXA2P2,Anxa2,Anxa2,ambiguous_orthology,False
C6orf62,BC005537,BC005537,one_to_one,True
ACOX1,Acox1,Acox1,one_to_one,True
C9,C9,,one_to_one,False
CPB1,Cpb1,,one_to_one,False
AQP12A,Aqp12,,ambiguous_orthology,False
AQP12B,Aqp12,,ambiguous_orthology,False
SPTSSA,Sptssa,Sptssa,one_to_one,True
SPTSSA,Gm6993,,one_to_one,True
CLTA,Clta,Clta,one_to_one,True
ADH4,Adh4,,one_to_one,False
ADH7,Adh7,,one_to_one,False
ADH1B,Adh1,Adh1,ambiguous_orthology,False
ADH1C,Adh1,Adh1,ambiguous_orthology,False
ADH1A,Adh1,Adh1,ambiguous_orthology,False
AGT,Agt,,one_to_one,False
DBI,Dbi,Dbi,one_to_one,True
DBIL5P,Dbil5,,one_to_one,False
GMPR2,Gmpr2,Gmpr2,one_to_one,True
DPP3,Dpp3,Dpp3,one_to_one,True
AMY1A,Amy2a2,,ambiguous_orthology,False
AMY1C,Amy2a2,,ambiguous_orthology,False
AMY2A,Amy2a2,,ambiguous_orthology,False
AMY1B,Amy2a2,,ambiguous_orthology,False
AMY2B,Amy2a2,,ambiguous_orthology,False
AMY1A,Amy2a3,,ambiguous_orthology,False
AMY1C,Amy2a3,,ambiguous_orthology,False
AMY2A,Amy2a3,,ambiguous_orthology,False
AMY1B,Amy2a3,,ambiguous_orthology,False
AMY2B,Amy2a3,,ambiguous_orthology,False
AMY1A,Amy2a4,,ambiguous_orthology,False
AMY1C,Amy2a4,,ambiguous_orthology,False
AMY2A,Amy2a4,,ambiguous_orthology,False
AMY1B,Amy2a4,,ambiguous_orthology,False
AMY2B,Amy2a4,,ambiguous_orthology,False
AMY1A,Amy2a1,,ambiguous_orthology,False
AMY1C,Amy2a1,,ambiguous_orthology,False
AMY2A,Amy2a1,,ambiguous_orthology,False
AMY1B,Amy2a1,,ambiguous_orthology,False
AMY2B,Amy2a1,,ambiguous_orthology,False
AMY1A,Amy2a5,,ambiguous_orthology,False
AMY1C,Amy2a5,,ambiguous_orthology,False
AMY2A,Amy2a5,,ambiguous_orthology,False
AMY1B,Amy2a5,,ambiguous_orthology,False
AMY2B,Amy2a5,,ambiguous_orthology,False
AMY1A,Amy1,,ambiguous_orthology,False
AMY1C,Amy1,,ambiguous_orthology,False
AMY2A,Amy1,,ambiguous_orthology,False
AMY1B,Amy1,,ambiguous_orthology,False
AMY2B,Amy1,,ambiguous_orthology,False
PIK3R1,Pik3r1,Pik3r1,one_to_one,True
CYP51A1,Cyp51,Cyp51,one_to_one,True
EIF3L,Eif3l,Eif3l,one_to_one,True
SDF4,Sdf4,Sdf4,one_to_one,True
SERPINA11,Serpina11,,one_to_one,False
SERPINA7,Serpina7,,one_to_one,False
SERPINA3,Serpina3b,,one_to_one,True
SERPINA5,Serpina5,,one_to_one,False
SERPINA3,Serpina3a,,one_to_one,True
SERPINA6,Serpina6,,one_to_one,False
SERPINA3,Serpina3g,Serpina3g,one_to_one,True
SERPINA3,Serpina3j,,one_to_one,True
SERPINA12,Serpina12,,one_to_one,False
SERPINA9,Serpina9,,one_to_one,False
CPA2,Cpa2,,one_to_one,False
CPA4,Cpa4,,one_to_one,False
ST6GALNAC3,St6galnac3,St6galnac3,one_to_one,True
ARG2,Arg2,,one_to_one,False
MAOA,Maoa,,one_to_one,False
MAOB,Maob,,one_to_one,False
TOMM40,Tomm40,Tomm40,one_to_one,True
SERHL2,Serhl,Serhl,ambiguous_orthology,False
SERHL,Serhl,Serhl,ambiguous_orthology,False
UPB1,Upb1,,one_to_one,False
ANKFY1,Ankfy1,Ankfy1,one_to_one,True
ARRDC2,Arrdc2,Arrdc2,one_to_one,True
PDCD6IP,Pdcd6ip,Pdcd6ip,one_to_one,True
PLG,Plg,,one_to_one,False
ZFY,Zfa-ps,,one_to_one,False
ZFX,Zfx,Zfx,one_to_one,True
TADA2B,Tada2b,Tada2b,one_to_one,True
U2AF2,U2af2,U2af2,one_to_one,True
TERF1,Terf1,Terf1,one_to_one,True
ANAPC5,Anapc5,Anapc5,one_to_one,True
EAF2,Eaf2,,one_to_one,False
VPS53,Vps53,Vps53,one_to_one,True
OXSR1,Oxsr1,Oxsr1,one_to_one,True
NDUFB2,Ndufb2,Ndufb2,one_to_one,True
LDLRAD2,Ldlrad2,,one_to_one,False
APPBP2,Appbp2,Appbp2,one_to_one,True
NKTR,Nktr,Nktr,one_to_one,True
SPC24,Spc24,Spc24,one_to_one,True
ABCF1,Abcf1,Abcf1,one_to_one,True
ENDOG,Endog,Endog,one_to_one,True
NOSIP,Nosip,Nosip,one_to_one,True
RPS20,Rps20,Rps20,one_to_one,True
AUH,Auh,Auh,one_to_one,True
STX5,Stx5a,Stx5a,one_to_one,True
SMURF2,Smurf2,Smurf2,one_to_one,True
COLEC11,Colec11,,one_to_one,False
DDX49,Ddx49,Ddx49,one_to_one,True
DEK,Dek,Dek,one_to_one,True
TAF6,Taf6,Taf6,one_to_one,True
LARP1,Larp1,Larp1,one_to_one,True
DDX41,Ddx41,Ddx41,one_to_one,True
TTL,Ttl,Ttl,one_to_one,True
DCAF12L2,Dcaf12l2,,ambiguous_orthology,False
DCAF12L1,Dcaf12l2,,ambiguous_orthology,False
DCAF12,Dcaf12,Dcaf12,one_to_one,True
RPL10A,Rpl10a,Rpl10a,one_to_one,True
GDPD1,Gdpd1,Gdpd1,one_to_one,True
DRG2,Drg2,Drg2,one_to_one,True
TOMM34,Tomm34,Tomm34,one_to_one,True
RAB5C,Rab5c,Rab5c,one_to_one,True
PUS1,Pus1,Pus1,one_to_one,True
MTMR10,Mtmr10,Mtmr10,one_to_one,True
FNTB,Fntb,Fntb,ambiguous_orthology,False
CHURC1-FNTB,Fntb,Fntb,ambiguous_orthology,False
FAM3C,Fam3c,Fam3c,one_to_one,True
NDUFV1,Ndufv1,Ndufv1,one_to_one,True
ARHGAP11A,Arhgap11a,Arhgap11a,one_to_one,True
DUSP5,Dusp5,Dusp5,one_to_one,True
CARHSP1,Carhsp1,Carhsp1,one_to_one,True
PLS3,Pls3,,one_to_one,False
CENPE,Cenpe,Cenpe,one_to_one,True
MSH2,Msh2,Msh2,one_to_one,True
PLA2G6,Pla2g6,Pla2g6,one_to_one,True
CAV1,Cav1,,one_to_one,False
MSRB3,Msrb3,,one_to_one,False
DBR1,Dbr1,Dbr1,one_to_one,True
AIMP2,Aimp2,Aimp2,one_to_one,True
PIM1,Pim1,Pim1,one_to_one,True
SF1,Sf1,Sf1,one_to_one,True
RSAD1,Rsad1,Rsad1,one_to_one,True
TNRC6A,Tnrc6a,Tnrc6a,one_to_one,True
TDH,Tdh,,one_to_one,False
NIPA1,Nipa1,,one_to_one,False
SFMBT1,Sfmbt1,Sfmbt1,one_to_one,True
KPTN,Kptn,Kptn,one_to_one,True
RNF130,Rnf130,Rnf130,one_to_one,True
KLHL13,Klhl13,,one_to_one,False
GNL2,Gnl2,Gnl2,one_to_one,True
STAT3,Stat3,Stat3,one_to_one,True
DCK,Dck,Dck,one_to_one,True
RSRP1,Rsrp1,Rsrp1,one_to_one,True
PIGC,Pigc,Pigc,one_to_one,True
SPPL2B,Sppl2b,Sppl2b,one_to_one,True
ARID3B,Arid3b,Arid3b,one_to_one,True
MYPN,Mypn,,one_to_one,False
PLEKHM1,Plekhm1,Plekhm1,one_to_one,True
NDFIP1,Ndfip1,Ndfip1,one_to_one,True
RASSF1,Rassf1,Rassf1,one_to_one,True
DET1,Det1,Det1,one_to_one,True
SUPV3L1,Supv3l1,Supv3l1,one_to_one,True
TAF13,Taf13,Taf13,one_to_one,True
TRAPPC10,Trappc10,Trappc10,one_to_one,True
FAXDC2,Faxdc2,,one_to_one,False
CCDC24,Ccdc24,,one_to_one,False
GOLGA7,Golga7,Golga7,one_to_one,True
HBS1L,Hbs1l,Hbs1l,one_to_one,True
FARP2,Farp2,,one_to_one,False
IPO9,Ipo9,Ipo9,one_to_one,True
RBM5,Rbm5,Rbm5,one_to_one,True
DAZAP2,Dazap2,Dazap2,one_to_one,True
ERCC3,Ercc3,Ercc3,one_to_one,True
MGAT4B,Mgat4b,Mgat4b,one_to_one,True
TSNAXIP1,Tsnaxip1,,one_to_one,False
MOSPD1,Mospd1,Mospd1,one_to_one,True
MUS81,Mus81,Mus81,one_to_one,True
EIF2S2,Eif2s2,Eif2s2,one_to_one,True
CLDN12,Cldn12,,one_to_one,False
HMGA2,Hmga2,,one_to_one,False
POLI,Poli,Poli,one_to_one,True
DHODH,Dhodh,Dhodh,one_to_one,True
FEZF1,Fezf1,,one_to_one,False
CRIM1,Crim1,Crim1,one_to_one,True
CLIC1,Clic1,Clic1,one_to_one,True
HDAC6,Hdac6,Hdac6,one_to_one,True
ATXN2L,Atxn2l,Atxn2l,one_to_one,True
EIF4E3,Eif4e3,Eif4e3,one_to_one,True
COPS3,Cops3,Cops3,one_to_one,True
TALDO1,Taldo1,Taldo1,one_to_one,True
GOSR2,Gosr2,Gosr2,one_to_one,True
SLC25A16,Slc25a16,Slc25a16,one_to_one,True
FAM234B,Fam234b,Fam234b,one_to_one,True
MOSPD2,Mospd2,Mospd2,one_to_one,True
TRAPPC5,Trappc5,Trappc5,one_to_one,True
AUP1,Aup1,Aup1,one_to_one,True
ARL11,Arl11,Arl11,one_to_one,True
TAF5,Taf5,Taf5,one_to_one,True
DCTN3,Dctn3,Dctn3,one_to_one,True
HECTD3,Hectd3,Hectd3,one_to_one,True
IRF2BPL,Irf2bpl,Irf2bpl,one_to_one,True
PINK1,Pink1,Pink1,one_to_one,True
NDOR1,Ndor1,Ndor1,one_to_one,True
APH1B,Aph1b,,one_to_one,False
APH1B,Aph1c,,one_to_one,False
PRPF38B,Prpf38b,Prpf38b,one_to_one,True
TMEM115,Tmem115,Tmem115,one_to_one,True
UROD,Urod,Urod,one_to_one,True
ACTR6,Actr6,Actr6,one_to_one,True
GTF2B,Gtf2b,Gtf2b,one_to_one,True
RRAS2,Rras2,Rras2,one_to_one,True
TXNDC12,Txndc12,Txndc12,one_to_one,True
TCP11L2,Tcp11l2,Tcp11l2,one_to_one,True
SEPHS1,Sephs1,Sephs1,one_to_one,True
ZSWIM8,Zswim8,Zswim8,one_to_one,True
SGCD,Sgcd,,one_to_one,False
NSUN5,Nsun5,Nsun5,ambiguous_orthology,False
NSUN5P2,Nsun5,Nsun5,ambiguous_orthology,False
TP53BP1,Trp53bp1,Trp53bp1,one_to_one,True
TXLNG,Txlng,Txlng,one_to_one,True
E2F3,E2f3,E2f3,one_to_one,True
LONP2,Lonp2,Lonp2,one_to_one,True
CAV2,Cav2,,one_to_one,False
FAM107B,Fam107b,Fam107b,one_to_one,True
GDPGP1,Gdpgp1,Gdpgp1,one_to_one,True
RABIF,Rabif,Rabif,one_to_one,True
SDF2L1,Sdf2l1,Sdf2l1,one_to_one,True
TBC1D17,Tbc1d17,Tbc1d17,one_to_one,True
SLC39A9,Slc39a9,Slc39a9,one_to_one,True
POMK,Pomk,Pomk,one_to_one,True
TBC1D12,Tbc1d12,Tbc1d12,one_to_one,True
ELL,Ell,Ell,one_to_one,True
GLT8D1,Glt8d1,Glt8d1,one_to_one,True
USP13,Usp13,,one_to_one,False
OLIG2,Olig2,,one_to_one,False
NSUN2,Nsun2,Nsun2,one_to_one,True
TRIML1,Triml1,,one_to_one,False
PCBP4,Pcbp4,Pcbp4,one_to_one,True
RRAGB,Rragb,Rragb,one_to_one,True
RRAGA,Rraga,Rraga,one_to_one,True
FBXW2,Fbxw2,Fbxw2,one_to_one,True
SMTNL2,Smtnl2,,one_to_one,False
GSKIP,Gskip,Gskip,one_to_one,True
MED28,Med28,Med28,one_to_one,True
SLC39A5,Slc39a5,,one_to_one,False
USP16,Usp16,Usp16,one_to_one,True
GNPTG,Gnptg,Gnptg,one_to_one,True
FBXO9,Fbxo9,Fbxo9,one_to_one,True
RAB1C,Rab1b,Rab1b,ambiguous_orthology,False
RAB1B,Rab1b,Rab1b,ambiguous_orthology,False
SLC39A3,Slc39a3,Slc39a3,one_to_one,True
TRIM44,Trim44,Trim44,one_to_one,True
POLR1B,Polr1b,Polr1b,one_to_one,True
ATF1,Atf1,Atf1,one_to_one,True
PDIK1L,Pdik1l,Pdik1l,one_to_one,True
BRD7,Brd7,Brd7,one_to_one,True
ZNF185,Zfp185,,one_to_one,False
PPP1R15A,Ppp1r15a,Ppp1r15a,one_to_one,True
WDR24,Wdr24,Wdr24,one_to_one,True
SPG21,Spg21,Spg21,one_to_one,True
ANKRA2,Ankra2,Ankra2,one_to_one,True
MMP15,Mmp15,,one_to_one,False
SLTM,Sltm,Sltm,one_to_one,True
UROS,Uros,Uros,one_to_one,True
GEMIN8,Gemin8,Gemin8,one_to_one,True
FBXW5,Fbxw5,Fbxw5,one_to_one,True
SLC26A11,Slc26a11,Slc26a11,one_to_one,True
CHAF1A,Chaf1a,Chaf1a,one_to_one,True
MYNN,Mynn,Mynn,one_to_one,True
PKLR,Pklr,,one_to_one,False
ST13P5,St13,St13,ambiguous_orthology,False
ST13P4,St13,St13,ambiguous_orthology,False
ST13,St13,St13,ambiguous_orthology,False
CBL,Cbl,Cbl,one_to_one,True
TEX10,Tex10,Tex10,one_to_one,True
ASB8,Asb8,Asb8,one_to_one,True
BTBD9,Btbd9,Btbd9,one_to_one,True
CTDSPL,Ctdspl,,one_to_one,False
HDAC8,Hdac8,Hdac8,one_to_one,True
USP36,Usp36,Usp36,one_to_one,True
ZNF780A,Zfp60,Zfp60,one_to_one,True
ZNF112,Zfp112,,one_to_one,False
ZNF841,Zfp26,Zfp26,ambiguous_orthology,False
ZNF836,Zfp26,Zfp26,ambiguous_orthology,False
ZNF267,Zfp26,Zfp26,ambiguous_orthology,False
HDAC10,Hdac10,Hdac10,one_to_one,True
PPP1R3B,Ppp1r3b,Ppp1r3b,one_to_one,True
BCKDHA,Bckdha,Bckdha,one_to_one,True
CNDP2,Cndp2,Cndp2,one_to_one,True
STXBP6,Stxbp6,,one_to_one,False
NASP,Nasp,Nasp,one_to_one,True
KLHL11,Klhl11,Klhl11,one_to_one,True
GBP6,Gbp4,Gbp4,one_to_one,True
GBP6,Gbp8,Gbp8,one_to_one,True
GBP5,Gbp5,Gbp5,one_to_one,True
ZBTB20,Zbtb20,Zbtb20,one_to_one,True
TTPA,Ttpa,,one_to_one,False
TM4SF5,Tm4sf5,,one_to_one,False
PLXNA4,Plxna4,,one_to_one,False
EIF4A2,Eif4a2,Eif4a2,one_to_one,True
SLC13A2,Slc13a2,,one_to_one,False
SLC38A4,Slc38a4,,one_to_one,False
HELZ,Helz,Helz,one_to_one,True
DHDDS,Dhdds,Dhdds,one_to_one,True
ZBTB14,Zbtb14,Zbtb14,one_to_one,True
PGK2,Pgk2,,one_to_one,False
PGK1,Pgk1,Pgk1,one_to_one,True
SCRN3,Scrn3,Scrn3,one_to_one,True
C1orf21,1700025G04Rik,1700025G04Rik,one_to_one,True
RTN3,Rtn3,Rtn3,one_to_one,True
MTA2,Mta2,Mta2,one_to_one,True
FOXJ3,Foxj3,Foxj3,one_to_one,True
TMEM184A,Tmem184a,,one_to_one,False
SLC25A33,Slc25a33,Slc25a33,one_to_one,True
TRMT9B,Trmt9b,,one_to_one,False
SS18,Ss18,Ss18,one_to_one,True
ETS2,Ets2,Ets2,one_to_one,True
PSMA4,Psma4,Psma4,one_to_one,True
SSR4,Ssr4,Ssr4,one_to_one,True
CANX,Canx,Canx,one_to_one,True
MED26,Med26,Med26,one_to_one,True
USP6,Usp32,Usp32,ambiguous_orthology,False
USP32,Usp32,Usp32,ambiguous_orthology,False
SGSH,Sgsh,Sgsh,one_to_one,True
VRK1,Vrk1,Vrk1,one_to_one,True
LRRC42,Lrrc42,Lrrc42,one_to_one,True
RNFT1,Rnft1,Rnft1,one_to_one,True
CCDC28A,Ccdc28a,Ccdc28a,one_to_one,True
RABAC1,Rabac1,Rabac1,one_to_one,True
ACTR8,Actr8,Actr8,one_to_one,True
PSMC4,Psmc4,Psmc4,one_to_one,True
FLCN,Flcn,Flcn,one_to_one,True
INVS,Invs,Invs,one_to_one,True
NUDT5,Nudt5,Nudt5,one_to_one,True
SCAMP2,Scamp2,Scamp2,one_to_one,True
LSM2,Lsm2,Lsm2,one_to_one,True
POLL,Poll,Poll,one_to_one,True
CNOT8,Cnot8,Cnot8,one_to_one,True
RAB28,Rab28,Rab28,one_to_one,True
CDC20,Cdc20,Cdc20,one_to_one,True
RPRD1A,Rprd1a,Rprd1a,one_to_one,True
SLC30A8,Slc30a8,,one_to_one,False
N4BP1,N4bp1,N4bp1,one_to_one,True
QRSL1,Qrsl1,Qrsl1,one_to_one,True
PSMD7,Psmd7,Psmd7,one_to_one,True
SLC30A5,Slc30a5,Slc30a5,one_to_one,True
SRP72,Srp72,Srp72,one_to_one,True
TTYH2,Ttyh2,Ttyh2,one_to_one,True
MTMR6,Mtmr6,Mtmr6,one_to_one,True
TAF1L,Taf1,Taf1,ambiguous_orthology,False
TAF1,Taf1,Taf1,ambiguous_orthology,False
DUSP16,Dusp16,Dusp16,one_to_one,True
TNFAIP1,Tnfaip1,Tnfaip1,one_to_one,True
KCND3,Kcnd3,,one_to_one,False
SLC30A7,Slc30a7,Slc30a7,one_to_one,True
RNF41,Rnf41,Rnf41,one_to_one,True
GPD1L,Gpd1l,Gpd1l,one_to_one,True
RUNX1T1,Runx1t1,,one_to_one,False
RPA1,Rpa1,Rpa1,one_to_one,True
MTHFD2L,Mthfd2l,Mthfd2l,one_to_one,True
PRPSAP2,Prpsap2,Prpsap2,one_to_one,True
TGDS,Tgds,Tgds,one_to_one,True
SF3A3,Sf3a3,Sf3a3,one_to_one,True
RHOQ,Rhoq,Rhoq,one_to_one,True
EIF3A,Eif3a,Eif3a,one_to_one,True
GKAP1,Gkap1,Gkap1,one_to_one,True
TLK2,Tlk2,Tlk2,one_to_one,True
INTS12,Ints12,Ints12,one_to_one,True
KLHL18,Klhl18,Klhl18,one_to_one,True
PMPCA,Pmpca,Pmpca,one_to_one,True
CHP2,Chp2,,one_to_one,False
TM9SF2,Tm9sf2,Tm9sf2,one_to_one,True
EFTUD2,Eftud2,Eftud2,one_to_one,True
LRPAP1,Lrpap1,Lrpap1,one_to_one,True
NDEL1,Ndel1,Ndel1,one_to_one,True
CEBPZ,Cebpz,Cebpz,one_to_one,True
PLA1A,Pla1a,,one_to_one,False
GUCD1,Gucd1,Gucd1,one_to_one,True
NPEPL1,Npepl1,Npepl1,one_to_one,True
TRMT5,Trmt5,Trmt5,one_to_one,True
WTAP,Wtap,Wtap,one_to_one,True
RNF146,Rnf146,Rnf146,one_to_one,True
ITGB5,Itgb5,,one_to_one,False
HSD11B2,Hsd11b2,,one_to_one,False
TMEM117,Tmem117,,one_to_one,False
USP25,Usp25,Usp25,one_to_one,True
TTC5,Ttc5,Ttc5,one_to_one,True
UBE2Q2,Ube2q2,Ube2q2,one_to_one,True
ALG1,Alg1,Alg1,ambiguous_orthology,False
ALG1L2,Alg1,Alg1,ambiguous_orthology,False
RAP2B,Rap2b,Rap2b,one_to_one,True
KIF20A,Kif20a,Kif20a,one_to_one,True
YTHDF3,Ythdf3,Ythdf3,one_to_one,True
MAT1A,Mat1a,,one_to_one,False
LDHD,Ldhd,,one_to_one,False
FYB2,Fyb2,,one_to_one,False
PLS1,Pls1,,one_to_one,False
ARHGEF10,Arhgef10,Arhgef10,one_to_one,True
DDX23,Ddx23,Ddx23,one_to_one,True
ACTR5,Actr5,Actr5,one_to_one,True
MSTO1,Msto1,Msto1,one_to_one,True
PPIL4,Ppil4,Ppil4,one_to_one,True
CUEDC2,Cuedc2,Cuedc2,one_to_one,True
NOL6,Nol6,Nol6,one_to_one,True
ECD,Ecd,Ecd,one_to_one,True
KLHL12,Klhl12,Klhl12,one_to_one,True
TMEM59L,Tmem59l,,one_to_one,False
PLRG1,Plrg1,Plrg1,one_to_one,True
FOXK1,Foxk1,Foxk1,one_to_one,True
RFTN2,Rftn2,Rftn2,one_to_one,True
S100Z,S100z,,one_to_one,False
AKAP9,Akap9,Akap9,one_to_one,True
DYNC2H1,Dync2h1,Dync2h1,one_to_one,True
SYT4,Syt4,,one_to_one,False
FAHD1,Fahd1,Fahd1,one_to_one,True
PTRH2,Ptrh2,Ptrh2,one_to_one,True
IFT80,Ift80,Ift80,one_to_one,True
FEZ1,Fez1,,one_to_one,False
FBXO42,Fbxo42,Fbxo42,one_to_one,True
BBOX1,Bbox1,,one_to_one,False
DR1,Dr1,Dr1,one_to_one,True
CCDC124,Ccdc124,Ccdc124,one_to_one,True
PPT1,Ppt1,Ppt1,one_to_one,True
UCHL5,Uchl5,Uchl5,one_to_one,True
FGFR1OP2,Fgfr1op2,Fgfr1op2,one_to_one,True
DZANK1,Dzank1,,one_to_one,False
MAVS,Mavs,Mavs,one_to_one,True
PDXDC1,Pdxdc1,Pdxdc1,ambiguous_orthology,False
PDXDC2P,Pdxdc1,Pdxdc1,ambiguous_orthology,False
SDHAF2,Sdhaf2,Sdhaf2,one_to_one,True
CDC50B,Cdc50b,,one_to_one,False
KATNB1,Katnb1,Katnb1,one_to_one,True
CHIC1,Chic1,Chic1,one_to_one,True
ARFGAP1,Arfgap1,Arfgap1,one_to_one,True
ANP32A,Anp32a,Anp32a,ambiguous_orthology,False
ANP32CP,Anp32a,Anp32a,ambiguous_orthology,False
ANP32D,Anp32-ps,,one_to_one,False
LYRM1,Lyrm1,Lyrm1,one_to_one,True
ADAM23,Adam23,,one_to_one,False
DUSP2,Dusp2,Dusp2,one_to_one,True
CAMK4,Camk4,Camk4,one_to_one,True
RDH12,Rdh12,Rdh12,one_to_one,True
RDH11,Rdh11,Rdh11,one_to_one,True
CARNMT1,Carnmt1,Carnmt1,one_to_one,True
RUFY2,Rufy2,Rufy2,one_to_one,True
DNAJB3P,Dnajb3,,one_to_one,False
DNAJB7,Dnajb7,,one_to_one,False
DNAJB8,Dnajb8,,one_to_one,False
STMN4,Stmn4,,one_to_one,False
SBF1,Sbf1,Sbf1,one_to_one,True
GLOD4,Glod4,Glod4,one_to_one,True
MRPS18B,Mrps18b,Mrps18b,one_to_one,True
TTC7B,Ttc7b,Ttc7b,one_to_one,True
MDH2,Mdh2,Mdh2,one_to_one,True
TANGO2,Tango2,Tango2,one_to_one,True
TRIM36,Trim36,Trim36,one_to_one,True
COX7C,Cox7c,Cox7c,one_to_one,True
GLIPR2,Glipr2,Glipr2,one_to_one,True
KIAA0513,6430548M08Rik,,one_to_one,False
NMNAT2,Nmnat2,Nmnat2,one_to_one,True
VAMP2,Vamp2,Vamp2,one_to_one,True
RHAG,Rhag,,one_to_one,False
C17orf75,5730455P16Rik,5730455P16Rik,one_to_one,True
HBP1,Hbp1,Hbp1,one_to_one,True
AK5,Ak5,,one_to_one,False
GOT1,Got1,Got1,one_to_one,True
RILPL1,Rilpl1,Rilpl1,one_to_one,True
PPP1R11,Ppp1r11,Ppp1r11,one_to_one,True
CWC15,Cwc15,Cwc15,one_to_one,True
NEK7,Nek7,Nek7,one_to_one,True
TAOK2,Taok2,Taok2,one_to_one,True
KHK,Khk,Khk,one_to_one,True
SULT1A1,Sult1a1,,ambiguous_orthology,False
SULT1A3,Sult1a1,,ambiguous_orthology,False
SULT1A4,Sult1a1,,ambiguous_orthology,False
SULT1A2,Sult1a1,,ambiguous_orthology,False
RIPK4,Ripk4,,one_to_one,False
CTSZ,Ctsz,Ctsz,one_to_one,True
RNF13,Rnf13,Rnf13,one_to_one,True
MTMR11,Mtmr11,,one_to_one,False
RNF113A,Rnf113a1,Rnf113a1,one_to_one,True
RNF113A,Rnf113a2,Rnf113a2,one_to_one,True
SETX,Setx,Setx,one_to_one,True
ZNF592,Zfp592,Zfp592,one_to_one,True
RPS6KA6,Rps6ka6,,one_to_one,False
MCRS1,Mcrs1,Mcrs1,one_to_one,True
SLC35B1,Slc35b1,Slc35b1,one_to_one,True
SULF1,Sulf1,,one_to_one,False
KLC3,Klc3,Klc3,one_to_one,True
PSMA8,Psma8,,one_to_one,False
PSMA7,Psma7,Psma7,one_to_one,True
BAIAP2,Baiap2,Baiap2,one_to_one,True
ALG5,Alg5,Alg5,one_to_one,True
AEBP2,Aebp2,Aebp2,one_to_one,True
WDR5B,Wdr5b,Wdr5b,one_to_one,True
WDR5,Wdr5,Wdr5,one_to_one,True
POLR2C,Polr2c,Polr2c,one_to_one,True
LRRC28,Lrrc28,Lrrc28,one_to_one,True
ZDHHC2,Zdhhc2,Zdhhc2,one_to_one,True
SRPRB,Srprb,Srprb,one_to_one,True
RAB39A,Rab39a,,one_to_one,False
RAB42,Rab42,,one_to_one,False
USP14,Usp14,Usp14,one_to_one,True
FNDC3A,Fndc3a,Fndc3a,one_to_one,True
CAPZB,Capzb,Capzb,one_to_one,True
SPRY2,Spry2,Spry2,one_to_one,True
MREG,Mreg,,one_to_one,False
TBK1,Tbk1,Tbk1,one_to_one,True
SRD5A2,Srd5a2,,one_to_one,False
HSH2D,Hsh2d,Hsh2d,one_to_one,True
CA6,Ca6,,one_to_one,False
SETDB2,Setdb2,Setdb2,one_to_one,True
TPGS1,Tpgs1,Tpgs1,one_to_one,True
SYVN1,Syvn1,Syvn1,one_to_one,True
XRN1,Xrn1,Xrn1,one_to_one,True
ARPC1A,Arpc1a,Arpc1a,one_to_one,True
CDK8,Cdk8,Cdk8,one_to_one,True
MECP2,Mecp2,Mecp2,one_to_one,True
BMP3,Bmp3,,one_to_one,False
FOSL2,Fosl2,Fosl2,one_to_one,True
SLC35A1,Slc35a1,Slc35a1,one_to_one,True
IRF7,Irf7,Irf7,one_to_one,True
PKIG,Pkig,Pkig,one_to_one,True
NDUFV3,Ndufv3,Ndufv3,one_to_one,True
NRG1,Nrg1,,one_to_one,False
FTCD,Ftcd,,one_to_one,False
TRPV4,Trpv4,,one_to_one,False
NUP54,Nup54,Nup54,one_to_one,True
CRYZ,Cryz,Cryz,one_to_one,True
EML2,Eml2,Eml2,one_to_one,True
AMPH,Amph,,one_to_one,False
BARHL2,Barhl2,,one_to_one,False
MRPL19,Mrpl19,Mrpl19,one_to_one,True
UBE2G2,Ube2g2,Ube2g2,one_to_one,True
ERBB2,Erbb2,,one_to_one,False
PHEX,Phex,,one_to_one,False
PHF10,Phf10,Phf10,one_to_one,True
NECAB1,Necab1,,one_to_one,False
XCR1,Xcr1,,one_to_one,False
XKR5,Xkr5,,one_to_one,False
ERCC2,Ercc2,Ercc2,one_to_one,True
ATP23,Atp23,Atp23,one_to_one,True
YTHDF2,Ythdf2,Ythdf2,one_to_one,True
HOXA5,Hoxa5,,one_to_one,False
OTUD7B,Otud7b,Otud7b,one_to_one,True
AHI1,Ahi1,Ahi1,one_to_one,True
NEUROD4,Neurod4,,one_to_one,False
ATOH8,Atoh8,,one_to_one,False
ZBTB45,Zbtb45,Zbtb45,one_to_one,True
UNK,Unk,Unk,one_to_one,True
ZC3H4,Zc3h4,Zc3h4,one_to_one,True
SLC18B1,Slc18b1,,one_to_one,False
CCDC88C,Ccdc88c,Ccdc88c,one_to_one,True
DAZ3,Dazl,,ambiguous_orthology,False
DAZ4,Dazl,,ambiguous_orthology,False
DAZL,Dazl,,ambiguous_orthology,False
DAZ2,Dazl,,ambiguous_orthology,False
DAZ1,Dazl,,ambiguous_orthology,False
ZDHHC16,Zdhhc16,Zdhhc16,one_to_one,True
NFILZ,Nfilz,,one_to_one,False
HSD17B1,Hsd17b1,,one_to_one,False
FRMD8P1,Frmd8,Frmd8,ambiguous_orthology,False
FRMD8,Frmd8,Frmd8,ambiguous_orthology,False
CCR7,Ccr7,Ccr7,one_to_one,True
HSF2,Hsf2,Hsf2,one_to_one,True
OPRK1,Oprk1,,one_to_one,False
OPRM1,Oprm1,,one_to_one,False
FMR1,Fmr1,Fmr1,one_to_one,True
PGLYRP2,Pglyrp2,Pglyrp2,one_to_one,True
TAS1R1,Tas1r1,,one_to_one,False
TAS1R3,Tas1r3,,one_to_one,False
CRTC3,Crtc3,Crtc3,one_to_one,True
ZFAND1,Zfand1,Zfand1,one_to_one,True
PEF1,Pef1,Pef1,one_to_one,True
BET1L,Bet1l,Bet1l,one_to_one,True
UFC1,Ufc1,Ufc1,one_to_one,True
LAMTOR2,Lamtor2,Lamtor2,one_to_one,True
ALG6,Alg6,Alg6,one_to_one,True
TMEM144,Tmem144,,one_to_one,False
THOC3,Thoc3,Thoc3,one_to_one,True
HOOK3,Hook3,Hook3,one_to_one,True
RBMS2,Rbms2,Rbms2,one_to_one,True
YEATS4,Yeats4,Yeats4,one_to_one,True
NUDCD2,Nudcd2,Nudcd2,one_to_one,True
SCGN,Scgn,,one_to_one,False
SFXN1,Sfxn1,Sfxn1,one_to_one,True
BAG3,Bag3,Bag3,one_to_one,True
FAM151B,Fam151b,Fam151b,one_to_one,True
BOLA3,Bola3,Bola3,one_to_one,True
NEGR1,Negr1,,one_to_one,False
TRAIP,Traip,Traip,one_to_one,True
IMMP2L,Immp2l,Immp2l,one_to_one,True
RAB30,Rab30,,one_to_one,False
SH3BGR,Sh3bgr,,one_to_one,False
TMF1,Tmf1,Tmf1,one_to_one,True
FKBP9,Fkbp9,,one_to_one,False
PLTP,Pltp,,one_to_one,False
CHST1,Chst1,,one_to_one,False
FBXO25,Fbxo25,Fbxo25,one_to_one,True
NDUFA3,Ndufa3,Ndufa3,one_to_one,True
BABAM1,Babam1,Babam1,one_to_one,True
HNMT,Hnmt,,one_to_one,False
NKAIN4,Nkain4,,one_to_one,False
UBE2B,Ube2b,Ube2b,one_to_one,True
FNBP1L,Fnbp1l,,one_to_one,False
SGCG,Sgcg,,one_to_one,False
IMPA1,Impa1,Impa1,one_to_one,True
GPN1,Gpn1,Gpn1,one_to_one,True
WDR54,Wdr54,,one_to_one,False
EMP2,Emp2,,one_to_one,False
ME2,Me2,Me2,one_to_one,True
DIAPH3,Diaph3,Diaph3,one_to_one,True
TK2,Tk2,Tk2,one_to_one,True
YPEL1,Ypel1,Ypel1,one_to_one,True
MPHOSPH6,Mphosph6,Mphosph6,one_to_one,True
TRAPPC1,Trappc1,Trappc1,one_to_one,True
MRPS27,Mrps27,Mrps27,one_to_one,True
RNPEP,Rnpep,Rnpep,one_to_one,True
SREK1,Srek1,Srek1,one_to_one,True
HSPBAP1,Hspbap1,Hspbap1,one_to_one,True
NICN1,Nicn1,,one_to_one,False
CDKL1,Cdkl1,,one_to_one,False
TRAPPC3,Trappc3,Trappc3,one_to_one,True
TRAPPC3L,Trappc3l,,one_to_one,False
FAM120B,Fam120b,Fam120b,one_to_one,True
GCC1,Gcc1,Gcc1,one_to_one,True
TMEM18,Tmem18,Tmem18,one_to_one,True
RAB4B,Rab4b,Rab4b,one_to_one,True
MND1,Mnd1,,one_to_one,False
DPM1,Dpm1,Dpm1,one_to_one,True
ZMAT5,Zmat5,Zmat5,one_to_one,True
TMEM223,Tmem223,Tmem223,one_to_one,True
CKS1B,Cks1b,Cks1b,one_to_one,True
ARF4,Arf4,Arf4,one_to_one,True
CEP57L1,Cep57l1,Cep57l1,one_to_one,True
CCDC12,Ccdc12,Ccdc12,one_to_one,True
MFSD6L,Mfsd6l,,one_to_one,False
LPAR2,Lpar2,Lpar2,one_to_one,True
COMMD7,Commd7,Commd7,one_to_one,True
FAM199X,Fam199x,Fam199x,one_to_one,True
NUDT10,Nudt10,,ambiguous_orthology,False
NUDT11,Nudt10,,ambiguous_orthology,False
NUDT10,Nudt11,,ambiguous_orthology,False
NUDT11,Nudt11,,ambiguous_orthology,False
NUDT4,Nudt4,Nudt4,one_to_one,True
PIBF1,Pibf1,Pibf1,one_to_one,True
RNF114,Rnf114,Rnf114,one_to_one,True
MZT2A,Mzt2,Mzt2,ambiguous_orthology,False
MZT2B,Mzt2,Mzt2,ambiguous_orthology,False
FBP2,Fbp2,,one_to_one,False
SURF2,Surf2,Surf2,one_to_one,True
LCMT1,Lcmt1,Lcmt1,one_to_one,True
ASB1,Asb1,Asb1,one_to_one,True
LCTL,Lctl,,one_to_one,False
NXPH1,Nxph1,,one_to_one,False
CTU2,Ctu2,Ctu2,one_to_one,True
BOLA1,Bola1,Bola1,one_to_one,True
TMEM230,Tmem230,Tmem230,one_to_one,True
TCF25,Tcf25,Tcf25,one_to_one,True
COMMD5,Commd5,,one_to_one,False
LSM1,Lsm1,Lsm1,one_to_one,True
LRRC1,Lrrc1,Lrrc1,one_to_one,True
REEP6,Reep6,,one_to_one,False
KCNIP1,Kcnip1,,one_to_one,False
GALK1,Galk1,Galk1,one_to_one,True
RUNDC3B,Rundc3b,Rundc3b,one_to_one,True
CSNK1G1,Csnk1g1,Csnk1g1,one_to_one,True
BUB3,Bub3,Bub3,one_to_one,True
ARSA,Arsa,Arsa,one_to_one,True
CPPED1,Cpped1,Cpped1,one_to_one,True
ILRUN,Ilrun,Ilrun,one_to_one,True
SNF8,Snf8,Snf8,one_to_one,True
DOLPP1,Dolpp1,Dolpp1,one_to_one,True
YTHDC1,Ythdc1,Ythdc1,one_to_one,True
CYB561D2,Cyb561d2,Cyb561d2,one_to_one,True
FUBP3,Fubp3,Fubp3,one_to_one,True
MNAT1,Mnat1,Mnat1,one_to_one,True
BAZ2A,Baz2a,Baz2a,one_to_one,True
CDK5,Cdk5,Cdk5,one_to_one,True
THG1L,Thg1l,Thg1l,one_to_one,True
DERA,Dera,Dera,one_to_one,True
BORA,Bora,Bora,one_to_one,True
STX17,Stx17,Stx17,one_to_one,True
THOC6,Thoc6,Thoc6,one_to_one,True
SCP2D1,Scp2d1,,one_to_one,False
CDADC1,Cdadc1,Cdadc1,one_to_one,True
ALG14,Alg14,Alg14,one_to_one,True
SPDYA,Spdya,,one_to_one,False
NIT1,Nit1,Nit1,one_to_one,True
FN3KRP,Fn3krp,,one_to_one,False
FN3K,Fn3k,,one_to_one,False
DHCR24,Dhcr24,Dhcr24,one_to_one,True
PHYHD1,Phyhd1,,one_to_one,False
BMP2K,Bmp2k,Bmp2k,one_to_one,True
ORMDL3,Ormdl3,Ormdl3,one_to_one,True
SLC37A1,Slc37a1,Slc37a1,one_to_one,True
HAUS5,Haus5,Haus5,one_to_one,True
SHLD3,Shld3,Shld3,one_to_one,True
GINS1,Gins1,Gins1,one_to_one,True
AP1S3,Ap1s3,Ap1s3,one_to_one,True
TBC1D22A,Tbc1d22a,Tbc1d22a,one_to_one,True
TPK1,Tpk1,Tpk1,one_to_one,True
ANGPTL7,Angptl7,,one_to_one,False
ACOT8,Acot8,Acot8,one_to_one,True
TLCD1,Tlcd1,Tlcd1,one_to_one,True
KATNAL1,Katnal1,Katnal1,one_to_one,True
CADM4,Cadm4,,one_to_one,False
NSUN4,Nsun4,Nsun4,one_to_one,True
NUDT22,Nudt22,Nudt22,one_to_one,True
ECH1,Ech1,Ech1,one_to_one,True
CCPG1,Ccpg1,Ccpg1,one_to_one,True
CRADD,Cradd,Cradd,one_to_one,True
NXNL2,Nxnl2,,one_to_one,False
PIH1D2,Pih1d2,,one_to_one,False
SVOPL,Svopl,,one_to_one,False
DUSP14,Dusp14,,one_to_one,False
XKRX,Xkrx,Xkrx,one_to_one,True
RBM41,Rbm41,Rbm41,one_to_one,True
WDFY1,Wdfy1,Wdfy1,one_to_one,True
TRIP10,Trip10,Trip10,one_to_one,True
LRRC23,Lrrc23,,one_to_one,False
ANXA9,Anxa9,,one_to_one,False
PACRG,Pacrg,,one_to_one,False
SPIC,Spic,,one_to_one,False
TMPRSS2,Tmprss2,,one_to_one,False
DRAM1,Dram1,,one_to_one,False
STYXL1,Styxl1,,one_to_one,False
CMSS1,Cmss1,Cmss1,one_to_one,True
DEF8,Def8,Def8,one_to_one,True
DHTKD1,Dhtkd1,,one_to_one,False
EMX1,Emx1,,one_to_one,False
FKBP2,Fkbp2,Fkbp2,one_to_one,True
DGCR6L,Dgcr6,Dgcr6,ambiguous_orthology,False
DGCR6,Dgcr6,Dgcr6,ambiguous_orthology,False
TECTB,Tectb,,one_to_one,False
CNIH2,Cnih2,,one_to_one,False
UXT,Uxt,Uxt,one_to_one,True
TPRKB,Tprkb,Tprkb,one_to_one,True
GSTO2,Gsto2,,one_to_one,False
LYPD6,Lypd6,,one_to_one,False
ISLR2,Islr2,,one_to_one,False
ISLR,Islr,,one_to_one,False
CUTC,Cutc,Cutc,one_to_one,True
ACOT7,Acot7,Acot7,one_to_one,True
CITED2,Cited2,Cited2,one_to_one,True
CD151,Cd151,Cd151,one_to_one,True
HSPB7,Hspb7,,one_to_one,False
PCNP,Pcnp,Pcnp,one_to_one,True
NEXN,Nexn,,one_to_one,False
RALY,Raly,Raly,one_to_one,True
ADPRHL1,Adprhl1,,one_to_one,False
RNF24,Rnf24,,one_to_one,False
TRAPPC6B,Trappc6b,Trappc6b,one_to_one,True
FHL2,Fhl2,Fhl2,one_to_one,True
SLC25A44,Slc25a44,Slc25a44,one_to_one,True
MVK,Mvk,Mvk,one_to_one,True
MAP2,Map2,,one_to_one,False
CSAD,Csad,Csad,one_to_one,True
SMYD5,Smyd5,Smyd5,one_to_one,True
SCAMP3,Scamp3,Scamp3,one_to_one,True
ARMC1,Armc1,Armc1,one_to_one,True
RLIG1,Rlig1,4930430F08Rik,one_to_one,True
CCND3,Ccnd3,Ccnd3,one_to_one,True
SAMM50,Samm50,Samm50,one_to_one,True
MPV17L2,Mpv17l2,Mpv17l2,one_to_one,True
SPIRE2,Spire2,,one_to_one,False
DSCC1,Dscc1,Dscc1,one_to_one,True
C1D,C1d,C1d,one_to_one,True
POLR2I,Polr2i,Polr2i,one_to_one,True
ARHGEF39,Arhgef39,,one_to_one,False
PEX10,Pex10,Pex10,one_to_one,True
RPIA,Rpia,Rpia,one_to_one,True
AP1M2,Ap1m2,,one_to_one,False
MYD88,Myd88,Myd88,one_to_one,True
METTL8,Mettl8,Mettl8,one_to_one,True
MRPL17,Mrpl17,Mrpl17,one_to_one,True
PEX7,Pex7,Pex7,one_to_one,True
NEIL3,Neil3,,one_to_one,False
CDC42EP2,Cdc42ep2,,one_to_one,False
PCED1B,Pced1b,Pced1b,one_to_one,True
PCED1A,Pced1a,Pced1a,one_to_one,True
TMEM248,Tmem248,Tmem248,one_to_one,True
YIF1B,Yif1b,Yif1b,one_to_one,True
RDM1,Rdm1,Rdm1,one_to_one,True
ASRGL1,Asrgl1,Asrgl1,one_to_one,True
SUMF2,Sumf2,Sumf2,one_to_one,True
FBLN5,Fbln5,,one_to_one,False
SAA2,Saa2,,ambiguous_orthology,False
SAA1,Saa2,,ambiguous_orthology,False
SAA3P,Saa3,,ambiguous_orthology,False
SAA2,Saa3,,ambiguous_orthology,False
SAA1,Saa3,,ambiguous_orthology,False
SAA4,Saa4,,one_to_one,False
SAA2,Saa1,,ambiguous_orthology,False
SAA1,Saa1,,ambiguous_orthology,False
TTR,Ttr,,one_to_one,False
HAAO,Haao,,one_to_one,False
COX6A2,Cox6a2,,one_to_one,False
C1QC,C1qc,,one_to_one,False
TTC36,Ttc36,,one_to_one,False
TM7SF2,Tm7sf2,Tm7sf2,one_to_one,True
APIP,Apip,Apip,one_to_one,True
STAM2,Stam2,Stam2,one_to_one,True
NAA11,Txnl4a,Txnl4a,ambiguous_orthology,False
TXNL4A,Txnl4a,Txnl4a,ambiguous_orthology,False
METTL1,Mettl1,Mettl1,one_to_one,True
UCK1,Uck1,Uck1,one_to_one,True
COPE,Cope,Cope,one_to_one,True
PRRG1,Prrg1,Prrg1,one_to_one,True
ARL2,Arl2,Arl2,one_to_one,True
IMPACT,Impact,Impact,one_to_one,True
CDH6,Cdh6,,one_to_one,False
IFT20,Ift20,Ift20,one_to_one,True
C11orf68,AI837181,AI837181,one_to_one,True
ADRA1B,Adra1b,,one_to_one,False
SLC7A2,Slc7a2,,one_to_one,False
STEEP1,Steep1,C330007P06Rik,one_to_one,True
LRRC20,Lrrc20,Lrrc20,one_to_one,True
ASPDH,Aspdh,,one_to_one,False
CRIP1,Crip1,Crip1,one_to_one,True
PHLDA1,Phlda1,Phlda1,one_to_one,True
BFSP2,Bfsp2,,one_to_one,False
MRPL53,Mrpl53,Mrpl53,one_to_one,True
HINT1,Hint1,Hint1,one_to_one,True
COX17,Cox17,Cox17,one_to_one,True
COMMD3,Commd3,Commd3,one_to_one,True
NDUFS6,Ndufs6,Ndufs6,one_to_one,True
PITX3,Pitx3,,one_to_one,False
FANCG,Fancg,Fancg,one_to_one,True
MTX3,Mtx3,Mtx3,one_to_one,True
NIT2,Nit2,Nit2,one_to_one,True
VTI1A,Vti1a,Vti1a,one_to_one,True
NSMCE4A,Nsmce4a,Nsmce4a,one_to_one,True
EID3,Eid3,Eid3,one_to_one,True
TMEM127,Tmem127,Tmem127,one_to_one,True
C1QA,C1qa,,one_to_one,False
RCL1,Rcl1,Rcl1,one_to_one,True
TSEN54,Tsen54,Tsen54,one_to_one,True
CTBS,Ctbs,Ctbs,one_to_one,True
MRPL13,Mrpl13,Mrpl13,one_to_one,True
RTBDN,Rtbdn,,one_to_one,False
POLR2B,Polr2b,Polr2b,one_to_one,True
LRIT2,Lrit2,,one_to_one,False
PCBP3,Pcbp3,Pcbp3,one_to_one,True
PHACTR3,Phactr3,,one_to_one,False
INTS2,Ints2,Ints2,one_to_one,True
CABP5,Cabp5,,one_to_one,False
CRYBA4,Cryba4,,one_to_one,False
WBP2,Wbp2,Wbp2,one_to_one,True
ATP6V0E2,Atp6v0e2,,one_to_one,False
IRX6,Irx6,,one_to_one,False
NEU4,Neu4,,one_to_one,False
TPD52L1,Tpd52l1,,one_to_one,False
PIN4,Pin4,Pin4,one_to_one,True
GSR,Gsr,Gsr,one_to_one,True
OVCA2,Ovca2,Ovca2,one_to_one,True
PCYT1A,Pcyt1a,Pcyt1a,one_to_one,True
SRRM2,Srrm2,Srrm2,one_to_one,True
MRPS17,Mrps17,Mrps17,one_to_one,True
ECHDC1,Echdc1,Echdc1,one_to_one,True
SPRING1,Spring1,2410131K14Rik,one_to_one,True
ZBTB8B,Zbtb8b,,one_to_one,False
RRP7A,Rrp7a,Rrp7a,ambiguous_orthology,False
RRP7BP,Rrp7a,Rrp7a,ambiguous_orthology,False
TMEM11,Tmem11,Tmem11,one_to_one,True
CHODL,Chodl,,one_to_one,False
NOXA1,Noxa1,,one_to_one,False
HIKESHI,Hikeshi,Hikeshi,one_to_one,True
DPF1,Dpf1,,one_to_one,False
ASPSCR1,Aspscr1,Aspscr1,one_to_one,True
REEP2,Reep2,,one_to_one,False
GFRA1,Gfra1,,one_to_one,False
SLC35E4,Slc35e4,,one_to_one,False
FAIM2,Faim2,,one_to_one,False
CBX7,Cbx7,Cbx7,one_to_one,True
MECR,Mecr,Mecr,one_to_one,True
NDUFC2,Ndufc2,Ndufc2,ambiguous_orthology,False
NDUFC2-KCTD14,Ndufc2,Ndufc2,ambiguous_orthology,False
RGS16,Rgs16,,one_to_one,False
ACTL6B,Actl6b,,one_to_one,False
TRH,Trh,,one_to_one,False
CHMP4C,Chmp4c,,one_to_one,False
NUDT18,Nudt18,Nudt18,one_to_one,True
RASL11A,Rasl11a,,one_to_one,False
HDDC3,Hddc3,Hddc3,one_to_one,True
GM2A,Gm2a,Gm2a,one_to_one,True
CTNS,Ctns,Ctns,one_to_one,True
IMPA2,Impa2,Impa2,one_to_one,True
PHYH,Phyh,Phyh,one_to_one,True
GABRA4,Gabra4,,one_to_one,False
ALAD,Alad,Alad,one_to_one,True
SLC38A11,Slc38a11,,one_to_one,False
DCTD,Dctd,Dctd,one_to_one,True
FIGN,Fign,,one_to_one,False
ASB6,Asb6,Asb6,one_to_one,True
PRRG4,Prrg4,Prrg4,one_to_one,True
ASB4,Asb4,,one_to_one,False
PCYOX1,Pcyox1,Pcyox1,one_to_one,True
GSTCD,Gstcd,Gstcd,one_to_one,True
CDK10,Cdk10,Cdk10,one_to_one,True
TMEM256,Tmem256,Tmem256,one_to_one,True
LYPLA1,Lypla1,Lypla1,one_to_one,True
RAB23,Rab23,Rab23,one_to_one,True
FAM131C,Fam131c,,one_to_one,False
JMJD7,Jmjd7,Jmjd7,one_to_one,True
RHBDD1,Rhbdd1,Rhbdd1,one_to_one,True
ABHD4,Abhd4,Abhd4,one_to_one,True
KLHL36,Klhl36,Klhl36,one_to_one,True
ACER1,Acer1,,one_to_one,False
FCF1,Fcf1,Fcf1,one_to_one,True
POLR2H,Polr2h,Polr2h,one_to_one,True
DNAAF2,Dnaaf2,Dnaaf2,one_to_one,True
MRPS33,Mrps33,Mrps33,one_to_one,True
COX16,Cox16,Cox16,one_to_one,True
SPATA6,Spata6,Spata6,one_to_one,True
RFC5,Rfc5,Rfc5,one_to_one,True
GNG8,Gng8,,one_to_one,False
EFCAB11,Efcab11,,one_to_one,False
BDH2,Bdh2,,one_to_one,False
SSBP1,Ssbp1,Ssbp1,one_to_one,True
HDHD2,Hdhd2,Hdhd2,one_to_one,True
POLE4,Pole4,Pole4,one_to_one,True
ZNF750,Zfp750,,one_to_one,False
CAPSL,Capsl,,one_to_one,False
IGLON5,Iglon5,,one_to_one,False
NIP7,Nip7,Nip7,one_to_one,True
PLGRKT,Plgrkt,Plgrkt,one_to_one,True
LACTB,Lactb,Lactb,one_to_one,True
TMEM128,Tmem128,Tmem128,one_to_one,True
DERL2,Derl2,Derl2,one_to_one,True
DNAJB9,Dnajb9,Dnajb9,one_to_one,True
PHLDA2,Phlda2,,one_to_one,False
NECAP2,Necap2,Necap2,one_to_one,True
WIF1,Wif1,,one_to_one,False
SLC29A2,Slc29a2,,one_to_one,False
METTL21A,Mettl21a,Mettl21a,one_to_one,True
RNF152,Rnf152,,one_to_one,False
QTMAN,Qtman,Gtdc1,one_to_one,True
B4GALT7,B4galt7,B4galt7,one_to_one,True
FOXN2,Foxn2,Foxn2,one_to_one,True
TRIM13,Trim13,Trim13,one_to_one,True
GTF2A2,Gtf2a2,Gtf2a2,one_to_one,True
SCHIP1,Schip1,,one_to_one,False
IQCJ-SCHIP1,Iqschfp,,one_to_one,False
POP4,Pop4,Pop4,one_to_one,True
METTL2B,Mettl2,Mettl2,ambiguous_orthology,False
METTL2A,Mettl2,Mettl2,ambiguous_orthology,False
GDI1,Gdi1,Gdi1,one_to_one,True
EI24,Ei24,Ei24,one_to_one,True
COMMD10,Commd10,Commd10,one_to_one,True
PHKG1,Phkg1,,one_to_one,False
TMEM120B,Tmem120b,Tmem120b,one_to_one,True
GMPR,Gmpr,,one_to_one,False
RECQL,Recql,Recql,one_to_one,True
CHRNA5,Chrna5,,one_to_one,False
CROT,Crot,Crot,one_to_one,True
MED4,Med4,Med4,one_to_one,True
TRMT112,Trmt112,Trmt112,one_to_one,True
BARX1,Barx1,,one_to_one,False
ANAPC16,Anapc16,Anapc16,one_to_one,True
TMA16,Tma16,Tma16,one_to_one,True
MRPS7,Mrps7,Mrps7,one_to_one,True
ITPRIP,Itprip,Itprip,one_to_one,True
SHISA4,Shisa4,,one_to_one,False
GNPDA1,Gnpda1,Gnpda1,one_to_one,True
FPGT,Fpgt,Fpgt,one_to_one,True
SPIN4,Spin4,,one_to_one,False
DPH1,Dph1,,one_to_one,False
OARD1,Oard1,Oard1,one_to_one,True
MRPS25,Mrps25,Mrps25,one_to_one,True
EXOSC7,Exosc7,Exosc7,one_to_one,True
ANKRD49,Ankrd49,Ankrd49,one_to_one,True
EIF3K,Eif3k,Eif3k,one_to_one,True
PMPCB,Pmpcb,Pmpcb,one_to_one,True
ABHD18,Abhd18,Abhd18,one_to_one,True
PFDN1,Pfdn1,Pfdn1,one_to_one,True
FBXL22,Fbxl22,,one_to_one,False
GNB1L,Gnb1l,Gnb1l,one_to_one,True
COG8,Cog8,Cog8,one_to_one,True
VPS33B,Vps33b,Vps33b,one_to_one,True
RFC2,Rfc2,Rfc2,one_to_one,True
MAN2B1,Man2b1,Man2b1,one_to_one,True
GLB1,Glb1,Glb1,one_to_one,True
HIBCH,Hibch,Hibch,one_to_one,True
POLR1H,Polr1h,Znrd1,one_to_one,True
ERCC5,Ercc5,Ercc5,one_to_one,True
WARS2,Wars2,Wars2,one_to_one,True
BSCL2,Bscl2,Bscl2,one_to_one,True
THAP3,Thap3,Thap3,one_to_one,True
SPATA4,Spata4,,one_to_one,False
PTN,Ptn,,one_to_one,False
NUP205,Nup205,Nup205,one_to_one,True
B4GALT1,B4galt1,B4galt1,one_to_one,True
PDCD7,Pdcd7,Pdcd7,one_to_one,True
INTS8,Ints8,Ints8,one_to_one,True
IL1B,Il1b,,one_to_one,False
SLC25A19,Slc25a19,Slc25a19,one_to_one,True
TAL2,Tal2,,one_to_one,False
TEKT2,Tekt2,,one_to_one,False
SLIT3,Slit3,,one_to_one,False
RAB12,Rab12,Rab12,one_to_one,True
NANP,Nanp,Nanp,one_to_one,True
BANP,Banp,Banp,one_to_one,True
NDUFS5,Ndufs5,Ndufs5,one_to_one,True
ATG4A,Atg4a-ps,,one_to_one,False
ATG4A,Atg4a,Atg4a,one_to_one,True
HOMER2,Homer2,,one_to_one,False
ARL6IP4,Arl6ip4,Arl6ip4,one_to_one,True
BLOC1S2,Bloc1s2,Bloc1s2,one_to_one,True
CNOT6L,Cnot6l,Cnot6l,one_to_one,True
ERI2,Eri2,Eri2,one_to_one,True
OSR2,Osr2,,one_to_one,False
DAPP1,Dapp1,Dapp1,one_to_one,True
SNRNP25,Snrnp25,Snrnp25,one_to_one,True
CYB5D1,Cyb5d1,Cyb5d1,one_to_one,True
GALNT7,Galnt7,Galnt7,one_to_one,True
TMED8,Tmed8,Tmed8,one_to_one,True
CIB1,Cib1,Cib1,one_to_one,True
RHOD,Rhod,Rhod,one_to_one,True
RHOF,Rhof,Rhof,one_to_one,True
NUDT12,Nudt12,,one_to_one,False
FAM221A,Fam221a,Fam221a,one_to_one,True
TRIAP1,Triap1,Triap1,one_to_one,True
WDR38,Wdr38,,one_to_one,False
MORN5,Morn5,,one_to_one,False
GPR157,Gpr157,,one_to_one,False
CYSLTR1,Cysltr1,Cysltr1,one_to_one,True
SYT13,Syt13,,one_to_one,False
GOSR1,Gosr1,Gosr1,one_to_one,True
DNAJC28,Dnajc28,,one_to_one,False
WDR73,Wdr73,Wdr73,one_to_one,True
COPS6,Cops6,Cops6,one_to_one,True
HEXA,Hexa,Hexa,one_to_one,True
MRPL30,Mrpl30,Mrpl30,one_to_one,True
GRAP2,Grap2,Grap2,one_to_one,True
SS18L2,Ss18l2,Ss18l2,one_to_one,True
TMEM243,Tmem243,Tmem243,one_to_one,True
RFESD,Rfesd,Rfesd,one_to_one,True
CLDN19,Cldn19,,one_to_one,False
PECR,Pecr,Pecr,one_to_one,True
LPCAT2BP,Lpcat2b,,one_to_one,False
LPCAT2,Lpcat2,Lpcat2,one_to_one,True
PBLD,Pbld2,,one_to_one,False
PBLD,Pbld1,,one_to_one,False
MPPE1,Mppe1,Mppe1,one_to_one,True
DPH3P1,Dph3,Dph3,ambiguous_orthology,False
DPH3,Dph3,Dph3,ambiguous_orthology,False
RAVER1,Raver1,,one_to_one,False
SETD4,Setd4,Setd4,one_to_one,True
GDA,Gda,,one_to_one,False
NDUFS4,Ndufs4,Ndufs4,one_to_one,True
SRP14,Srp14,Srp14,one_to_one,True
ITGBL1,Itgbl1,,one_to_one,False
POLR2L,Polr2l,Polr2l,one_to_one,True
GLOD5,Glod5,,one_to_one,False
PRDX5,Prdx5,Prdx5,one_to_one,True
MRPL27,Mrpl27,Mrpl27,one_to_one,True
STX18,Stx18,Stx18,one_to_one,True
MRPS24,Mrps24,Mrps24,one_to_one,True
SNRNP35,Snrnp35,Snrnp35,one_to_one,True
NDUFA2,Ndufa2,Ndufa2,one_to_one,True
IGSF21,Igsf21,,one_to_one,False
MCEE,Mcee,Mcee,one_to_one,True
B3GALNT2,B3galnt2,B3galnt2,one_to_one,True
CORO7,Coro7,Coro7,one_to_one,True
VKORC1L1,Vkorc1l1,Vkorc1l1,one_to_one,True
MRPL41,Mrpl41,Mrpl41,one_to_one,True
WBP4,Wbp4,Wbp4,one_to_one,True
HIGD2B,Higd2a,Higd2a,ambiguous_orthology,False
HIGD2A,Higd2a,Higd2a,ambiguous_orthology,False
STK16,Stk16,Stk16,one_to_one,True
GTPBP3,Gtpbp3,Gtpbp3,one_to_one,True
ALG3,Alg3,Alg3,one_to_one,True
RAD52,Rad52,Rad52,one_to_one,True
PTCD2,Ptcd2,Ptcd2,one_to_one,True
ASCC1,Ascc1,Ascc1,one_to_one,True
PSPH,Psph,Psph,one_to_one,True
SNX30,Snx30,Snx30,one_to_one,True
FRG1,Frg1,Frg1,one_to_one,True
CCS,Ccs,Ccs,one_to_one,True
LEPROT,Leprot,Leprot,one_to_one,True
TSLIG1,Zbtb8os,Zbtb8os,one_to_one,True
STARD4,Stard4,Stard4,one_to_one,True
PPIE,Ppie,Ppie,one_to_one,True
NSDHL,Nsdhl,Nsdhl,one_to_one,True
IRAK1BP1,Irak1bp1,,one_to_one,False
FBXO3,Fbxo3,Fbxo3,one_to_one,True
CPB2,Cpb2,,one_to_one,False
POLR1E,Polr1e,Polr1e,one_to_one,True
EED,Eed,Eed,one_to_one,True
DHRS7B,Dhrs7b,Dhrs7b,one_to_one,True
PDRG1,Pdrg1,Pdrg1,one_to_one,True
NDUFS3,Ndufs3,Ndufs3,one_to_one,True
ZNHIT1,Znhit1,Znhit1,one_to_one,True
MRPL10,Mrpl10,Mrpl10,one_to_one,True
HSPB2,Hspb2,,one_to_one,False
DUSP22,Dusp22,Dusp22,one_to_one,True
PTRH1,Ptrh1,Ptrh1,one_to_one,True
AGTR2,Agtr2,,one_to_one,False
RMND1,Rmnd1,Rmnd1,one_to_one,True
PIM3,Pim3,Pim3,one_to_one,True
ABCB8,Abcb8,Abcb8,one_to_one,True
PPP1R13L,Ppp1r13l,,one_to_one,False
C1QTNF1,C1qtnf1,,one_to_one,False
CDCP1,Cdcp1,,one_to_one,False
SH3D19,Sh3d19,Sh3d19,one_to_one,True
CAP2,Cap2,Cap2,one_to_one,True
MTRF1,Mtrf1,Mtrf1,one_to_one,True
PTPN18,Ptpn18,Ptpn18,one_to_one,True
FSIP1,Fsip1,,one_to_one,False
RTEL1,Rtel1,Rtel1,one_to_one,True
ARFRP1,Arfrp1,Arfrp1,one_to_one,True
SNX13,Snx13,Snx13,one_to_one,True
TRPT1,Trpt1,Trpt1,one_to_one,True
RBBP8,Rbbp8,Rbbp8,one_to_one,True
CHTF18,Chtf18,Chtf18,one_to_one,True
FAM241A,Fam241a,Fam241a,one_to_one,True
FAM219B,Fam219b,Fam219b,one_to_one,True
TTC14,Ttc14,Ttc14,one_to_one,True
TCP11L1,Tcp11l1,,one_to_one,False
MORN4,Morn4,,one_to_one,False
ENPP4,Enpp4,Enpp4,one_to_one,True
SERTAD3,Sertad3,Sertad3,one_to_one,True
SERTAD1,Sertad1,Sertad1,one_to_one,True
HSF4,Hsf4,Hsf4,one_to_one,True
NALCN,Nalcn,,one_to_one,False
ANKRD13B,Ankrd13b,Ankrd13b,one_to_one,True
MFSD11,Mfsd11,Mfsd11,one_to_one,True
ETNK2,Etnk2,,one_to_one,False
SUGCT,Sugct,,one_to_one,False
DGAT2,Dgat2,,one_to_one,False
ASTN1,Astn1,,one_to_one,False
CCDC174,Ccdc174,Ccdc174,one_to_one,True
BMP6,Bmp6,,one_to_one,False
SMG5,Smg5,Smg5,one_to_one,True
GSTZ1,Gstz1,Gstz1,one_to_one,True
RPS29,Rps29,Rps29,one_to_one,True
ATG14,Atg14,Atg14,one_to_one,True
GSG1L,Gsg1l,,one_to_one,False
SMIM19,Smim19,Smim19,one_to_one,True
AGFG2,Agfg2,Agfg2,one_to_one,True
CCDC22,Ccdc22,Ccdc22,one_to_one,True
UBE2S,Ube2s,Ube2s,one_to_one,True
UBE2S,Ube2srt,,one_to_one,True
DUSP12,Dusp12,Dusp12,one_to_one,True
TSNAX,Tsnax,Tsnax,one_to_one,True
PEX11G,Pex11g,Pex11g,one_to_one,True
RAB33B,Rab33b,Rab33b,one_to_one,True
DCBLD1,Dcbld1,,one_to_one,False
ERGIC1,Ergic1,Ergic1,one_to_one,True
SLC25A29,Slc25a29,Slc25a29,one_to_one,True
RNF11,Rnf11,Rnf11,one_to_one,True
FBXL18,Fbxl18,Fbxl18,one_to_one,True
ZMAT1,Zmat1,Zmat1,one_to_one,True
TOR2A,Tor2a,Tor2a,one_to_one,True
MRPL44,Mrpl44,Mrpl44,one_to_one,True
BAG5,Bag5,Bag5,one_to_one,True
CCDC77,Ccdc77,Ccdc77,one_to_one,True
NUDT17,Nudt17,,one_to_one,False
CCNH,Ccnh,Ccnh,one_to_one,True
RAB27A,Rab27a,Rab27a,one_to_one,True
SNX24,Snx24,,one_to_one,False
IDI1,Idi1,Idi1,one_to_one,True
PDF,Pdf,,one_to_one,False
TMEM106B,Tmem106b,Tmem106b,one_to_one,True
AASDHPPT,Aasdhppt,Aasdhppt,one_to_one,True
MIOX,Miox,,one_to_one,False
BORCS7,Borcs7,Borcs7,one_to_one,True
NDUFA5,Ndufa5,Ndufa5,one_to_one,True
BMERB1,Bmerb1,,one_to_one,False
ACBD7,Acbd7,,one_to_one,False
E4F1,E4f1,E4f1,one_to_one,True
CRYGN,Crygn,,one_to_one,False
TLR3,Tlr3,,one_to_one,False
PHYKPL,Phykpl,Phykpl,one_to_one,True
DZIP1L,Dzip1l,,one_to_one,False
SREK1IP1,Srek1ip1,Srek1ip1,one_to_one,True
GDF9,Gdf9,,one_to_one,False
NUMBL,Numbl,Numbl,one_to_one,True
TFR2,Tfr2,,one_to_one,False
TBCE,Tbce,Tbce,one_to_one,True
PM20D1,Pm20d1,,one_to_one,False
GAMT,Gamt,,one_to_one,False
CENPM,Cenpm,Cenpm,one_to_one,True
CA14,Ca14,,one_to_one,False
TRMT6,Trmt6,Trmt6,one_to_one,True
TAMM41,Tamm41,Tamm41,one_to_one,True
SOX14,Sox14,,one_to_one,False
SMYD3,Smyd3,Smyd3,one_to_one,True
GPR55,Gpr55,Gpr55,one_to_one,True
LTAP1,Ltap1,4933434E20Rik,one_to_one,True
TMEM150B,Tmem150b,,one_to_one,False
PPIL1,Ppil1,Ppil1,one_to_one,True
TXNL4B,Txnl4b,Txnl4b,one_to_one,True
SPPL2A,Sppl2a,Sppl2a,one_to_one,True
ACOT9,Acot10,,one_to_one,True
EEFSEC,Eefsec,Eefsec,one_to_one,True
DCDC2B,Dcdc2b,,one_to_one,False
DCDC2,Dcdc2a,,one_to_one,False
CCDC92,Ccdc92,Ccdc92,one_to_one,True
EXO5,Exo5,Exo5,one_to_one,True
PRIMPOL,Primpol,Primpol,one_to_one,True
THNSL2,Thnsl2,,one_to_one,False
MNMIP1,Mnmip1,,one_to_one,False
ABHD13,Abhd13,Abhd13,one_to_one,True
SNX2,Snx2,Snx2,one_to_one,True
RPL22,Rpl22,Rpl22,one_to_one,True
NAGA,Naga,Naga,one_to_one,True
NUBP2,Nubp2,Nubp2,one_to_one,True
GOLPH3L,Golph3l,Golph3l,one_to_one,True
KATNAL2,Katnal2,,one_to_one,False
MYEF2,Myef2,Myef2,one_to_one,True
GRPEL1,Grpel1,Grpel1,one_to_one,True
ITGAV,Itgav,Itgav,one_to_one,True
CYP1B1,Cyp1b1,,one_to_one,False
NRL,Nrl,,one_to_one,False
USP51,Usp51,,one_to_one,False
USP27X,Usp27x,,one_to_one,False
USP22,Usp22,Usp22,one_to_one,True
ELOVL2,Elovl2,,one_to_one,False
EMG1,Emg1,Emg1,one_to_one,True
POU2F3,Pou2f3,,one_to_one,False
LUC7L3,Luc7l3,Luc7l3,one_to_one,True
KRR1,Krr1,Krr1,one_to_one,True
MCPH1,Mcph1,Mcph1,one_to_one,True
NRAP,Nrap,,one_to_one,False
XKR9,Xkr9,,one_to_one,False
ST6GAL1,St6gal1,St6gal1,one_to_one,True
SUMF1,Sumf1,Sumf1,one_to_one,True
POLD3,Pold3,Pold3,one_to_one,True
APAF1,Apaf1,Apaf1,one_to_one,True
ABI2,Abi2,Abi2,one_to_one,True
QNG1,Qng1,2210016F16Rik,one_to_one,True
MGST2,Mgst2,Mgst2,one_to_one,True
FOXN3,Foxn3,Foxn3,one_to_one,True
CADM3,Cadm3,,one_to_one,False
THAP1,Thap1,Thap1,one_to_one,True
HOXB13,Hoxb13,,one_to_one,False
DMC1,Dmc1,,one_to_one,False
TCHP,Tchp,Tchp,one_to_one,True
CD8A,Cd8a,Cd8a,one_to_one,True
MYOC,Myoc,,one_to_one,False
MFNG,Mfng,Mfng,one_to_one,True
EGFL7,Egfl7,,one_to_one,False
EGFL8,Egfl8,Egfl8,one_to_one,True
DMRT1,Dmrt1,,one_to_one,False
LCK,Lck,Lck,one_to_one,True
PPIH,Ppih,Ppih,one_to_one,True
RAG2,Rag2,,one_to_one,False
ASB16,Asb16,,one_to_one,False
LGALSL,Lgalsl2,,one_to_one,True
DGKA,Dgka,Dgka,one_to_one,True
CCDC93,Ccdc93,Ccdc93,one_to_one,True
HYAL1,Hyal1,Hyal1,one_to_one,True
PCGF5,Pcgf5,Pcgf5,one_to_one,True
ST7,St7,St7,one_to_one,True
HORMAD2,Hormad2,,one_to_one,False
SULT4A1,Sult4a1,,one_to_one,False
GIPC3,Gipc3,,one_to_one,False
TTLL8,Ttll8,,one_to_one,False
TTLL3,Ttll3,Ttll3,one_to_one,True
FBXO8,Fbxo8,Fbxo8,one_to_one,True
MOB2,Mob2,Mob2,one_to_one,True
BRAT1,Brat1,Brat1,one_to_one,True
AVIL,Avil,,one_to_one,False
RELL2,Rell2,Rell2,one_to_one,True
COG4,Cog4,Cog4,one_to_one,True
SPTSSB,Sptssb,,one_to_one,False
ZBTB8A,Zbtb8a,Zbtb8a,one_to_one,True
KCTD7,Kctd7,,one_to_one,False
REC8,Rec8,Rec8,one_to_one,True
SLC43A3,Slc43a3,Slc43a3,one_to_one,True
ORMDL2,Ormdl2,Ormdl2,one_to_one,True
ING1,Ing1,Ing1,one_to_one,True
LIPT2,Lipt2,Lipt2,one_to_one,True
OLAH,Olah,,one_to_one,False
AS3MT,As3mt,As3mt,one_to_one,True
ZDHHC9,Zdhhc9,Zdhhc9,one_to_one,True
RPL32,Rpl32,Rpl32,one_to_one,True
HNRNPH3,Hnrnph3,Hnrnph3,one_to_one,True
MYCBP,Mycbp,Mycbp,one_to_one,True
EHF,Ehf,,one_to_one,False
PITX1,Pitx1,,one_to_one,False
HAL,Hal,,one_to_one,False
GMFG,Gmfg,Gmfg,one_to_one,True
MTFMT,Mtfmt,Mtfmt,one_to_one,True
FUT7,Fut7,Fut7,one_to_one,True
DNAJC1,Dnajc1,Dnajc1,one_to_one,True
TMX3,Tmx3,Tmx3,one_to_one,True
ZNRF2,Znrf2,Znrf2,one_to_one,True
UGGT1,Uggt1,Uggt1,one_to_one,True
TRAPPC2,Trappc2b,0610009B22Rik,one_to_one,True
TRAPPC2,Trappc2,Trappc2,one_to_one,True
COG7,Cog7,Cog7,one_to_one,True
CFAP126,Cfap126,,one_to_one,False
ZNHIT2,Znhit2,Znhit2,one_to_one,True
PIGS,Pigs,Pigs,one_to_one,True
TSGA10,Tsga10,Tsga10,one_to_one,True
PPP1R26,Ppp1r26,,one_to_one,False
BBS4,Bbs4,Bbs4,one_to_one,True
MRPS28,Mrps28,Mrps28,one_to_one,True
HPS3,Hps3,Hps3,one_to_one,True
SMG1,Smg1,Smg1,one_to_one,True
SYNE4,Syne4,,one_to_one,False
GEM,Gem,Gem,one_to_one,True
FAM168A,Fam168a,Fam168a,one_to_one,True
ARSK,Arsk,Arsk,one_to_one,True
DPEP1,Dpep1,,one_to_one,False
ESM1,Esm1,,one_to_one,False
DHRS11,Dhrs11,Dhrs11,one_to_one,True
HLF,Hlf,,one_to_one,False
SLC25A38,Slc25a38,Slc25a38,one_to_one,True
ABHD12B,Abhd12b,,one_to_one,False
ORC2,Orc2,Orc2,one_to_one,True
RNF32,Rnf32,,one_to_one,False
SENP8,Senp8,Senp8,one_to_one,True
BLVRA,Blvra,Blvra,one_to_one,True
TANK,Tank,Tank,one_to_one,True
NUDT8,Nudt8,Nudt8,one_to_one,True
RSPH10B2,Rsph10b,,ambiguous_orthology,False
RSPH10B,Rsph10b,,ambiguous_orthology,False
CATIP,Catip,,one_to_one,False
MORN2,Morn2,Morn2,one_to_one,True
VSIR,Vsir,Vsir,one_to_one,True
NXT2,Nxt2,Nxt2,one_to_one,True
NXT1,Nxt1,Nxt1,one_to_one,True
ME1,Me1,,one_to_one,False
TEFM,Tefm,Tefm,one_to_one,True
TMEM229B,Tmem229b,Tmem229b,one_to_one,True
RNF44,Rnf44,Rnf44,one_to_one,True
RABGGTA,Rabggta,Rabggta,one_to_one,True
ACTMAP,Actmap,BC024978,one_to_one,True
AMN1,Amn1,Amn1,one_to_one,True
TMEM86B,Tmem86b,Tmem86b,one_to_one,True
CTC1,Ctc1,Ctc1,one_to_one,True
DCAKD,Dcakd,Dcakd,one_to_one,True
CCDC61,Ccdc61,Ccdc61,one_to_one,True
MRPS9,Mrps9,Mrps9,one_to_one,True
COX7A1,Cox7a1,,one_to_one,False
NUCB1,Nucb1,Nucb1,one_to_one,True
FOXRED2,Foxred2,Foxred2,one_to_one,True
NARS2,Nars2,Nars2,one_to_one,True
SNAP47,Snap47,Snap47,one_to_one,True
TSSC4,Tssc4,Tssc4,one_to_one,True
NAT14,Nat14,,one_to_one,False
PPM1L,Ppm1l,Ppm1l,one_to_one,True
ST6GALNAC4,St6galnac4,St6galnac4,one_to_one,True
UHMK1,Uhmk1,Uhmk1,one_to_one,True
RFX3,Rfx3,Rfx3,one_to_one,True
EARS2,Ears2,Ears2,one_to_one,True
RPAIN,Rpain,Rpain,one_to_one,True
BTC,Btc,,one_to_one,False
PICK1,Pick1,Pick1,one_to_one,True
ARL9,Arl9,,one_to_one,False
KRTCAP2,Krtcap2,Krtcap2,one_to_one,True
KCTD2,Kctd2,Kctd2,one_to_one,True
ASB10,Asb10,,one_to_one,False
CCDC34,Ccdc34,Ccdc34,one_to_one,True
LYSMD1,Lysmd1,Lysmd1,one_to_one,True
RCSD1,Rcsd1,Rcsd1,one_to_one,True
SLC25A42,Slc25a42,Slc25a42,one_to_one,True
RNF225,Rnf225,,one_to_one,False
RNF183,Rnf183,,one_to_one,False
TMEM88,Tmem88,,one_to_one,False
COXFA4L3,Coxfa4l3,,one_to_one,False
MRPL32,Mrpl32,Mrpl32,one_to_one,True
BTD,Btd,Btd,one_to_one,True
LLGL1,Llgl1,Llgl1,one_to_one,True
NIPSNAP1,Nipsnap1,Nipsnap1,one_to_one,True
TRMT10B,Trmt10b,Trmt10b,one_to_one,True
GLYCTK,Glyctk,Glyctk,one_to_one,True
INO80B,Ino80b,Ino80b,one_to_one,True
VRTN,Vrtn,,one_to_one,False
TMEM106C,Tmem106c,Tmem106c,one_to_one,True
AGMAT,Agmat,,one_to_one,False
SNX21,Snx21,Snx21,one_to_one,True
TFAM,Tfam,Tfam,one_to_one,True
TMEM44,Tmem44,,one_to_one,False
WDR74,Wdr74,Wdr74,one_to_one,True
ABHD12,Abhd12,Abhd12,one_to_one,True
CCNB3,Ccnb3,,one_to_one,False
SAMD13,Samd13,Samd13,one_to_one,True
MRPL21,Mrpl21,Mrpl21,one_to_one,True
COQ6,Coq6,Coq6,one_to_one,True
UTP18,Utp18,Utp18,one_to_one,True
DDX28,Ddx28,Ddx28,one_to_one,True
SLC25A21,Slc25a21,,one_to_one,False
MRPS6,Mrps6,Mrps6,one_to_one,True
PEX11B,Pex11b,Pex11b,one_to_one,True
COA5,Coa5,Coa5,one_to_one,True
HEBP1,Hebp1,,one_to_one,False
DPCD,Dpcd,Gm17018,one_to_one,True
RNF182,Rnf182,,one_to_one,False
MRPL18,Mrpl18,Mrpl18,one_to_one,True
KCTD13,Kctd13,Kctd13,one_to_one,True
CUEDC1,Cuedc1,Cuedc1,one_to_one,True
ANAPC15,Anapc15,Anapc15,one_to_one,True
N4BP2,N4bp2,N4bp2,one_to_one,True
ZGLP1,Zglp1,,one_to_one,False
TRIM23,Trim23,Trim23,one_to_one,True
ABCD4,Abcd4,Abcd4,one_to_one,True
PPP1R35,Ppp1r35,Ppp1r35,one_to_one,True
ASPHD2,Asphd2,,one_to_one,False
SNAI3,Snai3,Snai3,one_to_one,True
TTLL11,Ttll11,,one_to_one,False
IBA57,Iba57,Iba57,one_to_one,True
COMMD4,Commd4,Commd4,one_to_one,True
GABRA1,Gabra1,,one_to_one,False
CNTN4,Cntn4,,one_to_one,False
KHDRBS2,Khdrbs2,,one_to_one,False
AVL9,Avl9,Avl9,one_to_one,True
HSPA12A,Hspa12a,,one_to_one,False
TSPAN14,Tspan14,Tspan14,one_to_one,True
WNT9A,Wnt9a,,one_to_one,False
PRKAR1B,Prkar1b,,one_to_one,False
ZNF76,Zfp523,Zfp523,one_to_one,True
DNAJB14,Dnajb14,Dnajb14,one_to_one,True
UBXN10,Ubxn10,,one_to_one,False
MRPS14,Mrps14,Mrps14,one_to_one,True
PTER,Pter,,one_to_one,False
MRPL35,Mrpl35,Mrpl35,one_to_one,True
FRMD7,Frmd7,,one_to_one,False
PPM1H,Ppm1h,Ppm1h,one_to_one,True
MRPS5,Mrps5,Mrps5,one_to_one,True
NXF5,Nxf2,,ambiguous_orthology,False
NXF2,Nxf2,,ambiguous_orthology,False
NXF2B,Nxf2,,ambiguous_orthology,False
NXF3,Nxf3,,one_to_one,False
NXF2,Nxf7,,ambiguous_orthology,False
NXF2B,Nxf7,,ambiguous_orthology,False
JOSD1,Josd1,Josd1,one_to_one,True
RBMS3,Rbms3,,one_to_one,False
ISOC1,Isoc1,Isoc1,one_to_one,True
RAB33A,Rab33a,,one_to_one,False
SPA17,Spa17,,one_to_one,False
CDK4,Cdk4,Cdk4,one_to_one,True
POMT1,Pomt1,Pomt1,one_to_one,True
TUSC2,Tusc2,Tusc2,one_to_one,True
SRRD,Srrd,Srrd,one_to_one,True
CLCN4,Clcn4,Clcn4,one_to_one,True
SRD5A1,Srd5a1,,one_to_one,False
SLC27A6,Slc27a6,Slc27a6,one_to_one,True
GPR146,Gpr146,Gpr146,one_to_one,True
RAB43,Rab43,Rab43,one_to_one,True
TMPPE,Tmppe,Tmppe,one_to_one,True
OS9,Os9,Os9,one_to_one,True
PDS5A,Pds5a,Pds5a,one_to_one,True
RGS18,Rgs18,Rgs18,one_to_one,True
XAF1,Xaf1,Xaf1,one_to_one,True
CEP44,Cep44,Cep44,one_to_one,True
RAP1GAP2,Rap1gap2,Rap1gap2,one_to_one,True
VPS4A,Vps4a,Vps4a,one_to_one,True
ATF6B,Atf6b,Atf6b,one_to_one,True
MTMR2,Mtmr2,Mtmr2,one_to_one,True
ACAP1,Acap1,Acap1,one_to_one,True
LARP4B,Larp4b,Larp4b,one_to_one,True
MDH1B,Mdh1b,,one_to_one,False
ARMC7,Armc7,Armc7,one_to_one,True
MBNL1,Mbnl1,Mbnl1,one_to_one,True
DALRD3,Dalrd3,Dalrd3,one_to_one,True
TRIM3,Trim3,Trim3,one_to_one,True
ENO4,Eno4,,one_to_one,False
JMJD4,Jmjd4,Jmjd4,one_to_one,True
ZNF362,Zfp362,Zfp362,one_to_one,True
HSD17B7,Hsd17b7,Hsd17b7,one_to_one,True
AGPAT2,Agpat2,Agpat2,one_to_one,True
AGPAT1,Agpat1,Agpat1,one_to_one,True
STPG2,Stpg2,,one_to_one,False
NDUFAF7,Ndufaf7,Ndufaf7,one_to_one,True
VPS37C,Vps37c,Vps37c,one_to_one,True
PROS1,Pros1,,one_to_one,False
GNL1,Gnl1,Gnl1,one_to_one,True
RAD21L1,Rad21l,,one_to_one,False
DCUN1D3,Dcun1d3,Dcun1d3,one_to_one,True
IPCEF1,Ipcef1,Ipcef1,one_to_one,True
GGACT,Ggact,Ggact,one_to_one,True
RAB21,Rab21,Rab21,one_to_one,True
CSK,Csk,Csk,one_to_one,True
TADA2A,Tada2a,Tada2a,one_to_one,True
TSEN2,Tsen2,Tsen2,one_to_one,True
EXD1,Exd1,,one_to_one,False
OSBPL9,Osbpl9,Osbpl9,one_to_one,True
ATP8A1,Atp8a1,Atp8a1,one_to_one,True
ALKBH5,Alkbh5,Alkbh5,one_to_one,True
FERRY3,Ferry3,D6Wsu163e,one_to_one,True
GABPB1,Gabpb1,Gabpb1,one_to_one,True
WDSUB1,Wdsub1,Wdsub1,one_to_one,True
MOV10L1,Mov10l1,,one_to_one,False
DHRS7,Dhrs7l,,one_to_one,False
DHRS7,Dhrs7,Dhrs7,one_to_one,True
SLC38A9,Slc38a9,Slc38a9,one_to_one,True
ZC3HC1,Zc3hc1,Zc3hc1,one_to_one,True
GTF2A1L,Gtf2a1l,,one_to_one,False
FANCC,Fancc,Fancc,one_to_one,True
PTPRO,Ptpro,,one_to_one,False
TBX15,Tbx15,,one_to_one,False
FXN,Fxn,Fxn,one_to_one,True
DNLZ,Dnlz,Dnlz,one_to_one,True
RAB36,Rab36,,one_to_one,False
TBL1Y,Tbl1x,Tbl1x,ambiguous_orthology,False
TBL1X,Tbl1x,Tbl1x,ambiguous_orthology,False
IDS,Ids,Ids,one_to_one,True
PALM3,Palm3,,one_to_one,False
SHQ1,Shq1,Shq1,one_to_one,True
DELE1,Dele1,Dele1,one_to_one,True
FAM47C,Fam47c,,ambiguous_orthology,False
FAM47DP,Fam47c,,ambiguous_orthology,False
FAM47A,Fam47c,,ambiguous_orthology,False
FAM47B,Fam47c,,ambiguous_orthology,False
FAM47E-STBD1,Fam47e,,ambiguous_orthology,False
FAM47E,Fam47e,,ambiguous_orthology,False
LENG8,Leng8,Leng8,one_to_one,True
KLHL8,Klhl8,Klhl8,one_to_one,True
NFKBIE,Nfkbie,Nfkbie,one_to_one,True
CREG1,Creg1,Creg1,one_to_one,True
FILIP1L,Filip1l,Filip1l,one_to_one,True
LANCL2,Lancl2,Lancl2,one_to_one,True
SHISA3,Shisa3,,one_to_one,False
ST8SIA1,St8sia1,St8sia1,one_to_one,True
ECHDC3,Echdc3,,one_to_one,False
SOWAHC,Sowahc,,one_to_one,False
FBXL7,Fbxl7,,one_to_one,False
MAPKAPK3,Mapkapk3,Mapkapk3,one_to_one,True
TESK2,Tesk2,Tesk2,one_to_one,True
STRN,Strn,Strn,one_to_one,True
EPC1,Epc1,Epc1,one_to_one,True
ZNF276,Zfp276,Zfp276,one_to_one,True
SREBF2,Srebf2,Srebf2,one_to_one,True
MANSC1,Mansc1,Mansc1,one_to_one,True
FBXL19,Fbxl19,Fbxl19,one_to_one,True
TSLIG3B,Fam98b,Fam98b,one_to_one,True
GALNS,Galns,Galns,one_to_one,True
RPS6KA3,Rps6ka3,Rps6ka3,one_to_one,True
C1orf174,A430005L14Rik,A430005L14Rik,one_to_one,True
SLC16A4,Slc16a4,,one_to_one,False
SYTL4,Sytl4,,one_to_one,False
RABEP2,Rabep2,Rabep2,one_to_one,True
ZDHHC21,Zdhhc21,Zdhhc21,one_to_one,True
G6PC3,G6pc3,G6pc3,one_to_one,True
TSFM,Tsfm,Tsfm,one_to_one,True
PDE8A,Pde8a,Pde8a,one_to_one,True
SH2B1,Sh2b1,Sh2b1,one_to_one,True
MBD5,Mbd5,Mbd5,one_to_one,True
ZBTB49,Zbtb49,Zbtb49,one_to_one,True
ERICH3,Erich3,,one_to_one,False
DIS3L,Dis3l,Dis3l,one_to_one,True
PLBD2,Plbd2,Plbd2,one_to_one,True
TMEM266,Tmem266,,one_to_one,False
HYAL6P,Hyal6,,one_to_one,False
SLC45A1,Slc45a1,,one_to_one,False
R3HDM4,R3hdm4,R3hdm4,one_to_one,True
UBAC2,Ubac2,Ubac2,one_to_one,True
CEP57,Cep57,Cep57,one_to_one,True
TTLL7,Ttll7,,one_to_one,False
ENGASE,Engase,Engase,one_to_one,True
FAM149B1,Fam149b,Fam149b,one_to_one,True
SFXN3,Sfxn3,Sfxn3,one_to_one,True
D2HGDH,D2hgdh,D2hgdh,one_to_one,True
PANK2,Pank2,Pank2,one_to_one,True
WFDC1,Wfdc1,,one_to_one,False
TMEM98,Tmem98,,one_to_one,False
ATG9A,Atg9a,Atg9a,one_to_one,True
PDK3,Pdk3,Pdk3,one_to_one,True
SLC25A2,Slc25a2,,one_to_one,False
ELMOD1,Elmod1,,one_to_one,False
MRPS2,Mrps2,Mrps2,one_to_one,True
SIRT3,Sirt3,Sirt3,one_to_one,True
BCKDHB,Bckdhb,Bckdhb,one_to_one,True
MTO1,Mto1,Mto1,one_to_one,True
HIP1R,Hip1r,Hip1r,one_to_one,True
GRIPAP1,Gripap1,Gripap1,one_to_one,True
GALT,Galt,Galt,one_to_one,True
RNF126,Rnf126,Rnf126,one_to_one,True
CD226,Cd226,Cd226,one_to_one,True
ACTR3B,Actr3b,,one_to_one,False
DHX35,Dhx35,Dhx35,one_to_one,True
CRYM,Crym,,one_to_one,False
THEM4,Them4,Them4,one_to_one,True
THEM5,Them5,,one_to_one,False
ATE1,Ate1,Ate1,one_to_one,True
OGG1,Ogg1,Ogg1,one_to_one,True
TMEM205,Tmem205,,one_to_one,False
GPATCH3,Gpatch3,Gpatch3,one_to_one,True
KLHL32,Klhl32,,one_to_one,False
CCDC170,Ccdc170,,one_to_one,False
ATG9B,Atg9b,,one_to_one,False
M1AP,M1ap,,one_to_one,False
UBE4A,Ube4a,Ube4a,one_to_one,True
MICU1,Micu1,Micu1,one_to_one,True
RASGRP3,Rasgrp3,,one_to_one,False
UBE2J2,Ube2j2,Ube2j2,one_to_one,True
RRAGD,Rragd,Rragd,one_to_one,True
COX19,Cox19,Cox19,one_to_one,True
PRSS8,Prss8,,one_to_one,False
NEURL2,Neurl2,,one_to_one,False
ADRB2,Adrb2,Adrb2,one_to_one,True
ULK3,Ulk3,Ulk3,one_to_one,True
ABCG1,Abcg1,Abcg1,one_to_one,True
CEP128,Cep128,Cep128,one_to_one,True
TACO1,Taco1,Taco1,one_to_one,True
CDNF,Cdnf,,one_to_one,False
CERKL,Cerkl,Cerkl,one_to_one,True
DNAJC10,Dnajc10,Dnajc10,one_to_one,True
HSF5,Hsf5,,one_to_one,False
TRAFD1,Trafd1,Trafd1,one_to_one,True
NUDT6,Nudt6,Nudt6,one_to_one,True
DNAI2,Dnai2,,one_to_one,False
TMCO6,Tmco6,Tmco6,one_to_one,True
SMIM15,Smim15,Smim15,one_to_one,True
DOK6,Dok6,,one_to_one,False
C8orf44-SGK3,Sgk3,Sgk3,ambiguous_orthology,False
SGK3,Sgk3,Sgk3,ambiguous_orthology,False
FAM114A1,Fam114a1,Fam114a1,one_to_one,True
FAAP24,Faap24,Faap24,one_to_one,True
MGAT2,Mgat2,Mgat2,one_to_one,True
LRRC3B,Lrrc3b,,one_to_one,False
PSMD14,Psmd14,Psmd14,one_to_one,True
PTS,Pts,Pts,one_to_one,True
HSPA13,Hspa13,Hspa13,one_to_one,True
DOLK,Dolk,Dolk,one_to_one,True
EXOC8,Exoc8,Exoc8,one_to_one,True
TMEM201,Tmem201,Tmem201,one_to_one,True
ADAT1,Adat1,Adat1,one_to_one,True
YRDC,Yrdc,Yrdc,one_to_one,True
TGFBRAP1,Tgfbrap1,Tgfbrap1,one_to_one,True
PARVG,Parvg,Parvg,one_to_one,True
KLHDC2,Klhdc2,Klhdc2,one_to_one,True
CNOT2,Cnot2,Cnot2,one_to_one,True
WDR90,Wdr90,Wdr90,one_to_one,True
CEP76,Cep76,Cep76,one_to_one,True
NKAPD1,Nkapd1,Nkapd1,one_to_one,True
SLC13A4,Slc13a4,,one_to_one,False
KIZ,Kiz,Kiz,one_to_one,True
RBFA,Rbfa,Rbfa,one_to_one,True
COQ2,Coq2,Coq2,one_to_one,True
IDE,Ide,Ide,one_to_one,True
RUSF1,Rusf1,BC017158,one_to_one,True
PMVK,Pmvk,Pmvk,one_to_one,True
CDK5RAP1,Cdk5rap1,Cdk5rap1,one_to_one,True
FKRP,Fkrp,Fkrp,one_to_one,True
TEKT4,Tekt4,,one_to_one,False
MON1A,Mon1a,Mon1a,one_to_one,True
TEX2,Tex2,Tex2,one_to_one,True
ACMSD,Acmsd,,one_to_one,False
ABHD6,Abhd6,Abhd6,one_to_one,True
ANKDD1A,Ankdd1a,,one_to_one,False
P2RY10BP,P2ry10b,P2ry10b,one_to_one,True
P2RY10,P2ry10,P2ry10,one_to_one,True
HUS1B,Hus1b,,one_to_one,False
HUS1,Hus1,Hus1,one_to_one,True
SLC45A3,Slc45a3,,one_to_one,False
ACADSB,Acadsb,Acadsb,one_to_one,True
NDUFAF5,Ndufaf5,Ndufaf5,one_to_one,True
TPRG1,Tprg1,,one_to_one,False
ARL16,Arl16,Arl16,one_to_one,True
ARL6IP6,Arl6ip6,Arl6ip6,one_to_one,True
KCNC2,Kcnc2,,one_to_one,False
MLYCD,Mlycd,Mlycd,one_to_one,True
MPG,Mpg,Mpg,one_to_one,True
ILKAP,Ilkap,Ilkap,one_to_one,True
PPP1R14D,Ppp1r14d,,one_to_one,False
UFSP1,Ufsp1,Ufsp1,one_to_one,True
ABCA5,Abca5,,one_to_one,False
BDH1,Bdh1,Bdh1,one_to_one,True
TMEM14A,Tmem14a,Tmem14a,one_to_one,True
OXA1L,Oxa1l,Oxa1l,one_to_one,True
VPS35L,Vps35l,Vps35l,one_to_one,True
MRPS21,Mrps21,Mrps21,one_to_one,True
TMEM17,Tmem17,,one_to_one,False
SPATA2,Spata2,Spata2,one_to_one,True
GIP,Gip,,one_to_one,False
PPWD1,Ppwd1,Ppwd1,one_to_one,True
KIF3B,Kif3b,Kif3b,one_to_one,True
PHLPP2,Phlpp2,Phlpp2,one_to_one,True
RPRML,Rprml,,one_to_one,False
PPFIA4,Ppfia4,,one_to_one,False
NADSYN1,Nadsyn1,Nadsyn1,one_to_one,True
IZUMO1R,Izumo1r,Izumo1r,one_to_one,True
FOLR1,Folr1,,one_to_one,False
FOLR2,Folr2,,ambiguous_orthology,False
FOLR3,Folr2,,ambiguous_orthology,False
LARS2,Lars2,Lars2,one_to_one,True
NAGPA,Nagpa,Nagpa,one_to_one,True
RALGPS1,Ralgps1,Ralgps1,one_to_one,True
SLC38A3,Slc38a3,,one_to_one,False
SLC22A15,Slc22a15,Slc22a15,one_to_one,True
LIG4,Lig4,Lig4,one_to_one,True
MRPS22,Mrps22,Mrps22,one_to_one,True
LYRM7,Lyrm7,Lyrm7,one_to_one,True
LAMP5,Lamp5,,one_to_one,False
SUGP1,Sugp1,Sugp1,one_to_one,True
BIRC7,Birc7,,one_to_one,False
TXNDC15,Txndc15,Txndc15,one_to_one,True
BAZ2B,Baz2b,Baz2b,one_to_one,True
LRP2BP,Lrp2bp,,one_to_one,False
USP47,Usp47,Usp47,one_to_one,True
ZSWIM2,Zswim2,,one_to_one,False
APLF,Aplf,Aplf,one_to_one,True
CDIP1,Cdip1,Cdip1,one_to_one,True
LHPP,Lhpp,Lhpp,one_to_one,True
ISG20L2,Isg20l2,Isg20l2,one_to_one,True
PPFIA1,Ppfia1,Ppfia1,one_to_one,True
TBRG1,Tbrg1,Tbrg1,one_to_one,True
KCNAB2,Kcnab2,Kcnab2,one_to_one,True
PUS10,Pus10,Pus10,one_to_one,True
PGAP3,Pgap3,Pgap3,one_to_one,True
SLC68A2P,Slc68a2,,one_to_one,False
DNALI1,Dnali1,,one_to_one,False
ASPA,Aspa,,one_to_one,False
SCLY,Scly,Scly,one_to_one,True
HYPK,Hypk,Hypk,one_to_one,True
NUB1,Nub1,Nub1,one_to_one,True
DKK2,Dkk2,,one_to_one,False
PPEF1,Ppef1,,one_to_one,False
GPR35,Gpr35,,one_to_one,False
ANKRD1,Ankrd1,,one_to_one,False
ASPG,Aspg,,one_to_one,False
KAZALD1,Kazald1,,one_to_one,False
MMAA,Mmaa,Mmaa,one_to_one,True
CENPO,Cenpo,Cenpo,one_to_one,True
RMDN1,Rmdn1,Rmdn1,one_to_one,True
ZYX,Zyx,Zyx,one_to_one,True
NAGK,Nagk,Nagk,one_to_one,True
SPRYD3,Spryd3,Spryd3,one_to_one,True
AURKAIP1,Aurkaip1,Aurkaip1,one_to_one,True
RPS23,Rps23,Rps23,one_to_one,True
SHFL,Shfl,Shfl,one_to_one,True
CD37,Cd37,Cd37,one_to_one,True
KIF22,Kif22,Kif22,one_to_one,True
GPRC5C,Gprc5c,,one_to_one,False
UBN1,Ubn1,Ubn1,one_to_one,True
PPM1N,Ppm1n,,one_to_one,False
RPL37AP8,Rpl37a,Rpl37a,ambiguous_orthology,False
RPL37A,Rpl37a,Rpl37a,ambiguous_orthology,False
GPANK1,Gpank1,Gpank1,one_to_one,True
MAPRE2,Mapre2,Mapre2,one_to_one,True
POLR2K,Polr2k,Polr2k,one_to_one,True
ARV1,Arv1,Arv1,one_to_one,True
GCFC2,Gcfc2,Gcfc2,one_to_one,True
ZNF341,Zfp341,Zfp341,one_to_one,True
KCNQ2,Kcnq2,,one_to_one,False
VAT1L,Vat1l,,one_to_one,False
TBC1D13,Tbc1d13,Tbc1d13,one_to_one,True
MRPL22,Mrpl22,Mrpl22,one_to_one,True
MKNK1,Mknk1,Mknk1,one_to_one,True
LRCH3,Lrch3,Lrch3,one_to_one,True
RGS11,Rgs11,Rgs11,one_to_one,True
PROK1,Prok1,,one_to_one,False
MICAL1,Mical1,Mical1,one_to_one,True
LURAP1,Lurap1,,one_to_one,False
LSM5,Lsm5,Lsm5,one_to_one,True
ST7L,St7l,St7l,one_to_one,True
ACSM5,Acsm5,,one_to_one,False
ACSM1,Acsm1,,one_to_one,False
ACSM2B,Acsm2,,ambiguous_orthology,False
ACSM2A,Acsm2,,ambiguous_orthology,False
ACSM3,Acsm3,,one_to_one,False
ACSM4,Acsm4,,one_to_one,False
METTL21C,Mettl21c,Mettl21c,one_to_one,True
PHOSPHO2,Phospho2,Phospho2,one_to_one,True
NAB2,Nab2,Nab2,one_to_one,True
SBK3,Sbk3,,one_to_one,False
SBK2,Sbk2,,one_to_one,False
CDK14,Cdk14,,one_to_one,False
ABCD1,Abcd1,Abcd1,one_to_one,True
CNKSR3,Cnksr3,Cnksr3,one_to_one,True
CDC42SE2,Cdc42se2,Cdc42se2,one_to_one,True
SECISBP2L,Secisbp2l,Secisbp2l,one_to_one,True
ANKS3,Anks3,Anks3,one_to_one,True
TNMD,Tnmd,,one_to_one,False
HMGCLL1,Hmgcll1,,one_to_one,False
SETMAR,Setmar,Setmar,one_to_one,True
PYGO1,Pygo1,,one_to_one,False
ANKRD50,Ankrd50,Ankrd50,one_to_one,True
MRI1,Mri1,Mri1,one_to_one,True
FOXRED1,Foxred1,Foxred1,one_to_one,True
ZCCHC4,Zcchc4,Zcchc4,one_to_one,True
ITGA8,Itga8,,one_to_one,False
SLC6A18,Slc6a18,,one_to_one,False
DUSP13B,Dusp13b,,one_to_one,False
PRKAB2,Prkab2,Prkab2,one_to_one,True
SNCAIP,Sncaip,,one_to_one,False
FBXW8,Fbxw8,Fbxw8,one_to_one,True
ABCA7,Abca7,Abca7,one_to_one,True
TRAPPC2L,Trappc2l,Trappc2l,one_to_one,True
PIGN,Pign,Pign,one_to_one,True
DDO,Ddo,,one_to_one,False
NCKAP1L,Nckap1l,Nckap1l,one_to_one,True
HEATR6,Heatr6,Heatr6,one_to_one,True
FARS2,Fars2,Fars2,one_to_one,True
ZNF506,Zfp982,,ambiguous_orthology,False
ZNF486,Zfp982,,ambiguous_orthology,False
ZNF722,Zfp982,,ambiguous_orthology,False
ZNF735,Zfp982,,ambiguous_orthology,False
ZNF679,Zfp982,,ambiguous_orthology,False
TMEM130,Tmem130,,one_to_one,False
UPF3B,Upf3b,Upf3b,one_to_one,True
COX18,Cox18,Cox18,one_to_one,True
PPP1R3D,Ppp1r3d,,one_to_one,False
KCNA2,Kcna2,,one_to_one,False
DDX43,Ddx43,Ddx43,one_to_one,True
RAMP2,Ramp2,,one_to_one,False
FAM53C,Fam53c,Fam53c,one_to_one,True
FBXO2,Fbxo2,,one_to_one,False
TLCD2,Tlcd2,Tlcd2,one_to_one,True
SOCS7,Socs7,Socs7,one_to_one,True
NOA1,Noa1,Noa1,one_to_one,True
EGR4,Egr4,,one_to_one,False
TMEM125,Tmem125,,one_to_one,False
RBM15B,Rbm15b,Rbm15b,one_to_one,True
RNF139,Rnf139,Rnf139,one_to_one,True
BTNL9,Btnl9,,one_to_one,False
BTN1A1,Btn1a1,,one_to_one,False
BTN2A3P,Btn2a2,,ambiguous_orthology,False
BTN2A2,Btn2a2,,ambiguous_orthology,False
BTN2A1,Btn2a2,,ambiguous_orthology,False
BTNL10P,Btnl10,,one_to_one,False
UNC5A,Unc5a,Unc5a,one_to_one,True
CCDC88B,Ccdc88b,Ccdc88b,one_to_one,True
ADCK1,Adck1,Adck1,one_to_one,True
PHTF1,Phtf1,Phtf1,one_to_one,True
PIGW,Pigw,Pigw,one_to_one,True
RBM12,Rbm12,,one_to_one,False
CYB561,Cyb561,,one_to_one,False
LYRM9,Lyrm9,Lyrm9,one_to_one,True
C11orf52,2310030G06Rik,,one_to_one,False
PHC1,Phc1,Phc1,one_to_one,True
TNNT1,Tnnt1,Tnnt1,one_to_one,True
TATDN2,Tatdn2,Tatdn2,one_to_one,True
HTR2B,Htr2b,,one_to_one,False
MIA,Mia,,one_to_one,False
FUT9,Fut9,,one_to_one,False
METTL22,Mettl22,Mettl22,one_to_one,True
NAA30,Naa30,Naa30,one_to_one,True
MC5R,Mc5r,,one_to_one,False
FSAF1,Fsaf1,2810004N23Rik,one_to_one,True
NUDT19,Nudt19,Nudt19,one_to_one,True
SYCE3,Syce3,,one_to_one,False
MC3R,Mc3r,,one_to_one,False
IL17D,Il17d,,one_to_one,False
MACIR,Macir,D1Ertd622e,one_to_one,True
SRMS,Srms,,one_to_one,False
TMEM69,Tmem69,Tmem69,one_to_one,True
TMEM65,Tmem65,Tmem65,one_to_one,True
G0S2,G0s2,G0s2,one_to_one,True
TOR1B,Tor1b,Tor1b,one_to_one,True
TOR1A,Tor1a,Tor1a,one_to_one,True
IQCK,Iqck,,one_to_one,False
CDKL5,Cdkl5,,one_to_one,False
PDXP,Pdxp,Pdxp,one_to_one,True
RGS19,Rgs19,Rgs19,one_to_one,True
LETMD1,Letmd1,Letmd1,one_to_one,True
FAM20A,Fam20a,,one_to_one,False
CABCOCO1,Cabcoco1,,one_to_one,False
IL10,Il10,,one_to_one,False
ADRA2C,Adra2c,,one_to_one,False
ZBTB24,Zbtb24,Zbtb24,one_to_one,True
TUBGCP4,Tubgcp4,Tubgcp4,one_to_one,True
XYLT2,Xylt2,Xylt2,one_to_one,True
NSMCE2,Nsmce2,Nsmce2,one_to_one,True
TTC13,Ttc13,Ttc13,one_to_one,True
NF2,Nf2,Nf2,one_to_one,True
LEAP2,Leap2,,one_to_one,False
HTR1B,Htr1b,,one_to_one,False
ADRB1,Adrb1,Adrb1,one_to_one,True
SYT12,Syt12,,one_to_one,False
UROC1,Uroc1,,one_to_one,False
DTX2,Dtx2,Dtx2,one_to_one,True
GABRR3,Gabrr3,,one_to_one,False
DEAF1,Deaf1,Deaf1,one_to_one,True
UPK2,Upk2,,one_to_one,False
PLEKHM2,Plekhm2,Plekhm2,one_to_one,True
LRP3,Lrp3,,one_to_one,False
VPS54,Vps54,Vps54,one_to_one,True
PCTP,Pctp,Pctp,one_to_one,True
KNSTRN,Knstrn,Knstrn,one_to_one,True
TRUB1,Trub1,Trub1,one_to_one,True
GPR160,Gpr160,Gpr160,one_to_one,True
IL15RA,Il15ra,Il15ra,one_to_one,True
TOP6BL,Top6bl,,one_to_one,False
RTP2,Rtp2,,one_to_one,False
RTP3,Rtp3,,one_to_one,False
ZNF831,Zfp831,Zfp831,one_to_one,True
STAU2,Stau2,Stau2,one_to_one,True
CBLL1,Cbll1,Cbll1,ambiguous_orthology,False
CBLL2,Cbll1,Cbll1,ambiguous_orthology,False
MCOLN2,Mcoln2,Mcoln2,one_to_one,True
CRNKL1,Crnkl1,Crnkl1,one_to_one,True
TTLL12,Ttll12,Ttll12,one_to_one,True
CCZ1,Ccz1,Ccz1,ambiguous_orthology,False
CCZ1B,Ccz1,Ccz1,ambiguous_orthology,False
LIPG,Lipg,,one_to_one,False
TXNL1,Txnl1,Txnl1,one_to_one,True
CTU1,Ctu1,Ctu1,one_to_one,True
PDIA2,Pdia2,,one_to_one,False
TNPO3,Tnpo3,Tnpo3,one_to_one,True
DUSP4,Dusp4,,one_to_one,False
NUP155,Nup155,Nup155,one_to_one,True
PPP2R3C,Ppp2r3c,Ppp2r3c,one_to_one,True
PEMT,Pemt,,one_to_one,False
MANBA,Manba,Manba,one_to_one,True
SAAL1,Saal1,Saal1,one_to_one,True
ATP6V1D,Atp6v1d,Atp6v1d,one_to_one,True
ATF3,Atf3,Atf3,one_to_one,True
BRPF1,Brpf1,Brpf1,one_to_one,True
RHBDL2,Rhbdl2,,one_to_one,False
YKT6,Ykt6,Ykt6,one_to_one,True
IRAK4,Irak4,Irak4,one_to_one,True
RAD18,Rad18,Rad18,one_to_one,True
DMAP1,Dmap1,Dmap1,one_to_one,True
NEK2,Nek2,,one_to_one,False
PPP4R1,Ppp4r1,Ppp4r1,one_to_one,True
CPNE3,Cpne3,Cpne3,one_to_one,True
ACTR10,Actr10,Actr10,one_to_one,True
UTP6,Utp6,Utp6,one_to_one,True
PRKCSH,Prkcsh,Prkcsh,one_to_one,True
USP44,Usp44,,one_to_one,False
KLHDC10,Klhdc10,Klhdc10,one_to_one,True
CHIC2,Chic2,Chic2,one_to_one,True
LSM14B,Lsm14b,Lsm14b,one_to_one,True
EXOSC10,Exosc10,Exosc10,one_to_one,True
MOCS3,Mocs3,Mocs3,one_to_one,True
UMPS,Umps,Umps,one_to_one,True
STK38L,Stk38l,Stk38l,one_to_one,True
ZW10,Zw10,Zw10,one_to_one,True
SEC14L1,Sec14l1,Sec14l1,one_to_one,True
EPC2,Epc2,Epc2,one_to_one,True
TMEM38B,Tmem38b,Tmem38b,one_to_one,True
EDEM1,Edem1,Edem1,one_to_one,True
PSMD1,Psmd1,Psmd1,one_to_one,True
ACAD11,Acad11,Acad11,one_to_one,True
RBM17,Rbm17,Rbm17,one_to_one,True
SRP54,Srp54c,Srp54c,one_to_one,True
SRP54,Srp54b,,one_to_one,True
SRP54,Srp54a,Srp54a,one_to_one,True
CDC5L,Cdc5l,Cdc5l,one_to_one,True
PHKG2,Phkg2,Phkg2,one_to_one,True
NCBP3,Ncbp3,Ncbp3,one_to_one,True
ACAD8,Acad8,Acad8,one_to_one,True
RMI1,Rmi1,Rmi1,one_to_one,True
APEX2,Apex2,Apex2,one_to_one,True
HDAC3,Hdac3,Hdac3,one_to_one,True
SERPINE2,Serpine2,Serpine2,one_to_one,True
JOSD2,Josd2,Josd2,one_to_one,True
DCP2,Dcp2,Dcp2,one_to_one,True
DNPEP,Dnpep,Dnpep,one_to_one,True
MIOS,Mios,Mios,one_to_one,True
WWOX,Wwox,Wwox,one_to_one,True
KIF18A,Kif18a,Kif18a,one_to_one,True
OSGIN1,Osgin1,Osgin1,one_to_one,True
WASF2,Wasf2,Wasf2,one_to_one,True
CDC23,Cdc23,Cdc23,one_to_one,True
HERPUD2,Herpud2,Herpud2,one_to_one,True
PARN,Parn,Parn,one_to_one,True
GDE1,Gde1,Gde1,one_to_one,True
SNAP23,Snap23,Snap23,one_to_one,True
PLEKHF2,Plekhf2,Plekhf2,one_to_one,True
RBBP5,Rbbp5,Rbbp5,one_to_one,True
SCPEP1,Scpep1,Scpep1,one_to_one,True
CHD1L,Chd1l,Chd1l,one_to_one,True
DNAJC17,Dnajc17,Dnajc17,one_to_one,True
PITPNB,Pitpnb,Pitpnb,one_to_one,True
SF3A2,Sf3a2,Sf3a2,one_to_one,True
NUDC,Nudc,Nudc,one_to_one,True
PDGFRL,Pdgfrl,,one_to_one,False
AACS,Aacs,Aacs,one_to_one,True
UNC50,Unc50,Unc50,one_to_one,True
POLM,Polm,Polm,one_to_one,True
SYAP1,Syap1,Syap1,one_to_one,True
MITD1,Mitd1,Mitd1,one_to_one,True
UVRAG,Uvrag,Uvrag,one_to_one,True
CD2BP2,Cd2bp2,Cd2bp2,one_to_one,True
METTL6,Mettl6,Mettl6,one_to_one,True
PEX12,Pex12,Pex12,one_to_one,True
SH2D4A,Sh2d4a,,one_to_one,False
RAD9A,Rad9a,Rad9a,one_to_one,True
KBTBD4,Kbtbd4,Kbtbd4,one_to_one,True
BCS1L,Bcs1l,Bcs1l,one_to_one,True
CDC37,Cdc37,Cdc37,one_to_one,True
PPP6C,Ppp6c,Ppp6c,one_to_one,True
UBAP1,Ubap1,Ubap1,one_to_one,True
CLEC16A,Clec16a,Clec16a,one_to_one,True
TRMT11,Trmt11,Trmt11,one_to_one,True
MCTS2,Mcts2,,one_to_one,False
MCTS1,Mcts1,Mcts1,one_to_one,True
HMGCL,Hmgcl,Hmgcl,one_to_one,True
RBM28,Rbm28,Rbm28,one_to_one,True
INIP,Inip,Inip,one_to_one,True
TBCA,Tbca,Tbca,one_to_one,True
GPX8,Gpx8,,one_to_one,False
PDCD2L,Pdcd2l,Pdcd2l,one_to_one,True
RAD54L,Rad54l,Rad54l,one_to_one,True
POLR3F,Polr3f,Polr3f,one_to_one,True
OTUD6A,Otud6a,,one_to_one,False
OTUD6B,Otud6b,Otud6b,one_to_one,True
RNASEH2A,Rnaseh2a,Rnaseh2a,one_to_one,True
PEX3,Pex3,Pex3,one_to_one,True
PDCD5,Pdcd5,Pdcd5,one_to_one,True
PEX5,Pex5,Pex5,one_to_one,True
COPS8,Cops8,Cops8,one_to_one,True
WDR45,Wdr45,Wdr45,one_to_one,True
POLR3C,Polr3c,Polr3c,one_to_one,True
NEIL1,Neil1,Neil1,one_to_one,True
SARDH,Sardh,Sardh,one_to_one,True
PSMD13,Psmd13,Psmd13,one_to_one,True
IDH3A,Idh3a,Idh3a,one_to_one,True
GTF3C6,Gtf3c6,Gtf3c6,one_to_one,True
FUS,Fus,Fus,one_to_one,True
SLC46A1,Slc46a1,,one_to_one,False
POLR3D,Polr3d,Polr3d,one_to_one,True
INTS15,Ints15,E130309D02Rik,one_to_one,True
TTC4,Ttc4,Ttc4,one_to_one,True
RNF181,Rnf181,Rnf181,one_to_one,True
NAALAD2,Naalad2,,one_to_one,False
FOLH1,Folh1,,ambiguous_orthology,False
FOLH1B,Folh1,,ambiguous_orthology,False
PAFAH1B3,Pafah1b3,Pafah1b3,one_to_one,True
COG2,Cog2,Cog2,one_to_one,True
RAE1,Rae1,Rae1,one_to_one,True
SIAE,Siae,Siae,one_to_one,True
RPL34,Rpl34,Rpl34,one_to_one,True
RPL34,Rpl34-ps1,,one_to_one,True
NOL12,Nol12,Nol12,one_to_one,True
TYMS,Tyms,Tyms,one_to_one,True
ZCCHC9,Zcchc9,Zcchc9,one_to_one,True
EIF2B3,Eif2b3,Eif2b3,one_to_one,True
MRPL45,Mrpl45,Mrpl45,one_to_one,True
HMGCS1,Hmgcs1,Hmgcs1,one_to_one,True
HMGCS2,Hmgcs2,,one_to_one,False
SLC15A4,Slc15a4,Slc15a4,one_to_one,True
PWP1,Pwp1,Pwp1,one_to_one,True
DDRGK1,Ddrgk1,Ddrgk1,one_to_one,True
RAD1,Rad1,Rad1,one_to_one,True
VAMP7,Vamp7,Vamp7,one_to_one,True
UAP1L1,Uap1l1,Uap1l1,one_to_one,True
YIPF5,Yipf5,Yipf5,one_to_one,True
GOLM1,Golm1,Golm1,one_to_one,True
IMP3,Imp3,Imp3,one_to_one,True
PTGES2,Ptges2,Ptges2,one_to_one,True
MRPL14,Mrpl14,Mrpl14,one_to_one,True
LMCD1,Lmcd1,,one_to_one,False
HPS4,Hps4,Hps4,one_to_one,True
RPL18A,Rpl18a,Rpl18a,one_to_one,True
USF1,Usf1,Usf1,one_to_one,True
ROM1,Rom1,Rom1,one_to_one,True
MFAP1,Mfap1a,Mfap1a,one_to_one,True
MFAP1,Mfap1b,Mfap1b,one_to_one,True
OSTC,Ostc,Ostc,one_to_one,True
MAD1L1,Mad1l1,Mad1l1,one_to_one,True
EXOC7,Exoc7,Exoc7,one_to_one,True
RTRAF,Rtraf,Rtraf,one_to_one,True
BBS5,Bbs5,,one_to_one,False
UBL4A,Gm44504,,one_to_one,False
UBL4A,Ubl4a,Ubl4a,one_to_one,True
RNASEH2B,Rnaseh2b,Rnaseh2b,one_to_one,True
ASNS,Asns,,one_to_one,False
EBAG9,Ebag9,Ebag9,one_to_one,True
OCIAD1,Ociad1,Ociad1,one_to_one,True
RPS21,Rps21,Rps21,one_to_one,True
SRP9,Srp9,Srp9,one_to_one,True
EIF1B,Eif1b,Eif1b,one_to_one,True
STRAP,Strap,Strap,one_to_one,True
SNRPE,Snrpe,Snrpe,one_to_one,True
ZNHIT3,Znhit3,Znhit3,one_to_one,True
PDE10A,Pde10a,,one_to_one,False
SBDS,Sbds,Sbds,one_to_one,True
CWC27,Cwc27,Cwc27,one_to_one,True
AP1S1,Ap1s1,Ap1s1,one_to_one,True
ANKRD22,Ankrd22,,one_to_one,False
NDUFA6,Ndufa6,Ndufa6,one_to_one,True
PIK3CD,Pik3cd,Pik3cd,one_to_one,True
ITGA9,Itga9,,one_to_one,False
CHAD,Chad,Chad,one_to_one,True
STK10,Stk10,Stk10,one_to_one,True
XAB2,Xab2,Xab2,one_to_one,True
IRF6,Irf6,,one_to_one,False
MYOF,Myof,,one_to_one,False
STOML2,Stoml2,Stoml2,one_to_one,True
DDI1,Ddi1,,one_to_one,False
DDI2,Ddi2,Ddi2,one_to_one,True
DHX38,Dhx38,Dhx38,one_to_one,True
VTI1B,Vti1b,Vti1b,one_to_one,True
ATG13,Atg13,Atg13,one_to_one,True
XPNPEP2,Xpnpep2,,one_to_one,False
ASL,Asl,Asl,one_to_one,True
CEP63,Cep63,Cep63,one_to_one,True
SLC39A10,Slc39a10,Slc39a10,one_to_one,True
UBE2J1,Ube2j1,Ube2j1,one_to_one,True
MED25,Med25,Med25,one_to_one,True
PTOV1,Ptov1,Ptov1,one_to_one,True
UFL1,Ufl1,Ufl1,one_to_one,True
TMEM185A,Tmem185a,Tmem185a,one_to_one,True
TMEM185B,Tmem185b,Tmem185b,one_to_one,True
GPSM2,Gpsm2,Gpsm2,one_to_one,True
TUBE1,Tube1,Tube1,one_to_one,True
GPS2,Gps2,Gps2,one_to_one,True
ALDH4A1,Aldh4a1,Aldh4a1,one_to_one,True
FOXL1,Foxl1,,one_to_one,False
FAM91A1,Fam91a1,Fam91a1,one_to_one,True
AQR,Aqr,Aqr,one_to_one,True
TBC1D5,Tbc1d5,Tbc1d5,one_to_one,True
EIF1AD,Eif1ad,Eif1ad,one_to_one,True
RASL12,Rasl12,,one_to_one,False
CORO6,Coro6,,one_to_one,False
XPA,Xpa,Xpa,one_to_one,True
MTMR4,Mtmr4,Mtmr4,one_to_one,True
UBE3C,Ube3c,Ube3c,one_to_one,True
PIGB,Pigb,Pigb,one_to_one,True
ZMYND10,Zmynd10,,one_to_one,False
YPEL5,Ypel5,Ypel5,one_to_one,True
ASCC2,Ascc2,Ascc2,one_to_one,True
DYNC2LI1,Dync2li1,Dync2li1,one_to_one,True
SORD,Sord,Sord,one_to_one,True
TMEM218,Tmem218,Tmem218,one_to_one,True
ZNF507,Zfp507,Zfp507,one_to_one,True
JKAMP,Jkamp,Jkamp,one_to_one,True
VPS4B,Vps4b,Vps4b,one_to_one,True
PDCD2,Pdcd2,Pdcd2,one_to_one,True
GOLGA1,Golga1,Golga1,one_to_one,True
HAO2,Hao2,,one_to_one,False
SLC33A1,Slc33a1,Slc33a1,one_to_one,True
HPCAL1,Hpcal1,Hpcal1,one_to_one,True
GYS1,Gys1,Gys1,one_to_one,True
RARS2,Rars2,Rars2,one_to_one,True
PGM1,Pgm1,Pgm1,one_to_one,True
ZGPAT,Zgpat,Zgpat,one_to_one,True
ARMH3,Armh3,Armh3,one_to_one,True
SLC25A39,Slc25a39,Slc25a39,one_to_one,True
PLEKHA3,Plekha3,Plekha3,one_to_one,True
TBC1D23,Tbc1d23,Tbc1d23,one_to_one,True
ZFPL1,Zfpl1,Zfpl1,one_to_one,True
PAPOLG,Papolg,Papolg,one_to_one,True
BCAS3,Bcas3,Bcas3,one_to_one,True
DUS3L,Dus3l,Dus3l,one_to_one,True
NT5E,Nt5e,Nt5e,one_to_one,True
TBC1D19,Tbc1d19,,one_to_one,False
TMEM68,Tmem68,Tmem68,one_to_one,True
ALG9,Alg9,Alg9,one_to_one,True
DDB1,Ddb1,Ddb1,one_to_one,True
HYI,Hyi,,one_to_one,False
MED18,Med18,Med18,one_to_one,True
MAFF,Maff,Maff,one_to_one,True
BYSL,Bysl,Bysl,one_to_one,True
PLEKHF1,Plekhf1,Plekhf1,one_to_one,True
RNF144B,Rnf144b,Rnf144b,one_to_one,True
MTFP1,Mtfp1,,one_to_one,False
GPR19,Gpr19,Gpr19,one_to_one,True
WIPF2,Wipf2,Wipf2,one_to_one,True
EFHC1,Efhc1,,one_to_one,False
PDCD6,Pdcd6,Pdcd6,one_to_one,True
TIPE3,Tnfaip8l3,,one_to_one,False
SRP19,Srp19,Srp19,one_to_one,True
RTN4IP1,Rtn4ip1,Rtn4ip1,one_to_one,True
APBB1IP,Apbb1ip,Apbb1ip,one_to_one,True
PRDM7,Prdm9,Prdm9,ambiguous_orthology,False
PRDM9,Prdm9,Prdm9,ambiguous_orthology,False
DERL3,Derl3,,one_to_one,False
OSER1,Oser1,Oser1,one_to_one,True
TTLL1,Ttll1,Ttll1,one_to_one,True
PSMC2,Psmc2,Psmc2,one_to_one,True
HSD17B3,Hsd17b3,,one_to_one,False
RFC4,Rfc4,Rfc4,one_to_one,True
ABHD14B,Abhd14b,Abhd14b,one_to_one,True
SLC5A12,Slc5a12,,one_to_one,False
TMEM134,Tmem134,Tmem134,one_to_one,True
TMEM254,Tmem254,,one_to_one,False
CUL4A,Cul4a,Cul4a,one_to_one,True
STX8,Stx8,Stx8,one_to_one,True
ACOX3,Acox3,Acox3,one_to_one,True
SLX4IP,Slx4ip,Slx4ip,one_to_one,True
SPATA6L,Spata6l,,one_to_one,False
SLC44A4,Slc44a4,,one_to_one,False
MIS12,Mis12,Mis12,one_to_one,True
XYLB,Xylb,,one_to_one,False
SH3BGRL,Sh3bgrl,Sh3bgrl,one_to_one,True
SNX15,Snx15,Snx15,one_to_one,True
SPOP,Tdpoz2,,one_to_one,False
SPOP,Spopfm3,,one_to_one,False
SPOP,Tdpoz3,,one_to_one,False
SPOP,Tdpoz6,,one_to_one,False
SPOP,Tdpoz9,,one_to_one,False
SPOP,Tdpoz5,,one_to_one,False
SPOP,Tdpoz4,,one_to_one,False
SPOP,Spopfm2,,one_to_one,False
SPOP,Tdpoz1,,one_to_one,False
SPOP,Tdpoz8,,one_to_one,False
SPOP,Spop,Spop,one_to_one,True
CISD2,Cisd2,Cisd2,one_to_one,True
KCMF1,Kcmf1,Kcmf1,one_to_one,True
ELOF1,Elof1,Elof1,one_to_one,True
KDELR3,Kdelr3,,one_to_one,False
CCDC25,Ccdc25,Ccdc25,one_to_one,True
TRA2A,Tra2a,Tra2a,one_to_one,True
NEK4,Nek4,Nek4,one_to_one,True
PIGM,Pigm,Pigm,one_to_one,True
GPR39,Gpr39,,one_to_one,False
BAG2,Bag2,Bag2,one_to_one,True
TPST2,Tpst2,Tpst2,one_to_one,True
PRORSD1P,Prorsd1,Prorsd1,one_to_one,True
WIPI1,Wipi1,,one_to_one,False
SLC30A4,Slc30a4,,one_to_one,False
LYAR,Lyar,Lyar,one_to_one,True
RNF170,Rnf170,Rnf170,one_to_one,True
WDR77,Wdr77,Wdr77,one_to_one,True
PNO1,Pno1,Pno1,one_to_one,True
CCT4,Cct4,Cct4,one_to_one,True
SURF4,Surf4,Surf4,one_to_one,True
MB,Mb,,one_to_one,False
SELENBP1,Selenbp2,,one_to_one,False
SELENBP1,Selenbp1,,one_to_one,False
PTPN12,Ptpn12,Ptpn12,one_to_one,True
SLC25A34,Slc25a34,,one_to_one,False
CDKAL1,Cdkal1,Cdkal1,one_to_one,True
PSMD3,Psmd3,Psmd3,one_to_one,True
IRX2,Irx2,,one_to_one,False
FBXO45,Fbxo45,Fbxo45,one_to_one,True
FZD6,Fzd6,,one_to_one,False
TFAP2E,Tfap2e,,one_to_one,False
SHOX2,Shox2,,one_to_one,False
GLIPR1L1,Glipr1l3,,one_to_one,False
GLIPR1L1,Glipr1l1,,one_to_one,False
GLIPR1,Glipr1,Glipr1,one_to_one,True
AKAP17A,Akap17b,Akap17b,ambiguous_orthology,False
AKAP17BP,Akap17b,Akap17b,ambiguous_orthology,False
NKAIN1,Nkain1,,one_to_one,False
RASD1,Rasd1,,one_to_one,False
RASD2,Rasd2,,one_to_one,False
GPR143,Gpr143,,one_to_one,False
PSMD2,Psmd2,Psmd2,one_to_one,True
RPS10,Rps10,Rps10,one_to_one,True
MACROD2,Macrod2,Macrod2,one_to_one,True
APRT,Aprt,Aprt,one_to_one,True
ARHGDIB,Arhgdib,Arhgdib,one_to_one,True
ARHGDIG,Arhgdig,,one_to_one,False
RER1,Rer1,Rer1,one_to_one,True
POLR1C,Polr1c,Polr1c,one_to_one,True
STK17B,Stk17b,Stk17b,one_to_one,True
MTAP,Mtap,Mtap,one_to_one,True
PLEK,Plek,Plek,one_to_one,True
RELCH,Relch,Relch,one_to_one,True
SLC2A12,Slc2a12,,one_to_one,False
VPS28,Vps28,Vps28,one_to_one,True
LIAS,Lias,Lias,one_to_one,True
AMMECR1,Ammecr1,Ammecr1,one_to_one,True
AMMECR1L,Ammecr1l,Ammecr1l,one_to_one,True
SIK3,Sik3,Sik3,one_to_one,True
PDHX,Pdhx,Pdhx,one_to_one,True
NAT10,Nat10,Nat10,one_to_one,True
PEX13,Pex13,Pex13,one_to_one,True
KIF4B,Kif4,,ambiguous_orthology,False
KIF4A,Kif4,,ambiguous_orthology,False
TIAL1,Tial1,Tial1,one_to_one,True
CDS2,Cds2,Cds2,one_to_one,True
FANCL,Fancl,Fancl,one_to_one,True
SHMT1,Shmt1,Shmt1,one_to_one,True
PRMT7,Prmt7,Prmt7,one_to_one,True
PRPF31,Prpf31,Prpf31,one_to_one,True
TM9SF4,Tm9sf4,Tm9sf4,one_to_one,True
HTATSF1,Htatsf1,Htatsf1,one_to_one,True
RNF25,Rnf25,Rnf25,one_to_one,True
THYN1,Thyn1,Thyn1,one_to_one,True
CCDC43,Ccdc43,Ccdc43,one_to_one,True
PFDN6,Pfdn6,Pfdn6,one_to_one,True
PANK4,Pank4,Pank4,one_to_one,True
MYL3,Myl3,,one_to_one,False
ZFAND2A,Zfand2a,Zfand2a,one_to_one,True
ZFAND2B,Zfand2b,Zfand2b,one_to_one,True
KLC1,Klc1,Klc1,one_to_one,True
MLH1,Mlh1,Mlh1,one_to_one,True
TRAPPC6A,Trappc6a,Trappc6a,one_to_one,True
NUP160,Nup160,Nup160,one_to_one,True
ARL2BP,Arl2bp,Arl2bp,one_to_one,True
PYGL,Pygl,Pygl,one_to_one,True
TIPRL,Tiprl,Tiprl,one_to_one,True
LBH,Lbh,Lbh,one_to_one,True
SNCB,Sncb,,one_to_one,False
SARS2,Sars2,Sars2,one_to_one,True
TIMM50,Timm50,Timm50,one_to_one,True
ZC3H13,Zc3h13,Zc3h13,one_to_one,True
TMEM170A,Tmem170,Tmem170,one_to_one,True
HACL2,Hacl2,Ilvbl,one_to_one,True
QTRT1,Qtrt1,Qtrt1,one_to_one,True
CRELD2,Creld2,Creld2,one_to_one,True
UBL5,Ubl5,Ubl5,one_to_one,True
UBL5,Ubl5c,,one_to_one,True
UBL5,Ubl5b,,one_to_one,True
NDUFA11,Ndufa11,Ndufa11,one_to_one,True
SPAG7,Spag7,Spag7,one_to_one,True
ZNF277,Zfp277,Zfp277,one_to_one,True
NGDN,Ngdn,Ngdn,one_to_one,True
HOOK2,Hook2,Hook2,one_to_one,True
SPEF1,Spef1,,one_to_one,False
MARVELD3,Marveld3,,one_to_one,False
PIK3IP1,Pik3ip1,Pik3ip1,one_to_one,True
FBXO43,Fbxo43,,one_to_one,False
TUBA4A,Tuba4a,Tuba4a,one_to_one,True
BTF3L4,Btf3l4,Btf3l4,one_to_one,True
LSM4,Lsm4,Lsm4,one_to_one,True
RNF185,Rnf185,Rnf185,one_to_one,True
GORASP2,Gorasp2,Gorasp2,one_to_one,True
CIB2,Cib2,,one_to_one,False
LIN7A,Lin7a,,one_to_one,False
BECN2,Becn2,,one_to_one,False
BECN1,Becn1,Becn1,one_to_one,True
RPL8,Rpl8,Rpl8,one_to_one,True
NDUFA13,Ndufa13,Ndufa13,one_to_one,True
WDR83OS,Wdr83os,Wdr83os,one_to_one,True
SAP18,Sap18,Sap18,one_to_one,True
EFR3A,Efr3a,Efr3a,one_to_one,True
NECAP1,Necap1,Necap1,one_to_one,True
HPCA,Hpca,,one_to_one,False
SCG5,Scg5,Scg5,one_to_one,True
NDUFA8,Ndufa8,Ndufa8,one_to_one,True
SSU72,Ssu72,Ssu72,one_to_one,True
RHEB,Rheb,Rheb,one_to_one,True
NDUFB10,Ndufb10,Ndufb10,one_to_one,True
PPP2R5D,Ppp2r5d,Ppp2r5d,one_to_one,True
VAMP4,Vamp4,Vamp4,one_to_one,True
FHIT,Fhit,Fhit,one_to_one,True
CDO1,Cdo1,,one_to_one,False
EDF1,Edf1,Edf1,one_to_one,True
NDUFV2,Ndufv2,Ndufv2,one_to_one,True
PIN1,Pin1rt1,,one_to_one,False
PIN1,Pin1,Pin1,one_to_one,True
LYPLA2,Lypla2,Lypla2,one_to_one,True
RPS19,Rps19,Rps19,one_to_one,True
RPS7,Rps7,Rps7,one_to_one,True
RWDD3,Rwdd3,Rwdd3,one_to_one,True
SCG3,Scg3,,one_to_one,False
UQCC2,Uqcc2,Uqcc2,one_to_one,True
DNAJC19,Dnajc19,Dnajc19,one_to_one,True
GCHFR,Gchfr,,one_to_one,False
PFKFB3,Pfkfb3,Pfkfb3,one_to_one,True
TRAPPC4,Trappc4,Trappc4,one_to_one,True
DCTPP1,Dctpp1,Dctpp1,one_to_one,True
RMND5B,Rmnd5b,Rmnd5b,one_to_one,True
TBC1D7,Tbc1d7,Tbc1d7,one_to_one,True
PPCDC,Ppcdc,Ppcdc,one_to_one,True
CHMP7,Chmp7,Chmp7,one_to_one,True
XRCC4,Xrcc4,Xrcc4,one_to_one,True
AIDA,Aida,Aida,one_to_one,True
RBM18,Rbm18,Rbm18,one_to_one,True
ROMO1,Romo1,Romo1,one_to_one,True
TMEM126B,Tmem126b,Tmem126b,one_to_one,True
TMEM126A,Tmem126a,Tmem126a,one_to_one,True
FAM3A,Fam3a,Fam3a,one_to_one,True
POLE3,Pole3,Pole3,one_to_one,True
CLU,Clu,,one_to_one,False
PAM16,Pam16,Pam16,one_to_one,True
PRDX6,Prdx6,Prdx6,one_to_one,True
PRDX6,Prdx6b,,one_to_one,True
NDUFB6,Ndufb6,Ndufb6,one_to_one,True
DPM3,Dpm3,Dpm3,one_to_one,True
CFAP20,Cfap20,Cfap20,one_to_one,True
CA7,Ca7,Car7,one_to_one,True
RPS25,Rps25,Rps25,one_to_one,True
ZNF593,Zfp593,Zfp593,one_to_one,True
ARL13A,Arl13a,,one_to_one,False
UQCRC1,Uqcrc1,Uqcrc1,one_to_one,True
RALBP1,Ralbp1,Ralbp1,one_to_one,True
RTCB,Rtcb,Rtcb,one_to_one,True
MED8,Med8,Med8,one_to_one,True
B3GALT2,B3galt2,B3galt2,one_to_one,True
XPNPEP3,Xpnpep3,Xpnpep3,one_to_one,True
DOK1,Dok1,Dok1,one_to_one,True
SULT1D1P,Sult1d1,,one_to_one,False
KLHL21,Klhl21,Klhl21,one_to_one,True
CYB5B,Cyb5b,Cyb5b,one_to_one,True
TRIB3,Trib3,,one_to_one,False
RAB5B,Rab5b,Rab5b,one_to_one,True
CACYBP,Cacybp,Cacybp,one_to_one,True
STX11,Stx11,Stx11,one_to_one,True
UBE2F,Ube2f,Ube2f,one_to_one,True
UBE2F,Ube2frt,,one_to_one,True
NUP43,Nup43,Nup43,one_to_one,True
PLSCR1,Plscr1,Plscr1,one_to_one,True
PLSCR1,Plscr2,,ambiguous_orthology,True
PLSCR2,Plscr2,,ambiguous_orthology,False
LACTB2,Lactb2,Lactb2,one_to_one,True
NUDCD3,Nudcd3,Nudcd3,one_to_one,True
TMEM192,Tmem192,Tmem192,one_to_one,True
YIPF4,Yipf4,Yipf4,one_to_one,True
HPGD,Hpgd,,one_to_one,False
HOGA1,Hoga1,,one_to_one,False
MAP1LC3A,Map1lc3a,Map1lc3a,one_to_one,True
PGM2,Pgm2,Pgm2,one_to_one,True
TXN2,Txn2,Txn2,one_to_one,True
STARD10,Stard10,Stard10,one_to_one,True
RAD51D,Rad51d,Rad51d,one_to_one,True
SLC13A3,Slc13a3,,one_to_one,False
TDRD3,Tdrd3,Tdrd3,one_to_one,True
PLEKHJ1,Plekhj1,Plekhj1,one_to_one,True
PIGF,Pigf,Pigf,one_to_one,True
CNKSR1,Cnksr1,,one_to_one,False
SCAMP1,Scamp1,,one_to_one,False
IFT122,Ift122,,one_to_one,False
THUMPD1,Thumpd1,Thumpd1,one_to_one,True
IGSF8,Igsf8,Igsf8,one_to_one,True
PITHD1,Pithd1,Pithd1,one_to_one,True
RELT,Relt,Relt,one_to_one,True
ZC3H10,Zc3h10,Zc3h10,one_to_one,True
CYYR1,Cyyr1,,one_to_one,False
RCOR2,Rcor2,,one_to_one,False
CLASP2,Clasp2,Clasp2,one_to_one,True
LRR1,Lrr1,,one_to_one,False
CFL2,Cfl2,Cfl2,one_to_one,True
WNT16,Wnt16,,one_to_one,False
METTL14,Mettl14,Mettl14,one_to_one,True
RGL1,Rgl1,,one_to_one,False
ZNF410,Zfp410,Zfp410,one_to_one,True
USP33,Usp33,Usp33,one_to_one,True
SNURF,Snrpn,,ambiguous_orthology,False
SNRPN,Snrpn,,ambiguous_orthology,False
SNRPB,Snrpb,Snrpb,one_to_one,True
AGA,Aga,Aga,one_to_one,True
ZER1,Zer1,Zer1,one_to_one,True
SP6,Sp6,,one_to_one,False
IRX4,Irx4,,one_to_one,False
MAP3K12,Map3k12,Map3k12,one_to_one,True
C1orf52,2410004B18Rik,2410004B18Rik,one_to_one,True
LEO1,Leo1,Leo1,one_to_one,True
JMY,Jmy,Jmy,one_to_one,True
ASB7,Asb7,Asb7,one_to_one,True
WBP11,Wbp11,Wbp11,one_to_one,True
WBP1,Wbp1,Wbp1,one_to_one,True
EEPD1,Eepd1,,one_to_one,False
SNX16,Snx16,Snx16,one_to_one,True
FASTKD1,Fastkd1,Fastkd1,one_to_one,True
ZNF830,Zfp830,Zfp830,one_to_one,True
BACE1,Bace1,Bace1,one_to_one,True
TMEM62,Tmem62,Tmem62,one_to_one,True
CAMLG,Caml,Caml,one_to_one,True
SLC30A6,Slc30a6,Slc30a6,one_to_one,True
SRSF9,Srsf9,Srsf9,one_to_one,True
TOX2,Tox2,,one_to_one,False
ADHFE1,Adhfe1,,one_to_one,False
CMC1,Cmc1,Cmc1,one_to_one,True
ERCC1,Ercc1,Ercc1,one_to_one,True
EIF2B2,Eif2b2,Eif2b2,one_to_one,True
PDZD11,Pdzd11,Pdzd11,one_to_one,True
EXOC6,Exoc6,Exoc6,one_to_one,True
PLA2G7,Pla2g7,,one_to_one,False
DUSP8,Dusp8,,one_to_one,False
GNE,Gne,Gne,one_to_one,True
FKBP8,Fkbp8,Fkbp8,one_to_one,True
CTNNBL1,Ctnnbl1,Ctnnbl1,one_to_one,True
RPS17,Rps17,Rps17,one_to_one,True
SMIM14,Smim14,Smim14,one_to_one,True
PPA2,Ppa2,Ppa2,one_to_one,True
TCEA3,Tcea3,,one_to_one,False
CSRP2,Csrp2,,one_to_one,False
PARP16,Parp16,Parp16,one_to_one,True
ARL5C,Arl5c,Arl5c,one_to_one,True
SLC25A20,Slc25a20,Slc25a20,one_to_one,True
AMDHD2,Amdhd2,Amdhd2,one_to_one,True
MYOZ1,Myoz1,,one_to_one,False
HEATR3,Heatr3,Heatr3,one_to_one,True
TEX264,Tex264,Tex264,one_to_one,True
NDUFB7,Ndufb7,Ndufb7,one_to_one,True
RFFL,Rffl,Rffl,one_to_one,True
TMEM38A,Tmem38a,,one_to_one,False
ARK2N,Ark2n,8030462N17Rik,one_to_one,True
C8G,C8g,,one_to_one,False
SPO11,Spo11,Spo11,one_to_one,True
TMEM45B,Tmem45b,,one_to_one,False
ZNRF1,Znrf1,Znrf1,one_to_one,True
AMPD1,Ampd1,,one_to_one,False
TPPP3,Tppp3,,one_to_one,False
HAPLN3,Hapln3,,one_to_one,False
ACBD4,Acbd4,Acbd4,one_to_one,True
DECR2,Decr2,Decr2,one_to_one,True
NHEJ1,Nhej1,Nhej1,one_to_one,True
DNAJC2,Dnajc2,Dnajc2,one_to_one,True
SPCS3,Spcs3,Spcs3,one_to_one,True
ETHE1,Ethe1,Ethe1,one_to_one,True
SSTR5,Sstr5,,one_to_one,False
FAHD2A,Fahd2a,Fahd2a,ambiguous_orthology,False
FAHD2B,Fahd2a,Fahd2a,ambiguous_orthology,False
RSRC1,Rsrc1,Rsrc1,one_to_one,True
DCAF10,Dcaf10,Dcaf10,one_to_one,True
KLHDC3,Klhdc3,Klhdc3,one_to_one,True
RCAN2,Rcan2,,one_to_one,False
LRRC59,Lrrc59,Lrrc59,one_to_one,True
ARFGAP3,Arfgap3,Arfgap3,one_to_one,True
TMEM37,Tmem37,Tmem37,one_to_one,True
SLC5A2,Slc5a2,,one_to_one,False
STXBP2,Stxbp2,Stxbp2,one_to_one,True
LTA4H,Lta4h,Lta4h,one_to_one,True
PCCB,Pccb,Pccb,one_to_one,True
FGGY,Fggy,,one_to_one,False
CDK7,Cdk7,Cdk7,one_to_one,True
MRPL38,Mrpl38,Mrpl38,one_to_one,True
TADA1,Tada1,Tada1,one_to_one,True
AAAS,Aaas,Aaas,one_to_one,True
SP9,Sp9,,one_to_one,False
FBXL15,Fbxl15,Fbxl15,one_to_one,True
NPTX1,Nptx1,,one_to_one,False
CRLS1,Crls1,Crls1,one_to_one,True
OTUD3,Otud3,Otud3,one_to_one,True
AAMP,Aamp,Aamp,one_to_one,True
TMEM43,Tmem43,Tmem43,one_to_one,True
SLC10A3,Slc10a3,Slc10a3,one_to_one,True
ANKS6,Anks6,,one_to_one,False
MSRB2,Msrb2,Msrb2,one_to_one,True
ABHD14A,Abhd14a,Abhd14a,one_to_one,True
CKAP4,Ckap4,,one_to_one,False
WRNIP1,Wrnip1,Wrnip1,one_to_one,True
SMS,Sms,Sms,one_to_one,True
SRA1,Sra1,Sra1,one_to_one,True
DGUOK,Dguok,Dguok,one_to_one,True
MRPL23,Mrpl23,Mrpl23,one_to_one,True
STX12,Stx12,Stx12,one_to_one,True
TRNT1,Trnt1,Trnt1,one_to_one,True
TMOD2,Tmod2,,one_to_one,False
TRMT61A,Trmt61a,Trmt61a,one_to_one,True
EIF2B1,Eif2b1,Eif2b1,one_to_one,True
NDUFA1,Ndufa1,Ndufa1,one_to_one,True
RAC2,Rac2,Rac2,one_to_one,True
RPL36,Rpl36-ps4,,one_to_one,False
RPL36,Rpl36,Rpl36,one_to_one,True
VAMP3,Vamp3,Vamp3,one_to_one,True
SIRT6,Sirt6,Sirt6,one_to_one,True
IMP4,Imp4,Imp4,one_to_one,True
RPL11,Rpl11,Rpl11,one_to_one,True
PSMC3IP,Psmc3ip,Psmc3ip,one_to_one,True
ALKBH6,Alkbh6,Alkbh6,one_to_one,True
AK6,Ak6,Ak6,one_to_one,True
RBKS,Rbks,Rbks,one_to_one,True
ARPC3,Arpc3,Arpc3,one_to_one,True
PSMA5,Psma5,Psma5,one_to_one,True
NUDT15,Nudt15,Nudt15,one_to_one,True
CDC40,Cdc40,Cdc40,one_to_one,True
TMEM19,Tmem19,Tmem19,one_to_one,True
TIMM10,Timm10,Timm10,one_to_one,True
BRK1,Brk1,Brk1,one_to_one,True
YIPF6,Yipf6,Yipf6,one_to_one,True
MAPK11,Mapk11,Mapk11,one_to_one,True
TUBD1,Tubd1,Tubd1,one_to_one,True
RNF141,Rnf141,Rnf141,one_to_one,True
TFCP2L1,Tfcp2l1,,one_to_one,False
UBTD2,Ubtd2,,one_to_one,False
SPAG6,Spag6l,,one_to_one,False
SPAG6,Spag6,,one_to_one,False
C1QB,C1qb,,one_to_one,False
TMEM60,Tmem60,Tmem60,one_to_one,True
RABEPK,Rabepk,Rabepk,one_to_one,True
PRCP,Prcp,Prcp,one_to_one,True
RAMP1,Ramp1,Ramp1,one_to_one,True
TPGS2,Tpgs2,Tpgs2,one_to_one,True
PRPF18,Prpf18,Prpf18,one_to_one,True
PRPSAP1,Prpsap1,Prpsap1,one_to_one,True
SH3BGRL2,Sh3bgrl2,,one_to_one,False
KXD1,Kxd1,Kxd1,one_to_one,True
CMTM3,Cmtm3,Cmtm3,one_to_one,True
ANKS4B,Anks4b,,one_to_one,False
SMPX,Smpx,,one_to_one,False
PON1,Pon1,,one_to_one,False
EBP,Ebp,Ebp,one_to_one,True
USB1,Usb1,Usb1,one_to_one,True
IPO11,Ipo11,Ipo11,one_to_one,True
THA1P,Tha1,Tha1,one_to_one,True
MRRF,Mrrf,Mrrf,one_to_one,True
NUDT2,Nudt2,Nudt2,one_to_one,True
ELAVL2,Elavl2,,one_to_one,False
DNAJB4,Dnajb4,Dnajb4,one_to_one,True
CCR10,Ccr10,Ccr10,one_to_one,True
B3GAT2,B3gat2,B3gat2,one_to_one,True
ADPRH,Adprh,Adprh,one_to_one,True
TIPIN,Tipin,Tipin,one_to_one,True
AK1,Ak1,,one_to_one,False
CLRN1,Clrn1,,one_to_one,False
CYBC1,Cybc1,Cybc1,one_to_one,True
LYSMD2,Lysmd2,Lysmd2,one_to_one,True
HDAC11,Hdac11,Hdac11,one_to_one,True
STAC3,Stac3,,one_to_one,False
MRPL16,Mrpl16,Mrpl16,one_to_one,True
HFE,Hfe,,one_to_one,False
HLA-F,H2-M10.4,,ambiguous_orthology,False
HLA-H,H2-M10.4,,ambiguous_orthology,False
HLA-C,H2-M10.4,,ambiguous_orthology,False
HLA-B,H2-M10.4,,ambiguous_orthology,False
AZGP1,Azgp1,,one_to_one,False
ELAC1,Elac1,Elac1,one_to_one,True
NIPAL4,Nipal4,,one_to_one,False
HTRA3,Htra3,,one_to_one,False
RAD17,Rad17,Rad17,one_to_one,True
RNASEH1,Rnaseh1,Rnaseh1,one_to_one,True
TUBA3D,Tuba3a,,ambiguous_orthology,False
TUBA3C,Tuba3a,,ambiguous_orthology,False
TUBA3D,Tuba3b,,ambiguous_orthology,False
TUBA3C,Tuba3b,,ambiguous_orthology,False
DGCR2,Dgcr2,Dgcr2,one_to_one,True
GSPT2,Gspt2,,one_to_one,False
YIPF1,Yipf1,Yipf1,one_to_one,True
ENOPH1,Enoph1,Enoph1,one_to_one,True
XRCC1,Xrcc1,Xrcc1,one_to_one,True
EGR3,Egr3,Egr3,one_to_one,True
PHTF2,Phtf2,Phtf2,one_to_one,True
GCA,Gca,,one_to_one,False
DUS4L,Dus4l,Dus4l,one_to_one,True
IFT74,Ift74,Ift74,one_to_one,True
RBM34,Rbm34,Rbm34,one_to_one,True
CLPTM1L,Clptm1l,Clptm1l,one_to_one,True
SERPINF1,Serpinf1,,one_to_one,False
RNF103,Rnf103,Rnf103,one_to_one,True
RGN,Rgn,,one_to_one,False
SLC5A11,Slc5a11,Slc5a11,one_to_one,True
ACSL5,Acsl5,Acsl5,one_to_one,True
EEF1A2,Eef1a2,,one_to_one,False
TSR3,Tsr3,Tsr3,one_to_one,True
PPP1R21,Ppp1r21,Ppp1r21,one_to_one,True
SLC25A48,Slc25a48,,one_to_one,False
CCDC47,Ccdc47,Ccdc47,one_to_one,True
ANKRD9,Ankrd9,Ankrd9,one_to_one,True
LYN,Lyn,Lyn,one_to_one,True
HORMAD1,Hormad1,,one_to_one,False
USP2,Usp2,,one_to_one,False
LENG1,Leng1,Leng1,one_to_one,True
PDSS2,Pdss2,Pdss2,one_to_one,True
CYB561D1,Cyb561d1,Cyb561d1,one_to_one,True
PLA2G10,Pla2g10,,one_to_one,False
TSPAN4,Tspan4,Tspan4,one_to_one,True
HVCN1,Hvcn1,Hvcn1,one_to_one,True
CDK2AP2,Cdk2ap2,Cdk2ap2,one_to_one,True
ARL5A,Arl5a,Arl5a,one_to_one,True
NCOA5,Ncoa5,Ncoa5,one_to_one,True
PNPLA5,Pnpla5,,one_to_one,False
PNPLA3,Pnpla3,,one_to_one,False
HAX1,Hax1,Hax1,one_to_one,True
MAPKAPK5,Mapkapk5,Mapkapk5,one_to_one,True
TM2D2,Tm2d2,Tm2d2,one_to_one,True
TMEM53,Tmem53,,one_to_one,False
CCDC191,Ccdc191,Ccdc191,one_to_one,True
CRYZL1,Cryzl1,Cryzl1,one_to_one,True
DFFA,Dffa,Dffa,one_to_one,True
BPGM,Bpgm,Bpgm,one_to_one,True
LRRC57,Lrrc57,Lrrc57,one_to_one,True
CLN3,Cln3,Cln3,one_to_one,True
SUPT3H,Supt3,Supt3,one_to_one,True
PLAAT5,Plaat5,,one_to_one,False
PLAAT3,Plaat3,Plaat3,one_to_one,True
SAV1,Sav1,Sav1,one_to_one,True
SLC10A7,Slc10a7,Slc10a7,one_to_one,True
IRF8,Irf8,Irf8,one_to_one,True
CREG2,Creg2,,one_to_one,False
NUP37,Nup37,Nup37,one_to_one,True
CLDN14,Cldn14,,one_to_one,False
CLDN2,Cldn2,,one_to_one,False
PELI2,Peli2,,one_to_one,False
RPL13,Rpl13,Rpl13,one_to_one,True
TYW3,Tyw3,Tyw3,one_to_one,True
EYA2,Eya2,Eya2,one_to_one,True
ZMYND12,Zmynd12,,one_to_one,False
PSMB2,Psmb2,Psmb2,one_to_one,True
RGP1,Rgp1,Rgp1,one_to_one,True
RNLS,Rnls,,one_to_one,False
LEMD1,Lemd1,,one_to_one,False
SIRT5,Sirt5,Sirt5,one_to_one,True
RIC8A,Ric8a,Ric8a,one_to_one,True
FBXL4,Fbxl4,Fbxl4,one_to_one,True
ZDHHC7,Zdhhc7,Zdhhc7,one_to_one,True
UBE2R2,Ube2r2,Ube2r2,one_to_one,True
GLMP,Glmp,Glmp,one_to_one,True
SULT1C4,Sult1c1,,ambiguous_orthology,False
SULT1C3,Sult1c1,,ambiguous_orthology,False
SULT1C2,Sult1c2,,one_to_one,False
LZIC,Lzic,Lzic,one_to_one,True
SGCE,Sgce,,one_to_one,False
GABARAPL2,Gabarapl2,Gabarapl2,one_to_one,True
GTPBP10,Gtpbp10,Gtpbp10,one_to_one,True
COASY,Coasy,Coasy,one_to_one,True
MACROD1,Macrod1,Macrod1,one_to_one,True
FOSB,Fosb,Fosb,one_to_one,True
TATDN1,Tatdn1,Tatdn1,one_to_one,True
TRAF3,Traf3,Traf3,one_to_one,True
FHL5,Fhl5,,one_to_one,False
CTH,Cth,,one_to_one,False
LSM6,Lsm6,Lsm6,one_to_one,True
ACAA1,Acaa1a,Acaa1a,one_to_one,True
ACAA1,Acaa1b,,one_to_one,True
DNAJC15,Dnajc15,Dnajc15,one_to_one,True
CRBN,Crbn,Crbn,one_to_one,True
CMAHP,Cmah,Cmah,one_to_one,True
UBE2Z,Ube2z,Ube2z,one_to_one,True
NTPCR,Ntpcr,Ntpcr,one_to_one,True
SNTB1,Sntb1,Sntb1,one_to_one,True
DNASE1,Dnase1,,one_to_one,False
DNASE1L2,Dnase1l2,Dnase1l2,one_to_one,True
COQ5,Coq5,Coq5,one_to_one,True
SLC25A36,Slc25a36,Slc25a36,one_to_one,True
DMTF1,Dmtf1,Dmtf1,one_to_one,True
SNX7,Snx7,,one_to_one,False
C8A,C8a,,one_to_one,False
SLC25A24,Slc25a24,Slc25a24,one_to_one,True
NOTUM,Notum,,one_to_one,False
TM4SF4,Tm4sf4,,one_to_one,False
CPSF2,Cpsf2,Cpsf2,one_to_one,True
GALM,Galm,Galm,one_to_one,True
ACE2,Ace2,,one_to_one,False
METTL21EP,Mettl21e,,one_to_one,False
SLC25A40,Slc25a40,Slc25a40,one_to_one,True
LHFPL3,Lhfpl3,,one_to_one,False
ACHE,Ache,,one_to_one,False
ICA1,Ica1,,one_to_one,False
SRP68,Srp68,Srp68,one_to_one,True
WIPI2,Wipi2,Wipi2,one_to_one,True
COX20,Cox20,Cox20,one_to_one,True
PXMP2,Pxmp2,Pxmp2,one_to_one,True
FUNDC1,Fundc1,Fundc1,one_to_one,True
OPHN1,Ophn1,,one_to_one,False
PDE6D,Pde6d,Pde6d,one_to_one,True
TMC6,Tmc6,Tmc6,one_to_one,True
SNRNP27,Snrnp27,Snrnp27,one_to_one,True
CREBL2,Crebl2,Crebl2,one_to_one,True
ZNF706,Zfp706,Zfp706,one_to_one,True
NUBPL,Nubpl,Nubpl,one_to_one,True
DPY30,Dpy30,Dpy30,one_to_one,True
HAT1,Hat1,Hat1,one_to_one,True
DNAJC9,Dnajc9,Dnajc9,one_to_one,True
ENTREP2,Entrep2,,one_to_one,False
RGS20,Rgs20,,one_to_one,False
MRPL43,Mrpl43,Mrpl43,one_to_one,True
HAUS4,Haus4,Haus4,one_to_one,True
GAPVD1,Gapvd1,Gapvd1,one_to_one,True
MRPS26,Mrps26,Mrps26,one_to_one,True
EPDR1,Epdr1,,one_to_one,False
ZFYVE19,Zfyve19,Zfyve19,one_to_one,True
MRPL24,Mrpl24,Mrpl24,one_to_one,True
CRYBB1,Crybb1,,one_to_one,False
MPC1,Mpc1,Mpc1,one_to_one,True
GNG7,Gng7,,one_to_one,False
FAIM,Faim,Faim,one_to_one,True
B9D2,B9d2,B9d2,one_to_one,True
PSMA6,Psma6,Psma6,one_to_one,True
SEC63,Sec63,Sec63,one_to_one,True
FAIM,Faiml,,one_to_one,True
PSMA1,Psma1,Psma1,one_to_one,True
PMEPA1,Pmepa1,Pmepa1,one_to_one,True
RAB10,Rab10,Rab10,one_to_one,True
PIGH,Pigh,Pigh,one_to_one,True
CELF4,Celf4,,one_to_one,False
SLC25A46,Slc25a46,Slc25a46,one_to_one,True
MRPL11,Mrpl11,Mrpl11,one_to_one,True
POLR3K,Polr3k,Polr3k,one_to_one,True
NSMCE1,Nsmce1,Nsmce1,one_to_one,True
PIR,Pir,,one_to_one,False
TAF11,Taf11,Taf11,one_to_one,True
PSMF1,Psmf1,Psmf1,one_to_one,True
POLR2F,Polr2f,Polr2f,one_to_one,True
AP3S2,Ap3s2,Ap3s2,one_to_one,True
PARP6,Parp6,Parp6,one_to_one,True
FAM204A,Fam204a,Fam204a,one_to_one,True
ABHD3,Abhd3,,one_to_one,False
RWDD1,Rwdd1,Rwdd1,one_to_one,True
RGS17,Rgs17,,one_to_one,False
CDC42EP3,Cdc42ep3,Cdc42ep3,one_to_one,True
NKIRAS1,Nkiras1,Nkiras1,one_to_one,True
SUPT4H1,Supt4a,Supt4a,one_to_one,True
SUPT4H1,Supt4b,,one_to_one,True
SEC61G,Sec61g,Sec61g,one_to_one,True
DCTN5,Dctn5,Dctn5,one_to_one,True
NDUFA7,Ndufa7,Ndufa7,one_to_one,True
CMTM4,Cmtm4,Cmtm4,one_to_one,True
MRPL15,Mrpl15,Mrpl15,one_to_one,True
RPL35A,Rpl35a,Rpl35a,one_to_one,True
MRPS15,Mrps15,Mrps15,one_to_one,True
TMEM147,Tmem147,Tmem147,one_to_one,True
RPL29,Rpl29,Rpl29,one_to_one,True
RPL29,Rpl27rt,,one_to_one,True
NKIRAS2,Nkiras2,Nkiras2,one_to_one,True
MYDGF,Mydgf,Mydgf,one_to_one,True
CSTPP1,Cstpp1,1110051M20Rik,one_to_one,True
SPRYD4,Spryd4,Spryd4,one_to_one,True
POLR3H,Polr3h,Polr3h,one_to_one,True
NKX6-1,Nkx6-1,,one_to_one,False
ARL1,Arl1,Arl1,one_to_one,True
BRAP,Brap,Brap,one_to_one,True
GRIFIN,Grifin,,one_to_one,False
OPCML,Opcml,,one_to_one,False
NTM,Ntm,,one_to_one,False
NOP16,Nop16,Nop16,one_to_one,True
RGS8,Rgs8,,one_to_one,False
RAB3C,Rab3c,,one_to_one,False
ATP6V1F,Atp6v1f,Atp6v1f,one_to_one,True
RAB40AL,Rab40b,,ambiguous_orthology,False
RAB40B,Rab40b,,ambiguous_orthology,False
RAB40A,Rab40b,,ambiguous_orthology,False
ZHX2,Zhx2,Zhx2,one_to_one,True
SLC39A11,Slc39a11,Slc39a11,one_to_one,True
SLC39A4,Slc39a4,Slc39a4,one_to_one,True
PIWIL1,Piwil1,,one_to_one,False
KIF21B,Kif21b,Kif21b,one_to_one,True
NBEAL1,Nbeal1,Nbeal1,one_to_one,True
SMC1B,Smc1b,,one_to_one,False
TXK,Txk,Txk,one_to_one,True
PTPRB,Ptprb,,one_to_one,False
AP1AR,Ap1ar,Ap1ar,one_to_one,True
CCDC180,Ccdc180,Ccdc180,one_to_one,True
FAM81B,Fam81b,,one_to_one,False
ZNF408,Zfp408,Zfp408,one_to_one,True
IRS3P,Irs3,,one_to_one,False
NTN5,Ntn5,,one_to_one,False
TRMT10A,Trmt10a,Trmt10a,one_to_one,True
CDH8,Cdh8,,one_to_one,False
VGLL3,Vgll3,,one_to_one,False
TRAPPC8,Trappc8,Trappc8,one_to_one,True
GPR180,Gpr180,Gpr180,one_to_one,True
CFAP61,Cfap61,,one_to_one,False
DHX29,Dhx29,Dhx29,one_to_one,True
KPNA6,Kpna6,Kpna6,one_to_one,True
FNBP4,Fnbp4,Fnbp4,one_to_one,True
CPEB2,Cpeb2,Cpeb2,one_to_one,True
KIFC2,Kifc2,Kifc2,one_to_one,True
TMEM131,Tmem131,Tmem131,one_to_one,True
ARAP2,Arap2,Arap2,one_to_one,True
CCDC30,Ccdc30,Ccdc30,one_to_one,True
HEATR5B,Heatr5b,Heatr5b,one_to_one,True
DNAJC16,Dnajc16,Dnajc16,one_to_one,True
RPTOR,Rptor,Rptor,one_to_one,True
MAP1B,Map1b,,one_to_one,False
DNER,Dner,,one_to_one,False
ERC2,Erc2,,one_to_one,False
TBKBP1,Tbkbp1,Tbkbp1,one_to_one,True
TULP4,Tulp4,Tulp4,one_to_one,True
SEC16A,Sec16a,Sec16a,one_to_one,True
AADAC,Aadac,,one_to_one,False
TULP3,Tulp3,Tulp3,one_to_one,True
CCDC177,Ccdc177,,one_to_one,False
SSTR2,Sstr2,,one_to_one,False
ART1,Art1,,one_to_one,False
ART5,Art5,,one_to_one,False
ART4,Art4,,one_to_one,False
GAB4,Gab2,,ambiguous_orthology,False
GAB2,Gab2,,ambiguous_orthology,False
CDH19,Cdh19,,one_to_one,False
NINL,Ninl,,one_to_one,False
DOCK10,Dock10,Dock10,one_to_one,True
MSS51,Mss51,Mss51,one_to_one,True
GRIN3A,Grin3a,,one_to_one,False
ADAD2,Adad2,,one_to_one,False
ZDHHC11B,Zdhhc11,,ambiguous_orthology,False
ZDHHC11,Zdhhc11,,ambiguous_orthology,False
ATP10B,Atp10b,,one_to_one,False
AJM1,Ajm1,,one_to_one,False
NFATC2,Nfatc2,Nfatc2,one_to_one,True
FER1L4,Fer1l4,,one_to_one,False
ESCO1,Esco1,Esco1,one_to_one,True
TANC1,Tanc1,Tanc1,one_to_one,True
GMIP,Gmip,Gmip,one_to_one,True
SORCS2,Sorcs2,,one_to_one,False
SLX1A,Slx1b,Slx1b,ambiguous_orthology,False
SLX1B,Slx1b,Slx1b,ambiguous_orthology,False
ZDHHC1,Zdhhc1,,one_to_one,False
SZT2,Szt2,Szt2,one_to_one,True
BRSK2,Brsk2,,one_to_one,False
DHX30,Dhx30,Dhx30,one_to_one,True
BCORL1,Bcorl1,Bcorl1,one_to_one,True
MRC2,Mrc2,,one_to_one,False
BRINP1,Brinp1,,one_to_one,False
SEMA4F,Sema4f,Sema4f,one_to_one,True
BAIAP3,Baiap3,Baiap3,one_to_one,True
LRIG3,Lrig3,Lrig3,one_to_one,True
CLDN18,Cldn18,,one_to_one,False
RHOBTB1,Rhobtb1,,one_to_one,False
LRRC7,Lrrc7,,one_to_one,False
PRKD3,Prkd3,Prkd3,one_to_one,True
ZMAT3,Zmat3,Zmat3,one_to_one,True
TMPRSS7,Tmprss7,,one_to_one,False
ACYP2,Acyp2,Acyp2,one_to_one,True
SLC8B1,Slc8b1,Slc8b1,one_to_one,True
OIT3,Oit3,,one_to_one,False
DNAH2,Dnah2,,one_to_one,False
RALGAPB,Ralgapb,Ralgapb,one_to_one,True
NHSL2,Nhsl2,,one_to_one,False
METTL15,Mettl15,Mettl15,ambiguous_orthology,False
METTL15P1,Mettl15,Mettl15,ambiguous_orthology,False
LRRK1,Lrrk1,Lrrk1,one_to_one,True
CTIF,Ctif,Ctif,one_to_one,True
LEKR1,Lekr1,,one_to_one,False
CNBD1,Cnbd1,,one_to_one,False
MMP19,Mmp19,,one_to_one,False
HGFAC,Hgfac,,one_to_one,False
PLEKHA6,Plekha6,,one_to_one,False
PCDH11Y,Pcdh11x,,ambiguous_orthology,False
PCDH11X,Pcdh11x,,ambiguous_orthology,False
LRFN3,Lrfn3,,one_to_one,False
TMEM87B,Tmem87b,Tmem87b,one_to_one,True
APBB3,Apbb3,Apbb3,one_to_one,True
ALPK1,Alpk1,,one_to_one,False
CAPN15,Capn15,Capn15,one_to_one,True
RAB19,Rab19,Rab19,one_to_one,True
SYT17,Syt17,,one_to_one,False
CYTIP,Cytip,Cytip,one_to_one,True
SNTG1,Sntg1,,one_to_one,False
DTX1,Dtx1,Dtx1,one_to_one,True
FPR2,Fpr2,,one_to_one,False
FPR1,Fpr1,,one_to_one,False
FPR3,Fpr3,,ambiguous_orthology,False
FPR2,Fpr3,,ambiguous_orthology,False
ELMO2,Elmo2,Elmo2,one_to_one,True
CYP2AB1P,Cyp2ab1,,one_to_one,False
TRIP6,Trip6,,one_to_one,False
TBC1D2,Tbc1d2,,one_to_one,False
SLC4A7,Slc4a7,Slc4a7,one_to_one,True
FBXL13,Fbxl13,,one_to_one,False
PCDH12,Pcdh12,,one_to_one,False
SIPA1,Sipa1,Sipa1,one_to_one,True
REPS2,Reps2,,one_to_one,False
STAG3,Stag3,,one_to_one,False
RAI2,Rai2,,one_to_one,False
GPR20,Gpr20,,one_to_one,False
CDH16,Cdh16,,one_to_one,False
PDGFD,Pdgfd,,one_to_one,False
HGSNAT,Hgsnat,Hgsnat,one_to_one,True
DNASE2B,Dnase2b,,one_to_one,False
INTS5,Ints5,Ints5,one_to_one,True
RNF111,Rnf111,Rnf111,one_to_one,True
ENOX2,Enox2,Enox2,one_to_one,True
ARHGEF40,Arhgef40,,one_to_one,False
PELP1,Pelp1,Pelp1,one_to_one,True
HDX,Hdx,,one_to_one,False
MAN2B2,Man2b2,Man2b2,one_to_one,True
FAM135B,Fam135b,,one_to_one,False
BDKRB2,Bdkrb2,,one_to_one,False
UNC13B,Unc13b,,one_to_one,False
DTHD1,Dthd1,,one_to_one,False
STK39,Stk39,Stk39,one_to_one,True
CRISPLD2,Crispld2,,one_to_one,False
OFCC1,Ofcc1,,one_to_one,False
TMEM132A,Tmem132a,,one_to_one,False
TFPT,Tfpt,Tfpt,one_to_one,True
CCDC57,Ccdc57,,one_to_one,False
ZNF318,Zfp318,Zfp318,one_to_one,True
MALRD1,Malrd1,,one_to_one,False
AREL1,Arel1,Arel1,one_to_one,True
GPC5,Gpc5,,one_to_one,False
PARM1,Parm1,,one_to_one,False
CIB3,Cib3,,one_to_one,False
IL1RAP,Il1rap,Il1rap,one_to_one,True
TTC34,Ttc34,,one_to_one,False
CEP120,Cep120,Cep120,one_to_one,True
SCAPER,Scaper,Scaper,one_to_one,True
ZNF319,Zfp319,Zfp319,one_to_one,True
SLC30A10,Slc30a10,,one_to_one,False
P2RX1,P2rx1,,one_to_one,False
TBXA2R,Tbxa2r,Tbxa2r,one_to_one,True
ROBO1,Robo1,,one_to_one,False
COPZ2,Copz2,,one_to_one,False
BDNF,Bdnf,,one_to_one,False
FGD3,Fgd3,Fgd3,one_to_one,True
DEDD2,Dedd2,Dedd2,one_to_one,True
PDP2,Pdp2,Pdp2,one_to_one,True
PAX5,Pax5,,one_to_one,False
PAX8,Pax8,,one_to_one,False
STAR,Star,Star,one_to_one,True
SLIT2,Slit2,,one_to_one,False
EFNB1,Efnb1,Efnb1,one_to_one,True
LCAT,Lcat,,one_to_one,False
SIM2,Sim2,,one_to_one,False
BIVM,Bivm,Bivm,one_to_one,True
NGB,Ngb,,one_to_one,False
GLRA3,Glra3,,one_to_one,False
NEK8,Nek8,Nek8,one_to_one,True
MAB21L1,Mab21l1,,one_to_one,False
TBX18,Tbx18,,one_to_one,False
HGD,Hgd,,one_to_one,False
PLAGL2,Plagl2,Plagl2,one_to_one,True
RELN,Reln,,one_to_one,False
ADRA2A,Adra2a,,one_to_one,False
DRD3,Drd3,,one_to_one,False
TIMM9,Timm9,Timm9,one_to_one,True
NFE2,Nfe2,,one_to_one,False
MCMDC2,Mcmdc2,,one_to_one,False
P2RX2,P2rx2,,one_to_one,False
P2RX7,P2rx7,P2rx7,one_to_one,True
NKX1-2,Nkx1-2,,one_to_one,False
MC1R,Mc1r,,one_to_one,False
MC2R,Mc2r,,one_to_one,False
ANXA4,Anxa4,Anxa4,one_to_one,True
ANXA6,Anxa6,Anxa6,one_to_one,True
SLC26A2,Slc26a2,Slc26a2,one_to_one,True
FGF19,Fgf15,,one_to_one,False
TNR,Tnr,,one_to_one,False
NPFF,Npff,Npff,one_to_one,True
ZAR1,Zar1,,one_to_one,False
CASP2,Casp2,Casp2,one_to_one,True
CBR1,Cbr1b,,one_to_one,True
CBR3,Cbr3,,one_to_one,False
VAX2,Vax2,,one_to_one,False
VAX1,Vax1,,one_to_one,False
DHCR7,Dhcr7,Dhcr7,one_to_one,True
DISP2,Disp2,,one_to_one,False
AKT2,Akt2,Akt2,one_to_one,True
BTG4,Btg4,,one_to_one,False
FEM1C,Fem1c,Fem1c,one_to_one,True
TIMM8B,Timm8b,Timm8b,one_to_one,True
APOH,Apoh,,one_to_one,False
TUBB,Tubb5,Tubb5,one_to_one,True
FOXI3,Foxi3,,one_to_one,False
SP4,Sp4,Sp4,one_to_one,True
GPC3,Gpc3,,one_to_one,False
DCAF4L1,Dcaf4,Dcaf4,ambiguous_orthology,False
DCAF4L2,Dcaf4,Dcaf4,ambiguous_orthology,False
DCAF4,Dcaf4,Dcaf4,ambiguous_orthology,False
ING3,Ing3,Ing3,one_to_one,True
SOX7,Sox7,,one_to_one,False
FANCD2,Fancd2,,one_to_one,False
PGAM2,Pgam2,,one_to_one,False
NFKBIL1,Nfkbil1,Nfkbil1,one_to_one,True
INSIG2,Insig2,Insig2,one_to_one,True
MBD4,Mbd4,Mbd4,one_to_one,True
HAS1,Has1,,one_to_one,False
SARM1,Sarm1,,one_to_one,False
GNMT,Gnmt,,one_to_one,False
VEGFC,Vegfc,,one_to_one,False
CASC3,Casc3,Casc3,one_to_one,True
PIK3R2,Pik3r2,Pik3r2,one_to_one,True
FGF2,Fgf2,,one_to_one,False
HCRT,Hcrt,,one_to_one,False
ELOVL5,Elovl5,Elovl5,one_to_one,True
BCOR,Bcor,Bcor,one_to_one,True
C5orf22,6030458C11Rik,6030458C11Rik,one_to_one,True
C1orf35,2310033P09Rik,2310033P09Rik,one_to_one,True
CUTALP,Cutal,,one_to_one,False
NNMT,Nnmt,,one_to_one,False
INMT,Inmt,,one_to_one,False
CD53,Cd53,Cd53,one_to_one,True
C6orf120,1600012H06Rik,1600012H06Rik,one_to_one,True
ANKLE1,Ankle1,,one_to_one,False
C5orf24,B230219D22Rik,B230219D22Rik,one_to_one,True
C11orf58,1110004F10Rik,1110004F10Rik,one_to_one,True
ACTR3,Actr3,Actr3,one_to_one,True
IGHV1OR15-9,Ighv1-85,,ambiguous_orthology,False
IGHV1-69,Ighv1-85,,ambiguous_orthology,False
IGHV1-69-2,Ighv1-85,,ambiguous_orthology,False
IGHV1-3,Ighv1-85,,ambiguous_orthology,False
IGHV1-8,Ighv1-85,,ambiguous_orthology,False
IGHV1OR15-1,Ighv1-85,,ambiguous_orthology,False
IGHV1-2,Ighv1-85,,ambiguous_orthology,False
IGHV1-69D,Ighv1-85,,ambiguous_orthology,False
IGHV1-58,Ighv1-85,,ambiguous_orthology,False
IGHV1-46,Ighv1-85,,ambiguous_orthology,False
IGHV1-45,Ighv1-85,,ambiguous_orthology,False
IGHV1-24,Ighv1-85,,ambiguous_orthology,False
IGHV1-18,Ighv1-85,,ambiguous_orthology,False
IGHV1-38-4,Ighv1-85,,ambiguous_orthology,False
IGHV1OR21-1,Ighv1-85,,ambiguous_orthology,False
IGHV1OR15-9,Ighv1-26,,ambiguous_orthology,False
IGHV1-69,Ighv1-26,,ambiguous_orthology,False
IGHV1-69-2,Ighv1-26,,ambiguous_orthology,False
IGHV1-3,Ighv1-26,,ambiguous_orthology,False
IGHV1-8,Ighv1-26,,ambiguous_orthology,False
IGHV1OR15-1,Ighv1-26,,ambiguous_orthology,False
IGHV1-2,Ighv1-26,,ambiguous_orthology,False
IGHV1-69D,Ighv1-26,,ambiguous_orthology,False
IGHV1-58,Ighv1-26,,ambiguous_orthology,False
IGHV1-46,Ighv1-26,,ambiguous_orthology,False
IGHV1-45,Ighv1-26,,ambiguous_orthology,False
IGHV1-24,Ighv1-26,,ambiguous_orthology,False
IGHV1-18,Ighv1-26,,ambiguous_orthology,False
IGHV1-38-4,Ighv1-26,,ambiguous_orthology,False
IGHV1OR21-1,Ighv1-26,,ambiguous_orthology,False
IGHV1-58,Ighv1-37,,ambiguous_orthology,False
IGHV1-24,Ighv1-37,,ambiguous_orthology,False
IGHV1-18,Ighv1-37,,ambiguous_orthology,False
IGHV3-35,Ighv7-2,,ambiguous_orthology,False
IGHV3-73,Ighv7-2,,ambiguous_orthology,False
IGHV3-15,Ighv7-2,,ambiguous_orthology,False
IGHV3-72,Ighv7-2,,ambiguous_orthology,False
IGHV3-16,Ighv7-2,,ambiguous_orthology,False
IGHV1OR15-9,Ighv1-84,,ambiguous_orthology,False
IGHV1-69,Ighv1-84,,ambiguous_orthology,False
IGHV1-69-2,Ighv1-84,,ambiguous_orthology,False
IGHV1-3,Ighv1-84,,ambiguous_orthology,False
IGHV1-8,Ighv1-84,,ambiguous_orthology,False
IGHV1OR15-1,Ighv1-84,,ambiguous_orthology,False
IGHV1-2,Ighv1-84,,ambiguous_orthology,False
IGHV1-69D,Ighv1-84,,ambiguous_orthology,False
IGHV1-58,Ighv1-84,,ambiguous_orthology,False
IGHV1-46,Ighv1-84,,ambiguous_orthology,False
IGHV1-45,Ighv1-84,,ambiguous_orthology,False
IGHV1-24,Ighv1-84,,ambiguous_orthology,False
IGHV1-18,Ighv1-84,,ambiguous_orthology,False
IGHV1-38-4,Ighv1-84,,ambiguous_orthology,False
IGHV1OR21-1,Ighv1-84,,ambiguous_orthology,False
IGHV1-58,Ighv1-20,,ambiguous_orthology,False
IGHV1-24,Ighv1-20,,ambiguous_orthology,False
IGHV1-18,Ighv1-20,,ambiguous_orthology,False
IGHV1-38-4,Ighv1-81,,ambiguous_orthology,False
IGHV1-58,Ighv1-81,,ambiguous_orthology,False
IGHV1OR15-9,Ighv1-81,,ambiguous_orthology,False
IGHV1-18,Ighv1-81,,ambiguous_orthology,False
IGHV1OR15-9,Ighv1-72,,ambiguous_orthology,False
IGHV1-69,Ighv1-72,,ambiguous_orthology,False
IGHV1-69-2,Ighv1-72,,ambiguous_orthology,False
IGHV1-3,Ighv1-72,,ambiguous_orthology,False
IGHV1-8,Ighv1-72,,ambiguous_orthology,False
IGHV1OR15-1,Ighv1-72,,ambiguous_orthology,False
IGHV1-2,Ighv1-72,,ambiguous_orthology,False
IGHV1-69D,Ighv1-72,,ambiguous_orthology,False
IGHV1-58,Ighv1-72,,ambiguous_orthology,False
IGHV1-46,Ighv1-72,,ambiguous_orthology,False
IGHV1-45,Ighv1-72,,ambiguous_orthology,False
IGHV1-24,Ighv1-72,,ambiguous_orthology,False
IGHV1-18,Ighv1-72,,ambiguous_orthology,False
IGHV1-38-4,Ighv1-72,,ambiguous_orthology,False
IGHV1OR21-1,Ighv1-72,,ambiguous_orthology,False
IGHV1-38-4,Ighv1-23,,ambiguous_orthology,False
IGHV1-58,Ighv1-23,,ambiguous_orthology,False
IGHV1OR15-9,Ighv1-23,,ambiguous_orthology,False
IGHV1-18,Ighv1-23,,ambiguous_orthology,False
IGHV1OR15-9,Ighv1-34,,ambiguous_orthology,False
IGHV1-69,Ighv1-34,,ambiguous_orthology,False
IGHV1-69-2,Ighv1-34,,ambiguous_orthology,False
IGHV1-3,Ighv1-34,,ambiguous_orthology,False
IGHV1-8,Ighv1-34,,ambiguous_orthology,False
IGHV1OR15-1,Ighv1-34,,ambiguous_orthology,False
IGHV1-2,Ighv1-34,,ambiguous_orthology,False
IGHV1-69D,Ighv1-34,,ambiguous_orthology,False
IGHV1-58,Ighv1-34,,ambiguous_orthology,False
IGHV1-46,Ighv1-34,,ambiguous_orthology,False
IGHV1-45,Ighv1-34,,ambiguous_orthology,False
IGHV1-24,Ighv1-34,,ambiguous_orthology,False
IGHV1-18,Ighv1-34,,ambiguous_orthology,False
IGHV1-38-4,Ighv1-34,,ambiguous_orthology,False
IGHV1OR21-1,Ighv1-34,,ambiguous_orthology,False
IGHV1-69,Ighv1-39,,ambiguous_orthology,False
IGHV1-3,Ighv1-39,,ambiguous_orthology,False
IGHV1OR15-1,Ighv1-39,,ambiguous_orthology,False
IGHV1-2,Ighv1-39,,ambiguous_orthology,False
IGHV1-58,Ighv1-39,,ambiguous_orthology,False
IGHV1-24,Ighv1-39,,ambiguous_orthology,False
IGHV1-18,Ighv1-39,,ambiguous_orthology,False
IGHV1-69D,Ighv1-39,,ambiguous_orthology,False
IGHV1OR15-9,Ighv1-53,,ambiguous_orthology,False
IGHV1-69,Ighv1-53,,ambiguous_orthology,False
IGHV1-69-2,Ighv1-53,,ambiguous_orthology,False
IGHV1-3,Ighv1-53,,ambiguous_orthology,False
IGHV1-8,Ighv1-53,,ambiguous_orthology,False
IGHV1OR15-1,Ighv1-53,,ambiguous_orthology,False
IGHV1-2,Ighv1-53,,ambiguous_orthology,False
IGHV1-69D,Ighv1-53,,ambiguous_orthology,False
IGHV1-58,Ighv1-53,,ambiguous_orthology,False
IGHV1-46,Ighv1-53,,ambiguous_orthology,False
IGHV1-45,Ighv1-53,,ambiguous_orthology,False
IGHV1-24,Ighv1-53,,ambiguous_orthology,False
IGHV1-18,Ighv1-53,,ambiguous_orthology,False
IGHV1-38-4,Ighv1-53,,ambiguous_orthology,False
IGHV1OR21-1,Ighv1-53,,ambiguous_orthology,False
IGHV1-38-4,Ighv1-36,,ambiguous_orthology,False
IGHV1-58,Ighv1-36,,ambiguous_orthology,False
IGHV1OR15-9,Ighv1-36,,ambiguous_orthology,False
IGHV1-18,Ighv1-36,,ambiguous_orthology,False
IGHV1-38-4,Ighv1-80,,ambiguous_orthology,False
IGHV1-58,Ighv1-80,,ambiguous_orthology,False
IGHV1OR15-9,Ighv1-80,,ambiguous_orthology,False
IGHV1-18,Ighv1-80,,ambiguous_orthology,False
IGHV1-38-4,Ighv1-15,,ambiguous_orthology,False
IGHV1-58,Ighv1-15,,ambiguous_orthology,False
IGHV1OR15-9,Ighv1-15,,ambiguous_orthology,False
IGHV1-18,Ighv1-15,,ambiguous_orthology,False
IGHV1OR15-9,Ighv1-75,,ambiguous_orthology,False
IGHV1-69,Ighv1-75,,ambiguous_orthology,False
IGHV1-69-2,Ighv1-75,,ambiguous_orthology,False
IGHV1-3,Ighv1-75,,ambiguous_orthology,False
IGHV1-8,Ighv1-75,,ambiguous_orthology,False
IGHV1OR15-1,Ighv1-75,,ambiguous_orthology,False
IGHV1-2,Ighv1-75,,ambiguous_orthology,False
IGHV1-69D,Ighv1-75,,ambiguous_orthology,False
IGHV1-58,Ighv1-75,,ambiguous_orthology,False
IGHV1-46,Ighv1-75,,ambiguous_orthology,False
IGHV1-45,Ighv1-75,,ambiguous_orthology,False
IGHV1-24,Ighv1-75,,ambiguous_orthology,False
IGHV1-18,Ighv1-75,,ambiguous_orthology,False
IGHV1-38-4,Ighv1-75,,ambiguous_orthology,False
IGHV1OR21-1,Ighv1-75,,ambiguous_orthology,False
IGHV1OR15-9,Ighv1-64,,ambiguous_orthology,False
IGHV1-69,Ighv1-64,,ambiguous_orthology,False
IGHV1-69-2,Ighv1-64,,ambiguous_orthology,False
IGHV1-3,Ighv1-64,,ambiguous_orthology,False
IGHV1-8,Ighv1-64,,ambiguous_orthology,False
IGHV1OR15-1,Ighv1-64,,ambiguous_orthology,False
IGHV1-2,Ighv1-64,,ambiguous_orthology,False
IGHV1-69D,Ighv1-64,,ambiguous_orthology,False
IGHV1-58,Ighv1-64,,ambiguous_orthology,False
IGHV1-46,Ighv1-64,,ambiguous_orthology,False
IGHV1-45,Ighv1-64,,ambiguous_orthology,False
IGHV1-24,Ighv1-64,,ambiguous_orthology,False
IGHV1-18,Ighv1-64,,ambiguous_orthology,False
IGHV1-38-4,Ighv1-64,,ambiguous_orthology,False
IGHV1OR21-1,Ighv1-64,,ambiguous_orthology,False
IGHV1OR15-9,Ighv1-19,,ambiguous_orthology,False
IGHV1-69,Ighv1-19,,ambiguous_orthology,False
IGHV1-69-2,Ighv1-19,,ambiguous_orthology,False
IGHV1-3,Ighv1-19,,ambiguous_orthology,False
IGHV1-8,Ighv1-19,,ambiguous_orthology,False
IGHV1OR15-1,Ighv1-19,,ambiguous_orthology,False
IGHV1-2,Ighv1-19,,ambiguous_orthology,False
IGHV1-69D,Ighv1-19,,ambiguous_orthology,False
IGHV1-58,Ighv1-19,,ambiguous_orthology,False
IGHV1-46,Ighv1-19,,ambiguous_orthology,False
IGHV1-45,Ighv1-19,,ambiguous_orthology,False
IGHV1-24,Ighv1-19,,ambiguous_orthology,False
IGHV1-18,Ighv1-19,,ambiguous_orthology,False
IGHV1-38-4,Ighv1-19,,ambiguous_orthology,False
IGHV1OR21-1,Ighv1-19,,ambiguous_orthology,False
IGHV1OR15-9,Ighv1-22,,ambiguous_orthology,False
IGHV1-69,Ighv1-22,,ambiguous_orthology,False
IGHV1-69-2,Ighv1-22,,ambiguous_orthology,False
IGHV1-3,Ighv1-22,,ambiguous_orthology,False
IGHV1-8,Ighv1-22,,ambiguous_orthology,False
IGHV1OR15-1,Ighv1-22,,ambiguous_orthology,False
IGHV1-2,Ighv1-22,,ambiguous_orthology,False
IGHV1-69D,Ighv1-22,,ambiguous_orthology,False
IGHV1-58,Ighv1-22,,ambiguous_orthology,False
IGHV1-46,Ighv1-22,,ambiguous_orthology,False
IGHV1-45,Ighv1-22,,ambiguous_orthology,False
IGHV1-24,Ighv1-22,,ambiguous_orthology,False
IGHV1-18,Ighv1-22,,ambiguous_orthology,False
IGHV1-38-4,Ighv1-22,,ambiguous_orthology,False
IGHV1OR21-1,Ighv1-22,,ambiguous_orthology,False
IGHV1OR15-9,Ighv1-66,,ambiguous_orthology,False
IGHV1-69,Ighv1-66,,ambiguous_orthology,False
IGHV1-69-2,Ighv1-66,,ambiguous_orthology,False
IGHV1-3,Ighv1-66,,ambiguous_orthology,False
IGHV1-8,Ighv1-66,,ambiguous_orthology,False
IGHV1OR15-1,Ighv1-66,,ambiguous_orthology,False
IGHV1-2,Ighv1-66,,ambiguous_orthology,False
IGHV1-69D,Ighv1-66,,ambiguous_orthology,False
IGHV1-58,Ighv1-66,,ambiguous_orthology,False
IGHV1-46,Ighv1-66,,ambiguous_orthology,False
IGHV1-45,Ighv1-66,,ambiguous_orthology,False
IGHV1-24,Ighv1-66,,ambiguous_orthology,False
IGHV1-18,Ighv1-66,,ambiguous_orthology,False
IGHV1-38-4,Ighv1-66,,ambiguous_orthology,False
IGHV1OR21-1,Ighv1-66,,ambiguous_orthology,False
IGHV1OR15-9,Ighv1-4,,ambiguous_orthology,False
IGHV1-69,Ighv1-4,,ambiguous_orthology,False
IGHV1-69-2,Ighv1-4,,ambiguous_orthology,False
IGHV1-3,Ighv1-4,,ambiguous_orthology,False
IGHV1-8,Ighv1-4,,ambiguous_orthology,False
IGHV1OR15-1,Ighv1-4,,ambiguous_orthology,False
IGHV1-2,Ighv1-4,,ambiguous_orthology,False
IGHV1-69D,Ighv1-4,,ambiguous_orthology,False
IGHV1-58,Ighv1-4,,ambiguous_orthology,False
IGHV1-46,Ighv1-4,,ambiguous_orthology,False
IGHV1-45,Ighv1-4,,ambiguous_orthology,False
IGHV1-24,Ighv1-4,,ambiguous_orthology,False
IGHV1-18,Ighv1-4,,ambiguous_orthology,False
IGHV1-38-4,Ighv1-4,,ambiguous_orthology,False
IGHV1OR21-1,Ighv1-4,,ambiguous_orthology,False
IGHV1OR15-9,Ighv1-52,,ambiguous_orthology,False
IGHV1-69,Ighv1-52,,ambiguous_orthology,False
IGHV1-69-2,Ighv1-52,,ambiguous_orthology,False
IGHV1-3,Ighv1-52,,ambiguous_orthology,False
IGHV1-8,Ighv1-52,,ambiguous_orthology,False
IGHV1OR15-1,Ighv1-52,,ambiguous_orthology,False
IGHV1-2,Ighv1-52,,ambiguous_orthology,False
IGHV1-69D,Ighv1-52,,ambiguous_orthology,False
IGHV1-58,Ighv1-52,,ambiguous_orthology,False
IGHV1-46,Ighv1-52,,ambiguous_orthology,False
IGHV1-45,Ighv1-52,,ambiguous_orthology,False
IGHV1-24,Ighv1-52,,ambiguous_orthology,False
IGHV1-18,Ighv1-52,,ambiguous_orthology,False
IGHV1-38-4,Ighv1-52,,ambiguous_orthology,False
IGHV1OR21-1,Ighv1-52,,ambiguous_orthology,False
IGHV1-58,Ighv1-11,,ambiguous_orthology,False
IGHV1-24,Ighv1-11,,ambiguous_orthology,False
IGHV1-18,Ighv1-11,,ambiguous_orthology,False
IGHV1-58,Ighv1-43,,ambiguous_orthology,False
IGHV1-24,Ighv1-43,,ambiguous_orthology,False
IGHV1-18,Ighv1-43,,ambiguous_orthology,False
IGHV1OR15-9,Ighv1-50,,ambiguous_orthology,False
IGHV1-69,Ighv1-50,,ambiguous_orthology,False
IGHV1-69-2,Ighv1-50,,ambiguous_orthology,False
IGHV1-3,Ighv1-50,,ambiguous_orthology,False
IGHV1-8,Ighv1-50,,ambiguous_orthology,False
IGHV1OR15-1,Ighv1-50,,ambiguous_orthology,False
IGHV1-2,Ighv1-50,,ambiguous_orthology,False
IGHV1-69D,Ighv1-50,,ambiguous_orthology,False
IGHV1-58,Ighv1-50,,ambiguous_orthology,False
IGHV1-46,Ighv1-50,,ambiguous_orthology,False
IGHV1-45,Ighv1-50,,ambiguous_orthology,False
IGHV1-24,Ighv1-50,,ambiguous_orthology,False
IGHV1-18,Ighv1-50,,ambiguous_orthology,False
IGHV1-38-4,Ighv1-50,,ambiguous_orthology,False
IGHV1OR21-1,Ighv1-50,,ambiguous_orthology,False
IGHV7-4-1,Ighv9-3,,ambiguous_orthology,False
IGHV7-81,Ighv9-3,,ambiguous_orthology,False
IGHV1-24,Ighv14-4,,one_to_one,False
IGHV1-58,Ighv1-82,,ambiguous_orthology,False
IGHV1-24,Ighv1-82,,ambiguous_orthology,False
IGHV1-18,Ighv1-82,,ambiguous_orthology,False
IGHV1-58,Ighv1-76,,ambiguous_orthology,False
IGHV1-24,Ighv1-76,,ambiguous_orthology,False
IGHV1-18,Ighv1-76,,ambiguous_orthology,False
IGHV1-58,Ighv1-47,,ambiguous_orthology,False
IGHV1-24,Ighv1-47,,ambiguous_orthology,False
IGHV1-18,Ighv1-47,,ambiguous_orthology,False
IGHV1-58,Ighv1-77,,ambiguous_orthology,False
IGHV1-24,Ighv1-77,,ambiguous_orthology,False
IGHV1-18,Ighv1-77,,ambiguous_orthology,False
IGHV1-58,Ighv1-42,,ambiguous_orthology,False
IGHV1-24,Ighv1-42,,ambiguous_orthology,False
IGHV1-18,Ighv1-42,,ambiguous_orthology,False
IGHV1OR15-9,Ighv1-7,,ambiguous_orthology,False
IGHV1-69,Ighv1-7,,ambiguous_orthology,False
IGHV1-69-2,Ighv1-7,,ambiguous_orthology,False
IGHV1-3,Ighv1-7,,ambiguous_orthology,False
IGHV1-8,Ighv1-7,,ambiguous_orthology,False
IGHV1OR15-1,Ighv1-7,,ambiguous_orthology,False
IGHV1-2,Ighv1-7,,ambiguous_orthology,False
IGHV1-69D,Ighv1-7,,ambiguous_orthology,False
IGHV1-58,Ighv1-7,,ambiguous_orthology,False
IGHV1-46,Ighv1-7,,ambiguous_orthology,False
IGHV1-45,Ighv1-7,,ambiguous_orthology,False
IGHV1-24,Ighv1-7,,ambiguous_orthology,False
IGHV1-18,Ighv1-7,,ambiguous_orthology,False
IGHV1-38-4,Ighv1-7,,ambiguous_orthology,False
IGHV1OR21-1,Ighv1-7,,ambiguous_orthology,False
IGHV1OR15-9,Ighv1-55,,ambiguous_orthology,False
IGHV1-69,Ighv1-55,,ambiguous_orthology,False
IGHV1-69-2,Ighv1-55,,ambiguous_orthology,False
IGHV1-3,Ighv1-55,,ambiguous_orthology,False
IGHV1-8,Ighv1-55,,ambiguous_orthology,False
IGHV1OR15-1,Ighv1-55,,ambiguous_orthology,False
IGHV1-2,Ighv1-55,,ambiguous_orthology,False
IGHV1-69D,Ighv1-55,,ambiguous_orthology,False
IGHV1-58,Ighv1-55,,ambiguous_orthology,False
IGHV1-46,Ighv1-55,,ambiguous_orthology,False
IGHV1-45,Ighv1-55,,ambiguous_orthology,False
IGHV1-24,Ighv1-55,,ambiguous_orthology,False
IGHV1-18,Ighv1-55,,ambiguous_orthology,False
IGHV1-38-4,Ighv1-55,,ambiguous_orthology,False
IGHV1OR21-1,Ighv1-55,,ambiguous_orthology,False
IGHV1-58,Ighv1-49,,ambiguous_orthology,False
IGHV1-24,Ighv1-49,,ambiguous_orthology,False
IGHV1-18,Ighv1-49,,ambiguous_orthology,False
IGHV1-58,Ighv1-56,,ambiguous_orthology,False
IGHV1-24,Ighv1-56,,ambiguous_orthology,False
IGHV1-18,Ighv1-56,,ambiguous_orthology,False
IGHV1OR15-9,Ighv1-63,,ambiguous_orthology,False
IGHV1-69,Ighv1-63,,ambiguous_orthology,False
IGHV1-69-2,Ighv1-63,,ambiguous_orthology,False
IGHV1-3,Ighv1-63,,ambiguous_orthology,False
IGHV1-8,Ighv1-63,,ambiguous_orthology,False
IGHV1OR15-1,Ighv1-63,,ambiguous_orthology,False
IGHV1-2,Ighv1-63,,ambiguous_orthology,False
IGHV1-69D,Ighv1-63,,ambiguous_orthology,False
IGHV1-58,Ighv1-63,,ambiguous_orthology,False
IGHV1-46,Ighv1-63,,ambiguous_orthology,False
IGHV1-45,Ighv1-63,,ambiguous_orthology,False
IGHV1-24,Ighv1-63,,ambiguous_orthology,False
IGHV1-18,Ighv1-63,,ambiguous_orthology,False
IGHV1-38-4,Ighv1-63,,ambiguous_orthology,False
IGHV1OR21-1,Ighv1-63,,ambiguous_orthology,False
IGHV3-72,Ighv13-2,,ambiguous_orthology,False
IGHV3-73,Ighv13-2,,ambiguous_orthology,False
IGHV1OR15-9,Ighv1-59,,ambiguous_orthology,False
IGHV1-69,Ighv1-59,,ambiguous_orthology,False
IGHV1-69-2,Ighv1-59,,ambiguous_orthology,False
IGHV1-3,Ighv1-59,,ambiguous_orthology,False
IGHV1-8,Ighv1-59,,ambiguous_orthology,False
IGHV1OR15-1,Ighv1-59,,ambiguous_orthology,False
IGHV1-2,Ighv1-59,,ambiguous_orthology,False
IGHV1-69D,Ighv1-59,,ambiguous_orthology,False
IGHV1-58,Ighv1-59,,ambiguous_orthology,False
IGHV1-46,Ighv1-59,,ambiguous_orthology,False
IGHV1-45,Ighv1-59,,ambiguous_orthology,False
IGHV1-24,Ighv1-59,,ambiguous_orthology,False
IGHV1-18,Ighv1-59,,ambiguous_orthology,False
IGHV1-38-4,Ighv1-59,,ambiguous_orthology,False
IGHV1OR21-1,Ighv1-59,,ambiguous_orthology,False
IGHV1-58,Ighv1-31,,ambiguous_orthology,False
IGHV1-24,Ighv1-31,,ambiguous_orthology,False
IGHV1-18,Ighv1-31,,ambiguous_orthology,False
IGHV1OR15-9,Ighv1-62-3,,ambiguous_orthology,False
IGHV1-69,Ighv1-62-3,,ambiguous_orthology,False
IGHV1-69-2,Ighv1-62-3,,ambiguous_orthology,False
IGHV1-3,Ighv1-62-3,,ambiguous_orthology,False
IGHV1-8,Ighv1-62-3,,ambiguous_orthology,False
IGHV1OR15-1,Ighv1-62-3,,ambiguous_orthology,False
IGHV1-2,Ighv1-62-3,,ambiguous_orthology,False
IGHV1-69D,Ighv1-62-3,,ambiguous_orthology,False
IGHV1-58,Ighv1-62-3,,ambiguous_orthology,False
IGHV1-46,Ighv1-62-3,,ambiguous_orthology,False
IGHV1-45,Ighv1-62-3,,ambiguous_orthology,False
IGHV1-24,Ighv1-62-3,,ambiguous_orthology,False
IGHV1-18,Ighv1-62-3,,ambiguous_orthology,False
IGHV1-38-4,Ighv1-62-3,,ambiguous_orthology,False
IGHV1OR21-1,Ighv1-62-3,,ambiguous_orthology,False
IGHV1-58,Ighv1-71,,ambiguous_orthology,False
IGHV1-24,Ighv1-71,,ambiguous_orthology,False
IGHV1-18,Ighv1-71,,ambiguous_orthology,False
IGHV7-4-1,Ighv9-2,,ambiguous_orthology,False
IGHV7-81,Ighv9-2,,ambiguous_orthology,False
IGHV1-24,Ighv14-2,,one_to_one,False
IGHV5-51,Ighv1-5,,ambiguous_orthology,False
IGHV1-58,Ighv1-5,,ambiguous_orthology,False
IGHV1-24,Ighv1-5,,ambiguous_orthology,False
IGHV1-18,Ighv1-5,,ambiguous_orthology,False
IGHV5-10-1,Ighv1-5,,ambiguous_orthology,False
IGHV1-58,Ighv1-16,,ambiguous_orthology,False
IGHV1-18,Ighv1-16,,ambiguous_orthology,False
IGHV3-73,Ighv10-3,,one_to_one,False
IGHV1-24,Ighv14-1,,one_to_one,False
IGHV7-4-1,Ighv9-4,,ambiguous_orthology,False
IGHV7-81,Ighv9-4,,ambiguous_orthology,False
IGHV1-58,Ighv1-24,,ambiguous_orthology,False
IGHV1-18,Ighv1-24,,ambiguous_orthology,False
IGHV1OR15-9,Ighv1-74,,ambiguous_orthology,False
IGHV1-69,Ighv1-74,,ambiguous_orthology,False
IGHV1-69-2,Ighv1-74,,ambiguous_orthology,False
IGHV1-3,Ighv1-74,,ambiguous_orthology,False
IGHV1-8,Ighv1-74,,ambiguous_orthology,False
IGHV1OR15-1,Ighv1-74,,ambiguous_orthology,False
IGHV1-2,Ighv1-74,,ambiguous_orthology,False
IGHV1-69D,Ighv1-74,,ambiguous_orthology,False
IGHV1-58,Ighv1-74,,ambiguous_orthology,False
IGHV1-46,Ighv1-74,,ambiguous_orthology,False
IGHV1-45,Ighv1-74,,ambiguous_orthology,False
IGHV1-24,Ighv1-74,,ambiguous_orthology,False
IGHV1-18,Ighv1-74,,ambiguous_orthology,False
IGHV1-38-4,Ighv1-74,,ambiguous_orthology,False
IGHV1OR21-1,Ighv1-74,,ambiguous_orthology,False
IGHV6-1,Ighv3-3,,one_to_one,False
IGHV1OR15-9,Ighv1-9,,ambiguous_orthology,False
IGHV1-69,Ighv1-9,,ambiguous_orthology,False
IGHV1-69-2,Ighv1-9,,ambiguous_orthology,False
IGHV1-3,Ighv1-9,,ambiguous_orthology,False
IGHV1-8,Ighv1-9,,ambiguous_orthology,False
IGHV1OR15-1,Ighv1-9,,ambiguous_orthology,False
IGHV1-2,Ighv1-9,,ambiguous_orthology,False
IGHV1-69D,Ighv1-9,,ambiguous_orthology,False
IGHV1-58,Ighv1-9,,ambiguous_orthology,False
IGHV1-46,Ighv1-9,,ambiguous_orthology,False
IGHV1-45,Ighv1-9,,ambiguous_orthology,False
IGHV1-24,Ighv1-9,,ambiguous_orthology,False
IGHV1-18,Ighv1-9,,ambiguous_orthology,False
IGHV1-38-4,Ighv1-9,,ambiguous_orthology,False
IGHV1OR21-1,Ighv1-9,,ambiguous_orthology,False
IGHV1OR15-9,Ighv1-69,,ambiguous_orthology,False
IGHV1-69,Ighv1-69,,ambiguous_orthology,False
IGHV1-69-2,Ighv1-69,,ambiguous_orthology,False
IGHV1-3,Ighv1-69,,ambiguous_orthology,False
IGHV1-8,Ighv1-69,,ambiguous_orthology,False
IGHV1OR15-1,Ighv1-69,,ambiguous_orthology,False
IGHV1-2,Ighv1-69,,ambiguous_orthology,False
IGHV1-69D,Ighv1-69,,ambiguous_orthology,False
IGHV1-58,Ighv1-69,,ambiguous_orthology,False
IGHV1-46,Ighv1-69,,ambiguous_orthology,False
IGHV1-45,Ighv1-69,,ambiguous_orthology,False
IGHV1-24,Ighv1-69,,ambiguous_orthology,False
IGHV1-18,Ighv1-69,,ambiguous_orthology,False
IGHV1-38-4,Ighv1-69,,ambiguous_orthology,False
IGHV1OR21-1,Ighv1-69,,ambiguous_orthology,False
IGHV1-58,Ighv1-18,,ambiguous_orthology,False
IGHV1-24,Ighv1-18,,ambiguous_orthology,False
IGHV1-18,Ighv1-18,,ambiguous_orthology,False
IGHV1-38-4,Ighv1-58,,ambiguous_orthology,False
IGHV1-58,Ighv1-58,,ambiguous_orthology,False
IGHV1OR15-9,Ighv1-58,,ambiguous_orthology,False
IGHV1-18,Ighv1-58,,ambiguous_orthology,False
IGHV1OR15-9,Ighv1-61,,ambiguous_orthology,False
IGHV1-69,Ighv1-61,,ambiguous_orthology,False
IGHV1-69-2,Ighv1-61,,ambiguous_orthology,False
IGHV1-3,Ighv1-61,,ambiguous_orthology,False
IGHV1-8,Ighv1-61,,ambiguous_orthology,False
IGHV1OR15-1,Ighv1-61,,ambiguous_orthology,False
IGHV1-2,Ighv1-61,,ambiguous_orthology,False
IGHV1-69D,Ighv1-61,,ambiguous_orthology,False
IGHV1-58,Ighv1-61,,ambiguous_orthology,False
IGHV1-46,Ighv1-61,,ambiguous_orthology,False
IGHV1-45,Ighv1-61,,ambiguous_orthology,False
IGHV1-24,Ighv1-61,,ambiguous_orthology,False
IGHV1-18,Ighv1-61,,ambiguous_orthology,False
IGHV1-38-4,Ighv1-61,,ambiguous_orthology,False
IGHV1OR21-1,Ighv1-61,,ambiguous_orthology,False
IGHV1-58,Ighv1-67,,ambiguous_orthology,False
IGHV1-24,Ighv1-67,,ambiguous_orthology,False
IGHV1-18,Ighv1-67,,ambiguous_orthology,False
IGHV1-58,Ighv1-12,,ambiguous_orthology,False
IGHV1-24,Ighv1-12,,ambiguous_orthology,False
IGHV1-18,Ighv1-12,,ambiguous_orthology,False
IGHV7-4-1,Ighv9-1,,ambiguous_orthology,False
IGHV7-81,Ighv9-1,,ambiguous_orthology,False
IGHV1OR15-9,Ighv1-54,,ambiguous_orthology,False
IGHV1-69,Ighv1-54,,ambiguous_orthology,False
IGHV1-69-2,Ighv1-54,,ambiguous_orthology,False
IGHV1-3,Ighv1-54,,ambiguous_orthology,False
IGHV1-8,Ighv1-54,,ambiguous_orthology,False
IGHV1OR15-1,Ighv1-54,,ambiguous_orthology,False
IGHV1-2,Ighv1-54,,ambiguous_orthology,False
IGHV1-69D,Ighv1-54,,ambiguous_orthology,False
IGHV1-58,Ighv1-54,,ambiguous_orthology,False
IGHV1-46,Ighv1-54,,ambiguous_orthology,False
IGHV1-45,Ighv1-54,,ambiguous_orthology,False
IGHV1-24,Ighv1-54,,ambiguous_orthology,False
IGHV1-18,Ighv1-54,,ambiguous_orthology,False
IGHV1-38-4,Ighv1-54,,ambiguous_orthology,False
IGHV1OR21-1,Ighv1-54,,ambiguous_orthology,False
IGHV1-24,Ighv14-3,,one_to_one,False
IGHV1-58,Ighv1-62-2,,ambiguous_orthology,False
IGHV1-24,Ighv1-62-2,,ambiguous_orthology,False
IGHV1-18,Ighv1-62-2,,ambiguous_orthology,False
IGHV1-58,Ighv1-78,,ambiguous_orthology,False
IGHV1-24,Ighv1-78,,ambiguous_orthology,False
IGHV1-18,Ighv1-78,,ambiguous_orthology,False
IFT52,Ift52,Ift52,one_to_one,True
SERAC1,Serac1,,one_to_one,False
ZIC5,Zic5,,one_to_one,False
TOP1MT,Top1mt,Top1mt,one_to_one,True
MAFK,Mafk,Mafk,one_to_one,True
BSX,Bsx,,one_to_one,False
RUNX2,Runx2,Runx2,one_to_one,True
REN,Ren2,,one_to_one,False
REN,Ren1,,one_to_one,False
SYK,Syk,,one_to_one,False
BLNK,Blnk,,one_to_one,False
MCM3AP,Mcm3ap,Mcm3ap,one_to_one,True
CTTN,Cttn,,one_to_one,False
HDIP1,4921524J17Rik,4921524J17Rik,one_to_one,True
LEPROTL1,Leprotl1,Leprotl1,one_to_one,True
CTDP1,Ctdp1,Ctdp1,one_to_one,True
C20orf96,6820408C15Rik,,one_to_one,False
NAT1,Nat1,,ambiguous_orthology,False
NAT2,Nat1,,ambiguous_orthology,False
NAT1,Nat2,Nat2,ambiguous_orthology,False
NAT2,Nat2,Nat2,ambiguous_orthology,False
NAT1,Nat3,,ambiguous_orthology,False
NAT2,Nat3,,ambiguous_orthology,False
BRAF,Braf,Braf,one_to_one,True
C9orf85,1110059E24Rik,1110059E24Rik,one_to_one,True
ECT2,Ect2,Ect2,one_to_one,True
RFX4,Rfx4,,one_to_one,False
C2orf76,3110009E18Rik,3110009E18Rik,one_to_one,True
S100A1,S100a1,S100a1,one_to_one,True
LANCL1,Lancl1,Lancl1,one_to_one,True
HSD17B2,Hsd17b2,,one_to_one,False
PYGB,Pygb,Pygb,one_to_one,True
NUDT16L2P,Nudt16l2,,one_to_one,False
NUDT16L1,Nudt16l1,Nudt16l1,one_to_one,True
NUDT16,Nudt16,Nudt16,one_to_one,True
CLIP4,Clip4,,one_to_one,False
HABP4,Habp4,Habp4,one_to_one,True
C9orf78,BC005624,BC005624,one_to_one,True
AKR1C1,Akr1c12,Akr1c12,ambiguous_orthology,False
AKR1C3,Akr1c12,Akr1c12,ambiguous_orthology,False
AKR1C2,Akr1c12,Akr1c12,ambiguous_orthology,False
AKR1C4,Akr1c12,Akr1c12,ambiguous_orthology,False
AKR1C1,Akr1c13,Akr1c13,ambiguous_orthology,False
AKR1C3,Akr1c13,Akr1c13,ambiguous_orthology,False
AKR1C2,Akr1c13,Akr1c13,ambiguous_orthology,False
AKR1C4,Akr1c13,Akr1c13,ambiguous_orthology,False
LRG1,Lrg1,,one_to_one,False
SNIP1,Snip1,Snip1,one_to_one,True
MYO3A,Myo3a,,one_to_one,False
MBD6,Mbd6,Mbd6,one_to_one,True
CD55,Cd55b,,one_to_one,False
CD55,Cd55,Cd55,one_to_one,True
CD46,Cd46,Cd46,one_to_one,True
C8orf76,9130401M01Rik,9130401M01Rik,ambiguous_orthology,False
ZHX1-C8orf76,9130401M01Rik,9130401M01Rik,ambiguous_orthology,False
PLA2G4C,Pla2g4c,,one_to_one,False
FOXP2,Foxp2,,one_to_one,False
C12orf75,1500009L16Rik,1500009L16Rik,one_to_one,True
KIAA1549,D630045J12Rik,,one_to_one,False
OTOP2,Otop2,,one_to_one,False
EDARADD,Edaradd,Edaradd,one_to_one,True
LSS,Lss,Lss,one_to_one,True
YES1,Yes1,Yes1,one_to_one,True
GPR151,Gpr151,,one_to_one,False
NCSTN,Ncstn,Ncstn,one_to_one,True
FGF23,Fgf23,,one_to_one,False
FGF5,Fgf5,,one_to_one,False
KIAA1614,BC034090,,one_to_one,False
C1orf53,2310009B15Rik,2310009B15Rik,one_to_one,True
LBHD2,Lbhd2,,one_to_one,False
FETUB,Fetub,,one_to_one,False
ZNF663P,Zfp663,,one_to_one,False
ZSCAN10,Zscan10,,one_to_one,False
ZNF483,Zkscan16,,one_to_one,False
ZNF226,Zfp61,Zfp61,one_to_one,True
ZNF707,Zfp707,Zfp707,one_to_one,True
ZNF2,Zfp661,,one_to_one,False
ZNF235,Zfp111,,one_to_one,False
ZNF45,Zfp94,Zfp94,one_to_one,True
ZNF286A,Zfp286,,ambiguous_orthology,False
ZNF286B,Zfp286,,ambiguous_orthology,False
ZFP1,Zfp1,Zfp1,one_to_one,True
ZNF354C,Zfp354c,,one_to_one,False
ZNF7,Zfp7,Zfp7,one_to_one,True
OPA3,Opa3,Opa3,one_to_one,True
TCF7,Tcf7,Tcf7,one_to_one,True
CD200,Cd200,Cd200,one_to_one,True
ZNF697,Zfp697,,one_to_one,False
MATN1,Matn1,,one_to_one,False
NTN4,Ntn4,,one_to_one,False
NTN3,Ntn3,,one_to_one,False
CLEC4A,Clec4a4,,one_to_one,False
RUMY3,Fam72a,,ambiguous_orthology,False
RUMY1,Fam72a,,ambiguous_orthology,False
RUMY4,Fam72a,,ambiguous_orthology,False
RUMY2,Fam72a,,ambiguous_orthology,False
C8orf33,1110038F14Rik,1110038F14Rik,one_to_one,True
DNAJC5B,Dnajc5b,,one_to_one,False
EOLA2,Eola1,1110012L19Rik,ambiguous_orthology,False
EOLA1,Eola1,1110012L19Rik,ambiguous_orthology,False
RAB37,Rab37,Rab37,one_to_one,True
C1orf74,A130010J15Rik,A130010J15Rik,one_to_one,True
C21orf58,2610028H24Rik,,one_to_one,False
BCL2L14,Bcl2l14,,one_to_one,False
CSPG4,Cspg4,,one_to_one,False
H1-5,H1f5,Hist1h1b,one_to_one,True
H1-6,H1f6,,one_to_one,False
H1-4,H1f4,Hist1h1e,one_to_one,True
H1-3,H1f3,Hist1h1d,one_to_one,True
C21orf91,D16Ertd472e,D16Ertd472e,one_to_one,True
BOLA2,Bola2,Bola2,ambiguous_orthology,False
BOLA2B,Bola2,Bola2,ambiguous_orthology,False
ISM1,Ism1,,one_to_one,False
ZBTB34,Zbtb34,Zbtb34,one_to_one,True
MIB2,Mib2,Mib2,one_to_one,True
AMH,Amh,,one_to_one,False
UNCX,Uncx,,one_to_one,False
GRK1,Grk1,,one_to_one,False
GPR139,Gpr139,,one_to_one,False
VPS13D,Vps13d,Vps13d,one_to_one,True
CWF19L2,Cwf19l2,Cwf19l2,one_to_one,True
BEND2,Bend2,,one_to_one,False
APH1A,Aph1a,Aph1a,one_to_one,True
IL11,Il11,,one_to_one,False
YIPF7,Yipf7,,one_to_one,False
GIMAP1,Gimap1,Gimap1,one_to_one,True
LPIN3,Lpin3,,one_to_one,False
IRGC,Irgc,,one_to_one,False
RIPPLY2,Ripply2,,one_to_one,False
RIPPLY1,Ripply1,,one_to_one,False
RIPPLY3,Ripply3,,one_to_one,False
KCTD16,Kctd16,,one_to_one,False
CRYBB2,Crybb2,,one_to_one,False
CRYBB3,Crybb3,,one_to_one,False
IL15,Il15,,one_to_one,False
PLD2,Pld2,,one_to_one,False
LGI2,Lgi2,,one_to_one,False
ANAPC10,Anapc10,Anapc10,one_to_one,True
ST8SIA3,St8sia3,,one_to_one,False
CUBN,Cubn,,one_to_one,False
RHOH,Rhoh,Rhoh,one_to_one,True
CCDC78,Ccdc78,,one_to_one,False
PLAG1,Plag1,,one_to_one,False
POLG,Polg,Polg,one_to_one,True
SYT8,Syt8,,one_to_one,False
FANCF,Fancf,Fancf,one_to_one,True
CNPY1,Cnpy1,,one_to_one,False
ST6GALNAC6,St6galnac6,St6galnac6,one_to_one,True
ST8SIA5,St8sia5,,one_to_one,False
TCF19,Tcf19,Tcf19,one_to_one,True
WNT5A,Wnt5a,,one_to_one,False
C19orf53,D8Ertd738e,D8Ertd738e,one_to_one,True
PHF8,Phf8,Phf8,one_to_one,True
PDILT,Pdilt,,one_to_one,False
CAPN13,Capn13,,one_to_one,False
NUMB,Numb,Numb,one_to_one,True
CDKN3,Cdkn3,Cdkn3,one_to_one,True
FGF16,Fgf16,,one_to_one,False
ROR2,Ror2,,one_to_one,False
BRD9,Brd9,Brd9,one_to_one,True
BTLA,Btla,Btla,one_to_one,True
CD200R1,Cd200r4,Cd200r4,ambiguous_orthology,False
CD200R1L,Cd200r4,Cd200r4,ambiguous_orthology,False
CD200R1,Cd200r3,,ambiguous_orthology,False
CD200R1L,Cd200r3,,ambiguous_orthology,False
CD200R1,Cd200r1,Cd200r1,ambiguous_orthology,False
CD200R1L,Cd200r1,Cd200r1,ambiguous_orthology,False
CD200R1,Cd200r1l,,one_to_one,False
CD200R1,Cd200r2,,ambiguous_orthology,False
CD200R1L,Cd200r2,,ambiguous_orthology,False
FAR2,Far2,,one_to_one,False
CD300LG,Cd300lg,,one_to_one,False
FCAMR,Fcamr,,one_to_one,False
FCRLB,Fcrlb,,one_to_one,False
FCGR1A,Fcgr1,,ambiguous_orthology,False
FCGR1BP,Fcgr1,,ambiguous_orthology,False
CD22,Cd22,,one_to_one,False
GPR42,Ffar3,,ambiguous_orthology,False
FFAR3,Ffar3,,ambiguous_orthology,False
FFAR2,Ffar2,Ffar2,one_to_one,True
FGF14,Fgf14,,one_to_one,False
FANCA,Fanca,,one_to_one,False
FANCB,Fancb,,one_to_one,False
FANCE,Fance,Fance,one_to_one,True
POPDC2,Popdc2,,one_to_one,False
USP40,Usp40,Usp40,one_to_one,True
EDEM2,Edem2,Edem2,one_to_one,True
HAO1,Hao1,,one_to_one,False
C2orf68,0610030E20Rik,0610030E20Rik,one_to_one,True
C2orf42,C87436,C87436,one_to_one,True
TMEM132B,Tmem132b,,one_to_one,False
TMEM132C,Tmem132c,,one_to_one,False
MEGF9,Megf9,Megf9,one_to_one,True
ZSWIM6,Zswim6,Zswim6,one_to_one,True
CRB3,Crb3,,one_to_one,False
PUS7,Pus7,Pus7,one_to_one,True
DDX52,Ddx52,Ddx52,one_to_one,True
FGF21,Fgf21,,one_to_one,False
TOPBP1,Topbp1,Topbp1,one_to_one,True
XPO7,Xpo7,Xpo7,one_to_one,True
B4GALT5,B4galt5,B4galt5,one_to_one,True
TBC1D1,Tbc1d1,Tbc1d1,one_to_one,True
ZRANB3,Zranb3,,one_to_one,False
SCUBE3,Scube3,,one_to_one,False
TOM1,Tom1,Tom1,one_to_one,True
UPF3A,Upf3a,Upf3a,one_to_one,True
RNF26,Rnf26,Rnf26,one_to_one,True
ZNF696,Zfp696,9130023H24Rik,one_to_one,True
TBCD,Tbcd,Tbcd,one_to_one,True
ELMOD2,Elmod2,Elmod2,one_to_one,True
INAFM2,Inafm2,Inafm2,one_to_one,True
CLN5,Cln5,Cln5,one_to_one,True
MGP,Mgp,,one_to_one,False
C18orf54,4930503L19Rik,4930503L19Rik,one_to_one,True
GIMAP4,Gimap4,Gimap4,one_to_one,True
BCL3,Bcl3,Bcl3,one_to_one,True
C10orf53,1700024G13Rik,,one_to_one,False
USP9Y,Usp9y,,one_to_one,False
USP9X,Usp9x,Usp9x,one_to_one,True
FAS,Fas,Fas,one_to_one,True
NYX,Nyx,,one_to_one,False
IL17C,Il17c,,one_to_one,False
CXorf38,1810030O07Rik,1810030O07Rik,one_to_one,True
MGAT4D,Mgat4d,,one_to_one,False
FTO,Fto,Fto,one_to_one,True
NKD1,Nkd1,,one_to_one,False
RBL2,Rbl2,Rbl2,one_to_one,True
FOXE1,Foxe1,,one_to_one,False
SLC36A2,Slc36a2,,one_to_one,False
SLC36A3,Slc36a3,,one_to_one,False
SLC36A1,Slc36a1,Slc36a1,one_to_one,True
C19orf67,1700067K01Rik,,one_to_one,False
PLCE1,Plce1,,one_to_one,False
FOXE3,Foxe3,,one_to_one,False
SERGEF,Sergef,Sergef,one_to_one,True
NCDN,Ncdn,Ncdn,one_to_one,True
AASS,Aass,,one_to_one,False
HYAL4,Hyal4,,one_to_one,False
PRDM11,Prdm11,Prdm11,one_to_one,True
TMTC3,Tmtc3,,one_to_one,False
SESN2,Sesn2,Sesn2,one_to_one,True
C1orf116,AA986860,,one_to_one,False
PLA2G1B,Pla2g1b,,one_to_one,False
CELSR3,Celsr3,,one_to_one,False
DGKB,Dgkb,,one_to_one,False
FSTL4,Fstl4,,one_to_one,False
SLC27A5,Slc27a5,,one_to_one,False
DAZAP1,Dazap1,Dazap1,one_to_one,True
GAA,Gaa,Gaa,one_to_one,True
GPX3,Gpx3,,one_to_one,False
GPX5,Gpx5,,one_to_one,False
GPX6,Gpx6,,one_to_one,False
ALDH5A1,Aldh5a1,Aldh5a1,one_to_one,True
UTRN,Utrn,Utrn,one_to_one,True
NOX1,Nox1,Nox1,one_to_one,True
C15orf61,2300009A05Rik,2300009A05Rik,one_to_one,True
C8orf34,A830018L16Rik,,one_to_one,False
FBXO15,Fbxo15,,one_to_one,False
C6orf89,BC004004,BC004004,one_to_one,True
ATP1B4,Atp1b4,,one_to_one,False
LUC7L2,Luc7l2,Luc7l2,one_to_one,True
GHRH,Ghrh,,one_to_one,False
VPS13C,Vps13c,Vps13c,one_to_one,True
ITGA7,Itga7,,one_to_one,False
STRN4,Strn4,Strn4,one_to_one,True
SLC1A5,Slc1a5,Slc1a5,one_to_one,True
COL6A2,Col6a2,,one_to_one,False
ARHGAP18,Arhgap18,Arhgap18,one_to_one,True
THTPA,Thtpa,Thtpa,one_to_one,True
DPYS,Dpys,,one_to_one,False
ISOC2,Isoc2b,Isoc2b,one_to_one,True
ISOC2,Isoc2a,Isoc2a,one_to_one,True
APLN,Apln,,one_to_one,False
NOSTRIN,Nostrin,,one_to_one,False
GBA2,Gba2,Gba2,one_to_one,True
PEX1,Pex1,Pex1,one_to_one,True
HRH1,Hrh1,,one_to_one,False
ARHGEF11,Arhgef11,Arhgef11,one_to_one,True
FADD,Fadd,Fadd,one_to_one,True
CYSTM1,Cystm1,,one_to_one,False
BMPR2,Bmpr2,Bmpr2,one_to_one,True
DAGLB,Daglb,Daglb,one_to_one,True
SLC16A7,Slc16a7,,one_to_one,False
GHRL,Ghrl,,one_to_one,False
NKX6-2,Nkx6-2,,one_to_one,False
MARK1,Mark1,,one_to_one,False
BBS12,Bbs12,Bbs12,one_to_one,True
NOL9,Nol9,Nol9,one_to_one,True
LSM8,Lsm8,Lsm8,one_to_one,True
WRN,Wrn,Wrn,one_to_one,True
PURG,Purg,Purg,one_to_one,True
BLM,Blm,Blm,one_to_one,True
C12orf56,D930020B18Rik,,one_to_one,False
PLSCR1,Plscr1l1,,ambiguous_orthology,True
PLSCR2,Plscr1l1,,ambiguous_orthology,False
PLSCR4,Plscr4,,one_to_one,False
C16orf46,1700030J22Rik,,one_to_one,False
SMC6,Smc6,Smc6,one_to_one,True
C10orf67,4921504E06Rik,,one_to_one,False
TCP10L,Tcp10a,,one_to_one,False
TCP10L,Tcp10b,,one_to_one,False
TCP10L,Tcp10c,,one_to_one,False
TOMM40L,Tomm40l,Tomm40l,one_to_one,True
ENDOD1,Endod1,Endod1,one_to_one,True
DAAM2,Daam2,,one_to_one,False
SUOX,Suox,Suox,one_to_one,True
SAMD4A,Samd4,,one_to_one,False
PRR16,Prr16,,one_to_one,False
COL4A2,Col4a2,,one_to_one,False
CYP2U1,Cyp2u1,,one_to_one,False
HERC4,Herc4,Herc4,one_to_one,True
EDEM3,Edem3,Edem3,one_to_one,True
COL4A3,Col4a3,,one_to_one,False
ADAM11,Adam11,,one_to_one,False
DCST1,Dcst1,,one_to_one,False
DCST2,Dcst2,,one_to_one,False
ADAM22,Adam22,,one_to_one,False
NKX6-3,Nkx6-3,,one_to_one,False
ADAM33,Adam33,,one_to_one,False
ADAMTS1,Adamts1,,one_to_one,False
ADAMTS13,Adamts13,,one_to_one,False
ADAMTSL4,Adamtsl4,,one_to_one,False
TARS2,Tars2,Tars2,one_to_one,True
MMP11,Mmp11,,one_to_one,False
OVOL3,Ovol3,,one_to_one,False
GRIK4,Grik4,,one_to_one,False
GRIK5,Grik5,Grik5,one_to_one,True
CHRNA3,Chrna3,,one_to_one,False
TRPC1,Trpc1,Trpc1,one_to_one,True
CEP78,Cep78,Cep78,one_to_one,True
MAP3K3,Map3k3,Map3k3,one_to_one,True
THEM6,Them6,Them6,one_to_one,True
GPR101,Gpr101,,one_to_one,False
SCN2B,Scn2b,,one_to_one,False
PCSK1,Pcsk1,Pcsk1,one_to_one,True
CGNL1,Cgnl1,,one_to_one,False
FEM1B,Fem1b,Fem1b,one_to_one,True
ARHGAP20,Arhgap20,,one_to_one,False
C11orf65,4930550C14Rik,,one_to_one,False
ANKK1,Ankk1,,one_to_one,False
CYSLTR2,Cysltr2,Cysltr2,one_to_one,True
TTC12,Ttc12,,one_to_one,False
GPR27,Gpr27,,one_to_one,False
NFKBIZ,Nfkbiz,Nfkbiz,one_to_one,True
GFPT2,Gfpt2,,one_to_one,False
EPOR,Epor,,one_to_one,False
ZNF653,Zfp653,Zfp653,one_to_one,True
TYK2,Tyk2,Tyk2,one_to_one,True
IRAK1,Irak1,Irak1,one_to_one,True
CIITA,Ciita,Ciita,one_to_one,True
NES,Nes,,one_to_one,False
LRRC10,Lrrc10,,one_to_one,False
TRAF1,Traf1,Traf1,one_to_one,True
IRF3,Irf3,Irf3,one_to_one,True
LRRN1,Lrrn1,,one_to_one,False
ATG12,Atg12,Atg12,one_to_one,True
RADIL,Radil,,one_to_one,False
TOP3A,Top3a,Top3a,one_to_one,True
SHMT2,Shmt2,Shmt2,one_to_one,True
PDGFC,Pdgfc,,one_to_one,False
LRRK2,Lrrk2,,one_to_one,False
IFT46,Ift46,Ift46,one_to_one,True
HDC,Hdc,Hdc,one_to_one,True
ANKRD55,Ankrd55,,one_to_one,False
IL23R,Il23r,Il23r,one_to_one,True
IL6R,Il6ra,Il6ra,one_to_one,True
IL2RB,Il2rb,Il2rb,one_to_one,True
DOCK5,Dock5,Dock5,one_to_one,True
DOCK1,Dock1,,one_to_one,False
IL7R,Il7r,Il7r,one_to_one,True
SLC7A9,Slc7a9,,one_to_one,False
FGF7,Fgf7,,one_to_one,False
SLC35D2,Slc35d2,Slc35d2,one_to_one,True
TEKT3,Tekt3,,one_to_one,False
WNT9B,Wnt9b,,one_to_one,False
GIMAP5,Gimap3,Gimap3,one_to_one,True
GIMAP5,Gimap5,Gimap5,one_to_one,True
GIMAP8,Gimap8,Gimap8,one_to_one,True
CCDC89,Ccdc89,,one_to_one,False
GK2,Gk2,,one_to_one,False
GK3,Gk,Gk,ambiguous_orthology,False
GK,Gk,Gk,ambiguous_orthology,False
SFI1,Sfi1,Sfi1,one_to_one,True
KIF19,Kif19a,,one_to_one,False
PLEK2,Plek2,,one_to_one,False
ZNF670,Zfp951,Zfp951,one_to_one,True
ZNF136,Zfp966,,ambiguous_orthology,True
ZNF333,Zfp966,,ambiguous_orthology,False
ZNF136,Gm4724,,ambiguous_orthology,True
ZNF333,Gm4724,,ambiguous_orthology,False
ZNF670,Gm14403,,one_to_one,True
ZNF136,Gm14325,Gm14325,ambiguous_orthology,True
ZNF333,Gm14325,Gm14325,ambiguous_orthology,False
ZNF136,Gm14434,,ambiguous_orthology,True
ZNF333,Gm14434,,ambiguous_orthology,False
ZNF136,Gm4631,Gm4631,ambiguous_orthology,True
ZNF333,Gm4631,Gm4631,ambiguous_orthology,False
ZNF136,Zfp971,Zfp971,ambiguous_orthology,True
ZNF333,Zfp971,Zfp971,ambiguous_orthology,False
ZNF136,Zfp967,,ambiguous_orthology,True
ZNF333,Zfp967,,ambiguous_orthology,False
ZNF136,Gm14308,,ambiguous_orthology,True
ZNF333,Gm14308,,ambiguous_orthology,False
ZNF670,2010315B03Rik,2010315B03Rik,one_to_one,True
ZNF670,Zfp977,,one_to_one,True
ZNF136,Gm14430,,ambiguous_orthology,True
ZNF333,Gm14430,,ambiguous_orthology,False
ZNF136,Gm2026,,ambiguous_orthology,True
ZNF333,Gm2026,,ambiguous_orthology,False
ZNF333,Zfp933,Zfp933,one_to_one,True
ZNF670,AI987944,AI987944,one_to_one,True
ZNF136,AW146154,AW146154,ambiguous_orthology,True
ZNF333,AW146154,AW146154,ambiguous_orthology,True
DMGDH,Dmgdh,,one_to_one,False
NFIC,Nfic,Nfic,one_to_one,True
MYOM3,Myom3,,one_to_one,False
TERT,Tert,Tert,one_to_one,True
SP2,Sp2,Sp2,one_to_one,True
MYOM1,Myom1,,one_to_one,False
KLHL5,Klhl5,Klhl5,one_to_one,True
DHX40,Dhx40,Dhx40,one_to_one,True
ZNF142,Zfp142,Zfp142,one_to_one,True
SLC5A9,Slc5a9,,one_to_one,False
BCAR3,Bcar3,,one_to_one,False
CIDEB,Cideb,,one_to_one,False
NSD1,Nsd1,Nsd1,one_to_one,True
DDHD2,Ddhd2,Ddhd2,one_to_one,True
SLC4A1AP,Slc4a1ap,Slc4a1ap,one_to_one,True
SETD1A,Setd1a,Setd1a,one_to_one,True
SBNO1,Sbno1,Sbno1,one_to_one,True
SETD5,Setd5,Setd5,one_to_one,True
NT5DC3,Nt5dc3,Nt5dc3,one_to_one,True
P4HB,P4hb,P4hb,one_to_one,True
PRDM13,Prdm13,,one_to_one,False
PRDM6,Prdm6,,one_to_one,False
ZNF683,Zfp683,Zfp683,one_to_one,True
PRDM15,Prdm15,Prdm15,one_to_one,True
MIF,Mif,Mif,one_to_one,True
DEPDC1B,Depdc1b,,one_to_one,False
PABPN1L,Pabpn1l,,one_to_one,False
DOK2,Dok2,Dok2,one_to_one,True
LOXL4,Loxl4,,one_to_one,False
KIF17,Kif17,,one_to_one,False
CTSO,Ctso,Ctso,one_to_one,True
SLC23A1,Slc23a1,,one_to_one,False
NSUN6,Nsun6,Nsun6,one_to_one,True
GDAP1L1,Gdap1l1,,one_to_one,False
XK,Xk,Xk,one_to_one,True
LRRC9,Lrrc9,,one_to_one,False
AADACL4,AAdacl4fm3,,one_to_one,False
AADACL4,Aadacl4fm4,,one_to_one,False
AADACL3,Aadacl3,,one_to_one,False
AADACL4,Aadacl4fm2,,one_to_one,False
AADACL4,Aadacl4,,one_to_one,False
AADACL4,Aadacl4fm5,,one_to_one,False
AADACL4,Aadacl4fm1,,one_to_one,False
MYCBPAP,Mycbpap,,one_to_one,False
C1orf146,1700028K03Rik,,one_to_one,False
EXOSC1,Exosc1,Exosc1,one_to_one,True
MBNL3,Mbnl3,Mbnl3,one_to_one,True
WNT3,Wnt3,,one_to_one,False
ARHGAP5,Arhgap5,Arhgap5,one_to_one,True
DNAH1,Dnah1,,one_to_one,False
GRPR,Grpr,,one_to_one,False
APPL1,Appl1,Appl1,one_to_one,True
APPL2,Appl2,Appl2,one_to_one,True
MAPT,Mapt,,one_to_one,False
BBS9,Bbs9,Bbs9,one_to_one,True
PDCD1LG2,Pdcd1lg2,Pdcd1lg2,one_to_one,True
CD274,Cd274,Cd274,one_to_one,True
C3orf38,4930453N24Rik,4930453N24Rik,one_to_one,True
C22orf39,2510002D24Rik,2510002D24Rik,one_to_one,True
SIGLEC1,Siglec1,,one_to_one,False
KIAA2013,2510039O18Rik,2510039O18Rik,one_to_one,True
SH2D6,Sh2d6,,one_to_one,False
ERFE,Erfe,,one_to_one,False
C8orf82,C030006K11Rik,C030006K11Rik,one_to_one,True
RTP1,Rtp1,,one_to_one,False
RTP4,Rtp4,Rtp4,one_to_one,True
ACTN1,Actn1,Actn1,one_to_one,True
MAP3K9,Map3k9,,one_to_one,False
TMC8,Tmc8,Tmc8,one_to_one,True
STMN3,Stmn3,,one_to_one,False
PACS2,Pacs2,Pacs2,one_to_one,True
VILL,Vill,Vill,one_to_one,True
DISC1,Disc1,Disc1,one_to_one,True
GEMIN6,Gemin6,Gemin6,one_to_one,True
EIF2AK4,Eif2ak4,Eif2ak4,one_to_one,True
CARD14,Card14,,one_to_one,False
KIF19BP,Kif19b,,one_to_one,False
PFKFB1,Pfkfb1,,one_to_one,False
GLYATL3,Glyatl3,,one_to_one,False
GLYAT,Gm4952,,one_to_one,False
GLYAT,Glyat,,one_to_one,False
HS3ST6,Hs3st6,,one_to_one,False
CIMAP3,Cimap3,,one_to_one,False
ART3,Art3,,one_to_one,False
LITAFD,Litafd,,one_to_one,False
CHST8,Chst8,,one_to_one,False
CHST9,Chst9,,one_to_one,False
ANKHD1,Ankhd1,Ankhd1,ambiguous_orthology,False
ANKHD1-EIF4EBP3,Ankhd1,Ankhd1,ambiguous_orthology,False
PDE6B,Pde6b,,one_to_one,False
RUFY1,Rufy1,Rufy1,one_to_one,True
APC2,Apc2,,one_to_one,False
OLFML1,Olfml1,,one_to_one,False
THUMPD2,Thumpd2,Thumpd2,one_to_one,True
TTC6,Ttc6,,one_to_one,False
ERLIN2,Erlin2,Erlin2,one_to_one,True
LSM10,Lsm10,Lsm10,one_to_one,True
EML6,Eml6,,one_to_one,False
DGKE,Dgke,Dgke,one_to_one,True
CACNA1G,Cacna1g,,one_to_one,False
IGFBP6,Igfbp6,Igfbp6,one_to_one,True
SLC23A2,Slc23a2,Slc23a2,one_to_one,True
TACC1,Tacc1,Tacc1,one_to_one,True
SYT15,Syt15,,ambiguous_orthology,False
SYT15B,Syt15,,ambiguous_orthology,False
ERFL,Erfl,,one_to_one,False
ELK1,Elk1,Elk1,one_to_one,True
NT5M,Nt5m,Nt5m,one_to_one,True
PCSK2,Pcsk2,,one_to_one,False
PCDH17,Pcdh17,,one_to_one,False
FUZ,Fuz,Fuz,one_to_one,True
FAT4,Fat4,,one_to_one,False
NHS,Nhs,,one_to_one,False
TBX22,Tbx22,,one_to_one,False
F8,F8,,one_to_one,False
NMS,Nms,,one_to_one,False
RAVER2,Raver2,Raver2,one_to_one,True
UPF2,Upf2,Upf2,one_to_one,True
SKAP1,Skap1,Skap1,one_to_one,True
AKAP11,Akap11,Akap11,one_to_one,True
LYL1,Lyl1,,one_to_one,False
TFEB,Tfeb,Tfeb,one_to_one,True
PLEKHG2,Plekhg2,Plekhg2,one_to_one,True
LRP6,Lrp6,Lrp6,one_to_one,True
USP54,Usp54,,one_to_one,False
KCNB1,Kcnb1,,one_to_one,False
KIF13A,Kif13a,Kif13a,one_to_one,True
TDP1,Tdp1,Tdp1,one_to_one,True
RPAP1,Rpap1,Rpap1,one_to_one,True
SHE,She,She,one_to_one,True
NLGN1,Nlgn1,,one_to_one,False
FANCM,Fancm,Fancm,one_to_one,True
EFHB,Efhb,,one_to_one,False
MACC1,Macc1,,one_to_one,False
AMOTL1,Amotl1,,one_to_one,False
DYRK4,Dyrk4,,one_to_one,False
DBF4,Dbf4,Dbf4,one_to_one,True
CHN2,Chn2,Chn2,one_to_one,True
TBRG4,Tbrg4,Tbrg4,one_to_one,True
GPHA2,Gpha2,,one_to_one,False
UBR1,Ubr1,Ubr1,one_to_one,True
RECQL4,Recql4,,one_to_one,False
TSLIG3A,Fam98a,Fam98a,one_to_one,True
BIRC6,Birc6,Birc6,one_to_one,True
LTBP1,Ltbp1,,one_to_one,False
SLC46A3,Slc46a3,Slc46a3,one_to_one,True
CD96,Cd96,Cd96,one_to_one,True
NETO1,Neto1,,one_to_one,False
MED11,Med11,Med11,one_to_one,True
TRIB2,Trib2,Trib2,one_to_one,True
TRIB1,Trib1,,one_to_one,False
PDS5B,Pds5b,Pds5b,one_to_one,True
SRXN1,Srxn1,,one_to_one,False
DENND3,Dennd3,,one_to_one,False
PPM1J,Ppm1j,Ppm1j,one_to_one,True
RNF6,Rnf6,Rnf6,one_to_one,True
ATP8A2,Atp8a2,Atp8a2,one_to_one,True
GPR12,Gpr12,,one_to_one,False
USP15,Usp15,Usp15,one_to_one,True
USP21,Usp21,Usp21,one_to_one,True
USP45,Usp45,Usp45,one_to_one,True
BRCC3,Brcc3,Brcc3,one_to_one,True
BRCC3,Brcc3dc,,one_to_one,True
STAMBPL1,Stambpl1,Stambpl1,one_to_one,True
CARD11,Card11,Card11,one_to_one,True
BCL10,Bcl10,Bcl10,one_to_one,True
MMP21,Mmp21,,one_to_one,False
IFI35,Ifi35,Ifi35,one_to_one,True
PPFIA3,Ppfia3,,one_to_one,False
GPR75,Gpr75,,one_to_one,False
ABLIM2,Ablim2,,one_to_one,False
MAP3K8,Map3k8,Map3k8,one_to_one,True
FRMPD3,Frmpd3,,one_to_one,False
AFAP1L2,Afap1l2,,one_to_one,False
NHLRC2,Nhlrc2,Nhlrc2,one_to_one,True
DPY19L3,Dpy19l3,Dpy19l3,one_to_one,True
TNRC18,Tnrc18,Tnrc18,one_to_one,True
HECTD2,Hectd2,Hectd2,one_to_one,True
KCTD20,Kctd20,Kctd20,one_to_one,True
RILP,Rilp,,one_to_one,False
GIT1,Git1,Git1,one_to_one,True
ASXL2,Asxl2,Asxl2,one_to_one,True
TYMP,Tymp,,one_to_one,False
FJX1,Fjx1,,one_to_one,False
ABTB2,Abtb2,Abtb2,one_to_one,True
TTC17,Ttc17,Ttc17,one_to_one,True
ISG20,Isg20,Isg20,one_to_one,True
NINJ2,Ninj2,,one_to_one,False
B4GALNT4,B4galnt4,B4galnt4,one_to_one,True
RASSF3,Rassf3,Rassf3,one_to_one,True
EPGN,Epgn,,one_to_one,False
PPIP5K1,Ppip5k1,Ppip5k1,one_to_one,True
ALDH1L2,Aldh1l2,,one_to_one,False
VMAC,Vmac,Vmac,one_to_one,True
NRTN,Nrtn,,one_to_one,False
CHPF,Chpf,Chpf,one_to_one,True
BTBD16,Btbd16,Btbd16,one_to_one,True
PRUNE1,Prune1,Prune1,one_to_one,True
TTBK1,Ttbk1,,one_to_one,False
ARMC6,Armc6,Armc6,one_to_one,True
PIGU,Pigu,Pigu,one_to_one,True
KCNG2,Kcng2,,one_to_one,False
CCDC88A,Ccdc88a,,one_to_one,False
ROCK1,Rock1,Rock1,one_to_one,True
GPR137B,Gpr137b,Gpr137b,one_to_one,True
CCNJ,Ccnj,Ccnj,one_to_one,True
PROK2,Prok2,,one_to_one,False
NAGLU,Naglu,Naglu,one_to_one,True
CLIP2,Clip2,Clip2,one_to_one,True
ITGB7,Itgb7,Itgb7,one_to_one,True
STX1A,Stx1a,Stx1a,one_to_one,True
RNF5,Rnf5,Rnf5,one_to_one,True
SNX20,Snx20,Snx20,one_to_one,True
CPNE8,Cpne8,,one_to_one,False
FES,Fes,Fes,one_to_one,True
LMTK1,Aatk,,one_to_one,False
ABL1,Abl1,Abl1,one_to_one,True
CACHD1,Cachd1,,one_to_one,False
MAML1,Maml1,Maml1,one_to_one,True
AFF4,Aff4,Aff4,one_to_one,True
SNED1,Sned1,,one_to_one,False
KLHL30,Klhl30,,one_to_one,False
JAKMIP3,Jakmip3,,one_to_one,False
CEACAM18,Ceacam18,,one_to_one,False
CEACAM16,Ceacam16,,one_to_one,False
CD28,Cd28,Cd28,one_to_one,True
SIGLEC15,Siglec15,,one_to_one,False
IGSF6,Igsf6,,one_to_one,False
GIMAP7,Gimap7,Gimap7,one_to_one,True
GPR174,Gpr174,Gpr174,one_to_one,True
COL4A4,Col4a4,,one_to_one,False
UIMC1,Uimc1,Uimc1,one_to_one,True
GRK6,Grk6,Grk6,one_to_one,True
DOK3,Dok3,,one_to_one,False
IMPG1,Impg1,,one_to_one,False
ANKRD13D,Ankrd13d,Ankrd13d,one_to_one,True
CCDC33,Ccdc33,,one_to_one,False
ARHGEF6,Arhgef6,Arhgef6,one_to_one,True
FBXW10,Fbxw10,,ambiguous_orthology,False
FBXW10B,Fbxw10,,ambiguous_orthology,False
TIMM22,Timm22,Timm22,one_to_one,True
SRPK3,Srpk3,,one_to_one,False
PTPN5,Ptpn5,Ptpn5,one_to_one,True
PTPRT,Ptprt,,one_to_one,False
ZDBF2,Zdbf2,,one_to_one,False
PTPRG,Ptprg,,one_to_one,False
ATP10A,Atp10a,Atp10a,one_to_one,True
GABRB3,Gabrb3,,one_to_one,False
PTPN7,Ptpn7,Ptpn7,one_to_one,True
MAN2C1,Man2c1,Man2c1,one_to_one,True
B3GALT6,B3galt6,B3galt6,one_to_one,True
PUSL1,Pusl1,Pusl1,one_to_one,True
MMEL1,Mmel1,,one_to_one,False
CEP72,Cep72,Cep72,one_to_one,True
MTRR,Mtrr,Mtrr,one_to_one,True
SCARF2,Scarf2,,one_to_one,False
RASAL3,Rasal3,Rasal3,one_to_one,True
PHLDB3,Phldb3,Phldb3,one_to_one,True
GPR4,Gpr4,,one_to_one,False
SDR42E2,Sdr42e2,,one_to_one,False
PPP2R5B,Ppp2r5b,Ppp2r5b,one_to_one,True
XRRA1,Xrra1,,one_to_one,False
RAP1GDS1,Rap1gds1,Rap1gds1,one_to_one,True
PHACTR1,Phactr1,,one_to_one,False
ANGPT4,Angpt4,,one_to_one,False
ANKS1A,Anks1,Anks1,one_to_one,True
CYP2R1,Cyp2r1,,one_to_one,False
RXFP1,Rxfp1,,one_to_one,False
AP1M1,Ap1m1,Ap1m1,one_to_one,True
RNF167,Rnf167,Rnf167,one_to_one,True
CASS4,Cass4,,one_to_one,False
PRRC2B,Prrc2b,Prrc2b,one_to_one,True
NUP214,Nup214,Nup214,one_to_one,True
QSOX2,Qsox2,Qsox2,one_to_one,True
P2RY12,P2ry12,,one_to_one,False
P2RY13,P2ry13,,one_to_one,False
RNF212,Rnf212,,one_to_one,False
CTNND1,Ctnnd1,,one_to_one,False
L3MBTL4,L3mbtl4,,one_to_one,False
RINL,Rinl,Rinl,one_to_one,True
KL,Kl,,one_to_one,False
ADAMTS3,Adamts3,,one_to_one,False
KCNK7,Kcnk7,Kcnk7,one_to_one,True
EML3,Eml3,Eml3,one_to_one,True
PELI3,Peli3,,one_to_one,False
OST4,Ost4,Ost4,one_to_one,True
TMEM214,Tmem214,Tmem214,one_to_one,True
OSBPL8,Osbpl8,Osbpl8,one_to_one,True
GLIPR1L2,Glipr1l2,,one_to_one,False
FAM161A,Fam161a,,one_to_one,False
PDZD8,Pdzd8,Pdzd8,one_to_one,True
SMOC1,Smoc1,,one_to_one,False
CDKN2D,Cdkn2d,Cdkn2d,one_to_one,True
RPS19BP1,Rps19bp1,Rps19bp1,one_to_one,True
CCDC66,Ccdc66,Ccdc66,one_to_one,True
IP6K1,Ip6k1,Ip6k1,one_to_one,True
POT1,Pot1a,Pot1a,one_to_one,True
POT1,Pot1b,Pot1b,one_to_one,True
MRPL52,Mrpl52,Mrpl52,one_to_one,True
MAN2A2,Man2a2,Man2a2,one_to_one,True
SERPINA2,Serpina1f,,one_to_one,False
SLC9B2,Slc9b2,,one_to_one,False
SLC9B1,Slc9b1,,one_to_one,False
CR2,Cr2,,one_to_one,False
CLEC9A,Clec9a,,one_to_one,False
CLEC1A,Clec1a,,one_to_one,False
CLEC7A,Clec7a,,one_to_one,False
CD69,Cd69,Cd69,one_to_one,True
CD209,Cd209c,,one_to_one,False
PROCA1,Proca1,,one_to_one,False
STXBP4,Stxbp4,Stxbp4,one_to_one,True
IQUB,Iqub,,one_to_one,False
ARHGAP9,Arhgap9,Arhgap9,one_to_one,True
NPC1L1,Npc1l1,,one_to_one,False
SUSD4,Susd4,,one_to_one,False
GFRA3,Gfra3,,one_to_one,False
SHPRH,Shprh,Shprh,one_to_one,True
TPO,Tpo,,one_to_one,False
DSCAML1,Dscaml1,,one_to_one,False
CCDC39,Ccdc39,,one_to_one,False
CNTD1,Cntd1,,one_to_one,False
TEX9,Tex9,Tex9,one_to_one,True
B4GALT3,B4galt3,B4galt3,one_to_one,True
TMEM97,Tmem97,Tmem97,one_to_one,True
PIPOX,Pipox,,one_to_one,False
CC2D1A,Cc2d1a,Cc2d1a,one_to_one,True
KLB,Klb,,one_to_one,False
INTU,Intu,,one_to_one,False
CD163,Cd163,,one_to_one,False
TRIM14,Trim14,Trim14,one_to_one,True
RAB3IL1,Rab3il1,,one_to_one,False
PWWP2B,Pwwp2b,Pwwp2b,one_to_one,True
PROSER1,Proser1,Proser1,one_to_one,True
CYP27B1,Cyp27b1,,one_to_one,False
PRKRIP1,Prkrip1,Prkrip1,one_to_one,True
HMGXB3,Hmgxb3,Hmgxb3,one_to_one,True
MYOZ3,Myoz3,,one_to_one,False
LGR4,Lgr4,,one_to_one,False
FBXL17,Fbxl17,Fbxl17,one_to_one,True
FAM89A,Fam89a,,one_to_one,False
RPS6KL1,Rps6kl1,,one_to_one,False
VASH1,Vash1,,one_to_one,False
ANGEL1,Angel1,Angel1,one_to_one,True
IGLC7,Iglc3,,one_to_one,False
IGLL5,Igll1,,ambiguous_orthology,False
IGLL1,Igll1,,ambiguous_orthology,False
IGLC1,Iglc1,,ambiguous_orthology,False
IGLC3,Iglc1,,ambiguous_orthology,False
IGLC2,Iglc1,,ambiguous_orthology,False
IGLC7,Iglc1,,ambiguous_orthology,False
IGLC6,Iglc1,,ambiguous_orthology,False
BOD1L1,Bod1l,Bod1l,one_to_one,True
ANO3,Ano3,,one_to_one,False
FAM193B,Fam193b,Fam193b,one_to_one,True
MBLAC1,Mblac1,,one_to_one,False
CLEC3A,Clec3a,,one_to_one,False
MPPED1,Mpped1,,one_to_one,False
DGKZ,Dgkz,Dgkz,one_to_one,True
CAPN7,Capn7,Capn7,one_to_one,True
KCNG3,Kcng3,,one_to_one,False
CD302,Cd302,,one_to_one,False
ARSB,Arsb,Arsb,one_to_one,True
MUSTN1,Mustn1,,one_to_one,False
MARS2,Mars2,Mars2,one_to_one,True
OGDHL,Ogdhl,,one_to_one,False
FBRS,Fbrs,Fbrs,one_to_one,True
TRPM6,Trpm6,Trpm6,one_to_one,True
SPATA17,Spata17,,one_to_one,False
PATZ1,Patz1,Patz1,one_to_one,True
AADAT,Aadat,,one_to_one,False
MFAP3L,Mfap3l,,one_to_one,False
CACNG5,Cacng5,,one_to_one,False
CHDH,Chdh,Chdh,one_to_one,True
KCNK12,Kcnk12,,one_to_one,False
PPP1R1B,Ppp1r1b,,one_to_one,False
POLDIP3,Poldip3,Poldip3,one_to_one,True
LPAR3,Lpar3,,one_to_one,False
KLHL3,Klhl3,Klhl3,one_to_one,True
AKAP6,Akap6,,one_to_one,False
SYCE1,Syce1,,one_to_one,False
SYCE1L,Syce1l,,one_to_one,False
C5orf15,9530068E07Rik,9530068E07Rik,one_to_one,True
C22orf23,1700088E04Rik,,one_to_one,False
C16orf89,AU021092,,one_to_one,False
FFAR1,Ffar1,,one_to_one,False
LRRC8E,Lrrc8e,,one_to_one,False
KCNS1,Kcns1,,one_to_one,False
ALX3,Alx3,,one_to_one,False
IRAG1,Irag1,Mrvi1,one_to_one,True
ADM,Adm,,one_to_one,False
GALNT3,Galnt3,,one_to_one,False
CSRNP3,Csrnp3,,one_to_one,False
GRB14,Grb14,,one_to_one,False
CHD5,Chd5,,one_to_one,False
GPBAR1,Gpbar1,,one_to_one,False
MMS19,Mms19,Mms19,one_to_one,True
CLMP,Clmp,,one_to_one,False
DGKI,Dgki,,one_to_one,False
KCNJ6,Kcnj6,,one_to_one,False
SNAPC2,Snapc2,Snapc2,one_to_one,True
RASIP1,Rasip1,,one_to_one,False
CCKAR,Cckar,,one_to_one,False
WDR25,Wdr25,Wdr25,one_to_one,True
DRC7,Drc7,,one_to_one,False
PLEKHO2,Plekho2,Plekho2,one_to_one,True
GEMIN7,Gemin7,Gemin7,one_to_one,True
SELPLG,Selplg,Selplg,one_to_one,True
SSTR4,Sstr4,,one_to_one,False
TEX26,Tex26,,one_to_one,False
BAHD1,Bahd1,Bahd1,one_to_one,True
RPUSD2,Rpusd2,Rpusd2,one_to_one,True
DPEP3,Dpep3,,one_to_one,False
DPEP2,Dpep2,,one_to_one,False
CCDC17,Ccdc17,Ccdc17,one_to_one,True
IL6,Il6,,one_to_one,False
C5,Hc,,one_to_one,False
IL21,Il21,,one_to_one,False
NTHL1,Nthl1,Nthl1,one_to_one,True
MARCO,Marco,,one_to_one,False
ATP13A3,Atp13a3,Atp13a3,one_to_one,True
RFWD3,Rfwd3,Rfwd3,one_to_one,True
RHBDL1,Rhbdl1,Rhbdl1,one_to_one,True
ANKRD40,Ankrd40,Ankrd40,one_to_one,True
MGMT,Mgmt,Mgmt,one_to_one,True
NLRP7,Nlrp2,,ambiguous_orthology,False
NLRP2,Nlrp2,,ambiguous_orthology,False
ATOX1,Atox1,Atox1,one_to_one,True
CCDC69,Ccdc69,Ccdc69,one_to_one,True
MTBP,Mtbp,Mtbp,one_to_one,True
TGFBR3L,Tgfbr3l,Tgfbr3l,one_to_one,True
KLHDC8A,Klhdc8a,,one_to_one,False
SHROOM3,Shroom3,,one_to_one,False
STBD1,Stbd1,,one_to_one,False
CEP164,Cep164,Cep164,one_to_one,True
PHF21B,Phf21b,,one_to_one,False
LIMD2,Limd2,Limd2,one_to_one,True
BCL6B,Bcl6b,,one_to_one,False
SLC16A11,Slc16a11,,one_to_one,False
SLC16A13,Slc16a13,Slc16a13,one_to_one,True
TNFRSF11A,Tnfrsf11a,,one_to_one,False
POP1,Pop1,Pop1,one_to_one,True
TNIP2,Tnip2,Tnip2,one_to_one,True
JMJD8,Jmjd8,Jmjd8,one_to_one,True
GCNT7,Gcnt7,,one_to_one,False
GCNT2,Gcnt2,Gcnt2,one_to_one,True
SNTA1,Snta1,,one_to_one,False
PCIF1,Pcif1,Pcif1,one_to_one,True
SEC24A,Sec24a,Sec24a,one_to_one,True
TMEM132E,Tmem132e,,one_to_one,False
MCM8,Mcm8,,one_to_one,False
FAM161B,Fam161b,,one_to_one,False
GAL3ST3,Gal3st3,,one_to_one,False
PSMG4,Psmg4,Psmg4,one_to_one,True
FRMPD4,Frmpd4,,one_to_one,False
TUB,Tub,,one_to_one,False
MSANTD4,Msantd4,Msantd4,one_to_one,True
GUCY1A2,Gucy1a2,,one_to_one,False
USHBP1,Ushbp1,,one_to_one,False
CROCC,Crocc,Crocc,one_to_one,True
ACSF3,Acsf3,Acsf3,one_to_one,True
XRCC2,Xrcc2,Xrcc2,one_to_one,True
DYDC1,Dydc1,,one_to_one,False
DYDC2,Dydc2,,one_to_one,False
TBATA,Tbata,,one_to_one,False
ADAMTS17,Adamts17,,one_to_one,False
ADAMTSL3,Adamtsl3,,one_to_one,False
SERINC4,Serinc4,,one_to_one,False
LMF1,Lmf1,Lmf1,one_to_one,True
CHD3,Chd3,Chd3,one_to_one,True
SNX25,Snx25,Snx25,one_to_one,True
SNX29,Snx29,Snx29,ambiguous_orthology,False
SNX29P2,Snx29,Snx29,ambiguous_orthology,False
ANKRD34C,Ankrd34c,,one_to_one,False
DNAJC14,Dnajc14,Dnajc14,one_to_one,True
MUC5B,Muc5b,,one_to_one,False
PHF13,Phf13,Phf13,one_to_one,True
PIGV,Pigv,Pigv,one_to_one,True
UBA7,Uba7,Uba7,one_to_one,True
SLC16A8,Slc16a8,,one_to_one,False
SH3BP1,Sh3bp1,Sh3bp1,one_to_one,True
MAP7D3,Map7d3,,one_to_one,False
ECM1,Ecm1,Ecm1,one_to_one,True
TUBGCP6,Tubgcp6,Tubgcp6,one_to_one,True
CHADL,Chadl,,one_to_one,False
GMNC,Gmnc,,one_to_one,False
OSTN,Ostn,,one_to_one,False
IGFLR1,Igflr1,Igflr1,one_to_one,True
CLEC4M,Cd209b,,ambiguous_orthology,False
CD209,Cd209b,,ambiguous_orthology,False
SIGLEC6,Cd33,,ambiguous_orthology,False
CD33,Cd33,,ambiguous_orthology,False
SIGLEC14,Siglecf,,ambiguous_orthology,False
SIGLEC5,Siglecf,,ambiguous_orthology,False
SIGLEC16,Siglecg,,ambiguous_orthology,False
SIGLEC10,Siglecg,,ambiguous_orthology,False
SIGLEC11,Siglecg,,ambiguous_orthology,False
SIGLEC7,Siglece,,ambiguous_orthology,False
SIGLEC9,Siglece,,ambiguous_orthology,False
SIGLEC12,Siglece,,ambiguous_orthology,False
SIGLEC8,Siglece,,ambiguous_orthology,False
FCGR2C,Fcgr2b,,ambiguous_orthology,False
FCGR2B,Fcgr2b,,ambiguous_orthology,False
FCGR2A,Fcgr2b,,ambiguous_orthology,False
NAGS,Nags,,one_to_one,False
HDAC5,Hdac5,Hdac5,one_to_one,True
GAN,Gan,Gan,one_to_one,True
EME2,Eme2,Eme2,one_to_one,True
MSANTD1,Msantd1,,one_to_one,False
IL16,Il16,Il16,one_to_one,True
STARD5,Stard5,Stard5,one_to_one,True
MTERF1,Mthfs,Mthfs,ambiguous_orthology,False
MTHFS,Mthfs,Mthfs,ambiguous_orthology,False
MTHFS,Mthfsl,Mthfsl,one_to_one,True
SLC25A1,Slc25a1,Slc25a1,one_to_one,True
TBC1D10C,Tbc1d10c,Tbc1d10c,one_to_one,True
MEX3A,Mex3a,,one_to_one,False
STMND1,Stmnd1,,one_to_one,False
ZFAT,Zfat,Zfat,one_to_one,True
RB1CC1,Rb1cc1,Rb1cc1,one_to_one,True
MOCS1,Mocs1,Mocs1,one_to_one,True
NANOS2,Nanos2,,one_to_one,False
NCKIPSD,Nckipsd,Nckipsd,one_to_one,True
EFEMP1,Efemp1,,one_to_one,False
RNF20,Rnf20,Rnf20,one_to_one,True
AGAP1,Agap1,,one_to_one,False
PIK3CA,Pik3ca,Pik3ca,one_to_one,True
SASH3,Sash3,Sash3,one_to_one,True
SLC6A14,Slc6a14,,one_to_one,False
SHKBP1,Shkbp1,Shkbp1,one_to_one,True
PHKA2,Phka2,Phka2,one_to_one,True
UNC93B1,Unc93b1,Unc93b1,one_to_one,True
PTDSS2,Ptdss2,Ptdss2,one_to_one,True
DMWD,Dmwd,,one_to_one,False
GVINP1,Gvin2,Gm4070,one_to_one,True
CARD10,Card10,Card10,one_to_one,True
TCAP,Tcap,,one_to_one,False
MTNAP1,Mtnap1,D11Wsu47e,one_to_one,True
FDXR,Fdxr,Fdxr,one_to_one,True
FANK1,Fank1,,one_to_one,False
DHX32,Dhx32,Dhx32,one_to_one,True
SEMA4D,Sema4d,Sema4d,one_to_one,True
MIIP,Miip,Miip,one_to_one,True
PRRG2,Prrg2,Prrg2,one_to_one,True
CCDC83,Ccdc83,,one_to_one,False
AKT1,Akt1,Akt1,one_to_one,True
GZF1,Gzf1,Gzf1,one_to_one,True
MICA,Mill2,,ambiguous_orthology,False
MICB,Mill2,,ambiguous_orthology,False
LAMTOR1,Lamtor1,Lamtor1,one_to_one,True
SPINK4,Spink4,,one_to_one,False
QPCT,Qpct,Qpct,one_to_one,True
SYCP2L,Sycp2l,,one_to_one,False
SMIM20,Smim20,Smim20,one_to_one,True
E2F1,E2f1,E2f1,one_to_one,True
ZNF608,Zfp608,,one_to_one,False
UMOD,Umod,,one_to_one,False
GP2,Gp2,,one_to_one,False
C1orf210,2610528J11Rik,,one_to_one,False
PRRT3,Prrt3,,one_to_one,False
GPR33,Gpr33,,one_to_one,False
MSH4,Msh4,,one_to_one,False
STEAP2,Steap2,,one_to_one,False
RALGAPA2,Ralgapa2,Ralgapa2,one_to_one,True
PDE4A,Pde4a,Pde4a,one_to_one,True
PRSS43P,Prss43,,one_to_one,False
PRSS46P,Prss46,,one_to_one,False
PRSS44P,Prss44,,one_to_one,False
PRSS50,Prss50,,one_to_one,False
PRSS47P,Prss47,,one_to_one,False
C3orf18,6430571L13Rik,,one_to_one,False
MXRA7,Mxra7,,one_to_one,False
C11orf96,Gm13889,,one_to_one,False
MUC13,Muc13,,one_to_one,False
ZFYVE1,Zfyve1,Zfyve1,one_to_one,True
ERICH2,Erich2,,one_to_one,False
SLC7A15P,Slc7a15,,one_to_one,False
ITGAL,Itgal,Itgal,one_to_one,True
TRPC3,Trpc3,,one_to_one,False
SLITRK4,Slitrk4,,one_to_one,False
FRMPD1,Frmpd1,,one_to_one,False
TEX11,Tex11,,one_to_one,False
LRP10,Lrp10,Lrp10,one_to_one,True
INF2,Inf2,Inf2,one_to_one,True
LIN28B,Lin28b,,one_to_one,False
SCO1,Sco1,Sco1,one_to_one,True
PNPLA1,Pnpla1,,one_to_one,False
FADS6,Fads6,Fads6,one_to_one,True
NPR2,Npr2,,one_to_one,False
MCC,Mcc,,one_to_one,False
CD48,Cd48,Cd48,one_to_one,True
TPSAB1,Tpsab1,,ambiguous_orthology,False
TPSD1,Tpsab1,,ambiguous_orthology,False
TPSB2,Tpsab1,,ambiguous_orthology,False
TPSAB1,Tpsb2,,ambiguous_orthology,False
TPSB2,Tpsb2,,ambiguous_orthology,False
KLK12,Klk12,,one_to_one,False
GPRIN2,Gprin2,,one_to_one,False
C11orf16,BC051019,,one_to_one,False
GPR62,Gpr62,,one_to_one,False
C4orf54,1110002E22Rik,,one_to_one,False
FAM107A,Fam107a,,one_to_one,False
SPINDOC,Spindoc,Spindoc,one_to_one,True
LRRN4CL,Lrrn4cl,,one_to_one,False
EFCC1,Efcc1,,one_to_one,False
KDM5A,Kdm5a,Kdm5a,one_to_one,True
DQX1,Dqx1,,one_to_one,False
FOXO4,Foxo4,Foxo4,one_to_one,True
TEX14,Tex14,,one_to_one,False
CPXM2,Cpxm2,,one_to_one,False
SLC7A11,Slc7a11,,one_to_one,False
STX19,Stx19,,one_to_one,False
KCNJ15,Kcnj15,,one_to_one,False
SSH3,Ssh3,,one_to_one,False
TCAIM,Tcaim,Tcaim,one_to_one,True
TARM1,Tarm1,,one_to_one,False
FCRLA,Fcrla,,one_to_one,False
LILRA5,Lilra5,,one_to_one,False
NCR1,Ncr1,,one_to_one,False
GP6,Gp6,,one_to_one,False
WNK2,Wnk2,,one_to_one,False
SLC51B,Slc51b,,one_to_one,False
CCDC166,Ccdc166,Ccdc166,one_to_one,True
IQGAP3,Iqgap3,,one_to_one,False
PPEF2,Ppef2,,one_to_one,False
SAMD14,Samd14,,one_to_one,False
MUC12,Muc12,,one_to_one,False
MUC17,Muc17,,one_to_one,False
MUC3B,Muc3a,,ambiguous_orthology,False
MUC3A,Muc3a,,ambiguous_orthology,False
C11orf98,1810009A15Rik,1810009A15Rik,one_to_one,True
SAPCD1,Sapcd1,,one_to_one,False
CFAP99,Cfap99,,one_to_one,False
LSM3,Lsm3,Lsm3,one_to_one,True
RELL1,Rell1,Rell1,one_to_one,True
MANBAL,Manbal,Manbal,one_to_one,True
MAD2L1BP,Mad2l1bp,Mad2l1bp,one_to_one,True
CACUL1,Cacul1,Cacul1,one_to_one,True
PPIC,Ppic,,one_to_one,False
SLC37A3,Slc37a3,Slc37a3,one_to_one,True
SPRTN,Sprtn,Sprtn,one_to_one,True
SPAG8,Spag8,,one_to_one,False
HACD1,Hacd1,,one_to_one,False
ENG,Eng,Eng,one_to_one,True
SLC6A13,Slc6a13,Slc6a13,one_to_one,True
BPHL,Bphl,Bphl,one_to_one,True
MLANA,Mlana,,one_to_one,False
LAT,Lat,Lat,one_to_one,True
C5AR1,C5ar1,,one_to_one,False
KIF1C,Kif1c,Kif1c,one_to_one,True
NEK3,Nek3,Nek3,one_to_one,True
CENPQ,Cenpq,Cenpq,one_to_one,True
TOGARAM1,Togaram1,Togaram1,one_to_one,True
SLC35D3,Slc35d3,,one_to_one,False
GRIK3,Grik3,,one_to_one,False
YTHDC2,Ythdc2,Ythdc2,one_to_one,True
TMEM229A,Tmem229a,,one_to_one,False
ZNF821,Zfp821,Zfp821,one_to_one,True
SCTR,Sctr,,one_to_one,False
CD207,Cd207,,one_to_one,False
GRM7,Grm7,,one_to_one,False
MAP4K1,Map4k1,Map4k1,one_to_one,True
TEX47,Tex47,,one_to_one,False
PIERCE2,Pierce2,Ccpg1os,one_to_one,True
TRAF3IP3,Traf3ip3,Traf3ip3,one_to_one,True
EVX2,Evx2,,one_to_one,False
GATA4,Gata4,,one_to_one,False
WNT8B,Wnt8b,,one_to_one,False
DBH,Dbh,,one_to_one,False
FRAT2,Frat2,Frat2,one_to_one,True
FRAT1,Frat1,Frat1,one_to_one,True
FRAT1,Peg12,,one_to_one,True
SOX17,Sox17,,one_to_one,False
A1BG,A1bg,,one_to_one,False
A2M,A2m,,one_to_one,False
A3GALT2,A3galt2,,one_to_one,False
A4GALT,A4galt,,one_to_one,False
A4GNT,A4gnt,,one_to_one,False
AADACL2,Aadacl2,,one_to_one,False
ABCA13,Abca13,,one_to_one,False
ABCA6,Abca6,,one_to_one,False
ABCA8,Abca8b,,one_to_one,False
ABCA8,Abca8a,,one_to_one,False
ABCA9,Abca9,,one_to_one,False
ABCD2,Abcd2,,one_to_one,False
ABHD1,Abhd1,,one_to_one,False
ABHD5,Abhd5,Abhd5,one_to_one,True
ABO,Abo,,one_to_one,False
ACAD10,Acad12,Acad12,one_to_one,True
ACAD10,Acad10,Acad10,one_to_one,True
ACCSL,Accsl,,one_to_one,False
ACD,Acd,Acd,one_to_one,True
ACE3P,Ace3,,one_to_one,False
ACKR1,Ackr1,,one_to_one,False
ACKR2,Ackr2,,one_to_one,False
ACOT12,Acot12,,one_to_one,False
ACOX2,Acox2,,one_to_one,False
ACP3,Acp3,Acpp,one_to_one,True
ACP4,Acp4,,one_to_one,False
ACR,Acr,,one_to_one,False
ACRBP,Acrbp,Acrbp,one_to_one,True
ACRV1,Acrv1,,one_to_one,False
ACSS2,Acss2,Acss2,one_to_one,True
ACTBL2,Actbl2,,one_to_one,False
ACTL10,Actl10,,one_to_one,False
ACTL11P,Actl11,,one_to_one,False
ACTL7A,Actl7a,,one_to_one,False
ACTL7B,Actl7b,,one_to_one,False
ACTL9,Actl9,,one_to_one,False
ACTRT1,Actrt1,,one_to_one,False
ACTRT2,Actrt2,,one_to_one,False
ACTRT3,Actrt3,,one_to_one,False
ACVR1C,Acvr1c,,one_to_one,False
ADAM18,Adam18,,one_to_one,False
ADAM1A,Adam1a,,one_to_one,False
ADAM1B,Adam1b,,one_to_one,False
ADAM2,Adam2,,one_to_one,False
ADAM20,Adam39,,one_to_one,False
ADAM20,Adam25,,one_to_one,False
ADAM21,Adam21,,one_to_one,False
ADAM24P,Adam24,,one_to_one,False
ADAM29,Adam29,,one_to_one,False
ADAM30,Adam30,,one_to_one,False
ADAM32,Adam32,,one_to_one,False
ADAM3A,Adam3,,one_to_one,False
ADAM5,Adam5,,one_to_one,False
ADAM6,Adam6a,,one_to_one,False
ADAM7,Adam7,,one_to_one,False
ADAMDEC1,Adamdec1,,one_to_one,False
ADAMTS14,Adamts14,,one_to_one,False
ADAMTS16,Adamts16,,one_to_one,False
ADAMTS19,Adamts19,,one_to_one,False
ADAMTS20,Adamts20,,one_to_one,False
ADAMTS4,Adamts4,,one_to_one,False
ADAMTS5,Adamts5,,one_to_one,False
ADAMTS7,Adamts7,,one_to_one,False
ADAMTS9-AS2,9530026P05Rik,,one_to_one,False
ADAMTSL1,Adamtsl1,,one_to_one,False
ADAP1,Adap1,Adap1,one_to_one,True
ADCY10,Adcy10,,one_to_one,False
ADCY4,Adcy4,,one_to_one,False
ADGRD2,Adgrd2-ps,,one_to_one,False
ADGRE4P,Adgre4,,one_to_one,False
ADIG,Adig,,one_to_one,False
ADORA1,Adora1,,one_to_one,False
AEN,Aen,Aen,one_to_one,True
AFM,Afm,,one_to_one,False
AFP,Afp,Afp,one_to_one,True
AGBL1,Agbl1,,one_to_one,False
AGBL3,Agbl3,Agbl3,one_to_one,True
AGER,Ager,,one_to_one,False
AGTRAP,Agtrap,Agtrap,one_to_one,True
AHNAK2,Ahnak2,,one_to_one,False
AHSP,Ahsp,,one_to_one,False
AIF1,Aif1,,one_to_one,False
AIFM3,Aifm3,,one_to_one,False
AIM2,Aim2,Aim2,one_to_one,True
AIRN,Airn,Airn,one_to_one,True
AK3,Ak3,Ak3,one_to_one,True
AKAIN1,Akain1,,one_to_one,False
AKAP14,Akap14,,one_to_one,False
AKAP17A,Akap17a,,one_to_one,False
AKAP3,Akap3,,one_to_one,False
AKAP4,Akap4,,one_to_one,False
AKAP5,Akap5,,one_to_one,False
AKAP7,Akap7,Akap7,one_to_one,True
AKAP8,Akap8,Akap8,one_to_one,True
AKAP8L,Akap8l,Akap8l,one_to_one,True
AKR1C1,Akr1c6,,ambiguous_orthology,False
AKR1C3,Akr1c6,,ambiguous_orthology,False
AKR1C2,Akr1c6,,ambiguous_orthology,False
AKR1C4,Akr1c6,,ambiguous_orthology,False
AKR1C1,Akr1c20,,ambiguous_orthology,False
AKR1C3,Akr1c20,,ambiguous_orthology,False
AKR1C2,Akr1c20,,ambiguous_orthology,False
AKR1C4,Akr1c20,,ambiguous_orthology,False
AKR1C1,Akr1c18,,ambiguous_orthology,False
AKR1C3,Akr1c18,,ambiguous_orthology,False
AKR1C2,Akr1c18,,ambiguous_orthology,False
AKR1C4,Akr1c18,,ambiguous_orthology,False
AKR1C1,Akr1c14,,ambiguous_orthology,False
AKR1C3,Akr1c14,,ambiguous_orthology,False
AKR1C2,Akr1c14,,ambiguous_orthology,False
AKR1C4,Akr1c14,,ambiguous_orthology,False
AKR1C1,Akr1c21,,ambiguous_orthology,False
AKR1C3,Akr1c21,,ambiguous_orthology,False
AKR1C2,Akr1c21,,ambiguous_orthology,False
AKR1C4,Akr1c21,,ambiguous_orthology,False
AKR1D1,Akr1d1,,one_to_one,False
AKR1E2,Akr1e1,Akr1e1,one_to_one,True
ALB,Alb,,one_to_one,False
ALDH1A1,Aldh1a1,,one_to_one,False
ALDH1A1,Aldh1a7,,one_to_one,False
ALS2CL,Als2cl,Als2cl,one_to_one,True
AMBN,Ambn,,one_to_one,False
AMELX,Amelx,,ambiguous_orthology,False
AMELY,Amelx,,ambiguous_orthology,False
AMHR2,Amhr2,,one_to_one,False
AMIGO2,Amigo2,,one_to_one,False
AMTN,Amtn,,one_to_one,False
AMZ1,Amz1,,one_to_one,False
AMZ2,Amz2,Amz2,one_to_one,True
ANKAR,Ankar,,one_to_one,False
ANKRD16,Ankrd16,Ankrd16,one_to_one,True
ANKRD17,Ankrd17,Ankrd17,one_to_one,True
ANKRD23,Ankrd23,Ankrd23,one_to_one,True
ANKRD26,Ankrd26,Ankrd26,one_to_one,True
ANKRD31,Ankrd31,,one_to_one,False
ANKRD34A,Ankrd34a,,one_to_one,False
ANKRD35,Ankrd35,,one_to_one,False
ANKRD37,Ankrd37,Ankrd37,one_to_one,True
ANKRD40CL,Ankrd40cl,,one_to_one,False
ANKRD42,Ankrd42,,one_to_one,False
ANKRD44,Ankrd44,Ankrd44,one_to_one,True
ANKRD60,Ankrd60,,one_to_one,False
ANKRD61,Ankrd61,,one_to_one,False
ANKRD63,Ankrd63,,one_to_one,False
ANKRD66,Ankrd66,,one_to_one,False
ANKRD7,Ankrd7,,one_to_one,False
ANKUB1,Ankub1,,one_to_one,False
ANO4,Ano4,,one_to_one,False
ANXA10,Anxa10,,one_to_one,False
ANXA2R,Anxa2r2,,one_to_one,False
ANXA2R,Anxa2r1,,one_to_one,False
ANXA7,Anxa7,Anxa7,one_to_one,True
ANXA8L1,Anxa8,,ambiguous_orthology,False
ANXA8,Anxa8,,ambiguous_orthology,False
AOAH,Aoah,,one_to_one,False
AP2A2,Ap2a2,Ap2a2,one_to_one,True
AP3B2,Ap3b2,,one_to_one,False
AP4E1,Ap4e1,Ap4e1,one_to_one,True
APBA3,Apba3,Apba3,one_to_one,True
APCDD1,Apcdd1,,one_to_one,False
APOA5,Apoa5,,one_to_one,False
APOBEC1,Apobec1,Apobec1,one_to_one,True
APOBEC3H,Apobec3,Apobec3,ambiguous_orthology,False
APOBEC3B,Apobec3,Apobec3,ambiguous_orthology,False
APOBEC3D,Apobec3,Apobec3,ambiguous_orthology,False
APOBEC3G,Apobec3,Apobec3,ambiguous_orthology,False
APOBEC3F,Apobec3,Apobec3,ambiguous_orthology,False
APOBEC4,Apobec4,,one_to_one,False
APOBR,Apobr,Apobr,one_to_one,True
APOC1,Apoc1,,one_to_one,False
APOC2,Apoc2l,,one_to_one,False
APOC2,Apoc2,,one_to_one,False
APOC3,Apoc3,,one_to_one,False
APOC4,Apoc4,,one_to_one,False
APONP,Apon,,one_to_one,False
AQP2,Aqp2,,one_to_one,False
AQP5,Aqp5,,one_to_one,False
AQP6,Aqp6,,one_to_one,False
ARAP3,Arap3,Arap3,one_to_one,True
ARC,Arc,Arc,one_to_one,True
ARHGAP26,Arhgap26,Arhgap26,one_to_one,True
ARHGAP30,Arhgap30,Arhgap30,one_to_one,True
ARHGAP40,Arhgap40,,one_to_one,False
ARHGAP8,Arhgap8,,one_to_one,False
ARHGEF26,Arhgef26,,one_to_one,False
ARIH2OS,Arih2os,,one_to_one,False
ARL14EPL,Arl14epl,,one_to_one,False
ARLN,Arln,1810037I17Rik,one_to_one,True
ARMC12,Armc12,,one_to_one,False
ARMC5,Armc5,Armc5,one_to_one,True
ARMC9,Armc9,Armc9,one_to_one,True
ARMCX1,Armcx1,,one_to_one,False
ARMCX2,Armcx2,Armcx2,one_to_one,True
ARMCX3,Armcx3,Armcx3,one_to_one,True
ARMCX4,Armcx4,,one_to_one,False
ARMCX5,Armcx5,Armcx5,one_to_one,True
GPRASP2,Gprasp2,,ambiguous_orthology,False
ARMCX5-GPRASP2,Gprasp2,,ambiguous_orthology,False
ARMCX6,Armcx6,,one_to_one,False
ARMCX7P,Armcx7-ps,,one_to_one,False
ARMH2,Armh2,,one_to_one,False
ARMH4,Armh4,,one_to_one,False
ARRDC4,Arrdc4,,one_to_one,False
ARRDC5,Arrdc5,,one_to_one,False
ARSJ,Arsj,,one_to_one,False
ART2BP,Art2b,Art2b,one_to_one,True
ART2P,Art2a,,one_to_one,False
ARTN,Artn,,one_to_one,False
ASB17,Asb17,,one_to_one,False
ASB9,Asb9,,one_to_one,False
ASCL2,Ascl2,,one_to_one,False
ASCL3,Ascl3,,one_to_one,False
ASCL4,Ascl4,,one_to_one,False
ASCL5,Ascl5,,one_to_one,False
ASIC5,Asic5,,one_to_one,False
ASPH,Asph,,one_to_one,False
ASPRV1,Asprv1,,one_to_one,False
ASTN2,Astn2,,one_to_one,False
ASXL3,Asxl3,,one_to_one,False
ATE1OSP,Gm4275,,one_to_one,False
ATP12A,Atp12a,,one_to_one,False
ATP13A1,Atp13a1,Atp13a1,one_to_one,True
ATP13A4,Atp13a4,,one_to_one,False
ATP13A5,Atp13a5,,one_to_one,False
ATP1A4,Atp1a4,,one_to_one,False
ATP2C2,Atp2c2,,one_to_one,False
ATP4A,Atp4a,,one_to_one,False
ATP4B,Atp4b,,one_to_one,False
ATP5MC2,Atp5mc2,Atp5g2,one_to_one,True
ATP6AP2,Atp6ap2,Atp6ap2,one_to_one,True
ATP6V0A4,Atp6v0a4,,one_to_one,False
ATP6V0D2,Atp6v0d2,Atp6v0d2,one_to_one,True
ATP6V1B1,Atp6v1b1,,one_to_one,False
ATP9A,Atp9a,Atp9a,one_to_one,True
ATPSCKMT,Atpsckmt,Atpsckmt,one_to_one,True
ATRN,Atrn,Atrn,one_to_one,True
ATXN1-AS1,5033430I15Rik,,one_to_one,False
ATXN1L,Atxn1l,Atxn1l,one_to_one,True
ATXN3,Atxn3,Atxn3,one_to_one,True
ATXN7,Atxn7,Atxn7,one_to_one,True
ATXN7L3B,Atxn7l3b,Atxn7l3b,one_to_one,True
AUNIP,Aunip,,one_to_one,False
AVPR1B,Avpr1b,,one_to_one,False
AWAT1,Awat1,,one_to_one,False
AWAT2,Awat2,,one_to_one,False
AXL,Axl,Axl,one_to_one,True
AZIN2,Azin2,,one_to_one,False
B3GALNT1,B3galnt1,,one_to_one,False
B3GALT9,B3galt9,,one_to_one,False
B3GAT3,B3gat3,B3gat3,one_to_one,True
B3GNT4,B3gnt4,,one_to_one,False
B3GNT6,B3gnt6,,one_to_one,False
BAK1,Bak1,Bak1,one_to_one,True
BANF2,Banf2,,one_to_one,False
BANK1,Bank1,Bank1,one_to_one,True
BATF2,Batf2,,one_to_one,False
BBX,Bbx,Bbx,one_to_one,True
BCAS1,Bcas1,,one_to_one,False
BCHE,Bche,,one_to_one,False
BCL2A1,Bcl2a1c,,one_to_one,False
BCL2A1,Bcl2a1d,Bcl2a1d,one_to_one,True
BCL2A1,Bcl2a1a,,one_to_one,True
BCL2A1,Bcl2a1b,Bcl2a1b,one_to_one,True
BCL2L15,Bcl2l15,,one_to_one,False
BCL2L2,Bcl2l2,Bcl2l2,one_to_one,True
BCL7C,Bcl7c,Bcl7c,one_to_one,True
BCLAF1,Bclaf1,Bclaf1,one_to_one,True
BEND4,Bend4,,one_to_one,False
BEST3,Best3,,one_to_one,False
BEX2,Bex1,,ambiguous_orthology,False
BEX1,Bex1,,ambiguous_orthology,False
BEX2,Bex2,,ambiguous_orthology,False
BEX1,Bex2,,ambiguous_orthology,False
BEX3,Bex3,Bex3,one_to_one,True
BEX4,Bex4,,one_to_one,False
BEX4,Bex6,,one_to_one,False
BFAR,Bfar,Bfar,one_to_one,True
BFSP1,Bfsp1,,one_to_one,False
BGLAP,Bglap3,,one_to_one,False
BIK,Bik,Bik,one_to_one,True
BLTP2,Bltp2,2610507B11Rik,one_to_one,True
BMNCR,Bmncr,,one_to_one,False
BMP8B,Bmp8b,,one_to_one,False
BMX,Bmx,,one_to_one,False
BNIP2,Bnip2,Bnip2,one_to_one,True
BNIP5,Bnip5,,one_to_one,False
BOLL,Boll,,one_to_one,False
BPI,Bpi,,one_to_one,False
BPIFA1,Bpifa1,,one_to_one,False
BPIFA1,Bpifa5,,one_to_one,False
BPIFA2,Bpifa2,,one_to_one,False
BPIFA3,Bpifa3,,one_to_one,False
BPIFB1,Bpifb1,,one_to_one,False
BPIFB2,Bpifb2,,one_to_one,False
BPIFB3,Bpifb3,,one_to_one,False
BPIFB4,Bpifb4,,one_to_one,False
BPIFB5P,Bpifb5,,one_to_one,False
BPIFB6,Bpifb6,,one_to_one,False
BPIFB9P,Bpifb9a,,one_to_one,False
BPIFC,Bpifc,,one_to_one,False
BPNT1,Bpnt1,Bpnt1,one_to_one,True
BRCA1,Brca1,Brca1,one_to_one,True
BRD10,Brd10,9930021J03Rik,one_to_one,True
BRD3OS,Brd3os,,one_to_one,False
BRIX1,Brix1,Brix1,one_to_one,True
BRME1,Brme1,,one_to_one,False
BRS3,Brs3,,one_to_one,False
BSPH1,Bsph1,,one_to_one,False
BST1,Bst1,,one_to_one,False
BST2,Bst2,Bst2,one_to_one,True
BTBD1,Btbd1,Btbd1,one_to_one,True
BTBD18,Btbd18,,one_to_one,False
BTBD19,Btbd19,Btbd19,one_to_one,True
BTK,Btk,,one_to_one,False
BTNL12P,Btnl12,,one_to_one,False
BTNL2,Btnl2,,one_to_one,False
BTRC,Btrc,Btrc,one_to_one,True
C10orf105,Gm17455,,one_to_one,False
C10orf120,4933402N03Rik,,one_to_one,False
C10orf143,9430038I01Rik,9430038I01Rik,one_to_one,True
C10orf62,4933411K16Rik,,one_to_one,False
C11orf42,Gm5901,,one_to_one,False
C11orf71,Gm5617,Gm5617,one_to_one,True
C11orf86,2010003K11Rik,,one_to_one,False
C11orf91,A930018P22Rik,,one_to_one,False
C11orf97,1700012B09Rik,,one_to_one,False
C12orf42,1700113H08Rik,,one_to_one,False
ZC3H11D,Zc3h11d,,one_to_one,False
C12orf54,1700031M16Rik,,one_to_one,False
C12orf60,BC049715,BC049715,one_to_one,True
C12orf71,1700034J05Rik,,one_to_one,False
C13orf42,Gm4131,,one_to_one,False
C13orf46,1700029H14Rik,,one_to_one,False
C14orf132,D430019H16Rik,,one_to_one,False
C14orf180,A530016L24Rik,,one_to_one,False
C14orf39,4930447C04Rik,,one_to_one,False
C14orf93,4931414P19Rik,4931414P19Rik,one_to_one,True
C15orf62,Gm14137,,one_to_one,False
C16orf54,AI467606,AI467606,one_to_one,True
C16orf78,4933402J07Rik,,one_to_one,False
C16orf86,4933405L10Rik,,one_to_one,False
C16orf90,1700037C18Rik,1700037C18Rik,one_to_one,True
FIMP1,Fimp1,,one_to_one,False
C16orf95,1700018B08Rik,,one_to_one,False
C16orf96,4930562C15Rik,,one_to_one,False
C17orf100,4930563E22Rik,4930563E22Rik,one_to_one,True
C17orf107,4930544D05Rik,,one_to_one,False
C17orf114,Gm40193,,one_to_one,False
PGBDF,1700020L24Rik,1700020L24Rik,one_to_one,True
C17orf58,1810010H24Rik,,one_to_one,False
C17orf78,Gm11437,,one_to_one,False
IL40,6030468B19Rik,,one_to_one,False
C18orf32,BC031181,BC031181,one_to_one,True
C19orf18,2900092C05Rik,,one_to_one,False
C19orf33,2200002D01Rik,2200002D01Rik,one_to_one,True
C19orf38,AB124611,AB124611,one_to_one,True
C19orf48P,2410002F23Rik,2410002F23Rik,one_to_one,True
C19orf81,1700008O03Rik,,one_to_one,False
C19orf84,Gm38999,,one_to_one,False
C19orf84,Gm52993,,one_to_one,False
C19orf85,Gm36210,,one_to_one,False
C1orf105,4930558K02Rik,,one_to_one,False
C1orf122,1110065P20Rik,1110065P20Rik,one_to_one,True
C1orf141,4921539E11Rik,,one_to_one,False
C1orf162,I830077J02Rik,,one_to_one,False
C1orf185,4930522H14Rik,,one_to_one,False
C1orf216,5730409E04Rik,5730409E04Rik,one_to_one,True
C1orf226,Gm7694,,one_to_one,False
C1orf232,Gm30191,,one_to_one,False
C1orf54,BC028528,,one_to_one,False
C1orf56,Gm128,,one_to_one,False
C1orf87,Gm12695,,one_to_one,False
C1orf94,CK137956,,one_to_one,False
C1QL2,C1ql2,,one_to_one,False
C1QTNF3,C1qtnf3,,one_to_one,False
C1QTNF7,C1qtnf7,,one_to_one,False
C1R,C1ra,,one_to_one,False
C1R,C1rb,,one_to_one,False
C1RL,C1rl,,one_to_one,False
C2,C2,,one_to_one,False
C20orf141,1700020A23Rik,,one_to_one,False
C20orf144,1700003F12Rik,,one_to_one,False
C20orf173,6430550D23Rik,,one_to_one,False
C20orf202,Tmem74bos,,one_to_one,False
C20orf204,Gm29797,,one_to_one,False
C21orf140,Fam243,,one_to_one,False
C22orf15,Gm867,,one_to_one,False
C22orf46P,4930407I10Rik,,one_to_one,False
C2CD2,C2cd2,C2cd2,one_to_one,True
C2CD4C,C2cd4c,,one_to_one,False
C2orf66,Gm34066,,one_to_one,False
C2orf72,2810459M11Rik,,one_to_one,False
DEMA1,Dema1,,one_to_one,False
C2orf78,Gm4884,,one_to_one,False
C2orf78,4930433I11Rik,,one_to_one,False
C2orf78,Gm5114,,one_to_one,False
C2orf78,Gm5591,,one_to_one,False
C2orf78,Gm5592,,one_to_one,False
C2orf80,D630023F18Rik,,one_to_one,False
C2orf81,1700003E16Rik,,one_to_one,False
C2orf92,4933424G06Rik,,one_to_one,False
C3AR1,C3ar1,,one_to_one,False
FAM194C,4930590J08Rik,,one_to_one,False
C3orf22,BC048671,,one_to_one,False
C3orf49,Gm11100,,one_to_one,False
C3orf52,BC016579,,one_to_one,False
C3orf62,1700102P08Rik,,one_to_one,False
C3orf80,1110032F04Rik,,one_to_one,False
C3orf85,Gm5485,,one_to_one,False
C3orf86P,Gm35549,,one_to_one,False
C4A,C4a,,ambiguous_orthology,False
C4B,C4a,,ambiguous_orthology,False
C4orf17,4930579F01Rik,,one_to_one,False
C4orf36,1700016H13Rik,,one_to_one,False
C4orf46,4930579G24Rik,4930579G24Rik,one_to_one,True
C4orf50,Gm1043,Gm1043,one_to_one,True
C4orf51,1700011L22Rik,,one_to_one,False
C5,AI182371,,one_to_one,False
C5AR2,C5ar2,,one_to_one,False
C5orf46,Gm94,,one_to_one,False
C5orf47,4930524B15Rik,,one_to_one,False
C5orf52,4921536K21Rik,,one_to_one,False
C5orf58,4930469K13Rik,,one_to_one,False
C6orf118,1700010I14Rik,1700010I14Rik,one_to_one,True
C6orf132,AI661453,,one_to_one,False
C6orf141,9130008F23Rik,,one_to_one,False
C6orf15,2300002M23Rik,,one_to_one,False
C6orf163,Gm136,,one_to_one,False
C6orf47,D17H6S53E,D17H6S53E,one_to_one,True
C7orf57,Gm11992,,one_to_one,False
C8orf48,AI429214,,one_to_one,False
C8orf58,9930012K11Rik,9930012K11Rik,one_to_one,True
C8orf88,Gm11837,,one_to_one,False
C8orf89,4930444P10Rik,,one_to_one,False
C8orf90,Gm6569,,one_to_one,False
C9orf152,D630039A03Rik,D630039A03Rik,one_to_one,True
C9orf153,4921517D22Rik,,one_to_one,False
C9orf40,D030056L22Rik,D030056L22Rik,one_to_one,True
C9orf43,4933430I17Rik,,one_to_one,False
C9orf50,1700001O22Rik,1700001O22Rik,one_to_one,True
C9orf57,Gm3443,,one_to_one,False
CA11,Ca11,,one_to_one,False
CAAP1,Caap1,Caap1,one_to_one,True
CABS1,Cabs1,,one_to_one,False
CABYR,Cabyr,,one_to_one,False
CAGE1,Cage1,,one_to_one,False
CALCOCO2,Calcoco2,,one_to_one,False
CALHM3,Calhm3,,one_to_one,False
CALML3,Calml3,,one_to_one,False
CALML5,Calm5,,one_to_one,False
CALML5,Calm4,,one_to_one,False
CALR4P,Calr4,,one_to_one,False
CALY,Caly,,one_to_one,False
CAMKK2,Camkk2,Camkk2,one_to_one,True
CAMP,Camp,,one_to_one,False
CAPN6,Capn6,,one_to_one,False
CAPZA3,Capza3,,one_to_one,False
CARD6,Card6,Card6,one_to_one,True
CARMN,Carmn,,one_to_one,False
CARNS1,Carns1,Carns1,one_to_one,True
CASP14,Casp14,,one_to_one,False
CASP16P,Casp16,,one_to_one,False
CATSPER1,Catsper1,,one_to_one,False
CATSPER2,Catsper2,Catsper2,one_to_one,True
CATSPER3,Catsper3,,one_to_one,False
CATSPER4,Catsper4,,one_to_one,False
CATSPERB,Catsperb,,one_to_one,False
CATSPERD,Catsperd,Catsperd,one_to_one,True
CATSPERE,Catspere1,,one_to_one,False
CATSPERE,Catspere2,,one_to_one,False
CATSPERG,Catsperg1,,one_to_one,False
CATSPERG,Catsperg2,,one_to_one,False
CATSPERH,Catsperh,,one_to_one,False
CATSPERQ,Catsperq,,one_to_one,False
CATSPERT,Capstert,,one_to_one,False
CATSPERZ,Catsperz,,one_to_one,False
CBLB,Cblb,Cblb,one_to_one,True
CBLIF,Cblif,,one_to_one,False
CBLN1,Cbln1,,one_to_one,False
CBLN3,Cbln3,,one_to_one,False
CBY2,Cby2,,one_to_one,False
CC2D2B,Cc2d2b,,one_to_one,False
CCDC107,Ccdc107,Ccdc107,one_to_one,True
CCDC110,Ccdc110,,one_to_one,False
CCDC112,Ccdc112,,one_to_one,False
CCDC116,Ccdc116,,one_to_one,False
CCDC121,Ccdc121rt2,,one_to_one,False
CCDC121,Ccdc121rt1,,one_to_one,False
CCDC121,Ccdc121,,one_to_one,False
CCDC121,Ccdc121rt3,,one_to_one,False
CCDC122,Ccdc122,,one_to_one,False
CCDC138,Ccdc138,Ccdc138,one_to_one,True
CCDC144A,Gm57858,,ambiguous_orthology,False
CCDC144CP,Gm57858,,ambiguous_orthology,False
CCDC148,Ccdc148,Ccdc148,one_to_one,True
CCDC152,Ccdc152,,one_to_one,False
CCDC154,Ccdc154,,one_to_one,False
CCDC158,Ccdc158,,one_to_one,False
CCDC159,Ccdc159,,one_to_one,False
CCDC160,Ccdc160,,one_to_one,False
CCDC162P,Ccdc162,,one_to_one,False
CCDC163,Ccdc163,Ccdc163,one_to_one,True
CCDC169-SOHLH2,Sohlh2,,ambiguous_orthology,False
SOHLH2,Sohlh2,,ambiguous_orthology,False
CCDC178,Ccdc178,,one_to_one,False
CCDC179,Ccdc179,,one_to_one,False
CCDC182,Ccdc182,,one_to_one,False
CCDC183,Ccdc183,,one_to_one,False
CCDC184,Ccdc184,,one_to_one,False
CCDC185,Ccdc185,,one_to_one,False
CCDC187,Ccdc187,,one_to_one,False
CCDC188,Ccdc188,,one_to_one,False
CCDC190,Ccdc190,,one_to_one,False
CCDC192,Ccdc192,,one_to_one,False
CCDC194,Ccdc194,,one_to_one,False
CCDC196,Ccdc196,,one_to_one,False
CCDC198,Ccdc198,,one_to_one,False
CCDC200,Ccdc200,,one_to_one,False
CCDC201,Ccdc201,,one_to_one,False
CCDC27,Ccdc27,,one_to_one,False
CCDC38,Ccdc38,,one_to_one,False
CCDC54,Ccdc54,,one_to_one,False
CCDC60,Ccdc60,,one_to_one,False
CCDC68,Ccdc68,,one_to_one,False
CCDC7,Ccdc7a,,one_to_one,False
CCDC7,Ccdc7b,,one_to_one,False
CCDC70,Ccdc70,,one_to_one,False
CCDC71L,Ccdc71l,Ccdc71l,one_to_one,True
CCDC74B,Ccdc74a,,ambiguous_orthology,False
CCDC74A,Ccdc74a,,ambiguous_orthology,False
CCDC8,Ccdc8,,one_to_one,False
CCDC81,Ccdc81,,one_to_one,False
CCDC91,Ccdc91,Ccdc91,one_to_one,True
CCDC9B,Ccdc9b,,one_to_one,False
CCER1,Ccer1,,one_to_one,False
CCER2,Ccer2,,one_to_one,False
CCHCR1,Cchcr1,Cchcr1,one_to_one,True
CCIN,Ccin,,one_to_one,False
CCL1,Ccl1,,one_to_one,False
CCL23,Ccl6,,ambiguous_orthology,False
CCL15,Ccl6,,ambiguous_orthology,False
CCL23,Ccl9,,ambiguous_orthology,False
CCL15,Ccl9,,ambiguous_orthology,False
CCL17,Ccl17,,one_to_one,False
CCL22,Ccl22,,one_to_one,False
CCL26,Ccl26,,one_to_one,False
CCN3,Ccn3,,one_to_one,False
CCNB1IP1,Ccnb1ip1,,one_to_one,False
CCNL2,Ccnl2,Ccnl2,one_to_one,True
CCNO,Ccno,Ccno,one_to_one,True
CCRL2,Ccrl2,Ccrl2,one_to_one,True
CCT8,Cct8,Cct8,one_to_one,True
CCT8L1P,Cct8l1,,ambiguous_orthology,False
CCT8L2,Cct8l1,,ambiguous_orthology,False
CD101,Cd101,Cd101,one_to_one,True
CD14,Cd14,,one_to_one,False
CD160,Cd160,Cd160,one_to_one,True
CD177,Lypd10,,one_to_one,False
CD177,Lypd11,,one_to_one,False
CD177,Cd177,,one_to_one,False
CD19,Cd19,,one_to_one,False
CD1D,Cd1d2,,one_to_one,False
CD1D,Cd1d1,Cd1d1,one_to_one,True
CD24,Cd24a,,one_to_one,False
CD244,Cd244a,Cd244a,one_to_one,True
CD27,Cd27,Cd27,one_to_one,True
CD300A,Cd300a,,one_to_one,False
CD300C,Cd300c,,one_to_one,False
CD300C,Cd300c2,,one_to_one,False
CD300E,Cd300e,,one_to_one,False
CD300LB,Cd300lb,,one_to_one,False
CD300LD,Cd300ld,,one_to_one,False
CD300LD,Cd300ld2,,one_to_one,False
CD300LD,Cd300ld5,,one_to_one,False
CD300LD,Cd300ld4,,one_to_one,False
CD300LD,Cd300ld3,,one_to_one,False
CD300LF,Cd300lf,,one_to_one,False
CD320,Cd320,Cd320,one_to_one,True
CD33,Siglech,,one_to_one,False
CD34,Cd34,,one_to_one,False
CD38,Cd38,Cd38,one_to_one,True
CD3D,Cd3d,Cd3d,one_to_one,True
CD3E,Cd3e,Cd3e,one_to_one,True
CD3G,Cd3g,Cd3g,one_to_one,True
CD47,Cd47,Cd47,one_to_one,True
CD5,Cd5,Cd5,one_to_one,True
CD52,Cd52,Cd52,one_to_one,True
CD5L,Cd5l,,one_to_one,False
CD6,Cd6,Cd6,one_to_one,True
CD68,Cd68,,one_to_one,False
CD70,Cd70,,one_to_one,False
CD72,Cd72,Cd72,one_to_one,True
CD80,Cd80,,one_to_one,False
CD84,Cd84,Cd84,one_to_one,True
CD86,Cd86,Cd86,one_to_one,True
CD9,Cd9,Cd9,one_to_one,True
CD93,Cd93,Cd93,one_to_one,True
CDC20B,Cdc20b,,one_to_one,False
CDC25A,Cdc25a,Cdc25a,one_to_one,True
CDC25B,Cdc25b,Cdc25b,one_to_one,True
CDC25C,Cdc25c,,one_to_one,False
CDC42BPG,Cdc42bpg,Cdc42bpg,one_to_one,True
CDC5L,Cdc5lrt7,,one_to_one,True
CDC5L,Cdc5lrt6,,one_to_one,True
CDC5L,Cdc5lrt10,,one_to_one,True
CDC5L,Cdc5lrt5,,one_to_one,True
CDC5L,Cdc5lrt9,,one_to_one,True
CDC5L,Cdc5lrt1,,one_to_one,True
CDC5L,Cdc5lrt8,,one_to_one,True
CDC5L,Cdc5lrt4,,one_to_one,True
CDCA2,Cdca2,Cdca2,one_to_one,True
CDH20,Cdh20,,one_to_one,False
CDH22,Cdh22,,one_to_one,False
CDH24,Cdh24,Cdh24,one_to_one,True
CDHR17P,Cdhr17,,one_to_one,False
CDHR18P,Cdhr18,,one_to_one,False
CDHR2,Cdhr2,,one_to_one,False
CDHR3,Cdhr3,,one_to_one,False
CDHR4,Cdhr4,,one_to_one,False
CDIPTOSP,Cdiptos,,one_to_one,False
CDK2AP1,Cdk2ap1,Cdk2ap1,one_to_one,True
CDK3,Cdk3,,one_to_one,False
CDK6-AS1,Cdk6os1,,one_to_one,False
CDKL2,Cdkl2,,one_to_one,False
CDKL3,Cdkl3,Cdkl3,one_to_one,True
CDKL4,Cdkl4,,one_to_one,False
CDRT4,Cdrt4,,one_to_one,False
CDSN,Cdsn,,one_to_one,False
CDYL2,Cdyl2,Cdyl2,one_to_one,True
CEACAM7,Ceacam2,,ambiguous_orthology,False
PSG4,Ceacam2,,ambiguous_orthology,False
CEACAM5,Ceacam2,,ambiguous_orthology,False
PSG7,Ceacam2,,ambiguous_orthology,False
PSG8,Ceacam2,,ambiguous_orthology,False
PSG6,Ceacam2,,ambiguous_orthology,False
PSG3,Ceacam2,,ambiguous_orthology,False
PSG1,Ceacam2,,ambiguous_orthology,False
PSG9,Ceacam2,,ambiguous_orthology,False
CEACAM6,Ceacam2,,ambiguous_orthology,False
CEACAM1,Ceacam2,,ambiguous_orthology,False
CEACAM1,Ceacam1,,one_to_one,False
CEACAM19,Ceacam19,,one_to_one,False
CEACAM21,Ceacam5,,one_to_one,False
CEACAM21,Ceacam15,,one_to_one,False
CEACAM21,Ceacam3,,one_to_one,False
CEACAM21,Ceacam23,,one_to_one,False
CEACAM21,Ceacam9,,one_to_one,False
CEBPZOS,Cebpzos,Cebpzos,one_to_one,True
CEND1,Cend1,,one_to_one,False
CENPA,Cenpa,Cenpa,one_to_one,True
CENPB,Cenpb,Cenpb,one_to_one,True
CENPC,Cenpc1,Cenpc1,one_to_one,True
CENPI,Cenpi,,one_to_one,False
CEP152,Cep152,Cep152,one_to_one,True
CEP250,Cep250,Cep250,one_to_one,True
CEP295NL,Cep295nl,,one_to_one,False
CEP85L,Cep85l,Cep85l,one_to_one,True
CEP95,Cep95,Cep95,one_to_one,True
CEROX1,Cerox1,,one_to_one,False
CERS1,Cers1,,one_to_one,False
CETN1,Cetn1,,one_to_one,False
CFAP141,Cfap141,1700094D03Rik,one_to_one,True
CFAP144P1,Cfap144,,ambiguous_orthology,False
CFAP144,Cfap144,,ambiguous_orthology,False
CFAP20DC,Cfap20dc,,one_to_one,False
CFAP44,Cfap44,,one_to_one,False
CFAP46,Cfap46,,one_to_one,False
CFAP47,Cfap47,,one_to_one,False
CFAP54,Cfap54,Cfap54,one_to_one,True
CFAP69,Cfap69,,one_to_one,False
CFAP95,Cfap95,,one_to_one,False
CFAP97D1,Cfap97d1,,one_to_one,False
CFAP97D2,Cfap97d2,,one_to_one,False
CFC1,Cfc1,,ambiguous_orthology,False
CFC1B,Cfc1,,ambiguous_orthology,False
CGGBP1,Cggbp1,Cggbp1,one_to_one,True
CHAER1,Chaer1,,one_to_one,False
CHAMP1,Champ1,Champ1,one_to_one,True
CHASERR,Chaserr,1810026B05Rik,one_to_one,True
CHCHD5,Chchd5,Chchd5,one_to_one,True
CHCHD7,Chchd7,Chchd7,one_to_one,True
CHCT1,Chct1,,one_to_one,False
CHD9NB,Gm19935,,one_to_one,False
CHGA,Chga,,one_to_one,False
CHKA,Chka,Chka,one_to_one,True
CHLSN,Chlsn,3110082I17Rik,one_to_one,True
CHRDL1,Chrdl1,,one_to_one,False
CHST13,Chst13,,one_to_one,False
CIB4,Cib4,,one_to_one,False
CIBAR2,Cibar2,,one_to_one,False
CILK1,Cilk1,Ick,one_to_one,True
CIMAP1C,Cimap1c,,one_to_one,False
CIMAP2,Cimap2,,one_to_one,False
CIMIP1,Cimip1,,one_to_one,False
CIMIP2A,Cimip2a,,one_to_one,False
CIMIP3,Cimip3,,one_to_one,False
CIMIP4,Cimip4,,one_to_one,False
CIMIP6,Cimip6,,one_to_one,False
CIMIP7,Cimip7,,one_to_one,False
CIROP,Cirop,,one_to_one,False
CISD3,Cisd3,Cisd3,one_to_one,True
CIST1,Gm3336,,one_to_one,False
CISTR,Cistr,,one_to_one,False
CKAP2,Ckap2,Ckap2,one_to_one,True
CKLF,Cklf,Cklf,one_to_one,True
CLBA1,Clba1,,one_to_one,False
CLCN6,Clcn6,Clcn6,one_to_one,True
CLDN16,Cldn16,,one_to_one,False
CLDN20,Cldn20,,one_to_one,False
CLDN22,Cldn22,,one_to_one,False
CLDN24,Cldn24,,one_to_one,False
CLDN25,Cldn25,,one_to_one,False
CLDN34,Cldn34c1,,one_to_one,False
CLDN34,Cldn34c5,,one_to_one,False
CLDN34,Cldn34d,,one_to_one,False
CLDN34,Cldn34c2,,one_to_one,False
CLDN34,Cldn34b4,,one_to_one,False
CLDN34,Cldn34b2,,one_to_one,False
CLDN34,Cldn34b3,,one_to_one,False
CLDN34,Cldn34a,,one_to_one,False
CLDN34,Cldn34c4,,one_to_one,False
CLDN34,Cldn34b1,,one_to_one,False
CLDN34,Cldn34c6,,one_to_one,False
CLDND2,Cldnd2,,one_to_one,False
CLEC12A,Clec12a,,one_to_one,False
CLEC12B,Clec12b,,one_to_one,False
CLEC18B,Clec18a,,ambiguous_orthology,False
CLEC18C,Clec18a,,ambiguous_orthology,False
CLEC18A,Clec18a,,ambiguous_orthology,False
CLEC1B,Clec1b,,one_to_one,False
CLEC2D,Clec2e,,one_to_one,False
CLEC2D,Clec2d,Clec2d,one_to_one,True
CLEC2D,Clec2i,Clec2i,one_to_one,True
CLEC2D,Clec2g,,one_to_one,True
CLEC2D,Clec2h,,one_to_one,True
CLEC2D,Clec2f,,one_to_one,True
CLEC2L,Clec2l,,one_to_one,False
CLEC4A,Clec4a3,,one_to_one,False
CLEC4A,Clec4a2,,one_to_one,False
CLEC4G,Clec4g,,one_to_one,False
CLEC5A,Clec5a,,one_to_one,False
CLHC1,Clhc1,,one_to_one,False
CLIC6,Clic6,,one_to_one,False
CLIP3,Clip3,,one_to_one,False
CLK1,Clk1,Clk1,one_to_one,True
CLK3,Clk3,Clk3,one_to_one,True
CLMB,Clmb,,one_to_one,False
CLN8,Cln8,Cln8,one_to_one,True
CLNK,Clnk,Clnk,one_to_one,True
CLPS,Clps,,one_to_one,False
CLPSL2,Clpsl2,,one_to_one,False
CLRN3,Clrn3,,one_to_one,False
CLSPN,Clspn,Clspn,one_to_one,True
CLVS1,Clvs1,,one_to_one,False
CMC4,Cmc4,Cmc4,one_to_one,True
CMTM1,Cmtm1,,one_to_one,False
CMTM2,Cmtm2b,,one_to_one,False
CMTM2,Cmtm2a,,one_to_one,False
CMTM5,Cmtm5,,one_to_one,False
CNBD2,Cnbd2,Cnbd2,one_to_one,True
CNNM1,Cnnm1,,one_to_one,False
CNNM3,Cnnm3,Cnnm3,one_to_one,True
CNNM4,Cnnm4,Cnnm4,one_to_one,True
CNTN6,Cntn6,,one_to_one,False
COIL,Coil,Coil,one_to_one,True
COL20A1,Col20a1,,one_to_one,False
COL24A1,Col24a1,,one_to_one,False
COL25A1,Col25a1,,one_to_one,False
COL26A1,Col26a1,,one_to_one,False
COL3A1,Col3a1,,one_to_one,False
COL6A1,Col6a1,,one_to_one,False
COPRS,Coprs,,one_to_one,False
COPS7A,Cops7a,Cops7a,one_to_one,True
COPS7B,Cops7b,Cops7b,one_to_one,True
COX10,Cox10,Cox10,one_to_one,True
COX6C,Cox6c,Cox6c,one_to_one,True
COX8BP,Cox8b,,one_to_one,False
COX8C,Cox8c,,one_to_one,False
COXFA4L2,Coxfa4l2,,one_to_one,False
CPA3,Cpa3,,one_to_one,False
CPHXL,Cphx1,,ambiguous_orthology,False
CPHXL2,Cphx1,,ambiguous_orthology,False
CPLX1,Cplx1,,one_to_one,False
CPNE6,Cpne6,,one_to_one,False
CPQ,Cpq,Cpq,one_to_one,True
CPSF4L,Cpsf4l,,one_to_one,False
CPSF7,Cpsf7,Cpsf7,one_to_one,True
CPXCR1,Cpxcr1,,one_to_one,False
CRCT1,Crct1,,one_to_one,False
CRELD1,Creld1,Creld1,one_to_one,True
CRISP1,Crisp4,,one_to_one,False
CRISP2,Crisp2,,one_to_one,False
CRISP3,Crisp1,,one_to_one,False
CRNDE,Crnde,,one_to_one,False
CRNN,Crnn,,one_to_one,False
CROCC2,Crocc2,,one_to_one,False
CRTAM,Crtam,,one_to_one,False
CRYBG3,Crybg3,,one_to_one,False
CRYZL2P,Cryzl2,Cryzl2,one_to_one,True
CSF2,Csf2,Csf2,one_to_one,True
CSF2RA,Csf2ra,Csf2ra,one_to_one,True
CSN1S1,Csn1s1,,one_to_one,False
CSN1S2AP,Csn1s2a,,one_to_one,False
CSN1S2BP,Csn1s2b,,one_to_one,False
CSN2,Csn2,,one_to_one,False
CSN3,Csn3,,one_to_one,False
CSNK1G3,Csnk1g3,Csnk1g3,one_to_one,True
CSNK2A2IP,Csnk2a2ip,,one_to_one,False
CST11,Cst11,,one_to_one,False
CST12P,Cst12,,one_to_one,False
CST13P,Cst13,,one_to_one,False
CST3,Cst3,Cst3,one_to_one,True
CST5,Cst5,,one_to_one,False
CST6,Cst6,,one_to_one,False
CST7,Cst7,Cst7,one_to_one,True
CST8,Cst8,,one_to_one,False
CST9,Cst9,,ambiguous_orthology,False
CST9LP1,Cst9,,ambiguous_orthology,False
CST9L,Cst9,,ambiguous_orthology,False
CSTA,Cstdc3,,one_to_one,False
CSTF2T,Cstf2t,Cstf2t,one_to_one,True
CSTL1,Cstl1,,one_to_one,False
CT45A3,Ct45a,,ambiguous_orthology,False
CT45A1,Ct45a,,ambiguous_orthology,False
CT45A6,Ct45a,,ambiguous_orthology,False
CT45A7,Ct45a,,ambiguous_orthology,False
CT45A2,Ct45a,,ambiguous_orthology,False
CT45A9,Ct45a,,ambiguous_orthology,False
CT45A8,Ct45a,,ambiguous_orthology,False
CT45A10,Ct45a,,ambiguous_orthology,False
CT45A5,Ct45a,,ambiguous_orthology,False
CT47A7,Ct47,,ambiguous_orthology,False
CT47C1,Ct47,,ambiguous_orthology,False
CT47A3,Ct47,,ambiguous_orthology,False
CT47A9,Ct47,,ambiguous_orthology,False
CT47A11,Ct47,,ambiguous_orthology,False
CT47B1,Ct47,,ambiguous_orthology,False
CT47A5,Ct47,,ambiguous_orthology,False
CT47A1,Ct47,,ambiguous_orthology,False
CT47A8,Ct47,,ambiguous_orthology,False
CT47A10,Ct47,,ambiguous_orthology,False
CT47A2,Ct47,,ambiguous_orthology,False
CT47A6,Ct47,,ambiguous_orthology,False
CT47A4,Ct47,,ambiguous_orthology,False
CT47A12,Ct47,,ambiguous_orthology,False
CT55,Ct55,,one_to_one,False
CTAG1B,Ctag2l1,,ambiguous_orthology,False
CTAG1A,Ctag2l1,,ambiguous_orthology,False
CTCFL,Ctcfl,,one_to_one,False
CTF1,Ctf1,,one_to_one,False
CTF2P,Ctf2,,one_to_one,False
CTSW,Ctsw,Ctsw,one_to_one,True
CTXN3,Ctxn3,,one_to_one,False
CTXND1,Ctxnd1,,one_to_one,False
CTXND2,Ctxnd2,,one_to_one,False
CUL7,Cul7,Cul7,one_to_one,True
CUL9,Cul9,Cul9,one_to_one,True
CUTA,Cuta,Cuta,one_to_one,True
CWH43,Cwh43,,one_to_one,False
CX3CL1,Cx3cl1,,one_to_one,False
CXCL2,Cxcl3,,ambiguous_orthology,False
CXCL1,Cxcl3,,ambiguous_orthology,False
CXCL3,Cxcl3,,ambiguous_orthology,False
CXCL2,Cxcl2,,ambiguous_orthology,False
CXCL1,Cxcl2,,ambiguous_orthology,False
CXCL3,Cxcl2,,ambiguous_orthology,False
CXCL10,Cxcl10,Cxcl10,one_to_one,True
CXCL13,Cxcl13,,one_to_one,False
CXCL16,Cxcl16,,one_to_one,False
CXCL17,Cxcl17,,one_to_one,False
CXCL5,Cxcl5,,ambiguous_orthology,False
CXCL6,Cxcl5,,ambiguous_orthology,False
CXCR1,Cxcr1,,one_to_one,False
CXCR2,Cxcr2,,one_to_one,False
CXCR5,Cxcr5,,one_to_one,False
CXCR6,Cxcr6,Cxcr6,one_to_one,True
CXorf49,Gm4779,,ambiguous_orthology,False
CXorf49B,Gm4779,,ambiguous_orthology,False
CXorf49,4933412E24Rik,,ambiguous_orthology,False
CXorf49B,4933412E24Rik,,ambiguous_orthology,False
CXorf49,8030474K03Rik,,ambiguous_orthology,False
CXorf49B,8030474K03Rik,,ambiguous_orthology,False
CXorf49,Gm3858,,ambiguous_orthology,False
CXorf49B,Gm3858,,ambiguous_orthology,False
CXorf66,Gm7073,,one_to_one,False
CYB5RL,Cyb5rl,Cyb5rl,one_to_one,True
CYLC1,Cylc1,,one_to_one,False
CYLC2,Cylc2,,one_to_one,False
CYMP,Cym,,one_to_one,False
CYP27A1,Cyp27a1,,one_to_one,False
CYP2C19,Cyp2c38,,ambiguous_orthology,False
CYP2C18,Cyp2c38,,ambiguous_orthology,False
CYP2C9,Cyp2c38,,ambiguous_orthology,False
CYP2C9,Cyp2c50,,ambiguous_orthology,False
CYP2C19,Cyp2c50,,ambiguous_orthology,False
CYP2C18,Cyp2c50,,ambiguous_orthology,False
CYP2C8,Cyp2c50,,ambiguous_orthology,False
CYP2C19,Cyp2c39,,ambiguous_orthology,False
CYP2C18,Cyp2c39,,ambiguous_orthology,False
CYP2C9,Cyp2c39,,ambiguous_orthology,False
CYP2C19,Cyp2c29,,ambiguous_orthology,False
CYP2C18,Cyp2c29,,ambiguous_orthology,False
CYP2C9,Cyp2c29,,ambiguous_orthology,False
CYP2C9,Cyp2c37,,ambiguous_orthology,False
CYP2C19,Cyp2c37,,ambiguous_orthology,False
CYP2C18,Cyp2c37,,ambiguous_orthology,False
CYP2C8,Cyp2c37,,ambiguous_orthology,False
CYP2C8,Cyp2c68,,one_to_one,False
CYP2C8,Cyp2c67,,one_to_one,False
CYP2C8,Cyp2c69,,one_to_one,False
CYP2C8,Cyp2c54,,one_to_one,False
CYP2C8,Cyp2c40,,one_to_one,False
CYP2D7,Cyp2d11,,ambiguous_orthology,False
CYP2D6,Cyp2d11,,ambiguous_orthology,False
CYP2D7,Cyp2d34,,ambiguous_orthology,False
CYP2D6,Cyp2d34,,ambiguous_orthology,False
CYP2D7,Cyp2d9,,ambiguous_orthology,False
CYP2D6,Cyp2d9,,ambiguous_orthology,False
CYP2D7,Cyp2d26,,ambiguous_orthology,False
CYP2D6,Cyp2d26,,ambiguous_orthology,False
CYP2D7,Cyp2d40,,ambiguous_orthology,False
CYP2D6,Cyp2d40,,ambiguous_orthology,False
CYP2D7,Cyp2d10,,ambiguous_orthology,False
CYP2D6,Cyp2d10,,ambiguous_orthology,False
CYP2D7,Cyp2d12,,ambiguous_orthology,False
CYP2D6,Cyp2d12,,ambiguous_orthology,False
CYP2D7,Cyp2d22,Cyp2d22,ambiguous_orthology,False
CYP2D6,Cyp2d22,Cyp2d22,ambiguous_orthology,False
CYP2E1,Cyp2e1,,one_to_one,False
CYP2S1,Cyp2s1,,one_to_one,False
CYP2T1P,Cyp2t4,,one_to_one,False
CYP4A22,Cyp4a10,,ambiguous_orthology,False
CYP4A11,Cyp4a10,,ambiguous_orthology,False
CYP4A22,Cyp4a32,,ambiguous_orthology,False
CYP4A11,Cyp4a32,,ambiguous_orthology,False
CYP4A22,Cyp4a31,,ambiguous_orthology,False
CYP4A11,Cyp4a31,,ambiguous_orthology,False
CYP4A22,Cyp4a12a,,ambiguous_orthology,False
CYP4A11,Cyp4a12a,,ambiguous_orthology,False
CYP4A22,Cyp4a30b,,ambiguous_orthology,False
CYP4A11,Cyp4a30b,,ambiguous_orthology,False
CYP4A22,Cyp4a12b,,ambiguous_orthology,False
CYP4A11,Cyp4a12b,,ambiguous_orthology,False
CYP4A22,Cyp4a29,,ambiguous_orthology,False
CYP4A11,Cyp4a29,,ambiguous_orthology,False
CYP4A22,Cyp4a14,,ambiguous_orthology,False
CYP4A11,Cyp4a14,,ambiguous_orthology,False
CYP4B1,Cyp4b1,,one_to_one,False
CYP4X1,Cyp4x1,,one_to_one,False
CYREN,Cyren,Cyren,one_to_one,True
CYS1,Cys1,,one_to_one,False
CYSRT1,Cysrt1,,one_to_one,False
CYTL1,Cytl1,,one_to_one,False
DALIR,Dalir,,one_to_one,False
DANCR,Dancr,Dancr,one_to_one,True
DCAF12L2,Dcaf12l1,,ambiguous_orthology,False
DCAF12L1,Dcaf12l1,,ambiguous_orthology,False
DCAF8L2,Dcaf8l,,ambiguous_orthology,False
DCAF8L1,Dcaf8l,,ambiguous_orthology,False
DCDC2C,Dcdc2c,,one_to_one,False
DCSTAMP,Dcstamp,,one_to_one,False
DCUN1D5,Dcun1d5,Dcun1d5,one_to_one,True
DDIT4L,Ddit4l,,one_to_one,False
DDN,Ddn,,one_to_one,False
DDX10,Ddx10,Ddx10,one_to_one,True
DDX25,Ddx25,Ddx25,one_to_one,True
DDX5,Ddx5,Ddx5,one_to_one,True
DDX50,Ddx50,Ddx50,one_to_one,True
DDX60,Ddx60,Ddx60,one_to_one,True
DEFA3,Defa-rs10,,ambiguous_orthology,False
DEFA1,Defa-rs10,,ambiguous_orthology,False
DEFA1B,Defa-rs10,,ambiguous_orthology,False
DEFA6,Defa-rs10,,ambiguous_orthology,False
DEFA6,Defa-rs2,,ambiguous_orthology,False
DEFA4,Defa-rs2,,ambiguous_orthology,False
DEFA3,Defa-rs2,,ambiguous_orthology,False
DEFA1,Defa-rs2,,ambiguous_orthology,False
DEFA1B,Defa-rs2,,ambiguous_orthology,False
DEFA6,Defa43,,ambiguous_orthology,False
DEFA4,Defa43,,ambiguous_orthology,False
DEFA3,Defa43,,ambiguous_orthology,False
DEFA1,Defa43,,ambiguous_orthology,False
DEFA1B,Defa43,,ambiguous_orthology,False
DEFA6,Defa4,,ambiguous_orthology,False
DEFA4,Defa4,,ambiguous_orthology,False
DEFA3,Defa4,,ambiguous_orthology,False
DEFA1,Defa4,,ambiguous_orthology,False
DEFA1B,Defa4,,ambiguous_orthology,False
DEFA6,Defa39,,ambiguous_orthology,False
DEFA4,Defa39,,ambiguous_orthology,False
DEFA3,Defa39,,ambiguous_orthology,False
DEFA1,Defa39,,ambiguous_orthology,False
DEFA1B,Defa39,,ambiguous_orthology,False
DEFA3,Defa29,,ambiguous_orthology,False
DEFA1,Defa29,,ambiguous_orthology,False
DEFA1B,Defa29,,ambiguous_orthology,False
DEFA6,Defa29,,ambiguous_orthology,False
DEFA6,AY761185,,ambiguous_orthology,False
DEFA5,AY761185,,ambiguous_orthology,False
DEFA4,AY761185,,ambiguous_orthology,False
DEFA3,AY761185,,ambiguous_orthology,False
DEFA1,AY761185,,ambiguous_orthology,False
DEFA1B,AY761185,,ambiguous_orthology,False
DEFA6,Defa42,,ambiguous_orthology,False
DEFA4,Defa42,,ambiguous_orthology,False
DEFA3,Defa42,,ambiguous_orthology,False
DEFA1,Defa42,,ambiguous_orthology,False
DEFA1B,Defa42,,ambiguous_orthology,False
DEFA6,Defa22,,ambiguous_orthology,False
DEFA5,Defa22,,ambiguous_orthology,False
DEFA4,Defa22,,ambiguous_orthology,False
DEFA3,Defa22,,ambiguous_orthology,False
DEFA1,Defa22,,ambiguous_orthology,False
DEFA1B,Defa22,,ambiguous_orthology,False
DEFA6,Defa38,,ambiguous_orthology,False
DEFA4,Defa38,,ambiguous_orthology,False
DEFA3,Defa38,,ambiguous_orthology,False
DEFA1,Defa38,,ambiguous_orthology,False
DEFA1B,Defa38,,ambiguous_orthology,False
DEFA4,Defa20,,ambiguous_orthology,False
DEFA6,Defa20,,ambiguous_orthology,False
DEFA4,Defa36,,ambiguous_orthology,False
DEFA6,Defa36,,ambiguous_orthology,False
DEFA4,Defa37,,ambiguous_orthology,False
DEFA6,Defa37,,ambiguous_orthology,False
DEFA4,Defa32,,ambiguous_orthology,False
DEFA6,Defa32,,ambiguous_orthology,False
DEFA4,Defa21,,ambiguous_orthology,False
DEFA6,Defa21,,ambiguous_orthology,False
DEFA4,Defa41,,ambiguous_orthology,False
DEFA6,Defa41,,ambiguous_orthology,False
DEFA4,Defa35,,ambiguous_orthology,False
DEFA6,Defa35,,ambiguous_orthology,False
DEFA5,Defa16,,one_to_one,False
DEFA5,Defa11,,one_to_one,False
DEFA5,Defa1,,one_to_one,False
DEFA5,Defa40,,one_to_one,False
DEFA5,Defa17,,one_to_one,False
DEFA5,Defa3,,one_to_one,False
DEFA5,Defa2,,one_to_one,False
DEFA5,Defa26,,one_to_one,False
DEFA5,Defa10,,one_to_one,False
DEFA5,Defa25,,one_to_one,False
DEFA5,Defa27,,one_to_one,False
DEFA5,Defa7,,one_to_one,False
DEFA5,Defa14,,one_to_one,False
DEFA5,Defa34,,one_to_one,False
DEFA5,Defa24,,one_to_one,False
DEFA5,Defa8,,one_to_one,False
DEFA5,Defa5,,one_to_one,False
DEFA5,Defa30,,one_to_one,False
DEFA5,Defa31,,one_to_one,False
DEFA5,Defa6,,one_to_one,False
DEFA5,Defa28,,one_to_one,False
DEFA5,Defa9,,one_to_one,False
DEFA5,Defa15,,one_to_one,False
DEFA5,Defa23,,one_to_one,False
DEFA5,Defa13,,one_to_one,False
DEFA6,Defa-rs12,,one_to_one,False
DEFB1,Defb1,,one_to_one,False
DEFB103A,Defb14,,ambiguous_orthology,False
DEFB103B,Defb14,,ambiguous_orthology,False
DEFB105A,Defb12,,ambiguous_orthology,False
DEFB105B,Defb12,,ambiguous_orthology,False
DEFB106A,Defb15,,ambiguous_orthology,False
DEFB106B,Defb15,,ambiguous_orthology,False
DEFB106A,Defb34,,ambiguous_orthology,False
DEFB106B,Defb34,,ambiguous_orthology,False
DEFB107A,Defb13,,ambiguous_orthology,False
DEFB107B,Defb13,,ambiguous_orthology,False
DEFB109B,Defb48,,one_to_one,False
DEFB110,Defb41,,one_to_one,False
DEFB113,Defb18,,one_to_one,False
DEFB115,Defb28,,one_to_one,False
DEFB116,Defb29,,one_to_one,False
DEFB118,Defb21,,one_to_one,False
DEFB119,Defb19,,one_to_one,False
DEFB123,Defb36,,one_to_one,False
DEFB124,Defb25,,one_to_one,False
DEFB125,Defb26,,one_to_one,False
DEFB126,Defb22,,one_to_one,False
DEFB128,Defb20,,one_to_one,False
DEFB129,Defb23,,one_to_one,False
DEFB130A,Defb47,,ambiguous_orthology,False
DEFB130B,Defb47,,ambiguous_orthology,False
DEFB131A,Defb43,,ambiguous_orthology,False
DEFB131B,Defb43,,ambiguous_orthology,False
DEFB135,Defb30,,one_to_one,False
DEFB136,Defb42,,one_to_one,False
DEFB4A,Defb6,,ambiguous_orthology,False
DEFB4B,Defb6,,ambiguous_orthology,False
DEFB4A,Defb4,,ambiguous_orthology,False
DEFB4B,Defb4,,ambiguous_orthology,False
DEFB4A,Defb8,,ambiguous_orthology,False
DEFB4B,Defb8,,ambiguous_orthology,False
DEFB4A,Defb3,,ambiguous_orthology,False
DEFB4B,Defb3,,ambiguous_orthology,False
DEFB4A,Defb5,,ambiguous_orthology,False
DEFB4B,Defb5,,ambiguous_orthology,False
DEFB4A,Defb7,,ambiguous_orthology,False
DEFB4B,Defb7,,ambiguous_orthology,False
DENND4B,Dennd4b,Dennd4b,one_to_one,True
DEPP1,Depp1,,one_to_one,False
DEUP1,Deup1,,one_to_one,False
DGAT2L6,Dgat2l6,,one_to_one,False
DGKD,Dgkd,Dgkd,one_to_one,True
DGKG,Dgkg,,one_to_one,False
DGKK,Dgkk,,one_to_one,False
DGKQ,Dgkq,Dgkq,one_to_one,True
DIAPH1,Diaph1,Diaph1,one_to_one,True
DIMT1,Dimt1,Dimt1,one_to_one,True
DIO3OS,Dio3os,,one_to_one,False
DIRAS2,Diras2,,one_to_one,False
DKC1,Dkc1,Dkc1,one_to_one,True
DKK4,Dkk4,,one_to_one,False
DKKL1,Dkkl1,Dkkl1,one_to_one,True
DLK1,Dlk1,,one_to_one,False
DLX6-AS1,Dlx6os1,,one_to_one,False
DMBT1,Dmbt1,,one_to_one,False
DMBT1L1,Cdcp3,,one_to_one,False
DMKN,Dmkn,,one_to_one,False
DMP1,Dmp1,,one_to_one,False
DMPK,Dmpk,,one_to_one,False
DMRTA1,Dmrta1,Dmrta1,one_to_one,True
DMRTB1,Dmrtb1,,one_to_one,False
DMRTC1B,Dmrtc1a,,ambiguous_orthology,False
DMRTC1,Dmrtc1a,,ambiguous_orthology,False
DMRTC1B,Dmrtc1b,,one_to_one,False
DMRTC2,Dmrtc2,,one_to_one,False
DMXL1,Dmxl1,Dmxl1,one_to_one,True
DNAAF8,Dnaaf8,,one_to_one,False
DNAH14,Dnah14,,one_to_one,False
DNAH17,Dnah17,,one_to_one,False
DNAH6,Dnah6,,one_to_one,False
DNAH8,Dnah8,Dnah8,one_to_one,True
DNAJC12,Dnajc12,Dnajc12,one_to_one,True
DNAJC13,Dnajc13,Dnajc13,one_to_one,True
DNHD1,Dnhd1,,one_to_one,False
DNMT3L,Dnmt3l,,one_to_one,False
DNTTIP1,Dnttip1,Dnttip1,one_to_one,True
DOC2GP,Doc2g,Doc2g,one_to_one,True
DOCK11,Dock11,Dock11,one_to_one,True
DOK5,Dok5,,one_to_one,False
DONSON,Donson,Donson,one_to_one,True
DPH5,Dph5,Dph5,one_to_one,True
DPP10,Dpp10,,one_to_one,False
DPP8,Dpp8,Dpp8,one_to_one,True
DPPA2,Dppa2,,one_to_one,False
DPPA3,Dppa3,,one_to_one,False
DPPA4,Dppa4,,one_to_one,False
DPPA5,Dppa5a,,one_to_one,False
DPPA5,Dppa5c,,one_to_one,False
DPPA5,Dppa5b,,one_to_one,False
DPY19L4,Dpy19l4,Dpy19l4,one_to_one,True
DRC11L,Drc11l,,one_to_one,False
DRP2,Drp2,,one_to_one,False
DSN1,Dsn1,Dsn1,one_to_one,True
DSPP,Dspp,,one_to_one,False
DUBR,Dubr,Dubr,one_to_one,True
DUS1L,Dus1l,Dus1l,one_to_one,True
DUSP26,Dusp26,,one_to_one,False
DUSP7,Dusp7,Dusp7,one_to_one,True
DUSP9,Dusp9,,one_to_one,False
DUX4L2,Duxf4,,ambiguous_orthology,False
DUX4L4,Duxf4,,ambiguous_orthology,False
DUX4L9,Duxf4,,ambiguous_orthology,False
DUX4,Duxf4,,ambiguous_orthology,False
DUX4L3,Duxf4,,ambiguous_orthology,False
DUX4L6,Duxf4,,ambiguous_orthology,False
DUX4L5,Duxf4,,ambiguous_orthology,False
DUX4L7,Duxf4,,ambiguous_orthology,False
DYNAP,Dynap,,one_to_one,False
DYNLT1,Dynlt1f,Dynlt1f,one_to_one,True
DYNLT1,Dynlt1b,,one_to_one,True
DYNLT1,Dynlt1c,Dynlt1c,one_to_one,True
DYNLT1,Dynlt1a,Dynlt1a,one_to_one,True
DYNLT2,Dynlt2a2,Gm3448,one_to_one,True
DYNLT2,Dynlt2a1,,one_to_one,True
DYNLT2,Dynlt2a3,,one_to_one,True
DYNLT4,Dynlt4,Tctex1d4,one_to_one,True
DZIP3,Dzip3,Dzip3,one_to_one,True
EBF4,Ebf4,,one_to_one,False
ECEL1,Ecel1,,one_to_one,False
ECT2L,Ect2l,,one_to_one,False
EDDM13,Eddm13,,one_to_one,False
EDDM3B,Eddm3b,,ambiguous_orthology,False
EDDM3A,Eddm3b,,ambiguous_orthology,False
EEA1,Eea1,Eea1,one_to_one,True
EEF1AKMT3,Eef1akmt3,,one_to_one,False
EFCAB15P,Efcab15,,one_to_one,False
EFCAB3,Efcab3,,one_to_one,False
EFCAB5,Efcab5,,one_to_one,False
EFCAB8,Efcab8,,one_to_one,False
EFCAB9,Efcab9,,one_to_one,False
EGFEM1P,Egfem1,,one_to_one,False
EGFLAM,Egflam,,one_to_one,False
EHD3,Ehd3,Ehd3,one_to_one,True
EID1,Eid1,Eid1,one_to_one,True
EID2,Eid2,Eid2,one_to_one,True
EID2B,Eid2b,Eid2b,one_to_one,True
ELANE,Elane,,one_to_one,False
ELDR,Eldr,,one_to_one,False
ELF3,Elf3,,one_to_one,False
ELF5,Elf5,,one_to_one,False
ELL3,Ell3,,one_to_one,False
ELOB,Elobl,,one_to_one,True
ELOVL3,Elovl3,,one_to_one,False
EMCN,Emcn,,one_to_one,False
EML4,Eml4,Eml4,one_to_one,True
EMX2OS,Emx2os,,one_to_one,False
ENAM,Enam,,one_to_one,False
ENDOV,Endov,Endov,one_to_one,True
ENHO,Enho,,one_to_one,False
ENKUR,Enkur,,one_to_one,False
ENPP3,Enpp3,,one_to_one,False
ENTHD1,Enthd1,,one_to_one,False
ENTPD1,Entpd1,Entpd1,one_to_one,True
ENTPD4,Entpd4b,,one_to_one,False
ENTPD7,Entpd7,Entpd7,one_to_one,True
EPB41L2,Epb41l2,Epb41l2,one_to_one,True
EPB42,Epb42,,one_to_one,False
EPCIP,Epcip,4932438H23Rik,one_to_one,True
EPHA10,Epha10,,one_to_one,False
EPHA5,Epha5,,one_to_one,False
EPHB1,Ephb1,,one_to_one,False
EPHX3,Ephx3,,one_to_one,False
EPM2AIP1,Epm2aip1,Epm2aip1,one_to_one,True
EPOP,Epop,Epop,one_to_one,True
EPPIN,Eppin,,ambiguous_orthology,False
EPPIN-WFDC6,Eppin,,ambiguous_orthology,False
EPPK1,Eppk1,,one_to_one,False
EQTN,Eqtn,,one_to_one,False
ERAS,Eras,,one_to_one,False
EREG,Ereg,,one_to_one,False
ERI3,Eri3,Eri3,one_to_one,True
ERICH1,Erich1,Erich1,one_to_one,True
ERICH4,Erich4,,one_to_one,False
ERICH5,Erich5,,one_to_one,False
ERICH6,Erich6,,one_to_one,False
ERICH6B,Erich6b,,one_to_one,False
ERLN,Erln,,one_to_one,False
ERMAP,Ermap,,one_to_one,False
ERMARD,Ermard,Ermard,one_to_one,True
ERMARD,Ermardl2,9030025P20Rik,one_to_one,True
ERMARD,Ermardl1,Gm3435,one_to_one,True
ERMN,Ermn,,one_to_one,False
ERMP1,Ermp1,Ermp1,one_to_one,True
ERP27,Erp27,,one_to_one,False
ERP29,Erp29,Erp29,one_to_one,True
ERVFRD-1,Syna,,one_to_one,False
ERVFRD-1,Synb,,one_to_one,False
ESX1,Esx1,,one_to_one,False
ETDA,Etd,,ambiguous_orthology,False
ETDB,Etd,,ambiguous_orthology,False
ETDC,Etd,,ambiguous_orthology,False
ETV3,Etv3,Etv3,one_to_one,True
ETV3L,Etv3l,,one_to_one,False
EVC,Evc,,one_to_one,False
EVC2,Evc2,,one_to_one,False
EVI2A,Evi2a,Evi2a,one_to_one,True
EVI2B,Evi2b,,one_to_one,False
EVI2B,Evi2,Evi2,one_to_one,True
EXOG,Exog,Exog,one_to_one,True
EXPH5,Exph5,,one_to_one,False
EZHIP,Ezhip,,one_to_one,False
F11,F11,,one_to_one,False
F12,F12,,one_to_one,False
F2RL3,F2rl3,F2rl3,one_to_one,True
FAM124A,Fam124a,,one_to_one,False
FAM124B,Fam124b,Fam124b,one_to_one,True
FAM13B,Fam13b,Fam13b,one_to_one,True
FAM13C,Fam13c,,one_to_one,False
FAM156B,Vcf2,Tmem29,ambiguous_orthology,False
FAM156A,Vcf2,Tmem29,ambiguous_orthology,False
FAM162B,Fam162b,,one_to_one,False
FAM170A,Fam170a,,one_to_one,False
FAM170B,Fam170b,,one_to_one,False
FAM171B,Fam171b,,one_to_one,False
FAM174A,Fam174a,Fam174a,one_to_one,True
FAM178B,Fam178b,,one_to_one,False
FAM180A,Fam180a,,one_to_one,False
FAM181A,Fam181a,,one_to_one,False
FAM181B,Fam181b,,one_to_one,False
FAM186A,Fam186a,,one_to_one,False
FAM186B,Fam186b,,one_to_one,False
FAM187A,Fam187a,,one_to_one,False
FAM187B,Fam187b,,one_to_one,False
FAM209A,Fam209,,ambiguous_orthology,False
FAM209B,Fam209,,ambiguous_orthology,False
FAM216A,Fam216a,Fam216a,one_to_one,True
FAM216B,Fam216b,,one_to_one,False
FAM217A,Fam217a,,one_to_one,False
FAM220A,Fam220a,Fam220a-1,ambiguous_orthology,False
FAM220BP,Fam220a,Fam220a-1,ambiguous_orthology,False
FAM221B,Fam221b,,one_to_one,False
FAM227A,Fam227a,,one_to_one,False
FAM227B,Fam227b,,one_to_one,False
FAM229A,Fam229a,,one_to_one,False
FAM229B,Fam229b,,one_to_one,False
FAM236A,Fam236d,,ambiguous_orthology,False
FAM236B,Fam236d,,ambiguous_orthology,False
FAM236A,Fam236c,,ambiguous_orthology,False
FAM236B,Fam236c,,ambiguous_orthology,False
FAM236D,Fam236f,,ambiguous_orthology,False
FAM236A,Fam236f,,ambiguous_orthology,False
FAM236B,Fam236f,,ambiguous_orthology,False
FAM236D,Fam236e,,ambiguous_orthology,False
FAM236A,Fam236e,,ambiguous_orthology,False
FAM236B,Fam236e,,ambiguous_orthology,False
FAM237A,Fam237a,,one_to_one,False
FAM237B,Fam237b,,one_to_one,False
FAM240A,Fam240a,,one_to_one,False
FAM240B,Fam240b,,one_to_one,False
FAM241B,Fam241b,Fam241b,one_to_one,True
FAM246C,Fam246a,,ambiguous_orthology,False
FAM246A,Fam246a,,ambiguous_orthology,False
FAM246B,Fam246a,,ambiguous_orthology,False
FAM24B,Fam24b,,ambiguous_orthology,False
FAM24A,Fam24b,,ambiguous_orthology,False
FAM24B,Fam24a,,ambiguous_orthology,False
FAM24A,Fam24a,,ambiguous_orthology,False
FAM25G,Fam25a,,ambiguous_orthology,False
FAM25A,Fam25a,,ambiguous_orthology,False
FAM25C,Fam25a,,ambiguous_orthology,False
FAM3B,Fam3b,,one_to_one,False
FAM3D,Fam3d,,one_to_one,False
FAM53A,Fam53a,Fam53a,one_to_one,True
FAM76A,Fam76a,Fam76a,one_to_one,True
FAM81A,Fam81a,,one_to_one,False
FAM90A26,Fam90a1b,,ambiguous_orthology,False
FAM90A8,Fam90a1b,,ambiguous_orthology,False
FAM90A7,Fam90a1b,,ambiguous_orthology,False
FAM90A17,Fam90a1b,,ambiguous_orthology,False
FAM90A1,Fam90a1b,,ambiguous_orthology,False
FAM90A14,Fam90a1b,,ambiguous_orthology,False
FAM90A13,Fam90a1b,,ambiguous_orthology,False
FAM90A12,Fam90a1b,,ambiguous_orthology,False
FAM90A23,Fam90a1b,,ambiguous_orthology,False
FAM90A27P,Fam90a1b,,ambiguous_orthology,False
FAM90A18,Fam90a1b,,ambiguous_orthology,False
FAM90A5,Fam90a1b,,ambiguous_orthology,False
FAM90A22,Fam90a1b,,ambiguous_orthology,False
FAM90A20,Fam90a1b,,ambiguous_orthology,False
FAM90A15,Fam90a1b,,ambiguous_orthology,False
FAM90A10,Fam90a1b,,ambiguous_orthology,False
FAM90A16,Fam90a1b,,ambiguous_orthology,False
FAM90A24,Fam90a1b,,ambiguous_orthology,False
FAM90A9,Fam90a1b,,ambiguous_orthology,False
FAM90A2P,Fam90a1b,,ambiguous_orthology,False
FAM90A19,Fam90a1b,,ambiguous_orthology,False
FAM90A2P,Fam90a1a,,one_to_one,False
TSLIG3C,Fam98c,Fam98c,one_to_one,True
FANCD2OS,Fancd2os,,one_to_one,False
FASTKD5,Fastkd5,Fastkd5,one_to_one,True
FATE1,Fate1,,one_to_one,False
FBF1,Fbf1,Fbf1,one_to_one,True
FBLN7,Fbln7,,one_to_one,False
FBXL12,Fbxl12,Fbxl12,one_to_one,True
FBXL16,Fbxl16,,one_to_one,False
FBXL21P,Fbxl21,Fbxl21,one_to_one,True
FBXL8,Fbxl8,Fbxl8,one_to_one,True
FBXO17,Fbxo17,Fbxo17,one_to_one,True
FBXO24,Fbxo24,,one_to_one,False
FBXO27,Fbxo27,Fbxo27,one_to_one,True
FBXO33,Fbxo33,Fbxo33,one_to_one,True
FBXO39,Fbxo39,,one_to_one,False
FBXO47,Fbxo47,,one_to_one,False
FBXW12,Fbxw24,,one_to_one,False
FBXW12,Fbxw21,,one_to_one,False
FBXW12,Fbxw15,,one_to_one,False
FBXW12,Fbxw28,,one_to_one,False
FBXW12,Fbxw16,,one_to_one,False
FBXW12,Fbxw19,,one_to_one,False
FBXW12,Fbxw20,,one_to_one,False
FBXW12,Fbxw18,,one_to_one,False
FBXW12,Fbxw14,,one_to_one,False
FBXW12,Fbxw25,,one_to_one,False
FBXW12,Fbxw22,,one_to_one,False
FBXW12,Fbxw13,,one_to_one,False
FBXW12,Fbxw26,,one_to_one,False
FBXW12,Fbxw27,,one_to_one,False
FBXW7-AS1,Fbxw7as1,,one_to_one,False
FCER1A,Fcer1a,,one_to_one,False
FCER2,Fcer2a,,one_to_one,False
FCGBP,Fcgbp,,one_to_one,False
FCGBP,Fcgbpl1,,one_to_one,False
FCGR2A,Fcgr3,,one_to_one,False
FCGR3A,Fcgr4,,ambiguous_orthology,False
FCGR3B,Fcgr4,,ambiguous_orthology,False
FCGRT,Fcgrt,,one_to_one,False
FCHSD1,Fchsd1,Fchsd1,one_to_one,True
FCHSD2,Fchsd2,Fchsd2,one_to_one,True
FCMR,Fcmr,,one_to_one,False
FCN1,Fcna,,ambiguous_orthology,False
FCN2,Fcna,,ambiguous_orthology,False
FCN1,Fcnb,,ambiguous_orthology,False
FCN2,Fcnb,,ambiguous_orthology,False
FCRL1,Fcrl1,,ambiguous_orthology,False
FCRL2,Fcrl1,,ambiguous_orthology,False
FCRL5,Fcrl5,,ambiguous_orthology,False
FCRL3,Fcrl5,,ambiguous_orthology,False
FCRL6,Fcrl6,,one_to_one,False
FCSK,Fcsk,Fcsk,one_to_one,True
FENDRR,Fendrr,,one_to_one,False
FER1L5,Fer1l5,,one_to_one,False
FERD3L,Ferd3l,,one_to_one,False
FFAR4,Ffar4,,one_to_one,False
FGD2,Fgd2,,one_to_one,False
FIRRE,Firre,,one_to_one,False
FIZ1,Fiz1,Fiz1,one_to_one,True
FKBP4,Fkbp4,Fkbp4,one_to_one,True
FLACC1,Flacc1,,one_to_one,False
FLG2,Flg2,,one_to_one,False
FLT3LG,Flt3l,Flt3l,one_to_one,True
FLYWCH1,Flywch1,Flywch1,one_to_one,True
FLYWCH2,Flywch2,,one_to_one,False
FMC1-LUC7L2,Fmc1,Fmc1,ambiguous_orthology,False
FMC1,Fmc1,Fmc1,ambiguous_orthology,False
FMR1NB,Fmr1nb,,one_to_one,False
FN1,Fn1,,one_to_one,False
FNDC1,Fndc1,,one_to_one,False
FNDC11,Fndc11,,one_to_one,False
FNDC8,Fndc8,,one_to_one,False
FNDC9,Fndc9,,one_to_one,False
FOXC2,Foxc2,,one_to_one,False
FOXD4L5,Foxd4,,ambiguous_orthology,False
FOXD4L3,Foxd4,,ambiguous_orthology,False
FOXD4,Foxd4,,ambiguous_orthology,False
FOXD4L4,Foxd4,,ambiguous_orthology,False
FOXD4L6,Foxd4,,ambiguous_orthology,False
FOXD4L1,Foxd4,,ambiguous_orthology,False
FOXJ2,Foxj2,Foxj2,one_to_one,True
FOXS1,Foxs1,,one_to_one,False
FRA10AC1,Fra10ac1,Fra10ac1,one_to_one,True
FREM3,Frem3,,one_to_one,False
FREY1,Frey1,,one_to_one,False
FRG2B,Frg2f1,Frg2f1,ambiguous_orthology,False
FRG2C,Frg2f1,Frg2f1,ambiguous_orthology,False
FRG2,Frg2f1,Frg2f1,ambiguous_orthology,False
FRRS1L,Frrs1l,,one_to_one,False
FSBP,Fsbp,,one_to_one,False
FSCB,Fscb,,one_to_one,False
FSCN3,Fscn3,,one_to_one,False
FSD2,Fsd2,Fsd2,one_to_one,True
FSIP2,Fsip2,,one_to_one,False
FSIP2LP,Fsip2l,,one_to_one,False
FTX,Ftx,Ftx,one_to_one,True
FUT1,Fut1,,one_to_one,False
FUT2BP,Fut2b,,ambiguous_orthology,False
FUT2,Fut2b,,ambiguous_orthology,False
FUT2,Fut2,,one_to_one,False
FUT4,Fut4,,one_to_one,False
FXYD2,Fxyd2,,one_to_one,False
FXYD3,Fxyd3,,one_to_one,False
FXYD4,Fxyd4,,one_to_one,False
FXYD5,Fxyd5,Fxyd5,one_to_one,True
FXYD7,Fxyd7,,one_to_one,False
FZD10-AS1,Fzd10os,,one_to_one,False
G6PC2,G6pc2,,one_to_one,False
GABRE,Gabre,,one_to_one,False
GABRG3,Gabrg3,,one_to_one,False
GABRQ,Gabrq,,one_to_one,False
GADL1,Gadl1,,one_to_one,False
GAL3ST2,Gal3st2b,,one_to_one,False
GAL3ST2,Gal3st2c,,one_to_one,False
GALNT10,Galnt10,Galnt10,one_to_one,True
GALNT15,Galnt15,,one_to_one,False
GALNT16,Galnt16,,one_to_one,False
GALNT5,Galnt5,,one_to_one,False
GALNT9,Galnt9,,one_to_one,False
GALP,Galp,,one_to_one,False
GAPT,Gapt,,one_to_one,False
GARIN1A,Garin1a,,one_to_one,False
GARIN1B,Garin1b,,one_to_one,False
GARIN2,Garin2,,one_to_one,False
GARIN3,Garin3,,one_to_one,False
GARIN4,Garin4,,one_to_one,False
GARIN5A,Garin5a,Fam71e1,one_to_one,True
GARIN5B,Garin5b,,one_to_one,False
GARRE1,Garre1,4931406P16Rik,one_to_one,True
GAS2L2,Gas2l2,,one_to_one,False
GAST,Gast,,one_to_one,False
GCAT,Gcat,Gcat,one_to_one,True
GCC2,Gcc2,Gcc2,one_to_one,True
GCK,Gck,,one_to_one,False
GCM1,Gcm1,,one_to_one,False
GCNT1,Gcnt1,Gcnt1,one_to_one,True
GCNT3,Gcnt3,,one_to_one,False
GCSAM,Gcsam,,one_to_one,False
GDF15,Gdf15,,one_to_one,False
GEN1,Gen1,Gen1,one_to_one,True
GFY,Gfy,,one_to_one,False
GGA2,Gga2,Gga2,one_to_one,True
GGN,Ggn,,one_to_one,False
GGNBP1,Ggnbp1,,one_to_one,False
GGT7,Ggt7,Ggt7,one_to_one,True
GGTA1,Ggta1,Ggta1,one_to_one,True
GIMAP6,Gimap6,Gimap6,one_to_one,True
GIMD1,Gimd1,,one_to_one,False
GIN1,Gin1,Gin1,one_to_one,True
GJA6P,Gja6,,one_to_one,False
GJC3,Gjc3,,one_to_one,False
GJD2-DT,Gjd2os,,one_to_one,False
GJD3,Gjd3,,one_to_one,False
GKN1,Gkn1,,one_to_one,False
GKN2,Gkn2,,one_to_one,False
GKN3P,Gkn3,,one_to_one,False
GLA,Gla,Gla,one_to_one,True
GLIS1,Glis1,,one_to_one,False
GLP1R,Glp1r,,one_to_one,False
GLP2R,Glp2r,,one_to_one,False
GLT6D1,Glt6d1,,one_to_one,False
GLYCAM1,Glycam1,,one_to_one,False
GML,Gml,,one_to_one,False
GML,Gml2,,one_to_one,False
GNA14,Gna14,,one_to_one,False
GNAS-AS1,Gnasas1,,one_to_one,False
GNAT3,Gnat3,,one_to_one,False
GNG10,Gng10,Gng10,one_to_one,True
GNG2,Gng2,Gng2,one_to_one,True
GNG4,Gng4,,one_to_one,False
GNRH1,Gnrh1,,one_to_one,False
GOLGA3,Golga3,Golga3,one_to_one,True
GON7,Gon7,,one_to_one,False
GOT1L1,Got1l1,,one_to_one,False
GP1BA,Gp1ba,,one_to_one,False
GP5,Gp5,,one_to_one,False
GPATCH2L,Gpatch2l,Gpatch2l,one_to_one,True
GPATCH8,Gpatch8,Gpatch8,one_to_one,True
GPBP1,Gpbp1,Gpbp1,one_to_one,True
GPIHBP1,Gpihbp1,,one_to_one,False
GPLD1,Gpld1,,one_to_one,False
GPR108,Gpr108,Gpr108,one_to_one,True
GPR119,Gpr119,,one_to_one,False
GPR135,Gpr135,,one_to_one,False
GPR141BP,Gpr141b,,one_to_one,False
GPR148,Gm7582,,one_to_one,False
GPR148,Gm7609,,one_to_one,False
GPR148,Gm7592,,one_to_one,False
GPR148,Gm15433,,one_to_one,False
GPR149,Gpr149,,one_to_one,False
GPR15,Gpr15,,one_to_one,False
GPR150,Gpr150,,one_to_one,False
GPR152,Gpr152,,one_to_one,False
GPR153,Gpr153,,one_to_one,False
GPR15LG,Gpr15lg,,one_to_one,False
GPR162,Gpr162,,one_to_one,False
GPR165P,Gpr165,,one_to_one,False
GPR21,Gpr21,,one_to_one,False
GPR6,Gpr6,,one_to_one,False
GPR68,Gpr68,Gpr68,one_to_one,True
GPR82,Gpr82,,one_to_one,False
GPR87,Gpr87,,one_to_one,False
GPRASP1,Gprasp1,Gprasp1,one_to_one,True
GPRASP3,Bhlhb9,Bhlhb9,one_to_one,True
GPRC5A,Gprc5a,,one_to_one,False
GPRC5D,Gprc5d,,one_to_one,False
GPRIN1,Gprin1,,one_to_one,False
GPSM3,Gpsm3,Gpsm3,one_to_one,True
GRAMD2B,Gramd2b,Gramd3,one_to_one,True
GREP1,Grep1,,one_to_one,False
GRHL1,Grhl1,,one_to_one,False
GRK2,Grk2,Grk2,one_to_one,True
GRK3,Grk3,,one_to_one,False
GRP,Grp,,one_to_one,False
GRSF1,Grsf1,Grsf1,one_to_one,True
GRXCR2,Grxcr2,,one_to_one,False
GSC2,Gsc2,,one_to_one,False
GSDMA,Gsdma,,one_to_one,False
GSDMA,Gsdma3,,one_to_one,False
GSDMA,Gsdma2,,one_to_one,False
GSDMC,Gsdmc2,,one_to_one,False
GSDMC,Gsdmc3,,one_to_one,False
GSDMC,Gsdmc,,one_to_one,False
GSDMC,Gsdmc4,,one_to_one,False
GSDMD,Gsdmd,Gsdmd,one_to_one,True
GSG1,Gsg1,,one_to_one,False
GTF2H3,Gtf2h3,Gtf2h3,one_to_one,True
GTF2I,Gtf2i,Gtf2i,one_to_one,True
GTF2IRD2,Gtf2ird2,Gtf2ird2,ambiguous_orthology,False
GTF2IRD2B,Gtf2ird2,Gtf2ird2,ambiguous_orthology,False
GTF3C1,Gtf3c1,Gtf3c1,one_to_one,True
GTSF1L,Gtsf1l,,one_to_one,False
GUCA2A,Guca2a,,one_to_one,False
GUCA2B,Guca2b,,one_to_one,False
GUCY1B2,Gucy1b2,,one_to_one,False
GULOP,Gulo,,one_to_one,False
GYPA,Gypa,,ambiguous_orthology,False
GYPB,Gypa,,ambiguous_orthology,False
GYPE,Gypa,,ambiguous_orthology,False
GZMM,Gzmm,Gzmm,one_to_one,True
H1-7,H1f7,,one_to_one,False
H1-9P,H1f9,,one_to_one,False
H19,H19,,one_to_one,False
H2AB1,H2ab2,,ambiguous_orthology,False
H2AB2,H2ab2,,ambiguous_orthology,False
H2AB3,H2ab2,,ambiguous_orthology,False
H2AB1,H2ab1,,ambiguous_orthology,False
H2AB2,H2ab1,,ambiguous_orthology,False
H2AB3,H2ab1,,ambiguous_orthology,False
H2AB1,H2ab3,,ambiguous_orthology,False
H2AB2,H2ab3,,ambiguous_orthology,False
H2AB3,H2ab3,,ambiguous_orthology,False
H2AC1,H2ac1,,one_to_one,False
H2AL3,H2al1m,,ambiguous_orthology,False
H2AL1MP,H2al1m,,ambiguous_orthology,False
H2AL3,H2al1f,,one_to_one,False
H2AL3,H2al1b,,one_to_one,False
H2AL3,H2al1j,,one_to_one,False
H2AL3,H2al1e,,one_to_one,False
H2AL3,H2al1a,,one_to_one,False
H2AL3,H2al3,,one_to_one,False
H2AL3,H2al1i,,one_to_one,False
H2AL3,H2al1h,,one_to_one,False
H2AL3,H2al1o,,one_to_one,False
H2AL3,H2al2a,,one_to_one,False
H2AL3,H2al1g,,one_to_one,False
H2AL3,H2al2b,,one_to_one,False
H2AL3,H2al1k,,one_to_one,False
H2AL3,H2al1d,,one_to_one,False
H2AL3,H2al1n,,one_to_one,False
H2AL3,H2al2c,,one_to_one,False
H2AL3,H2al1c,,one_to_one,False
H2AP,H2ap,,one_to_one,False
H2BL1P,H2bl1,,one_to_one,False
H2BW1,H2bw2,,one_to_one,False
H3-4,H3f4,,one_to_one,False
H3C6,H3c11,,ambiguous_orthology,False
H3C7,H3c11,,ambiguous_orthology,False
H3C11,H3c11,,ambiguous_orthology,False
H3C3,H3c11,,ambiguous_orthology,False
H3C1,H3c11,,ambiguous_orthology,False
H3C2,H3c11,,ambiguous_orthology,False
H3C10,H3c11,,ambiguous_orthology,False
H3C4,H3c11,,ambiguous_orthology,False
H3C8,H3c11,,ambiguous_orthology,False
H3C12,H3c11,,ambiguous_orthology,False
H3C6,H3c10,,ambiguous_orthology,False
H3C7,H3c10,,ambiguous_orthology,False
H3C11,H3c10,,ambiguous_orthology,False
H3C3,H3c10,,ambiguous_orthology,False
H3C1,H3c10,,ambiguous_orthology,False
H3C2,H3c10,,ambiguous_orthology,False
H3C10,H3c10,,ambiguous_orthology,False
H3C4,H3c10,,ambiguous_orthology,False
H3C8,H3c10,,ambiguous_orthology,False
H3C12,H3c10,,ambiguous_orthology,False
H3C6,H3c8,,ambiguous_orthology,False
H3C7,H3c8,,ambiguous_orthology,False
H3C11,H3c8,,ambiguous_orthology,False
H3C3,H3c8,,ambiguous_orthology,False
H3C1,H3c8,,ambiguous_orthology,False
H3C2,H3c8,,ambiguous_orthology,False
H3C10,H3c8,,ambiguous_orthology,False
H3C4,H3c8,,ambiguous_orthology,False
H3C8,H3c8,,ambiguous_orthology,False
H3C12,H3c8,,ambiguous_orthology,False
H3C6,H3c1,Hist1h3a,ambiguous_orthology,False
H3C7,H3c1,Hist1h3a,ambiguous_orthology,False
H3C11,H3c1,Hist1h3a,ambiguous_orthology,False
H3C3,H3c1,Hist1h3a,ambiguous_orthology,False
H3C1,H3c1,Hist1h3a,ambiguous_orthology,False
H3C2,H3c1,Hist1h3a,ambiguous_orthology,False
H3C10,H3c1,Hist1h3a,ambiguous_orthology,False
H3C4,H3c1,Hist1h3a,ambiguous_orthology,False
H3C8,H3c1,Hist1h3a,ambiguous_orthology,False
H3C12,H3c1,Hist1h3a,ambiguous_orthology,False
HAGHL,Haghl,Haghl,one_to_one,True
HAND1,Hand1,,one_to_one,False
HAVCR1,Timd5,,one_to_one,False
HAVCR1,Timd6,,one_to_one,False
HAVCR1,Timd2,,one_to_one,False
HCFC1R1,Hcfc1r1,Hcfc1r1,one_to_one,True
HCK,Hck,,one_to_one,False
HCN1,Hcn1,,one_to_one,False
HCRTR1,Hcrtr1,,one_to_one,False
HDAC2,Hdac2,Hdac2,one_to_one,True
HDGF,Hdgf,Hdgf,one_to_one,True
HDGFL1,Hdgfl1,,one_to_one,False
HEATR9,Heatr9,,one_to_one,False
HECTD4,Hectd4,Hectd4,one_to_one,True
HEPH,Heph,,one_to_one,False
HERPUD1,Herpud1,Herpud1,one_to_one,True
HHAT,Hhat,,one_to_one,False
HHIPL1,Hhipl1,,one_to_one,False
HHLA1,Hhla1,,one_to_one,False
HIGD1B,Higd1b,,one_to_one,False
HILPDA,Hilpda,Hilpda,one_to_one,True
HIPK4,Hipk4,,one_to_one,False
HIVEP3,Hivep3,Hivep3,one_to_one,True
HJURP,Hjurp,Hjurp,one_to_one,True
HK3,Hk3,,one_to_one,False
HLA-DMA,H2-DMa,H2-DMa,one_to_one,True
HLA-DMB,H2-DMb1,,one_to_one,False
HLA-DMB,H2-DMb2,,one_to_one,False
HMGB4,Hmgb4,,one_to_one,False
HMGN1,Hmgn1,Hmgn1,one_to_one,True
HMGN5,Hmgn5,Hmgn5,one_to_one,True
HNRNPA2B1,Hnrnpa2b1,Hnrnpa2b1,one_to_one,True
HNRNPLL,Hnrnpll,Hnrnpll,one_to_one,True
HNRNPUL2,Hnrnpul2,Hnrnpul2,one_to_one,True
HOTAIR,Hotair,,one_to_one,False
HOTAIRM1,Hotairm1,,one_to_one,False
HOTTIP,Hottip,,one_to_one,False
HOXA-AS3,Hoxaas3,,one_to_one,False
HOXA11-AS,Hoxa11os,,one_to_one,False
HOXA6,Hoxa6,,one_to_one,False
HOXA7,Hoxa7,,one_to_one,False
HOXD1,Hoxd1,,one_to_one,False
HOXD8,Hoxd8,,one_to_one,False
HPGDS,Hpgds,Hpgds,one_to_one,True
HPS6,Hps6,Hps6,one_to_one,True
HR,Hr,,one_to_one,False
HRC,Hrc,,one_to_one,False
HRCT1,Hrct1,,one_to_one,False
HRG,Hrg,,one_to_one,False
HRK,Hrk,,one_to_one,False
HRNR,Hrnr,,one_to_one,False
HS3ST5,Hs3st5,,one_to_one,False
HSBP1L1,Hsbp1l1,,one_to_one,False
HSD17B11,Hsd17b11,Hsd17b11,one_to_one,True
HSD17B13,Hsd17b13,,one_to_one,False
HSFY1,Hsfy2,,ambiguous_orthology,False
HSFY2,Hsfy2,,ambiguous_orthology,False
HSPA2,Hspa2,Hspa2,one_to_one,True
HYMAI,Hymai,,one_to_one,False
IAPP,Iapp,,one_to_one,False
IARS2,Iars2,Iars2,one_to_one,True
IBSP,Ibsp,,one_to_one,False
ICAM4,Icam4,Icam4,one_to_one,True
ICE2,Ice2,Ice2,one_to_one,True
ICOS,Icos,Icos,one_to_one,True
ICOSLG,Icosl,Icosl,one_to_one,True
IDH3B,Idh3b,Idh3b,one_to_one,True
IDI2,Idi2,,one_to_one,False
IDNK,Idnk,Idnk,one_to_one,True
IFI16,Ifi202b,,ambiguous_orthology,False
PYHIN1,Ifi202b,,ambiguous_orthology,False
IFI16,Ifi207,,one_to_one,False
IFI16,Mndal,Mndal,ambiguous_orthology,False
PYHIN1,Mndal,Mndal,ambiguous_orthology,False
IFITM10,Ifitm10,Ifitm10,one_to_one,True
IFNG-AS1,Ifngas1,Ifngas1,one_to_one,True
IFNL2,Ifnl3,,ambiguous_orthology,False
IFNL3,Ifnl3,,ambiguous_orthology,False
IFNL1,Ifnl3,,ambiguous_orthology,False
IFNL2,Ifnl2,,ambiguous_orthology,False
IFNL3,Ifnl2,,ambiguous_orthology,False
IFNL1,Ifnl2,,ambiguous_orthology,False
IFT25,Ift25,Hspb11,one_to_one,True
IFT43,Ift43,,one_to_one,False
IGF2-AS,Igf2os,,one_to_one,False
IGFBP4,Igfbp4,Igfbp4,one_to_one,True
IGFBPL1,Igfbpl1,,one_to_one,False
IGFL3,Igfl3,,ambiguous_orthology,False
IGFL2,Igfl3,,ambiguous_orthology,False
IGFL4,Igfl3,,ambiguous_orthology,False
IGHA1,Igha,,ambiguous_orthology,False
IGHA2,Igha,,ambiguous_orthology,False
IGHD,Ighd,,one_to_one,False
IGHE,Ighe,,one_to_one,False
IGHG3,Ighg3,,ambiguous_orthology,False
IGHG2,Ighg3,,ambiguous_orthology,False
IGHG4,Ighg3,,ambiguous_orthology,False
IGHG1,Ighg3,,ambiguous_orthology,False
IGHG3,Ighg,,ambiguous_orthology,False
IGHG2,Ighg,,ambiguous_orthology,False
IGHG4,Ighg,,ambiguous_orthology,False
IGHG1,Ighg,,ambiguous_orthology,False
IGHG3,Ighg2c,,ambiguous_orthology,False
IGHG2,Ighg2c,,ambiguous_orthology,False
IGHG4,Ighg2c,,ambiguous_orthology,False
IGHG1,Ighg2c,,ambiguous_orthology,False
IGHG3,Ighg1,,ambiguous_orthology,False
IGHG2,Ighg1,,ambiguous_orthology,False
IGHG4,Ighg1,,ambiguous_orthology,False
IGHG1,Ighg1,,ambiguous_orthology,False
IGHG3,Ighg2b,,ambiguous_orthology,False
IGHG2,Ighg2b,,ambiguous_orthology,False
IGHG4,Ighg2b,,ambiguous_orthology,False
IGHG1,Ighg2b,,ambiguous_orthology,False
IGHG3,Ighg2a,,ambiguous_orthology,False
IGHG2,Ighg2a,,ambiguous_orthology,False
IGHG4,Ighg2a,,ambiguous_orthology,False
IGHG1,Ighg2a,,ambiguous_orthology,False
IGHJ2,Ighj1,,one_to_one,False
IGHJ4,Ighj2,,one_to_one,False
IGHV2-26,Ighv8-13,,one_to_one,False
IGHV2-70,Ighv8-5,,ambiguous_orthology,False
IGHV2-26,Ighv8-5,,ambiguous_orthology,False
IGHV2-70D,Ighv8-5,,ambiguous_orthology,False
IGHV2OR16-5,Ighv8-5,,ambiguous_orthology,False
IGHV2-5,Ighv8-5,,ambiguous_orthology,False
IGHV2-26,Ighv8-2,,one_to_one,False
IGHV2-26,Ighv8-6,,one_to_one,False
IGHV2-26,Ighv8-9,,one_to_one,False
IGHV2-70,Ighv8-12,,ambiguous_orthology,False
IGHV2-26,Ighv8-12,,ambiguous_orthology,False
IGHV2-70D,Ighv8-12,,ambiguous_orthology,False
IGHV2OR16-5,Ighv8-12,,ambiguous_orthology,False
IGHV2-5,Ighv8-12,,ambiguous_orthology,False
IGHV2-70,Ighv8-4,,ambiguous_orthology,False
IGHV2-26,Ighv8-4,,ambiguous_orthology,False
IGHV2-70D,Ighv8-4,,ambiguous_orthology,False
IGHV2OR16-5,Ighv8-4,,ambiguous_orthology,False
IGHV2-5,Ighv8-4,,ambiguous_orthology,False
IGHV2-70,Ighv8-11,,ambiguous_orthology,False
IGHV2-26,Ighv8-11,,ambiguous_orthology,False
IGHV2-70D,Ighv8-11,,ambiguous_orthology,False
IGHV2OR16-5,Ighv8-11,,ambiguous_orthology,False
IGHV2-5,Ighv8-11,,ambiguous_orthology,False
IGHV2-70,Ighv8-8,,ambiguous_orthology,False
IGHV2-26,Ighv8-8,,ambiguous_orthology,False
IGHV2-70D,Ighv8-8,,ambiguous_orthology,False
IGHV2OR16-5,Ighv8-8,,ambiguous_orthology,False
IGHV2-5,Ighv8-8,,ambiguous_orthology,False
IGHV3OR16-13,Ighv5-17,,ambiguous_orthology,False
IGHV3-35,Ighv5-17,,ambiguous_orthology,False
IGHV3-13,Ighv5-17,,ambiguous_orthology,False
IGHV3OR16-17,Ighv5-17,,ambiguous_orthology,False
IGHV3-48,Ighv5-17,,ambiguous_orthology,False
IGHV3-21,Ighv5-17,,ambiguous_orthology,False
IGHV3OR16-8,Ighv5-17,,ambiguous_orthology,False
IGHV3-11,Ighv5-17,,ambiguous_orthology,False
IGHV3-7,Ighv5-17,,ambiguous_orthology,False
IGHV3-11,Ighv5-15,,ambiguous_orthology,False
IGHV3OR16-8,Ighv5-15,,ambiguous_orthology,False
IGHV3OR16-17,Ighv5-15,,ambiguous_orthology,False
IGHV3-64D,Ighv5-12-4,,ambiguous_orthology,False
IGHV3-30-5,Ighv5-12-4,,ambiguous_orthology,False
IGHV3-30,Ighv5-12-4,,ambiguous_orthology,False
IGHV3-53,Ighv5-12-4,,ambiguous_orthology,False
IGHV3-9,Ighv5-12-4,,ambiguous_orthology,False
IGHV3-43,Ighv5-12-4,,ambiguous_orthology,False
IGHV3-23,Ighv5-12-4,,ambiguous_orthology,False
IGHV3-13,Ighv5-12-4,,ambiguous_orthology,False
IGHV3-66,Ighv5-12-4,,ambiguous_orthology,False
IGHV3-64,Ighv5-12-4,,ambiguous_orthology,False
IGHV3-20,Ighv5-12-4,,ambiguous_orthology,False
IGHV3-21,Ighv5-12-4,,ambiguous_orthology,False
IGHV3OR16-8,Ighv5-12-4,,ambiguous_orthology,False
IGHV3-33,Ighv5-12-4,,ambiguous_orthology,False
IGHV3OR16-10,Ighv5-12-4,,ambiguous_orthology,False
IGHV3-74,Ighv5-12-4,,ambiguous_orthology,False
IGHV3-30-3,Ighv5-12-4,,ambiguous_orthology,False
IGHV3-64D,Ighv5-12,,ambiguous_orthology,False
IGHV3-30-5,Ighv5-12,,ambiguous_orthology,False
IGHV3-30,Ighv5-12,,ambiguous_orthology,False
IGHV3-53,Ighv5-12,,ambiguous_orthology,False
IGHV3-9,Ighv5-12,,ambiguous_orthology,False
IGHV3-43,Ighv5-12,,ambiguous_orthology,False
IGHV3-23,Ighv5-12,,ambiguous_orthology,False
IGHV3-13,Ighv5-12,,ambiguous_orthology,False
IGHV3-66,Ighv5-12,,ambiguous_orthology,False
IGHV3-64,Ighv5-12,,ambiguous_orthology,False
IGHV3-20,Ighv5-12,,ambiguous_orthology,False
IGHV3-21,Ighv5-12,,ambiguous_orthology,False
IGHV3OR16-8,Ighv5-12,,ambiguous_orthology,False
IGHV3-33,Ighv5-12,,ambiguous_orthology,False
IGHV3OR16-10,Ighv5-12,,ambiguous_orthology,False
IGHV3-74,Ighv5-12,,ambiguous_orthology,False
IGHV3-30-3,Ighv5-12,,ambiguous_orthology,False
IGHV3-64D,Ighv5-4,,ambiguous_orthology,False
IGHV3-30-5,Ighv5-4,,ambiguous_orthology,False
IGHV3-30,Ighv5-4,,ambiguous_orthology,False
IGHV3-53,Ighv5-4,,ambiguous_orthology,False
IGHV3-9,Ighv5-4,,ambiguous_orthology,False
IGHV3-43,Ighv5-4,,ambiguous_orthology,False
IGHV3-23,Ighv5-4,,ambiguous_orthology,False
IGHV3-13,Ighv5-4,,ambiguous_orthology,False
IGHV3-66,Ighv5-4,,ambiguous_orthology,False
IGHV3-64,Ighv5-4,,ambiguous_orthology,False
IGHV3-20,Ighv5-4,,ambiguous_orthology,False
IGHV3-21,Ighv5-4,,ambiguous_orthology,False
IGHV3OR16-8,Ighv5-4,,ambiguous_orthology,False
IGHV3-33,Ighv5-4,,ambiguous_orthology,False
IGHV3OR16-10,Ighv5-4,,ambiguous_orthology,False
IGHV3-74,Ighv5-4,,ambiguous_orthology,False
IGHV3-30-3,Ighv5-4,,ambiguous_orthology,False
IGHV3-72,Ighv7-3,,ambiguous_orthology,False
IGHV3-21,Ighv7-3,,ambiguous_orthology,False
IGHV3-13,Ighv7-3,,ambiguous_orthology,False
IGHV3-64D,Ighv5-6,,ambiguous_orthology,False
IGHV3-30-5,Ighv5-6,,ambiguous_orthology,False
IGHV3-30,Ighv5-6,,ambiguous_orthology,False
IGHV3-53,Ighv5-6,,ambiguous_orthology,False
IGHV3-9,Ighv5-6,,ambiguous_orthology,False
IGHV3-43,Ighv5-6,,ambiguous_orthology,False
IGHV3-23,Ighv5-6,,ambiguous_orthology,False
IGHV3-13,Ighv5-6,,ambiguous_orthology,False
IGHV3-66,Ighv5-6,,ambiguous_orthology,False
IGHV3-64,Ighv5-6,,ambiguous_orthology,False
IGHV3-20,Ighv5-6,,ambiguous_orthology,False
IGHV3-21,Ighv5-6,,ambiguous_orthology,False
IGHV3OR16-8,Ighv5-6,,ambiguous_orthology,False
IGHV3-33,Ighv5-6,,ambiguous_orthology,False
IGHV3OR16-10,Ighv5-6,,ambiguous_orthology,False
IGHV3-74,Ighv5-6,,ambiguous_orthology,False
IGHV3-30-3,Ighv5-6,,ambiguous_orthology,False
IGHV3-64D,Ighv5-9,,ambiguous_orthology,False
IGHV3-30-5,Ighv5-9,,ambiguous_orthology,False
IGHV3-30,Ighv5-9,,ambiguous_orthology,False
IGHV3-53,Ighv5-9,,ambiguous_orthology,False
IGHV3-9,Ighv5-9,,ambiguous_orthology,False
IGHV3-43,Ighv5-9,,ambiguous_orthology,False
IGHV3-23,Ighv5-9,,ambiguous_orthology,False
IGHV3-13,Ighv5-9,,ambiguous_orthology,False
IGHV3-66,Ighv5-9,,ambiguous_orthology,False
IGHV3-64,Ighv5-9,,ambiguous_orthology,False
IGHV3-20,Ighv5-9,,ambiguous_orthology,False
IGHV3-21,Ighv5-9,,ambiguous_orthology,False
IGHV3OR16-8,Ighv5-9,,ambiguous_orthology,False
IGHV3-33,Ighv5-9,,ambiguous_orthology,False
IGHV3OR16-10,Ighv5-9,,ambiguous_orthology,False
IGHV3-74,Ighv5-9,,ambiguous_orthology,False
IGHV3-30-3,Ighv5-9,,ambiguous_orthology,False
IGHV3-72,Ighv7-4,,ambiguous_orthology,False
IGHV3-21,Ighv7-4,,ambiguous_orthology,False
IGHV3OR15-7,Ighv7-4,,ambiguous_orthology,False
IGHV3-13,Ighv7-4,,ambiguous_orthology,False
IGHV3-49,Ighv7-1,,ambiguous_orthology,False
IGHV3-73,Ighv7-1,,ambiguous_orthology,False
IGHV3-15,Ighv7-1,,ambiguous_orthology,False
IGHV3OR15-7,Ighv7-1,,ambiguous_orthology,False
IGHV3-72,Ighv7-1,,ambiguous_orthology,False
IGHV3-48,Ighv5-16,,one_to_one,False
IGHV3-48,Ighv5-9-1,,one_to_one,False
IGHV3-72,Ighv6-5,,ambiguous_orthology,False
IGHV3-73,Ighv6-5,,ambiguous_orthology,False
IGHV3-72,Ighv6-3,,ambiguous_orthology,False
IGHV3-73,Ighv6-3,,ambiguous_orthology,False
IGHV3-72,Ighv6-6,,ambiguous_orthology,False
IGHV3-73,Ighv6-6,,ambiguous_orthology,False
IGHV3-72,Ighv6-7,,ambiguous_orthology,False
IGHV3-73,Ighv6-7,,ambiguous_orthology,False
IGHV3-73,Ighv10-1,,one_to_one,False
IGHV4-28,Ighv3-6,,ambiguous_orthology,False
IGHV4-34,Ighv3-6,,ambiguous_orthology,False
IGHV4-30-2,Ighv3-6,,ambiguous_orthology,False
IGHV4OR15-8,Ighv3-6,,ambiguous_orthology,False
IGHV4-4,Ighv3-6,,ambiguous_orthology,False
IGHV4-61,Ighv3-6,,ambiguous_orthology,False
IGHV6-1,Ighv3-6,,ambiguous_orthology,False
IGHV4-39,Ighv3-6,,ambiguous_orthology,False
IGHV4-38-2,Ighv3-6,,ambiguous_orthology,False
IGHV4-59,Ighv3-6,,ambiguous_orthology,False
IGHV4-30-4,Ighv3-6,,ambiguous_orthology,False
IGHV4-31,Ighv3-6,,ambiguous_orthology,False
IGHV4-28,Ighv3-4,,ambiguous_orthology,False
IGHV4-34,Ighv3-4,,ambiguous_orthology,False
IGHV4-30-2,Ighv3-4,,ambiguous_orthology,False
IGHV4OR15-8,Ighv3-4,,ambiguous_orthology,False
IGHV4-4,Ighv3-4,,ambiguous_orthology,False
IGHV4-61,Ighv3-4,,ambiguous_orthology,False
IGHV6-1,Ighv3-4,,ambiguous_orthology,False
IGHV4-39,Ighv3-4,,ambiguous_orthology,False
IGHV4-38-2,Ighv3-4,,ambiguous_orthology,False
IGHV4-59,Ighv3-4,,ambiguous_orthology,False
IGHV4-30-4,Ighv3-4,,ambiguous_orthology,False
IGHV4-31,Ighv3-4,,ambiguous_orthology,False
IGHV4-28,Ighv3-1,,ambiguous_orthology,False
IGHV4-34,Ighv3-1,,ambiguous_orthology,False
IGHV4-30-2,Ighv3-1,,ambiguous_orthology,False
IGHV4OR15-8,Ighv3-1,,ambiguous_orthology,False
IGHV4-4,Ighv3-1,,ambiguous_orthology,False
IGHV4-61,Ighv3-1,,ambiguous_orthology,False
IGHV6-1,Ighv3-1,,ambiguous_orthology,False
IGHV4-39,Ighv3-1,,ambiguous_orthology,False
IGHV4-38-2,Ighv3-1,,ambiguous_orthology,False
IGHV4-59,Ighv3-1,,ambiguous_orthology,False
IGHV4-30-4,Ighv3-1,,ambiguous_orthology,False
IGHV4-31,Ighv3-1,,ambiguous_orthology,False
IGHV4-30-2,Ighv3-5,,ambiguous_orthology,False
IGHV4-39,Ighv3-5,,ambiguous_orthology,False
IGHV4-30-4,Ighv3-5,,ambiguous_orthology,False
IGHV4-38-2,Ighv3-5,,ambiguous_orthology,False
IGHV4-39,Ighv3-8,,ambiguous_orthology,False
IGHV6-1,Ighv3-8,,ambiguous_orthology,False
IGHV4-39,Ighv12-3,,ambiguous_orthology,False
IGHV6-1,Ighv12-3,,ambiguous_orthology,False
IGIP,Igip,Igip,one_to_one,True
IGKC,Igkc,Igkc,one_to_one,True
IGKV1OR2-108,Igkv9-123,,ambiguous_orthology,False
IGKV1-33,Igkv9-123,,ambiguous_orthology,False
IGKV1D-43,Igkv9-123,,ambiguous_orthology,False
IGKV1D-33,Igkv9-123,,ambiguous_orthology,False
IGKV1D-8,Igkv9-123,,ambiguous_orthology,False
IGKV1-8,Igkv9-123,,ambiguous_orthology,False
IGKV1-12,Igkv9-123,,ambiguous_orthology,False
IGKV1-27,Igkv12-38,,one_to_one,False
IGKV2-30,Igkv1-132,,ambiguous_orthology,False
IGKV2D-30,Igkv1-132,,ambiguous_orthology,False
IGKV2D-24,Igkv1-132,,ambiguous_orthology,False
IGKV2-24,Igkv1-132,,ambiguous_orthology,False
IGKV2-30,Igkv1-131,,ambiguous_orthology,False
IGKV2D-30,Igkv1-131,,ambiguous_orthology,False
IGKV2D-24,Igkv1-131,,ambiguous_orthology,False
IGKV2-24,Igkv1-131,,ambiguous_orthology,False
IGKV2-30,Igkv1-35,,ambiguous_orthology,False
IGKV2D-30,Igkv1-35,,ambiguous_orthology,False
IGKV2D-24,Igkv1-35,,ambiguous_orthology,False
IGKV2-24,Igkv1-35,,ambiguous_orthology,False
IGKV2-40,Igkv2-109,,ambiguous_orthology,False
IGKV2-28,Igkv2-109,,ambiguous_orthology,False
IGKV2D-26,Igkv2-109,,ambiguous_orthology,False
IGKV2D-40,Igkv2-109,,ambiguous_orthology,False
IGKV2D-28,Igkv2-109,,ambiguous_orthology,False
IGKV2D-29,Igkv2-112,,ambiguous_orthology,False
IGKV2-40,Igkv2-112,,ambiguous_orthology,False
IGKV2D-26,Igkv2-112,,ambiguous_orthology,False
IGKV2-29,Igkv2-112,,ambiguous_orthology,False
IGKV2-40,Igkv2-137,,ambiguous_orthology,False
IGKV2D-28,Igkv2-137,,ambiguous_orthology,False
IGKV3-11,Igkv3-1,,ambiguous_orthology,False
IGKV3D-11,Igkv3-1,,ambiguous_orthology,False
IGKV3-15,Igkv3-1,,ambiguous_orthology,False
IGKV3D-20,Igkv3-1,,ambiguous_orthology,False
IGKV3D-15,Igkv3-1,,ambiguous_orthology,False
IGKV3-7,Igkv3-1,,ambiguous_orthology,False
IGKV3D-7,Igkv3-1,,ambiguous_orthology,False
IGKV3OR2-268,Igkv3-1,,ambiguous_orthology,False
IGKV3-20,Igkv3-1,,ambiguous_orthology,False
IGKV3-11,Igkv18-36,,ambiguous_orthology,False
IGKV3D-11,Igkv18-36,,ambiguous_orthology,False
IGKV3-15,Igkv18-36,,ambiguous_orthology,False
IGKV3D-20,Igkv18-36,,ambiguous_orthology,False
IGKV3D-15,Igkv18-36,,ambiguous_orthology,False
IGKV3-7,Igkv18-36,,ambiguous_orthology,False
IGKV3D-7,Igkv18-36,,ambiguous_orthology,False
IGKV3OR2-268,Igkv18-36,,ambiguous_orthology,False
IGKV3-20,Igkv18-36,,ambiguous_orthology,False
IGKV4-1,Igkv8-27,,one_to_one,False
IGKV4-1,Igkv6-13,,one_to_one,False
IGKV4-1,Igkv8-28,,one_to_one,False
IGKV4-1,Igkv8-16,,one_to_one,False
IGKV4-1,Igkv6-23,,one_to_one,False
IGKV4-1,Igkv6-32,,one_to_one,False
IGKV5-2,Igkv17-127,,one_to_one,False
IGKV5-2,Igkv17-121,,one_to_one,False
IGLC3,Iglc4,,ambiguous_orthology,False
IGLC2,Iglc4,,ambiguous_orthology,False
IGLC6,Iglc4,,ambiguous_orthology,False
IGLC3,Iglc2,Iglc2,ambiguous_orthology,False
IGLC2,Iglc2,Iglc2,ambiguous_orthology,False
IGLC6,Iglc2,Iglc2,ambiguous_orthology,False
IGLV1-50,Igkv9-124,,ambiguous_orthology,False
IGLV1-44,Igkv9-124,,ambiguous_orthology,False
IGLV1-40,Igkv9-124,,ambiguous_orthology,False
IGLV4-3,Iglv3,,ambiguous_orthology,False
IGLV4-60,Iglv3,,ambiguous_orthology,False
IGLV4-69,Iglv3,,ambiguous_orthology,False
IGLV7-43,Iglv1,,ambiguous_orthology,False
IGLV8-61,Iglv1,,ambiguous_orthology,False
IGLV7-46,Iglv1,,ambiguous_orthology,False
IGSF1,Igsf1,,one_to_one,False
IGSF11,Igsf11,,one_to_one,False
IGSF23,Igsf23,Igsf23,one_to_one,True
IHO1,Iho1,,one_to_one,False
IKZF3,Ikzf3,Ikzf3,one_to_one,True
IL17B,Il17b,,one_to_one,False
IL17RB,Il17rb,Il17rb,one_to_one,True
IL17RE,Il17re,Il17re,one_to_one,True
IL18,Il18,,one_to_one,False
IL18BP,Il18bp,Il18bp,one_to_one,True
IL18R1,Il18r1,Il18r1,one_to_one,True
IL18RAP,Il18rap,Il18rap,one_to_one,True
IL1A,Il1a,,one_to_one,False
IL1F10,Il1f10,,one_to_one,False
IL1R1,Il1r1,Il1r1,one_to_one,True
IL1R2,Il1r2,,one_to_one,False
IL36R,Il1rl2,Il1rl2,one_to_one,True
IL2,Il2,Il2,one_to_one,True
IL20RB,Il20rb,,one_to_one,False
IL22,Il22b,,one_to_one,False
IL23A,Il23a,,one_to_one,False
IL24,Il24,,one_to_one,False
IL25,Il25,,one_to_one,False
IL27,Il27,,one_to_one,False
IL27RA,Il27ra,Il27ra,one_to_one,True
IL2RA,Il2ra,Il2ra,one_to_one,True
IL3,Il3,,one_to_one,False
IL31,Il31,,one_to_one,False
IL31RA,Il31ra,,one_to_one,False
IL33,Il33,,one_to_one,False
IL36RN,Il36rn,,one_to_one,False
IL3RA,Il3ra,Il3ra,one_to_one,True
IL4I1,Il4i1b,,one_to_one,False
IL5,Il5,,one_to_one,False
IL5RA,Il5ra,,one_to_one,False
IL7,Il7,,one_to_one,False
IL9,Il9,,one_to_one,False
IL9R,Il9r,,one_to_one,False
IMMP1L,Immp1l,Immp1l,one_to_one,True
INAFM1,Inafm1,Inafm1,one_to_one,True
INCA1,Inca1,,one_to_one,False
INHBC,Inhbc,,one_to_one,False
INHBE,Inhbe,,one_to_one,False
INO80D-AS1,Ino80dos,Ino80dos,one_to_one,True
INPP5A,Inpp5a,Inpp5a,one_to_one,True
INSC,Insc,,one_to_one,False
INSL6,Insl6,Insl6,one_to_one,True
INSM2,Insm2,,one_to_one,False
INSRR,Insrr,,one_to_one,False
INSYN2B,Insyn2b,Insyn2b,one_to_one,True
IP6K3,Ip6k3,,one_to_one,False
IPO5,Ipo5,Ipo5,one_to_one,True
IQANK1,Iqank1,,one_to_one,False
IQCF1,Iqcf1,,one_to_one,False
IQCF4P,Iqcf4,,one_to_one,False
IQCF5,Iqcf5,,one_to_one,False
IQCF6,Iqcf6,,one_to_one,False
IQCJ,Iqcj,,one_to_one,False
IQCM,Iqcm,,one_to_one,False
IQCN,Iqcn,,one_to_one,False
IRAK2,Irak2,Irak2,one_to_one,True
IRGM,Igtp,Igtp,one_to_one,True
IRGM,Irgm1,Irgm1,one_to_one,True
IRGM,Irgm2,Irgm2,one_to_one,True
IRGQ,Irgq,Irgq,one_to_one,True
ISX,Isx,,one_to_one,False
ISYNA1,Isyna1,Isyna1,one_to_one,True
ITFG1,Itfg1,Itfg1,one_to_one,True
ITGB2,Itgb2l,,one_to_one,True
ITM2A,Itm2a,Itm2a,one_to_one,True
ITPKA,Itpka,,one_to_one,False
ITPRIPL1,Itpripl1,Itpripl1,one_to_one,True
ITPRIPL2,Itpripl2,Itpripl2,one_to_one,True
IVL,Ivl,,one_to_one,False
IWS1,Iws1,Iws1,one_to_one,True
IZUMO1,Izumo1,,one_to_one,False
IZUMO2,Izumo2,,one_to_one,False
IZUMO3,Izumo3,,one_to_one,False
IZUMO4,Izumo4,Izumo4,one_to_one,True
JAML,Jaml,Jaml,one_to_one,True
JCHAIN,Jchain,Jchain,one_to_one,True
JHY,Jhy,,one_to_one,False
JPH4,Jph4,,one_to_one,False
JPX,Jpx,Jpx,one_to_one,True
JRK,Jrk,Jrk,one_to_one,True
JRKL,Jrkl,Jrkl,one_to_one,True
JSRP1,Jsrp1,,one_to_one,False
JUND,Jund,Jund,one_to_one,True
KANTR,Kantr,Kantr,one_to_one,True
KASH5,Kash5,,one_to_one,False
KATNIP,Katnip,D430042O09Rik,one_to_one,True
KBTBD11,Kbtbd11,Kbtbd11,one_to_one,True
KBTBD3,Kbtbd3,Kbtbd3,one_to_one,True
KCNA5,Kcna5,,one_to_one,False
KCNAB3,Kcnab3,,one_to_one,False
KCNE1,Kcne1,,one_to_one,False
KCNE2,Kcne2,,one_to_one,False
KCNE3,Kcne3,,one_to_one,False
KCNE4,Kcne4,,one_to_one,False
KCNE5,Kcne5,,one_to_one,False
KCNK15,Kcnk15,,one_to_one,False
KCNK16,Kcnk16,,one_to_one,False
KCNK3,Kcnk3,,one_to_one,False
KCNMB4,Kcnmb4,Kcnmb4,one_to_one,True
KCNQ1OT1,Kcnq1ot1,Kcnq1ot1,one_to_one,True
KCNQ4,Kcnq4,,one_to_one,False
KCNRG,Kcnrg,,one_to_one,False
KCNS2,Kcns2,,one_to_one,False
KCNU1,Kcnu1,,one_to_one,False
KCTD11,Kctd11,Kctd11,one_to_one,True
KCTD18,Kctd18,Kctd18,one_to_one,True
KCTD19,Kctd19,,one_to_one,False
KCTD21,Kctd21,,one_to_one,False
KCTD3,Kctd3,Kctd3,one_to_one,True
KDELR1,Kdelr1,Kdelr1,one_to_one,True
KDM1B,Kdm1b,Kdm1b,one_to_one,True
KDM3A,Kdm3a,Kdm3a,one_to_one,True
KDM4F,Kdm4d,Kdm4d,ambiguous_orthology,False
KDM4D,Kdm4d,Kdm4d,ambiguous_orthology,False
KDM4E,Kdm4d,Kdm4d,ambiguous_orthology,False
KDM5D,Kdm5d,,one_to_one,False
KEL,Kel,,one_to_one,False
KHDC1,Khdc1a,Khdc1a,ambiguous_orthology,False
KHDC1L,Khdc1a,Khdc1a,ambiguous_orthology,False
KHDC1,Khdc1b,,ambiguous_orthology,False
KHDC1L,Khdc1b,,ambiguous_orthology,False
KHDC1,Khdc1c,,ambiguous_orthology,False
KHDC1L,Khdc1c,,ambiguous_orthology,False
KHDC3L,Khdc3,Khdc3,one_to_one,True
KIAA0040,4930523C07Rik,4930523C07Rik,one_to_one,True
KIAA0232,D5Ertd579e,D5Ertd579e,one_to_one,True
KIAA0408,9330159F19Rik,,one_to_one,False
KIAA1210,Gm14569,,one_to_one,False
KIAA1958,E130308A19Rik,E130308A19Rik,one_to_one,True
KIAA2012,Gm973,,one_to_one,False
KIF11,Kif11,Kif11,one_to_one,True
KIF12,Kif12,,one_to_one,False
KIF18B,Kif18b,,one_to_one,False
KIF24,Kif24,,one_to_one,False
KIF27,Kif27,,one_to_one,False
KIF2B,Kif2b,,one_to_one,False
KIF9,Kif9,,one_to_one,False
KIR3DL2,Kir3dl1,,ambiguous_orthology,False
KIR3DP1,Kir3dl1,,ambiguous_orthology,False
KIR3DL1,Kir3dl1,,ambiguous_orthology,False
KIR2DL4,Kir3dl1,,ambiguous_orthology,False
KIR2DL1,Kir3dl1,,ambiguous_orthology,False
KIR2DS5,Kir3dl1,,ambiguous_orthology,False
KIR2DP1,Kir3dl1,,ambiguous_orthology,False
KIR2DL3,Kir3dl1,,ambiguous_orthology,False
KIR3DL3,Kir3dl1,,ambiguous_orthology,False
KIR2DL5A,Kir3dl1,,ambiguous_orthology,False
KIR2DL5B,Kir3dl1,,ambiguous_orthology,False
KIR3DS1,Kir3dl1,,ambiguous_orthology,False
KIR2DS1,Kir3dl1,,ambiguous_orthology,False
KIR2DS4,Kir3dl1,,ambiguous_orthology,False
KIR2DS3,Kir3dl1,,ambiguous_orthology,False
KIR2DS2,Kir3dl1,,ambiguous_orthology,False
KIR2DL2,Kir3dl1,,ambiguous_orthology,False
KIR3DL2,Kir3dl2,,ambiguous_orthology,False
KIR3DP1,Kir3dl2,,ambiguous_orthology,False
KIR3DL1,Kir3dl2,,ambiguous_orthology,False
KIR2DL4,Kir3dl2,,ambiguous_orthology,False
KIR2DL1,Kir3dl2,,ambiguous_orthology,False
KIR2DS5,Kir3dl2,,ambiguous_orthology,False
KIR2DP1,Kir3dl2,,ambiguous_orthology,False
KIR2DL3,Kir3dl2,,ambiguous_orthology,False
KIR3DL3,Kir3dl2,,ambiguous_orthology,False
KIR2DL5A,Kir3dl2,,ambiguous_orthology,False
KIR2DL5B,Kir3dl2,,ambiguous_orthology,False
KIR3DS1,Kir3dl2,,ambiguous_orthology,False
KIR2DS1,Kir3dl2,,ambiguous_orthology,False
KIR2DS4,Kir3dl2,,ambiguous_orthology,False
KIR2DS3,Kir3dl2,,ambiguous_orthology,False
KIR2DS2,Kir3dl2,,ambiguous_orthology,False
KIR2DL2,Kir3dl2,,ambiguous_orthology,False
KIRREL2,Kirrel2,,one_to_one,False
KLF14,Klf14,,one_to_one,False
KLF16,Klf16,Klf16,one_to_one,True
KLHDC1,Klhdc1,Klhdc1,one_to_one,True
KLHDC7A,Klhdc7a,,one_to_one,False
KLHDC7B,Klhdc7b,,one_to_one,False
KLHDC9,Klhdc9,,one_to_one,False
KLHL1,Klhl1,,one_to_one,False
KLHL28,Klhl28,Klhl28,one_to_one,True
KLHL29,Klhl29,,one_to_one,False
KLHL33,Klhl33,,one_to_one,False
KLHL34,Klhl34,,one_to_one,False
KLHL6,Klhl6,Klhl6,one_to_one,True
KLHL9,Klhl9,Klhl9,one_to_one,True
KLK1,Klk1b24,,one_to_one,False
KLK1,Klk1b1,,one_to_one,False
KLK1,Klk1b3,,one_to_one,False
KLK1,Klk1b27,,one_to_one,False
KLK1,Egfbp2,,one_to_one,False
KLK1,Klk1b16,,one_to_one,False
KLK3,Klk1b5,,ambiguous_orthology,False
KLK2,Klk1b5,,ambiguous_orthology,False
KLK1,Klk1b5,,ambiguous_orthology,False
KLK1,Klk1b4,,one_to_one,False
KLK3,Klk1b11,,ambiguous_orthology,False
KLK2,Klk1b11,,ambiguous_orthology,False
KLK1,Klk1b11,,ambiguous_orthology,False
KLK1,Klk1b22,,one_to_one,False
KLK1,Klk1b26,,one_to_one,False
KLK1,Klk1b9,,one_to_one,False
KLK3,Klk1,,ambiguous_orthology,False
KLK2,Klk1,,ambiguous_orthology,False
KLK1,Klk1,,ambiguous_orthology,False
KLK1,Klk1b21,,one_to_one,False
KLK1,Klk1b8,,one_to_one,False
KLK10,Klk10,,one_to_one,False
KLK11,Klk11,,one_to_one,False
KLK13,Klk13,,one_to_one,False
KLK14,Klk14,,one_to_one,False
KLK15,Klk15,,one_to_one,False
KLK4,Klk4,,one_to_one,False
KLK5,Klk5,,one_to_one,False
KLK6,Klk6,,one_to_one,False
KLK7,Klk7,,one_to_one,False
KLK8,Klk8,Klk8,one_to_one,True
KLK9,Klk9,,one_to_one,False
KLKB1,Klkb1,,one_to_one,False
KLRB1,Klrb1a,,one_to_one,False
KLRB1,Klrb1b,Klrb1b,one_to_one,True
KLRB1,Klrb1f,Klrb1f,one_to_one,True
KLRB1,Klrb1,,one_to_one,True
KLRB1,Klrb1c,Klrb1c,one_to_one,True
KLRC1,Klrc1,Klrc1,ambiguous_orthology,False
KLRC4,Klrc1,Klrc1,ambiguous_orthology,False
KLRC2,Klrc2,Klrc2,ambiguous_orthology,False
KLRC4,Klrc2,Klrc2,ambiguous_orthology,False
KLRC3,Klrc3,Klrc3,ambiguous_orthology,False
KLRC4,Klrc3,Klrc3,ambiguous_orthology,False
KLRC4-KLRK1,Klrk1,Klrk1,ambiguous_orthology,False
KLRK1,Klrk1,Klrk1,ambiguous_orthology,False
KLRD1,Klrd1,Klrd1,one_to_one,True
KLRG1,Klrg1,Klrg1,one_to_one,True
KLRG2,Klrg2,,one_to_one,False
KNDC1,Kndc1,,one_to_one,False
KPLCE,Kplce,,one_to_one,False
KPNB1,Kpnb1,Kpnb1,one_to_one,True
KPRP,Kprp,,one_to_one,False
KRABD3,Krabd3,Krba1,one_to_one,True
KRABD5,Krabd5,,one_to_one,False
KRABD5,Zfp658,,ambiguous_orthology,False
ZNF525,Zfp658,,ambiguous_orthology,False
ZNF485,Zfp658,,ambiguous_orthology,False
KRAS,Kras,Kras,one_to_one,True
KRCC1,Krcc1,Krcc1,one_to_one,True
KREMEN2,Kremen2,Kremen2,one_to_one,True
KRT10,Krt10,Krt10,one_to_one,True
KRT20,Krt20,,one_to_one,False
KRT23,Krt23,,one_to_one,False
KRT24,Krt24,,one_to_one,False
KRT25,Krt25,,one_to_one,False
KRT26,Krt26,,one_to_one,False
KRT27,Krt27,,one_to_one,False
KRT28,Krt28,,one_to_one,False
KRT32,Krt32,,one_to_one,False
KRT33A,Krt33a,,one_to_one,False
KRT33A,Krt33b,,ambiguous_orthology,False
KRT33B,Krt33b,,ambiguous_orthology,False
KRT35,Krt35,,one_to_one,False
KRT36,Krt36,,one_to_one,False
KRT39,Krt39,,one_to_one,False
KRT40,Krt40,,one_to_one,False
KRT80,Krt80,,one_to_one,False
KRT88P,Krt88,,one_to_one,False
KRT9,Krt9,,one_to_one,False
KRTAP1-4,Krtap1-5,,ambiguous_orthology,False
KRTAP1-3,Krtap1-5,,ambiguous_orthology,False
KRTAP1-1,Krtap1-5,,ambiguous_orthology,False
KRTAP1-5,Krtap1-5,,ambiguous_orthology,False
KRTAP1-4,Krtap1-4,,ambiguous_orthology,False
KRTAP1-3,Krtap1-4,,ambiguous_orthology,False
KRTAP1-1,Krtap1-4,,ambiguous_orthology,False
KRTAP1-5,Krtap1-4,,ambiguous_orthology,False
KRTAP1-3,Krtap9-3,,ambiguous_orthology,False
KRTAP1-1,Krtap9-3,,ambiguous_orthology,False
KRTAP1-4,Krtap1-3,,ambiguous_orthology,False
KRTAP1-3,Krtap1-3,,ambiguous_orthology,False
KRTAP1-1,Krtap1-3,,ambiguous_orthology,False
KRTAP1-5,Krtap1-3,,ambiguous_orthology,False
KRTAP10-2,Krtap10-4,,ambiguous_orthology,False
KRTAP10-12,Krtap10-4,,ambiguous_orthology,False
KRTAP10-1,Krtap10-4,,ambiguous_orthology,False
KRTAP10-3,Krtap10-4,,ambiguous_orthology,False
KRTAP10-5,Krtap10-4,,ambiguous_orthology,False
KRTAP10-10,Krtap10-4,,ambiguous_orthology,False
KRTAP10-8,Krtap10-4,,ambiguous_orthology,False
KRTAP10-4,Krtap10-4,,ambiguous_orthology,False
KRTAP10-11,Krtap10-4,,ambiguous_orthology,False
KRTAP10-6,Krtap10-4,,ambiguous_orthology,False
KRTAP10-9,Krtap10-4,,ambiguous_orthology,False
KRTAP10-2,Krtap10-21,,ambiguous_orthology,False
KRTAP10-12,Krtap10-21,,ambiguous_orthology,False
KRTAP10-1,Krtap10-21,,ambiguous_orthology,False
KRTAP10-3,Krtap10-21,,ambiguous_orthology,False
KRTAP10-5,Krtap10-21,,ambiguous_orthology,False
KRTAP10-8,Krtap10-21,,ambiguous_orthology,False
KRTAP10-11,Krtap10-21,,ambiguous_orthology,False
KRTAP10-9,Krtap10-21,,ambiguous_orthology,False
KRTAP10-2,Krtap10-23,,ambiguous_orthology,False
KRTAP10-12,Krtap10-23,,ambiguous_orthology,False
KRTAP10-1,Krtap10-23,,ambiguous_orthology,False
KRTAP10-3,Krtap10-23,,ambiguous_orthology,False
KRTAP10-5,Krtap10-23,,ambiguous_orthology,False
KRTAP10-10,Krtap10-23,,ambiguous_orthology,False
KRTAP10-8,Krtap10-23,,ambiguous_orthology,False
KRTAP10-4,Krtap10-23,,ambiguous_orthology,False
KRTAP10-11,Krtap10-23,,ambiguous_orthology,False
KRTAP10-6,Krtap10-23,,ambiguous_orthology,False
KRTAP10-9,Krtap10-23,,ambiguous_orthology,False
KRTAP10-2,Krtap10-30,,ambiguous_orthology,False
KRTAP10-12,Krtap10-30,,ambiguous_orthology,False
KRTAP10-1,Krtap10-30,,ambiguous_orthology,False
KRTAP10-3,Krtap10-30,,ambiguous_orthology,False
KRTAP10-5,Krtap10-30,,ambiguous_orthology,False
KRTAP10-10,Krtap10-30,,ambiguous_orthology,False
KRTAP10-8,Krtap10-30,,ambiguous_orthology,False
KRTAP10-4,Krtap10-30,,ambiguous_orthology,False
KRTAP10-11,Krtap10-30,,ambiguous_orthology,False
KRTAP10-6,Krtap10-30,,ambiguous_orthology,False
KRTAP10-9,Krtap10-30,,ambiguous_orthology,False
KRTAP10-2,Krtap10-22,,ambiguous_orthology,False
KRTAP10-12,Krtap10-22,,ambiguous_orthology,False
KRTAP10-1,Krtap10-22,,ambiguous_orthology,False
KRTAP10-3,Krtap10-22,,ambiguous_orthology,False
KRTAP10-5,Krtap10-22,,ambiguous_orthology,False
KRTAP10-10,Krtap10-22,,ambiguous_orthology,False
KRTAP10-8,Krtap10-22,,ambiguous_orthology,False
KRTAP10-4,Krtap10-22,,ambiguous_orthology,False
KRTAP10-11,Krtap10-22,,ambiguous_orthology,False
KRTAP10-6,Krtap10-22,,ambiguous_orthology,False
KRTAP10-9,Krtap10-22,,ambiguous_orthology,False
KRTAP10-2,Krtap10-27,,ambiguous_orthology,False
KRTAP10-12,Krtap10-27,,ambiguous_orthology,False
KRTAP10-1,Krtap10-27,,ambiguous_orthology,False
KRTAP10-3,Krtap10-27,,ambiguous_orthology,False
KRTAP10-5,Krtap10-27,,ambiguous_orthology,False
KRTAP10-10,Krtap10-27,,ambiguous_orthology,False
KRTAP10-8,Krtap10-27,,ambiguous_orthology,False
KRTAP10-4,Krtap10-27,,ambiguous_orthology,False
KRTAP10-11,Krtap10-27,,ambiguous_orthology,False
KRTAP10-6,Krtap10-27,,ambiguous_orthology,False
KRTAP10-9,Krtap10-27,,ambiguous_orthology,False
KRTAP10-2,Krtap10-33,,ambiguous_orthology,False
KRTAP10-12,Krtap10-33,,ambiguous_orthology,False
KRTAP10-1,Krtap10-33,,ambiguous_orthology,False
KRTAP10-3,Krtap10-33,,ambiguous_orthology,False
KRTAP10-5,Krtap10-33,,ambiguous_orthology,False
KRTAP10-10,Krtap10-33,,ambiguous_orthology,False
KRTAP10-8,Krtap10-33,,ambiguous_orthology,False
KRTAP10-4,Krtap10-33,,ambiguous_orthology,False
KRTAP10-11,Krtap10-33,,ambiguous_orthology,False
KRTAP10-6,Krtap10-33,,ambiguous_orthology,False
KRTAP10-9,Krtap10-33,,ambiguous_orthology,False
KRTAP10-2,Krtap10-20,,ambiguous_orthology,False
KRTAP10-12,Krtap10-20,,ambiguous_orthology,False
KRTAP10-1,Krtap10-20,,ambiguous_orthology,False
KRTAP10-3,Krtap10-20,,ambiguous_orthology,False
KRTAP10-5,Krtap10-20,,ambiguous_orthology,False
KRTAP10-10,Krtap10-20,,ambiguous_orthology,False
KRTAP10-8,Krtap10-20,,ambiguous_orthology,False
KRTAP10-4,Krtap10-20,,ambiguous_orthology,False
KRTAP10-11,Krtap10-20,,ambiguous_orthology,False
KRTAP10-6,Krtap10-20,,ambiguous_orthology,False
KRTAP10-9,Krtap10-20,,ambiguous_orthology,False
KRTAP10-2,Krtap10-32,,ambiguous_orthology,False
KRTAP10-12,Krtap10-32,,ambiguous_orthology,False
KRTAP10-1,Krtap10-32,,ambiguous_orthology,False
KRTAP10-3,Krtap10-32,,ambiguous_orthology,False
KRTAP10-5,Krtap10-32,,ambiguous_orthology,False
KRTAP10-10,Krtap10-32,,ambiguous_orthology,False
KRTAP10-8,Krtap10-32,,ambiguous_orthology,False
KRTAP10-4,Krtap10-32,,ambiguous_orthology,False
KRTAP10-11,Krtap10-32,,ambiguous_orthology,False
KRTAP10-6,Krtap10-32,,ambiguous_orthology,False
KRTAP10-9,Krtap10-32,,ambiguous_orthology,False
KRTAP10-2,Krtap10-28,,ambiguous_orthology,False
KRTAP10-12,Krtap10-28,,ambiguous_orthology,False
KRTAP10-1,Krtap10-28,,ambiguous_orthology,False
KRTAP10-3,Krtap10-28,,ambiguous_orthology,False
KRTAP10-5,Krtap10-28,,ambiguous_orthology,False
KRTAP10-10,Krtap10-28,,ambiguous_orthology,False
KRTAP10-8,Krtap10-28,,ambiguous_orthology,False
KRTAP10-4,Krtap10-28,,ambiguous_orthology,False
KRTAP10-11,Krtap10-28,,ambiguous_orthology,False
KRTAP10-6,Krtap10-28,,ambiguous_orthology,False
KRTAP10-9,Krtap10-28,,ambiguous_orthology,False
KRTAP10-2,Krtap10-25,,ambiguous_orthology,False
KRTAP10-12,Krtap10-25,,ambiguous_orthology,False
KRTAP10-1,Krtap10-25,,ambiguous_orthology,False
KRTAP10-3,Krtap10-25,,ambiguous_orthology,False
KRTAP10-5,Krtap10-25,,ambiguous_orthology,False
KRTAP10-10,Krtap10-25,,ambiguous_orthology,False
KRTAP10-8,Krtap10-25,,ambiguous_orthology,False
KRTAP10-4,Krtap10-25,,ambiguous_orthology,False
KRTAP10-11,Krtap10-25,,ambiguous_orthology,False
KRTAP10-6,Krtap10-25,,ambiguous_orthology,False
KRTAP10-9,Krtap10-25,,ambiguous_orthology,False
KRTAP10-2,Krtap10-31,,ambiguous_orthology,False
KRTAP10-12,Krtap10-31,,ambiguous_orthology,False
KRTAP10-1,Krtap10-31,,ambiguous_orthology,False
KRTAP10-3,Krtap10-31,,ambiguous_orthology,False
KRTAP10-5,Krtap10-31,,ambiguous_orthology,False
KRTAP10-10,Krtap10-31,,ambiguous_orthology,False
KRTAP10-8,Krtap10-31,,ambiguous_orthology,False
KRTAP10-4,Krtap10-31,,ambiguous_orthology,False
KRTAP10-11,Krtap10-31,,ambiguous_orthology,False
KRTAP10-6,Krtap10-31,,ambiguous_orthology,False
KRTAP10-9,Krtap10-31,,ambiguous_orthology,False
KRTAP10-2,Krtap10-26,,ambiguous_orthology,False
KRTAP10-12,Krtap10-26,,ambiguous_orthology,False
KRTAP10-1,Krtap10-26,,ambiguous_orthology,False
KRTAP10-3,Krtap10-26,,ambiguous_orthology,False
KRTAP10-5,Krtap10-26,,ambiguous_orthology,False
KRTAP10-10,Krtap10-26,,ambiguous_orthology,False
KRTAP10-8,Krtap10-26,,ambiguous_orthology,False
KRTAP10-4,Krtap10-26,,ambiguous_orthology,False
KRTAP10-11,Krtap10-26,,ambiguous_orthology,False
KRTAP10-6,Krtap10-26,,ambiguous_orthology,False
KRTAP10-9,Krtap10-26,,ambiguous_orthology,False
KRTAP10-2,Krtap10-10,,ambiguous_orthology,False
KRTAP10-12,Krtap10-10,,ambiguous_orthology,False
KRTAP10-1,Krtap10-10,,ambiguous_orthology,False
KRTAP10-3,Krtap10-10,,ambiguous_orthology,False
KRTAP10-5,Krtap10-10,,ambiguous_orthology,False
KRTAP10-10,Krtap10-10,,ambiguous_orthology,False
KRTAP10-8,Krtap10-10,,ambiguous_orthology,False
KRTAP10-4,Krtap10-10,,ambiguous_orthology,False
KRTAP10-11,Krtap10-10,,ambiguous_orthology,False
KRTAP10-6,Krtap10-10,,ambiguous_orthology,False
KRTAP10-9,Krtap10-10,,ambiguous_orthology,False
KRTAP10-2,Krtap10-34,,ambiguous_orthology,False
KRTAP10-12,Krtap10-34,,ambiguous_orthology,False
KRTAP10-1,Krtap10-34,,ambiguous_orthology,False
KRTAP10-3,Krtap10-34,,ambiguous_orthology,False
KRTAP10-5,Krtap10-34,,ambiguous_orthology,False
KRTAP10-10,Krtap10-34,,ambiguous_orthology,False
KRTAP10-8,Krtap10-34,,ambiguous_orthology,False
KRTAP10-4,Krtap10-34,,ambiguous_orthology,False
KRTAP10-11,Krtap10-34,,ambiguous_orthology,False
KRTAP10-7,Krtap10-34,,ambiguous_orthology,False
KRTAP10-6,Krtap10-34,,ambiguous_orthology,False
KRTAP10-9,Krtap10-34,,ambiguous_orthology,False
KRTAP10-2,Krtap10-29,,ambiguous_orthology,False
KRTAP10-12,Krtap10-29,,ambiguous_orthology,False
KRTAP10-1,Krtap10-29,,ambiguous_orthology,False
KRTAP10-3,Krtap10-29,,ambiguous_orthology,False
KRTAP10-5,Krtap10-29,,ambiguous_orthology,False
KRTAP10-10,Krtap10-29,,ambiguous_orthology,False
KRTAP10-8,Krtap10-29,,ambiguous_orthology,False
KRTAP10-4,Krtap10-29,,ambiguous_orthology,False
KRTAP10-11,Krtap10-29,,ambiguous_orthology,False
KRTAP10-6,Krtap10-29,,ambiguous_orthology,False
KRTAP10-9,Krtap10-29,,ambiguous_orthology,False
KRTAP10-2,Krtap10-24,,ambiguous_orthology,False
KRTAP10-12,Krtap10-24,,ambiguous_orthology,False
KRTAP10-1,Krtap10-24,,ambiguous_orthology,False
KRTAP10-3,Krtap10-24,,ambiguous_orthology,False
KRTAP10-5,Krtap10-24,,ambiguous_orthology,False
KRTAP10-10,Krtap10-24,,ambiguous_orthology,False
KRTAP10-8,Krtap10-24,,ambiguous_orthology,False
KRTAP10-4,Krtap10-24,,ambiguous_orthology,False
KRTAP10-11,Krtap10-24,,ambiguous_orthology,False
KRTAP10-6,Krtap10-24,,ambiguous_orthology,False
KRTAP10-9,Krtap10-24,,ambiguous_orthology,False
KRTAP11-1,Krtap11-1,,one_to_one,False
KRTAP12-3,Krtap12-22,,ambiguous_orthology,False
KRTAP12-1,Krtap12-22,,ambiguous_orthology,False
KRTAP12-2,Krtap12-22,,ambiguous_orthology,False
KRTAP12-3,Krtap12-20,,ambiguous_orthology,False
KRTAP12-1,Krtap12-20,,ambiguous_orthology,False
KRTAP12-2,Krtap12-20,,ambiguous_orthology,False
KRTAP12-3,Krtap12-21,,ambiguous_orthology,False
KRTAP12-1,Krtap12-21,,ambiguous_orthology,False
KRTAP12-2,Krtap12-21,,ambiguous_orthology,False
KRTAP12-3,Krtap12-1,,ambiguous_orthology,False
KRTAP12-2,Krtap12-1,,ambiguous_orthology,False
KRTAP12-2,Krtap12-23,,one_to_one,False
KRTAP13-1,Krtap13-1,,ambiguous_orthology,False
KRTAP13-2,Krtap13-1,,ambiguous_orthology,False
KRTAP13-4,Krtap13-1,,ambiguous_orthology,False
KRTAP13-3,Krtap13-1,,ambiguous_orthology,False
KRTAP13-1,Krtap13-20,,ambiguous_orthology,False
KRTAP13-2,Krtap13-20,,ambiguous_orthology,False
KRTAP13-4,Krtap13-20,,ambiguous_orthology,False
KRTAP13-1,Krtap13,,ambiguous_orthology,False
KRTAP13-2,Krtap13,,ambiguous_orthology,False
KRTAP13-4,Krtap13,,ambiguous_orthology,False
KRTAP13-2,Krtap13-23,,ambiguous_orthology,False
KRTAP13-4,Krtap13-23,,ambiguous_orthology,False
KRTAP13-2,Krtap13-22,,one_to_one,False
KRTAP13-2,Krtap13-21,,ambiguous_orthology,False
KRTAP13-4,Krtap13-21,,ambiguous_orthology,False
KRTAP13-3,Krtap13-24,,one_to_one,False
KRTAP15-1,Krtap15-1,,one_to_one,False
KRTAP16-1,Krtap16-1,,one_to_one,False
KRTAP17-1,Krtap17-1,,one_to_one,False
KRTAP19-3,Krtap19-1,,ambiguous_orthology,False
KRTAP19-6,Krtap19-1,,ambiguous_orthology,False
KRTAP19-5,Krtap19-1,,ambiguous_orthology,False
KRTAP19-1,Krtap19-1,,ambiguous_orthology,False
KRTAP19-1,Krtap16-3,,one_to_one,False
KRTAP19-3,Krtap19-3,,ambiguous_orthology,False
KRTAP19-6,Krtap19-3,,ambiguous_orthology,False
KRTAP19-5,Krtap19-3,,ambiguous_orthology,False
KRTAP19-1,Krtap19-3,,ambiguous_orthology,False
KRTAP19-3,Krtap19-4,,one_to_one,False
KRTAP19-5,Krtap19-2,,one_to_one,False
KRTAP19-8,Krtap19-5,,one_to_one,False
KRTAP2-4,Krtap2-22,,ambiguous_orthology,False
KRTAP2-1,Krtap2-22,,ambiguous_orthology,False
KRTAP2-3,Krtap2-22,,ambiguous_orthology,False
KRTAP2-2,Krtap2-22,,ambiguous_orthology,False
KRTAP2-4,Krtap2-4,,ambiguous_orthology,False
KRTAP2-1,Krtap2-4,,ambiguous_orthology,False
KRTAP2-3,Krtap2-4,,ambiguous_orthology,False
KRTAP2-2,Krtap2-4,,ambiguous_orthology,False
KRTAP2-4,Krtap2-20,,ambiguous_orthology,False
KRTAP2-1,Krtap2-20,,ambiguous_orthology,False
KRTAP2-3,Krtap2-20,,ambiguous_orthology,False
KRTAP2-2,Krtap2-20,,ambiguous_orthology,False
KRTAP2-4,Krtap2-21,,ambiguous_orthology,False
KRTAP2-1,Krtap2-21,,ambiguous_orthology,False
KRTAP2-3,Krtap2-21,,ambiguous_orthology,False
KRTAP2-2,Krtap2-21,,ambiguous_orthology,False
KRTAP20-1,Krtap20-22,,one_to_one,False
KRTAP20-1,Krtap20-1,,ambiguous_orthology,False
KRTAP20-2,Krtap20-1,,ambiguous_orthology,False
KRTAP20-2,Krtap20-24,,one_to_one,False
KRTAP20-2,Krtap20-2,,one_to_one,False
KRTAP20-2,Krtap20-23,,one_to_one,False
KRTAP20-2,Krtap20-20,,one_to_one,False
KRTAP20-2,Krtap20-21,,one_to_one,False
KRTAP24-1,Krtap24-1,,one_to_one,False
KRTAP26-1,Krtap26-1,,one_to_one,False
KRTAP27-1,Krtap27-1,,one_to_one,False
KRTAP29-1,Krtap29-1,,one_to_one,False
KRTAP3-1,Krtap3-1,,one_to_one,False
KRTAP3-3,Krtap3-3,,ambiguous_orthology,False
KRTAP3-2,Krtap3-3,,ambiguous_orthology,False
KRTAP3-3,Krtap3-2,,one_to_one,False
KRTAP4-1,Krtap4-16,,one_to_one,False
KRTAP4-5,Krtap4-26,,ambiguous_orthology,False
KRTAP4-11,Krtap4-26,,ambiguous_orthology,False
KRTAP4-3,Krtap4-26,,ambiguous_orthology,False
KRTAP4-5,Krtap4-9,,ambiguous_orthology,False
KRTAP4-11,Krtap4-9,,ambiguous_orthology,False
KRTAP4-6,Krtap4-2,,ambiguous_orthology,False
KRTAP4-4,Krtap4-2,,ambiguous_orthology,False
KRTAP4-9,Krtap4-2,,ambiguous_orthology,False
KRTAP4-8,Krtap4-2,,ambiguous_orthology,False
KRTAP4-7,Krtap4-2,,ambiguous_orthology,False
KRTAP4-5,Krtap4-2,,ambiguous_orthology,False
KRTAP4-11,Krtap4-2,,ambiguous_orthology,False
KRTAP4-12,Krtap4-2,,ambiguous_orthology,False
KRTAP4-5,Krtap4-8,,ambiguous_orthology,False
KRTAP4-11,Krtap4-8,,ambiguous_orthology,False
KRTAP4-3,Krtap4-8,,ambiguous_orthology,False
KRTAP4-11,Krtap4-25,,one_to_one,False
KRTAP4-5,Krtap4-23,,ambiguous_orthology,False
KRTAP4-11,Krtap4-23,,ambiguous_orthology,False
KRTAP4-3,Krtap4-23,,ambiguous_orthology,False
KRTAP4-5,Krtap4-20,,ambiguous_orthology,False
KRTAP4-11,Krtap4-20,,ambiguous_orthology,False
KRTAP4-5,Krtap4-21,,ambiguous_orthology,False
KRTAP4-11,Krtap4-21,,ambiguous_orthology,False
KRTAP4-6,Krtap4-7,,ambiguous_orthology,False
KRTAP4-12,Krtap4-7,,ambiguous_orthology,False
KRTAP4-11,Krtap4-7,,ambiguous_orthology,False
KRTAP4-7,Krtap4-7,,ambiguous_orthology,False
KRTAP4-5,Krtap4-6,,ambiguous_orthology,False
KRTAP4-3,Krtap4-6,,ambiguous_orthology,False
KRTAP5-7,Krtap5-22,,ambiguous_orthology,False
KRTAP5-10,Krtap5-22,,ambiguous_orthology,False
KRTAP5-2,Krtap5-22,,ambiguous_orthology,False
KRTAP5-5,Krtap5-5,,ambiguous_orthology,False
KRTAP5-7,Krtap5-5,,ambiguous_orthology,False
KRTAP5-10,Krtap5-5,,ambiguous_orthology,False
KRTAP5-2,Krtap5-5,,ambiguous_orthology,False
KRTAP5-7,Krtap5-26,,ambiguous_orthology,False
KRTAP5-10,Krtap5-26,,ambiguous_orthology,False
KRTAP5-2,Krtap5-26,,ambiguous_orthology,False
KRTAP5-4,Krtap5-21,,ambiguous_orthology,False
KRTAP5-10,Krtap5-21,,ambiguous_orthology,False
KRTAP5-8,Krtap5-21,,ambiguous_orthology,False
KRTAP5-7,Krtap5-21,,ambiguous_orthology,False
KRTAP5-2,Krtap5-21,,ambiguous_orthology,False
KRTAP5-7,Krtap5-2,,ambiguous_orthology,False
KRTAP5-10,Krtap5-2,,ambiguous_orthology,False
KRTAP5-2,Krtap5-2,,ambiguous_orthology,False
KRTAP5-4,Krtap5-23,,ambiguous_orthology,False
KRTAP5-10,Krtap5-23,,ambiguous_orthology,False
KRTAP5-8,Krtap5-23,,ambiguous_orthology,False
KRTAP5-7,Krtap5-23,,ambiguous_orthology,False
KRTAP5-2,Krtap5-23,,ambiguous_orthology,False
KRTAP5-7,Krtap5-4,,ambiguous_orthology,False
KRTAP5-10,Krtap5-4,,ambiguous_orthology,False
KRTAP5-2,Krtap5-4,,ambiguous_orthology,False
KRTAP5-7,Krtap5-24,,ambiguous_orthology,False
KRTAP5-10,Krtap5-24,,ambiguous_orthology,False
KRTAP5-2,Krtap5-24,,ambiguous_orthology,False
KRTAP5-9,Krtap5-20,,ambiguous_orthology,False
KRTAP5-3,Krtap5-20,,ambiguous_orthology,False
KRTAP5-11,Krtap5-20,,ambiguous_orthology,False
KRTAP5-2,Gm4553,,one_to_one,False
KRTAP5-5,Krtap5-1,,ambiguous_orthology,False
KRTAP5-2,Krtap5-1,,ambiguous_orthology,False
KRTAP5-4,Krtap5-25,,one_to_one,False
KRTAP6-3,Krtap6-3,,ambiguous_orthology,False
KRTAP6-2,Krtap6-3,,ambiguous_orthology,False
KRTAP6-1,Krtap6-3,,ambiguous_orthology,False
KRTAP6-3,Krtap6-6,,ambiguous_orthology,False
KRTAP6-2,Krtap6-6,,ambiguous_orthology,False
KRTAP6-1,Krtap6-6,,ambiguous_orthology,False
KRTAP6-3,Krtap6-1,,ambiguous_orthology,False
KRTAP6-2,Krtap6-1,,ambiguous_orthology,False
KRTAP6-1,Krtap6-1,,ambiguous_orthology,False
KRTAP6-3,Krtap6-5,,ambiguous_orthology,False
KRTAP6-2,Krtap6-5,,ambiguous_orthology,False
KRTAP6-1,Krtap6-5,,ambiguous_orthology,False
KRTAP6-3,Krtap6-7,,ambiguous_orthology,False
KRTAP6-2,Krtap6-7,,ambiguous_orthology,False
KRTAP6-1,Krtap6-7,,ambiguous_orthology,False
KRTAP7-1,Krtap7-1,,one_to_one,False
KRTAP8-1,Krtap8-1,,one_to_one,False
KRTAP9-1,Krtap9-5,,one_to_one,False
KRTAP9-9,Krtap9-1,,ambiguous_orthology,False
KRTAP9-3,Krtap9-1,,ambiguous_orthology,False
KRTAP9-2,Krtap9-1,,ambiguous_orthology,False
KRTAP9-6,Krtap9-1,,ambiguous_orthology,False
KRTAP9-7,Krtap9-1,,ambiguous_orthology,False
KRTAP9-8,Krtap9-1,,ambiguous_orthology,False
KRTAP9-4,Krtap9-1,,ambiguous_orthology,False
KRTAP9-9,Krtap9-21,,ambiguous_orthology,False
KRTAP9-3,Krtap9-21,,ambiguous_orthology,False
KRTAP9-2,Krtap9-21,,ambiguous_orthology,False
KRTAP9-6,Krtap9-21,,ambiguous_orthology,False
KRTAP9-7,Krtap9-21,,ambiguous_orthology,False
KRTAP9-8,Krtap9-21,,ambiguous_orthology,False
KRTAP9-4,Krtap9-21,,ambiguous_orthology,False
KRTAP9-4,Krtap9-22,,one_to_one,False
KRTAP9-6,Krtap9-20,,ambiguous_orthology,False
KRTAP9-4,Krtap9-20,,ambiguous_orthology,False
KRTAP9-9,Krtap9-20,,ambiguous_orthology,False
KRTCAP3,Krtcap3,Krtcap3,one_to_one,True
KRTDAP,Krtdap,,one_to_one,False
L1TD1,L1td1,,one_to_one,False
L3HYPDH,L3hypdh,,one_to_one,False
LAG3,Lag3,,one_to_one,False
LAGE3,Lage3,Lage3,one_to_one,True
LAIR2,Lair1,Lair1,ambiguous_orthology,False
LAIR1,Lair1,Lair1,ambiguous_orthology,False
LANCL3,Lancl3,,one_to_one,False
LAPTM5,Laptm5,Laptm5,one_to_one,True
LASP1NB,B230217C12Rik,,one_to_one,False
LAT2,Lat2,Lat2,one_to_one,True
LAX1,Lax1,Lax1,one_to_one,True
LBHD1,Lbhd1,Lbhd1,one_to_one,True
LBP,Lbp,Lbp,one_to_one,True
LCA5L,Lca5l,,one_to_one,False
LCE1D,Lce1h,,ambiguous_orthology,False
LCE1A,Lce1h,,ambiguous_orthology,False
LCE1C,Lce1k,,ambiguous_orthology,False
LCE1E,Lce1k,,ambiguous_orthology,False
LCE1F,Lce1k,,ambiguous_orthology,False
LCE1B,Lce1k,,ambiguous_orthology,False
LCE1C,Lce1l,,ambiguous_orthology,False
LCE1E,Lce1l,,ambiguous_orthology,False
LCE1F,Lce1l,,ambiguous_orthology,False
LCE1B,Lce1l,,ambiguous_orthology,False
LCE1C,Lce1a1,,ambiguous_orthology,False
LCE1E,Lce1a1,,ambiguous_orthology,False
LCE1F,Lce1a1,,ambiguous_orthology,False
LCE1B,Lce1a1,,ambiguous_orthology,False
LCE1C,Lce1i,,ambiguous_orthology,False
LCE1E,Lce1i,,ambiguous_orthology,False
LCE1B,Lce1i,,ambiguous_orthology,False
LCE1C,Lce1d,,ambiguous_orthology,False
LCE1E,Lce1d,,ambiguous_orthology,False
LCE1F,Lce1d,,ambiguous_orthology,False
LCE1B,Lce1d,,ambiguous_orthology,False
LCE1C,Lce1e,,ambiguous_orthology,False
LCE1E,Lce1e,,ambiguous_orthology,False
LCE1F,Lce1e,,ambiguous_orthology,False
LCE1B,Lce1e,,ambiguous_orthology,False
LCE1C,Lce1j,,ambiguous_orthology,False
LCE1E,Lce1j,,ambiguous_orthology,False
LCE1F,Lce1j,,ambiguous_orthology,False
LCE1B,Lce1j,,ambiguous_orthology,False
LCE1C,Lce1g,,ambiguous_orthology,False
LCE1E,Lce1g,,ambiguous_orthology,False
LCE1B,Lce1g,,ambiguous_orthology,False
LCE1C,Lce1f,,ambiguous_orthology,False
LCE1E,Lce1f,,ambiguous_orthology,False
LCE1F,Lce1f,,ambiguous_orthology,False
LCE1B,Lce1f,,ambiguous_orthology,False
LCE1C,Lce1b,,ambiguous_orthology,False
LCE1E,Lce1b,,ambiguous_orthology,False
LCE1F,Lce1b,,ambiguous_orthology,False
LCE1B,Lce1b,,ambiguous_orthology,False
LCE1C,Lce1a2,,ambiguous_orthology,False
LCE1E,Lce1a2,,ambiguous_orthology,False
LCE1F,Lce1a2,,ambiguous_orthology,False
LCE1B,Lce1a2,,ambiguous_orthology,False
LCE1C,Lce1c,,ambiguous_orthology,False
LCE1E,Lce1c,,ambiguous_orthology,False
LCE1F,Lce1c,,ambiguous_orthology,False
LCE1B,Lce1c,,ambiguous_orthology,False
LCE3E,Lce3c,,ambiguous_orthology,False
LCE3B,Lce3c,,ambiguous_orthology,False
LCE3A,Lce3c,,ambiguous_orthology,False
LCE3D,Lce3c,,ambiguous_orthology,False
LCE3C,Lce3c,,ambiguous_orthology,False
LCE3E,Lce3b,,ambiguous_orthology,False
LCE3B,Lce3b,,ambiguous_orthology,False
LCE3A,Lce3b,,ambiguous_orthology,False
LCE3D,Lce3b,,ambiguous_orthology,False
LCE3C,Lce3b,,ambiguous_orthology,False
LCE3B,Lce3f,,ambiguous_orthology,False
LCE3C,Lce3f,,ambiguous_orthology,False
LCE3B,Lce3d,,ambiguous_orthology,False
LCE3C,Lce3d,,ambiguous_orthology,False
LCE3B,Lce3e,,ambiguous_orthology,False
LCE3C,Lce3e,,ambiguous_orthology,False
LCE3B,Lce3a,,ambiguous_orthology,False
LCE3C,Lce3a,,ambiguous_orthology,False
LCE6A,Lce6a,,one_to_one,False
LCE7A,2210017I01Rik,,one_to_one,False
LCMT2,Lcmt2,Lcmt2,one_to_one,True
LCN10,Lcn10,,one_to_one,False
LCN15,Lcn15,,one_to_one,False
LCN6,Lcn6,,one_to_one,False
LCN8,Lcn8,,one_to_one,False
LCN9,Lcn9,,one_to_one,False
LDAF1,Ldaf1,Tmem159,one_to_one,True
LDC1P,Ldc1,,one_to_one,False
LDLRAD1,Ldlrad1,,one_to_one,False
LDOC1,Ldoc1,,one_to_one,False
LELP1,Lelp1,,one_to_one,False
LEMD2,Lemd2,Lemd2,one_to_one,True
LGALS12,Lgals12,,one_to_one,False
LGALS4,Lgals6,,one_to_one,True
LGALS7,Lgals7,,ambiguous_orthology,False
LGALS7B,Lgals7,,ambiguous_orthology,False
LGR5,Lgr5,,one_to_one,False
LGR6,Lgr6,,one_to_one,False
LHFPL1,Lhfpl1,,one_to_one,False
LHFPL7,Lhfpl7,,one_to_one,False
LHX8-AS1,AI606473,,one_to_one,False
LIAT1,Liat1,,one_to_one,False
LIF,Lif,,one_to_one,False
LILRA6,Pira2,,ambiguous_orthology,False
LILRA1,Pira2,,ambiguous_orthology,False
LILRA4,Pira2,,ambiguous_orthology,False
LILRA2,Pira2,,ambiguous_orthology,False
LILRA6,Pira12,,ambiguous_orthology,False
LILRA1,Pira12,,ambiguous_orthology,False
LILRA4,Pira12,,ambiguous_orthology,False
LILRA2,Pira12,,ambiguous_orthology,False
LILRB2,Pirb,,ambiguous_orthology,False
LILRA2,Pirb,,ambiguous_orthology,False
LILRA4,Pirb,,ambiguous_orthology,False
LILRA6,Pirb,,ambiguous_orthology,False
LILRA1,Pirb,,ambiguous_orthology,False
LILRA3,Pirb,,ambiguous_orthology,False
LILRB5,Pirb,,ambiguous_orthology,False
LILRB1,Pirb,,ambiguous_orthology,False
LILRA6,Lilra6,,ambiguous_orthology,False
LILRA1,Lilra6,,ambiguous_orthology,False
LILRA4,Lilra6,,ambiguous_orthology,False
LILRA2,Lilra6,,ambiguous_orthology,False
LILRA6,Pira13,,ambiguous_orthology,False
LILRA1,Pira13,,ambiguous_orthology,False
LILRA4,Pira13,,ambiguous_orthology,False
LILRA2,Pira13,,ambiguous_orthology,False
LINC-PINT,Lncpint,Lncpint,one_to_one,True
LINC00261,9030622O22Rik,,one_to_one,False
LINC00673,2610035D17Rik,2610035D17Rik,one_to_one,True
LINC01089,AI480526,AI480526,one_to_one,True
LINC01157,Lncenc1,,one_to_one,False
LINC01170,9330117O12Rik,,one_to_one,False
LINC01572,D030068K23Rik,,one_to_one,False
LINC01727,Nkx2-2os,,one_to_one,False
LINC02915,Gm32929,,one_to_one,False
LINCMD1,Lincmd1,,one_to_one,False
LIPK,Lipk,,one_to_one,False
LIPM,Lipm,,one_to_one,False
LIPN,Lipn,,one_to_one,False
LKAAEAR1,Lkaaear1,,one_to_one,False
SOFU1,Sofu1,,one_to_one,False
LMAN1L,Lman1l,,one_to_one,False
LMNTD1,Lmntd1,,one_to_one,False
LMNTD2,Lmntd2,,one_to_one,False
LMTK2,Lmtk2,Lmtk2,one_to_one,True
LNP1,Lnp1,,one_to_one,False
LNPEP,Lnpep,Lnpep,one_to_one,True
LONP1,Lonp1,Lonp1,one_to_one,True
LONRF3,Lonrf3,,one_to_one,False
LORICRIN,Loricrin,,one_to_one,False
LRCOL1,Lrcol1,,one_to_one,False
LRRC10B,Lrrc10b,,one_to_one,False
LRRC14,Lrrc14,Lrrc14,one_to_one,True
LRRC17,Lrrc17,,one_to_one,False
LRRC19,Lrrc19,,one_to_one,False
LRRC25,Lrrc25,,one_to_one,False
LRRC26,Lrrc26,,one_to_one,False
LRRC27,Lrrc27,Lrrc27,one_to_one,True
LRRC32,Lrrc32,,one_to_one,False
LRRC36,Lrrc36,,one_to_one,False
LRRC37A3,Lrrc37,,ambiguous_orthology,False
LRRC37A,Lrrc37,,ambiguous_orthology,False
LRRC37A2,Lrrc37,,ambiguous_orthology,False
LRRC37B,Lrrc37,,ambiguous_orthology,False
LRRC37A3,Lrrc37a,,ambiguous_orthology,False
LRRC37A,Lrrc37a,,ambiguous_orthology,False
LRRC37A2,Lrrc37a,,ambiguous_orthology,False
LRRC3C,Lrrc3c,,one_to_one,False
LRRC43,Lrrc43,,one_to_one,False
LRRC45,Lrrc45,Lrrc45,one_to_one,True
LRRC46,Lrrc46,,one_to_one,False
LRRC49,Lrrc49,,one_to_one,False
LRRC55,Lrrc55,,one_to_one,False
LRRC63,Lrrc63,,one_to_one,False
LRRC66,Lrrc66,,one_to_one,False
LRRC72,Lrrc72,,one_to_one,False
LRRC74A,Lrrc74a,,one_to_one,False
LRRC8B,Lrrc8b,Lrrc8b,one_to_one,True
LRRD1,Lrrd1,,one_to_one,False
LRRIQ3,Lrriq3,,one_to_one,False
LRRIQ4,Lrriq4,,one_to_one,False
LRRN4,Lrrn4,,one_to_one,False
LRRTM1,Lrrtm1,,one_to_one,False
LRRTM2,Lrrtm2,,one_to_one,False
LRRTM3,Lrrtm3,,one_to_one,False
LRRTM4,Lrrtm4,,one_to_one,False
LRTM1,Lrtm1,,one_to_one,False
LRTM3,Lrtm3,Gm8251,one_to_one,True
LSMEM1,Lsmem1,,one_to_one,False
LSMEM2,Lsmem2,,one_to_one,False
LST1,Lst1,Lst1,one_to_one,True
LTB,Ltb,Ltb,one_to_one,True
LTBP2,Ltbp2,,one_to_one,False
LTBP4,Ltbp4,,one_to_one,False
LTBR,Ltbr,,one_to_one,False
LTF,Ltf,,one_to_one,False
LURAP1L,Lurap1l,,one_to_one,False
LVRN,Lvrn,,one_to_one,False
LY6D,Ly6d,Ly6d,one_to_one,True
LY6E,Ly6e,Ly6e,one_to_one,True
LY6G5B,Ly6g5b,Ly6g5b,one_to_one,True
LY6G5C,Ly6g5c,,one_to_one,False
LY6G6C,Ly6g6c,,one_to_one,False
LY6G6D,Ly6g6d,,one_to_one,False
LY6G6E,Ly6g6e,,one_to_one,False
LY6G6F,Ly6g6f,,one_to_one,False
LY6H,Ly6h,,one_to_one,False
LY6K,Ly6k,Ly6k,one_to_one,True
LY6L,Ly6l,,one_to_one,False
LY9,Ly9,Ly9,one_to_one,True
LY96,Ly96,Ly96,one_to_one,True
LYNX1,Lynx1,,ambiguous_orthology,False
LYNX1-SLURP2,Lynx1,,ambiguous_orthology,False
LYPD1,Lypd1,,one_to_one,False
LYPD2,Lypd2,,one_to_one,False
LYPD3,Lypd3,,one_to_one,False
LYPD4,Lypd4,,one_to_one,False
LYPD5,Lypd5,,one_to_one,False
LYPD8,Lypd8,,one_to_one,False
LYPD9P,Lypd9,,one_to_one,False
MAB21L4,Mab21l4,,one_to_one,False
MADCAM1,Madcam1,,one_to_one,False
MAEL,Mael,,one_to_one,False
MAGEA3,Magea14,,ambiguous_orthology,False
MAGEA9,Magea14,,ambiguous_orthology,False
MAGEA6,Magea14,,ambiguous_orthology,False
MAGEA9B,Magea14,,ambiguous_orthology,False
MAGEA1,Magea14,,ambiguous_orthology,False
MAGEA2B,Magea9,,ambiguous_orthology,False
MAGEA2,Magea9,,ambiguous_orthology,False
MAGEA3,Magea9,,ambiguous_orthology,False
MAGEA11,Magea9,,ambiguous_orthology,False
MAGEA6,Magea9,,ambiguous_orthology,False
MAGEA9,Magea9,,ambiguous_orthology,False
MAGEA9B,Magea9,,ambiguous_orthology,False
MAGEA1,Magea9,,ambiguous_orthology,False
MAGEA10,Magea9,,ambiguous_orthology,False
MAGEA8,Magea9,,ambiguous_orthology,False
MAGEA4,Magea9,,ambiguous_orthology,False
MAGEA12,Magea9,,ambiguous_orthology,False
MAGEA2B,Magea2,,ambiguous_orthology,False
MAGEA2,Magea2,,ambiguous_orthology,False
MAGEA3,Magea2,,ambiguous_orthology,False
MAGEA6,Magea2,,ambiguous_orthology,False
MAGEA9,Magea2,,ambiguous_orthology,False
MAGEA9B,Magea2,,ambiguous_orthology,False
MAGEA10,Magea2,,ambiguous_orthology,False
MAGEA8,Magea2,,ambiguous_orthology,False
MAGEA4,Magea2,,ambiguous_orthology,False
MAGEA12,Magea2,,ambiguous_orthology,False
MAGEA10,Magea8,,one_to_one,False
MAGEA11,Magea10,,ambiguous_orthology,False
MAGEA10,Magea10,,ambiguous_orthology,False
MAGEA2B,Magea4,,ambiguous_orthology,False
MAGEA2,Magea4,,ambiguous_orthology,False
MAGEA3,Magea4,,ambiguous_orthology,False
MAGEA6,Magea4,,ambiguous_orthology,False
MAGEA9,Magea4,,ambiguous_orthology,False
MAGEA9B,Magea4,,ambiguous_orthology,False
MAGEA10,Magea4,,ambiguous_orthology,False
MAGEA8,Magea4,,ambiguous_orthology,False
MAGEA4,Magea4,,ambiguous_orthology,False
MAGEA12,Magea4,,ambiguous_orthology,False
MAGEA10,Magea3,,one_to_one,False
MAGEA10,Magea1,,one_to_one,False
MAGEA2B,Magea5,,ambiguous_orthology,False
MAGEA2,Magea5,,ambiguous_orthology,False
MAGEA3,Magea5,,ambiguous_orthology,False
MAGEA6,Magea5,,ambiguous_orthology,False
MAGEA9,Magea5,,ambiguous_orthology,False
MAGEA9B,Magea5,,ambiguous_orthology,False
MAGEA10,Magea5,,ambiguous_orthology,False
MAGEA8,Magea5,,ambiguous_orthology,False
MAGEA4,Magea5,,ambiguous_orthology,False
MAGEA12,Magea5,,ambiguous_orthology,False
MAGEA3,Magea6,,ambiguous_orthology,False
MAGEA11,Magea6,,ambiguous_orthology,False
MAGEA6,Magea6,,ambiguous_orthology,False
MAGEA9,Magea6,,ambiguous_orthology,False
MAGEA9B,Magea6,,ambiguous_orthology,False
MAGEA10,Magea6,,ambiguous_orthology,False
MAGEA8,Magea6,,ambiguous_orthology,False
MAGEA4,Magea6,,ambiguous_orthology,False
MAGEA13P,Magea13,,one_to_one,False
MAGEB2,Mageb4,,ambiguous_orthology,False
MAGEB4,Mageb4,,ambiguous_orthology,False
MAGEB1,Mageb4,,ambiguous_orthology,False
MAGEB16,Mageb16,,one_to_one,False
MAGEB18,Mageb18,,one_to_one,False
MAGEB5,Mageb5b,,one_to_one,False
MAGEB5,Mageb11,,one_to_one,False
MAGEB5,Mageb5,,one_to_one,False
MAGEB6B,Mageb3,,ambiguous_orthology,False
MAGEB6,Mageb3,,ambiguous_orthology,False
MAGEB6B,Mageb2,,ambiguous_orthology,False
MAGEB6,Mageb2,,ambiguous_orthology,False
MAGEB6B,Mageb6b1,,ambiguous_orthology,False
MAGEB6,Mageb6b1,,ambiguous_orthology,False
MAGEE2,Magee2,,one_to_one,False
MAGEH1,Mageh1,,one_to_one,False
MAJIN,Majin,,one_to_one,False
MALAT1,Malat1,Malat1,one_to_one,True
MALL,Mall,,one_to_one,False
MAMLD1,Mamld1,,one_to_one,False
MAMSTR,Mamstr,,one_to_one,False
MAN1A1,Man1a,Man1a,one_to_one,True
MAN1C1,Man1c1,Man1c1,one_to_one,True
MANSC4,Mansc4,,one_to_one,False
MAP2K3,Map2k3,Map2k3,one_to_one,True
MAP3K11,Map3k11,Map3k11,one_to_one,True
MAP3K6,Map3k6,,one_to_one,False
MAP4,Map4,Map4,one_to_one,True
MAPK1IP1L,Mapk1ip1,Mapk1ip1,one_to_one,True
MAPK1IP1L,Mapk1ip1l,Mapk1ip1l,one_to_one,True
MARCHF10,Marchf10,,one_to_one,False
MARCOL,Marcol,,one_to_one,False
MARF1,Marf1,Marf1,one_to_one,True
MAS1,Mas1,,one_to_one,False
MAST4,Mast4,Mast4,one_to_one,True
MATCAP1,Matcap1,4931428F04Rik,one_to_one,True
MATN2,Matn2,,one_to_one,False
MATR3,Matr3,Matr3,one_to_one,True
MBD3L1,Mbd3l1,,one_to_one,False
MCAT,Mcat,Mcat,one_to_one,True
MCEMP1,Mcemp1,,one_to_one,False
MCM2,Mcm2,Mcm2,one_to_one,True
MCUB,Mcub,,one_to_one,False
MDGA1,Mdga1,,one_to_one,False
MED13L,Med13l,Med13l,one_to_one,True
MEDAG,Medag,,one_to_one,False
MEG3,Meg3,,one_to_one,False
MEG8,Rian,,one_to_one,False
MEI1,Mei1,,one_to_one,False
MEIKIN,Meikin,,one_to_one,False
MEIOC,Meioc,,one_to_one,False
MEPE,Mepe,,one_to_one,False
METTL25B,Mettl25b,Rrnad1,one_to_one,True
METTL4,Mettl4,Mettl4,one_to_one,True
MEX3C,Mex3c,Mex3c,one_to_one,True
MEX3D,Mex3d,Mex3d,one_to_one,True
MFAP3,Mfap3,Mfap3,one_to_one,True
MFAP5,Mfap5,,one_to_one,False
MGAT5B,Mgat5b,,one_to_one,False
MHRT,Mhrt,,one_to_one,False
MIAT,Miat,,one_to_one,False
MILR1,Milr1,Milr1,one_to_one,True
MINAR2,Minar2,,one_to_one,False
MIPOL1,Mipol1,Mipol1,one_to_one,True
MIR1-1,Mir1a-1,,one_to_one,False
MIR1-2,Mir1a-2,,one_to_one,False
MIR100,Mir100,,one_to_one,False
MIR100HG,Mir100hg,,one_to_one,False
MIR101-1,Mir101a,,one_to_one,False
MIR101-2,Mir101b,,one_to_one,False
MIR103A1,Mir103-1,,one_to_one,False
MIR103A2,Mir103-2,,one_to_one,False
MIR105-2,Mir105,,ambiguous_orthology,False
MIR105-1,Mir105,,ambiguous_orthology,False
MIR106A,Mir106a,,one_to_one,False
MIR106B,Mir106b,,one_to_one,False
MIR107,Mir107,,one_to_one,False
MIR10A,Mir10a,,one_to_one,False
MIR10B,Mir10b,,one_to_one,False
MIR1179,Mir1193,,one_to_one,False
MIR1197,Mir1197,,one_to_one,False
MIR1199,Mir1199,,one_to_one,False
MIR122,Mir122,,one_to_one,False
MIR1224,Mir1224,,one_to_one,False
MIR1231,Mir1231,,one_to_one,False
MIR124-1,Mir124a-1,,one_to_one,False
MIR124-1HG,Mir124a-1hg,,one_to_one,False
MIR124-2,Mir124a-2,,one_to_one,False
MIR124-3,Mir124a-3,,one_to_one,False
MIR1247,Mir1247,,one_to_one,False
MIR1249,Mir1249,,one_to_one,False
MIR1251,Mir1251,,one_to_one,False
MIR125A,Mir125a,,one_to_one,False
MIR125B1,Mir125b-1,,one_to_one,False
MIR125B2,Mir125b-2,,one_to_one,False
MIR1264,Mir1264,,one_to_one,False
MIR127,Mir127,,one_to_one,False
MIR128-1,Mir128-1,,one_to_one,False
MIR128-2,Mir128-2,,one_to_one,False
MIR129-1,Mir129-1,,one_to_one,False
MIR1291,Mir1291,,one_to_one,False
MIR1298,Mir1298,,one_to_one,False
MIR1306,Mir1306,,one_to_one,False
MIR130A,Mir130a,,one_to_one,False
MIR130B,Mir130b,,one_to_one,False
MIR133A1,Mir133a-1,,one_to_one,False
MIR133A2,Mir133a-2,,one_to_one,False
MIR133B,Mir133b,,one_to_one,False
MIR134,Mir134,,one_to_one,False
MIR135A1,Mir135a-1,,one_to_one,False
MIR135A2,Mir135a-2,,one_to_one,False
MIR135B,Mir135b,,one_to_one,False
MIR136,Mir136,,one_to_one,False
MIR137,Mir137,,one_to_one,False
MIR137HG,Gm26871,,one_to_one,False
MIR138-1,Mir138-1,,one_to_one,False
MIR138-2,Mir138-2,,one_to_one,False
MIR139,Mir139,,one_to_one,False
MIR141,Mir141,,one_to_one,False
MIR143,Mir143,,one_to_one,False
MIR144,Mir144,,one_to_one,False
MIR145,Mir145a,,one_to_one,False
MIR146B,Mir146b,,one_to_one,False
MIR147B,Mir147,,one_to_one,False
MIR148A,Mir148a,,one_to_one,False
MIR148B,Mir148b,,one_to_one,False
MIR149,Mir149,,one_to_one,False
MIR151A,Mir151,,one_to_one,False
MIR152,Mir152,,one_to_one,False
MIR153-2,Mir153,,one_to_one,False
MIR154,Mir154,,one_to_one,False
MIR155,Mir155,,one_to_one,False
MIR155HG,Mir155hg,Mir155hg,one_to_one,True
MIR15A,Mir15a,,one_to_one,False
MIR16-1,Mir16-1,,one_to_one,False
MIR16-2,Mir16-2,,one_to_one,False
MIR17HG,Mir17hg,Mir17hg,one_to_one,True
MIR181A1,Mir181a-1,,one_to_one,False
MIR181A2,Mir181a-2,,one_to_one,False
MIR181B1,Mir181b-1,,one_to_one,False
MIR181B2,Mir181b-2,,one_to_one,False
MIR181C,Mir181c,,one_to_one,False
MIR181D,Mir181d,,one_to_one,False
MIR182,Mir182,,one_to_one,False
MIR183,Mir183,,one_to_one,False
MIR184,Mir184,,one_to_one,False
MIR185,Mir185,,one_to_one,False
MIR186,Mir186,,one_to_one,False
MIR187,Mir187,,one_to_one,False
MIR188,Mir188,,one_to_one,False
MIR18B,Mir18b,,one_to_one,False
MIR190A,Mir190a,,one_to_one,False
MIR190B,Mir190b,,one_to_one,False
MIR191,Mir191,,one_to_one,False
MIR1912,Mir1912,,one_to_one,False
MIR192,Mir192,,one_to_one,False
MIR193A,Mir193a,,one_to_one,False
MIR193B,Mir193b,,one_to_one,False
MIR194-1,Mir194-1,,one_to_one,False
MIR194-2,Mir194-2,,one_to_one,False
MIR195,Mir195a,,one_to_one,False
MIR196A1,Mir196a-1,,one_to_one,False
MIR196A2,Mir196a-2,,one_to_one,False
MIR196B,Mir196b,,one_to_one,False
MIR199A1,Mir199a-1,,one_to_one,False
MIR199A2,Mir199a-2,,one_to_one,False
MIR199B,Mir199b,,one_to_one,False
MIR19B2,Mir19b-2,,one_to_one,False
MIR200A,Mir200a,,one_to_one,False
MIR200B,Mir200b,,one_to_one,False
MIR200C,Mir200c,,one_to_one,False
MIR202,Mir202,,one_to_one,False
MIR203A,Mir203,,ambiguous_orthology,False
MIR203B,Mir203,,ambiguous_orthology,False
MIR204,Mir204,,one_to_one,False
MIR205,Mir205,,one_to_one,False
MIR205HG,Mir205hg,,one_to_one,False
MIR206,Mir206,,one_to_one,False
MIR208A,Mir208a,,one_to_one,False
MIR208B,Mir208b,,one_to_one,False
MIR20B,Mir20b,,one_to_one,False
MIR210,Mir210,,one_to_one,False
MIR211,Mir211,,one_to_one,False
MIR212,Mir212,,one_to_one,False
MIR214,Mir214,,one_to_one,False
MIR215,Mir215,,one_to_one,False
MIR216A,Mir216a,,one_to_one,False
MIR216B,Mir216b,,one_to_one,False
MIR217,Mir217,,one_to_one,False
MIR218-1,Mir218-1,,one_to_one,False
MIR218-2,Mir218-2,,one_to_one,False
MIR219A1,Mir219a-1,,one_to_one,False
MIR219A2,Mir219a-2,,one_to_one,False
MIR219B,Mir219b,,one_to_one,False
MIR22,Mir22,,one_to_one,False
MIR221,Mir221,,one_to_one,False
MIR222,Mir222,,one_to_one,False
MIR223,Mir223,,one_to_one,False
MIR224,Mir224,,one_to_one,False
MIR22HG,Mir22hg,Mir22hg,one_to_one,True
MIR23A,Mir23a,,one_to_one,False
MIR23B,Mir23b,,one_to_one,False
MIR24-1,Mir24-1,,one_to_one,False
MIR24-2,Mir24-2,,one_to_one,False
MIR25,Mir25,,one_to_one,False
MIR26A1,Mir26a-1,,one_to_one,False
MIR26A2,Mir26a-2,,one_to_one,False
MIR26B,Mir26b,,one_to_one,False
MIR27A,Mir27a,,one_to_one,False
MIR27B,Mir27b,,one_to_one,False
MIR28,Mir28a,,one_to_one,False
MIR2861,Mir2861,,one_to_one,False
MIR296,Mir296,,one_to_one,False
MIR298,Mir298,,one_to_one,False
MIR299,Mir299a,,one_to_one,False
MIR29A,Mir29a,,one_to_one,False
MIR29B1,Mir29b-1,,one_to_one,False
MIR29B2,Mir29b-2,,one_to_one,False
MIR29C,Mir29c,,one_to_one,False
MIR301A,Mir301,,one_to_one,False
MIR301B,Mir301b,,one_to_one,False
MIR302A,Mir302a,,one_to_one,False
MIR302B,Mir302b,,one_to_one,False
MIR302C,Mir302c,,one_to_one,False
MIR302D,Mir302d,,one_to_one,False
MIR3059,Mir3059,,one_to_one,False
MIR3064,Mir3064,,one_to_one,False
MIR3065,Mir3065,,one_to_one,False
MIR3074,Mir3074-1,,one_to_one,False
MIR3085,Mir3085,,one_to_one,False
MIR30A,Mir30a,,one_to_one,False
MIR30B,Mir30b,,one_to_one,False
MIR30C1,Mir30c-1,,one_to_one,False
MIR30C2,Mir30c-2,,one_to_one,False
MIR30D,Mir30d,,one_to_one,False
MIR30E,Mir30e,,one_to_one,False
MIR31,Mir31,,one_to_one,False
MIR3154,Mir3154,,one_to_one,False
MIR32,Mir32,,one_to_one,False
MIR320A,Mir320,,one_to_one,False
MIR323A,Mir323,,one_to_one,False
MIR324,Mir324,,one_to_one,False
MIR325,Mir325,,one_to_one,False
MIR326,Mir326,,one_to_one,False
MIR328,Mir328,,one_to_one,False
MIR329-2,Mir329,,ambiguous_orthology,False
MIR329-1,Mir329,,ambiguous_orthology,False
MIR330,Mir330,,one_to_one,False
MIR331,Mir331,,one_to_one,False
MIR335,Mir335,,one_to_one,False
MIR337,Mir337,,one_to_one,False
MIR338,Mir338,,one_to_one,False
MIR339,Mir339,,one_to_one,False
MIR33A,Mir33,,one_to_one,False
MIR340,Mir340,,one_to_one,False
MIR342,Mir342,,one_to_one,False
MIR345,Mir345,,one_to_one,False
MIR346,Mir346,,one_to_one,False
MIR34A,Mir34a,,one_to_one,False
MIR34B,Mir34b,,one_to_one,False
MIR34C,Mir34c,,one_to_one,False
MIR361,Mir361,,one_to_one,False
MIR3618,Mir3618,,one_to_one,False
MIR362,Mir362,,one_to_one,False
MIR363,Mir363,,one_to_one,False
MIR365A,Mir365-1,,one_to_one,False
MIR365B,Mir365-2,,one_to_one,False
MIR367,Mir367,,one_to_one,False
MIR369,Mir369,,one_to_one,False
MIR370,Mir370,,one_to_one,False
MIR374B,Mir374b,,one_to_one,False
MIR374C,Mir374c,,one_to_one,False
MIR375,Mir375,,one_to_one,False
MIR376A1,Mir376a,,one_to_one,False
MIR376B,Mir376b,,one_to_one,False
MIR376C,Mir376c,,one_to_one,False
MIR377,Mir377,,one_to_one,False
MIR378A,Mir378a,,one_to_one,False
MIR379,Mir379,,one_to_one,False
MIR380,Mir380,,one_to_one,False
MIR381,Mir381,,one_to_one,False
MIR382,Mir382,,one_to_one,False
MIR383,Mir383,,one_to_one,False
MIR384,Mir384,,one_to_one,False
MIR409,Mir409,,one_to_one,False
MIR410,Mir410,,one_to_one,False
MIR411,Mir411,,one_to_one,False
MIR412,Mir412,,one_to_one,False
MIR421,Mir421,,one_to_one,False
MIR423,Mir423,,one_to_one,False
MIR424,Mir322,,one_to_one,False
MIR425,Mir425,,one_to_one,False
MIR429,Mir429,,one_to_one,False
MIR431,Mir431,,one_to_one,False
MIR432,Mir432,,one_to_one,False
MIR433,Mir433,,one_to_one,False
MIR4435-2HG,Morrbid,Morrbid,one_to_one,True
MIR448,Mir448,,one_to_one,False
MIR449A,Mir449a,,one_to_one,False
MIR449B,Mir449b,,one_to_one,False
MIR449C,Mir449c,,one_to_one,False
MIR450A1,Mir450-1,,one_to_one,False
MIR450A2,Mir450-2,,one_to_one,False
MIR450B,Mir450b,,one_to_one,False
MIR451B,Mir451b,,one_to_one,False
MIR452,Mir452,,one_to_one,False
MIR455,Mir455,,one_to_one,False
MIR483,Mir483,,one_to_one,False
MIR484,Mir484,,one_to_one,False
MIR485,Mir485,,one_to_one,False
MIR486-1,Mir486,,one_to_one,False
MIR486-2,Mir3107,,one_to_one,False
MIR487B,Mir487b,,one_to_one,False
MIR488,Mir488,,one_to_one,False
MIR489,Mir489,,one_to_one,False
MIR490,Mir490,,one_to_one,False
MIR491,Mir491,,one_to_one,False
MIR493,Mir493,,one_to_one,False
MIR494,Mir494,,one_to_one,False
MIR495,Mir495,,one_to_one,False
MIR496,Mir496a,,one_to_one,False
MIR497,Mir497,,one_to_one,False
MIR500A,Mir500,,ambiguous_orthology,False
MIR500B,Mir500,,ambiguous_orthology,False
MIR501,Mir501,,one_to_one,False
MIR503,Mir503,,one_to_one,False
MIR504,Mir504,,one_to_one,False
MIR505,Mir505,,one_to_one,False
MIR511,Mir511,,one_to_one,False
MIR532,Mir532,,one_to_one,False
MIR539,Mir539,,one_to_one,False
MIR541,Mir541,,one_to_one,False
MIR542,Mir542,,one_to_one,False
MIR543,Mir543,,one_to_one,False
MIR544A,Mir544,,one_to_one,False
MIR551B,Mir551b,,one_to_one,False
MIR568,Mir568,,one_to_one,False
MIR574,Mir574,,one_to_one,False
MIR582,Mir582,,one_to_one,False
MIR590,Mir590,,one_to_one,False
MIR592,Mir592,,one_to_one,False
MIR598,Mir598,,one_to_one,False
MIR599,Mir599,,one_to_one,False
MIR615,Mir615,,one_to_one,False
MIR652,Mir652,,one_to_one,False
MIR653,Mir653,,one_to_one,False
MIR654,Mir654,,one_to_one,False
MIR664B,Mir664,,one_to_one,False
MIR665,Mir665,,one_to_one,False
MIR668,Mir668,,one_to_one,False
MIR670,Mir670,,one_to_one,False
MIR670HG,Mir670hg,,one_to_one,False
MIR671,Mir671,,one_to_one,False
MIR6715A,Mir6715,,one_to_one,False
MIR675,Mir675,,one_to_one,False
MIR676,Mir676,,one_to_one,False
MIR7-2,Mir7-1,,ambiguous_orthology,False
MIR7-1,Mir7-1,,ambiguous_orthology,False
MIR7-3,Mir7b,,one_to_one,False
MIR708,Mir708,,one_to_one,False
MIR711,Mir711,,one_to_one,False
MIR718,Mir718,,one_to_one,False
MIR744,Mir744,,one_to_one,False
MIR758,Mir758,,one_to_one,False
MIR759,Mir759,,one_to_one,False
MIR760,Mir760,,one_to_one,False
MIR761,Mir761,,one_to_one,False
MIR762,Mir762,,one_to_one,False
MIR764,Mir764,,one_to_one,False
MIR767,Mir767,,one_to_one,False
MIR770,Mir770,,one_to_one,False
MIR802,Mir802,,one_to_one,False
MIR873,Mir873a,,one_to_one,False
MIR874,Mir874,,one_to_one,False
MIR875,Mir875,,one_to_one,False
MIR876,Mir876,,one_to_one,False
MIR877,Mir877,,one_to_one,False
MIR9-1HG,Gm3764,,one_to_one,False
MIR9-2,Mir9-2,,one_to_one,False
MIR9-2HG,Mir9-2hg,,one_to_one,False
MIR9-3HG,Mir9-3hg,,one_to_one,False
MIR92A2,Mir92-2,,one_to_one,False
MIR92B,Mir92b,,one_to_one,False
MIR93,Mir93,,one_to_one,False
MIR96,Mir96,,one_to_one,False
MIR98,Mir98,,one_to_one,False
MIR99A,Mir99a,,one_to_one,False
MIR99B,Mir99b,,one_to_one,False
MIRLET7A1,Mirlet7a-1,,one_to_one,False
MIRLET7A2,Mirlet7a-2,,one_to_one,False
MIRLET7A3,Mirlet7c-2,,one_to_one,False
MIRLET7B,Mirlet7b,,one_to_one,False
MIRLET7C,Mirlet7c-1,,one_to_one,False
MIRLET7D,Mirlet7d,,one_to_one,False
MIRLET7E,Mirlet7e,,one_to_one,False
MIRLET7F1,Mirlet7f-1,,one_to_one,False
MIRLET7F2,Mirlet7f-2,,one_to_one,False
MIRLET7G,Mirlet7g,,one_to_one,False
MIRLET7I,Mirlet7i,,one_to_one,False
MISFA,Misfa,,one_to_one,False
MKRN2OS,Mkrn2os,,one_to_one,False
MLKL,Mlkl,,one_to_one,False
MLLT6,Mllt6,Mllt6,one_to_one,True
MME,Mme,,one_to_one,False
MMP1,Mmp1b,,one_to_one,False
MMP1,Mmp1a,,one_to_one,False
MMP10,Mmp10,,one_to_one,False
MMP12,Mmp12,,one_to_one,False
MMP24OS,Mmp24os1,BC029722,one_to_one,True
MMP27,Mmp27,,one_to_one,False
MMP3,Mmp3,,one_to_one,False
MMP8,Mmp8,,one_to_one,False
MMRN1,Mmrn1,,one_to_one,False
MNDA,Ifi205,,ambiguous_orthology,False
PYHIN1,Ifi205,,ambiguous_orthology,False
MNDA,Ifi204,Ifi204,ambiguous_orthology,False
PYHIN1,Ifi204,Ifi204,ambiguous_orthology,False
MNDA,Ifi211,,ambiguous_orthology,False
PYHIN1,Ifi211,,ambiguous_orthology,False
MOAP1,Moap1,,one_to_one,False
MOB3B,Mob3b,Mob3b,one_to_one,True
MOBP,Mobp,,one_to_one,False
MOG,Mog,,one_to_one,False
MOK,Mok,,one_to_one,False
MORC1,Morc1,,one_to_one,False
MORC4,Morc4,,one_to_one,False
MORF4L1,Morf4l1,Morf4l1,one_to_one,True
MORF4L2,Morf4l2,Morf4l2,one_to_one,True
MORN1,Morn1,,one_to_one,False
MOSPD3,Mospd3,Mospd3,one_to_one,True
MPDZ,Mpdz,,one_to_one,False
MPHOSPH9,Mphosph9,Mphosph9,one_to_one,True
MPIG6B,Mpig6b,,one_to_one,False
MPLKIP,Mplkipl1,,one_to_one,True
MPZL1,Mpzl1,,one_to_one,False
MRFAP1L1,Mrfap1,Mrfap1,ambiguous_orthology,False
MRFAP1,Mrfap1,Mrfap1,ambiguous_orthology,False
MRGPRD,Mrgprd,,one_to_one,False
MRGPRE,Mrgpre,Mrgpre,one_to_one,True
MRGPRF,Mrgprf,,one_to_one,False
MRGPRG,Mrgprg,,one_to_one,False
MRGPRX1,Mrgprx1,,ambiguous_orthology,False
MRGPRX4,Mrgprx1,,ambiguous_orthology,False
MRGPRX3,Mrgprx1,,ambiguous_orthology,False
MRGPRX1,Mrgpra5,,ambiguous_orthology,False
MRGPRX4,Mrgpra5,,ambiguous_orthology,False
MRGPRX3,Mrgpra5,,ambiguous_orthology,False
MRGPRX2,Mrgpra5,,ambiguous_orthology,False
MRGPRX1,Mrgprx2,,ambiguous_orthology,False
MRGPRX4,Mrgprx2,,ambiguous_orthology,False
MRGPRX3,Mrgprx2,,ambiguous_orthology,False
MRGPRX2,Mrgprx2,,ambiguous_orthology,False
MRGPRX4,Mrgpra4,,ambiguous_orthology,False
MRGPRX3,Mrgpra4,,ambiguous_orthology,False
MRGPRX2,Mrgpra4,,ambiguous_orthology,False
MRGPRX4,Mrgpra2a,,ambiguous_orthology,False
MRGPRX3,Mrgpra2a,,ambiguous_orthology,False
MRGPRX2,Mrgpra2a,,ambiguous_orthology,False
MRGPRX3,Mrgprb5,,ambiguous_orthology,False
MRGPRX2,Mrgprb5,,ambiguous_orthology,False
MRGPRX4,Mrgpra3,,ambiguous_orthology,False
MRGPRX3,Mrgpra3,,ambiguous_orthology,False
MRGPRX2,Mrgpra3,,ambiguous_orthology,False
MRGPRX2,Mrgprb2,,one_to_one,False
MRGPRX2,Mrgprb1,,one_to_one,False
MRGPRX3,Mrgprb3,,ambiguous_orthology,False
MRGPRX2,Mrgprb3,,ambiguous_orthology,False
MRGPRX4,Mrgpra8,,ambiguous_orthology,False
MRGPRX3,Mrgpra8,,ambiguous_orthology,False
MRGPRX2,Mrgpra8,,ambiguous_orthology,False
MRGPRX4,Mrgprb4,,ambiguous_orthology,False
MRGPRX3,Mrgprb4,,ambiguous_orthology,False
MRGPRX2,Mrgprb4,,ambiguous_orthology,False
MRGPRX4,Mrgprb8,,ambiguous_orthology,False
MRGPRX3,Mrgprb8,,ambiguous_orthology,False
MRGPRX2,Mrgprb8,,ambiguous_orthology,False
MRGPRX4,Mrgpra9,,ambiguous_orthology,False
MRGPRX3,Mrgpra9,,ambiguous_orthology,False
MRGPRX2,Mrgpra9,,ambiguous_orthology,False
MRGPRX4,Mrgpra6,,ambiguous_orthology,False
MRGPRX3,Mrgpra6,,ambiguous_orthology,False
MRGPRX4,Mrgpra7,,ambiguous_orthology,False
MRGPRX3,Mrgpra7,,ambiguous_orthology,False
MRGPRX4,Mrgpra1,,ambiguous_orthology,False
MRGPRX3,Mrgpra1,,ambiguous_orthology,False
MRGPRX4,Mrgpra2b,,ambiguous_orthology,False
MRGPRX3,Mrgpra2b,,ambiguous_orthology,False
MRLN,Mrln,,one_to_one,False
MRO,Mro,,one_to_one,False
MROH2A,Mroh2a,,one_to_one,False
MROH2B,Mroh2b,,one_to_one,False
MROH3P,Mroh3,,one_to_one,False
MROH4P,Mroh4,,one_to_one,False
MROH5,Mroh5,,one_to_one,False
MROH6,Mroh6,,one_to_one,False
MROH7,Mroh7,,one_to_one,False
MROH8,Mroh8,,one_to_one,False
MROH9,Mroh9,,one_to_one,False
MRPL42,Mrpl42,Mrpl42,one_to_one,True
MRPL50,Mrpl50,Mrpl50,one_to_one,True
MRPL55,Mrpl55,Mrpl55,one_to_one,True
MRS2,Mrs2,Mrs2,one_to_one,True
MS4A19P,Ms4a19,,one_to_one,False
MSANTD2,Msantd2,Msantd2,one_to_one,True
MSANTD3,Msantd3,,one_to_one,False
MSANTD5,Msantd5f2,,one_to_one,False
MSANTD5,Msantd5f10,,one_to_one,False
MSANTD5,Msantd5f6,,one_to_one,False
MSANTD5,Msantd5f1,,one_to_one,False
MSANTD5,Msantd5f8,,one_to_one,False
MSANTD5,Msantd5f9,,one_to_one,False
MSANTD5,Msantd5f3,,one_to_one,False
MSANTD5,Msantd5f5,,one_to_one,False
MSANTD5,Msantd5f7,,one_to_one,False
MSANTD5,Msantd5,,one_to_one,False
MSANTD5,Msantd5f4,,one_to_one,False
MSANTD5,Msantd5l,,one_to_one,False
MSANTD7,Msantd7,Gm45902,one_to_one,True
MSC,Msc,,one_to_one,False
MSL3,Msl3l2,Msl3l2,ambiguous_orthology,False
MSL3B,Msl3l2,Msl3l2,ambiguous_orthology,False
MSL3,Msl3,Msl3,one_to_one,True
MSR1,Msr1,,one_to_one,False
ATP8,mt-Atp8,mt-Atp8,one_to_one,True
RNR1,mt-Rnr1,,one_to_one,False
RNR2,mt-Rnr2,,one_to_one,False
TRNA,mt-Ta,,one_to_one,False
TRNC,mt-Tc,,one_to_one,False
TRND,mt-Td,,one_to_one,False
TRNE,mt-Te,,one_to_one,False
TRNF,mt-Tf,,one_to_one,False
TRNG,mt-Tg,,one_to_one,False
TRNH,mt-Th,,one_to_one,False
TRNI,mt-Ti,,one_to_one,False
TRNK,mt-Tk,,one_to_one,False
TRNL1,mt-Tl1,,one_to_one,False
TRNL2,mt-Tl2,,one_to_one,False
TRNM,mt-Tm,,one_to_one,False
TRNN,mt-Tn,,one_to_one,False
TRNP,mt-Tp,,one_to_one,False
TRNQ,mt-Tq,,one_to_one,False
TRNR,mt-Tr,,one_to_one,False
TRNS1,mt-Ts1,,one_to_one,False
TRNS2,mt-Ts2,,one_to_one,False
TRNT,mt-Tt,,one_to_one,False
TRNV,mt-Tv,,one_to_one,False
TRNW,mt-Tw,,one_to_one,False
TRNY,mt-Ty,,one_to_one,False
MT1A,Mt1,,ambiguous_orthology,False
MT1X,Mt1,,ambiguous_orthology,False
MT1B,Mt1,,ambiguous_orthology,False
MT1G,Mt1,,ambiguous_orthology,False
MT1L,Mt1,,ambiguous_orthology,False
MT1E,Mt1,,ambiguous_orthology,False
MT1M,Mt1,,ambiguous_orthology,False
MT1H,Mt1,,ambiguous_orthology,False
MT1F,Mt1,,ambiguous_orthology,False
MT3,Mt3,,one_to_one,False
MTCH1,Mtch1,Mtch1,one_to_one,True
MTCL1,Mtcl1,,one_to_one,False
MTCP1,Mtcp1,Mtcp1,one_to_one,True
MTERF1,Mterf1b,Mterf1b,one_to_one,True
MTERF1,Mterf1a,Mterf1a,one_to_one,True
MTLN,Mtln,Mtln,one_to_one,True
MTRF1L,Mtrf1l,Mtrf1l,one_to_one,True
MTRNR2L1,Mtrnr2l7,,ambiguous_orthology,False
MTRNR2L3,Mtrnr2l7,,ambiguous_orthology,False
MTRNR2L4,Mtrnr2l7,,ambiguous_orthology,False
MTRNR2L2,Mtrnr2l7,,ambiguous_orthology,False
MTRNR2L7,Mtrnr2l7,,ambiguous_orthology,False
MTRNR2L5,Mtrnr2l7,,ambiguous_orthology,False
MTRNR2L10,Mtrnr2l7,,ambiguous_orthology,False
MTRNR2L13,Mtrnr2l7,,ambiguous_orthology,False
MTRNR2L11,Mtrnr2l7,,ambiguous_orthology,False
MUC1,Muc1,,one_to_one,False
MUC15,Muc15,,one_to_one,False
MUC16,Muc16,,one_to_one,False
MUC19,Muc19,,one_to_one,False
MUC20,Muc20,,one_to_one,False
MUC21,Muc21,,one_to_one,False
MUC4,Muc4,,one_to_one,False
MUC5AC,Muc5ac,,one_to_one,False
MUC6,Muc6,,one_to_one,False
MUCL3,Mucl3,,one_to_one,False
MX2,Mx1,,ambiguous_orthology,False
MX1,Mx1,,ambiguous_orthology,False
MXD4,Mxd4,Mxd4,one_to_one,True
MYADML2,Myadml2,,one_to_one,False
MYBPHL,Mybphl,,one_to_one,False
MYCN,Mycs,,one_to_one,False
MYH15,Myh15,,one_to_one,False
MYL12A,Myl12a,Myl12a,one_to_one,True
MYMX,Mymx,,one_to_one,False
MYO18B,Myo18b,,one_to_one,False
MYO19,Myo19,Myo19,one_to_one,True
MYO1A,Myo1a,,one_to_one,False
MYO5C,Myo5c,,one_to_one,False
MYO9B,Myo9b,Myo9b,one_to_one,True
MYOCOS,Myocos,,one_to_one,False
MYOPARR,Myoparr,,one_to_one,False
MYPOP,Mypop,,one_to_one,False
MYRFL,Myrfl,,one_to_one,False
MZB1,Mzb1,,one_to_one,False
MZF1,Mzf1,,one_to_one,False
N4BP2L1,N4bp2l1,N4bp2l1,one_to_one,True
NAA16,Naa16,Naa16,one_to_one,True
NAA80,Naa80,Naa80,one_to_one,True
NAAA,Naaa,Naaa,one_to_one,True
NAALADL2,Naaladl2,,one_to_one,False
NACAD,Nacad,,one_to_one,False
NACC2,Nacc2,,one_to_one,False
NAIP,Naip1,,one_to_one,False
NAIP,Naip7,,one_to_one,False
NAIP,Naip5,,one_to_one,False
NAIP,Naip2,Naip2,one_to_one,True
NAIP,Naip6,,one_to_one,True
NAP1L2,Nap1l2,,one_to_one,False
NAP1L3,Nap1l3,,one_to_one,False
NAP1L5,Nap1l5,,one_to_one,False
NBDY,Nbdy,Nbdy,one_to_one,True
NCBP1,Ncbp1,Ncbp1,one_to_one,True
NCKAP5,Nckap5,,one_to_one,False
NCOA7,Ncoa7,Ncoa7,one_to_one,True
NCR3,Ncr3-ps,,one_to_one,False
NDST4,Ndst4,,one_to_one,False
NDUFB1,Ndufb1,Ndufb1-ps,one_to_one,True
NDUFB11,Ndufb11b,,one_to_one,True
NDUFS2,Ndufs2,Ndufs2,one_to_one,True
NDUFS7,Ndufs7,Ndufs7,one_to_one,True
NEAT1,Neat1,Neat1,one_to_one,True
NEBL,Nebl,Nebl,one_to_one,True
NECTIN4,Nectin4,,one_to_one,False
NEFH,Nefh,Nefh,one_to_one,True
NEIL2,Neil2,Neil2,one_to_one,True
NEK5,Nek5,,one_to_one,False
NEK6,Nek6,Nek6,one_to_one,True
NEK9,Nek9,Nek9,one_to_one,True
NELL1,Nell1,,one_to_one,False
NEMF,Nemf,Nemf,one_to_one,True
NEPNP,Nepn,,one_to_one,False
NEU2,Neu2,,one_to_one,False
NEURL3,Neurl3,Neurl3,one_to_one,True
NEUROG2,Neurog2,,one_to_one,False
NFAM1,Nfam1,,one_to_one,False
NFATC2IP,Nfatc2ip,Nfatc2ip,one_to_one,True
NFIB,Nfib,,one_to_one,False
NFKB1,Nfkb1,Nfkb1,one_to_one,True
NFKBID,Nfkbid,Nfkbid,one_to_one,True
NHERF2,Nherf2,,one_to_one,False
NHLRC1,Nhlrc1,Nhlrc1,one_to_one,True
NHLRC3,Nhlrc3,Nhlrc3,one_to_one,True
NHLRC4,Nhlrc4,,one_to_one,False
NIBAN3,Niban3,Fam129c,one_to_one,True
NIPAL1,Nipal1,Nipal1,one_to_one,True
NIPAL2,Nipal2,,one_to_one,False
NIPSNAP3A,Nipsnap3b,Nipsnap3b,ambiguous_orthology,False
NIPSNAP3B,Nipsnap3b,Nipsnap3b,ambiguous_orthology,False
NISCH,Nisch,Nisch,one_to_one,True
NKAIN3,Nkain3,,one_to_one,False
NKG7,Nkg7,Nkg7,one_to_one,True
NKRF,Nkrf,Nkrf,one_to_one,True
NLRC4,Nlrc4,,one_to_one,False
NLRC5,Nlrc5,Nlrc5,one_to_one,True
NLRP4,Nlrp4f,,one_to_one,False
NLRP4,Nlrp4b,,one_to_one,False
NLRP9,Nlrp9b,,one_to_one,False
NMNAT3,Nmnat3,Nmnat3,one_to_one,True
NMRAL1,Nmral1,Nmral1,one_to_one,True
NMRK1,Nmrk1,Nmrk1,one_to_one,True
NNAT,Nnat,,one_to_one,False
NOL3,Nol3,,one_to_one,False
NOL4,Nol4,,one_to_one,False
NOMO2,Nomo1,Nomo1,ambiguous_orthology,False
NOMO3,Nomo1,Nomo1,ambiguous_orthology,False
NOMO1,Nomo1,Nomo1,ambiguous_orthology,False
NOP9,Nop9,Nop9,one_to_one,True
NORAD,Norad,2900097C17Rik,one_to_one,True
NOS3,Nos3,,one_to_one,False
NOTCH4,Notch4,,one_to_one,False
NOX3,Nox3,,one_to_one,False
NOX4,Nox4,,one_to_one,False
NPAS3,Npas3,,one_to_one,False
NPAT,Npat,Npat,one_to_one,True
NPS,Nps,,one_to_one,False
NPSR1,Npsr1,,one_to_one,False
NPY5R,Npy5r,,one_to_one,False
NPY6RP,Npy6r,,one_to_one,False
NQO1,Nqo1,,one_to_one,False
NQO2,Nqo2,Nqo2,one_to_one,True
NR1H2,Nr1h2,Nr1h2,one_to_one,True
NR1I3,Nr1i3,,one_to_one,False
NREP,Nrep,,one_to_one,False
NRG4,Nrg4,Nrg4,one_to_one,True
NRGN,Nrgn,Nrgn,one_to_one,True
NRIP3,Nrip3,,one_to_one,False
NRK,Nrk,,one_to_one,False
NRON,Nron,,one_to_one,False
NRSN2,Nrsn2,,one_to_one,False
NSA2,Nsa2,Nsa2,one_to_one,True
NSG1,Nsg1,,one_to_one,False
NSUN7,Nsun7,,one_to_one,False
NT5C,Nt5c,Nt5c,one_to_one,True
NT5C3B,Nt5c3b,Nt5c3b,one_to_one,True
NT5ELP,Nt5el,,one_to_one,False
NTF4,Ntf5,,one_to_one,False
NTSR2,Ntsr2,,one_to_one,False
NUDT9,Nudt9,Nudt9,one_to_one,True
NUFIP2,Nufip2,Nufip2,one_to_one,True
NUP210L,Nup210l,,one_to_one,False
NUPR2,Nupr2,,one_to_one,False
NUTM1,Nutm1,,one_to_one,False
NUTM2F,Nutm2,,ambiguous_orthology,False
NUTM2E,Nutm2,,ambiguous_orthology,False
NUTM2G,Nutm2,,ambiguous_orthology,False
NUTM2D,Nutm2,,ambiguous_orthology,False
NUTM2A,Nutm2,,ambiguous_orthology,False
NUTM2B,Nutm2,,ambiguous_orthology,False
NWD2,Nwd2,,one_to_one,False
NXPE2,Nxpe2,,one_to_one,False
NXPE4,Nxpe4,,one_to_one,False
NXPH3,Nxph3,,one_to_one,False
NXPH4,Nxph4,,one_to_one,False
NYAP1,Nyap1,Nyap1,one_to_one,True
NYNRIN,Nynrin,,one_to_one,False
OAS1,Oas1e,,one_to_one,False
OAS1,Oas1h,,one_to_one,False
OAS1,Oas1b,,one_to_one,False
OAS1,Oas1a,Oas1a,one_to_one,True
OAS1,Oas1f,,one_to_one,True
OAS1,Oas1c,Oas1c,one_to_one,True
OAS1,Oas1d,,one_to_one,True
OAS1,Oas1g,,one_to_one,True
OAS2,Oas2,Oas2,one_to_one,True
OAS3,Oas3,Oas3,one_to_one,True
OASL,Oasl1,Oasl1,one_to_one,True
OASL2P,Oasl2,Oasl2,one_to_one,True
OAZ3,Oaz3,,one_to_one,False
OBP2A,Obp2b,,ambiguous_orthology,False
OBP2B,Obp2b,,ambiguous_orthology,False
OBP2A,Obp2a,,ambiguous_orthology,False
OBP2B,Obp2a,,ambiguous_orthology,False
OBP2A,Lcn4,Lcn4,ambiguous_orthology,False
OBP2B,Lcn4,Lcn4,ambiguous_orthology,False
ODAM,Odam,,one_to_one,False
ODAPH,Odaph,,one_to_one,False
ODF1,Odf1,,one_to_one,False
ODF2L,Odf2l,Odf2l,one_to_one,True
ODF4,Odf4,,one_to_one,False
OGFOD1,Ogfod1,Ogfod1,one_to_one,True
OIP5,Oip5,Oip5,one_to_one,True
OLR1,Olr1,,one_to_one,False
OOEP,Ooep,,one_to_one,False
OOSP1,Oosp1,,one_to_one,False
OOSP2,Oosp2,,one_to_one,False
OPALIN,Opalin,,one_to_one,False
OR10A2,Or10a2,,ambiguous_orthology,False
OR10A5,Or10a2,,ambiguous_orthology,False
OR10A3,Or10a3,,ambiguous_orthology,False
OR10A6,Or10a3,,ambiguous_orthology,False
OR10A3,Or10a3b,,ambiguous_orthology,False
OR10A6,Or10a3b,,ambiguous_orthology,False
OR10A4,Or10a4,,one_to_one,False
OR10A5,Or10a5,,one_to_one,False
OR10A6,Or10a48,,one_to_one,False
OR10A6,Or10a49,,one_to_one,False
OR10A6,Or10a3n,,one_to_one,False
OR10A6,Or10a3m,,one_to_one,False
OR10AC1,Or10ac1,,one_to_one,False
OR10AD1,Or10ad1b,,one_to_one,False
OR10AD1,Or10ad1c,,one_to_one,False
OR10AD1,Or10ad1,,one_to_one,False
OR10AG1,Or10ag56,,one_to_one,False
OR10AG1,Or10ag54,,one_to_one,False
OR10AG1,Or10ag57,,one_to_one,False
OR10AG1,Or10ag2,,one_to_one,False
OR10C1,Or10c1,,one_to_one,False
OR10D3,Or10d3,,one_to_one,False
OR10G2,Or10g1b,,one_to_one,False
OR10G2,Or10g1,,one_to_one,False
OR10G3,Or10g3b,,one_to_one,False
OR10G3,Or10g3,,one_to_one,False
OR10G4,Or10g9,,ambiguous_orthology,False
OR10G8,Or10g9,,ambiguous_orthology,False
OR10G9,Or10g9,,ambiguous_orthology,False
OR10G4,Or10g7,,ambiguous_orthology,False
OR10G8,Or10g7,,ambiguous_orthology,False
OR10G9,Or10g7,,ambiguous_orthology,False
OR10G7,Or10g7,,ambiguous_orthology,False
OR10G4,Or10g9b,,ambiguous_orthology,False
OR10G8,Or10g9b,,ambiguous_orthology,False
OR10G9,Or10g9b,,ambiguous_orthology,False
OR10G6,Or10g6,,one_to_one,False
OR10H2,Or10h1,,ambiguous_orthology,False
OR10H5,Or10h1,,ambiguous_orthology,False
OR10H1,Or10h1,,ambiguous_orthology,False
OR10H2,Or10h5,,ambiguous_orthology,False
OR10H5,Or10h5,,ambiguous_orthology,False
OR10H1,Or10h5,,ambiguous_orthology,False
OR10H2,Or10h1b,,ambiguous_orthology,False
OR10H5,Or10h1b,,ambiguous_orthology,False
OR10H1,Or10h1b,,ambiguous_orthology,False
OR10H4,Or10h28,,ambiguous_orthology,False
OR10H3,Or10h28,,ambiguous_orthology,False
OR10J5,Or10j5,,one_to_one,False
OR10P1,Or10p1,,one_to_one,False
OR10Q1,Or10q1b,,one_to_one,False
OR10Q1,Or10q1,,one_to_one,False
OR10Q1,Or10q12,,one_to_one,False
OR10S1,Or10s1,,one_to_one,False
OR10V1,Or10v1,,one_to_one,False
OR10W1,Or10w3,,one_to_one,False
OR10W1,Or10w1,,one_to_one,False
OR10X1,Or10x4,,one_to_one,False
OR10X1,Or10x1,,one_to_one,False
OR10Z1,Or10z1,,one_to_one,False
OR11G2,Or11g27,,one_to_one,False
OR11G2,Or11g2,,one_to_one,False
OR11G2,Or11g7,,one_to_one,False
OR11H4,Or11h4,,one_to_one,False
OR11H7,Or11h23,,one_to_one,False
OR11H7,Or11h7,,one_to_one,False
OR11L1,Or11l3,,one_to_one,False
OR13A1,Or13a1,,one_to_one,False
OR13C3,Or13c3,,one_to_one,False
OR13C7,Or13c7d,,one_to_one,False
OR13C8,Or13c25,,one_to_one,False
OR13J1,Or13j1,,one_to_one,False
OR14A16,Or14p1,,ambiguous_orthology,False
OR14L1,Or14p1,,ambiguous_orthology,False
OR14A2,Or14a256,,one_to_one,False
OR14A2,Or14a257,,one_to_one,False
OR14A2,Or14a260,,one_to_one,False
OR14A2,Or14a259,,one_to_one,False
OR14A2,Or14a258,,one_to_one,False
OR14C36,Or14c43,,one_to_one,False
OR14C36,Or14c46,,one_to_one,False
OR14C36,Or14c40,,one_to_one,False
OR14C36,Or14c45,,one_to_one,False
OR14C36,Or14c39,,one_to_one,False
OR14C36,Or14c41,,one_to_one,False
OR1D4,Or1d2,,ambiguous_orthology,False
OR1D5,Or1d2,,ambiguous_orthology,False
OR1D2,Or1d2,,ambiguous_orthology,False
OR2AG1,Or2ag12,,ambiguous_orthology,False
OR2AG2,Or2ag12,,ambiguous_orthology,False
OR2AG1,Or2ag17,,ambiguous_orthology,False
OR2AG2,Or2ag17,,ambiguous_orthology,False
OR2AG1,Or2ag16,,ambiguous_orthology,False
OR2AG2,Or2ag16,,ambiguous_orthology,False
OR2AG1,Or2ag19,,ambiguous_orthology,False
OR2AG2,Or2ag19,,ambiguous_orthology,False
OR2AG1,Or2ag18,,one_to_one,False
OR2AG1,Or2ag1,,one_to_one,False
OR2AG2,Or2ag2b,,one_to_one,False
OR2AG2,Or2ag2,,one_to_one,False
OR2AJ1,Or2aj6,,one_to_one,False
OR2AJ1,Or2aj4,,one_to_one,False
OR2AJ1,Or2aj5,,one_to_one,False
OR2AK2,Or2ak5,,one_to_one,False
OR2AK2,Or2ak4,,one_to_one,False
OR2AK2,Or2ak6,,one_to_one,False
OR2AK2,Or2ak7,,one_to_one,False
OR2AP1,Or6c8,,one_to_one,False
OR2AP1,Or6c8b,,one_to_one,False
OR2B11,Or2b11,,one_to_one,False
OR2B6,Or2b6,,one_to_one,False
OR2C1,Or2c1,,one_to_one,False
OR2D2,Or2d2b,,one_to_one,False
OR2D2,Or2d2,,one_to_one,False
OR2D3,Or2d3b,,one_to_one,False
OR2D3,Or2d3,,one_to_one,False
OR2D3,Or2d3c,,one_to_one,False
OR2F1,Or2f1b,,one_to_one,False
OR2F2,Or2f2,,one_to_one,False
OR2H1,Or2h1b,,one_to_one,False
OR2H1,Or2h1,,one_to_one,False
OR2H2,Or2h2c,,one_to_one,False
OR2H2,Or2h2,,one_to_one,False
OR2I1,Or2i1,,one_to_one,False
OR2J1,Or2j3,,ambiguous_orthology,False
OR2J3,Or2j3,,ambiguous_orthology,False
OR2J2,Or2j3,,ambiguous_orthology,False
OR2K2,Or2k2,,one_to_one,False
OR2L13,Or2l13b,,one_to_one,False
OR2L13,Or2l13,,one_to_one,False
OR2L3,Or2l5,,ambiguous_orthology,False
OR2L2,Or2l5,,ambiguous_orthology,False
OR2L8,Or2l5,,ambiguous_orthology,False
OR2L5,Or2l5,,ambiguous_orthology,False
OR2M5,Or2m12,,ambiguous_orthology,False
OR2M7,Or2m12,,ambiguous_orthology,False
OR2M2,Or2m12,,ambiguous_orthology,False
OR2M3,Or2m12,,ambiguous_orthology,False
OR2M5,Or2m13,,ambiguous_orthology,False
OR2M7,Or2m13,,ambiguous_orthology,False
OR2M2,Or2m13,,ambiguous_orthology,False
OR2M3,Or2m13,,ambiguous_orthology,False
OR2T1,Or2t1,,one_to_one,False
OR2T33,Or2t44,,ambiguous_orthology,False
OR2T8,Or2t44,,ambiguous_orthology,False
OR2T12,Or2t44,,ambiguous_orthology,False
OR2T2,Or2t35,,ambiguous_orthology,False
OR2T35,Or2t35,,ambiguous_orthology,False
OR2T29,Or2t49,,ambiguous_orthology,False
OR2T5,Or2t49,,ambiguous_orthology,False
OR2T4,Or2t49,,ambiguous_orthology,False
OR2T29,Or2t46,,ambiguous_orthology,False
OR2T5,Or2t46,,ambiguous_orthology,False
OR2T4,Or2t46,,ambiguous_orthology,False
OR2T29,Or2t47,,ambiguous_orthology,False
OR2T5,Or2t47,,ambiguous_orthology,False
OR2T4,Or2t47,,ambiguous_orthology,False
OR2T29,Or2t43,,ambiguous_orthology,False
OR2T5,Or2t43,,ambiguous_orthology,False
OR2T4,Or2t43,,ambiguous_orthology,False
OR2T29,Or2t29,,ambiguous_orthology,False
OR2T5,Or2t29,,ambiguous_orthology,False
OR2T4,Or2t29,,ambiguous_orthology,False
OR2T29,Or2t48,,ambiguous_orthology,False
OR2T5,Or2t48,,ambiguous_orthology,False
OR2T4,Or2t48,,ambiguous_orthology,False
OR2T6,Or2t6,,one_to_one,False
OR2V1,Or2v1,,one_to_one,False
OR2V2,Or2v2,,one_to_one,False
OR2W1,Or2w1b,Olfr1369-ps1,one_to_one,True
OR2W1,Or2w1,,one_to_one,True
OR2W3,Or2w3,,one_to_one,False
OR2W3,Or2w3b,,one_to_one,False
OR2Y1,Or2y1g,,one_to_one,False
OR2Y1,Or2y16,,one_to_one,False
OR2Y1,Or2y1f,,one_to_one,False
OR2Y1,Or2y15,,one_to_one,False
OR2Y1,Or2y12,,one_to_one,False
OR2Y1,Or2y1,,one_to_one,False
OR2Y1,Or2y1e,,one_to_one,False
OR2Y1,Or2y14,,one_to_one,False
OR2Y1,Or2y1b,,one_to_one,False
OR2Y1,Or2y8,,one_to_one,False
OR2Y1,Or2y13,,one_to_one,False
OR2Y1,Or2y1d,,one_to_one,False
OR2Y1,Or2y10,,one_to_one,False
OR2Y1,Or2y6,,one_to_one,False
OR2Y1,Or2y11,,one_to_one,False
OR2Y1,Or2y17,,one_to_one,False
OR2Z1,Or2z9,,one_to_one,False
OR2Z1,Or2z8,,one_to_one,False
OR3A1,Or3a1c,,one_to_one,False
OR3A1,Or3a1,,one_to_one,False
OR3A1,Or3a1b,,one_to_one,False
OR3A4P,Or3a4,,one_to_one,False
OR4A16,Or4a79,,one_to_one,False
OR4A16,Or4a76,,one_to_one,False
OR4A8,Or4a74,,ambiguous_orthology,False
OR4A16,Or4a74,,ambiguous_orthology,False
OR4A16,Or4a75,,one_to_one,False
OR4A8,Or4a81,,ambiguous_orthology,False
OR4A16,Or4a81,,ambiguous_orthology,False
OR4A16,Or4a69,,one_to_one,False
OR4A5,Or4a39,,ambiguous_orthology,False
OR4A16,Or4a39,,ambiguous_orthology,False
OR4A16,Or4a68,,one_to_one,False
OR4A5,Or4a73,,one_to_one,False
OR4A8,Or4a78,,ambiguous_orthology,False
OR4A5,Or4a78,,ambiguous_orthology,False
OR4A8,Or4a80,,ambiguous_orthology,False
OR4A5,Or4a80,,ambiguous_orthology,False
OR4C11,Or4c11b,,one_to_one,False
OR4C11,Or4c11c,,one_to_one,False
OR4C11,Or4c11,,one_to_one,False
OR4C12,Or4c12b,,one_to_one,False
OR4C12,Or4c12,,one_to_one,False
OR4C15,Or4c121,,one_to_one,False
OR4C15,Or4c120,,one_to_one,False
OR4C15,Or4c122,,one_to_one,False
OR4C15,Or4c109,,one_to_one,False
OR4C15,Or4c110,,one_to_one,False
OR4C15,Or4c107,,one_to_one,False
OR4C15,Or4c116,,one_to_one,False
OR4C15,Or4c117,,one_to_one,False
OR4C15,Or4c114,,one_to_one,False
OR4C15,Or4c108,,one_to_one,False
OR4C15,Or4c111,,one_to_one,False
OR4C16,Or4c104,,one_to_one,False
OR4C45,Or4c126,,one_to_one,False
OR4C45,Or4c52,,one_to_one,False
OR4C6,Or4c123,,one_to_one,False
OR4D10,Or4d10b,,one_to_one,False
OR4D11,Or4d11,,one_to_one,False
OR4D2,Or4d2,,one_to_one,False
OR4D2,Or4d2b,,one_to_one,False
OR4D5,Or4d5,,one_to_one,False
OR4D6,Or4d6,,one_to_one,False
OR4F15,Or4f15,,one_to_one,False
OR4K2,Or4k2,,one_to_one,False
OR4Q3,Or4q3,,one_to_one,False
OR51A7,Or51a7,,one_to_one,False
OR51B2,Or51b17,,one_to_one,False
OR51B4,Or51b4,,one_to_one,False
OR51B6,Or51b6,,one_to_one,False
OR51C1,Or51f23,,one_to_one,False
OR51C1,Or51f23b,,one_to_one,False
OR51E2,Or51e2,,one_to_one,False
OR51F1,Or51f1d,,one_to_one,False
OR51F1,Or51f1,,one_to_one,False
OR51F1,Or51f1e,,one_to_one,False
OR51F2,Or51f2,,one_to_one,False
OR51G1,Or51g1,,one_to_one,False
OR51G2,Or51g2,,one_to_one,False
OR51M1,Or51m1,,one_to_one,False
OR51Q1,Or51q1,,one_to_one,False
OR51Q1,Or51q1c,,one_to_one,False
OR51S1,Or51s1,,one_to_one,False
OR51T1,Or51t4,,one_to_one,False
OR51V1,Or51v8,,one_to_one,False
OR52A5,Or52a5b,,one_to_one,False
OR52D1,Or52d1,,one_to_one,False
OR52E2,Or52e2,,one_to_one,False
OR52E4,Or52e4,,one_to_one,False
OR52E5,Or52e5,,one_to_one,False
OR52E6,Or52e8,,ambiguous_orthology,False
OR52E8,Or52e8,,ambiguous_orthology,False
OR52E6,Or52e8b,,ambiguous_orthology,False
OR52E8,Or52e8b,,ambiguous_orthology,False
OR52H1,Or52h1,,one_to_one,False
OR52J3,Or52j3,,one_to_one,False
OR52K2,Or52k2,,ambiguous_orthology,False
OR52K1,Or52k2,,ambiguous_orthology,False
OR52L1,Or52l1,,ambiguous_orthology,False
OR52L2P,Or52l1,,ambiguous_orthology,False
OR52N2,Or52n2c,,one_to_one,False
OR52N2,Or52n2,,one_to_one,False
OR52N2,Or52n2b,,one_to_one,False
OR52N4,Or52n4b,,one_to_one,False
OR52R1,Or52r1,,one_to_one,False
OR52W1,Or52w1,,one_to_one,False
OR52Z1,Or52z1,,one_to_one,False
OR56A4,Or56a4,,one_to_one,False
OR56A5,Or56a5,,one_to_one,False
OR56B1,Or56b1b,,one_to_one,False
OR56B1,Or56b1,,one_to_one,False
OR56B2,Or56b2,,one_to_one,False
OR56B4,Or56b34,,one_to_one,False
OR56B4,Or56b35,,one_to_one,False
OR5A1,Or5a1,,one_to_one,False
OR5A2,Or5a21,,one_to_one,False
OR5AK2,Or5ak24,,ambiguous_orthology,False
OR5AK3P,Or5ak24,,ambiguous_orthology,False
OR5AK2,Or5ak25,,ambiguous_orthology,False
OR5AK3P,Or5ak25,,ambiguous_orthology,False
OR5AL1,Or5al5,,one_to_one,False
OR5AL1,Or5al6,,one_to_one,False
OR5AL1,Or5al1,,one_to_one,False
OR5AN1,Or5an1,,one_to_one,False
OR5AN1,Or5an1b,,one_to_one,False
OR5AN1,Or5an9,,one_to_one,False
OR5AN1,Or5an1c,,one_to_one,False
OR5AN1,Or5an10,,one_to_one,False
OR5AN1,Or5an11,,one_to_one,False
OR5AP2,Or5ap2,,one_to_one,False
OR5AR1,Or5ar1,,one_to_one,False
OR5AS1,Or5as1,,one_to_one,False
OR5AU1,Or5au1,,one_to_one,False
OR5C1,Or5c1,,one_to_one,False
OR5D14,Or5d36,,one_to_one,False
OR5D14,Or5d14,,one_to_one,False
OR5D16,Or5d16,,one_to_one,False
OR5D18,Or5d47,,one_to_one,False
OR5D18,Or5d18,,one_to_one,False
OR5D18,Or5d35,,one_to_one,False
OR5D3,Or5d45,,one_to_one,False
OR5D3,Or5d3,,one_to_one,False
OR5D3,Or5d44,,one_to_one,False
OR5G3,Or5g23,,one_to_one,False
OR5G3,Or5g27,,one_to_one,False
OR5G3,Or5g29,,one_to_one,False
OR5I1,Or5i1,,one_to_one,False
OR5J2,Or5j3,,one_to_one,False
OR5L2,Or5l14,,ambiguous_orthology,False
OR5L1,Or5l14,,ambiguous_orthology,False
OR5L2,Or5l13,,ambiguous_orthology,False
OR5L1,Or5l13,,ambiguous_orthology,False
OR5M10,Or5m10b,,ambiguous_orthology,False
OR5M1,Or5m10b,,ambiguous_orthology,False
OR5M10,Or5m10,,ambiguous_orthology,False
OR5M1,Or5m10,,ambiguous_orthology,False
OR5M11,Or5m11b,,one_to_one,False
OR5M11,Or5m11,,one_to_one,False
OR5M3,Or5m3b,,one_to_one,False
OR5M3,Or5m3,,one_to_one,False
OR5M8,Or5m8,,one_to_one,False
OR5M9,Or5m9,,one_to_one,False
OR5M9,Or5m9b,,one_to_one,False
OR5P2,Or5p61,,one_to_one,False
OR5P2,Or5p79,,one_to_one,False
OR5P2,Or5p81,,one_to_one,False
OR5P2,Or5p63,,one_to_one,False
OR5P2,Or5p50,,one_to_one,False
OR5P2,Or5p78,,one_to_one,False
OR5P2,Or5p51,,one_to_one,False
OR5P2,Or5p58,,one_to_one,False
OR5P2,Or5p68,,one_to_one,False
OR5P2,Or5p59,,one_to_one,False
OR5P2,Or5p70,,one_to_one,False
OR5P2,Or5p62,,one_to_one,False
OR5P2,Or5p64,,one_to_one,False
OR5P2,Or5p72,,one_to_one,False
OR5P2,Or5p60,,one_to_one,False
OR5P2,Or5p67,,one_to_one,False
OR5P2,Or5p69,,one_to_one,False
OR5P2,Or5p76,,one_to_one,False
OR5P2,Or5p73,,one_to_one,False
OR5P2,Or5p66,,one_to_one,False
OR5P2,Or5p6,,one_to_one,False
OR5P3,Or5p80,,one_to_one,False
OR5P3,Or5p57,,one_to_one,False
OR5T1,Or5t9,,one_to_one,False
OR5T1,Or5t17,,one_to_one,False
OR5T2,Or5t16,,one_to_one,False
OR5T2,Or5t15,,one_to_one,False
OR5T2,Or5t18,,one_to_one,False
OR5T2,Or5t7,,one_to_one,False
OR5T3,Or5t5,,one_to_one,False
OR5V1,Or5v1,,one_to_one,False
OR5V1,Or5v1b,,one_to_one,False
OR5W2,Or5w15,,one_to_one,False
OR5W2,Or5w22,,one_to_one,False
OR5W2,Or5w11,,one_to_one,False
OR5W2,Or8w1,,one_to_one,False
OR5W2,Or5w18,,one_to_one,False
OR5W2,Or5w8,,one_to_one,False
OR5W2,Or5w19,,one_to_one,False
OR6A2,Or6a2,,one_to_one,False
OR6B1,Or6b1,,one_to_one,False
OR6B2,Or6b2b,,one_to_one,False
OR6B2,Or6b2,,one_to_one,False
OR6B2,Or6b3,,ambiguous_orthology,False
OR6B3,Or6b3,,ambiguous_orthology,False
OR6C1,Or6c1b,,one_to_one,False
OR6C1,Or6c1,,one_to_one,False
OR6C2,Or6c2b,,one_to_one,False
OR6C2,Or6c2,,one_to_one,False
OR6C3,Or6c3,,one_to_one,False
OR6C3,Or6c3b,,one_to_one,False
OR6C6,Or6c6,,one_to_one,False
OR6C6,Or6c6c,,one_to_one,False
OR6C6,Or6c6b,,one_to_one,False
OR6C65,Or6c65,,one_to_one,False
OR6C68,Or6c68,,one_to_one,False
OR6C70,Or6c70,,one_to_one,False
OR6C70,Or6c217,,one_to_one,False
OR6C74,Or6c74,,one_to_one,False
OR6C75,Or6c75,,one_to_one,False
OR6C76,Or6c76b,,one_to_one,False
OR6C76,Or6c76,,one_to_one,False
OR6F1,Or6f1,,one_to_one,False
OR6N1,Or6n1,,one_to_one,False
OR6N2,Or6n2,,one_to_one,False
OR6P1,Or6p1,,one_to_one,False
OR6Q1,Or6ae1,,one_to_one,False
OR6S1,Or6s1,,one_to_one,False
OR6X1,Or6x1,,one_to_one,False
OR6Y1,Or6y1,,one_to_one,False
OR7A10,Or7a41,,ambiguous_orthology,False
OR7A17,Or7a41,,ambiguous_orthology,False
OR7A2P,Or7a36,,one_to_one,False
OR7A2P,Or7a37,,one_to_one,False
OR7D4,Or7d11,,one_to_one,False
OR7E24,Or7e176,,one_to_one,False
OR7E24,Or7e175,,one_to_one,False
OR7G1,Or7g28,,one_to_one,False
OR7G2,Or7g35,,one_to_one,False
OR7G2,Or7g20,,one_to_one,False
OR7G2,Or7g17,,one_to_one,False
OR7G2,Or7g18,,one_to_one,False
OR7G3,Or7g19,,one_to_one,False
OR7G3,Or7g12,,one_to_one,False
OR8A1,Or8a1b,,one_to_one,False
OR8A1,Or8a1,,one_to_one,False
OR8B12,Or8b12c,,one_to_one,False
OR8B12,Or8b12b,,one_to_one,False
OR8B12,Or8b12,,one_to_one,False
OR8B3,Or8b3b,,ambiguous_orthology,False
OR8B2,Or8b3b,,ambiguous_orthology,False
OR8B3,Or8b3,,ambiguous_orthology,False
OR8B2,Or8b3,,ambiguous_orthology,False
OR8B4,Or8b4,,one_to_one,False
OR8B8,Or8b8,,one_to_one,False
OR8D1,Or8d23,,one_to_one,False
OR8D1,Or8d1b,,one_to_one,False
OR8D1,Or8d1,,one_to_one,False
OR8D2,Or8d2,,one_to_one,False
OR8D2,Or8d2b,,one_to_one,False
OR8D4,Or8d4,,one_to_one,False
OR8H1,Or8h6,,ambiguous_orthology,False
OR8H2,Or8h6,,ambiguous_orthology,False
OR8H3,Or8h6,,ambiguous_orthology,False
OR8H1,Or8h10,,ambiguous_orthology,False
OR8H2,Or8h10,,ambiguous_orthology,False
OR8H3,Or8h10,,ambiguous_orthology,False
OR8H1,Or8h9,,ambiguous_orthology,False
OR8H2,Or8h9,,ambiguous_orthology,False
OR8H3,Or8h9,,ambiguous_orthology,False
OR8H1,Or8h7,,ambiguous_orthology,False
OR8H2,Or8h7,,ambiguous_orthology,False
OR8H3,Or8h7,,ambiguous_orthology,False
OR8H3,Or8h8,,one_to_one,False
OR8I2,Or8i2,,one_to_one,False
OR8J1,Or8j3,,ambiguous_orthology,False
OR8J3,Or8j3,,ambiguous_orthology,False
OR8J2,Or8j3b,,ambiguous_orthology,False
OR8J3,Or8j3b,,ambiguous_orthology,False
OR8J2,Or8j3c,,ambiguous_orthology,False
OR8J3,Or8j3c,,ambiguous_orthology,False
OR8K1,Or8k1,,one_to_one,False
OR8K3,Or8k25,,one_to_one,False
OR8K3,Or8k3b,,one_to_one,False
OR8K3,Or8k32,,one_to_one,False
OR8K3,Or8k22,,one_to_one,False
OR8K3,Or8k24,,one_to_one,False
OR8K3,Or8k40,,one_to_one,False
OR8K3,Or8k33,,one_to_one,False
OR8K3,Or8k27,,one_to_one,False
OR8K3,Or8k28,,one_to_one,False
OR8K3,Or8k38,,one_to_one,False
OR8K3,Or8k41,,one_to_one,False
OR8K3,Or8k35,,one_to_one,False
OR8K3,Or8k3,,one_to_one,False
OR8K3,Or8k30,,one_to_one,False
OR8K3,Or8k37,,one_to_one,False
OR8K3,Or8k39,,one_to_one,False
OR8K5,Or8k20,,one_to_one,False
OR8K5,Or8k21,,one_to_one,False
OR8K5,Or8k16,,one_to_one,False
OR8K5,Or8k18,,one_to_one,False
OR8K5,Or8k17,,one_to_one,False
OR8S1,Or8s5,,one_to_one,False
OR8U9,Or8u9,,ambiguous_orthology,False
OR8U1,Or8u9,,ambiguous_orthology,False
OR8U3,Or8u3,,one_to_one,False
OR8U8,Or8u8,,one_to_one,False
OR9A1P,Or9a7,,one_to_one,False
OR9A2,Or9a2,,one_to_one,False
OR9A4,Or9a4,,one_to_one,False
OR9G9,Or9g20,,ambiguous_orthology,False
OR9G1,Or9g20,,ambiguous_orthology,False
OR9G9,Or9g3,,ambiguous_orthology,False
OR9G1,Or9g3,,ambiguous_orthology,False
OR9G1,Or9g19,,one_to_one,False
OR9G9,Or9g8,,ambiguous_orthology,False
OR9G1,Or9g8,,ambiguous_orthology,False
OR9G4,Or9g4,,one_to_one,False
OR9G4,Or9g4b,,one_to_one,False
OR9I1,Or9i1b,,one_to_one,False
OR9I1,Or9i14,,one_to_one,False
OR9I1,Or9i1,,one_to_one,False
OR9K2,Or9k2,,one_to_one,False
OR9K2,Or9k2b,,one_to_one,False
OR9Q1,Or9q1,,one_to_one,False
OR9Q2,Or9q2,,one_to_one,False
ORAI3,Orai3,Orai3,one_to_one,True
ORM2,Orm1,,ambiguous_orthology,False
ORM1,Orm1,,ambiguous_orthology,False
ORM2,Orm2,,ambiguous_orthology,False
ORM1,Orm2,,ambiguous_orthology,False
ORM2,Orm3,,ambiguous_orthology,False
ORM1,Orm3,,ambiguous_orthology,False
OSCAR,Oscar,,one_to_one,False
OTOP3,Otop3,,one_to_one,False
OTOR,Otor,,one_to_one,False
OTUB2,Otub2,,one_to_one,False
OTUD1,Otud1,Otud1,one_to_one,True
OTX2-AS1,Otx2os1,,one_to_one,False
OVCH2,Ovch2,,one_to_one,False
OVOL2,Ovol2,,one_to_one,False
OXCT1-AS1,Oxct1as,,one_to_one,False
OXSM,Oxsm,Oxsm,one_to_one,True
P2RY14,P2ry14,P2ry14,one_to_one,True
P2RY6,P2ry6,,one_to_one,False
P3H2,P3h2,,one_to_one,False
P3R3URF,P3r3urf,,one_to_one,False
PABPC4L,Pabpc4l,,one_to_one,False
PABPC5,Pabpc5,,one_to_one,False
PACRGL,Pacrgl,,one_to_one,False
PACSIN2,Pacsin2,Pacsin2,one_to_one,True
PAFAH2,Pafah2,,one_to_one,False
PAIP2,Paip2,Paip2,one_to_one,True
PAK3,Pak3,,one_to_one,False
PAN3,Pan3,Pan3,one_to_one,True
PANK3,Pank3,Pank3,one_to_one,True
PANTR1,Pantr1,,one_to_one,False
PARAIL,Parail,,one_to_one,False
PARAL1,Paral1,,one_to_one,False
PARP11,Parp11,Parp11,one_to_one,True
PATE1,Pate1,,one_to_one,False
PATE2,Pate2,,one_to_one,False
PATE3,Pate3,,one_to_one,False
PATE4,Pate4,,one_to_one,False
PAUPAR,Paupar,,one_to_one,False
PAXBP1,Paxbp1,Paxbp1,one_to_one,True
PCBD2,Pcbd2,Pcbd2,one_to_one,True
PCDH9,Pcdh9,,one_to_one,False
PCDHAC1,Pcdhac1,,one_to_one,False
PCDHB1,Pcdhb1,,one_to_one,False
PCDHB10,Pcdhb18,,ambiguous_orthology,False
PCDHB9,Pcdhb18,,ambiguous_orthology,False
PCDHB11,Pcdhb19,,ambiguous_orthology,False
PCDHB12,Pcdhb19,,ambiguous_orthology,False
PCDHB13,Pcdhb16,,ambiguous_orthology,False
PCDHB8,Pcdhb16,,ambiguous_orthology,False
PCDHB14,Pcdhb20,,one_to_one,False
PCDHB15,Pcdhb22,,one_to_one,False
PCDHB16,Pcdhb17,,one_to_one,False
PCDHB18P,Pcdhb21,,one_to_one,False
PCDHB2,Pcdhb2,,one_to_one,False
PCDHB3,Pcdhb3,,one_to_one,False
PCDHB4,Pcdhb9,,one_to_one,False
PCDHB4,Pcdhb5,,one_to_one,False
PCDHB4,Pcdhb7,,one_to_one,False
PCDHB5,Pcdhb6,,one_to_one,False
PCDHB5,Pcdhb11,,one_to_one,False
PCDHB5,Pcdhb10,,one_to_one,False
PCDHB5,Pcdhb12,,one_to_one,False
PCDHB5,Pcdhb8,,one_to_one,False
PCDHB5,Pcdhb4,,one_to_one,False
PCDHB6,Pcdhb13,,one_to_one,False
PCDHB7,Pcdhb15,,one_to_one,False
PCDHGB8P,Pcdhgb8,,one_to_one,False
PCGF2,Pcgf2,Pcgf2,one_to_one,True
PCGF3,Pcgf3,Pcgf3,one_to_one,True
PCP2,Pcp2,,one_to_one,False
PCSK1N,Pcsk1n,,one_to_one,False
PCSK4,Pcsk4,Pcsk4,one_to_one,True
PCYOX1L,Pcyox1l,Pcyox1l,one_to_one,True
PDCD1,Pdcd1,Pdcd1,one_to_one,True
PDCL2,Pdcl2,,one_to_one,False
PDE1B,Pde1b,Pde1b,one_to_one,True
PDE2A,Pde2a,Pde2a,one_to_one,True
PDE3B,Pde3b,Pde3b,one_to_one,True
PDE7B,Pde7b,,one_to_one,False
PDHA2,Pdha2,,one_to_one,False
PDK1,Pdk1,Pdk1,one_to_one,True
PDPN,Pdpn,,one_to_one,False
PDZD9,Pdzd9,,one_to_one,False
PEA15,Pea15a,Pea15a,one_to_one,True
PEBP4,Pebp4,,one_to_one,False
PEG10,Peg10,,one_to_one,False
PEG13,Peg13,Peg13,one_to_one,True
PEG3,Peg3,,one_to_one,False
PEPB,Pepb,,one_to_one,False
PERCC1,Percc1,,one_to_one,False
PET117,Pet117,,one_to_one,False
PEX39,Pex39,2310039H08Rik,one_to_one,True
PFN3,Pfn3,,one_to_one,False
PFN4,Pfn4,,one_to_one,False
PGA3,Pepf,,ambiguous_orthology,False
PGA4,Pepf,,ambiguous_orthology,False
PGA5,Pepf,,ambiguous_orthology,False
PGBD1,Pgbd1,,ambiguous_orthology,False
PGBD2,Pgbd1,,ambiguous_orthology,False
PGC,Pgc,,one_to_one,False
PGCKA1,Pgcka1,,one_to_one,False
PGS1,Pgs1,Pgs1,one_to_one,True
PHAF1,Phaf1,D230025D16Rik,one_to_one,True
PHF11,Phf11,,one_to_one,True
PHF7,Phf7,Phf7,one_to_one,True
PHGR1,Phgr1,,one_to_one,False
PHYHIP,Phyhip,,one_to_one,False
PI16,Pi16,,one_to_one,False
PIAS3,Pias3,Pias3,one_to_one,True
PIEZO2,Piezo2,,one_to_one,False
PIGBOS1,Pigbos1,2310009A05Rik,one_to_one,True
PIGY,Pigyl,Pigyl,one_to_one,True
PIGZ,Pigz,,one_to_one,False
PILRA,Pilra,,ambiguous_orthology,False
PILRB,Pilra,,ambiguous_orthology,False
PILRA,Pilrb1,,ambiguous_orthology,False
PILRB,Pilrb1,,ambiguous_orthology,False
PILRB,Pilrb2,,one_to_one,False
PIMREG,Pimreg,,one_to_one,False
PINLYP,Pinlyp,,one_to_one,False
PIP,Sval2,,one_to_one,False
PIP,Pip,,one_to_one,False
PIP4K2B,Pip4k2b,Pip4k2b,one_to_one,True
PIRT,Pirt,,one_to_one,False
PITPNM1,Pitpnm1,Pitpnm1,one_to_one,True
PITPNM2,Pitpnm2,Pitpnm2,one_to_one,True
PIWIL4,Piwil4,,one_to_one,False
PKD1L1,Pkd1l1,,one_to_one,False
PKD2L2,Pkd2l2,,one_to_one,False
PKDREJ,Pkdrej,,one_to_one,False
PKHD1,Pkhd1,,one_to_one,False
PKIB,Pkib,,one_to_one,False
PLA2G12B,Pla2g12b,,one_to_one,False
PLA2G2A,Pla2g2a,,one_to_one,False
PLA2G2C,Pla2g2c,,one_to_one,False
PLA2G2D,Pla2g2d,,one_to_one,False
PLA2G2E,Pla2g2e,,one_to_one,False
PLA2G2F,Pla2g2f,,one_to_one,False
PLA2G5,Pla2g5,,one_to_one,False
PLAC1,Plac1,,one_to_one,False
PLAC9,Plac9,,one_to_one,False
PLAGL1,Plagl1,,one_to_one,False
PLCL2,Plcl2,Plcl2,one_to_one,True
PLCZ1,Plcz1,,one_to_one,False
PLD4,Pld4,,one_to_one,False
PLEKHG1,Plekhg1,,one_to_one,False
PLEKHG3,Plekhg3,Plekhg3,one_to_one,True
PLEKHG5,Plekhg5,Plekhg5,one_to_one,True
PLEKHH3,Plekhh3,,one_to_one,False
PLET1,Plet1,,one_to_one,False
PLIN4,Plin4,,one_to_one,False
PLK5,Plk5,,one_to_one,False
PLSCR5,Plscr5,,one_to_one,False
PLUT,Plut,,one_to_one,False
PM20D2,Pm20d2,,one_to_one,False
PMFBP1,Pmfbp1,,one_to_one,False
PMIS2,Pmis2,,one_to_one,False
PML,Pml,Pml,one_to_one,True
PMM1,Pmm1,Pmm1,one_to_one,True
PMP2,Pmp2,,one_to_one,False
PNLDC1,Pnldc1,,one_to_one,False
PNLIP,Pnlip,,one_to_one,False
PNLIPRP1,Pnliprp1,,one_to_one,False
PNLIPRP2,Pnliprp2,,one_to_one,False
PNMA1,Pnma1,,one_to_one,False
PNMA2,Pnma2,,one_to_one,False
PNMA3,Pnma3,,one_to_one,False
PNMA5,Pnma5,,one_to_one,False
PNMA6E,Pnma6e,,ambiguous_orthology,False
PNMA6F,Pnma6e,,ambiguous_orthology,False
PNMA8A,Pnma8a,,one_to_one,False
PNMA8B,Pnma8b,,one_to_one,False
PNMA8C,Pnma8c,Gm42372,one_to_one,True
PNMT,Pnmt,,one_to_one,False
PNPT1,Pnpt1,Pnpt1,one_to_one,True
PODNL1,Podnl1,Podnl1,one_to_one,True
POFUT1,Pofut1,Pofut1,one_to_one,True
POGK,Pogk,Pogk,one_to_one,True
POLA2,Pola2,Pola2,one_to_one,True
POLE,Pole,Pole,one_to_one,True
POLR1HASP,Polr1has,Znrd1as,one_to_one,True
POM121L12,Pom121l12,,one_to_one,False
POM121L2,Pom121l2,,one_to_one,False
POU2AF1,Pou2af1,,one_to_one,False
POU2AF3,Pou2af3,,one_to_one,False
POU2F2-AS2,D930028M14Rik,,one_to_one,False
POU3F4,Pou3f4,,one_to_one,False
PP2D1,Pp2d1,,one_to_one,False
PPFIBP1,Ppfibp1,Ppfibp1,one_to_one,True
PPM1M,Ppm1m,Ppm1m,one_to_one,True
PPP1R12B,Ppp1r12b,Ppp1r12b,one_to_one,True
PPP1R1A,Ppp1r1a,,one_to_one,False
PPP1R36,Ppp1r36,,one_to_one,False
PPP1R3E,Ppp1r3e,Ppp1r3e,one_to_one,True
PPP1R3F,Ppp1r3f,Ppp1r3f,one_to_one,True
PPP3CB,Ppp3cb,Ppp3cb,one_to_one,True
PPP6R1,Ppp6r1,Ppp6r1,one_to_one,True
PPY,Ppy,,one_to_one,False
PRADC1,Pradc1,Pradc1,one_to_one,True
PRAM1,Pram1,,one_to_one,False
PRAMEF10,Pramel13,,ambiguous_orthology,False
PRAMEF15,Pramel13,,ambiguous_orthology,False
PRAMEF2,Pramel13,,ambiguous_orthology,False
PRAME,Pramel13,,ambiguous_orthology,False
PRAMEF20,Pramel13,,ambiguous_orthology,False
PRAMEF8,Pramel13,,ambiguous_orthology,False
PRAMEF26,Pramel13,,ambiguous_orthology,False
PRAMEF17,Pramel13,,ambiguous_orthology,False
PRAMEF33,Pramel13,,ambiguous_orthology,False
PRAMEF1,Pramel13,,ambiguous_orthology,False
PRAMEF4,Pramel13,,ambiguous_orthology,False
PRAMEF27,Pramel13,,ambiguous_orthology,False
PRAMEF5,Pramel13,,ambiguous_orthology,False
PRAMEF6,Pramel13,,ambiguous_orthology,False
PRAMEF18,Pramel13,,ambiguous_orthology,False
PRAMEF25,Pramel13,,ambiguous_orthology,False
PRAMEF7,Pramel13,,ambiguous_orthology,False
PRAMEF22,Pramel13,,ambiguous_orthology,False
PRAMEF14,Pramel13,,ambiguous_orthology,False
PRAMEF11,Pramel13,,ambiguous_orthology,False
PRAMEF12,Pramel13,,ambiguous_orthology,False
PRAMEF19,Pramel13,,ambiguous_orthology,False
PRAMEF13,Pramel13,,ambiguous_orthology,False
PRAMEF10,Pramel16,,ambiguous_orthology,False
PRAMEF15,Pramel16,,ambiguous_orthology,False
PRAMEF2,Pramel16,,ambiguous_orthology,False
PRAMEF20,Pramel16,,ambiguous_orthology,False
PRAMEF8,Pramel16,,ambiguous_orthology,False
PRAMEF26,Pramel16,,ambiguous_orthology,False
PRAMEF17,Pramel16,,ambiguous_orthology,False
PRAMEF33,Pramel16,,ambiguous_orthology,False
PRAMEF1,Pramel16,,ambiguous_orthology,False
PRAMEF4,Pramel16,,ambiguous_orthology,False
PRAMEF27,Pramel16,,ambiguous_orthology,False
PRAMEF5,Pramel16,,ambiguous_orthology,False
PRAMEF6,Pramel16,,ambiguous_orthology,False
PRAMEF18,Pramel16,,ambiguous_orthology,False
PRAMEF25,Pramel16,,ambiguous_orthology,False
PRAMEF7,Pramel16,,ambiguous_orthology,False
PRAMEF14,Pramel16,,ambiguous_orthology,False
PRAMEF11,Pramel16,,ambiguous_orthology,False
PRAMEF12,Pramel16,,ambiguous_orthology,False
PRAMEF19,Pramel16,,ambiguous_orthology,False
PRAMEF13,Pramel16,,ambiguous_orthology,False
PRAMEF10,Pramel11,,ambiguous_orthology,False
PRAMEF15,Pramel11,,ambiguous_orthology,False
PRAMEF2,Pramel11,,ambiguous_orthology,False
PRAMEF20,Pramel11,,ambiguous_orthology,False
PRAMEF8,Pramel11,,ambiguous_orthology,False
PRAMEF26,Pramel11,,ambiguous_orthology,False
PRAMEF17,Pramel11,,ambiguous_orthology,False
PRAMEF33,Pramel11,,ambiguous_orthology,False
PRAMEF1,Pramel11,,ambiguous_orthology,False
PRAMEF4,Pramel11,,ambiguous_orthology,False
PRAMEF27,Pramel11,,ambiguous_orthology,False
PRAMEF5,Pramel11,,ambiguous_orthology,False
PRAMEF6,Pramel11,,ambiguous_orthology,False
PRAMEF18,Pramel11,,ambiguous_orthology,False
PRAMEF25,Pramel11,,ambiguous_orthology,False
PRAMEF7,Pramel11,,ambiguous_orthology,False
PRAMEF14,Pramel11,,ambiguous_orthology,False
PRAMEF11,Pramel11,,ambiguous_orthology,False
PRAMEF12,Pramel11,,ambiguous_orthology,False
PRAMEF19,Pramel11,,ambiguous_orthology,False
PRAMEF13,Pramel11,,ambiguous_orthology,False
PRAMEF10,Pramel50,,ambiguous_orthology,False
PRAMEF15,Pramel50,,ambiguous_orthology,False
PRAMEF2,Pramel50,,ambiguous_orthology,False
PRAMEF20,Pramel50,,ambiguous_orthology,False
PRAMEF8,Pramel50,,ambiguous_orthology,False
PRAMEF26,Pramel50,,ambiguous_orthology,False
PRAMEF17,Pramel50,,ambiguous_orthology,False
PRAMEF33,Pramel50,,ambiguous_orthology,False
PRAMEF1,Pramel50,,ambiguous_orthology,False
PRAMEF4,Pramel50,,ambiguous_orthology,False
PRAMEF27,Pramel50,,ambiguous_orthology,False
PRAMEF5,Pramel50,,ambiguous_orthology,False
PRAMEF6,Pramel50,,ambiguous_orthology,False
PRAMEF18,Pramel50,,ambiguous_orthology,False
PRAMEF25,Pramel50,,ambiguous_orthology,False
PRAMEF7,Pramel50,,ambiguous_orthology,False
PRAMEF14,Pramel50,,ambiguous_orthology,False
PRAMEF11,Pramel50,,ambiguous_orthology,False
PRAMEF12,Pramel50,,ambiguous_orthology,False
PRAMEF19,Pramel50,,ambiguous_orthology,False
PRAMEF13,Pramel50,,ambiguous_orthology,False
PRAMEF10,Pramel54,,ambiguous_orthology,False
PRAMEF15,Pramel54,,ambiguous_orthology,False
PRAMEF2,Pramel54,,ambiguous_orthology,False
PRAMEF20,Pramel54,,ambiguous_orthology,False
PRAMEF8,Pramel54,,ambiguous_orthology,False
PRAMEF26,Pramel54,,ambiguous_orthology,False
PRAMEF17,Pramel54,,ambiguous_orthology,False
PRAMEF33,Pramel54,,ambiguous_orthology,False
PRAMEF1,Pramel54,,ambiguous_orthology,False
PRAMEF4,Pramel54,,ambiguous_orthology,False
PRAMEF27,Pramel54,,ambiguous_orthology,False
PRAMEF5,Pramel54,,ambiguous_orthology,False
PRAMEF6,Pramel54,,ambiguous_orthology,False
PRAMEF18,Pramel54,,ambiguous_orthology,False
PRAMEF25,Pramel54,,ambiguous_orthology,False
PRAMEF7,Pramel54,,ambiguous_orthology,False
PRAMEF14,Pramel54,,ambiguous_orthology,False
PRAMEF11,Pramel54,,ambiguous_orthology,False
PRAMEF12,Pramel54,,ambiguous_orthology,False
PRAMEF19,Pramel54,,ambiguous_orthology,False
PRAMEF13,Pramel54,,ambiguous_orthology,False
PRAMEF10,Pramel61,,ambiguous_orthology,False
PRAMEF15,Pramel61,,ambiguous_orthology,False
PRAMEF2,Pramel61,,ambiguous_orthology,False
PRAMEF20,Pramel61,,ambiguous_orthology,False
PRAMEF8,Pramel61,,ambiguous_orthology,False
PRAMEF26,Pramel61,,ambiguous_orthology,False
PRAMEF17,Pramel61,,ambiguous_orthology,False
PRAMEF33,Pramel61,,ambiguous_orthology,False
PRAMEF1,Pramel61,,ambiguous_orthology,False
PRAMEF4,Pramel61,,ambiguous_orthology,False
PRAMEF27,Pramel61,,ambiguous_orthology,False
PRAMEF5,Pramel61,,ambiguous_orthology,False
PRAMEF6,Pramel61,,ambiguous_orthology,False
PRAMEF18,Pramel61,,ambiguous_orthology,False
PRAMEF25,Pramel61,,ambiguous_orthology,False
PRAMEF7,Pramel61,,ambiguous_orthology,False
PRAMEF14,Pramel61,,ambiguous_orthology,False
PRAMEF11,Pramel61,,ambiguous_orthology,False
PRAMEF12,Pramel61,,ambiguous_orthology,False
PRAMEF19,Pramel61,,ambiguous_orthology,False
PRAMEF13,Pramel61,,ambiguous_orthology,False
PRAMEF10,Pramel24,,ambiguous_orthology,False
PRAMEF15,Pramel24,,ambiguous_orthology,False
PRAMEF2,Pramel24,,ambiguous_orthology,False
PRAMEF20,Pramel24,,ambiguous_orthology,False
PRAMEF8,Pramel24,,ambiguous_orthology,False
PRAMEF26,Pramel24,,ambiguous_orthology,False
PRAMEF17,Pramel24,,ambiguous_orthology,False
PRAMEF33,Pramel24,,ambiguous_orthology,False
PRAMEF1,Pramel24,,ambiguous_orthology,False
PRAMEF4,Pramel24,,ambiguous_orthology,False
PRAMEF27,Pramel24,,ambiguous_orthology,False
PRAMEF5,Pramel24,,ambiguous_orthology,False
PRAMEF6,Pramel24,,ambiguous_orthology,False
PRAMEF18,Pramel24,,ambiguous_orthology,False
PRAMEF25,Pramel24,,ambiguous_orthology,False
PRAMEF7,Pramel24,,ambiguous_orthology,False
PRAMEF14,Pramel24,,ambiguous_orthology,False
PRAMEF11,Pramel24,,ambiguous_orthology,False
PRAMEF12,Pramel24,,ambiguous_orthology,False
PRAMEF19,Pramel24,,ambiguous_orthology,False
PRAMEF13,Pramel24,,ambiguous_orthology,False
PRAMEF10,Pramel5,,ambiguous_orthology,False
PRAMEF15,Pramel5,,ambiguous_orthology,False
PRAMEF2,Pramel5,,ambiguous_orthology,False
PRAMEF20,Pramel5,,ambiguous_orthology,False
PRAMEF8,Pramel5,,ambiguous_orthology,False
PRAMEF26,Pramel5,,ambiguous_orthology,False
PRAMEF17,Pramel5,,ambiguous_orthology,False
PRAMEF33,Pramel5,,ambiguous_orthology,False
PRAMEF1,Pramel5,,ambiguous_orthology,False
PRAMEF4,Pramel5,,ambiguous_orthology,False
PRAMEF27,Pramel5,,ambiguous_orthology,False
PRAMEF5,Pramel5,,ambiguous_orthology,False
PRAMEF6,Pramel5,,ambiguous_orthology,False
PRAMEF18,Pramel5,,ambiguous_orthology,False
PRAMEF25,Pramel5,,ambiguous_orthology,False
PRAMEF7,Pramel5,,ambiguous_orthology,False
PRAMEF14,Pramel5,,ambiguous_orthology,False
PRAMEF11,Pramel5,,ambiguous_orthology,False
PRAMEF12,Pramel5,,ambiguous_orthology,False
PRAMEF19,Pramel5,,ambiguous_orthology,False
PRAMEF13,Pramel5,,ambiguous_orthology,False
PRAMEF10,Pramel43,,ambiguous_orthology,False
PRAMEF15,Pramel43,,ambiguous_orthology,False
PRAMEF2,Pramel43,,ambiguous_orthology,False
PRAMEF20,Pramel43,,ambiguous_orthology,False
PRAMEF8,Pramel43,,ambiguous_orthology,False
PRAMEF26,Pramel43,,ambiguous_orthology,False
PRAMEF17,Pramel43,,ambiguous_orthology,False
PRAMEF33,Pramel43,,ambiguous_orthology,False
PRAMEF1,Pramel43,,ambiguous_orthology,False
PRAMEF4,Pramel43,,ambiguous_orthology,False
PRAMEF27,Pramel43,,ambiguous_orthology,False
PRAMEF5,Pramel43,,ambiguous_orthology,False
PRAMEF6,Pramel43,,ambiguous_orthology,False
PRAMEF18,Pramel43,,ambiguous_orthology,False
PRAMEF25,Pramel43,,ambiguous_orthology,False
PRAMEF7,Pramel43,,ambiguous_orthology,False
PRAMEF14,Pramel43,,ambiguous_orthology,False
PRAMEF11,Pramel43,,ambiguous_orthology,False
PRAMEF12,Pramel43,,ambiguous_orthology,False
PRAMEF19,Pramel43,,ambiguous_orthology,False
PRAMEF13,Pramel43,,ambiguous_orthology,False
PRAMEF10,Pramel28,,ambiguous_orthology,False
PRAMEF15,Pramel28,,ambiguous_orthology,False
PRAMEF2,Pramel28,,ambiguous_orthology,False
PRAMEF20,Pramel28,,ambiguous_orthology,False
PRAMEF8,Pramel28,,ambiguous_orthology,False
PRAMEF26,Pramel28,,ambiguous_orthology,False
PRAMEF17,Pramel28,,ambiguous_orthology,False
PRAMEF33,Pramel28,,ambiguous_orthology,False
PRAMEF1,Pramel28,,ambiguous_orthology,False
PRAMEF4,Pramel28,,ambiguous_orthology,False
PRAMEF27,Pramel28,,ambiguous_orthology,False
PRAMEF5,Pramel28,,ambiguous_orthology,False
PRAMEF6,Pramel28,,ambiguous_orthology,False
PRAMEF18,Pramel28,,ambiguous_orthology,False
PRAMEF25,Pramel28,,ambiguous_orthology,False
PRAMEF7,Pramel28,,ambiguous_orthology,False
PRAMEF14,Pramel28,,ambiguous_orthology,False
PRAMEF11,Pramel28,,ambiguous_orthology,False
PRAMEF12,Pramel28,,ambiguous_orthology,False
PRAMEF19,Pramel28,,ambiguous_orthology,False
PRAMEF13,Pramel28,,ambiguous_orthology,False
PRAMEF10,Pramel21,,ambiguous_orthology,False
PRAMEF15,Pramel21,,ambiguous_orthology,False
PRAMEF2,Pramel21,,ambiguous_orthology,False
PRAMEF20,Pramel21,,ambiguous_orthology,False
PRAMEF8,Pramel21,,ambiguous_orthology,False
PRAMEF26,Pramel21,,ambiguous_orthology,False
PRAMEF17,Pramel21,,ambiguous_orthology,False
PRAMEF33,Pramel21,,ambiguous_orthology,False
PRAMEF1,Pramel21,,ambiguous_orthology,False
PRAMEF4,Pramel21,,ambiguous_orthology,False
PRAMEF27,Pramel21,,ambiguous_orthology,False
PRAMEF5,Pramel21,,ambiguous_orthology,False
PRAMEF6,Pramel21,,ambiguous_orthology,False
PRAMEF18,Pramel21,,ambiguous_orthology,False
PRAMEF25,Pramel21,,ambiguous_orthology,False
PRAMEF7,Pramel21,,ambiguous_orthology,False
PRAMEF14,Pramel21,,ambiguous_orthology,False
PRAMEF11,Pramel21,,ambiguous_orthology,False
PRAMEF12,Pramel21,,ambiguous_orthology,False
PRAMEF19,Pramel21,,ambiguous_orthology,False
PRAMEF13,Pramel21,,ambiguous_orthology,False
PRAMEF10,Pramel46,,ambiguous_orthology,False
PRAMEF15,Pramel46,,ambiguous_orthology,False
PRAMEF2,Pramel46,,ambiguous_orthology,False
PRAMEF20,Pramel46,,ambiguous_orthology,False
PRAMEF8,Pramel46,,ambiguous_orthology,False
PRAMEF26,Pramel46,,ambiguous_orthology,False
PRAMEF17,Pramel46,,ambiguous_orthology,False
PRAMEF33,Pramel46,,ambiguous_orthology,False
PRAMEF1,Pramel46,,ambiguous_orthology,False
PRAMEF4,Pramel46,,ambiguous_orthology,False
PRAMEF27,Pramel46,,ambiguous_orthology,False
PRAMEF5,Pramel46,,ambiguous_orthology,False
PRAMEF6,Pramel46,,ambiguous_orthology,False
PRAMEF18,Pramel46,,ambiguous_orthology,False
PRAMEF25,Pramel46,,ambiguous_orthology,False
PRAMEF7,Pramel46,,ambiguous_orthology,False
PRAMEF14,Pramel46,,ambiguous_orthology,False
PRAMEF11,Pramel46,,ambiguous_orthology,False
PRAMEF12,Pramel46,,ambiguous_orthology,False
PRAMEF19,Pramel46,,ambiguous_orthology,False
PRAMEF13,Pramel46,,ambiguous_orthology,False
PRAMEF10,Pramel40,,ambiguous_orthology,False
PRAMEF15,Pramel40,,ambiguous_orthology,False
PRAMEF2,Pramel40,,ambiguous_orthology,False
PRAMEF20,Pramel40,,ambiguous_orthology,False
PRAMEF8,Pramel40,,ambiguous_orthology,False
PRAMEF26,Pramel40,,ambiguous_orthology,False
PRAMEF17,Pramel40,,ambiguous_orthology,False
PRAMEF33,Pramel40,,ambiguous_orthology,False
PRAMEF1,Pramel40,,ambiguous_orthology,False
PRAMEF4,Pramel40,,ambiguous_orthology,False
PRAMEF27,Pramel40,,ambiguous_orthology,False
PRAMEF5,Pramel40,,ambiguous_orthology,False
PRAMEF6,Pramel40,,ambiguous_orthology,False
PRAMEF18,Pramel40,,ambiguous_orthology,False
PRAMEF25,Pramel40,,ambiguous_orthology,False
PRAMEF7,Pramel40,,ambiguous_orthology,False
PRAMEF14,Pramel40,,ambiguous_orthology,False
PRAMEF11,Pramel40,,ambiguous_orthology,False
PRAMEF12,Pramel40,,ambiguous_orthology,False
PRAMEF19,Pramel40,,ambiguous_orthology,False
PRAMEF13,Pramel40,,ambiguous_orthology,False
PRAMEF10,Pramel12,Pramef8,ambiguous_orthology,False
PRAMEF15,Pramel12,Pramef8,ambiguous_orthology,False
PRAMEF2,Pramel12,Pramef8,ambiguous_orthology,False
PRAMEF20,Pramel12,Pramef8,ambiguous_orthology,False
PRAMEF8,Pramel12,Pramef8,ambiguous_orthology,False
PRAMEF26,Pramel12,Pramef8,ambiguous_orthology,False
PRAMEF17,Pramel12,Pramef8,ambiguous_orthology,False
PRAMEF33,Pramel12,Pramef8,ambiguous_orthology,False
PRAMEF1,Pramel12,Pramef8,ambiguous_orthology,False
PRAMEF4,Pramel12,Pramef8,ambiguous_orthology,False
PRAMEF27,Pramel12,Pramef8,ambiguous_orthology,False
PRAMEF5,Pramel12,Pramef8,ambiguous_orthology,False
PRAMEF6,Pramel12,Pramef8,ambiguous_orthology,False
PRAMEF18,Pramel12,Pramef8,ambiguous_orthology,False
PRAMEF25,Pramel12,Pramef8,ambiguous_orthology,False
PRAMEF7,Pramel12,Pramef8,ambiguous_orthology,False
PRAMEF14,Pramel12,Pramef8,ambiguous_orthology,False
PRAMEF11,Pramel12,Pramef8,ambiguous_orthology,False
PRAMEF12,Pramel12,Pramef8,ambiguous_orthology,False
PRAMEF19,Pramel12,Pramef8,ambiguous_orthology,False
PRAMEF13,Pramel12,Pramef8,ambiguous_orthology,False
PRAMEF10,Pramel31,,ambiguous_orthology,False
PRAMEF15,Pramel31,,ambiguous_orthology,False
PRAMEF2,Pramel31,,ambiguous_orthology,False
PRAMEF20,Pramel31,,ambiguous_orthology,False
PRAMEF8,Pramel31,,ambiguous_orthology,False
PRAMEF26,Pramel31,,ambiguous_orthology,False
PRAMEF17,Pramel31,,ambiguous_orthology,False
PRAMEF33,Pramel31,,ambiguous_orthology,False
PRAMEF1,Pramel31,,ambiguous_orthology,False
PRAMEF4,Pramel31,,ambiguous_orthology,False
PRAMEF27,Pramel31,,ambiguous_orthology,False
PRAMEF5,Pramel31,,ambiguous_orthology,False
PRAMEF6,Pramel31,,ambiguous_orthology,False
PRAMEF18,Pramel31,,ambiguous_orthology,False
PRAMEF25,Pramel31,,ambiguous_orthology,False
PRAMEF7,Pramel31,,ambiguous_orthology,False
PRAMEF14,Pramel31,,ambiguous_orthology,False
PRAMEF11,Pramel31,,ambiguous_orthology,False
PRAMEF12,Pramel31,,ambiguous_orthology,False
PRAMEF19,Pramel31,,ambiguous_orthology,False
PRAMEF13,Pramel31,,ambiguous_orthology,False
PRAMEF10,Pramel30,,ambiguous_orthology,False
PRAMEF15,Pramel30,,ambiguous_orthology,False
PRAMEF2,Pramel30,,ambiguous_orthology,False
PRAMEF20,Pramel30,,ambiguous_orthology,False
PRAMEF8,Pramel30,,ambiguous_orthology,False
PRAMEF26,Pramel30,,ambiguous_orthology,False
PRAMEF17,Pramel30,,ambiguous_orthology,False
PRAMEF33,Pramel30,,ambiguous_orthology,False
PRAMEF1,Pramel30,,ambiguous_orthology,False
PRAMEF4,Pramel30,,ambiguous_orthology,False
PRAMEF27,Pramel30,,ambiguous_orthology,False
PRAMEF5,Pramel30,,ambiguous_orthology,False
PRAMEF6,Pramel30,,ambiguous_orthology,False
PRAMEF18,Pramel30,,ambiguous_orthology,False
PRAMEF25,Pramel30,,ambiguous_orthology,False
PRAMEF7,Pramel30,,ambiguous_orthology,False
PRAMEF14,Pramel30,,ambiguous_orthology,False
PRAMEF11,Pramel30,,ambiguous_orthology,False
PRAMEF12,Pramel30,,ambiguous_orthology,False
PRAMEF19,Pramel30,,ambiguous_orthology,False
PRAMEF13,Pramel30,,ambiguous_orthology,False
PRAMEF10,Pramel32,,ambiguous_orthology,False
PRAMEF15,Pramel32,,ambiguous_orthology,False
PRAMEF2,Pramel32,,ambiguous_orthology,False
PRAMEF20,Pramel32,,ambiguous_orthology,False
PRAMEF8,Pramel32,,ambiguous_orthology,False
PRAMEF26,Pramel32,,ambiguous_orthology,False
PRAMEF17,Pramel32,,ambiguous_orthology,False
PRAMEF33,Pramel32,,ambiguous_orthology,False
PRAMEF1,Pramel32,,ambiguous_orthology,False
PRAMEF4,Pramel32,,ambiguous_orthology,False
PRAMEF27,Pramel32,,ambiguous_orthology,False
PRAMEF5,Pramel32,,ambiguous_orthology,False
PRAMEF6,Pramel32,,ambiguous_orthology,False
PRAMEF18,Pramel32,,ambiguous_orthology,False
PRAMEF25,Pramel32,,ambiguous_orthology,False
PRAMEF7,Pramel32,,ambiguous_orthology,False
PRAMEF14,Pramel32,,ambiguous_orthology,False
PRAMEF11,Pramel32,,ambiguous_orthology,False
PRAMEF12,Pramel32,,ambiguous_orthology,False
PRAMEF19,Pramel32,,ambiguous_orthology,False
PRAMEF13,Pramel32,,ambiguous_orthology,False
PRAMEF10,Pramel19,,ambiguous_orthology,False
PRAMEF15,Pramel19,,ambiguous_orthology,False
PRAMEF2,Pramel19,,ambiguous_orthology,False
PRAMEF20,Pramel19,,ambiguous_orthology,False
PRAMEF8,Pramel19,,ambiguous_orthology,False
PRAMEF26,Pramel19,,ambiguous_orthology,False
PRAMEF17,Pramel19,,ambiguous_orthology,False
PRAMEF33,Pramel19,,ambiguous_orthology,False
PRAMEF1,Pramel19,,ambiguous_orthology,False
PRAMEF4,Pramel19,,ambiguous_orthology,False
PRAMEF27,Pramel19,,ambiguous_orthology,False
PRAMEF5,Pramel19,,ambiguous_orthology,False
PRAMEF6,Pramel19,,ambiguous_orthology,False
PRAMEF18,Pramel19,,ambiguous_orthology,False
PRAMEF25,Pramel19,,ambiguous_orthology,False
PRAMEF7,Pramel19,,ambiguous_orthology,False
PRAMEF14,Pramel19,,ambiguous_orthology,False
PRAMEF11,Pramel19,,ambiguous_orthology,False
PRAMEF12,Pramel19,,ambiguous_orthology,False
PRAMEF19,Pramel19,,ambiguous_orthology,False
PRAMEF13,Pramel19,,ambiguous_orthology,False
PRAMEF10,Pramel36,,ambiguous_orthology,False
PRAMEF15,Pramel36,,ambiguous_orthology,False
PRAMEF2,Pramel36,,ambiguous_orthology,False
PRAMEF20,Pramel36,,ambiguous_orthology,False
PRAMEF8,Pramel36,,ambiguous_orthology,False
PRAMEF26,Pramel36,,ambiguous_orthology,False
PRAMEF17,Pramel36,,ambiguous_orthology,False
PRAMEF33,Pramel36,,ambiguous_orthology,False
PRAMEF1,Pramel36,,ambiguous_orthology,False
PRAMEF4,Pramel36,,ambiguous_orthology,False
PRAMEF27,Pramel36,,ambiguous_orthology,False
PRAMEF5,Pramel36,,ambiguous_orthology,False
PRAMEF6,Pramel36,,ambiguous_orthology,False
PRAMEF18,Pramel36,,ambiguous_orthology,False
PRAMEF25,Pramel36,,ambiguous_orthology,False
PRAMEF7,Pramel36,,ambiguous_orthology,False
PRAMEF14,Pramel36,,ambiguous_orthology,False
PRAMEF11,Pramel36,,ambiguous_orthology,False
PRAMEF12,Pramel36,,ambiguous_orthology,False
PRAMEF19,Pramel36,,ambiguous_orthology,False
PRAMEF13,Pramel36,,ambiguous_orthology,False
PRAMEF10,Pramel41,,ambiguous_orthology,False
PRAMEF15,Pramel41,,ambiguous_orthology,False
PRAMEF2,Pramel41,,ambiguous_orthology,False
PRAMEF20,Pramel41,,ambiguous_orthology,False
PRAMEF8,Pramel41,,ambiguous_orthology,False
PRAMEF26,Pramel41,,ambiguous_orthology,False
PRAMEF17,Pramel41,,ambiguous_orthology,False
PRAMEF33,Pramel41,,ambiguous_orthology,False
PRAMEF1,Pramel41,,ambiguous_orthology,False
PRAMEF4,Pramel41,,ambiguous_orthology,False
PRAMEF27,Pramel41,,ambiguous_orthology,False
PRAMEF5,Pramel41,,ambiguous_orthology,False
PRAMEF6,Pramel41,,ambiguous_orthology,False
PRAMEF18,Pramel41,,ambiguous_orthology,False
PRAMEF25,Pramel41,,ambiguous_orthology,False
PRAMEF7,Pramel41,,ambiguous_orthology,False
PRAMEF14,Pramel41,,ambiguous_orthology,False
PRAMEF11,Pramel41,,ambiguous_orthology,False
PRAMEF12,Pramel41,,ambiguous_orthology,False
PRAMEF19,Pramel41,,ambiguous_orthology,False
PRAMEF13,Pramel41,,ambiguous_orthology,False
PRAMEF10,Pramel53,,ambiguous_orthology,False
PRAMEF15,Pramel53,,ambiguous_orthology,False
PRAMEF2,Pramel53,,ambiguous_orthology,False
PRAMEF20,Pramel53,,ambiguous_orthology,False
PRAMEF8,Pramel53,,ambiguous_orthology,False
PRAMEF26,Pramel53,,ambiguous_orthology,False
PRAMEF17,Pramel53,,ambiguous_orthology,False
PRAMEF33,Pramel53,,ambiguous_orthology,False
PRAMEF1,Pramel53,,ambiguous_orthology,False
PRAMEF4,Pramel53,,ambiguous_orthology,False
PRAMEF27,Pramel53,,ambiguous_orthology,False
PRAMEF5,Pramel53,,ambiguous_orthology,False
PRAMEF6,Pramel53,,ambiguous_orthology,False
PRAMEF18,Pramel53,,ambiguous_orthology,False
PRAMEF25,Pramel53,,ambiguous_orthology,False
PRAMEF7,Pramel53,,ambiguous_orthology,False
PRAMEF14,Pramel53,,ambiguous_orthology,False
PRAMEF11,Pramel53,,ambiguous_orthology,False
PRAMEF12,Pramel53,,ambiguous_orthology,False
PRAMEF19,Pramel53,,ambiguous_orthology,False
PRAMEF13,Pramel53,,ambiguous_orthology,False
PRAMEF10,Gm13043,,ambiguous_orthology,False
PRAMEF15,Gm13043,,ambiguous_orthology,False
PRAMEF2,Gm13043,,ambiguous_orthology,False
PRAMEF20,Gm13043,,ambiguous_orthology,False
PRAMEF8,Gm13043,,ambiguous_orthology,False
PRAMEF26,Gm13043,,ambiguous_orthology,False
PRAMEF17,Gm13043,,ambiguous_orthology,False
PRAMEF33,Gm13043,,ambiguous_orthology,False
PRAMEF1,Gm13043,,ambiguous_orthology,False
PRAMEF4,Gm13043,,ambiguous_orthology,False
PRAMEF27,Gm13043,,ambiguous_orthology,False
PRAMEF5,Gm13043,,ambiguous_orthology,False
PRAMEF6,Gm13043,,ambiguous_orthology,False
PRAMEF18,Gm13043,,ambiguous_orthology,False
PRAMEF25,Gm13043,,ambiguous_orthology,False
PRAMEF7,Gm13043,,ambiguous_orthology,False
PRAMEF14,Gm13043,,ambiguous_orthology,False
PRAMEF11,Gm13043,,ambiguous_orthology,False
PRAMEF12,Gm13043,,ambiguous_orthology,False
PRAMEF19,Gm13043,,ambiguous_orthology,False
PRAMEF13,Gm13043,,ambiguous_orthology,False
PRAMEF10,Pramel49,,ambiguous_orthology,False
PRAMEF15,Pramel49,,ambiguous_orthology,False
PRAMEF2,Pramel49,,ambiguous_orthology,False
PRAMEF20,Pramel49,,ambiguous_orthology,False
PRAMEF8,Pramel49,,ambiguous_orthology,False
PRAMEF26,Pramel49,,ambiguous_orthology,False
PRAMEF17,Pramel49,,ambiguous_orthology,False
PRAMEF33,Pramel49,,ambiguous_orthology,False
PRAMEF1,Pramel49,,ambiguous_orthology,False
PRAMEF4,Pramel49,,ambiguous_orthology,False
PRAMEF27,Pramel49,,ambiguous_orthology,False
PRAMEF5,Pramel49,,ambiguous_orthology,False
PRAMEF6,Pramel49,,ambiguous_orthology,False
PRAMEF18,Pramel49,,ambiguous_orthology,False
PRAMEF25,Pramel49,,ambiguous_orthology,False
PRAMEF7,Pramel49,,ambiguous_orthology,False
PRAMEF14,Pramel49,,ambiguous_orthology,False
PRAMEF11,Pramel49,,ambiguous_orthology,False
PRAMEF12,Pramel49,,ambiguous_orthology,False
PRAMEF19,Pramel49,,ambiguous_orthology,False
PRAMEF13,Pramel49,,ambiguous_orthology,False
PRAMEF10,Pramel37,,ambiguous_orthology,False
PRAMEF15,Pramel37,,ambiguous_orthology,False
PRAMEF2,Pramel37,,ambiguous_orthology,False
PRAMEF20,Pramel37,,ambiguous_orthology,False
PRAMEF8,Pramel37,,ambiguous_orthology,False
PRAMEF26,Pramel37,,ambiguous_orthology,False
PRAMEF17,Pramel37,,ambiguous_orthology,False
PRAMEF33,Pramel37,,ambiguous_orthology,False
PRAMEF1,Pramel37,,ambiguous_orthology,False
PRAMEF4,Pramel37,,ambiguous_orthology,False
PRAMEF27,Pramel37,,ambiguous_orthology,False
PRAMEF5,Pramel37,,ambiguous_orthology,False
PRAMEF6,Pramel37,,ambiguous_orthology,False
PRAMEF18,Pramel37,,ambiguous_orthology,False
PRAMEF25,Pramel37,,ambiguous_orthology,False
PRAMEF7,Pramel37,,ambiguous_orthology,False
PRAMEF14,Pramel37,,ambiguous_orthology,False
PRAMEF11,Pramel37,,ambiguous_orthology,False
PRAMEF12,Pramel37,,ambiguous_orthology,False
PRAMEF19,Pramel37,,ambiguous_orthology,False
PRAMEF13,Pramel37,,ambiguous_orthology,False
PRAMEF10,Pramel20,,ambiguous_orthology,False
PRAMEF15,Pramel20,,ambiguous_orthology,False
PRAMEF2,Pramel20,,ambiguous_orthology,False
PRAMEF20,Pramel20,,ambiguous_orthology,False
PRAMEF8,Pramel20,,ambiguous_orthology,False
PRAMEF26,Pramel20,,ambiguous_orthology,False
PRAMEF17,Pramel20,,ambiguous_orthology,False
PRAMEF33,Pramel20,,ambiguous_orthology,False
PRAMEF1,Pramel20,,ambiguous_orthology,False
PRAMEF4,Pramel20,,ambiguous_orthology,False
PRAMEF27,Pramel20,,ambiguous_orthology,False
PRAMEF5,Pramel20,,ambiguous_orthology,False
PRAMEF6,Pramel20,,ambiguous_orthology,False
PRAMEF18,Pramel20,,ambiguous_orthology,False
PRAMEF25,Pramel20,,ambiguous_orthology,False
PRAMEF7,Pramel20,,ambiguous_orthology,False
PRAMEF14,Pramel20,,ambiguous_orthology,False
PRAMEF11,Pramel20,,ambiguous_orthology,False
PRAMEF12,Pramel20,,ambiguous_orthology,False
PRAMEF19,Pramel20,,ambiguous_orthology,False
PRAMEF13,Pramel20,,ambiguous_orthology,False
PRAMEF10,Pramel44,,ambiguous_orthology,False
PRAMEF15,Pramel44,,ambiguous_orthology,False
PRAMEF2,Pramel44,,ambiguous_orthology,False
PRAMEF20,Pramel44,,ambiguous_orthology,False
PRAMEF8,Pramel44,,ambiguous_orthology,False
PRAMEF26,Pramel44,,ambiguous_orthology,False
PRAMEF17,Pramel44,,ambiguous_orthology,False
PRAMEF33,Pramel44,,ambiguous_orthology,False
PRAMEF1,Pramel44,,ambiguous_orthology,False
PRAMEF4,Pramel44,,ambiguous_orthology,False
PRAMEF27,Pramel44,,ambiguous_orthology,False
PRAMEF5,Pramel44,,ambiguous_orthology,False
PRAMEF6,Pramel44,,ambiguous_orthology,False
PRAMEF18,Pramel44,,ambiguous_orthology,False
PRAMEF25,Pramel44,,ambiguous_orthology,False
PRAMEF7,Pramel44,,ambiguous_orthology,False
PRAMEF14,Pramel44,,ambiguous_orthology,False
PRAMEF11,Pramel44,,ambiguous_orthology,False
PRAMEF12,Pramel44,,ambiguous_orthology,False
PRAMEF19,Pramel44,,ambiguous_orthology,False
PRAMEF13,Pramel44,,ambiguous_orthology,False
PRAMEF10,Pramel15,,ambiguous_orthology,False
PRAMEF15,Pramel15,,ambiguous_orthology,False
PRAMEF2,Pramel15,,ambiguous_orthology,False
PRAMEF20,Pramel15,,ambiguous_orthology,False
PRAMEF8,Pramel15,,ambiguous_orthology,False
PRAMEF26,Pramel15,,ambiguous_orthology,False
PRAMEF17,Pramel15,,ambiguous_orthology,False
PRAMEF33,Pramel15,,ambiguous_orthology,False
PRAMEF1,Pramel15,,ambiguous_orthology,False
PRAMEF4,Pramel15,,ambiguous_orthology,False
PRAMEF27,Pramel15,,ambiguous_orthology,False
PRAMEF5,Pramel15,,ambiguous_orthology,False
PRAMEF6,Pramel15,,ambiguous_orthology,False
PRAMEF18,Pramel15,,ambiguous_orthology,False
PRAMEF25,Pramel15,,ambiguous_orthology,False
PRAMEF7,Pramel15,,ambiguous_orthology,False
PRAMEF14,Pramel15,,ambiguous_orthology,False
PRAMEF11,Pramel15,,ambiguous_orthology,False
PRAMEF12,Pramel15,,ambiguous_orthology,False
PRAMEF19,Pramel15,,ambiguous_orthology,False
PRAMEF13,Pramel15,,ambiguous_orthology,False
PRAMEF10,Gm13040,,ambiguous_orthology,False
PRAMEF15,Gm13040,,ambiguous_orthology,False
PRAMEF2,Gm13040,,ambiguous_orthology,False
PRAMEF20,Gm13040,,ambiguous_orthology,False
PRAMEF8,Gm13040,,ambiguous_orthology,False
PRAMEF26,Gm13040,,ambiguous_orthology,False
PRAMEF17,Gm13040,,ambiguous_orthology,False
PRAMEF33,Gm13040,,ambiguous_orthology,False
PRAMEF1,Gm13040,,ambiguous_orthology,False
PRAMEF4,Gm13040,,ambiguous_orthology,False
PRAMEF27,Gm13040,,ambiguous_orthology,False
PRAMEF5,Gm13040,,ambiguous_orthology,False
PRAMEF6,Gm13040,,ambiguous_orthology,False
PRAMEF18,Gm13040,,ambiguous_orthology,False
PRAMEF25,Gm13040,,ambiguous_orthology,False
PRAMEF7,Gm13040,,ambiguous_orthology,False
PRAMEF14,Gm13040,,ambiguous_orthology,False
PRAMEF11,Gm13040,,ambiguous_orthology,False
PRAMEF12,Gm13040,,ambiguous_orthology,False
PRAMEF19,Gm13040,,ambiguous_orthology,False
PRAMEF13,Gm13040,,ambiguous_orthology,False
PRAMEF15,Pramel47,,ambiguous_orthology,False
PRAMEF20,Pramel47,,ambiguous_orthology,False
PRAMEF4,Pramel47,,ambiguous_orthology,False
PRAMEF15,Pramel48,,ambiguous_orthology,False
PRAMEF20,Pramel48,,ambiguous_orthology,False
PRAMEF4,Pramel48,,ambiguous_orthology,False
PRAMEF15,Pramel57,,ambiguous_orthology,False
PRAMEF20,Pramel57,,ambiguous_orthology,False
PRAMEF4,Pramel57,,ambiguous_orthology,False
PRAMEF15,Pramel34,,ambiguous_orthology,False
PRAMEF20,Pramel34,,ambiguous_orthology,False
PRAMEF4,Pramel34,,ambiguous_orthology,False
PRAMEF15,Pramel60,,ambiguous_orthology,False
PRAMEF20,Pramel60,,ambiguous_orthology,False
PRAMEF4,Pramel60,,ambiguous_orthology,False
PRAMEF15,Pramel56,,ambiguous_orthology,False
PRAMEF20,Pramel56,,ambiguous_orthology,False
PRAMEF4,Pramel56,,ambiguous_orthology,False
PRAMEF15,Pramel35,,ambiguous_orthology,False
PRAMEF20,Pramel35,,ambiguous_orthology,False
PRAMEF4,Pramel35,,ambiguous_orthology,False
PRAMEF15,Pramel38,,ambiguous_orthology,False
PRAMEF20,Pramel38,,ambiguous_orthology,False
PRAMEF4,Pramel38,,ambiguous_orthology,False
PRAMEF15,Pramel55,,ambiguous_orthology,False
PRAMEF20,Pramel55,,ambiguous_orthology,False
PRAMEF4,Pramel55,,ambiguous_orthology,False
PRAMEF15,Pramel42,,ambiguous_orthology,False
PRAMEF20,Pramel42,,ambiguous_orthology,False
PRAMEF4,Pramel42,,ambiguous_orthology,False
PRAP1,Prap1,,one_to_one,False
PRB2,Prb1c,,ambiguous_orthology,False
PRH2,Prb1c,,ambiguous_orthology,False
PRB4,Prb1c,,ambiguous_orthology,False
PRB1,Prb1c,,ambiguous_orthology,False
PRB3,Prb1c,,ambiguous_orthology,False
PRH1,Prb1c,,ambiguous_orthology,False
PRB3,Prp2,,ambiguous_orthology,False
PRB2,Prp2,,ambiguous_orthology,False
PRB1,Prp2,,ambiguous_orthology,False
PRB4,Prp2,,ambiguous_orthology,False
PRB3,Prh1,,ambiguous_orthology,False
PRB2,Prh1,,ambiguous_orthology,False
PRB1,Prh1,,ambiguous_orthology,False
PRB4,Prh1,,ambiguous_orthology,False
PRB2,Prb1b,,ambiguous_orthology,False
PRH2,Prb1b,,ambiguous_orthology,False
PRB4,Prb1b,,ambiguous_orthology,False
PRB1,Prb1b,,ambiguous_orthology,False
PRB3,Prb1b,,ambiguous_orthology,False
PRH1,Prb1b,,ambiguous_orthology,False
PRR4,Prb1a,,ambiguous_orthology,False
PRB2,Prb1a,,ambiguous_orthology,False
PRCD,Prcd,,one_to_one,False
PRDM16-DT,Prdm16os,,one_to_one,False
PRDM4,Prdm4,Prdm4,one_to_one,True
PRELID2,Prelid2,Prelid2,one_to_one,True
PREX1,Prex1,Prex1,one_to_one,True
PRG2,Prg2,,one_to_one,False
PRG3,Prg3,,one_to_one,False
PRICKLE4,Prickle4,,one_to_one,False
PRKAR2B,Prkar2b,,one_to_one,False
PRM1,Prm1,,one_to_one,False
PRM2,Prm2,,one_to_one,False
PRM3,Prm3,,one_to_one,False
PRND,Prnd,,one_to_one,False
PROCR,Procr,,one_to_one,False
PROSER2,Proser2,,one_to_one,False
PRPF40B,Prpf40b,Prpf40b,one_to_one,True
PRPF6,Prpf6,Prpf6,one_to_one,True
PRPS2,Prps2,Prps2,one_to_one,True
PRR15,Prr15,,one_to_one,False
PRR19,Prr19,,one_to_one,False
PRR22,Prr22,,one_to_one,False
PRR23A,Prr23a3,,ambiguous_orthology,False
PRR23C,Prr23a3,,ambiguous_orthology,False
PRR23B,Prr23a3,,ambiguous_orthology,False
PRR23C,Prr23a4,,ambiguous_orthology,False
PRR23A,Prr23a4,,ambiguous_orthology,False
PRR23D1,Prr23a4,,ambiguous_orthology,False
PRR23D2,Prr23a4,,ambiguous_orthology,False
PRR23E,Prr23a4,,ambiguous_orthology,False
PRR23B,Prr23a4,,ambiguous_orthology,False
PRR23A,Prr23a1,,ambiguous_orthology,False
PRR23C,Prr23a1,,ambiguous_orthology,False
PRR23B,Prr23a1,,ambiguous_orthology,False
PRR23A,Prr23a2,,ambiguous_orthology,False
PRR23C,Prr23a2,,ambiguous_orthology,False
PRR23B,Prr23a2,,ambiguous_orthology,False
PRR27,Prr27,,one_to_one,False
PRR29,Prr29,,one_to_one,False
PRR3,Prr3,Prr3,one_to_one,True
PRR30,Prr30,,one_to_one,False
PRR32,Prr32,,one_to_one,False
PRR7,Prr7,Prr7,one_to_one,True
PRR9,Prr9,,one_to_one,False
PRRC2A,Prrc2a,Prrc2a,one_to_one,True
PRRG3,Prrg3,,one_to_one,False
PRRT1B,Prrt1b,,one_to_one,False
PRRX2,Prrx2,,one_to_one,False
PRSS21,Prss21,,one_to_one,False
PRSS22,Prss22,,one_to_one,False
PRSS33,Prss33,,one_to_one,False
PRSS36,Prss36,Prss36,one_to_one,True
PRSS37,Prss37,,one_to_one,False
PRSS38,Prss38,,one_to_one,False
PRSS40B,Prss40,,ambiguous_orthology,False
PRSS40A,Prss40,,ambiguous_orthology,False
PRSS41,Prss41,,one_to_one,False
PRSS42P,Prss42,,one_to_one,False
PRSS45P,Prss45,,one_to_one,False
PRSS48,Prss48,,one_to_one,False
PRSS51,Prss51,,one_to_one,False
PRSS52P,Prss52,,one_to_one,False
PRSS53,Prss53,,one_to_one,False
PRSS54,Prss54,,one_to_one,False
PRSS55,Prss55,,one_to_one,False
PRSS57,Prss57,,one_to_one,False
PRSS58,Prss58,,one_to_one,False
PRSS59P,Prss59,,one_to_one,False
PRTN3,Prtn3,,one_to_one,False
PSAPL1,Psapl1,,one_to_one,False
PSCA,Psca,,one_to_one,False
PSD4,Psd4,Psd4,one_to_one,True
PSORS1C2,Psors1c2,,one_to_one,False
PSPN,Pspn,,one_to_one,False
PSRC1,Psrc1,,one_to_one,False
PSTK,Pstk,Pstk,one_to_one,True
PTCD1,Ptcd1,Ptcd1,one_to_one,True
PTCHD1,Ptchd1,,one_to_one,False
PTCRA,Ptcra,,one_to_one,False
PTGDR,Ptgdr,,one_to_one,False
PTGDR2,Ptgdr2,,one_to_one,False
PTGR3,Ptgr3,Zadh2,one_to_one,True
PTMS,Ptms,Ptms,one_to_one,True
PTPN14,Ptpn14,,one_to_one,False
PTPRCAP,Ptprcap,Ptprcap,one_to_one,True
PTPRJ-AS1,Ptprjos1,,one_to_one,False
PTPRVP,Ptprv,,one_to_one,False
PTTG1IP2,Pttg1ip2,,one_to_one,False
PUM3,Pum3,Pum3,one_to_one,True
PVRIG,Pvrig,Pvrig,one_to_one,True
PVT1,Pvt1,Pvt1,one_to_one,True
PXDN,Pxdn,,one_to_one,False
PXT1,Pxt1,,one_to_one,False
PYGO2,Pygo2,Pygo2,one_to_one,True
QPRT,Qprt,Qprt,one_to_one,True
QRFP,Qrfp,Qrfp,one_to_one,True
QRICH2,Qrich2,,one_to_one,False
R3HDM2,R3hdm2,R3hdm2,one_to_one,True
RAB11B-AS1,Rab11bos1,Gm17251,one_to_one,True
RAB11FIP2,Rab11fip2,Rab11fip2,one_to_one,True
RAB17,Rab17,,one_to_one,False
RAB26,Rab26,Rab26,one_to_one,True
RAB29,Rab29,Rab29,one_to_one,True
RAB2B,Rab2b,Rab2b,one_to_one,True
RAB5IF,Rab5if,Rab5if,one_to_one,True
RAB7B,Rab7b,,one_to_one,False
RABGAP1,Rabgap1,Rabgap1,one_to_one,True
RAD51AP2,Rad51ap2,,one_to_one,False
RAD54B,Rad54b,,one_to_one,False
RAET1E,Raet1a,,ambiguous_orthology,False
RAET1G,Raet1a,,ambiguous_orthology,False
RAET1L,Raet1a,,ambiguous_orthology,False
RAET1E,Raet1e,,ambiguous_orthology,False
RAET1G,Raet1e,,ambiguous_orthology,False
RAET1L,Raet1e,,ambiguous_orthology,False
RAET1E,Raet1c,,one_to_one,False
RAET1E,Raet1d,,ambiguous_orthology,False
RAET1G,Raet1d,,ambiguous_orthology,False
RAET1L,Raet1d,,ambiguous_orthology,False
ULBP2,Raet1d,,ambiguous_orthology,False
RAET1E,H60b,,one_to_one,False
RAET1E,Raet1b,,ambiguous_orthology,False
RAET1G,Raet1b,,ambiguous_orthology,False
RAET1L,Raet1b,,ambiguous_orthology,False
RAI1,Rai1,Rai1,one_to_one,True
RAMAC,Ramacl,,ambiguous_orthology,False
RAMACL,Ramacl,,ambiguous_orthology,False
RAMAC,Ramac,Ramac,ambiguous_orthology,False
RAMACL,Ramac,Ramac,ambiguous_orthology,False
RAMP3,Ramp3,Ramp3,one_to_one,True
RANBP17,Ranbp17,,one_to_one,False
RANBP3L,Ranbp3l,,one_to_one,False
RANBP6,Ranbp6,Ranbp6,one_to_one,True
RARB,Rarb,,one_to_one,False
RASA4,Rasa4,Rasa4,ambiguous_orthology,False
RASA4B,Rasa4,Rasa4,ambiguous_orthology,False
RASAL1,Rasal1,Rasal1,one_to_one,True
RASGEF1A,Rasgef1a,Rasgef1a,one_to_one,True
RASGEF1C,Rasgef1c,,one_to_one,False
RASGRP1,Rasgrp1,Rasgrp1,one_to_one,True
RASSF4,Rassf4,,one_to_one,False
RBAK,Rbak,Rbak,one_to_one,True
RBBP8NL,Rbbp8nl,,one_to_one,False
RBMY1F,Rbmyf5,,ambiguous_orthology,False
RBMY1B,Rbmyf5,,ambiguous_orthology,False
RBMY1E,Rbmyf5,,ambiguous_orthology,False
RBMY1D,Rbmyf5,,ambiguous_orthology,False
RBMY1A1,Rbmyf5,,ambiguous_orthology,False
RBMY1C,Rbmyf5,,ambiguous_orthology,False
RBMY1J,Rbmyf5,,ambiguous_orthology,False
RBMY1F,Rbmyf8,,ambiguous_orthology,False
RBMY1B,Rbmyf8,,ambiguous_orthology,False
RBMY1E,Rbmyf8,,ambiguous_orthology,False
RBMY1D,Rbmyf8,,ambiguous_orthology,False
RBMY1A1,Rbmyf8,,ambiguous_orthology,False
RBMY1C,Rbmyf8,,ambiguous_orthology,False
RBMY1J,Rbmyf8,,ambiguous_orthology,False
RBMY1F,Rbmyf2,,ambiguous_orthology,False
RBMY1B,Rbmyf2,,ambiguous_orthology,False
RBMY1E,Rbmyf2,,ambiguous_orthology,False
RBMY1D,Rbmyf2,,ambiguous_orthology,False
RBMY1A1,Rbmyf2,,ambiguous_orthology,False
RBMY1C,Rbmyf2,,ambiguous_orthology,False
RBMY1J,Rbmyf2,,ambiguous_orthology,False
RBMY1F,Rbmyf1,,ambiguous_orthology,False
RBMY1B,Rbmyf1,,ambiguous_orthology,False
RBMY1E,Rbmyf1,,ambiguous_orthology,False
RBMY1D,Rbmyf1,,ambiguous_orthology,False
RBMY1A1,Rbmyf1,,ambiguous_orthology,False
RBMY1C,Rbmyf1,,ambiguous_orthology,False
RBMY1J,Rbmyf1,,ambiguous_orthology,False
RBMY1F,Rbmyf9,,ambiguous_orthology,False
RBMY1B,Rbmyf9,,ambiguous_orthology,False
RBMY1E,Rbmyf9,,ambiguous_orthology,False
RBMY1D,Rbmyf9,,ambiguous_orthology,False
RBMY1A1,Rbmyf9,,ambiguous_orthology,False
RBMY1C,Rbmyf9,,ambiguous_orthology,False
RBMY1J,Rbmyf9,,ambiguous_orthology,False
RBMY1F,Rbmyf3,,ambiguous_orthology,False
RBMY1B,Rbmyf3,,ambiguous_orthology,False
RBMY1E,Rbmyf3,,ambiguous_orthology,False
RBMY1D,Rbmyf3,,ambiguous_orthology,False
RBMY1A1,Rbmyf3,,ambiguous_orthology,False
RBMY1C,Rbmyf3,,ambiguous_orthology,False
RBMY1J,Rbmyf3,,ambiguous_orthology,False
RBMY1F,Rbmyf6,,ambiguous_orthology,False
RBMY1B,Rbmyf6,,ambiguous_orthology,False
RBMY1E,Rbmyf6,,ambiguous_orthology,False
RBMY1D,Rbmyf6,,ambiguous_orthology,False
RBMY1A1,Rbmyf6,,ambiguous_orthology,False
RBMY1C,Rbmyf6,,ambiguous_orthology,False
RBMY1J,Rbmyf6,,ambiguous_orthology,False
RBMY1F,Rbmyf7,,ambiguous_orthology,False
RBMY1B,Rbmyf7,,ambiguous_orthology,False
RBMY1E,Rbmyf7,,ambiguous_orthology,False
RBMY1D,Rbmyf7,,ambiguous_orthology,False
RBMY1A1,Rbmyf7,,ambiguous_orthology,False
RBMY1C,Rbmyf7,,ambiguous_orthology,False
RBMY1J,Rbmyf7,,ambiguous_orthology,False
RBMY1F,Rbmy,,ambiguous_orthology,False
RBMY1B,Rbmy,,ambiguous_orthology,False
RBMY1E,Rbmy,,ambiguous_orthology,False
RBMY1D,Rbmy,,ambiguous_orthology,False
RBMY1A1,Rbmy,,ambiguous_orthology,False
RBMY1C,Rbmy,,ambiguous_orthology,False
RBMY1J,Rbmy,,ambiguous_orthology,False
RBSN,Rbsn,Rbsn,one_to_one,True
RCBTB2,Rcbtb2,Rcbtb2,one_to_one,True
RDH16,Rdh16f2,,one_to_one,False
RDH16,Rdh16,,one_to_one,False
RDH16,Rdh7,,one_to_one,False
RDH16,Rdh9,,one_to_one,False
RDH16,Rdh19,,one_to_one,False
RDX,Rdx,Rdx,one_to_one,True
REC114,Rec114,,one_to_one,False
REDIC1,Redic1,,one_to_one,False
REEP4,Reep4,Reep4,one_to_one,True
RENO1,Reno1,,one_to_one,False
REP15,Rep15,,one_to_one,False
REPIN1,Repin1,Repin1,one_to_one,True
RESF1,Resf1,Resf1,one_to_one,True
RESP18,Resp18,,one_to_one,False
RETN,Retn,,one_to_one,False
RETNLB,Retnla,,one_to_one,False
RETNLB,Retnlb,,one_to_one,False
RETNLB,Retnlg,,one_to_one,False
REXO2,Rexo2,Rexo2,one_to_one,True
REXO5,Rexo5,Rexo5,one_to_one,True
RFPL3,Rfpl4,,ambiguous_orthology,False
RFPL2,Rfpl4,,ambiguous_orthology,False
RFPL1,Rfpl4,,ambiguous_orthology,False
RFPL4A,Rfpl4,,ambiguous_orthology,False
RFPL4AL1,Rfpl4,,ambiguous_orthology,False
RFPL4B,Rfpl4b,,one_to_one,False
RFX8,Rfx8,,one_to_one,False
RGS10,Rgs10,Rgs10,one_to_one,True
RGS22,Rgs22,,one_to_one,False
RGSL1,Rgsl1,,one_to_one,False
RHBDF2,Rhbdf2,Rhbdf2,one_to_one,True
RHOB,Rhob,Rhob,one_to_one,True
RHOXF1,Rhox12,,one_to_one,False
RHOXF1,Rhox13,,one_to_one,False
RHOXF1,Rhox11,,ambiguous_orthology,False
RHOXF2B,Rhox11,,ambiguous_orthology,False
RHOXF1,Rhox10,,one_to_one,False
RHOXF2B,Rhox4g,,ambiguous_orthology,False
RHOXF2,Rhox4g,,ambiguous_orthology,False
RHOXF2B,Rhox2g,,one_to_one,False
RHOXF2B,Rhox3a,,one_to_one,False
RHOXF2B,Rhox3e,,one_to_one,False
RHOXF2B,Rhox3a2,,one_to_one,False
RHOXF2B,Rhox3c,,one_to_one,False
RIBC2,Ribc2,,one_to_one,False
RIIAD1,Riiad1,,one_to_one,False
RIMBP3B,Rimbp3,,ambiguous_orthology,False
RIMBP3,Rimbp3,,ambiguous_orthology,False
RIMBP3C,Rimbp3,,ambiguous_orthology,False
RING1,Ring1,Ring1,one_to_one,True
RIOK2,Riok2,Riok2,one_to_one,True
RIT2,Rit2,,one_to_one,False
RITA1,Rita1,Rita1,one_to_one,True
RLN2,Rln1,,ambiguous_orthology,False
RLN1,Rln1,,ambiguous_orthology,False
RMDN2,Rmdn2,Rmdn2,one_to_one,True
RMND5A,Rmnd5a,Rmnd5a,one_to_one,True
RMRP,Rmrp,,one_to_one,False
RN7SK,Rn7sk,,one_to_one,False
RNASE10,Rnase10,,one_to_one,False
RNASE11,Rnase11,,one_to_one,False
RNASE12,Rnase12,,one_to_one,False
RNASE13,Rnase13,,one_to_one,False
RNASE2,Ear3,,ambiguous_orthology,False
RNASE3,Ear3,,ambiguous_orthology,False
RNASE2,Ear6,,ambiguous_orthology,False
RNASE3,Ear6,,ambiguous_orthology,False
RNASE2,Rnase2b,,ambiguous_orthology,False
RNASE3,Rnase2b,,ambiguous_orthology,False
RNASE2,Ear1,,ambiguous_orthology,False
RNASE3,Ear1,,ambiguous_orthology,False
RNASE2,Ear10,,ambiguous_orthology,False
RNASE3,Ear10,,ambiguous_orthology,False
RNASE2,Ear14,,ambiguous_orthology,False
RNASE3,Ear14,,ambiguous_orthology,False
RNASE2,Ear2,,ambiguous_orthology,False
RNASE3,Ear2,,ambiguous_orthology,False
RNASE2,Ear4,,ambiguous_orthology,False
RNASE3,Ear4,,ambiguous_orthology,False
RNASE2,Rnase2a,,ambiguous_orthology,False
RNASE3,Rnase2a,,ambiguous_orthology,False
RNASE6,Rnase6,,one_to_one,False
RNASE9,Rnase9,,one_to_one,False
RNASEL,Rnasel,Rnasel,one_to_one,True
RNF112,Rnf112,,one_to_one,False
RNF123,Rnf123,Rnf123,one_to_one,True
RNF125,Rnf125,Rnf125,one_to_one,True
RNF135,Rnf135,Rnf135,one_to_one,True
RNF138,Rnf138,Rnf138,one_to_one,True
RNF148,Rnf148,,one_to_one,False
RNF149,Rnf149,Rnf149,one_to_one,True
RNF166,Rnf166,Rnf166,one_to_one,True
RNF186,Rnf186,,one_to_one,False
RNF187,Rnf187,Rnf187,one_to_one,True
RNF212B,Rnf212b,,one_to_one,False
RNF217,Rnf217,,one_to_one,False
RNF222,Rnf222,,one_to_one,False
RNF223,Rnf223,,one_to_one,False
RNF227,Rnf227,Rnf227,one_to_one,True
RNF228,Rnf228,,one_to_one,False
RNF26,Rnf26rt,,one_to_one,True
RNF39,Rnf39,,one_to_one,False
RNF40,Rnf40,Rnf40,one_to_one,True
RNF43,Rnf43,Rnf43,one_to_one,True
RNU11,Rnu11,,one_to_one,False
RNY1,Rny1,,one_to_one,False
ROPN1,Ropn1,,ambiguous_orthology,False
ROPN1B,Ropn1,,ambiguous_orthology,False
RP1,Rp1,,one_to_one,False
RPAP3,Rpap3,Rpap3,one_to_one,True
RPH3AL,Rph3al,Rph3al,one_to_one,True
RPL37,Rpl37rt,,one_to_one,False
RPL37,Rpl37,Rpl37,one_to_one,True
RPL3L,Rpl3l,,one_to_one,False
RPL41,Rpl41,Rpl41,one_to_one,True
RPPH1,Rpph1,,one_to_one,False
RPS6KA2,Rps6ka2,,one_to_one,False
RPS6KB2,Rps6kb2,Rps6kb2,one_to_one,True
RPTN,Rptn,,one_to_one,False
RPUSD3,Rpusd3,Rpusd3,one_to_one,True
RRP1,Rrp1,Rrp1,one_to_one,True
RSBN1,Rsbn1,Rsbn1,one_to_one,True
RSBN1L,Rsbn1l,Rsbn1l,one_to_one,True
RSC1A1,Rsc1a1,,one_to_one,False
RSKR,Rskr,,one_to_one,False
RTL3,Rtl3,,one_to_one,False
RTL4,Rtl4,,one_to_one,False
RTL5,Rtl5,,one_to_one,False
RTL6,Rtl6,Rtl6,one_to_one,True
RTL8C,Rtl8a,Rtl8a,ambiguous_orthology,False
RTL8B,Rtl8a,Rtl8a,ambiguous_orthology,False
RTL8A,Rtl8a,Rtl8a,ambiguous_orthology,False
RTL8C,Rtl8c,,ambiguous_orthology,False
RTL8B,Rtl8c,,ambiguous_orthology,False
RTL8A,Rtl8c,,ambiguous_orthology,False
RTL8C,Rtl8b,Rtl8b,ambiguous_orthology,False
RTL8B,Rtl8b,Rtl8b,ambiguous_orthology,False
RTL8A,Rtl8b,Rtl8b,ambiguous_orthology,False
RTL9,Rtl9,,one_to_one,False
RUFY4,Rufy4,,one_to_one,False
RWDD2A,Rwdd2a,Rwdd2a,one_to_one,True
RXFP4,Rxfp4,,one_to_one,False
S100A2,S100a2,,one_to_one,False
S100A3,S100a3,S100a3,one_to_one,True
S100A7A,S100a7a,,ambiguous_orthology,False
S100A7L2,S100a7a,,ambiguous_orthology,False
S100A7,S100a7a,,ambiguous_orthology,False
S100A8,S100a8,S100a8,one_to_one,True
S100A9,S100a9,S100a9,one_to_one,True
S100A9,Gm5849,,one_to_one,True
S100G,S100g,,one_to_one,False
S100PBP,S100pbp,S100pbp,one_to_one,True
SACK1A,Sack1a,Fam83a,one_to_one,True
SAMD15,Samd15,,one_to_one,False
SAMD4B,Samd4b,Samd4b,one_to_one,True
SAMD5,Samd5,,one_to_one,False
SAP25,Sap25,Sap25,one_to_one,True
SATL1,Satl1,,one_to_one,False
SAXO1,Saxo1,,one_to_one,False
SAXO5,Saxo5,,one_to_one,False
SBSPON,Sbspon,,one_to_one,False
SCAND1,Scand1,Scand1,one_to_one,True
SCART1,Scart2,5830411N06Rik,one_to_one,True
SCART1,Scart1,Cd163l1,one_to_one,True
SCGB1A1,Scgb1a1,,one_to_one,False
SCGB1C1,Scgb1c1,,ambiguous_orthology,False
SCGB1C2,Scgb1c1,,ambiguous_orthology,False
SCGB2A2,Scgb2a2,,ambiguous_orthology,False
SCGB2A1,Scgb2a2,,ambiguous_orthology,False
SCGB3A1,Scgb3a1,,one_to_one,False
SCGB3A2,Scgb3a2,,one_to_one,False
SCIMP,Scimp,Scimp,one_to_one,True
SCN11A,Scn11a,,one_to_one,False
SCN3B,Scn3b,,one_to_one,False
SCNN1A,Scnn1a,,one_to_one,False
SCNN1B,Scnn1b,,one_to_one,False
SCNN1G,Scnn1g,,one_to_one,False
SCPPPQ1,Scpppq1,,one_to_one,False
SCRG1,Scrg1,,one_to_one,False
SCRN1,Scrn1,,one_to_one,False
SCT,Sct,,one_to_one,False
SCYGR8,Gm6217,,ambiguous_orthology,False
SCYGR2,Gm6217,,ambiguous_orthology,False
SCYGR3,Gm6217,,ambiguous_orthology,False
SCYGR4,Gm6217,,ambiguous_orthology,False
SCYGR1,Gm6217,,ambiguous_orthology,False
SCYGR9,Gm6217,,ambiguous_orthology,False
SCYGR6,Gm6217,,ambiguous_orthology,False
SCYGR7,Gm6217,,ambiguous_orthology,False
SCYGR8,Krtap28-10,,ambiguous_orthology,False
SCYGR2,Krtap28-10,,ambiguous_orthology,False
SCYGR3,Krtap28-10,,ambiguous_orthology,False
SCYGR4,Krtap28-10,,ambiguous_orthology,False
SCYGR1,Krtap28-10,,ambiguous_orthology,False
SCYGR9,Krtap28-10,,ambiguous_orthology,False
SCYGR6,Krtap28-10,,ambiguous_orthology,False
SCYGR7,Krtap28-10,,ambiguous_orthology,False
SCYGR8,A030005K14Rik,,ambiguous_orthology,False
SCYGR2,A030005K14Rik,,ambiguous_orthology,False
SCYGR3,A030005K14Rik,,ambiguous_orthology,False
SCYGR4,A030005K14Rik,,ambiguous_orthology,False
SCYGR1,A030005K14Rik,,ambiguous_orthology,False
SCYGR9,A030005K14Rik,,ambiguous_orthology,False
SCYGR6,A030005K14Rik,,ambiguous_orthology,False
SCYGR7,A030005K14Rik,,ambiguous_orthology,False
SCYGR8,A030003K21Rik,,ambiguous_orthology,False
SCYGR2,A030003K21Rik,,ambiguous_orthology,False
SCYGR3,A030003K21Rik,,ambiguous_orthology,False
SCYGR4,A030003K21Rik,,ambiguous_orthology,False
SCYGR1,A030003K21Rik,,ambiguous_orthology,False
SCYGR9,A030003K21Rik,,ambiguous_orthology,False
SCYGR6,A030003K21Rik,,ambiguous_orthology,False
SCYGR7,A030003K21Rik,,ambiguous_orthology,False
SCYGR8,A030005L19Rik,,ambiguous_orthology,False
SCYGR2,A030005L19Rik,,ambiguous_orthology,False
SCYGR3,A030005L19Rik,,ambiguous_orthology,False
SCYGR4,A030005L19Rik,,ambiguous_orthology,False
SCYGR1,A030005L19Rik,,ambiguous_orthology,False
SCYGR9,A030005L19Rik,,ambiguous_orthology,False
SCYGR6,A030005L19Rik,,ambiguous_orthology,False
SCYGR7,A030005L19Rik,,ambiguous_orthology,False
SCYGR8,A030014E15Rik,,ambiguous_orthology,False
SCYGR2,A030014E15Rik,,ambiguous_orthology,False
SCYGR3,A030014E15Rik,,ambiguous_orthology,False
SCYGR4,A030014E15Rik,,ambiguous_orthology,False
SCYGR1,A030014E15Rik,,ambiguous_orthology,False
SCYGR9,A030014E15Rik,,ambiguous_orthology,False
SCYGR6,A030014E15Rik,,ambiguous_orthology,False
SCYGR7,A030014E15Rik,,ambiguous_orthology,False
SCYGR8,Krtap28-13,,ambiguous_orthology,False
SCYGR2,Krtap28-13,,ambiguous_orthology,False
SCYGR3,Krtap28-13,,ambiguous_orthology,False
SCYGR4,Krtap28-13,,ambiguous_orthology,False
SCYGR1,Krtap28-13,,ambiguous_orthology,False
SCYGR9,Krtap28-13,,ambiguous_orthology,False
SCYGR6,Krtap28-13,,ambiguous_orthology,False
SCYGR7,Krtap28-13,,ambiguous_orthology,False
SDC1,Sdc1,Sdc1,one_to_one,True
SDR9C7,Sdr9c7,,one_to_one,False
SEC11C,Sec11c,Sec11c,one_to_one,True
SEC14L2,Sec14l2,,one_to_one,False
SEC14L3,Sec14l3,,one_to_one,False
SEC14L4,Sec14l4,,one_to_one,False
SEC14L5,Sec14l5,,one_to_one,False
SEC24B,Sec24b,Sec24b,one_to_one,True
SEC24C,Sec24c,Sec24c,one_to_one,True
SEC61A2,Sec61a2,Sec61a2,one_to_one,True
SECTM1,Sectm1a,,one_to_one,False
SECTM1,Sectm1b,,one_to_one,False
SEL1L2,Sel1l2,,one_to_one,False
SEL1L3,Sel1l3,,one_to_one,False
SELENOV,Selenov,,one_to_one,False
SEMA3G,Sema3g,,one_to_one,False
SEMG1,Semg1,,ambiguous_orthology,False
SEMG2,Semg1,,ambiguous_orthology,False
SEPTIN1,Septin1,Sept1,one_to_one,True
SEPTIN11,Septin11,Sept11,one_to_one,True
SEPTIN12,Septin12,,one_to_one,False
SERINC3,Serinc3,Serinc3,one_to_one,True
SERPINB10,Serpinb10,,one_to_one,False
SERPINB11,Serpinb11,,one_to_one,False
SERPINB12,Serpinb12,,one_to_one,False
SERPINB13,Serpinb13,,one_to_one,False
SERPINB2,Serpinb2,,one_to_one,False
SERPINB3,Serpinb3d,,ambiguous_orthology,False
SERPINB4,Serpinb3d,,ambiguous_orthology,False
SERPINB3,Serpinb3b,,ambiguous_orthology,False
SERPINB4,Serpinb3b,,ambiguous_orthology,False
SERPINB3,Serpinb3a,,ambiguous_orthology,False
SERPINB4,Serpinb3a,,ambiguous_orthology,False
SERPINB3,Serpinb3c,,ambiguous_orthology,False
SERPINB4,Serpinb3c,,ambiguous_orthology,False
SERPINB5,Serpinb5,,one_to_one,False
SERPINB7,Serpinb7,,one_to_one,False
SERPINI2,Serpini2,,one_to_one,False
SERTAD4BP,Sertad4b-ps,,one_to_one,False
SERTM1,Sertm1,,one_to_one,False
SERTM2,Sertm2,,one_to_one,False
SEZ6L,Sez6l,,one_to_one,False
SFRP4,Sfrp4,,one_to_one,False
SFTA2,Sfta2,,one_to_one,False
SFTPA2,Sftpa1,,ambiguous_orthology,False
SFTPA1,Sftpa1,,ambiguous_orthology,False
SFTPC,Sftpc,,one_to_one,False
SGCZ,Sgcz,,one_to_one,False
SGMS1-AS1,Sgms1os1,,one_to_one,False
SGPL1,Sgpl1,Sgpl1,one_to_one,True
SH2B2,Sh2b2,,one_to_one,False
SH2D1B,Sh2d1b2,,one_to_one,False
SH2D1B,Sh2d1b1,,one_to_one,False
SH2D2A,Sh2d2a,Sh2d2a,one_to_one,True
SH3RF3,Sh3rf3,,one_to_one,False
SH3TC1,Sh3tc1,,one_to_one,False
SHB,Shb,,one_to_one,False
SHC4,Shc4,,one_to_one,False
SHCBP1L,Shcbp1l,,one_to_one,False
SHISA6,Shisa6,,one_to_one,False
SHISAL2A,Shisal2a,,one_to_one,False
SHISAL2B,Shisal2b,,one_to_one,False
SHLD1,Shld1,Shld1,one_to_one,True
SHOC1,Shoc1,,one_to_one,False
SHPK,Shpk,Shpk,one_to_one,True
SHROOM4,Shroom4,,one_to_one,False
SIAH3,Siah3,,one_to_one,False
SIDT1,Sidt1,Sidt1,one_to_one,True
SIGLEC24P,Siglecl2,,ambiguous_orthology,False
SIGLEC1,Siglecl2,,ambiguous_orthology,False
SIGLECL1,Siglecl2,,ambiguous_orthology,False
SILC1,Silc1,,one_to_one,False
SIRPA,Sirpa,,one_to_one,False
SIRPB1,Sirpb1c,,ambiguous_orthology,False
SIRPG,Sirpb1c,,ambiguous_orthology,False
SIRPB2,Gm5150,,one_to_one,False
SIRPD,Sirpd,,one_to_one,False
SIRPG,Sirpb1b,,one_to_one,False
SIRPG,Sirpb1a,,one_to_one,False
SIT1,Sit1,Sit1,one_to_one,True
SLAMF1,Slamf1,Slamf1,one_to_one,True
SLAMF6,Slamf6,Slamf6,one_to_one,True
SLAMF7,Slamf7,Slamf7,one_to_one,True
SLAMF8,Slamf8,,one_to_one,False
SLAMF9,Slamf9,,one_to_one,False
SLC10A5,Slc10a5,,one_to_one,False
SLC10A6,Slc10a6,,one_to_one,False
SLC12A3,Slc12a3,Slc12a3,one_to_one,True
SLC15A3,Slc15a3,,one_to_one,False
SLC16A14,Slc16a14,,one_to_one,False
SLC18A1,Slc18a1,,one_to_one,False
SLC22A10,Slc22a27,,ambiguous_orthology,False
SLC22A9,Slc22a27,,ambiguous_orthology,False
SLC22A25,Slc22a27,,ambiguous_orthology,False
SLC22A10,Slc22a28,,ambiguous_orthology,False
SLC22A9,Slc22a28,,ambiguous_orthology,False
SLC22A25,Slc22a28,,ambiguous_orthology,False
SLC22A10,Slc22a29,,ambiguous_orthology,False
SLC22A9,Slc22a29,,ambiguous_orthology,False
SLC22A25,Slc22a29,,ambiguous_orthology,False
SLC22A10,Slc22a19,,ambiguous_orthology,False
SLC22A9,Slc22a19,,ambiguous_orthology,False
SLC22A25,Slc22a19,,ambiguous_orthology,False
SLC22A10,Slc22a30,,ambiguous_orthology,False
SLC22A9,Slc22a30,,ambiguous_orthology,False
SLC22A25,Slc22a30,,ambiguous_orthology,False
SLC22A12,Slc22a12,,one_to_one,False
SLC22A9,Slc22a26,,ambiguous_orthology,False
SLC22A25,Slc22a26,,ambiguous_orthology,False
SLC25A13,Slc25a13,Slc25a13,one_to_one,True
SLC25A30,Slc25a30,Slc25a30,one_to_one,True
SLC25A31,Slc25a31,,one_to_one,False
SLC25A45,Slc25a45,Slc25a45,one_to_one,True
SLC25A53,Slc25a53,Slc25a53,one_to_one,True
SLC26A7,Slc26a7,,one_to_one,False
SLC26A8,Slc26a8,,one_to_one,False
SLC26A9,Slc26a9,,one_to_one,False
SLC27A3,Slc27a3,,one_to_one,False
SLC28A3,Slc28a3,,one_to_one,False
SLC2A4,Slc2a4,,one_to_one,False
SLC2A7,Slc2a7,,one_to_one,False
SLC30A3,Slc30a3,,one_to_one,False
SLC34A3,Slc34a3,,one_to_one,False
SLC35D4,Gprasp3,Tmem241,one_to_one,True
SLC35F1,Slc35f1,,one_to_one,False
SLC35F5,Slc35f5,,one_to_one,False
SLC35G3,Slc35g3,,ambiguous_orthology,False
SLC35G6,Slc35g3,,ambiguous_orthology,False
SLC35G5,Slc35g3,,ambiguous_orthology,False
SLC35G4,Slc35g3,,ambiguous_orthology,False
SLC38A1,Slc38a1,Slc38a1,one_to_one,True
SLC39A12,Slc39a12,,one_to_one,False
SLC41A3,Slc41a3,Slc41a3,one_to_one,True
SLC44A3,Slc44a3,,one_to_one,False
SLC46A2,Slc46a2,,one_to_one,False
SLC4A9,Slc4a9,,one_to_one,False
SLC66A2,Slc66a2,Pqlc1,one_to_one,True
SLC6A12,Slc6a12,,one_to_one,False
SLC6A20,Slc6a20b,Slc6a20b,one_to_one,True
SLC6A20,Slc6a20a,,one_to_one,True
SLC6A7,Slc6a7,,one_to_one,False
SLC7A13,Slc7a13,,one_to_one,False
SLC9A9,Slc9a9,Slc9a9,one_to_one,True
SLC9C1,Slc9c1,,one_to_one,False
SLCO4C1,Slco4c1,,one_to_one,False
SLCO6A1,Slco6d1,,one_to_one,False
SLCO6A1,Slco6c1,,one_to_one,False
SLFN13,Slfn9,Slfn9,ambiguous_orthology,False
SLFN11,Slfn9,Slfn9,ambiguous_orthology,False
SLFN13,Slfn8,Slfn8,ambiguous_orthology,False
SLFN11,Slfn8,Slfn8,ambiguous_orthology,False
SLFN12,Slfn1,Slfn1,one_to_one,True
SLFN12L,Slfn4,,ambiguous_orthology,False
SLFN12,Slfn4,,ambiguous_orthology,True
SLFN12,Slfn2,Slfn2,one_to_one,True
SLFN12L,Slfn3,,ambiguous_orthology,False
SLFN12,Slfn3,,ambiguous_orthology,True
SLFN14,Slfn14,,one_to_one,False
SLFN5,Slfn5,Slfn5,one_to_one,True
SLFNL1,Slfnl1,,one_to_one,False
SLITRK1,Slitrk1,,one_to_one,False
SLITRK5,Slitrk5,,one_to_one,False
SLITRK6,Slitrk6,,one_to_one,False
SLN,Sln,,one_to_one,False
SLPI,Slpi,,one_to_one,False
SLURP1,Slurp1,,one_to_one,False
SLURP2,Slurp2,,one_to_one,False
SMAGP,Smagp,,one_to_one,False
SMARCD2,Smarcd2,Smarcd2,one_to_one,True
SMBD1P,Smbd1,,one_to_one,False
SMCO1,Smco1,,one_to_one,False
SMCO2,Smco2,,one_to_one,False
SMCO3,Smco3,,one_to_one,False
SMCP,Smcp,,one_to_one,False
SMIM10L2B,Smim10l2a,,ambiguous_orthology,False
SMIM10,Smim10l2a,,ambiguous_orthology,False
SMIM10L2A,Smim10l2a,,ambiguous_orthology,False
SMIM10L1,Smim10l1,Smim10l1,one_to_one,True
SMIM11,Smim11,Smim11,one_to_one,True
SMIM17,Smim17,,one_to_one,False
SMIM22,Smim22,,one_to_one,False
SMIM23,Smim23,,one_to_one,False
SMIM26,Smim26,Smim26,one_to_one,True
SMIM3,Smim3,,one_to_one,False
SMIM30,Smim30,2610001J05Rik,one_to_one,True
SMIM31,Smim31,,one_to_one,False
SMIM32,Smim32,,one_to_one,False
SMIM33,Smim33,1700066B19Rik,one_to_one,True
SMIM34,Smim34,,one_to_one,False
SMIM35,Smim35,,one_to_one,False
SMIM36,Smim36,Gm45716,one_to_one,True
SMIM38,Smim38,,one_to_one,False
SMIM39,Smim39,,one_to_one,False
SMIM40,Smim40,Smim40,one_to_one,True
SMIM40,Smim40-ps,,one_to_one,True
SMIM41,Smim41,,one_to_one,False
SMIM43,Smim43,,one_to_one,False
SMIM45,Smim45,,one_to_one,False
SMIM9,Smim9,,one_to_one,False
SMLR1,Smlr1,,one_to_one,False
SMR3A,Smr2l,,ambiguous_orthology,False
SMR3B,Smr2l,,ambiguous_orthology,False
SMR3A,Smr3a,,one_to_one,False
SMR3B,Smr2,,one_to_one,False
SNCA,Snca,,one_to_one,False
SNHG10,Snhg10,Snhg10,one_to_one,True
SNHG11,Snhg11,,one_to_one,False
SNHG12,Snhg12,Snhg12,one_to_one,True
SNHG14,Snhg14,Snhg14,one_to_one,True
SNHG15,Snhg15,Snhg15,one_to_one,True
SNHG16,Snhg16,Snhg16,one_to_one,True
SNHG18,Snhg18,,one_to_one,False
SNHG20,Snhg20,Snhg20,one_to_one,True
SNHG3,Snhg3,Snhg3,one_to_one,True
SNHG5,Snhg5,Snhg5,one_to_one,True
SNHG6,Snhg6,Snhg6,one_to_one,True
SNHG7,Snhg7,,one_to_one,False
SNHG8,Snhg8,Snhg8,one_to_one,True
SNHG9,Snhg9,Snhg9,one_to_one,True
SNORA62,Snora62,,one_to_one,False
SNORA64,Snora64,,one_to_one,False
SNORD123,Snord123,,one_to_one,False
SNORD32A,Snord32a,,one_to_one,False
SNORD33,Snord33,,one_to_one,False
SNORD34,Snord34,,one_to_one,False
SNORD35B,Snord35b,,one_to_one,False
SNORD61,Snord61,,one_to_one,False
SNORD82,Snord82,,one_to_one,False
SNRPGP15,Snrpg,Snrpg,ambiguous_orthology,False
SNRPG,Snrpg,Snrpg,ambiguous_orthology,False
SNTG2,Sntg2,,one_to_one,False
SNTN,Sntn,,one_to_one,False
SNURF,Snurf,,one_to_one,False
SNX31,Snx31,,one_to_one,False
SNX32,Snx32,Snx32,one_to_one,True
SOHLH1,Sohlh1,,one_to_one,False
SORBS1,Sorbs1,Sorbs1,one_to_one,True
SOWAHB,Sowahb,,one_to_one,False
SOX1-OT,Sox1ot,,one_to_one,False
SOX21-AS1,Sox21os1,,one_to_one,False
SOX30,Sox30,,one_to_one,False
SP100,Csprs,,one_to_one,True
SP110,Sp110,Sp110,one_to_one,True
SPAAR,Spaar,,one_to_one,False
SPACA1,Spaca1,Spaca1,one_to_one,True
SPACA4,Spaca4,,one_to_one,False
SPACA7,Spaca7,,one_to_one,False
SPAG11B,Spag11b,,ambiguous_orthology,False
SPAG11A,Spag11b,,ambiguous_orthology,False
SPAG16,Spag16,,one_to_one,False
SPAG4,Spag4,,one_to_one,False
SPAG5,Spag5,,one_to_one,False
SPATA16,Spata16,,one_to_one,False
SPATA19,Spata19,,one_to_one,False
SPATA21,Spata21,,one_to_one,False
SPATA22,Spata22,,one_to_one,False
SPATA24,Spata24,Spata24,one_to_one,True
SPATA25,Spata25,,one_to_one,False
SPATA3,Spata3,,one_to_one,False
SPATA31A3,Spata31,,ambiguous_orthology,False
SPATA31A6,Spata31,,ambiguous_orthology,False
SPATA31A1,Spata31,,ambiguous_orthology,False
SPATA31A7,Spata31,,ambiguous_orthology,False
SPATA31C1,Spata31,,ambiguous_orthology,False
SPATA31C2,Spata31,,ambiguous_orthology,False
SPATA31E1,Spata31,,ambiguous_orthology,False
SPATA31A5,Spata31,,ambiguous_orthology,False
SPATA31D1,Spata31d1d,,one_to_one,False
SPATA31D1,Spata31d1b,,ambiguous_orthology,False
SPATA31D4,Spata31d1b,,ambiguous_orthology,False
SPATA31D3,Spata31d1b,,ambiguous_orthology,False
SPATA31D1,Spata31d1a,,ambiguous_orthology,False
SPATA31D4,Spata31d1a,,ambiguous_orthology,False
SPATA31D3,Spata31d1a,,ambiguous_orthology,False
SPATA31D1,Spata31d1e,,one_to_one,False
SPATA31D3,Spata31d1c,,one_to_one,False
SPATA31E1,Spata31e1,,one_to_one,False
SPATA31F1,Spata31f1b,,ambiguous_orthology,False
SPATA31F2P,Spata31f1b,,ambiguous_orthology,False
SPATA31F1,Spata31f1c,,ambiguous_orthology,False
SPATA31F2P,Spata31f1c,,ambiguous_orthology,False
SPATA31F1,Spata31f1a,,ambiguous_orthology,False
SPATA31F2P,Spata31f1a,,ambiguous_orthology,False
SPATA31F1,Spata31f1d,,ambiguous_orthology,False
SPATA31F2P,Spata31f1d,,ambiguous_orthology,False
SPATA31F3,Spata31f3,,one_to_one,False
SPATA31G1,Spata31g1,,one_to_one,False
SPATA32,Spata32,,one_to_one,False
SPATA33,Spata33,,one_to_one,False
SPATA46,Spata46,,one_to_one,False
SPATA9,Spata9,,one_to_one,False
SPATC1,Spatc1,,one_to_one,False
SPATC1L,Spatc1l,,one_to_one,False
SPATS1,Spats1,,one_to_one,False
SPDEF,Spdef,,one_to_one,False
SPDYE15,Spdye4b,,ambiguous_orthology,False
SPDYE11,Spdye4b,,ambiguous_orthology,False
SPDYE18,Spdye4b,,ambiguous_orthology,False
SPDYE2,Spdye4b,,ambiguous_orthology,False
SPDYE3,Spdye4b,,ambiguous_orthology,False
SPDYE5,Spdye4b,,ambiguous_orthology,False
SPDYE2B,Spdye4b,,ambiguous_orthology,False
SPDYE6,Spdye4b,,ambiguous_orthology,False
SPDYE10,Spdye4b,,ambiguous_orthology,False
SPDYE12,Spdye4b,,ambiguous_orthology,False
SPDYE14,Spdye4b,,ambiguous_orthology,False
SPDYE16,Spdye4b,,ambiguous_orthology,False
SPDYE1,Spdye4b,,ambiguous_orthology,False
SPDYE13,Spdye4b,,ambiguous_orthology,False
SPDYE8,Spdye4b,,ambiguous_orthology,False
SPDYE9,Spdye4b,,ambiguous_orthology,False
SPDYE4,Spdye4b,,ambiguous_orthology,False
SPDYE17,Spdye4b,,ambiguous_orthology,False
SPDYE7P,Spdye4b,,ambiguous_orthology,False
SPDYE21,Spdye4b,,ambiguous_orthology,False
SPDYE4,Spdye4a,,one_to_one,False
SPEM1,Spem1,,one_to_one,False
SPEM2,Spem2,,one_to_one,False
SPEM3,Spem3,,one_to_one,False
SPESP1,Spesp1,,one_to_one,False
SPHK1,Sphk1,,one_to_one,False
SPIB,Spib,,one_to_one,False
SPIN1,Spin1,Spin1,one_to_one,True
SPIN2B,Spin2f,,ambiguous_orthology,False
SPIN2A,Spin2f,,ambiguous_orthology,False
SPIN2B,Spin2d,,ambiguous_orthology,False
SPIN2A,Spin2d,,ambiguous_orthology,False
SPIN2B,Spin2g,,ambiguous_orthology,False
SPIN2A,Spin2g,,ambiguous_orthology,False
SPIN2B,Spin2c,Spin2c,ambiguous_orthology,False
SPIN2A,Spin2c,Spin2c,ambiguous_orthology,False
SPINK1,Spink1,,one_to_one,False
SPINK13,Spink13,,one_to_one,False
SPINK14,Spink14,,one_to_one,False
SPINK5,Spink5,,one_to_one,False
SPINK6,Spink6,,one_to_one,False
SPINK7,Spink7,,one_to_one,False
SPINK8,Spink8,,one_to_one,False
SPINK9,Spink12,,one_to_one,False
SPINT3,Spint3,,one_to_one,False
SPINT4,Spint4,,one_to_one,False
SPINT5P,Spint5,,one_to_one,False
SPMAP1,Spmap1,,one_to_one,False
SPMAP2L,Spmap2l,,one_to_one,False
SPMIP1,Spmip1,,one_to_one,False
SPMIP10,Spmip10,,one_to_one,False
SPMIP11,Spmip11,,one_to_one,False
SPMIP2,Spmip2,,one_to_one,False
SPMIP3,Spmip3,,one_to_one,False
SPMIP4,Spmip4,,one_to_one,False
SPMIP5,Spmip5,,one_to_one,False
SPMIP6,Spmip6,,one_to_one,False
SPMIP7,Spmip7,,one_to_one,False
SPMIP8,Spmip8,,one_to_one,False
SPMIP9,Spmip9,,one_to_one,False
SPN,Spn,Spn,one_to_one,True
SPOCD1,Spocd1,,one_to_one,False
SPP1,Spp1,,one_to_one,False
SPPL2C,Sppl2c,,one_to_one,False
SPRR1A,Sprr1a,,one_to_one,False
SPRR1B,Sprr1b,,one_to_one,False
SPRR2F,Sprr2e,,ambiguous_orthology,False
SPRR2G,Sprr2e,,ambiguous_orthology,False
SPRR2B,Sprr2e,,ambiguous_orthology,False
SPRR2D,Sprr2e,,ambiguous_orthology,False
SPRR2E,Sprr2e,,ambiguous_orthology,False
SPRR2A,Sprr2e,,ambiguous_orthology,False
SPRR2F,Sprr2i,,ambiguous_orthology,False
SPRR2G,Sprr2i,,ambiguous_orthology,False
SPRR2B,Sprr2i,,ambiguous_orthology,False
SPRR2D,Sprr2i,,ambiguous_orthology,False
SPRR2E,Sprr2i,,ambiguous_orthology,False
SPRR2A,Sprr2i,,ambiguous_orthology,False
SPRR2F,Sprr2d,,ambiguous_orthology,False
SPRR2G,Sprr2d,,ambiguous_orthology,False
SPRR2B,Sprr2d,,ambiguous_orthology,False
SPRR2D,Sprr2d,,ambiguous_orthology,False
SPRR2E,Sprr2d,,ambiguous_orthology,False
SPRR2A,Sprr2d,,ambiguous_orthology,False
SPRR3,Sprr3,,one_to_one,False
SPRR4,Sprr4,,one_to_one,False
SPRR5,Sprr5,,one_to_one,False
SPRY3,Spry3,,one_to_one,False
SPSB2,Spsb2,Spsb2,one_to_one,True
SPTA1,Spta1,,one_to_one,False
SPZ1,Spz1,,one_to_one,False
SRARP,Srarp,,one_to_one,False
SRGAP3,Srgap3,Srgap3,one_to_one,True
SRI,Sri,Sri,one_to_one,True
SRM,Srm,Srm,one_to_one,True
SRSF12,Srsf12,,one_to_one,False
SRSF8,Srsf19,,one_to_one,False
SS18L1,Ss18l1,Ss18l1,one_to_one,True
SSBP4,Ssbp4,Ssbp4,one_to_one,True
SSC4D,Ssc4d,,one_to_one,False
SSC5D,Ssc5d,,one_to_one,False
SSMEM1,Ssmem1,,one_to_one,False
SSR2,Ssr2,Ssr2,one_to_one,True
SSTR1,Sstr1,,one_to_one,False
SSTR3,Sstr3,,one_to_one,False
SSX9P,Ssxb8,,ambiguous_orthology,False
SSX8P,Ssxb8,,ambiguous_orthology,False
SSX2,Ssxb8,,ambiguous_orthology,False
SSX7,Ssxb8,,ambiguous_orthology,False
SSX1,Ssxb8,,ambiguous_orthology,False
SSX4B,Ssxb8,,ambiguous_orthology,False
SSX3,Ssxb8,,ambiguous_orthology,False
SSX4,Ssxb8,,ambiguous_orthology,False
SSX6P,Ssxb8,,ambiguous_orthology,False
SSX5,Ssxb8,,ambiguous_orthology,False
SSX2B,Ssxb8,,ambiguous_orthology,False
SSX9P,Ssxb14,,ambiguous_orthology,False
SSX8P,Ssxb14,,ambiguous_orthology,False
SSX2,Ssxb14,,ambiguous_orthology,False
SSX7,Ssxb14,,ambiguous_orthology,False
SSX1,Ssxb14,,ambiguous_orthology,False
SSX4B,Ssxb14,,ambiguous_orthology,False
SSX3,Ssxb14,,ambiguous_orthology,False
SSX4,Ssxb14,,ambiguous_orthology,False
SSX6P,Ssxb14,,ambiguous_orthology,False
SSX5,Ssxb14,,ambiguous_orthology,False
SSX2B,Ssxb14,,ambiguous_orthology,False
SSX9P,Ssxb6,,ambiguous_orthology,False
SSX8P,Ssxb6,,ambiguous_orthology,False
SSX2,Ssxb6,,ambiguous_orthology,False
SSX7,Ssxb6,,ambiguous_orthology,False
SSX1,Ssxb6,,ambiguous_orthology,False
SSX4B,Ssxb6,,ambiguous_orthology,False
SSX3,Ssxb6,,ambiguous_orthology,False
SSX4,Ssxb6,,ambiguous_orthology,False
SSX6P,Ssxb6,,ambiguous_orthology,False
SSX5,Ssxb6,,ambiguous_orthology,False
SSX2B,Ssxb6,,ambiguous_orthology,False
SSX9P,Ssxb15,,ambiguous_orthology,False
SSX8P,Ssxb15,,ambiguous_orthology,False
SSX2,Ssxb15,,ambiguous_orthology,False
SSX7,Ssxb15,,ambiguous_orthology,False
SSX1,Ssxb15,,ambiguous_orthology,False
SSX4B,Ssxb15,,ambiguous_orthology,False
SSX3,Ssxb15,,ambiguous_orthology,False
SSX4,Ssxb15,,ambiguous_orthology,False
SSX6P,Ssxb15,,ambiguous_orthology,False
SSX5,Ssxb15,,ambiguous_orthology,False
SSX2B,Ssxb15,,ambiguous_orthology,False
SSX9P,Ssxb1,,ambiguous_orthology,False
SSX8P,Ssxb1,,ambiguous_orthology,False
SSX2,Ssxb1,,ambiguous_orthology,False
SSX7,Ssxb1,,ambiguous_orthology,False
SSX1,Ssxb1,,ambiguous_orthology,False
SSX4B,Ssxb1,,ambiguous_orthology,False
SSX3,Ssxb1,,ambiguous_orthology,False
SSX4,Ssxb1,,ambiguous_orthology,False
SSX6P,Ssxb1,,ambiguous_orthology,False
SSX5,Ssxb1,,ambiguous_orthology,False
SSX2B,Ssxb1,,ambiguous_orthology,False
SSX9P,Ssxb10,,ambiguous_orthology,False
SSX8P,Ssxb10,,ambiguous_orthology,False
SSX2,Ssxb10,,ambiguous_orthology,False
SSX7,Ssxb10,,ambiguous_orthology,False
SSX1,Ssxb10,,ambiguous_orthology,False
SSX4B,Ssxb10,,ambiguous_orthology,False
SSX3,Ssxb10,,ambiguous_orthology,False
SSX4,Ssxb10,,ambiguous_orthology,False
SSX6P,Ssxb10,,ambiguous_orthology,False
SSX5,Ssxb10,,ambiguous_orthology,False
SSX2B,Ssxb10,,ambiguous_orthology,False
SSX9P,Ssxb13,,ambiguous_orthology,False
SSX8P,Ssxb13,,ambiguous_orthology,False
SSX2,Ssxb13,,ambiguous_orthology,False
SSX7,Ssxb13,,ambiguous_orthology,False
SSX1,Ssxb13,,ambiguous_orthology,False
SSX4B,Ssxb13,,ambiguous_orthology,False
SSX3,Ssxb13,,ambiguous_orthology,False
SSX4,Ssxb13,,ambiguous_orthology,False
SSX5,Ssxb13,,ambiguous_orthology,False
SSX2B,Ssxb13,,ambiguous_orthology,False
SSX9P,Ssxb5,,ambiguous_orthology,False
SSX8P,Ssxb5,,ambiguous_orthology,False
SSX2,Ssxb5,,ambiguous_orthology,False
SSX7,Ssxb5,,ambiguous_orthology,False
SSX1,Ssxb5,,ambiguous_orthology,False
SSX4B,Ssxb5,,ambiguous_orthology,False
SSX3,Ssxb5,,ambiguous_orthology,False
SSX4,Ssxb5,,ambiguous_orthology,False
SSX6P,Ssxb5,,ambiguous_orthology,False
SSX5,Ssxb5,,ambiguous_orthology,False
SSX2B,Ssxb5,,ambiguous_orthology,False
SSX9P,Ssxb16,,ambiguous_orthology,False
SSX8P,Ssxb16,,ambiguous_orthology,False
SSX2,Ssxb16,,ambiguous_orthology,False
SSX7,Ssxb16,,ambiguous_orthology,False
SSX1,Ssxb16,,ambiguous_orthology,False
SSX4B,Ssxb16,,ambiguous_orthology,False
SSX3,Ssxb16,,ambiguous_orthology,False
SSX4,Ssxb16,,ambiguous_orthology,False
SSX6P,Ssxb16,,ambiguous_orthology,False
SSX5,Ssxb16,,ambiguous_orthology,False
SSX2B,Ssxb16,,ambiguous_orthology,False
SSX9P,Ssxb9,,ambiguous_orthology,False
SSX8P,Ssxb9,,ambiguous_orthology,False
SSX2,Ssxb9,,ambiguous_orthology,False
SSX7,Ssxb9,,ambiguous_orthology,False
SSX1,Ssxb9,,ambiguous_orthology,False
SSX4B,Ssxb9,,ambiguous_orthology,False
SSX3,Ssxb9,,ambiguous_orthology,False
SSX4,Ssxb9,,ambiguous_orthology,False
SSX6P,Ssxb9,,ambiguous_orthology,False
SSX5,Ssxb9,,ambiguous_orthology,False
SSX2B,Ssxb9,,ambiguous_orthology,False
SSX2B,Ssxa1,,ambiguous_orthology,False
SSX2,Ssxa1,,ambiguous_orthology,False
SSX1,Ssxa1,,ambiguous_orthology,False
SSX9P,Ssxb3,,ambiguous_orthology,False
SSX8P,Ssxb3,,ambiguous_orthology,False
SSX2,Ssxb3,,ambiguous_orthology,False
SSX7,Ssxb3,,ambiguous_orthology,False
SSX1,Ssxb3,,ambiguous_orthology,False
SSX4B,Ssxb3,,ambiguous_orthology,False
SSX3,Ssxb3,,ambiguous_orthology,False
SSX4,Ssxb3,,ambiguous_orthology,False
SSX6P,Ssxb3,,ambiguous_orthology,False
SSX5,Ssxb3,,ambiguous_orthology,False
SSX2B,Ssxb3,,ambiguous_orthology,False
SSX2,Ssxb2,,ambiguous_orthology,False
SSX7,Ssxb2,,ambiguous_orthology,False
SSX3,Ssxb2,,ambiguous_orthology,False
SSX6P,Ssxb2,,ambiguous_orthology,False
SSX5,Ssxb2,,ambiguous_orthology,False
SSX2B,Ssxb2,,ambiguous_orthology,False
ST3GAL6,St3gal6,St3gal6,one_to_one,True
ST6GALNAC5,St6galnac5,,one_to_one,False
STAB2,Stab2,,one_to_one,False
STAC2,Stac2,,one_to_one,False
STAM,Stam,Stam,one_to_one,True
STAP1,Stap1,Stap1,one_to_one,True
STARD6,Stard6,Stard6,one_to_one,True
STARD9,Stard9,,one_to_one,False
STEAP1B,Steap1,,ambiguous_orthology,False
STEAP1,Steap1,,ambiguous_orthology,False
STEAP4,Steap4,,one_to_one,False
STK11IP,Stk11ip,Stk11ip,one_to_one,True
STK32C,Stk32c,Stk32c,one_to_one,True
STK4,Stk4,Stk4,one_to_one,True
STKLD1,Stkld1,,one_to_one,False
STON1-GTF2A1L,Ston1,,ambiguous_orthology,False
STON1,Ston1,,ambiguous_orthology,False
STPG3,Stpg3,,one_to_one,False
STRA8,Stra8,,one_to_one,False
STRCP1,Strc,,ambiguous_orthology,False
STRC,Strc,,ambiguous_orthology,False
STRIT1,Strit1,,one_to_one,False
STS,Sts,,one_to_one,False
SUCNR1,Sucnr1,,one_to_one,False
SUGP2,Sugp2,Sugp2,one_to_one,True
SULT6B2P,Sult6b2,,one_to_one,False
SUN3,Sun3,,one_to_one,False
SUN5,Sun5,,one_to_one,False
SURF6,Surf6,Surf6,one_to_one,True
SUSD3,Susd3,Susd3,one_to_one,True
SUV39H2,Suv39h2,Suv39h2,one_to_one,True
SVEP1,Svep1,,one_to_one,False
SWI5,Swi5,Swi5,one_to_one,True
SYCP3,Gm5934,,one_to_one,True
SYCP3,Gm5169,,one_to_one,True
SYCP3,Gm14819,,one_to_one,True
SYCP3,Gm1993,,one_to_one,True
SYCP3,Gm2012,,one_to_one,True
SYCP3,Gm10147,,one_to_one,True
SYCP3,Slx,,one_to_one,True
SYCP3,Gm10230,,one_to_one,True
SYCP3,Gm5168,,one_to_one,True
SYCP3,Gm10058,,one_to_one,True
SYCP3,Gm6121,,one_to_one,True
SYCP3,Gm4297,,one_to_one,True
SYCP3,Gm14525,,one_to_one,True
SYCP3,Gm10486,,one_to_one,True
SYCP3,Gm5935,,one_to_one,True
SYCP3,Gm10487,,one_to_one,True
SYCP3,Gm10488,,one_to_one,True
SYCP3,Gm2030,,one_to_one,True
SYCP3,Gm10096,,one_to_one,True
SYCP3,Gm4836,,one_to_one,True
SYCP3,Gm14632,,one_to_one,True
SYDE1,Syde1,Syde1,one_to_one,True
SYDE2,Syde2,,one_to_one,False
SYNDIG1,Syndig1,,one_to_one,False
SYNGR4,Syngr4,,one_to_one,False
SYNJ2,Synj2,Synj2,one_to_one,True
SYNPO,Synpo,,one_to_one,False
SYT11,Syt11,Syt11,one_to_one,True
SYT3,Syt3,,one_to_one,False
TAAR7P,Taar7f,,one_to_one,False
TAAR7P,Taar7e,,one_to_one,False
TAAR7P,Taar7a,,one_to_one,False
TAAR7P,Taar7b,,one_to_one,False
TAAR7P,Taar7d,,one_to_one,False
TAAR7P,Taar7c-ps,,one_to_one,False
TAAR8,Taar8a,,one_to_one,False
TAAR8,Taar8b,,one_to_one,False
TAAR8,Taar8c,,one_to_one,False
TAF1D,Taf1d,Taf1d,one_to_one,True
TAF3,Taf3,Taf3,one_to_one,True
TAF9,Taf9,,one_to_one,False
TAF9B,Taf9b,Taf9b,one_to_one,True
TAS2R16,Tas2r118,,one_to_one,False
TAS2R46,Tas2r120,,ambiguous_orthology,False
TAS2R43,Tas2r120,,ambiguous_orthology,False
TAS2R19,Tas2r120,,ambiguous_orthology,False
TAS2R36,Tas2r120,,ambiguous_orthology,False
TAS2R50,Tas2r120,,ambiguous_orthology,False
TAS2R45,Tas2r120,,ambiguous_orthology,False
TAS2R31,Tas2r120,,ambiguous_orthology,False
TAS2R30,Tas2r120,,ambiguous_orthology,False
TAS2R33,Tas2r120,,ambiguous_orthology,False
TAS2R20,Tas2r120,,ambiguous_orthology,False
TASL,Tasl,5430427O19Rik,one_to_one,True
TBC1D21,Tbc1d21,,one_to_one,False
TBC1D2B,Tbc1d2b,Tbc1d2b,one_to_one,True
TBC1D8,Tbc1d8,,one_to_one,False
TBC1D9B,Tbc1d9b,Tbc1d9b,one_to_one,True
TBX10,Tbx10,,one_to_one,False
TBXAS1,Tbxas1,,one_to_one,False
TC2N,Tc2n,,one_to_one,False
TCEA2,Tcea2,Tcea2,one_to_one,True
TCEAL1,Tceal1,,one_to_one,False
TCEAL5,Tceal3,Tceal3,ambiguous_orthology,False
TCEAL3,Tceal3,Tceal3,ambiguous_orthology,False
TCEAL5,Tceal5,,one_to_one,False
TCEAL5,Tceal6,,ambiguous_orthology,False
TCEAL6,Tceal6,,ambiguous_orthology,False
TCEAL7,Tceal7,,one_to_one,False
TCEAL8,Tceal8,,one_to_one,False
TCEAL9,Tceal9,Tceal9,one_to_one,True
TCEANC,Tceanc,Tceanc,one_to_one,True
TCFL5,Tcfl5,,one_to_one,False
TCHH,Tchh,,one_to_one,False
TCHHL1,Tchhl1,,one_to_one,False
TCL1A,Tcl1,,one_to_one,False
TCL1B,Tcl1b1,,one_to_one,False
TCL1B,Tcl1b3,,one_to_one,False
TCL1B,Tcl1b2,,one_to_one,False
TCL1B,Tcl1b4,,one_to_one,False
TCL1B,Tcl1b5,,one_to_one,False
TCP11,Tcp11,,one_to_one,False
TCP11X2,Tcp11x2,,one_to_one,False
TCTN3,Tctn3,Tctn3,one_to_one,True
TDRP,Tdrp,Tdrp,one_to_one,True
TEAD2,Tead2,Tead2,one_to_one,True
TEAD4,Tead4,,one_to_one,False
TECPR2,Tecpr2,Tecpr2,one_to_one,True
TEDC2,Tedc2,Tedc2,one_to_one,True
TEDDM1,Teddm1a,,one_to_one,False
TEDDM1,Teddm1b,,one_to_one,False
TEDDM2P,Teddm2,,one_to_one,False
TEDDM3P,Teddm3,,one_to_one,False
TEKT1,Tekt1,,one_to_one,False
TEKT5,Tekt5,,one_to_one,False
TEKTIP1,Tektip1,4930404N11Rik,one_to_one,True
TENT5D,Tent5d,,one_to_one,False
TES,Tesl1,,one_to_one,False
TES,Tes,Tes,one_to_one,True
TESHL,Teshl,,one_to_one,False
TEX101,Tex101,,one_to_one,False
TEX12,Tex12,,one_to_one,False
TEX13A,Tex13a,,ambiguous_orthology,False
TEX13B,Tex13a,,ambiguous_orthology,False
TEX13B,Tex13b,,one_to_one,False
TEX13C,Tex13c1,,one_to_one,False
TEX13C,Tex13d,,ambiguous_orthology,False
TEX13D,Tex13d,,ambiguous_orthology,False
TEX14BP,Arhgap33os,,one_to_one,False
TEX15,Tex15,,one_to_one,False
TEX16P,Tex16,,one_to_one,False
TEX19,Tex19.2,,one_to_one,False
TEX19,Tex19.1,,one_to_one,False
TEX21P,Tex21,,one_to_one,False
TEX22,Tex22,,one_to_one,False
TEX28,Tex28,,one_to_one,False
TEX29,Tex29,,one_to_one,False
TEX35,Tex35,,one_to_one,False
TEX38,Tex38,,one_to_one,False
TEX44,Tex44,,one_to_one,False
TEX46,Tex46,,one_to_one,False
TEX48,Tex48,,one_to_one,False
TEX50,Tex50,,one_to_one,False
TEX51,Tex51,,one_to_one,False
TEX52,Tex52,,one_to_one,False
TEX53,Tex53,,one_to_one,False
TEX54,Tex54,,one_to_one,False
TEX56P,Tex56,,one_to_one,False
TF,Trf,Trf,one_to_one,True
TFAP4,Tfap4,Tfap4,one_to_one,True
TFF1,Tff1,,one_to_one,False
TFF2,Tff2,,one_to_one,False
TFF3,Tff3,,one_to_one,False
TGFB1I1,Tgfb1i1,,one_to_one,False
TGIF2,Tgif2,Tgif2,one_to_one,True
TGIF2LY,Tgif2lx1,,ambiguous_orthology,False
TGIF2LX,Tgif2lx1,,ambiguous_orthology,False
TGIF2LY,Tgif2lx2,,ambiguous_orthology,False
TGIF2LX,Tgif2lx2,,ambiguous_orthology,False
TGM3,Tgm3,,one_to_one,False
TGM4,Tgm4,,one_to_one,False
TGM7,Tgm7,,one_to_one,False
TGOLN2,Tgoln1,Tgoln1,one_to_one,True
TGOLN2,Tgoln2,,one_to_one,True
THAP2,Thap2,Thap2,one_to_one,True
THAP9-AS1,5430416N02Rik,5430416N02Rik,one_to_one,True
THEM7P,Them7,,one_to_one,False
THEMIS3P,Themis3,,one_to_one,False
THNSL1,Thnsl1,Thnsl1,one_to_one,True
THOC2,Thoc2l,D930016D06Rik,one_to_one,True
THOC2,Thoc2,Thoc2,one_to_one,True
THSD1,Thsd1,,one_to_one,False
THUMPD3-AS1,Gt(ROSA)26Sor,Gt(ROSA)26Sor,one_to_one,True
TICAM2,Ticam2,,one_to_one,False
TIFAB,Tifab,,one_to_one,False
TIGD2,Tigd2,Tigd2,one_to_one,True
TIGD3,Tigd3,,one_to_one,False
TIGD4,Tigd4,,one_to_one,False
TIGD5,Tigd5,,one_to_one,False
TIGIT,Tigit,,one_to_one,False
TIMP1,Timp1,,one_to_one,False
TIMP3,Timp3,,one_to_one,False
TINCR,Tincr,,one_to_one,False
TIPARP,Tiparp,Tiparp,one_to_one,True
TLDC2,Tldc2,,one_to_one,False
TLE1,Tle1,,one_to_one,False
TLE4,Tle4,Tle4,one_to_one,True
TLL2,Tll2,,one_to_one,False
TM4SF1,Tm4sf1,,one_to_one,False
TM4SF19,Tm4sf19,,one_to_one,False
TM4SF20,Tm4sf20,,one_to_one,False
TMBIM7P,Tmbim7,,one_to_one,False
TMC3,Tmc3,,one_to_one,False
TMC5,Tmc5,,one_to_one,False
TMC7,Tmc7,,one_to_one,False
TMCO2,Tmco2,,one_to_one,False
TMCO5A,Tmco5a,,one_to_one,False
TMCO5B,Tmco5b,,one_to_one,False
TMDD1,Tmdd1,,one_to_one,False
TMED11P,Tmed11,,one_to_one,False
TMEM102,Tmem102,,one_to_one,False
TMEM109,Tmem109,Tmem109,one_to_one,True
TMEM114,Tmem114,,one_to_one,False
TMEM132D,Tmem132d,,one_to_one,False
TMEM139,Tmem139,,one_to_one,False
TMEM140,Tmem140,Tmem140,one_to_one,True
TMEM143,Tmem143,Tmem143,one_to_one,True
TMEM151A,Tmem151a,,one_to_one,False
TMEM156,Tmem156,Tmem156,one_to_one,True
TMEM158,Tmem158,Tmem158,one_to_one,True
TMEM164,Tmem164,Tmem164,one_to_one,True
TMEM171,Tmem171,,one_to_one,False
TMEM176B,Tmem176b,Tmem176b,one_to_one,True
TMEM181,Tmem181a,Tmem181a,one_to_one,True
TMEM190,Tmem190,,one_to_one,False
TMEM191B,Tmem191,Tmem191c,ambiguous_orthology,False
TMEM191C,Tmem191,Tmem191c,ambiguous_orthology,False
TMEM198B,Tmem198b,Tmem198b,one_to_one,True
TMEM200B,Tmem200b,,one_to_one,False
TMEM202,Tmem202,,one_to_one,False
TMEM207,Tmem207,,one_to_one,False
TMEM210,Tmem210,,one_to_one,False
TMEM212,Tmem212,,one_to_one,False
TMEM213,Tmem213,,one_to_one,False
TMEM215,Tmem215,,one_to_one,False
TMEM217B,Tmem217,,ambiguous_orthology,False
TMEM217,Tmem217,,ambiguous_orthology,False
TMEM217B,Tmem217b,,one_to_one,False
TMEM225,Tmem225,,one_to_one,False
TMEM233,Tmem233,,one_to_one,False
TMEM238L,Tmem238l,,one_to_one,False
TMEM239,Tmem239,,one_to_one,False
TMEM247,Tmem247,,one_to_one,False
TMEM25,Tmem25,,one_to_one,False
TMEM250,Tmem250,Tmem250-ps,one_to_one,True
TMEM252,Tmem252,,one_to_one,False
TMEM255B,Tmem255b,,one_to_one,False
TMEM265,Tmem265,Tmem265,one_to_one,True
TMEM270,Tmem270,,one_to_one,False
TMEM271,Tmem271rt,,one_to_one,False
TMEM273,Tmem273,Tmem273,one_to_one,True
TMEM274P,Tmem274,,one_to_one,False
TMEM275,Tmem275,,one_to_one,False
TMEM278,Tmem278,,one_to_one,False
TMEM35B,Tmem35b,Tmem35b,one_to_one,True
TMEM40,Tmem40,,one_to_one,False
TMEM52,Tmem52,,one_to_one,False
TMEM52B,Tmem52b,,one_to_one,False
TMEM61,Tmem61,,one_to_one,False
TMEM74,Tmem74,,one_to_one,False
TMEM80,Tmem80,Tmem80,one_to_one,True
TMEM87A,Tmem87a,Tmem87a,one_to_one,True
TMEM89,Tmem89,,one_to_one,False
TMEM8B,Tmem8b,,one_to_one,False
TMEM9,Tmem9,Tmem9,one_to_one,True
TMEM92,Tmem92,,one_to_one,False
TMEM95,Tmem95,,one_to_one,False
TMLHE,Tmlhe,Tmlhe,one_to_one,True
TMPRSS11A,Tmprss11a,,one_to_one,False
TMPRSS11B,Tmprss11b,,one_to_one,False
TMPRSS11CP,Tmprss11c,,one_to_one,False
TMPRSS11D,Tmprss11d,,one_to_one,False
TMPRSS11E,Tmprss11e,,one_to_one,False
TMPRSS11F,Tmprss11f,,one_to_one,False
TMPRSS11GP,Tmprss11g,,one_to_one,False
TMPRSS6,Tmprss6,,one_to_one,False
TMSB15A,Tmsb15a,,one_to_one,False
TNFAIP6,Tnfaip6,,one_to_one,False
TNFRSF12A,Tnfrsf12a,Tnfrsf12a,one_to_one,True
TNFRSF13B,Tnfrsf13b,Tnfrsf13b,one_to_one,True
TNFRSF13C,Tnfrsf13c,,one_to_one,False
TNFRSF17,Tnfrsf17,,one_to_one,False
TNFRSF25,Tnfrsf25,Tnfrsf25,one_to_one,True
TNFRSF4,Tnfrsf4,Tnfrsf4,one_to_one,True
TNFRSF8,Tnfrsf8,,one_to_one,False
TNFSF15,Tnfsf15,,one_to_one,False
TNFSF4,Tnfsf4,,one_to_one,False
TNFSF8,Tnfsf8,Tnfsf8,one_to_one,True
TNFSF9,Tnfsf9,Tnfsf9,one_to_one,True
TNIP3,Tnip3,,one_to_one,False
CNOT12,Cnot12,Tnks1bp1,one_to_one,True
TNKS2,Tnks2,Tnks2,one_to_one,True
TNP1,Tnp1,,one_to_one,False
TNP2,Tnp2,,one_to_one,False
TNS4,Tns4,,one_to_one,False
TOB2,Tob2,Tob2,one_to_one,True
TOGARAM2,Togaram2,,one_to_one,False
TOM1L1,Tom1l1,,one_to_one,False
TOMM20L,Tomm20l,,one_to_one,False
TOMM5,Tomm5,Tomm5,one_to_one,True
TOPORSLP,Toporsl,,one_to_one,False
TOR3A,Tor3a,Tor3a,one_to_one,True
TP53COR1,Trp53cor1,,one_to_one,False
TP53RK,Trp53rkb,Trp53rkb,one_to_one,True
TP53TG5,Trp53tg5,,one_to_one,False
TPD52L3,Trpd52l3,,one_to_one,False
TPPP,Tppp,,one_to_one,False
TRAC,Trac,Trac,ambiguous_orthology,False
TRA,Trac,Trac,ambiguous_orthology,False
TRAF3IP2-AS1,Traf3ip2os1,E130307A14Rik,one_to_one,True
TRAJ17,Traj17,,one_to_one,False
TRAJ23,Traj23,,one_to_one,False
TRAJ31,Traj31,,one_to_one,False
TRAJ32,Traj32,,one_to_one,False
TRAJ33,Traj33,,one_to_one,False
TRAJ38,Traj38,,one_to_one,False
TRAJ39,Traj39,,one_to_one,False
TRAJ40,Traj40,,one_to_one,False
TRAJ48,Traj48,,one_to_one,False
TRAJ52,Traj52,,one_to_one,False
TRAJ53,Traj53,,one_to_one,False
TRAJ57,Traj57,,one_to_one,False
TRAJ7,Traj7,,one_to_one,False
TRANK1,Trank1,,one_to_one,False
TRAPPC9,Trappc9,Trappc9,one_to_one,True
TRAT1,Trat1,Trat1,one_to_one,True
TRAV12-1,Trav7d-6,,ambiguous_orthology,False
TRAV12-3,Trav7d-6,,ambiguous_orthology,False
TRAV12-2,Trav7d-6,,ambiguous_orthology,False
TRAV12-1,Trav7-6,,ambiguous_orthology,False
TRAV12-3,Trav7-6,,ambiguous_orthology,False
TRAV12-2,Trav7-6,,ambiguous_orthology,False
TRAV12-1,Trav7n-4,,ambiguous_orthology,False
TRAV12-3,Trav7n-4,,ambiguous_orthology,False
TRAV12-2,Trav7n-4,,ambiguous_orthology,False
TRAV12-1,Trav7n-5,,ambiguous_orthology,False
TRAV12-3,Trav7n-5,,ambiguous_orthology,False
TRAV12-2,Trav7n-5,,ambiguous_orthology,False
TRAV12-1,Trav7d-3,,ambiguous_orthology,False
TRAV12-3,Trav7d-3,,ambiguous_orthology,False
TRAV12-2,Trav7d-3,,ambiguous_orthology,False
TRAV12-1,Trav7-5,,ambiguous_orthology,False
TRAV12-3,Trav7-5,,ambiguous_orthology,False
TRAV12-2,Trav7-5,,ambiguous_orthology,False
TRAV12-1,Trav7-3,,ambiguous_orthology,False
TRAV12-3,Trav7-3,,ambiguous_orthology,False
TRAV12-2,Trav7-3,,ambiguous_orthology,False
TRAV12-1,Trav7-2,,ambiguous_orthology,False
TRAV12-3,Trav7-2,,ambiguous_orthology,False
TRAV12-2,Trav7-2,,ambiguous_orthology,False
TRAV12-1,Trav7n-6,,ambiguous_orthology,False
TRAV12-3,Trav7n-6,,ambiguous_orthology,False
TRAV12-2,Trav7n-6,,ambiguous_orthology,False
TRAV12-1,Trav7-1,,ambiguous_orthology,False
TRAV12-3,Trav7-1,,ambiguous_orthology,False
TRAV12-2,Trav7-1,,ambiguous_orthology,False
TRAV12-1,Trav7-4,,ambiguous_orthology,False
TRAV12-3,Trav7-4,,ambiguous_orthology,False
TRAV12-2,Trav7-4,,ambiguous_orthology,False
TRAV12-1,Trav7d-4,,ambiguous_orthology,False
TRAV12-3,Trav7d-4,,ambiguous_orthology,False
TRAV12-2,Trav7d-4,,ambiguous_orthology,False
TRAV12-1,Trav7d-2,,ambiguous_orthology,False
TRAV12-3,Trav7d-2,,ambiguous_orthology,False
TRAV12-2,Trav7d-2,,ambiguous_orthology,False
TRAV12-1,Trav7d-5,,ambiguous_orthology,False
TRAV12-3,Trav7d-5,,ambiguous_orthology,False
TRAV12-2,Trav7d-5,,ambiguous_orthology,False
TRAV14DV4,Trav16n,,ambiguous_orthology,False
TRAV19,Trav16n,,ambiguous_orthology,False
TRAV14DV4,Trav16d-dv11,,ambiguous_orthology,False
TRAV19,Trav16d-dv11,,ambiguous_orthology,False
TRAV18,Trav12d-2,,one_to_one,False
TRAV18,Trav12d-3,,one_to_one,False
TRAV18,Trav12-1,,one_to_one,False
TRAV18,Trav12n-2,,one_to_one,False
TRAV18,Trav12-3,,one_to_one,False
TRAV18,Trav12n-1,,one_to_one,False
TRAV18,Trav12n-3,,one_to_one,False
TRAV18,Trav12d-1,,one_to_one,False
TRAV18,Trav12-2,,one_to_one,False
TRAV22,Trav13-5,,one_to_one,False
TRAV22,Trav13n-4,,one_to_one,False
TRAV22,Trav13-2,,one_to_one,False
TRAV22,Trav13d-2,,one_to_one,False
TRAV22,Trav13n-2,,one_to_one,False
TRAV22,Trav13d-3,,one_to_one,False
TRAV22,Trav13-1,,one_to_one,False
TRAV22,Trav13n-3,,one_to_one,False
TRAV22,Trav13n-1,,one_to_one,False
TRAV22,Trav13-4-dv7,,one_to_one,False
TRAV22,Trav13d-4,,one_to_one,False
TRAV22,Trav13d-1,,one_to_one,False
TRAV23DV6,Trav14n-1,,one_to_one,False
TRAV23DV6,Trav14n-3,,one_to_one,False
TRAV23DV6,Trav14n-2,,one_to_one,False
TRAV23DV6,Trav14-3,,one_to_one,False
TRAV23DV6,Trav14d-2,,one_to_one,False
TRAV23DV6,Trav14-1,,one_to_one,False
TRAV23DV6,Trav14d-3-dv8,,one_to_one,False
TRAV23DV6,Trav14-2,,one_to_one,False
TRAV27,Trav18,,one_to_one,False
TRAV29DV5,Trav19,,one_to_one,False
TRAV38-2DV8,Trdv2-2,,ambiguous_orthology,False
TRAV38-1,Trdv2-2,,ambiguous_orthology,False
TRAV39,Trav23,,one_to_one,False
TRAV8-3,Trav9n-2,,ambiguous_orthology,False
TRAV8-1,Trav9n-2,,ambiguous_orthology,False
TRAV8-3,Trav9-1,,ambiguous_orthology,False
TRAV8-1,Trav9-1,,ambiguous_orthology,False
TRAV8-3,Trav9d-2,,ambiguous_orthology,False
TRAV8-1,Trav9d-2,,ambiguous_orthology,False
TRAV8-3,Trav9n-4,,one_to_one,False
TRAV8-3,Trav9d-1,,one_to_one,False
TRAV8-3,Trav17,,one_to_one,False
TRAV8-3,Trav9d-4,,one_to_one,False
TRAV8-3,Trav9-2,,one_to_one,False
TRAV8-3,Trav9n-3,,one_to_one,False
TRAV8-3,Trav9-4,,one_to_one,False
TRAV8-3,Trav9d-3,,one_to_one,False
TRAV9-1,Trav6-5,,one_to_one,False
TRAV9-1,Trav6n-5,,one_to_one,False
TRAV9-1,Trav6d-5,,one_to_one,False
TRAV9-2,Trav6-3,,one_to_one,False
TRAV9-2,Trav6-4,,one_to_one,False
TRAV9-2,Trav6d-7,,one_to_one,False
TRAV9-2,Trav6d-6,,one_to_one,False
TRAV9-2,Trav6d-4,,one_to_one,False
TRAV9-2,Trav6n-7,,one_to_one,False
TRAV9-2,Trav6d-3,,one_to_one,False
TRAV9-2,Trav6n-6,,one_to_one,False
TRAV9-2,Trav6-6,,one_to_one,False
TRAV9-2,Trav6-1,,one_to_one,False
TRAV9-2,Trav6-2,,one_to_one,False
TRAV9-2,Trav6-7-dv9,,one_to_one,False
TRBC2,Trbc2,Trbc2,ambiguous_orthology,False
TRBC1,Trbc2,Trbc2,ambiguous_orthology,False
TRB,Trbc2,Trbc2,ambiguous_orthology,False
TRBC2,Trbc1,Trbc1,ambiguous_orthology,False
TRBC1,Trbc1,Trbc1,ambiguous_orthology,False
TRB,Trbc1,Trbc1,ambiguous_orthology,False
TRBJ2-5,Trbj2-5,,one_to_one,False
TRBV10-3,Trbv13-3,Trbv13-3,ambiguous_orthology,False
TRBV10-2,Trbv13-3,Trbv13-3,ambiguous_orthology,False
TRBV10-1,Trbv13-3,Trbv13-3,ambiguous_orthology,False
TRBV10-3,Trbv13-2,Trbv13-2,ambiguous_orthology,False
TRBV10-2,Trbv13-2,Trbv13-2,ambiguous_orthology,False
TRBV10-1,Trbv13-2,Trbv13-2,ambiguous_orthology,False
TRBV10-3,Trbv13-1,Trbv13-1,ambiguous_orthology,False
TRBV10-2,Trbv13-1,Trbv13-1,ambiguous_orthology,False
TRBV10-1,Trbv13-1,Trbv13-1,ambiguous_orthology,False
TRBV11-1,Trbv14,,ambiguous_orthology,False
TRBV11-3,Trbv14,,ambiguous_orthology,False
TRBV11-2,Trbv14,,ambiguous_orthology,False
TRBV12-3,Trbv15,,ambiguous_orthology,False
TRBV12-4,Trbv15,,ambiguous_orthology,False
TRBV12-5,Trbv16,,one_to_one,False
TRBV13,Trbv12-1,,one_to_one,False
TRBV13,Trbv12-2,Trbv12-2,one_to_one,True
TRBV15,Trbv17,,one_to_one,False
TRBV19,Trbv19,,one_to_one,False
TRBV2,Trbv3,,one_to_one,False
TRBV20-1,Trbv20,,ambiguous_orthology,False
TRBV20OR9-2,Trbv20,,ambiguous_orthology,False
TRBV23-1,Trbv26,,one_to_one,False
TRBV23-1,Trbv23,,one_to_one,False
TRBV28,Trbv29,Trbv29,one_to_one,True
TRBV29-1,Trbv30,,one_to_one,False
TRBV3-1,Trbv4,,one_to_one,False
TRBV30,Trbv31,,one_to_one,False
TRBV4-2,Trbv5,,ambiguous_orthology,False
TRBV4-1,Trbv5,,ambiguous_orthology,False
TRBV4-3,Trbv5,,ambiguous_orthology,False
TRDJ1,Trdj1,,one_to_one,False
TRDJ3,Trdj2,,one_to_one,False
TRDV1,Trav15n-1,,one_to_one,False
TRDV1,Trav15d-1-dv6d-1,,one_to_one,False
TRDV1,Trav15d-2-dv6d-2,,one_to_one,False
TRDV1,Trav15-1-dv6-1,,one_to_one,False
TRDV1,Trav15n-2,,one_to_one,False
TRDV1,Trav15-2-dv6-2,,one_to_one,False
TRDV2,Trdv4,,one_to_one,False
TRDV3,Trdv5,,one_to_one,False
TREM1,Trem1,,one_to_one,False
TREM2,Trem2,,one_to_one,False
TREML1,Treml1,,one_to_one,False
TREML2,Treml2,Treml2,one_to_one,True
TREML4,Treml4,,one_to_one,False
TRERF1,Trerf1,Trerf1,one_to_one,True
TRGC1,Trgc1,Tcrg-C1,ambiguous_orthology,False
TRGC2,Trgc1,Tcrg-C1,ambiguous_orthology,False
TRGC1,Trgc2,Tcrg-C2,ambiguous_orthology,False
TRGC2,Trgc2,Tcrg-C2,ambiguous_orthology,False
TRGC1,Trgc4,Tcrg-C4,ambiguous_orthology,False
TRGC2,Trgc4,Tcrg-C4,ambiguous_orthology,False
TRGC1,Trgc3,,ambiguous_orthology,False
TRGC2,Trgc3,,ambiguous_orthology,False
TRGV1,Trgv7,,ambiguous_orthology,False
TRGV2,Trgv7,,ambiguous_orthology,False
TRGV4,Trgv7,,ambiguous_orthology,False
TRGV5,Trgv7,,ambiguous_orthology,False
TRGV8,Trgv7,,ambiguous_orthology,False
TRGV3,Trgv7,,ambiguous_orthology,False
TRGV11,Trgv3,,one_to_one,False
TRGV11,Trgv2,Trgv2,one_to_one,True
TRGV11,Trgv4,Tcrg-V4,one_to_one,True
TRGV11,Trgv1,Tcrg-V1,one_to_one,True
TRGV9,Trgv5,,one_to_one,False
TRIM10,Trim10,,one_to_one,False
TRIM15,Trim15,,one_to_one,False
TRIM26,Trim26,Trim26,one_to_one,True
TRIM28,Trim28,Trim28,one_to_one,True
TRIM31,Trim31,,one_to_one,False
TRIM41,Trim41,Trim41,one_to_one,True
TRIM42,Trim42,,one_to_one,False
TRIM47,Trim47,,one_to_one,False
TRIM48,Trim30b,,one_to_one,False
TRIM52,Trim52,,one_to_one,False
TRIM56,Trim56,Trim56,one_to_one,True
TRIM67,Trim67,,one_to_one,False
TRMO,Trmo,Trmo,one_to_one,True
TRNP1,Trnp1,,one_to_one,False
TRPC5OS,Trpc5os,,one_to_one,False
TRPM8,Trpm8,,one_to_one,False
TRPV3,Trpv3,,one_to_one,False
TSACC,Tsacc,Tsacc,one_to_one,True
TSBP1,Tsbp1,,one_to_one,False
TSC22D4,Tsc22d4,Tsc22d4,one_to_one,True
TSGA10IP,Tsga10ip,,one_to_one,False
TSGA13,Tsga13,,one_to_one,False
TSHZ2,Tshz2,,one_to_one,False
TSIX,Tsix,Tsix,one_to_one,True
TSKS,Tsks,,one_to_one,False
TSLP,Tslp,,one_to_one,False
TSPAN32,Tspan32,Tspan32,one_to_one,True
TSPAN8,Tspan8,,one_to_one,False
TSPOAP1,Tspoap1,Tspoap1,one_to_one,True
TSSK1B,Tssk1,,ambiguous_orthology,False
TSSK1A,Tssk1,,ambiguous_orthology,False
TSSK2,Tssk2,,one_to_one,False
TSSK3,Tssk3,,one_to_one,False
TSSK4,Tssk4,,one_to_one,False
TSSK5P,Tssk5,,one_to_one,False
TSTD2,Tstd2,Tstd2,one_to_one,True
TTC16,Ttc16,,one_to_one,False
TTC23L,Ttc23l,,one_to_one,False
TTC24,Ttc24,,one_to_one,False
TTC39B,Ttc39b,Ttc39b,one_to_one,True
TTC39DP,Ttc39d,,one_to_one,False
TTC9,Ttc9,,one_to_one,False
TUBB3,Tubb3,,one_to_one,False
TUG1,Tug1,Tug1,one_to_one,True
TUSC1,Tusc1,Tusc1,one_to_one,True
TVP23A,Tvp23a,,one_to_one,False
TXNRD1,Txnrd1,Txnrd1,one_to_one,True
TZMP1,Tzmp1,Smim27,one_to_one,True
U2AF1L4,U2af1l4,U2af1l4,one_to_one,True
UBASH3A,Ubash3a,Ubash3a,one_to_one,True
UBD,Ubd,,one_to_one,False
UBE2L6,Ube2l6,,one_to_one,False
UBE2M,Ube2m,Ube2m,one_to_one,True
UBE2Q1,Ube2q1,Ube2q1,one_to_one,True
UBE2U,Ube2u,,one_to_one,False
UBL4B,Ubl4b,,one_to_one,False
UBP1,Ubp1,Ubp1,one_to_one,True
UBQLN1,Ubqln1,Ubqln1,one_to_one,True
UBQLN2,Ubqln2,Ubqln2,one_to_one,True
UBQLN3,Ubqln3,,one_to_one,False
UBQLNL,Ubqlnl,,one_to_one,False
UBXN2B,Ubxn2b,Ubxn2b,one_to_one,True
UGT3A2,Ugt3a1,,ambiguous_orthology,False
UGT3A1,Ugt3a1,,ambiguous_orthology,False
UGT3A2,Ugt3a2,,ambiguous_orthology,False
UGT3A1,Ugt3a2,,ambiguous_orthology,False
UHRF2,Uhrf2,Uhrf2,one_to_one,True
ULBP2,Ulbp1,Ulbp1,ambiguous_orthology,False
ULBP1,Ulbp1,Ulbp1,ambiguous_orthology,False
ULBP3,Ulbp1,Ulbp1,ambiguous_orthology,False
ULBP3,Ulbp3,,one_to_one,False
UNC5CL,Unc5cl,Unc5cl,one_to_one,True
UNC79,Unc79,,one_to_one,False
UNC80,Unc80,,one_to_one,False
UPK1B,Upk1b,,one_to_one,False
UPK3A,Upk3a,,one_to_one,False
UPK3BL1,Upk3bl,,one_to_one,False
UQCC5,Uqcc5,Smim4,one_to_one,True
URB1,Urb1,Urb1,one_to_one,True
USF2,Usf2,Usf2,one_to_one,True
USF3,Usf3,Usf3,one_to_one,True
USP17L18,Usp17lb,,ambiguous_orthology,False
USP17L4,Usp17lb,,ambiguous_orthology,False
USP17L6P,Usp17lb,,ambiguous_orthology,False
USP17L15,Usp17lb,,ambiguous_orthology,False
USP17L13,Usp17lb,,ambiguous_orthology,False
USP17L10,Usp17lb,,ambiguous_orthology,False
USP17L12,Usp17lb,,ambiguous_orthology,False
USP17L1,Usp17lb,,ambiguous_orthology,False
USP17L27,Usp17lb,,ambiguous_orthology,False
USP17L29,Usp17lb,,ambiguous_orthology,False
USP17L11,Usp17lb,,ambiguous_orthology,False
USP17L7,Usp17lb,,ambiguous_orthology,False
USP17L21,Usp17lb,,ambiguous_orthology,False
USP17L2,Usp17lb,,ambiguous_orthology,False
USP17L3,Usp17lb,,ambiguous_orthology,False
USP17L8,Usp17lb,,ambiguous_orthology,False
USP17L22,Usp17lb,,ambiguous_orthology,False
USP17L5,Usp17lb,,ambiguous_orthology,False
USP17L26,Usp17lb,,ambiguous_orthology,False
USP17L30,Usp17lb,,ambiguous_orthology,False
USP17L17,Usp17lb,,ambiguous_orthology,False
USP17L19,Usp17lb,,ambiguous_orthology,False
USP17L25,Usp17lb,,ambiguous_orthology,False
USP17L24,Usp17lb,,ambiguous_orthology,False
USP17L20,Usp17lb,,ambiguous_orthology,False
USP17L28,Usp17lb,,ambiguous_orthology,False
USP17L18,Usp17ld,,ambiguous_orthology,False
USP17L4,Usp17ld,,ambiguous_orthology,False
USP17L6P,Usp17ld,,ambiguous_orthology,False
USP17L15,Usp17ld,,ambiguous_orthology,False
USP17L13,Usp17ld,,ambiguous_orthology,False
USP17L10,Usp17ld,,ambiguous_orthology,False
USP17L12,Usp17ld,,ambiguous_orthology,False
USP17L1,Usp17ld,,ambiguous_orthology,False
USP17L27,Usp17ld,,ambiguous_orthology,False
USP17L29,Usp17ld,,ambiguous_orthology,False
USP17L11,Usp17ld,,ambiguous_orthology,False
USP17L7,Usp17ld,,ambiguous_orthology,False
USP17L21,Usp17ld,,ambiguous_orthology,False
USP17L2,Usp17ld,,ambiguous_orthology,False
USP17L3,Usp17ld,,ambiguous_orthology,False
USP17L8,Usp17ld,,ambiguous_orthology,False
USP17L22,Usp17ld,,ambiguous_orthology,False
USP17L5,Usp17ld,,ambiguous_orthology,False
USP17L26,Usp17ld,,ambiguous_orthology,False
USP17L30,Usp17ld,,ambiguous_orthology,False
USP17L17,Usp17ld,,ambiguous_orthology,False
USP17L19,Usp17ld,,ambiguous_orthology,False
USP17L25,Usp17ld,,ambiguous_orthology,False
USP17L24,Usp17ld,,ambiguous_orthology,False
USP17L20,Usp17ld,,ambiguous_orthology,False
USP17L28,Usp17ld,,ambiguous_orthology,False
USP17L18,Usp17lc,,ambiguous_orthology,False
USP17L4,Usp17lc,,ambiguous_orthology,False
USP17L6P,Usp17lc,,ambiguous_orthology,False
USP17L15,Usp17lc,,ambiguous_orthology,False
USP17L13,Usp17lc,,ambiguous_orthology,False
USP17L10,Usp17lc,,ambiguous_orthology,False
USP17L12,Usp17lc,,ambiguous_orthology,False
USP17L1,Usp17lc,,ambiguous_orthology,False
USP17L27,Usp17lc,,ambiguous_orthology,False
USP17L29,Usp17lc,,ambiguous_orthology,False
USP17L11,Usp17lc,,ambiguous_orthology,False
USP17L7,Usp17lc,,ambiguous_orthology,False
USP17L21,Usp17lc,,ambiguous_orthology,False
USP17L2,Usp17lc,,ambiguous_orthology,False
USP17L3,Usp17lc,,ambiguous_orthology,False
USP17L8,Usp17lc,,ambiguous_orthology,False
USP17L22,Usp17lc,,ambiguous_orthology,False
USP17L5,Usp17lc,,ambiguous_orthology,False
USP17L26,Usp17lc,,ambiguous_orthology,False
USP17L30,Usp17lc,,ambiguous_orthology,False
USP17L17,Usp17lc,,ambiguous_orthology,False
USP17L19,Usp17lc,,ambiguous_orthology,False
USP17L25,Usp17lc,,ambiguous_orthology,False
USP17L24,Usp17lc,,ambiguous_orthology,False
USP17L20,Usp17lc,,ambiguous_orthology,False
USP17L28,Usp17lc,,ambiguous_orthology,False
USP17L18,Usp17le,,ambiguous_orthology,False
USP17L4,Usp17le,,ambiguous_orthology,False
USP17L6P,Usp17le,,ambiguous_orthology,False
USP17L15,Usp17le,,ambiguous_orthology,False
USP17L13,Usp17le,,ambiguous_orthology,False
USP17L10,Usp17le,,ambiguous_orthology,False
USP17L12,Usp17le,,ambiguous_orthology,False
USP17L1,Usp17le,,ambiguous_orthology,False
USP17L27,Usp17le,,ambiguous_orthology,False
USP17L29,Usp17le,,ambiguous_orthology,False
USP17L11,Usp17le,,ambiguous_orthology,False
USP17L7,Usp17le,,ambiguous_orthology,False
USP17L21,Usp17le,,ambiguous_orthology,False
USP17L2,Usp17le,,ambiguous_orthology,False
USP17L3,Usp17le,,ambiguous_orthology,False
USP17L8,Usp17le,,ambiguous_orthology,False
USP17L22,Usp17le,,ambiguous_orthology,False
USP17L5,Usp17le,,ambiguous_orthology,False
USP17L26,Usp17le,,ambiguous_orthology,False
USP17L30,Usp17le,,ambiguous_orthology,False
USP17L17,Usp17le,,ambiguous_orthology,False
USP17L19,Usp17le,,ambiguous_orthology,False
USP17L25,Usp17le,,ambiguous_orthology,False
USP17L24,Usp17le,,ambiguous_orthology,False
USP17L20,Usp17le,,ambiguous_orthology,False
USP17L28,Usp17le,,ambiguous_orthology,False
USP17L18,Usp17la,,ambiguous_orthology,False
USP17L4,Usp17la,,ambiguous_orthology,False
USP17L6P,Usp17la,,ambiguous_orthology,False
USP17L15,Usp17la,,ambiguous_orthology,False
USP17L13,Usp17la,,ambiguous_orthology,False
USP17L10,Usp17la,,ambiguous_orthology,False
USP17L12,Usp17la,,ambiguous_orthology,False
USP17L1,Usp17la,,ambiguous_orthology,False
USP17L27,Usp17la,,ambiguous_orthology,False
USP17L29,Usp17la,,ambiguous_orthology,False
USP17L11,Usp17la,,ambiguous_orthology,False
USP17L7,Usp17la,,ambiguous_orthology,False
USP17L21,Usp17la,,ambiguous_orthology,False
USP17L2,Usp17la,,ambiguous_orthology,False
USP17L3,Usp17la,,ambiguous_orthology,False
USP17L8,Usp17la,,ambiguous_orthology,False
USP17L22,Usp17la,,ambiguous_orthology,False
USP17L5,Usp17la,,ambiguous_orthology,False
USP17L26,Usp17la,,ambiguous_orthology,False
USP17L30,Usp17la,,ambiguous_orthology,False
USP17L17,Usp17la,,ambiguous_orthology,False
USP17L19,Usp17la,,ambiguous_orthology,False
USP17L25,Usp17la,,ambiguous_orthology,False
USP17L24,Usp17la,,ambiguous_orthology,False
USP17L20,Usp17la,,ambiguous_orthology,False
USP17L28,Usp17la,,ambiguous_orthology,False
USP26,Usp26,,one_to_one,False
USP29,Usp29,,one_to_one,False
USP3,Usp3,Usp3,one_to_one,True
USP31,Usp31,Usp31,one_to_one,True
USP35,Usp35,Usp35,one_to_one,True
USP38,Usp38,Usp38,one_to_one,True
USP50,Usp50,Usp50,one_to_one,True
UTF1,Utf1,Utf1,one_to_one,True
UTP14A,Utp14b,Utp14b,one_to_one,True
UTP14A,Utp14a,Utp14a,ambiguous_orthology,True
UTP14C,Utp14a,Utp14a,ambiguous_orthology,False
UTS2R,Uts2r,,one_to_one,False
VAMP9P,Vamp9,,one_to_one,False
VARS1,Vars1,Vars,one_to_one,True
VAV1,Vav1,Vav1,one_to_one,True
VCF1,Vcf1,Fam104a,one_to_one,True
VINAC1P,Vinac1,,one_to_one,False
VN1R5,Vmn1r11,,ambiguous_orthology,False
VN1R17P,Vmn1r11,,ambiguous_orthology,False
VN1R17P,Vmn1r49,,one_to_one,False
VN1R17P,Vmn1r42,,one_to_one,False
VN1R5,Vmn1r29,,ambiguous_orthology,False
VN1R17P,Vmn1r29,,ambiguous_orthology,False
VN1R5,Vmn1r4,,ambiguous_orthology,False
VN1R17P,Vmn1r4,,ambiguous_orthology,False
VN1R5,Vmn1r24,,ambiguous_orthology,False
VN1R17P,Vmn1r24,,ambiguous_orthology,False
VN1R17P,Vmn1r46,,one_to_one,False
VN1R17P,Vmn1r53,,one_to_one,False
VN1R17P,Vmn1r44,,one_to_one,False
VN1R5,Vmn1r15,,ambiguous_orthology,False
VN1R17P,Vmn1r15,,ambiguous_orthology,False
VN1R17P,Vmn1r50,,one_to_one,False
VN1R5,Vmn1r16,,ambiguous_orthology,False
VN1R17P,Vmn1r16,,ambiguous_orthology,False
VN1R17P,Vmn1r41,,one_to_one,False
VN1R17P,Vmn1r54,,one_to_one,False
VN1R17P,Vmn1r48,,one_to_one,False
VN1R5,Vmn1r22,,ambiguous_orthology,False
VN1R17P,Vmn1r22,,ambiguous_orthology,False
VN1R3,Vmn1r231,,one_to_one,False
VN1R5,Vmn1r28,,one_to_one,False
VN1R5,Vmn1r25,,one_to_one,False
VN1R5,Vmn1r30,,one_to_one,False
VN1R5,Vmn1r18,,one_to_one,False
VNN1,Vnn1,,one_to_one,False
VNN3P,Vnn3,,one_to_one,False
VPREB1,Vpreb1a,Vpreb1,one_to_one,True
VPREB1,Vpreb1b,,one_to_one,True
VPREB3,Vpreb3,,one_to_one,False
VPS13B,Vps13b,Vps13b,one_to_one,True
VPS35,Vps35,Vps35,one_to_one,True
VPS52,Vps52,Vps52,one_to_one,True
VRK2,Vrk2,Vrk2,one_to_one,True
VSIG1,Vsig1,,one_to_one,False
VSIG10L2,Vsig10l2,,one_to_one,False
VSIG2,Vsig2,,one_to_one,False
VSIG4,Vsig4,,one_to_one,False
VSTM5,Vstm5,,one_to_one,False
VWA3B,Vwa3b,,one_to_one,False
VWCE,Vwce,,one_to_one,False
VXN,Vxn,,one_to_one,False
WDR20,Wdr20rt,,one_to_one,True
WDR36,Wdr36,Wdr36,one_to_one,True
WDR49,Wdr49,,one_to_one,False
WDR64,Wdr64,,one_to_one,False
WDR7,Wdr7,Wdr7,one_to_one,True
WDR70,Wdr70,Wdr70,one_to_one,True
WDR72,Wdr72,,one_to_one,False
WDR86,Wdr86,,one_to_one,False
WDR87,Wdr87,,one_to_one,False
WDR88,Wdr88,,one_to_one,False
WFDC10A,Wfdc10,,ambiguous_orthology,False
WFDC10B,Wfdc10,,ambiguous_orthology,False
WFDC11,Wfdc11,,one_to_one,False
WFDC12,Wfdc12,,one_to_one,False
WFDC13,Wfdc13,,one_to_one,False
WFDC21P,Wfdc21,,one_to_one,False
WFDC3,Wfdc3,,one_to_one,False
WFDC5,Wfdc5,,one_to_one,False
WFDC8,Wfdc8,,one_to_one,False
WFDC9,Wfdc9,,one_to_one,False
WHAMM,Whamm,Whamm,one_to_one,True
WLS,Wls,Wls,one_to_one,True
WT1-AS,Wt1os,,one_to_one,False
WWC2,Wwc2,Wwc2,one_to_one,True
WWP1,Wwp1,Wwp1,one_to_one,True
XCL2,Xcl1,Xcl1,ambiguous_orthology,False
XCL1,Xcl1,Xcl1,ambiguous_orthology,False
XIST,Xist,Xist,one_to_one,True
XPC,Xpc,Xpc,one_to_one,True
XPNPEP1,Xpnpep1,Xpnpep1,one_to_one,True
XPO5,Xpo5,Xpo5,one_to_one,True
YBX2,Ybx2,,one_to_one,False
YBX3,Ybx3,Ybx3,one_to_one,True
YME1L1,Yme1l1,Yme1l1,one_to_one,True
YPEL4,Ypel4,,one_to_one,False
YY2,Yy2,,one_to_one,False
ZBED3,Zbed3,Zbed3,one_to_one,True
ZBED5,Chchd2l2,,one_to_one,False
ZBED6,Zbed6,Gm38394,one_to_one,True
ZBP1,Zbp1,Zbp1,one_to_one,True
ZBTB39,Zbtb39,Zbtb39,one_to_one,True
ZBTB5,Zbtb5,Zbtb5,one_to_one,True
ZBTB6,Zbtb6,Zbtb6,one_to_one,True
ZBTB7C,Zbtb7c,,one_to_one,False
ZBTB9,Zbtb9,Zbtb9,one_to_one,True
ZC3H12C,Zc3h12c,,one_to_one,False
ZC3H12D,Zc3h12d,Zc3h12d,one_to_one,True
ZC3H6,Zc3h6,Zc3h6,one_to_one,True
ZC3H8,Zc3h8,Zc3h8,one_to_one,True
ZC3HAV1L,Zc3hav1l,Zc3hav1l,one_to_one,True
ZCCHC10,Zcchc10,Zcchc10,one_to_one,True
ZCCHC18,Zcchc12,,ambiguous_orthology,False
ZCCHC12,Zcchc12,,ambiguous_orthology,False
ZCCHC18,Zcchc18,Zcchc18,ambiguous_orthology,False
ZCCHC12,Zcchc18,Zcchc18,ambiguous_orthology,False
ZCCHC3,Zcchc3,,one_to_one,False
ZCWPW1,Zcwpw1,Zcwpw1,one_to_one,True
ZCWPW2,Zcwpw2,,one_to_one,False
ZDHHC19,Zdhhc19,,one_to_one,False
ZEB1-AS1,Zeb1os1,Gm10125,one_to_one,True
ZEB2-AS1,Zeb2os,,one_to_one,False
ZFAS1,Zfas1,Zfas1,one_to_one,True
ZFC3H1,Zfc3h1,Zfc3h1,one_to_one,True
ZFP14,Zfp14,Zfp14,one_to_one,True
ZFP2,Zfp2,,one_to_one,False
ZFP28,Zfp28,Zfp28,one_to_one,True
ZFP3,Zfp3,Zfp3,one_to_one,True
ZFP30,Zfp30,,one_to_one,False
ZFP37,Zfp37,,one_to_one,False
ZFP41,Zfp41,Zfp41,one_to_one,True
ZFP42,Zfp42,,one_to_one,False
ZFP57,Zfp57,,one_to_one,False
ZFP62,Zfp62,Zfp62,one_to_one,True
ZFP69,Zfp69,,one_to_one,False
ZFP82,Zfp82,Zfp82,one_to_one,True
ZFP90,Zfp90,Zfp90,one_to_one,True
ZFP92,Zfp92,,one_to_one,False
ZG16,Zg16,,one_to_one,False
ZG16B,Sbpl,,one_to_one,False
ZG16B,Sbp,,one_to_one,False
ZGRF1,Zgrf1,Zgrf1,one_to_one,True
ZHX1,Zhx1,Zhx1,one_to_one,True
ZIK1,Zik1,,one_to_one,False
ZKSCAN1,Zkscan1,Zkscan1,one_to_one,True
ZKSCAN2,Zkscan2,,one_to_one,False
ZKSCAN4,Zkscan3,Zkscan3,ambiguous_orthology,False
ZKSCAN3,Zkscan3,Zkscan3,ambiguous_orthology,False
ZKSCAN4,Zkscan4,,one_to_one,False
ZKSCAN5,Zkscan5,Zkscan5,one_to_one,True
ZKSCAN8,Zkscan8,Zkscan8,one_to_one,True
ZKSCAN8P1,Zfp973,,ambiguous_orthology,False
ZNF501,Zfp973,,ambiguous_orthology,False
ZKSCAN8P1,Zfp935,Gm49359,ambiguous_orthology,False
ZNF501,Zfp935,Gm49359,ambiguous_orthology,False
ZKSCAN8P1,Zfp1002,,ambiguous_orthology,False
ZNF501,Zfp1002,,ambiguous_orthology,False
ZKSCAN8P1,Zfp965,,ambiguous_orthology,False
ZNF501,Zfp965,,ambiguous_orthology,False
ZKSCAN8P1,Gm14401,,ambiguous_orthology,False
ZNF501,Gm14401,,ambiguous_orthology,False
ZMYM1,Zmym1,Zmym1,one_to_one,True
ZMYM3,Zmym3,Zmym3,one_to_one,True
ZMYM5,Zmym5,Zmym5,one_to_one,True
ZMYM6,Zmym6,Zmym6,one_to_one,True
ZMYND15,Zmynd15,,one_to_one,False
ZMYND8,Zmynd8,Zmynd8,one_to_one,True
ZNF107,Zfp729a,Zfp729a,ambiguous_orthology,False
ZNF729,Zfp729a,Zfp729a,ambiguous_orthology,False
ZNF91,Zfp729a,Zfp729a,ambiguous_orthology,False
ZNF99,Zfp729a,Zfp729a,ambiguous_orthology,False
ZNF208,Zfp729a,Zfp729a,ambiguous_orthology,False
ZNF718,Gm14412,,ambiguous_orthology,False
ZNF157,Gm14412,,ambiguous_orthology,False
ZNF716,Gm14412,,ambiguous_orthology,False
ZNF728,Gm14412,,ambiguous_orthology,False
ZNF267,Gm14412,,ambiguous_orthology,False
ZNF708,Gm14412,,ambiguous_orthology,False
ZNF732,Gm14412,,ambiguous_orthology,False
ZNF90,Gm14412,,ambiguous_orthology,False
ZNF117,Gm14412,,ambiguous_orthology,False
ZNF490,Gm14412,,ambiguous_orthology,False
ZNF595,Gm14412,,ambiguous_orthology,False
ZNF726,Gm14412,,ambiguous_orthology,False
ZNF836,Gm14412,,ambiguous_orthology,False
ZNF841,Gm14412,,ambiguous_orthology,False
ZNF718,Zfp998,,ambiguous_orthology,False
ZNF716,Zfp998,,ambiguous_orthology,False
ZNF728,Zfp998,,ambiguous_orthology,False
ZNF708,Zfp998,,ambiguous_orthology,False
ZNF732,Zfp998,,ambiguous_orthology,False
ZNF90,Zfp998,,ambiguous_orthology,False
ZNF117,Zfp998,,ambiguous_orthology,False
ZNF490,Zfp998,,ambiguous_orthology,False
ZNF595,Zfp998,,ambiguous_orthology,False
ZNF726,Zfp998,,ambiguous_orthology,False
ZNF718,Gm32687,,ambiguous_orthology,False
ZNF716,Gm32687,,ambiguous_orthology,False
ZNF728,Gm32687,,ambiguous_orthology,False
ZNF284,Gm32687,,ambiguous_orthology,False
ZNF708,Gm32687,,ambiguous_orthology,False
ZNF732,Gm32687,,ambiguous_orthology,False
ZNF221,Gm32687,,ambiguous_orthology,False
ZNF90,Gm32687,,ambiguous_orthology,False
ZNF117,Gm32687,,ambiguous_orthology,False
ZNF490,Gm32687,,ambiguous_orthology,False
ZNF595,Gm32687,,ambiguous_orthology,False
ZNF726,Gm32687,,ambiguous_orthology,False
ZNF718,Zfp936,,ambiguous_orthology,False
ZNF716,Zfp936,,ambiguous_orthology,False
ZNF728,Zfp936,,ambiguous_orthology,False
ZNF708,Zfp936,,ambiguous_orthology,False
ZNF732,Zfp936,,ambiguous_orthology,False
ZNF90,Zfp936,,ambiguous_orthology,False
ZNF117,Zfp936,,ambiguous_orthology,False
ZNF490,Zfp936,,ambiguous_orthology,False
ZNF595,Zfp936,,ambiguous_orthology,False
ZNF726,Zfp936,,ambiguous_orthology,False
ZNF718,Zfp958,Zfp958,ambiguous_orthology,False
ZNF716,Zfp958,Zfp958,ambiguous_orthology,False
ZNF728,Zfp958,Zfp958,ambiguous_orthology,False
ZNF708,Zfp958,Zfp958,ambiguous_orthology,False
ZNF732,Zfp958,Zfp958,ambiguous_orthology,False
ZNF90,Zfp958,Zfp958,ambiguous_orthology,False
ZNF117,Zfp958,Zfp958,ambiguous_orthology,False
ZNF490,Zfp958,Zfp958,ambiguous_orthology,False
ZNF595,Zfp958,Zfp958,ambiguous_orthology,False
ZNF726,Zfp958,Zfp958,ambiguous_orthology,False
ZNF718,Gm14443,,ambiguous_orthology,False
ZNF716,Gm14443,,ambiguous_orthology,False
ZNF728,Gm14443,,ambiguous_orthology,False
ZNF708,Gm14443,,ambiguous_orthology,False
ZNF732,Gm14443,,ambiguous_orthology,False
ZNF90,Gm14443,,ambiguous_orthology,False
ZNF117,Gm14443,,ambiguous_orthology,False
ZNF490,Gm14443,,ambiguous_orthology,False
ZNF595,Gm14443,,ambiguous_orthology,False
ZNF726,Gm14443,,ambiguous_orthology,False
ZNF12,Zfp12,Zfp12,one_to_one,True
ZNF121,Zfp560,Zfp560,one_to_one,True
ZNF136,Zfp867,Zfp867,ambiguous_orthology,True
ZNF124,Zfp867,Zfp867,ambiguous_orthology,False
ZNF670,Zfp867,Zfp867,ambiguous_orthology,True
ZBTB35,Zbtb35,Zfp131,one_to_one,True
ZNF136,Gm14391,,ambiguous_orthology,True
ZNF333,Gm14391,,ambiguous_orthology,True
ZNF136,Gm6710,Gm6710,ambiguous_orthology,True
ZNF333,Gm6710,Gm6710,ambiguous_orthology,True
ZNF136,Zfp866,Zfp866,ambiguous_orthology,True
ZNF490,Zfp866,Zfp866,ambiguous_orthology,False
ZNF136,Gm6871,,one_to_one,True
ZNF169,Zfp169,Zfp169,one_to_one,True
ZNF174,Zfp174,,one_to_one,False
ZNF18,Zkscan6,Zkscan6,one_to_one,True
ZNF180,Zfp180,Zfp180,one_to_one,True
ZNF182,Zfp182,Zfp182,one_to_one,True
ZNF184,Zfp184,,one_to_one,False
ZNF202,Zfp202,,one_to_one,False
ZNF205,Zfp13,,one_to_one,False
ZNF99,Zfp738,Zfp738,ambiguous_orthology,False
ZNF208,Zfp738,Zfp738,ambiguous_orthology,False
ZNF729,Zfp738,Zfp738,ambiguous_orthology,False
ZNF91,Zfp738,Zfp738,ambiguous_orthology,False
ZNF212,Zfp212,Zfp212,one_to_one,True
ZNF213,Zfp213,Zfp213,one_to_one,True
ZNF22,Zfp422,Zfp422,one_to_one,True
ZNF23,Zfp612,Zfp612,one_to_one,True
ZNF600,Zfp1005,,ambiguous_orthology,False
ZNF493,Zfp1005,,ambiguous_orthology,False
ZNF267,Zfp1005,,ambiguous_orthology,False
ZNF615,Zfp1005,,ambiguous_orthology,False
ZNF254,Zfp1005,,ambiguous_orthology,False
ZNF234,Zfp1005,,ambiguous_orthology,False
ZNF676,Zfp1005,,ambiguous_orthology,False
ZNF432,Zfp1005,,ambiguous_orthology,False
ZNF836,Zfp1005,,ambiguous_orthology,False
ZNF841,Zfp1005,,ambiguous_orthology,False
ZNF235,Zfp114,,one_to_one,False
ZNF235,Zfp108,,one_to_one,False
ZNF235,Zfp109,,one_to_one,False
ZNF235,Zfp93,,one_to_one,False
ZNF235,Zfp235,Zfp235,one_to_one,True
ZNF239,Zfp239,Zfp239,one_to_one,True
ZNF24,Zfp24,Zfp24,one_to_one,True
ZNF248,Zfp248,Zfp248,one_to_one,True
ZNF25,Zfp9,,one_to_one,False
ZNF250,Zfp647,,one_to_one,False
ZNF251,Zfp251,Zfp251,one_to_one,True
ZNF254,Zfp712,Zfp712,ambiguous_orthology,False
ZNF681,Zfp712,Zfp712,ambiguous_orthology,False
ZNF263,Zfp263,Zfp263,one_to_one,True
ZNF561,Zfp266,Zfp266,ambiguous_orthology,False
ZNF266,Zfp266,Zfp266,ambiguous_orthology,False
ZNF562,Zfp266,Zfp266,ambiguous_orthology,False
ZNF841,Zfp229,,ambiguous_orthology,False
ZNF836,Zfp229,,ambiguous_orthology,False
ZNF267,Zfp229,,ambiguous_orthology,False
ZNF267,Zfp267,Zfp267,one_to_one,True
ZNF841,Zfp808,,ambiguous_orthology,False
ZNF836,Zfp808,,ambiguous_orthology,False
ZNF267,Zfp808,,ambiguous_orthology,True
ZNF484,Zfp268,Gm13212,ambiguous_orthology,False
ZNF268,Zfp268,Gm13212,ambiguous_orthology,False
ZNF274,Zfp369,Zfp369,one_to_one,True
ZNF274,Zfp110,Zfp110,one_to_one,True
ZNF275,Zfp275,Zfp275,one_to_one,True
ZNF282,Zfp282,Zfp282,one_to_one,True
ZNF287,Zfp287,Zfp287,one_to_one,True
ZNF3,Zfp113,Zfp113,one_to_one,True
ZNF316,Zfp316,Zfp316,one_to_one,True
ZNF317,Zfp317,Zfp317,one_to_one,True
ZNF32,Zfp637,Zfp637,one_to_one,True
ZNF415,Zfp53,Zfp53,ambiguous_orthology,False
ZNF528,Zfp53,Zfp53,ambiguous_orthology,False
ZNF616,Zfp53,Zfp53,ambiguous_orthology,False
ZNF534,Zfp53,Zfp53,ambiguous_orthology,False
ZNF320,Zfp53,Zfp53,ambiguous_orthology,False
ZNF322,Zfp322a,Zfp322a,one_to_one,True
ZNF324,Zfp324,Zfp324,ambiguous_orthology,False
ZNF324B,Zfp324,Zfp324,ambiguous_orthology,False
ZNF329,Zfp329,Zfp329,one_to_one,True
ZNF334,Zfp334,,one_to_one,False
ZNF35,Zfp105,,one_to_one,False
ZNF354A,Zfp354a,,one_to_one,False
ZNF354B,Zfp354b,,one_to_one,False
ZNF382,Zfp382,Zfp382,one_to_one,True
ZNF383,Zfp383,,one_to_one,False
ZNF394,Zkscan14,Zkscan14,one_to_one,True
ZNF397,Zfp397,Zfp397,one_to_one,True
ZNF398,Zfp398,Zfp398,one_to_one,True
ZNF773,Zfp954,Zfp954,ambiguous_orthology,False
ZNF419,Zfp954,Zfp954,ambiguous_orthology,False
ZNF773,Zfp772,Zfp772,ambiguous_orthology,False
ZNF419,Zfp772,Zfp772,ambiguous_orthology,False
ZNF773,Zfp773,Zfp773,ambiguous_orthology,False
ZNF419,Zfp773,Zfp773,ambiguous_orthology,False
ZNF420,Zfp420,Zfp420,one_to_one,True
ZNF426,Zfp426,Zfp426,one_to_one,True
ZNF428,Zfp428,Zfp428,one_to_one,True
ZNF429,Zfp87,Zfp87,one_to_one,True
ZNF436,Zfp46,Zfp46,one_to_one,True
ZNF444,Zfp444,Zfp444,one_to_one,True
ZNF445,Zfp445,Zfp445,one_to_one,True
ZNF446,Zfp446,Zfp446,one_to_one,True
ZNF449,Zfp449,,one_to_one,False
ZNF454,Zfp454,,one_to_one,False
ZNF467,Zfp467,Zfp467,one_to_one,True
ZNF469,Zfp469,,one_to_one,False
ZNF471,Zfp78,Zfp78,one_to_one,True
ZNF473,Zfp473,,one_to_one,False
ZNF474,Zfp474,,one_to_one,False
ZNF475,1700034E13Rik,,one_to_one,False
ZNF48,Zfp553,Zfp553,one_to_one,True
ZNF484,Zfp948,,one_to_one,False
ZNF506,Zfp1006,2610044O15Rik8,ambiguous_orthology,False
ZNF486,Zfp1006,2610044O15Rik8,ambiguous_orthology,False
ZNF722,Zfp1006,2610044O15Rik8,ambiguous_orthology,False
ZNF735,Zfp1006,2610044O15Rik8,ambiguous_orthology,False
ZNF679,Zfp1006,2610044O15Rik8,ambiguous_orthology,False
ZNF506,Zfp930,Zfp930,ambiguous_orthology,False
ZNF486,Zfp930,Zfp930,ambiguous_orthology,False
ZNF722,Zfp930,Zfp930,ambiguous_orthology,False
ZNF735,Zfp930,Zfp930,ambiguous_orthology,False
ZNF679,Zfp930,Zfp930,ambiguous_orthology,False
ZNF506,Gm14444,,ambiguous_orthology,False
ZNF486,Gm14444,,ambiguous_orthology,False
ZNF722,Gm14444,,ambiguous_orthology,False
ZNF735,Gm14444,,ambiguous_orthology,False
ZNF679,Gm14444,,ambiguous_orthology,False
ZNF600,Zfp458,Zfp458,ambiguous_orthology,False
ZNF493,Zfp458,Zfp458,ambiguous_orthology,False
ZNF600,Zfp457,,ambiguous_orthology,False
ZNF493,Zfp457,,ambiguous_orthology,False
ZNF724,Zfp457,,ambiguous_orthology,False
ZNF496,Zkscan17,Zkscan17,one_to_one,True
ZNF518B,Zfp518b,,one_to_one,False
ZNF519,Zfp941,,one_to_one,False
ZNF524,Zfp524,Zfp524,one_to_one,True
ZNF551,Zfp551,Zfp551,one_to_one,True
ZNF558,Zfp558,,ambiguous_orthology,False
ZNF557,Zfp558,,ambiguous_orthology,False
ZNF566,Zfp566,Zfp566,one_to_one,True
ZNF569,Zfp74,Zfp74,one_to_one,True
ZNF575,Zfp575,,one_to_one,False
ZNF580,Zfp580,Zfp580,one_to_one,True
ZNF582,Zfp582,,one_to_one,False
ZNF583,Zfp583,,one_to_one,False
ZNF585B,Zfp27,Zfp27,ambiguous_orthology,False
ZNF585A,Zfp27,Zfp27,ambiguous_orthology,False
ZNF593OS,Zfp593os,,one_to_one,False
ZNF678,Zfp595,Zfp595,ambiguous_orthology,False
ZNF595,Zfp595,Zfp595,ambiguous_orthology,False
ZNF728,Zfp85,Zfp85,ambiguous_orthology,False
ZNF595,Zfp85,Zfp85,ambiguous_orthology,False
ZNF595,Zfp874a,Zfp874a,one_to_one,True
ZNF728,Zfp58,Zfp58,ambiguous_orthology,False
ZNF595,Zfp58,Zfp58,ambiguous_orthology,True
ZNF597,Zfp597,Zfp597,one_to_one,True
ZNF605,Zfp605,Zfp605,one_to_one,True
ZNF606,Zfp606,Zfp606,one_to_one,True
ZNF607,Zfp84,Zfp84,one_to_one,True
ZNF622,Zfp622,Zfp622,one_to_one,True
ZNF623,Zfp623,Zfp623,one_to_one,True
ZNF625,Zfp825,Zfp825,one_to_one,True
ZNF629,Zfp629,Zfp629,one_to_one,True
ZNF639,Zfp639,Zfp639,one_to_one,True
ZNF641,Zfp641,,one_to_one,False
ZNF655,Zfp655,Zfp655,one_to_one,True
ZNF664,Zfp664,Zfp664,one_to_one,True
ZNF670,Zfp931,Zfp931,one_to_one,True
ZNF670,5730507C01Rik,,one_to_one,True
ZNF672,Zfp672,Zfp672,one_to_one,True
ZNF687-AS1,4930481B07Rik,4930481B07Rik,one_to_one,True
ZNF688,Zfp688,Zfp688,one_to_one,True
ZNF689,Zfp689,Zfp689,one_to_one,True
ZNF691,Zfp691,Zfp691,one_to_one,True
ZNF729,Zfp729b,Zfp729b,one_to_one,True
ZNF746,Zfp746,Zfp746,one_to_one,True
ZNF747,Zfp764l1,E430018J23Rik,ambiguous_orthology,False
ZNF764,Zfp764l1,E430018J23Rik,ambiguous_orthology,True
ZNF764,Zfp747,Zfp747,one_to_one,True
ZNF764,Zfp764,Zfp764,one_to_one,True
ZNF768,Zfp768,,one_to_one,False
ZNF771,Zfp771,Zfp771,one_to_one,True
ZNF777,Zfp777,Zfp777,one_to_one,True
ZNF780A,Zfp850,Zfp850,one_to_one,True
ZNF780A,Zfp780b,Zfp780b,ambiguous_orthology,True
ZNF780B,Zfp780b,Zfp780b,ambiguous_orthology,False
ZNF780A,Zfp626,Zfp626,ambiguous_orthology,True
ZNF780B,Zfp626,Zfp626,ambiguous_orthology,False
ZNF780A,Zfp607a,Zfp607a,one_to_one,True
ZNF780A,Zfp59,,one_to_one,True
ZNF780A,Zfp607b,Zfp607b,one_to_one,True
ZNF780A,Zfp974,Zfp974,ambiguous_orthology,True
ZNF780B,Zfp974,Zfp974,ambiguous_orthology,False
ZNF784,Zfp784,Zfp784,one_to_one,True
ZNF786,Zfp786,,one_to_one,False
ZNF787,Zfp787,Zfp787,one_to_one,True
ZNF790,Zfp790,Zfp790,one_to_one,True
ZNF791,Zfp791,,one_to_one,False
ZNF8,Zfp128,,one_to_one,False
ZNF804A,Zfp804a,,one_to_one,False
ZNF804B,Zfp804b,,one_to_one,False
ZNF835,Zfp999,,one_to_one,False
ZNF835,Zfp1000,,one_to_one,False
ZNF846,Zfp846,Zfp846,one_to_one,True
ZNF850,Zfp619,,one_to_one,False
ZNF853,Zfp853,,one_to_one,False
ZNF878,Zfp799,Zfp799,one_to_one,True
ZNF878,Zfp617,Zfp617,one_to_one,True
ZNF878,Zfp811,,one_to_one,True
ZNF879,Zfp879,,one_to_one,False
ZNF93,Zfp273,Zfp273,one_to_one,True
ZNF93,Zfp708,,one_to_one,True
ZNRF4,Znrf4,,one_to_one,False
ZP2,Zp2,,one_to_one,False
ZPBP,Zpbp,Zpbp,one_to_one,True
ZPBP2,Zpbp2,Zpbp2,one_to_one,True
ZSCAN12,Zscan12,Zscan12,one_to_one,True
ZSCAN18,Zscan18,,one_to_one,False
ZSCAN2,Zscan2,Zscan2,one_to_one,True
ZSCAN20,Zscan20,Zscan20,one_to_one,True
ZSCAN21,Zscan21,Zscan21,one_to_one,True
ZSCAN22,Zscan22,Zscan22,one_to_one,True
ZSCAN25,Zscan25,Zscan25,one_to_one,True
ZSCAN26,Zscan26,Zscan26,one_to_one,True
ZSCAN29,Zscan29,Zscan29,one_to_one,True
ZSCAN30,Zscan30,,one_to_one,False
ZSCAN4,Zscan4-ps3,,one_to_one,False
ZSCAN4,Zscan4d,,one_to_one,False
ZSCAN4,Zscan4b,,one_to_one,False
ZSCAN4,Zscan4-ps1,,one_to_one,False
ZSCAN4,Zscan4c,,one_to_one,False
ZSCAN4,Zscan4e,,one_to_one,False
ZSCAN4,Zscan4f,,one_to_one,False
ZSCAN4,Zscan4-ps2,,one_to_one,False
ZSCAN5DP,Zscan5b,,ambiguous_orthology,False
ZSCAN5B,Zscan5b,,ambiguous_orthology,False
ZSCAN5A,Zscan5b,,ambiguous_orthology,False
ZSCAN5C,Zscan5b,,ambiguous_orthology,False
ZSWIM1,Zswim1,Zswim1,one_to_one,True
ZSWIM3,Zswim3,Zswim3,one_to_one,True
ZSWIM4,Zswim4,Zswim4,one_to_one,True
ZSWIM9,Zswim9,Zswim9,one_to_one,True
ZWINT,Zwint,Zwint,one_to_one,True
