unit_id,term_a,term_b,leading_edge_jaccard,shared_drivers,shared_heat_shock
global,Oxidative phosphorylation,Alzheimer disease,0.8222222222222222,Atp5e;Atp5g1;Atp5h;Atp5j;Cox5b;Cox6a1;Cox6b1;Cox6c;Cox7a2;Cox7b;Cox7c;Cox8a;Ndufa1;Ndufa11;Ndufa12;Ndufa13;Ndufa2;Ndufa3;Ndufa4;Ndufa5;Ndufa6;Ndufa7;Ndufb11;Ndufb2;Ndufb3;Ndufb4;Ndufb7;Ndufc1;Ndufc2;Ndufs5;Ndufs6;Ndufv3;Uqcr10;Uqcr11;Uqcrb;Uqcrh;Uqcrq,
global,Oxidative phosphorylation,Parkinson disease,0.8409090909090909,Atp5e;Atp5g1;Atp5h;Atp5j;Cox5b;Cox6a1;Cox6b1;Cox6c;Cox7a2;Cox7b;Cox7c;Cox8a;Ndufa1;Ndufa11;Ndufa12;Ndufa13;Ndufa2;Ndufa3;Ndufa4;Ndufa5;Ndufa6;Ndufa7;Ndufb11;Ndufb2;Ndufb3;Ndufb4;Ndufb7;Ndufc1;Ndufc2;Ndufs5;Ndufs6;Ndufv3;Uqcr10;Uqcr11;Uqcrb;Uqcrh;Uqcrq,
global,Oxidative phosphorylation,Ribosome,0.0,,
global,Oxidative phosphorylation,Non-alcoholic fatty liver disease (NAFLD),0.717391304347826,Cox5b;Cox6a1;Cox6b1;Cox6c;Cox7a2;Cox7b;Cox7c;Cox8a;Ndufa1;Ndufa11;Ndufa12;Ndufa13;Ndufa2;Ndufa3;Ndufa4;Ndufa5;Ndufa6;Ndufa7;Ndufb11;Ndufb2;Ndufb3;Ndufb4;Ndufb7;Ndufc1;Ndufc2;Ndufs5;Ndufs6;Ndufv3;Uqcr10;Uqcr11;Uqcrb;Uqcrh;Uqcrq,
global,Oxidative phosphorylation,Thermogenesis,0.851063829787234,Atp5e;Atp5g1;Atp5j;Atp5j2;Atp5k;Atp5l;Cox10;Cox17;Cox5b;Cox6a1;Cox6b1;Cox6c;Cox7a2;Cox7b;Cox7c;Cox8a;Ndufa1;Ndufa11;Ndufa13;Ndufa2;Ndufa3;Ndufa4;Ndufa5;Ndufa6;Ndufa7;Ndufb11;Ndufb2;Ndufb3;Ndufb4;Ndufb7;Ndufc1;Ndufc2;Ndufs5;Ndufs6;Ndufv3;Uqcr10;Uqcr11;Uqcrb;Uqcrh;Uqcrq,
global,Oxidative phosphorylation,Huntington disease,0.7708333333333334,Atp5e;Atp5g1;Atp5h;Atp5j;Cox5b;Cox6a1;Cox6b1;Cox6c;Cox7a2;Cox7b;Cox7c;Cox8a;Ndufa1;Ndufa11;Ndufa12;Ndufa13;Ndufa2;Ndufa3;Ndufa4;Ndufa5;Ndufa6;Ndufa7;Ndufb11;Ndufb2;Ndufb3;Ndufb4;Ndufb7;Ndufc1;Ndufc2;Ndufs5;Ndufs6;Ndufv3;Uqcr10;Uqcr11;Uqcrb;Uqcrh;Uqcrq,
global,Oxidative phosphorylation,Retrograde endocannabinoid signaling,0.45454545454545453,Ndufa1;Ndufa11;Ndufa12;Ndufa13;Ndufa2;Ndufa3;Ndufa4;Ndufa5;Ndufa6;Ndufa7;Ndufb11;Ndufb2;Ndufb3;Ndufb4;Ndufb7;Ndufc1;Ndufc2;Ndufs5;Ndufs6;Ndufv3,
global,Oxidative phosphorylation,Cardiac muscle contraction,0.30952380952380953,Cox5b;Cox6a1;Cox6b1;Cox6c;Cox7a2;Cox7b;Cox7c;Cox8a;Uqcr10;Uqcr11;Uqcrb;Uqcrh;Uqcrq,
global,Oxidative phosphorylation,Antigen processing and presentation,0.0,,
global,Alzheimer disease,Parkinson disease,0.926829268292683,Atp5e;Atp5g1;Atp5h;Atp5j;Cox5b;Cox6a1;Cox6b1;Cox6c;Cox7a2;Cox7b;Cox7c;Cox8a;Cycs;Ndufa1;Ndufa11;Ndufa12;Ndufa13;Ndufa2;Ndufa3;Ndufa4;Ndufa5;Ndufa6;Ndufa7;Ndufb11;Ndufb2;Ndufb3;Ndufb4;Ndufb7;Ndufc1;Ndufc2;Ndufs5;Ndufs6;Ndufv3;Uqcr10;Uqcr11;Uqcrb;Uqcrh;Uqcrq,
global,Alzheimer disease,Ribosome,0.0,,
global,Alzheimer disease,Non-alcoholic fatty liver disease (NAFLD),0.8333333333333334,Casp8;Cox5b;Cox6a1;Cox6b1;Cox6c;Cox7a2;Cox7b;Cox7c;Cox8a;Cycs;Ndufa1;Ndufa11;Ndufa12;Ndufa13;Ndufa2;Ndufa3;Ndufa4;Ndufa5;Ndufa6;Ndufa7;Ndufb11;Ndufb2;Ndufb3;Ndufb4;Ndufb7;Ndufc1;Ndufc2;Ndufs5;Ndufs6;Ndufv3;Uqcr10;Uqcr11;Uqcrb;Uqcrh;Uqcrq,
global,Alzheimer disease,Thermogenesis,0.7,Atp5e;Atp5g1;Atp5j;Cox5b;Cox6a1;Cox6b1;Cox6c;Cox7a2;Cox7b;Cox7c;Cox8a;Ndufa1;Ndufa11;Ndufa13;Ndufa2;Ndufa3;Ndufa4;Ndufa5;Ndufa6;Ndufa7;Ndufb11;Ndufb2;Ndufb3;Ndufb4;Ndufb7;Ndufc1;Ndufc2;Ndufs5;Ndufs6;Ndufv3;Uqcr10;Uqcr11;Uqcrb;Uqcrh;Uqcrq,
global,Alzheimer disease,Huntington disease,0.8863636363636364,Atp5e;Atp5g1;Atp5h;Atp5j;Casp8;Cox5b;Cox6a1;Cox6b1;Cox6c;Cox7a2;Cox7b;Cox7c;Cox8a;Cycs;Ndufa1;Ndufa11;Ndufa12;Ndufa13;Ndufa2;Ndufa3;Ndufa4;Ndufa5;Ndufa6;Ndufa7;Ndufb11;Ndufb2;Ndufb3;Ndufb4;Ndufb7;Ndufc1;Ndufc2;Ndufs5;Ndufs6;Ndufv3;Uqcr10;Uqcr11;Uqcrb;Uqcrh;Uqcrq,
global,Alzheimer disease,Retrograde endocannabinoid signaling,0.47619047619047616,Ndufa1;Ndufa11;Ndufa12;Ndufa13;Ndufa2;Ndufa3;Ndufa4;Ndufa5;Ndufa6;Ndufa7;Ndufb11;Ndufb2;Ndufb3;Ndufb4;Ndufb7;Ndufc1;Ndufc2;Ndufs5;Ndufs6;Ndufv3,
global,Alzheimer disease,Cardiac muscle contraction,0.325,Cox5b;Cox6a1;Cox6b1;Cox6c;Cox7a2;Cox7b;Cox7c;Cox8a;Uqcr10;Uqcr11;Uqcrb;Uqcrh;Uqcrq,
global,Alzheimer disease,Antigen processing and presentation,0.0,,
global,Parkinson disease,Ribosome,0.0,,
global,Parkinson disease,Non-alcoholic fatty liver disease (NAFLD),0.8095238095238095,Cox5b;Cox6a1;Cox6b1;Cox6c;Cox7a2;Cox7b;Cox7c;Cox8a;Cycs;Ndufa1;Ndufa11;Ndufa12;Ndufa13;Ndufa2;Ndufa3;Ndufa4;Ndufa5;Ndufa6;Ndufa7;Ndufb11;Ndufb2;Ndufb3;Ndufb4;Ndufb7;Ndufc1;Ndufc2;Ndufs5;Ndufs6;Ndufv3;Uqcr10;Uqcr11;Uqcrb;Uqcrh;Uqcrq,
global,Parkinson disease,Thermogenesis,0.7142857142857143,Atp5e;Atp5g1;Atp5j;Cox5b;Cox6a1;Cox6b1;Cox6c;Cox7a2;Cox7b;Cox7c;Cox8a;Ndufa1;Ndufa11;Ndufa13;Ndufa2;Ndufa3;Ndufa4;Ndufa5;Ndufa6;Ndufa7;Ndufb11;Ndufb2;Ndufb3;Ndufb4;Ndufb7;Ndufc1;Ndufc2;Ndufs5;Ndufs6;Ndufv3;Uqcr10;Uqcr11;Uqcrb;Uqcrh;Uqcrq,
global,Parkinson disease,Huntington disease,0.8636363636363636,Atp5e;Atp5g1;Atp5h;Atp5j;Cox5b;Cox6a1;Cox6b1;Cox6c;Cox7a2;Cox7b;Cox7c;Cox8a;Cycs;Ndufa1;Ndufa11;Ndufa12;Ndufa13;Ndufa2;Ndufa3;Ndufa4;Ndufa5;Ndufa6;Ndufa7;Ndufb11;Ndufb2;Ndufb3;Ndufb4;Ndufb7;Ndufc1;Ndufc2;Ndufs5;Ndufs6;Ndufv3;Uqcr10;Uqcr11;Uqcrb;Uqcrh;Uqcrq,
global,Parkinson disease,Retrograde endocannabinoid signaling,0.4878048780487805,Ndufa1;Ndufa11;Ndufa12;Ndufa13;Ndufa2;Ndufa3;Ndufa4;Ndufa5;Ndufa6;Ndufa7;Ndufb11;Ndufb2;Ndufb3;Ndufb4;Ndufb7;Ndufc1;Ndufc2;Ndufs5;Ndufs6;Ndufv3,
global,Parkinson disease,Cardiac muscle contraction,0.3333333333333333,Cox5b;Cox6a1;Cox6b1;Cox6c;Cox7a2;Cox7b;Cox7c;Cox8a;Uqcr10;Uqcr11;Uqcrb;Uqcrh;Uqcrq,
global,Parkinson disease,Antigen processing and presentation,0.0,,
global,Ribosome,Non-alcoholic fatty liver disease (NAFLD),0.0,,
global,Ribosome,Thermogenesis,0.0,,
global,Ribosome,Huntington disease,0.0,,
global,Ribosome,Retrograde endocannabinoid signaling,0.0,,
global,Ribosome,Cardiac muscle contraction,0.0,,
global,Ribosome,Antigen processing and presentation,0.0,,
global,Non-alcoholic fatty liver disease (NAFLD),Thermogenesis,0.64,Cox5b;Cox6a1;Cox6b1;Cox6c;Cox7a2;Cox7b;Cox7c;Cox8a;Ndufa1;Ndufa11;Ndufa13;Ndufa2;Ndufa3;Ndufa4;Ndufa5;Ndufa6;Ndufa7;Ndufb11;Ndufb2;Ndufb3;Ndufb4;Ndufb7;Ndufc1;Ndufc2;Ndufs5;Ndufs6;Ndufv3;Uqcr10;Uqcr11;Uqcrb;Uqcrh;Uqcrq,
global,Non-alcoholic fatty liver disease (NAFLD),Huntington disease,0.7777777777777778,Casp8;Cox5b;Cox6a1;Cox6b1;Cox6c;Cox7a2;Cox7b;Cox7c;Cox8a;Cycs;Ndufa1;Ndufa11;Ndufa12;Ndufa13;Ndufa2;Ndufa3;Ndufa4;Ndufa5;Ndufa6;Ndufa7;Ndufb11;Ndufb2;Ndufb3;Ndufb4;Ndufb7;Ndufc1;Ndufc2;Ndufs5;Ndufs6;Ndufv3;Uqcr10;Uqcr11;Uqcrb;Uqcrh;Uqcrq,
global,Non-alcoholic fatty liver disease (NAFLD),Retrograde endocannabinoid signaling,0.5128205128205128,Ndufa1;Ndufa11;Ndufa12;Ndufa13;Ndufa2;Ndufa3;Ndufa4;Ndufa5;Ndufa6;Ndufa7;Ndufb11;Ndufb2;Ndufb3;Ndufb4;Ndufb7;Ndufc1;Ndufc2;Ndufs5;Ndufs6;Ndufv3,
global,Non-alcoholic fatty liver disease (NAFLD),Cardiac muscle contraction,0.35135135135135137,Cox5b;Cox6a1;Cox6b1;Cox6c;Cox7a2;Cox7b;Cox7c;Cox8a;Uqcr10;Uqcr11;Uqcrb;Uqcrh;Uqcrq,
global,Non-alcoholic fatty liver disease (NAFLD),Antigen processing and presentation,0.0,,
global,Thermogenesis,Huntington disease,0.660377358490566,Atp5e;Atp5g1;Atp5j;Cox5b;Cox6a1;Cox6b1;Cox6c;Cox7a2;Cox7b;Cox7c;Cox8a;Ndufa1;Ndufa11;Ndufa13;Ndufa2;Ndufa3;Ndufa4;Ndufa5;Ndufa6;Ndufa7;Ndufb11;Ndufb2;Ndufb3;Ndufb4;Ndufb7;Ndufc1;Ndufc2;Ndufs5;Ndufs6;Ndufv3;Uqcr10;Uqcr11;Uqcrb;Uqcrh;Uqcrq,
global,Thermogenesis,Retrograde endocannabinoid signaling,0.3958333333333333,Ndufa1;Ndufa11;Ndufa13;Ndufa2;Ndufa3;Ndufa4;Ndufa5;Ndufa6;Ndufa7;Ndufb11;Ndufb2;Ndufb3;Ndufb4;Ndufb7;Ndufc1;Ndufc2;Ndufs5;Ndufs6;Ndufv3,
global,Thermogenesis,Cardiac muscle contraction,0.28888888888888886,Cox5b;Cox6a1;Cox6b1;Cox6c;Cox7a2;Cox7b;Cox7c;Cox8a;Uqcr10;Uqcr11;Uqcrb;Uqcrh;Uqcrq,
global,Thermogenesis,Antigen processing and presentation,0.0,,
global,Huntington disease,Retrograde endocannabinoid signaling,0.4444444444444444,Ndufa1;Ndufa11;Ndufa12;Ndufa13;Ndufa2;Ndufa3;Ndufa4;Ndufa5;Ndufa6;Ndufa7;Ndufb11;Ndufb2;Ndufb3;Ndufb4;Ndufb7;Ndufc1;Ndufc2;Ndufs5;Ndufs6;Ndufv3,
global,Huntington disease,Cardiac muscle contraction,0.3023255813953488,Cox5b;Cox6a1;Cox6b1;Cox6c;Cox7a2;Cox7b;Cox7c;Cox8a;Uqcr10;Uqcr11;Uqcrb;Uqcrh;Uqcrq,
global,Huntington disease,Antigen processing and presentation,0.0,,
global,Retrograde endocannabinoid signaling,Cardiac muscle contraction,0.0,,
global,Retrograde endocannabinoid signaling,Antigen processing and presentation,0.0,,
global,Cardiac muscle contraction,Antigen processing and presentation,0.0,,
tissue__bone_marrow,Oxidative phosphorylation,Alzheimer disease,0.7954545454545454,Atp5e;Atp5g1;Atp5j;Cox5b;Cox6a1;Cox6b1;Cox6c;Cox7a2;Cox7b;Cox7c;Cox8a;Ndufa1;Ndufa11;Ndufa13;Ndufa2;Ndufa3;Ndufa4;Ndufa5;Ndufa6;Ndufa7;Ndufb11;Ndufb2;Ndufb3;Ndufb4;Ndufb7;Ndufc1;Ndufc2;Ndufs5;Ndufs6;Ndufv3;Uqcr10;Uqcr11;Uqcrb;Uqcrh;Uqcrq,
tissue__bone_marrow,Oxidative phosphorylation,Non-alcoholic fatty liver disease (NAFLD),0.7111111111111111,Cox5b;Cox6a1;Cox6b1;Cox6c;Cox7a2;Cox7b;Cox7c;Cox8a;Ndufa1;Ndufa11;Ndufa13;Ndufa2;Ndufa3;Ndufa4;Ndufa5;Ndufa6;Ndufa7;Ndufb11;Ndufb2;Ndufb3;Ndufb4;Ndufb7;Ndufc1;Ndufc2;Ndufs5;Ndufs6;Ndufv3;Uqcr10;Uqcr11;Uqcrb;Uqcrh;Uqcrq,
tissue__bone_marrow,Oxidative phosphorylation,Parkinson disease,0.813953488372093,Atp5e;Atp5g1;Atp5j;Cox5b;Cox6a1;Cox6b1;Cox6c;Cox7a2;Cox7b;Cox7c;Cox8a;Ndufa1;Ndufa11;Ndufa13;Ndufa2;Ndufa3;Ndufa4;Ndufa5;Ndufa6;Ndufa7;Ndufb11;Ndufb2;Ndufb3;Ndufb4;Ndufb7;Ndufc1;Ndufc2;Ndufs5;Ndufs6;Ndufv3;Uqcr10;Uqcr11;Uqcrb;Uqcrh;Uqcrq,
tissue__bone_marrow,Oxidative phosphorylation,Cardiac muscle contraction,0.3170731707317073,Cox5b;Cox6a1;Cox6b1;Cox6c;Cox7a2;Cox7b;Cox7c;Cox8a;Uqcr10;Uqcr11;Uqcrb;Uqcrh;Uqcrq,
tissue__bone_marrow,Oxidative phosphorylation,Thermogenesis,0.8163265306122449,Atp5e;Atp5g1;Atp5j;Atp5j2;Atp5k;Atp5l;Cox10;Cox17;Cox5b;Cox6a1;Cox6b1;Cox6c;Cox7a2;Cox7b;Cox7c;Cox8a;Ndufa1;Ndufa11;Ndufa13;Ndufa2;Ndufa3;Ndufa4;Ndufa5;Ndufa6;Ndufa7;Ndufb11;Ndufb2;Ndufb3;Ndufb4;Ndufb7;Ndufc1;Ndufc2;Ndufs5;Ndufs6;Ndufv3;Uqcr10;Uqcr11;Uqcrb;Uqcrh;Uqcrq,
tissue__bone_marrow,Oxidative phosphorylation,Ribosome,0.0,,
tissue__bone_marrow,Oxidative phosphorylation,Retrograde endocannabinoid signaling,0.4418604651162791,Ndufa1;Ndufa11;Ndufa13;Ndufa2;Ndufa3;Ndufa4;Ndufa5;Ndufa6;Ndufa7;Ndufb11;Ndufb2;Ndufb3;Ndufb4;Ndufb7;Ndufc1;Ndufc2;Ndufs5;Ndufs6;Ndufv3,
tissue__bone_marrow,Oxidative phosphorylation,Huntington disease,0.813953488372093,Atp5e;Atp5g1;Atp5j;Cox5b;Cox6a1;Cox6b1;Cox6c;Cox7a2;Cox7b;Cox7c;Cox8a;Ndufa1;Ndufa11;Ndufa13;Ndufa2;Ndufa3;Ndufa4;Ndufa5;Ndufa6;Ndufa7;Ndufb11;Ndufb2;Ndufb3;Ndufb4;Ndufb7;Ndufc1;Ndufc2;Ndufs5;Ndufs6;Ndufv3;Uqcr10;Uqcr11;Uqcrb;Uqcrh;Uqcrq,
tissue__bone_marrow,Oxidative phosphorylation,Proteasome,0.0,,
tissue__bone_marrow,Alzheimer disease,Non-alcoholic fatty liver disease (NAFLD),0.8048780487804879,Cox5b;Cox6a1;Cox6b1;Cox6c;Cox7a2;Cox7b;Cox7c;Cox8a;Cycs;Ndufa1;Ndufa11;Ndufa13;Ndufa2;Ndufa3;Ndufa4;Ndufa5;Ndufa6;Ndufa7;Ndufb11;Ndufb2;Ndufb3;Ndufb4;Ndufb7;Ndufc1;Ndufc2;Ndufs5;Ndufs6;Ndufv3;Uqcr10;Uqcr11;Uqcrb;Uqcrh;Uqcrq,
tissue__bone_marrow,Alzheimer disease,Parkinson disease,0.9230769230769231,Atp5e;Atp5g1;Atp5j;Cox5b;Cox6a1;Cox6b1;Cox6c;Cox7a2;Cox7b;Cox7c;Cox8a;Cycs;Ndufa1;Ndufa11;Ndufa13;Ndufa2;Ndufa3;Ndufa4;Ndufa5;Ndufa6;Ndufa7;Ndufb11;Ndufb2;Ndufb3;Ndufb4;Ndufb7;Ndufc1;Ndufc2;Ndufs5;Ndufs6;Ndufv3;Uqcr10;Uqcr11;Uqcrb;Uqcrh;Uqcrq,
tissue__bone_marrow,Alzheimer disease,Cardiac muscle contraction,0.34210526315789475,Cox5b;Cox6a1;Cox6b1;Cox6c;Cox7a2;Cox7b;Cox7c;Cox8a;Uqcr10;Uqcr11;Uqcrb;Uqcrh;Uqcrq,
tissue__bone_marrow,Alzheimer disease,Thermogenesis,0.6862745098039216,Atp5e;Atp5g1;Atp5j;Cox5b;Cox6a1;Cox6b1;Cox6c;Cox7a2;Cox7b;Cox7c;Cox8a;Ndufa1;Ndufa11;Ndufa13;Ndufa2;Ndufa3;Ndufa4;Ndufa5;Ndufa6;Ndufa7;Ndufb11;Ndufb2;Ndufb3;Ndufb4;Ndufb7;Ndufc1;Ndufc2;Ndufs5;Ndufs6;Ndufv3;Uqcr10;Uqcr11;Uqcrb;Uqcrh;Uqcrq,
tissue__bone_marrow,Alzheimer disease,Ribosome,0.0,,
tissue__bone_marrow,Alzheimer disease,Retrograde endocannabinoid signaling,0.475,Ndufa1;Ndufa11;Ndufa13;Ndufa2;Ndufa3;Ndufa4;Ndufa5;Ndufa6;Ndufa7;Ndufb11;Ndufb2;Ndufb3;Ndufb4;Ndufb7;Ndufc1;Ndufc2;Ndufs5;Ndufs6;Ndufv3,
tissue__bone_marrow,Alzheimer disease,Huntington disease,0.9230769230769231,Atp5e;Atp5g1;Atp5j;Cox5b;Cox6a1;Cox6b1;Cox6c;Cox7a2;Cox7b;Cox7c;Cox8a;Cycs;Ndufa1;Ndufa11;Ndufa13;Ndufa2;Ndufa3;Ndufa4;Ndufa5;Ndufa6;Ndufa7;Ndufb11;Ndufb2;Ndufb3;Ndufb4;Ndufb7;Ndufc1;Ndufc2;Ndufs5;Ndufs6;Ndufv3;Uqcr10;Uqcr11;Uqcrb;Uqcrh;Uqcrq,
tissue__bone_marrow,Alzheimer disease,Proteasome,0.0,,
tissue__bone_marrow,Non-alcoholic fatty liver disease (NAFLD),Parkinson disease,0.825,Cox5b;Cox6a1;Cox6b1;Cox6c;Cox7a2;Cox7b;Cox7c;Cox8a;Cycs;Ndufa1;Ndufa11;Ndufa13;Ndufa2;Ndufa3;Ndufa4;Ndufa5;Ndufa6;Ndufa7;Ndufb11;Ndufb2;Ndufb3;Ndufb4;Ndufb7;Ndufc1;Ndufc2;Ndufs5;Ndufs6;Ndufv3;Uqcr10;Uqcr11;Uqcrb;Uqcrh;Uqcrq,
tissue__bone_marrow,Non-alcoholic fatty liver disease (NAFLD),Cardiac muscle contraction,0.3611111111111111,Cox5b;Cox6a1;Cox6b1;Cox6c;Cox7a2;Cox7b;Cox7c;Cox8a;Uqcr10;Uqcr11;Uqcrb;Uqcrh;Uqcrq,
tissue__bone_marrow,Non-alcoholic fatty liver disease (NAFLD),Thermogenesis,0.6153846153846154,Cox5b;Cox6a1;Cox6b1;Cox6c;Cox7a2;Cox7b;Cox7c;Cox8a;Ndufa1;Ndufa11;Ndufa13;Ndufa2;Ndufa3;Ndufa4;Ndufa5;Ndufa6;Ndufa7;Ndufb11;Ndufb2;Ndufb3;Ndufb4;Ndufb7;Ndufc1;Ndufc2;Ndufs5;Ndufs6;Ndufv3;Uqcr10;Uqcr11;Uqcrb;Uqcrh;Uqcrq,
tissue__bone_marrow,Non-alcoholic fatty liver disease (NAFLD),Ribosome,0.0,,
tissue__bone_marrow,Non-alcoholic fatty liver disease (NAFLD),Retrograde endocannabinoid signaling,0.5,Ndufa1;Ndufa11;Ndufa13;Ndufa2;Ndufa3;Ndufa4;Ndufa5;Ndufa6;Ndufa7;Ndufb11;Ndufb2;Ndufb3;Ndufb4;Ndufb7;Ndufc1;Ndufc2;Ndufs5;Ndufs6;Ndufv3,
tissue__bone_marrow,Non-alcoholic fatty liver disease (NAFLD),Huntington disease,0.825,Cox5b;Cox6a1;Cox6b1;Cox6c;Cox7a2;Cox7b;Cox7c;Cox8a;Cycs;Ndufa1;Ndufa11;Ndufa13;Ndufa2;Ndufa3;Ndufa4;Ndufa5;Ndufa6;Ndufa7;Ndufb11;Ndufb2;Ndufb3;Ndufb4;Ndufb7;Ndufc1;Ndufc2;Ndufs5;Ndufs6;Ndufv3;Uqcr10;Uqcr11;Uqcrb;Uqcrh;Uqcrq,
tissue__bone_marrow,Non-alcoholic fatty liver disease (NAFLD),Proteasome,0.0,,
tissue__bone_marrow,Parkinson disease,Cardiac muscle contraction,0.35135135135135137,Cox5b;Cox6a1;Cox6b1;Cox6c;Cox7a2;Cox7b;Cox7c;Cox8a;Uqcr10;Uqcr11;Uqcrb;Uqcrh;Uqcrq,
tissue__bone_marrow,Parkinson disease,Thermogenesis,0.7,Atp5e;Atp5g1;Atp5j;Cox5b;Cox6a1;Cox6b1;Cox6c;Cox7a2;Cox7b;Cox7c;Cox8a;Ndufa1;Ndufa11;Ndufa13;Ndufa2;Ndufa3;Ndufa4;Ndufa5;Ndufa6;Ndufa7;Ndufb11;Ndufb2;Ndufb3;Ndufb4;Ndufb7;Ndufc1;Ndufc2;Ndufs5;Ndufs6;Ndufv3;Uqcr10;Uqcr11;Uqcrb;Uqcrh;Uqcrq,
tissue__bone_marrow,Parkinson disease,Ribosome,0.0,,
tissue__bone_marrow,Parkinson disease,Retrograde endocannabinoid signaling,0.48717948717948717,Ndufa1;Ndufa11;Ndufa13;Ndufa2;Ndufa3;Ndufa4;Ndufa5;Ndufa6;Ndufa7;Ndufb11;Ndufb2;Ndufb3;Ndufb4;Ndufb7;Ndufc1;Ndufc2;Ndufs5;Ndufs6;Ndufv3,
tissue__bone_marrow,Parkinson disease,Huntington disease,0.9473684210526315,Atp5e;Atp5g1;Atp5j;Cox5b;Cox6a1;Cox6b1;Cox6c;Cox7a2;Cox7b;Cox7c;Cox8a;Cycs;Ndufa1;Ndufa11;Ndufa13;Ndufa2;Ndufa3;Ndufa4;Ndufa5;Ndufa6;Ndufa7;Ndufb11;Ndufb2;Ndufb3;Ndufb4;Ndufb7;Ndufc1;Ndufc2;Ndufs5;Ndufs6;Ndufv3;Uqcr10;Uqcr11;Uqcrb;Uqcrh;Uqcrq,
tissue__bone_marrow,Parkinson disease,Proteasome,0.0,,
tissue__bone_marrow,Cardiac muscle contraction,Thermogenesis,0.2708333333333333,Cox5b;Cox6a1;Cox6b1;Cox6c;Cox7a2;Cox7b;Cox7c;Cox8a;Uqcr10;Uqcr11;Uqcrb;Uqcrh;Uqcrq,
tissue__bone_marrow,Cardiac muscle contraction,Ribosome,0.0,,
tissue__bone_marrow,Cardiac muscle contraction,Retrograde endocannabinoid signaling,0.0,,
tissue__bone_marrow,Cardiac muscle contraction,Huntington disease,0.35135135135135137,Cox5b;Cox6a1;Cox6b1;Cox6c;Cox7a2;Cox7b;Cox7c;Cox8a;Uqcr10;Uqcr11;Uqcrb;Uqcrh;Uqcrq,
tissue__bone_marrow,Cardiac muscle contraction,Proteasome,0.0,,
tissue__bone_marrow,Thermogenesis,Ribosome,0.0,,
tissue__bone_marrow,Thermogenesis,Retrograde endocannabinoid signaling,0.38,Ndufa1;Ndufa11;Ndufa13;Ndufa2;Ndufa3;Ndufa4;Ndufa5;Ndufa6;Ndufa7;Ndufb11;Ndufb2;Ndufb3;Ndufb4;Ndufb7;Ndufc1;Ndufc2;Ndufs5;Ndufs6;Ndufv3,
tissue__bone_marrow,Thermogenesis,Huntington disease,0.7,Atp5e;Atp5g1;Atp5j;Cox5b;Cox6a1;Cox6b1;Cox6c;Cox7a2;Cox7b;Cox7c;Cox8a;Ndufa1;Ndufa11;Ndufa13;Ndufa2;Ndufa3;Ndufa4;Ndufa5;Ndufa6;Ndufa7;Ndufb11;Ndufb2;Ndufb3;Ndufb4;Ndufb7;Ndufc1;Ndufc2;Ndufs5;Ndufs6;Ndufv3;Uqcr10;Uqcr11;Uqcrb;Uqcrh;Uqcrq,
tissue__bone_marrow,Thermogenesis,Proteasome,0.0,,
tissue__bone_marrow,Ribosome,Retrograde endocannabinoid signaling,0.0,,
tissue__bone_marrow,Ribosome,Huntington disease,0.0,,
tissue__bone_marrow,Ribosome,Proteasome,0.0,,
tissue__bone_marrow,Retrograde endocannabinoid signaling,Huntington disease,0.48717948717948717,Ndufa1;Ndufa11;Ndufa13;Ndufa2;Ndufa3;Ndufa4;Ndufa5;Ndufa6;Ndufa7;Ndufb11;Ndufb2;Ndufb3;Ndufb4;Ndufb7;Ndufc1;Ndufc2;Ndufs5;Ndufs6;Ndufv3,
tissue__bone_marrow,Retrograde endocannabinoid signaling,Proteasome,0.0,,
tissue__bone_marrow,Huntington disease,Proteasome,0.0,,
cluster_tissue__C0__bone_marrow,Oxidative phosphorylation,Non-alcoholic fatty liver disease (NAFLD),0.6595744680851063,Cox5b;Cox6a1;Cox6b1;Cox6c;Cox7a2;Cox7b;Cox7c;Cox8a;Ndufa1;Ndufa11;Ndufa13;Ndufa2;Ndufa3;Ndufa4;Ndufa5;Ndufa6;Ndufa7;Ndufb2;Ndufb3;Ndufb4;Ndufb7;Ndufc1;Ndufc2;Ndufs5;Ndufs6;Ndufv3;Uqcr10;Uqcr11;Uqcrb;Uqcrh;Uqcrq,
cluster_tissue__C0__bone_marrow,Oxidative phosphorylation,Parkinson disease,0.7906976744186046,Atp5e;Atp5g1;Atp5j;Cox5b;Cox6a1;Cox6b1;Cox6c;Cox7a2;Cox7b;Cox7c;Cox8a;Ndufa1;Ndufa11;Ndufa13;Ndufa2;Ndufa3;Ndufa4;Ndufa5;Ndufa6;Ndufa7;Ndufb2;Ndufb3;Ndufb4;Ndufb7;Ndufc1;Ndufc2;Ndufs5;Ndufs6;Ndufv3;Uqcr10;Uqcr11;Uqcrb;Uqcrh;Uqcrq,
cluster_tissue__C0__bone_marrow,Oxidative phosphorylation,Alzheimer disease,0.7906976744186046,Atp5e;Atp5g1;Atp5j;Cox5b;Cox6a1;Cox6b1;Cox6c;Cox7a2;Cox7b;Cox7c;Cox8a;Ndufa1;Ndufa11;Ndufa13;Ndufa2;Ndufa3;Ndufa4;Ndufa5;Ndufa6;Ndufa7;Ndufb2;Ndufb3;Ndufb4;Ndufb7;Ndufc1;Ndufc2;Ndufs5;Ndufs6;Ndufv3;Uqcr10;Uqcr11;Uqcrb;Uqcrh;Uqcrq,
cluster_tissue__C0__bone_marrow,Oxidative phosphorylation,Cardiac muscle contraction,0.325,Cox5b;Cox6a1;Cox6b1;Cox6c;Cox7a2;Cox7b;Cox7c;Cox8a;Uqcr10;Uqcr11;Uqcrb;Uqcrh;Uqcrq,
cluster_tissue__C0__bone_marrow,Oxidative phosphorylation,Thermogenesis,0.8478260869565217,Atp5e;Atp5g1;Atp5j;Atp5j2;Atp5k;Atp5l;Cox10;Cox17;Cox5b;Cox6a1;Cox6b1;Cox6c;Cox7a2;Cox7b;Cox7c;Cox8a;Ndufa1;Ndufa11;Ndufa13;Ndufa2;Ndufa3;Ndufa4;Ndufa5;Ndufa6;Ndufa7;Ndufb2;Ndufb3;Ndufb4;Ndufb7;Ndufc1;Ndufc2;Ndufs5;Ndufs6;Ndufv3;Uqcr10;Uqcr11;Uqcrb;Uqcrh;Uqcrq,
cluster_tissue__C0__bone_marrow,Oxidative phosphorylation,Ribosome,0.0,,
cluster_tissue__C0__bone_marrow,Oxidative phosphorylation,Retrograde endocannabinoid signaling,0.4186046511627907,Ndufa1;Ndufa11;Ndufa13;Ndufa2;Ndufa3;Ndufa4;Ndufa5;Ndufa6;Ndufa7;Ndufb2;Ndufb3;Ndufb4;Ndufb7;Ndufc1;Ndufc2;Ndufs5;Ndufs6;Ndufv3,
cluster_tissue__C0__bone_marrow,Oxidative phosphorylation,Huntington disease,0.7804878048780488,Atp5e;Atp5j;Cox5b;Cox6a1;Cox6b1;Cox6c;Cox7a2;Cox7b;Cox7c;Cox8a;Ndufa1;Ndufa11;Ndufa13;Ndufa2;Ndufa3;Ndufa4;Ndufa5;Ndufa7;Ndufb2;Ndufb3;Ndufb4;Ndufb7;Ndufc1;Ndufc2;Ndufs5;Ndufs6;Ndufv3;Uqcr10;Uqcr11;Uqcrb;Uqcrh;Uqcrq,
cluster_tissue__C0__bone_marrow,Oxidative phosphorylation,Proteasome,0.0,,
cluster_tissue__C0__bone_marrow,Non-alcoholic fatty liver disease (NAFLD),Parkinson disease,0.7441860465116279,Cox5b;Cox6a1;Cox6b1;Cox6c;Cox7a2;Cox7b;Cox7c;Cox8a;Cycs;Ndufa1;Ndufa11;Ndufa13;Ndufa2;Ndufa3;Ndufa4;Ndufa5;Ndufa6;Ndufa7;Ndufb2;Ndufb3;Ndufb4;Ndufb7;Ndufc1;Ndufc2;Ndufs5;Ndufs6;Ndufv3;Uqcr10;Uqcr11;Uqcrb;Uqcrh;Uqcrq,
cluster_tissue__C0__bone_marrow,Non-alcoholic fatty liver disease (NAFLD),Alzheimer disease,0.7857142857142857,Cox5b;Cox6a1;Cox6b1;Cox6c;Cox7a2;Cox7b;Cox7c;Cox8a;Cycs;Ndufa1;Ndufa11;Ndufa13;Ndufa2;Ndufa3;Ndufa4;Ndufa5;Ndufa6;Ndufa7;Ndufb2;Ndufb3;Ndufb4;Ndufb7;Ndufc1;Ndufc2;Ndufs5;Ndufs6;Ndufv3;Tnf;Uqcr10;Uqcr11;Uqcrb;Uqcrh;Uqcrq,
cluster_tissue__C0__bone_marrow,Non-alcoholic fatty liver disease (NAFLD),Cardiac muscle contraction,0.34210526315789475,Cox5b;Cox6a1;Cox6b1;Cox6c;Cox7a2;Cox7b;Cox7c;Cox8a;Uqcr10;Uqcr11;Uqcrb;Uqcrh;Uqcrq,
cluster_tissue__C0__bone_marrow,Non-alcoholic fatty liver disease (NAFLD),Thermogenesis,0.5961538461538461,Cox5b;Cox6a1;Cox6b1;Cox6c;Cox7a2;Cox7b;Cox7c;Cox8a;Ndufa1;Ndufa11;Ndufa13;Ndufa2;Ndufa3;Ndufa4;Ndufa5;Ndufa6;Ndufa7;Ndufb2;Ndufb3;Ndufb4;Ndufb7;Ndufc1;Ndufc2;Ndufs5;Ndufs6;Ndufv3;Uqcr10;Uqcr11;Uqcrb;Uqcrh;Uqcrq,
cluster_tissue__C0__bone_marrow,Non-alcoholic fatty liver disease (NAFLD),Ribosome,0.0,,
cluster_tissue__C0__bone_marrow,Non-alcoholic fatty liver disease (NAFLD),Retrograde endocannabinoid signaling,0.43902439024390244,Ndufa1;Ndufa11;Ndufa13;Ndufa2;Ndufa3;Ndufa4;Ndufa5;Ndufa6;Ndufa7;Ndufb2;Ndufb3;Ndufb4;Ndufb7;Ndufc1;Ndufc2;Ndufs5;Ndufs6;Ndufv3,
cluster_tissue__C0__bone_marrow,Non-alcoholic fatty liver disease (NAFLD),Huntington disease,0.775,Cox5b;Cox6a1;Cox6b1;Cox6c;Cox7a2;Cox7b;Cox7c;Cox8a;Cycs;Ndufa1;Ndufa11;Ndufa13;Ndufa2;Ndufa3;Ndufa4;Ndufa5;Ndufa7;Ndufb2;Ndufb3;Ndufb4;Ndufb7;Ndufc1;Ndufc2;Ndufs5;Ndufs6;Ndufv3;Uqcr10;Uqcr11;Uqcrb;Uqcrh;Uqcrq,
cluster_tissue__C0__bone_marrow,Non-alcoholic fatty liver disease (NAFLD),Proteasome,0.0,,
cluster_tissue__C0__bone_marrow,Parkinson disease,Alzheimer disease,0.8974358974358975,Atp5e;Atp5g1;Atp5j;Cox5b;Cox6a1;Cox6b1;Cox6c;Cox7a2;Cox7b;Cox7c;Cox8a;Cycs;Ndufa1;Ndufa11;Ndufa13;Ndufa2;Ndufa3;Ndufa4;Ndufa5;Ndufa6;Ndufa7;Ndufb2;Ndufb3;Ndufb4;Ndufb7;Ndufc1;Ndufc2;Ndufs5;Ndufs6;Ndufv3;Uqcr10;Uqcr11;Uqcrb;Uqcrh;Uqcrq,
cluster_tissue__C0__bone_marrow,Parkinson disease,Cardiac muscle contraction,0.35135135135135137,Cox5b;Cox6a1;Cox6b1;Cox6c;Cox7a2;Cox7b;Cox7c;Cox8a;Uqcr10;Uqcr11;Uqcrb;Uqcrh;Uqcrq,
cluster_tissue__C0__bone_marrow,Parkinson disease,Thermogenesis,0.7446808510638298,Atp5e;Atp5g1;Atp5j;Cox5b;Cox6a1;Cox6b1;Cox6c;Cox7a2;Cox7b;Cox7c;Cox8a;Ndufa1;Ndufa11;Ndufa13;Ndufa2;Ndufa3;Ndufa4;Ndufa5;Ndufa6;Ndufa7;Ndufb2;Ndufb3;Ndufb4;Ndufb7;Ndufc1;Ndufc2;Ndufs5;Ndufs6;Ndufv3;Prkacb;Uqcr10;Uqcr11;Uqcrb;Uqcrh;Uqcrq,
cluster_tissue__C0__bone_marrow,Parkinson disease,Ribosome,0.0,,
cluster_tissue__C0__bone_marrow,Parkinson disease,Retrograde endocannabinoid signaling,0.48717948717948717,Ndufa1;Ndufa11;Ndufa13;Ndufa2;Ndufa3;Ndufa4;Ndufa5;Ndufa6;Ndufa7;Ndufb2;Ndufb3;Ndufb4;Ndufb7;Ndufc1;Ndufc2;Ndufs5;Ndufs6;Ndufv3;Prkacb,
cluster_tissue__C0__bone_marrow,Parkinson disease,Huntington disease,0.8918918918918919,Atp5e;Atp5j;Cox5b;Cox6a1;Cox6b1;Cox6c;Cox7a2;Cox7b;Cox7c;Cox8a;Cycs;Ndufa1;Ndufa11;Ndufa13;Ndufa2;Ndufa3;Ndufa4;Ndufa5;Ndufa7;Ndufb2;Ndufb3;Ndufb4;Ndufb7;Ndufc1;Ndufc2;Ndufs5;Ndufs6;Ndufv3;Uqcr10;Uqcr11;Uqcrb;Uqcrh;Uqcrq,
cluster_tissue__C0__bone_marrow,Parkinson disease,Proteasome,0.0,,
cluster_tissue__C0__bone_marrow,Alzheimer disease,Cardiac muscle contraction,0.35135135135135137,Cox5b;Cox6a1;Cox6b1;Cox6c;Cox7a2;Cox7b;Cox7c;Cox8a;Uqcr10;Uqcr11;Uqcrb;Uqcrh;Uqcrq,
cluster_tissue__C0__bone_marrow,Alzheimer disease,Thermogenesis,0.7083333333333334,Atp5e;Atp5g1;Atp5j;Cox5b;Cox6a1;Cox6b1;Cox6c;Cox7a2;Cox7b;Cox7c;Cox8a;Ndufa1;Ndufa11;Ndufa13;Ndufa2;Ndufa3;Ndufa4;Ndufa5;Ndufa6;Ndufa7;Ndufb2;Ndufb3;Ndufb4;Ndufb7;Ndufc1;Ndufc2;Ndufs5;Ndufs6;Ndufv3;Uqcr10;Uqcr11;Uqcrb;Uqcrh;Uqcrq,
cluster_tissue__C0__bone_marrow,Alzheimer disease,Ribosome,0.0,,
cluster_tissue__C0__bone_marrow,Alzheimer disease,Retrograde endocannabinoid signaling,0.45,Ndufa1;Ndufa11;Ndufa13;Ndufa2;Ndufa3;Ndufa4;Ndufa5;Ndufa6;Ndufa7;Ndufb2;Ndufb3;Ndufb4;Ndufb7;Ndufc1;Ndufc2;Ndufs5;Ndufs6;Ndufv3,
cluster_tissue__C0__bone_marrow,Alzheimer disease,Huntington disease,0.8918918918918919,Atp5e;Atp5j;Cox5b;Cox6a1;Cox6b1;Cox6c;Cox7a2;Cox7b;Cox7c;Cox8a;Cycs;Ndufa1;Ndufa11;Ndufa13;Ndufa2;Ndufa3;Ndufa4;Ndufa5;Ndufa7;Ndufb2;Ndufb3;Ndufb4;Ndufb7;Ndufc1;Ndufc2;Ndufs5;Ndufs6;Ndufv3;Uqcr10;Uqcr11;Uqcrb;Uqcrh;Uqcrq,
cluster_tissue__C0__bone_marrow,Alzheimer disease,Proteasome,0.0,,
cluster_tissue__C0__bone_marrow,Cardiac muscle contraction,Thermogenesis,0.28888888888888886,Cox5b;Cox6a1;Cox6b1;Cox6c;Cox7a2;Cox7b;Cox7c;Cox8a;Uqcr10;Uqcr11;Uqcrb;Uqcrh;Uqcrq,
cluster_tissue__C0__bone_marrow,Cardiac muscle contraction,Ribosome,0.0,,
cluster_tissue__C0__bone_marrow,Cardiac muscle contraction,Retrograde endocannabinoid signaling,0.0,,
cluster_tissue__C0__bone_marrow,Cardiac muscle contraction,Huntington disease,0.3939393939393939,Cox5b;Cox6a1;Cox6b1;Cox6c;Cox7a2;Cox7b;Cox7c;Cox8a;Uqcr10;Uqcr11;Uqcrb;Uqcrh;Uqcrq,
cluster_tissue__C0__bone_marrow,Cardiac muscle contraction,Proteasome,0.0,,
cluster_tissue__C0__bone_marrow,Thermogenesis,Ribosome,0.0,,
cluster_tissue__C0__bone_marrow,Thermogenesis,Retrograde endocannabinoid signaling,0.40425531914893614,Ndufa1;Ndufa11;Ndufa13;Ndufa2;Ndufa3;Ndufa4;Ndufa5;Ndufa6;Ndufa7;Ndufb2;Ndufb3;Ndufb4;Ndufb7;Ndufc1;Ndufc2;Ndufs5;Ndufs6;Ndufv3;Prkacb,
cluster_tissue__C0__bone_marrow,Thermogenesis,Huntington disease,0.6956521739130435,Atp5e;Atp5j;Cox5b;Cox6a1;Cox6b1;Cox6c;Cox7a2;Cox7b;Cox7c;Cox8a;Ndufa1;Ndufa11;Ndufa13;Ndufa2;Ndufa3;Ndufa4;Ndufa5;Ndufa7;Ndufb2;Ndufb3;Ndufb4;Ndufb7;Ndufc1;Ndufc2;Ndufs5;Ndufs6;Ndufv3;Uqcr10;Uqcr11;Uqcrb;Uqcrh;Uqcrq,
cluster_tissue__C0__bone_marrow,Thermogenesis,Proteasome,0.0,,
cluster_tissue__C0__bone_marrow,Ribosome,Retrograde endocannabinoid signaling,0.0,,
cluster_tissue__C0__bone_marrow,Ribosome,Huntington disease,0.0,,
cluster_tissue__C0__bone_marrow,Ribosome,Proteasome,0.0,,
cluster_tissue__C0__bone_marrow,Retrograde endocannabinoid signaling,Huntington disease,0.4594594594594595,Ndufa1;Ndufa11;Ndufa13;Ndufa2;Ndufa3;Ndufa4;Ndufa5;Ndufa7;Ndufb2;Ndufb3;Ndufb4;Ndufb7;Ndufc1;Ndufc2;Ndufs5;Ndufs6;Ndufv3,
cluster_tissue__C0__bone_marrow,Retrograde endocannabinoid signaling,Proteasome,0.0,,
cluster_tissue__C0__bone_marrow,Huntington disease,Proteasome,0.0,,
cluster_tissue__C2__bone_marrow,Ribosome,Oxidative phosphorylation,0.0,,
cluster_tissue__C2__bone_marrow,Ribosome,Parkinson disease,0.0,,
cluster_tissue__C2__bone_marrow,Ribosome,Cardiac muscle contraction,0.0,,
cluster_tissue__C2__bone_marrow,Ribosome,Huntington disease,0.0,,
cluster_tissue__C2__bone_marrow,Ribosome,Alzheimer disease,0.0,,
cluster_tissue__C2__bone_marrow,Ribosome,Non-alcoholic fatty liver disease (NAFLD),0.0,,
cluster_tissue__C2__bone_marrow,Ribosome,Retrograde endocannabinoid signaling,0.0,,
cluster_tissue__C2__bone_marrow,Ribosome,Allograft rejection,0.0,,
cluster_tissue__C2__bone_marrow,Ribosome,Thermogenesis,0.006535947712418301,Rps6,
cluster_tissue__C2__bone_marrow,Oxidative phosphorylation,Parkinson disease,0.6842105263157895,Atp5b;Atp5c1;Atp5e;Atp5j;Atp5o;Cox4i1;Cox5a;Cox6a1;Cox6b1;Cox6c;Cox7a2;Cox7a2l;Cox7b;Cox7c;Cox8a;Ndufa10;Ndufa11;Ndufa12;Ndufa2;Ndufa4;Ndufa5;Ndufa6;Ndufa9;Ndufb10;Ndufb11;Ndufb2;Ndufb4;Ndufb7;Ndufb9;Ndufc2;Ndufs1;Ndufs4;Ndufs5;Ndufs6;Ndufv2;Sdhd;Uqcrb;Uqcrc2;Uqcrh,
cluster_tissue__C2__bone_marrow,Oxidative phosphorylation,Cardiac muscle contraction,0.24074074074074073,Cox4i1;Cox5a;Cox6a1;Cox6b1;Cox6c;Cox7a2;Cox7a2l;Cox7b;Cox7c;Cox8a;Uqcrb;Uqcrc2;Uqcrh,
cluster_tissue__C2__bone_marrow,Oxidative phosphorylation,Huntington disease,0.6190476190476191,Atp5b;Atp5c1;Atp5e;Atp5j;Atp5o;Cox4i1;Cox5a;Cox6a1;Cox6b1;Cox6c;Cox7a2;Cox7a2l;Cox7b;Cox7c;Cox8a;Ndufa10;Ndufa11;Ndufa12;Ndufa2;Ndufa4;Ndufa5;Ndufa6;Ndufa9;Ndufb10;Ndufb11;Ndufb2;Ndufb4;Ndufb7;Ndufb9;Ndufc2;Ndufs1;Ndufs4;Ndufs5;Ndufs6;Ndufv2;Sdhd;Uqcrb;Uqcrc2;Uqcrh,
cluster_tissue__C2__bone_marrow,Oxidative phosphorylation,Alzheimer disease,0.7090909090909091,Atp5b;Atp5c1;Atp5e;Atp5j;Atp5o;Cox4i1;Cox5a;Cox6a1;Cox6b1;Cox6c;Cox7a2;Cox7a2l;Cox7b;Cox7c;Cox8a;Ndufa10;Ndufa11;Ndufa12;Ndufa2;Ndufa4;Ndufa5;Ndufa6;Ndufa9;Ndufb10;Ndufb11;Ndufb2;Ndufb4;Ndufb7;Ndufb9;Ndufc2;Ndufs1;Ndufs4;Ndufs5;Ndufs6;Ndufv2;Sdhd;Uqcrb;Uqcrc2;Uqcrh,
cluster_tissue__C2__bone_marrow,Oxidative phosphorylation,Non-alcoholic fatty liver disease (NAFLD),0.5666666666666667,Cox4i1;Cox5a;Cox6a1;Cox6b1;Cox6c;Cox7a2;Cox7a2l;Cox7b;Cox7c;Cox8a;Ndufa10;Ndufa11;Ndufa12;Ndufa2;Ndufa4;Ndufa5;Ndufa6;Ndufa9;Ndufb10;Ndufb11;Ndufb2;Ndufb4;Ndufb7;Ndufb9;Ndufc2;Ndufs1;Ndufs4;Ndufs5;Ndufs6;Ndufv2;Sdhd;Uqcrb;Uqcrc2;Uqcrh,
cluster_tissue__C2__bone_marrow,Oxidative phosphorylation,Retrograde endocannabinoid signaling,0.3225806451612903,Ndufa10;Ndufa11;Ndufa12;Ndufa2;Ndufa4;Ndufa5;Ndufa6;Ndufa9;Ndufb10;Ndufb11;Ndufb2;Ndufb4;Ndufb7;Ndufb9;Ndufc2;Ndufs1;Ndufs4;Ndufs5;Ndufs6;Ndufv2,
cluster_tissue__C2__bone_marrow,Oxidative phosphorylation,Allograft rejection,0.0,,
cluster_tissue__C2__bone_marrow,Oxidative phosphorylation,Thermogenesis,0.525,Atp5b;Atp5c1;Atp5e;Atp5j;Atp5j2;Atp5o;Cox15;Cox17;Cox4i1;Cox5a;Cox6a1;Cox6b1;Cox6c;Cox7a2;Cox7a2l;Cox7b;Cox7c;Cox8a;Ndufa10;Ndufa11;Ndufa12;Ndufa2;Ndufa4;Ndufa5;Ndufa6;Ndufa9;Ndufb10;Ndufb11;Ndufb2;Ndufb4;Ndufb7;Ndufb9;Ndufc2;Ndufs1;Ndufs4;Ndufs5;Ndufs6;Ndufv2;Sdhd;Uqcrb;Uqcrc2;Uqcrh,
cluster_tissue__C2__bone_marrow,Parkinson disease,Cardiac muscle contraction,0.25,Cox4i1;Cox5a;Cox6a1;Cox6b1;Cox6c;Cox7a2;Cox7a2l;Cox7b;Cox7c;Cox8a;Uqcrb;Uqcrc2;Uqcrh,
cluster_tissue__C2__bone_marrow,Parkinson disease,Huntington disease,0.6949152542372882,Atp5b;Atp5c1;Atp5e;Atp5j;Atp5o;Casp9;Cox4i1;Cox5a;Cox6a1;Cox6b1;Cox6c;Cox7a2;Cox7a2l;Cox7b;Cox7c;Cox8a;Ndufa10;Ndufa11;Ndufa12;Ndufa2;Ndufa4;Ndufa5;Ndufa6;Ndufa9;Ndufb10;Ndufb11;Ndufb2;Ndufb4;Ndufb7;Ndufb9;Ndufc2;Ndufs1;Ndufs4;Ndufs5;Ndufs6;Ndufv2;Sdhd;Slc25a5;Uqcrb;Uqcrc2;Uqcrh,
cluster_tissue__C2__bone_marrow,Parkinson disease,Alzheimer disease,0.7692307692307693,Atp5b;Atp5c1;Atp5e;Atp5j;Atp5o;Casp9;Cox4i1;Cox5a;Cox6a1;Cox6b1;Cox6c;Cox7a2;Cox7a2l;Cox7b;Cox7c;Cox8a;Ndufa10;Ndufa11;Ndufa12;Ndufa2;Ndufa4;Ndufa5;Ndufa6;Ndufa9;Ndufb10;Ndufb11;Ndufb2;Ndufb4;Ndufb7;Ndufb9;Ndufc2;Ndufs1;Ndufs4;Ndufs5;Ndufs6;Ndufv2;Sdhd;Uqcrb;Uqcrc2;Uqcrh,
cluster_tissue__C2__bone_marrow,Parkinson disease,Non-alcoholic fatty liver disease (NAFLD),0.5862068965517241,Cox4i1;Cox5a;Cox6a1;Cox6b1;Cox6c;Cox7a2;Cox7a2l;Cox7b;Cox7c;Cox8a;Ndufa10;Ndufa11;Ndufa12;Ndufa2;Ndufa4;Ndufa5;Ndufa6;Ndufa9;Ndufb10;Ndufb11;Ndufb2;Ndufb4;Ndufb7;Ndufb9;Ndufc2;Ndufs1;Ndufs4;Ndufs5;Ndufs6;Ndufv2;Sdhd;Uqcrb;Uqcrc2;Uqcrh,
cluster_tissue__C2__bone_marrow,Parkinson disease,Retrograde endocannabinoid signaling,0.3333333333333333,Ndufa10;Ndufa11;Ndufa12;Ndufa2;Ndufa4;Ndufa5;Ndufa6;Ndufa9;Ndufb10;Ndufb11;Ndufb2;Ndufb4;Ndufb7;Ndufb9;Ndufc2;Ndufs1;Ndufs4;Ndufs5;Ndufs6;Ndufv2,
cluster_tissue__C2__bone_marrow,Parkinson disease,Allograft rejection,0.0,,
cluster_tissue__C2__bone_marrow,Parkinson disease,Thermogenesis,0.48148148148148145,Atp5b;Atp5c1;Atp5e;Atp5j;Atp5o;Cox4i1;Cox5a;Cox6a1;Cox6b1;Cox6c;Cox7a2;Cox7a2l;Cox7b;Cox7c;Cox8a;Ndufa10;Ndufa11;Ndufa12;Ndufa2;Ndufa4;Ndufa5;Ndufa6;Ndufa9;Ndufb10;Ndufb11;Ndufb2;Ndufb4;Ndufb7;Ndufb9;Ndufc2;Ndufs1;Ndufs4;Ndufs5;Ndufs6;Ndufv2;Sdhd;Uqcrb;Uqcrc2;Uqcrh,
cluster_tissue__C2__bone_marrow,Cardiac muscle contraction,Huntington disease,0.22413793103448276,Cox4i1;Cox5a;Cox6a1;Cox6b1;Cox6c;Cox7a2;Cox7a2l;Cox7b;Cox7c;Cox8a;Uqcrb;Uqcrc2;Uqcrh,
cluster_tissue__C2__bone_marrow,Cardiac muscle contraction,Alzheimer disease,0.2857142857142857,Atp2a2;Cox4i1;Cox5a;Cox6a1;Cox6b1;Cox6c;Cox7a2;Cox7a2l;Cox7b;Cox7c;Cox8a;Uqcrb;Uqcrc2;Uqcrh,
cluster_tissue__C2__bone_marrow,Cardiac muscle contraction,Non-alcoholic fatty liver disease (NAFLD),0.26,Cox4i1;Cox5a;Cox6a1;Cox6b1;Cox6c;Cox7a2;Cox7a2l;Cox7b;Cox7c;Cox8a;Uqcrb;Uqcrc2;Uqcrh,
cluster_tissue__C2__bone_marrow,Cardiac muscle contraction,Retrograde endocannabinoid signaling,0.0,,
cluster_tissue__C2__bone_marrow,Cardiac muscle contraction,Allograft rejection,0.0,,
cluster_tissue__C2__bone_marrow,Cardiac muscle contraction,Thermogenesis,0.16666666666666666,Cox4i1;Cox5a;Cox6a1;Cox6b1;Cox6c;Cox7a2;Cox7a2l;Cox7b;Cox7c;Cox8a;Uqcrb;Uqcrc2;Uqcrh,
cluster_tissue__C2__bone_marrow,Huntington disease,Alzheimer disease,0.6896551724137931,Atp5b;Atp5c1;Atp5e;Atp5j;Atp5o;Casp9;Cox4i1;Cox5a;Cox6a1;Cox6b1;Cox6c;Cox7a2;Cox7a2l;Cox7b;Cox7c;Cox8a;Ndufa10;Ndufa11;Ndufa12;Ndufa2;Ndufa4;Ndufa5;Ndufa6;Ndufa9;Ndufb10;Ndufb11;Ndufb2;Ndufb4;Ndufb7;Ndufb9;Ndufc2;Ndufs1;Ndufs4;Ndufs5;Ndufs6;Ndufv2;Sdhd;Uqcrb;Uqcrc2;Uqcrh,
cluster_tissue__C2__bone_marrow,Huntington disease,Non-alcoholic fatty liver disease (NAFLD),0.5555555555555556,Bax;Cox4i1;Cox5a;Cox6a1;Cox6b1;Cox6c;Cox7a2;Cox7a2l;Cox7b;Cox7c;Cox8a;Ndufa10;Ndufa11;Ndufa12;Ndufa2;Ndufa4;Ndufa5;Ndufa6;Ndufa9;Ndufb10;Ndufb11;Ndufb2;Ndufb4;Ndufb7;Ndufb9;Ndufc2;Ndufs1;Ndufs4;Ndufs5;Ndufs6;Ndufv2;Sdhd;Uqcrb;Uqcrc2;Uqcrh,
cluster_tissue__C2__bone_marrow,Huntington disease,Retrograde endocannabinoid signaling,0.30303030303030304,Ndufa10;Ndufa11;Ndufa12;Ndufa2;Ndufa4;Ndufa5;Ndufa6;Ndufa9;Ndufb10;Ndufb11;Ndufb2;Ndufb4;Ndufb7;Ndufb9;Ndufc2;Ndufs1;Ndufs4;Ndufs5;Ndufs6;Ndufv2,
cluster_tissue__C2__bone_marrow,Huntington disease,Allograft rejection,0.0,,
cluster_tissue__C2__bone_marrow,Huntington disease,Thermogenesis,0.4482758620689655,Atp5b;Atp5c1;Atp5e;Atp5j;Atp5o;Cox4i1;Cox5a;Cox6a1;Cox6b1;Cox6c;Cox7a2;Cox7a2l;Cox7b;Cox7c;Cox8a;Ndufa10;Ndufa11;Ndufa12;Ndufa2;Ndufa4;Ndufa5;Ndufa6;Ndufa9;Ndufb10;Ndufb11;Ndufb2;Ndufb4;Ndufb7;Ndufb9;Ndufc2;Ndufs1;Ndufs4;Ndufs5;Ndufs6;Ndufv2;Sdhd;Uqcrb;Uqcrc2;Uqcrh,
cluster_tissue__C2__bone_marrow,Alzheimer disease,Non-alcoholic fatty liver disease (NAFLD),0.6071428571428571,Cox4i1;Cox5a;Cox6a1;Cox6b1;Cox6c;Cox7a2;Cox7a2l;Cox7b;Cox7c;Cox8a;Ndufa10;Ndufa11;Ndufa12;Ndufa2;Ndufa4;Ndufa5;Ndufa6;Ndufa9;Ndufb10;Ndufb11;Ndufb2;Ndufb4;Ndufb7;Ndufb9;Ndufc2;Ndufs1;Ndufs4;Ndufs5;Ndufs6;Ndufv2;Sdhd;Uqcrb;Uqcrc2;Uqcrh,
cluster_tissue__C2__bone_marrow,Alzheimer disease,Retrograde endocannabinoid signaling,0.3684210526315789,Itpr3;Ndufa10;Ndufa11;Ndufa12;Ndufa2;Ndufa4;Ndufa5;Ndufa6;Ndufa9;Ndufb10;Ndufb11;Ndufb2;Ndufb4;Ndufb7;Ndufb9;Ndufc2;Ndufs1;Ndufs4;Ndufs5;Ndufs6;Ndufv2,
cluster_tissue__C2__bone_marrow,Alzheimer disease,Allograft rejection,0.0,,
cluster_tissue__C2__bone_marrow,Alzheimer disease,Thermogenesis,0.4936708860759494,Atp5b;Atp5c1;Atp5e;Atp5j;Atp5o;Cox4i1;Cox5a;Cox6a1;Cox6b1;Cox6c;Cox7a2;Cox7a2l;Cox7b;Cox7c;Cox8a;Ndufa10;Ndufa11;Ndufa12;Ndufa2;Ndufa4;Ndufa5;Ndufa6;Ndufa9;Ndufb10;Ndufb11;Ndufb2;Ndufb4;Ndufb7;Ndufb9;Ndufc2;Ndufs1;Ndufs4;Ndufs5;Ndufs6;Ndufv2;Sdhd;Uqcrb;Uqcrc2;Uqcrh,
cluster_tissue__C2__bone_marrow,Non-alcoholic fatty liver disease (NAFLD),Retrograde endocannabinoid signaling,0.3684210526315789,Mapk8;Ndufa10;Ndufa11;Ndufa12;Ndufa2;Ndufa4;Ndufa5;Ndufa6;Ndufa9;Ndufb10;Ndufb11;Ndufb2;Ndufb4;Ndufb7;Ndufb9;Ndufc2;Ndufs1;Ndufs4;Ndufs5;Ndufs6;Ndufv2,
cluster_tissue__C2__bone_marrow,Non-alcoholic fatty liver disease (NAFLD),Allograft rejection,0.0,,
cluster_tissue__C2__bone_marrow,Non-alcoholic fatty liver disease (NAFLD),Thermogenesis,0.42168674698795183,Cox4i1;Cox5a;Cox6a1;Cox6b1;Cox6c;Cox7a2;Cox7a2l;Cox7b;Cox7c;Cox8a;Ndufa10;Ndufa11;Ndufa12;Ndufa2;Ndufa4;Ndufa5;Ndufa6;Ndufa9;Ndufb10;Ndufb11;Ndufb2;Ndufb4;Ndufb7;Ndufb9;Ndufc2;Ndufs1;Ndufs4;Ndufs5;Ndufs6;Ndufv2;Prkag1;Sdhd;Uqcrb;Uqcrc2;Uqcrh,
cluster_tissue__C2__bone_marrow,Retrograde endocannabinoid signaling,Allograft rejection,0.0,,
cluster_tissue__C2__bone_marrow,Retrograde endocannabinoid signaling,Thermogenesis,0.27710843373493976,Adcy3;Mapk11;Mgll;Ndufa10;Ndufa11;Ndufa12;Ndufa2;Ndufa4;Ndufa5;Ndufa6;Ndufa9;Ndufb10;Ndufb11;Ndufb2;Ndufb4;Ndufb7;Ndufb9;Ndufc2;Ndufs1;Ndufs4;Ndufs5;Ndufs6;Ndufv2,
cluster_tissue__C2__bone_marrow,Allograft rejection,Thermogenesis,0.0,,
cluster_tissue__C4__bone_marrow,Oxidative phosphorylation,Parkinson disease,0.75,Atp5e;Atp5g1;Atp5h;Atp5j;Atp5o;Cox4i1;Cox5a;Cox5b;Cox6a1;Cox6b1;Cox6c;Cox7a2;Cox7c;Cox8a;Ndufa1;Ndufa10;Ndufa11;Ndufa13;Ndufa2;Ndufa3;Ndufa4;Ndufa6;Ndufa7;Ndufa8;Ndufb11;Ndufb2;Ndufb3;Ndufb4;Ndufb7;Ndufb8;Ndufc1;Ndufc2;Ndufs6;Ndufv3;Sdhb;Uqcr10;Uqcr11;Uqcrb;Uqcrq,
cluster_tissue__C4__bone_marrow,Oxidative phosphorylation,Thermogenesis,0.6885245901639344,Atp5e;Atp5g1;Atp5h;Atp5j;Atp5j2;Atp5k;Atp5l;Atp5o;Cox17;Cox4i1;Cox5a;Cox5b;Cox6a1;Cox6b1;Cox6c;Cox7a2;Cox7c;Cox8a;Ndufa1;Ndufa10;Ndufa11;Ndufa13;Ndufa2;Ndufa3;Ndufa4;Ndufa6;Ndufa7;Ndufa8;Ndufb11;Ndufb2;Ndufb3;Ndufb4;Ndufb7;Ndufb8;Ndufc1;Ndufs6;Ndufv3;Sdhb;Uqcr10;Uqcr11;Uqcrb;Uqcrq,
cluster_tissue__C4__bone_marrow,Oxidative phosphorylation,Alzheimer disease,0.75,Atp5e;Atp5g1;Atp5h;Atp5j;Atp5o;Cox4i1;Cox5a;Cox5b;Cox6a1;Cox6b1;Cox6c;Cox7a2;Cox7c;Cox8a;Ndufa1;Ndufa10;Ndufa11;Ndufa13;Ndufa2;Ndufa3;Ndufa4;Ndufa6;Ndufa7;Ndufa8;Ndufb11;Ndufb2;Ndufb3;Ndufb4;Ndufb7;Ndufb8;Ndufc1;Ndufc2;Ndufs6;Ndufv3;Sdhb;Uqcr10;Uqcr11;Uqcrb;Uqcrq,
cluster_tissue__C4__bone_marrow,Oxidative phosphorylation,Retrograde endocannabinoid signaling,0.35714285714285715,Ndufa1;Ndufa10;Ndufa11;Ndufa13;Ndufa2;Ndufa3;Ndufa4;Ndufa6;Ndufa7;Ndufa8;Ndufb11;Ndufb2;Ndufb3;Ndufb4;Ndufb7;Ndufb8;Ndufc1;Ndufc2;Ndufs6;Ndufv3,
cluster_tissue__C4__bone_marrow,Oxidative phosphorylation,Non-alcoholic fatty liver disease (NAFLD),0.6415094339622641,Cox4i1;Cox5a;Cox5b;Cox6a1;Cox6b1;Cox6c;Cox7a2;Cox7c;Cox8a;Ndufa1;Ndufa10;Ndufa11;Ndufa13;Ndufa2;Ndufa3;Ndufa4;Ndufa6;Ndufa7;Ndufa8;Ndufb11;Ndufb2;Ndufb3;Ndufb4;Ndufb7;Ndufb8;Ndufc1;Ndufc2;Ndufs6;Ndufv3;Sdhb;Uqcr10;Uqcr11;Uqcrb;Uqcrq,
cluster_tissue__C4__bone_marrow,Oxidative phosphorylation,Huntington disease,0.7222222222222222,Atp5e;Atp5g1;Atp5h;Atp5j;Atp5o;Cox4i1;Cox5a;Cox5b;Cox6a1;Cox6b1;Cox6c;Cox7a2;Cox7c;Cox8a;Ndufa1;Ndufa10;Ndufa11;Ndufa13;Ndufa2;Ndufa3;Ndufa4;Ndufa6;Ndufa7;Ndufa8;Ndufb11;Ndufb2;Ndufb3;Ndufb4;Ndufb7;Ndufb8;Ndufc1;Ndufc2;Ndufs6;Ndufv3;Sdhb;Uqcr10;Uqcr11;Uqcrb;Uqcrq,
cluster_tissue__C4__bone_marrow,Parkinson disease,Thermogenesis,0.6,Atp5e;Atp5g1;Atp5h;Atp5j;Atp5o;Cox4i1;Cox5a;Cox5b;Cox6a1;Cox6b1;Cox6c;Cox7a2;Cox7c;Cox8a;Ndufa1;Ndufa10;Ndufa11;Ndufa13;Ndufa2;Ndufa3;Ndufa4;Ndufa6;Ndufa7;Ndufa8;Ndufb11;Ndufb2;Ndufb3;Ndufb4;Ndufb7;Ndufb8;Ndufc1;Ndufs6;Ndufv3;Prkaca;Sdhb;Uqcr10;Uqcr11;Uqcrb;Uqcrq,
cluster_tissue__C4__bone_marrow,Parkinson disease,Alzheimer disease,0.7692307692307693,Atp5e;Atp5g1;Atp5h;Atp5j;Atp5o;Cox4i1;Cox5a;Cox5b;Cox6a1;Cox6b1;Cox6c;Cox7a2;Cox7c;Cox8a;Cycs;Ndufa1;Ndufa10;Ndufa11;Ndufa13;Ndufa2;Ndufa3;Ndufa4;Ndufa6;Ndufa7;Ndufa8;Ndufb11;Ndufb2;Ndufb3;Ndufb4;Ndufb7;Ndufb8;Ndufc1;Ndufc2;Ndufs6;Ndufv3;Sdhb;Uqcr10;Uqcr11;Uqcrb;Uqcrq,
cluster_tissue__C4__bone_marrow,Parkinson disease,Retrograde endocannabinoid signaling,0.375,Ndufa1;Ndufa10;Ndufa11;Ndufa13;Ndufa2;Ndufa3;Ndufa4;Ndufa6;Ndufa7;Ndufa8;Ndufb11;Ndufb2;Ndufb3;Ndufb4;Ndufb7;Ndufb8;Ndufc1;Ndufc2;Ndufs6;Ndufv3;Prkaca,
cluster_tissue__C4__bone_marrow,Parkinson disease,Non-alcoholic fatty liver disease (NAFLD),0.660377358490566,Cox4i1;Cox5a;Cox5b;Cox6a1;Cox6b1;Cox6c;Cox7a2;Cox7c;Cox8a;Cycs;Ndufa1;Ndufa10;Ndufa11;Ndufa13;Ndufa2;Ndufa3;Ndufa4;Ndufa6;Ndufa7;Ndufa8;Ndufb11;Ndufb2;Ndufb3;Ndufb4;Ndufb7;Ndufb8;Ndufc1;Ndufc2;Ndufs6;Ndufv3;Sdhb;Uqcr10;Uqcr11;Uqcrb;Uqcrq,
cluster_tissue__C4__bone_marrow,Parkinson disease,Huntington disease,0.7735849056603774,Atp5e;Atp5g1;Atp5h;Atp5j;Atp5o;Cox4i1;Cox5a;Cox5b;Cox6a1;Cox6b1;Cox6c;Cox7a2;Cox7c;Cox8a;Cycs;Ndufa1;Ndufa10;Ndufa11;Ndufa13;Ndufa2;Ndufa3;Ndufa4;Ndufa6;Ndufa7;Ndufa8;Ndufb11;Ndufb2;Ndufb3;Ndufb4;Ndufb7;Ndufb8;Ndufc1;Ndufc2;Ndufs6;Ndufv3;Ppif;Sdhb;Uqcr10;Uqcr11;Uqcrb;Uqcrq,
cluster_tissue__C4__bone_marrow,Thermogenesis,Alzheimer disease,0.5757575757575758,Atp5e;Atp5g1;Atp5h;Atp5j;Atp5o;Cox4i1;Cox5a;Cox5b;Cox6a1;Cox6b1;Cox6c;Cox7a2;Cox7c;Cox8a;Ndufa1;Ndufa10;Ndufa11;Ndufa13;Ndufa2;Ndufa3;Ndufa4;Ndufa6;Ndufa7;Ndufa8;Ndufb11;Ndufb2;Ndufb3;Ndufb4;Ndufb7;Ndufb8;Ndufc1;Ndufs6;Ndufv3;Sdhb;Uqcr10;Uqcr11;Uqcrb;Uqcrq,
cluster_tissue__C4__bone_marrow,Thermogenesis,Retrograde endocannabinoid signaling,0.2898550724637681,Ndufa1;Ndufa10;Ndufa11;Ndufa13;Ndufa2;Ndufa3;Ndufa4;Ndufa6;Ndufa7;Ndufa8;Ndufb11;Ndufb2;Ndufb3;Ndufb4;Ndufb7;Ndufb8;Ndufc1;Ndufs6;Ndufv3;Prkaca,
cluster_tissue__C4__bone_marrow,Thermogenesis,Non-alcoholic fatty liver disease (NAFLD),0.4925373134328358,Cox4i1;Cox5a;Cox5b;Cox6a1;Cox6b1;Cox6c;Cox7a2;Cox7c;Cox8a;Ndufa1;Ndufa10;Ndufa11;Ndufa13;Ndufa2;Ndufa3;Ndufa4;Ndufa6;Ndufa7;Ndufa8;Ndufb11;Ndufb2;Ndufb3;Ndufb4;Ndufb7;Ndufb8;Ndufc1;Ndufs6;Ndufv3;Sdhb;Uqcr10;Uqcr11;Uqcrb;Uqcrq,
cluster_tissue__C4__bone_marrow,Thermogenesis,Huntington disease,0.582089552238806,Atp5e;Atp5g1;Atp5h;Atp5j;Atp5o;Cox4i1;Cox5a;Cox5b;Cox6a1;Cox6b1;Cox6c;Cox7a2;Cox7c;Cox8a;Creb1;Ndufa1;Ndufa10;Ndufa11;Ndufa13;Ndufa2;Ndufa3;Ndufa4;Ndufa6;Ndufa7;Ndufa8;Ndufb11;Ndufb2;Ndufb3;Ndufb4;Ndufb7;Ndufb8;Ndufc1;Ndufs6;Ndufv3;Sdhb;Uqcr10;Uqcr11;Uqcrb;Uqcrq,
cluster_tissue__C4__bone_marrow,Alzheimer disease,Retrograde endocannabinoid signaling,0.4,Itpr3;Ndufa1;Ndufa10;Ndufa11;Ndufa13;Ndufa2;Ndufa3;Ndufa4;Ndufa6;Ndufa7;Ndufa8;Ndufb11;Ndufb2;Ndufb3;Ndufb4;Ndufb7;Ndufb8;Ndufc1;Ndufc2;Ndufs6;Ndufv3;Plcb4,
cluster_tissue__C4__bone_marrow,Alzheimer disease,Non-alcoholic fatty liver disease (NAFLD),0.7254901960784313,Casp8;Cox4i1;Cox5a;Cox5b;Cox6a1;Cox6b1;Cox6c;Cox7a2;Cox7c;Cox8a;Cycs;Ndufa1;Ndufa10;Ndufa11;Ndufa13;Ndufa2;Ndufa3;Ndufa4;Ndufa6;Ndufa7;Ndufa8;Ndufb11;Ndufb2;Ndufb3;Ndufb4;Ndufb7;Ndufb8;Ndufc1;Ndufc2;Ndufs6;Ndufv3;Sdhb;Tnf;Uqcr10;Uqcr11;Uqcrb;Uqcrq,
cluster_tissue__C4__bone_marrow,Alzheimer disease,Huntington disease,0.8076923076923077,Atp5e;Atp5g1;Atp5h;Atp5j;Atp5o;Casp8;Cox4i1;Cox5a;Cox5b;Cox6a1;Cox6b1;Cox6c;Cox7a2;Cox7c;Cox8a;Cycs;Ndufa1;Ndufa10;Ndufa11;Ndufa13;Ndufa2;Ndufa3;Ndufa4;Ndufa6;Ndufa7;Ndufa8;Ndufb11;Ndufb2;Ndufb3;Ndufb4;Ndufb7;Ndufb8;Ndufc1;Ndufc2;Ndufs6;Ndufv3;Plcb4;Sdhb;Uqcr10;Uqcr11;Uqcrb;Uqcrq,
cluster_tissue__C4__bone_marrow,Retrograde endocannabinoid signaling,Non-alcoholic fatty liver disease (NAFLD),0.37735849056603776,Ndufa1;Ndufa10;Ndufa11;Ndufa13;Ndufa2;Ndufa3;Ndufa4;Ndufa6;Ndufa7;Ndufa8;Ndufb11;Ndufb2;Ndufb3;Ndufb4;Ndufb7;Ndufb8;Ndufc1;Ndufc2;Ndufs6;Ndufv3,
cluster_tissue__C4__bone_marrow,Retrograde endocannabinoid signaling,Huntington disease,0.3620689655172414,Ndufa1;Ndufa10;Ndufa11;Ndufa13;Ndufa2;Ndufa3;Ndufa4;Ndufa6;Ndufa7;Ndufa8;Ndufb11;Ndufb2;Ndufb3;Ndufb4;Ndufb7;Ndufb8;Ndufc1;Ndufc2;Ndufs6;Ndufv3;Plcb4,
cluster_tissue__C4__bone_marrow,Non-alcoholic fatty liver disease (NAFLD),Huntington disease,0.6666666666666666,Casp8;Cox4i1;Cox5a;Cox5b;Cox6a1;Cox6b1;Cox6c;Cox7a2;Cox7c;Cox8a;Cycs;Ndufa1;Ndufa10;Ndufa11;Ndufa13;Ndufa2;Ndufa3;Ndufa4;Ndufa6;Ndufa7;Ndufa8;Ndufb11;Ndufb2;Ndufb3;Ndufb4;Ndufb7;Ndufb8;Ndufc1;Ndufc2;Ndufs6;Ndufv3;Sdhb;Uqcr10;Uqcr11;Uqcrb;Uqcrq,
tissue__spleen,Ribosome,Oxidative phosphorylation,0.0,,
tissue__spleen,Ribosome,Alzheimer disease,0.0,,
tissue__spleen,Ribosome,Parkinson disease,0.0,,
tissue__spleen,Ribosome,Thermogenesis,0.0,,
tissue__spleen,Ribosome,Non-alcoholic fatty liver disease (NAFLD),0.0,,
tissue__spleen,Ribosome,Huntington disease,0.0,,
tissue__spleen,Ribosome,Cardiac muscle contraction,0.0,,
tissue__spleen,Ribosome,Retrograde endocannabinoid signaling,0.0,,
tissue__spleen,Ribosome,Antigen processing and presentation,0.0,,
tissue__spleen,Oxidative phosphorylation,Alzheimer disease,0.78,Atp5e;Atp5g1;Atp5h;Atp5j;Cox5b;Cox6a1;Cox6b1;Cox6c;Cox7a2;Cox7b;Cox7c;Cox8a;Ndufa1;Ndufa11;Ndufa12;Ndufa13;Ndufa2;Ndufa3;Ndufa4;Ndufa5;Ndufa6;Ndufa7;Ndufb11;Ndufb2;Ndufb3;Ndufb4;Ndufb6;Ndufb7;Ndufc1;Ndufc2;Ndufs4;Ndufs5;Ndufs6;Ndufv3;Uqcr10;Uqcr11;Uqcrb;Uqcrh;Uqcrq,
tissue__spleen,Oxidative phosphorylation,Parkinson disease,0.7959183673469388,Atp5e;Atp5g1;Atp5h;Atp5j;Cox5b;Cox6a1;Cox6b1;Cox6c;Cox7a2;Cox7b;Cox7c;Cox8a;Ndufa1;Ndufa11;Ndufa12;Ndufa13;Ndufa2;Ndufa3;Ndufa4;Ndufa5;Ndufa6;Ndufa7;Ndufb11;Ndufb2;Ndufb3;Ndufb4;Ndufb6;Ndufb7;Ndufc1;Ndufc2;Ndufs4;Ndufs5;Ndufs6;Ndufv3;Uqcr10;Uqcr11;Uqcrb;Uqcrh;Uqcrq,
tissue__spleen,Oxidative phosphorylation,Thermogenesis,0.8490566037735849,Atp5e;Atp5g1;Atp5h;Atp5j;Atp5j2;Atp5k;Atp5l;Cox10;Cox15;Cox17;Cox5b;Cox6a1;Cox6b1;Cox6c;Cox7a2;Cox7b;Cox7c;Cox8a;Ndufa1;Ndufa11;Ndufa12;Ndufa13;Ndufa2;Ndufa3;Ndufa4;Ndufa5;Ndufa6;Ndufa7;Ndufb11;Ndufb2;Ndufb3;Ndufb4;Ndufb6;Ndufb7;Ndufc1;Ndufc2;Ndufs4;Ndufs5;Ndufs6;Ndufv3;Uqcr10;Uqcr11;Uqcrb;Uqcrh;Uqcrq,
tissue__spleen,Oxidative phosphorylation,Non-alcoholic fatty liver disease (NAFLD),0.6862745098039216,Cox5b;Cox6a1;Cox6b1;Cox6c;Cox7a2;Cox7b;Cox7c;Cox8a;Ndufa1;Ndufa11;Ndufa12;Ndufa13;Ndufa2;Ndufa3;Ndufa4;Ndufa5;Ndufa6;Ndufa7;Ndufb11;Ndufb2;Ndufb3;Ndufb4;Ndufb6;Ndufb7;Ndufc1;Ndufc2;Ndufs4;Ndufs5;Ndufs6;Ndufv3;Uqcr10;Uqcr11;Uqcrb;Uqcrh;Uqcrq,
tissue__spleen,Oxidative phosphorylation,Huntington disease,0.7647058823529411,Atp5e;Atp5g1;Atp5h;Atp5j;Cox5b;Cox6a1;Cox6b1;Cox6c;Cox7a2;Cox7b;Cox7c;Cox8a;Ndufa1;Ndufa11;Ndufa12;Ndufa13;Ndufa2;Ndufa3;Ndufa4;Ndufa5;Ndufa6;Ndufa7;Ndufb11;Ndufb2;Ndufb3;Ndufb4;Ndufb6;Ndufb7;Ndufc1;Ndufc2;Ndufs4;Ndufs5;Ndufs6;Ndufv3;Uqcr10;Uqcr11;Uqcrb;Uqcrh;Uqcrq,
tissue__spleen,Oxidative phosphorylation,Cardiac muscle contraction,0.2765957446808511,Cox5b;Cox6a1;Cox6b1;Cox6c;Cox7a2;Cox7b;Cox7c;Cox8a;Uqcr10;Uqcr11;Uqcrb;Uqcrh;Uqcrq,
tissue__spleen,Oxidative phosphorylation,Retrograde endocannabinoid signaling,0.45098039215686275,Ndufa1;Ndufa11;Ndufa12;Ndufa13;Ndufa2;Ndufa3;Ndufa4;Ndufa5;Ndufa6;Ndufa7;Ndufb11;Ndufb2;Ndufb3;Ndufb4;Ndufb6;Ndufb7;Ndufb9;Ndufc1;Ndufc2;Ndufs4;Ndufs5;Ndufs6;Ndufv3,
tissue__spleen,Oxidative phosphorylation,Antigen processing and presentation,0.0,,
tissue__spleen,Alzheimer disease,Parkinson disease,0.9302325581395349,Atp5e;Atp5g1;Atp5h;Atp5j;Cox5b;Cox6a1;Cox6b1;Cox6c;Cox7a2;Cox7b;Cox7c;Cox8a;Cycs;Ndufa1;Ndufa11;Ndufa12;Ndufa13;Ndufa2;Ndufa3;Ndufa4;Ndufa5;Ndufa6;Ndufa7;Ndufb11;Ndufb2;Ndufb3;Ndufb4;Ndufb6;Ndufb7;Ndufc1;Ndufc2;Ndufs4;Ndufs5;Ndufs6;Ndufv3;Uqcr10;Uqcr11;Uqcrb;Uqcrh;Uqcrq,
tissue__spleen,Alzheimer disease,Thermogenesis,0.7222222222222222,Atp5e;Atp5g1;Atp5h;Atp5j;Cox5b;Cox6a1;Cox6b1;Cox6c;Cox7a2;Cox7b;Cox7c;Cox8a;Ndufa1;Ndufa11;Ndufa12;Ndufa13;Ndufa2;Ndufa3;Ndufa4;Ndufa5;Ndufa6;Ndufa7;Ndufb11;Ndufb2;Ndufb3;Ndufb4;Ndufb6;Ndufb7;Ndufc1;Ndufc2;Ndufs4;Ndufs5;Ndufs6;Ndufv3;Uqcr10;Uqcr11;Uqcrb;Uqcrh;Uqcrq,
tissue__spleen,Alzheimer disease,Non-alcoholic fatty liver disease (NAFLD),0.8409090909090909,Casp8;Cox5b;Cox6a1;Cox6b1;Cox6c;Cox7a2;Cox7b;Cox7c;Cox8a;Cycs;Ndufa1;Ndufa11;Ndufa12;Ndufa13;Ndufa2;Ndufa3;Ndufa4;Ndufa5;Ndufa6;Ndufa7;Ndufb11;Ndufb2;Ndufb3;Ndufb4;Ndufb6;Ndufb7;Ndufc1;Ndufc2;Ndufs4;Ndufs5;Ndufs6;Ndufv3;Uqcr10;Uqcr11;Uqcrb;Uqcrh;Uqcrq,
tissue__spleen,Alzheimer disease,Huntington disease,0.9318181818181818,Atp5e;Atp5g1;Atp5h;Atp5j;Casp8;Cox5b;Cox6a1;Cox6b1;Cox6c;Cox7a2;Cox7b;Cox7c;Cox8a;Cycs;Ndufa1;Ndufa11;Ndufa12;Ndufa13;Ndufa2;Ndufa3;Ndufa4;Ndufa5;Ndufa6;Ndufa7;Ndufb11;Ndufb2;Ndufb3;Ndufb4;Ndufb6;Ndufb7;Ndufc1;Ndufc2;Ndufs4;Ndufs5;Ndufs6;Ndufv3;Uqcr10;Uqcr11;Uqcrb;Uqcrh;Uqcrq,
tissue__spleen,Alzheimer disease,Cardiac muscle contraction,0.30952380952380953,Cox5b;Cox6a1;Cox6b1;Cox6c;Cox7a2;Cox7b;Cox7c;Cox8a;Uqcr10;Uqcr11;Uqcrb;Uqcrh;Uqcrq,
tissue__spleen,Alzheimer disease,Retrograde endocannabinoid signaling,0.46808510638297873,Ndufa1;Ndufa11;Ndufa12;Ndufa13;Ndufa2;Ndufa3;Ndufa4;Ndufa5;Ndufa6;Ndufa7;Ndufb11;Ndufb2;Ndufb3;Ndufb4;Ndufb6;Ndufb7;Ndufc1;Ndufc2;Ndufs4;Ndufs5;Ndufs6;Ndufv3,
tissue__spleen,Alzheimer disease,Antigen processing and presentation,0.0,,
tissue__spleen,Parkinson disease,Thermogenesis,0.7358490566037735,Atp5e;Atp5g1;Atp5h;Atp5j;Cox5b;Cox6a1;Cox6b1;Cox6c;Cox7a2;Cox7b;Cox7c;Cox8a;Ndufa1;Ndufa11;Ndufa12;Ndufa13;Ndufa2;Ndufa3;Ndufa4;Ndufa5;Ndufa6;Ndufa7;Ndufb11;Ndufb2;Ndufb3;Ndufb4;Ndufb6;Ndufb7;Ndufc1;Ndufc2;Ndufs4;Ndufs5;Ndufs6;Ndufv3;Uqcr10;Uqcr11;Uqcrb;Uqcrh;Uqcrq,
tissue__spleen,Parkinson disease,Non-alcoholic fatty liver disease (NAFLD),0.8181818181818182,Cox5b;Cox6a1;Cox6b1;Cox6c;Cox7a2;Cox7b;Cox7c;Cox8a;Cycs;Ndufa1;Ndufa11;Ndufa12;Ndufa13;Ndufa2;Ndufa3;Ndufa4;Ndufa5;Ndufa6;Ndufa7;Ndufb11;Ndufb2;Ndufb3;Ndufb4;Ndufb6;Ndufb7;Ndufc1;Ndufc2;Ndufs4;Ndufs5;Ndufs6;Ndufv3;Uqcr10;Uqcr11;Uqcrb;Uqcrh;Uqcrq,
tissue__spleen,Parkinson disease,Huntington disease,0.9090909090909091,Atp5e;Atp5g1;Atp5h;Atp5j;Cox5b;Cox6a1;Cox6b1;Cox6c;Cox7a2;Cox7b;Cox7c;Cox8a;Cycs;Ndufa1;Ndufa11;Ndufa12;Ndufa13;Ndufa2;Ndufa3;Ndufa4;Ndufa5;Ndufa6;Ndufa7;Ndufb11;Ndufb2;Ndufb3;Ndufb4;Ndufb6;Ndufb7;Ndufc1;Ndufc2;Ndufs4;Ndufs5;Ndufs6;Ndufv3;Uqcr10;Uqcr11;Uqcrb;Uqcrh;Uqcrq,
tissue__spleen,Parkinson disease,Cardiac muscle contraction,0.3170731707317073,Cox5b;Cox6a1;Cox6b1;Cox6c;Cox7a2;Cox7b;Cox7c;Cox8a;Uqcr10;Uqcr11;Uqcrb;Uqcrh;Uqcrq,
tissue__spleen,Parkinson disease,Retrograde endocannabinoid signaling,0.4782608695652174,Ndufa1;Ndufa11;Ndufa12;Ndufa13;Ndufa2;Ndufa3;Ndufa4;Ndufa5;Ndufa6;Ndufa7;Ndufb11;Ndufb2;Ndufb3;Ndufb4;Ndufb6;Ndufb7;Ndufc1;Ndufc2;Ndufs4;Ndufs5;Ndufs6;Ndufv3,
tissue__spleen,Parkinson disease,Antigen processing and presentation,0.0,,
tissue__spleen,Thermogenesis,Non-alcoholic fatty liver disease (NAFLD),0.6363636363636364,Cox5b;Cox6a1;Cox6b1;Cox6c;Cox7a2;Cox7b;Cox7c;Cox8a;Ndufa1;Ndufa11;Ndufa12;Ndufa13;Ndufa2;Ndufa3;Ndufa4;Ndufa5;Ndufa6;Ndufa7;Ndufb11;Ndufb2;Ndufb3;Ndufb4;Ndufb6;Ndufb7;Ndufc1;Ndufc2;Ndufs4;Ndufs5;Ndufs6;Ndufv3;Uqcr10;Uqcr11;Uqcrb;Uqcrh;Uqcrq,
tissue__spleen,Thermogenesis,Huntington disease,0.7090909090909091,Atp5e;Atp5g1;Atp5h;Atp5j;Cox5b;Cox6a1;Cox6b1;Cox6c;Cox7a2;Cox7b;Cox7c;Cox8a;Ndufa1;Ndufa11;Ndufa12;Ndufa13;Ndufa2;Ndufa3;Ndufa4;Ndufa5;Ndufa6;Ndufa7;Ndufb11;Ndufb2;Ndufb3;Ndufb4;Ndufb6;Ndufb7;Ndufc1;Ndufc2;Ndufs4;Ndufs5;Ndufs6;Ndufv3;Uqcr10;Uqcr11;Uqcrb;Uqcrh;Uqcrq,
tissue__spleen,Thermogenesis,Cardiac muscle contraction,0.2549019607843137,Cox5b;Cox6a1;Cox6b1;Cox6c;Cox7a2;Cox7b;Cox7c;Cox8a;Uqcr10;Uqcr11;Uqcrb;Uqcrh;Uqcrq,
tissue__spleen,Thermogenesis,Retrograde endocannabinoid signaling,0.39285714285714285,Ndufa1;Ndufa11;Ndufa12;Ndufa13;Ndufa2;Ndufa3;Ndufa4;Ndufa5;Ndufa6;Ndufa7;Ndufb11;Ndufb2;Ndufb3;Ndufb4;Ndufb6;Ndufb7;Ndufc1;Ndufc2;Ndufs4;Ndufs5;Ndufs6;Ndufv3,
tissue__spleen,Thermogenesis,Antigen processing and presentation,0.0,,
tissue__spleen,Non-alcoholic fatty liver disease (NAFLD),Huntington disease,0.8222222222222222,Casp8;Cox5b;Cox6a1;Cox6b1;Cox6c;Cox7a2;Cox7b;Cox7c;Cox8a;Cycs;Ndufa1;Ndufa11;Ndufa12;Ndufa13;Ndufa2;Ndufa3;Ndufa4;Ndufa5;Ndufa6;Ndufa7;Ndufb11;Ndufb2;Ndufb3;Ndufb4;Ndufb6;Ndufb7;Ndufc1;Ndufc2;Ndufs4;Ndufs5;Ndufs6;Ndufv3;Uqcr10;Uqcr11;Uqcrb;Uqcrh;Uqcrq,
tissue__spleen,Non-alcoholic fatty liver disease (NAFLD),Cardiac muscle contraction,0.3333333333333333,Cox5b;Cox6a1;Cox6b1;Cox6c;Cox7a2;Cox7b;Cox7c;Cox8a;Uqcr10;Uqcr11;Uqcrb;Uqcrh;Uqcrq,
tissue__spleen,Non-alcoholic fatty liver disease (NAFLD),Retrograde endocannabinoid signaling,0.5,Ndufa1;Ndufa11;Ndufa12;Ndufa13;Ndufa2;Ndufa3;Ndufa4;Ndufa5;Ndufa6;Ndufa7;Ndufb11;Ndufb2;Ndufb3;Ndufb4;Ndufb6;Ndufb7;Ndufc1;Ndufc2;Ndufs4;Ndufs5;Ndufs6;Ndufv3,
tissue__spleen,Non-alcoholic fatty liver disease (NAFLD),Antigen processing and presentation,0.0,,
tissue__spleen,Huntington disease,Cardiac muscle contraction,0.3023255813953488,Cox5b;Cox6a1;Cox6b1;Cox6c;Cox7a2;Cox7b;Cox7c;Cox8a;Uqcr10;Uqcr11;Uqcrb;Uqcrh;Uqcrq,
tissue__spleen,Huntington disease,Retrograde endocannabinoid signaling,0.4583333333333333,Ndufa1;Ndufa11;Ndufa12;Ndufa13;Ndufa2;Ndufa3;Ndufa4;Ndufa5;Ndufa6;Ndufa7;Ndufb11;Ndufb2;Ndufb3;Ndufb4;Ndufb6;Ndufb7;Ndufc1;Ndufc2;Ndufs4;Ndufs5;Ndufs6;Ndufv3,
tissue__spleen,Huntington disease,Antigen processing and presentation,0.0,,
tissue__spleen,Cardiac muscle contraction,Retrograde endocannabinoid signaling,0.0,,
tissue__spleen,Cardiac muscle contraction,Antigen processing and presentation,0.0,,
tissue__spleen,Retrograde endocannabinoid signaling,Antigen processing and presentation,0.0,,
cluster_tissue__C0__spleen,Ribosome,Oxidative phosphorylation,0.0,,
cluster_tissue__C0__spleen,Ribosome,Parkinson disease,0.0,,
cluster_tissue__C0__spleen,Ribosome,Alzheimer disease,0.0,,
cluster_tissue__C0__spleen,Ribosome,Non-alcoholic fatty liver disease (NAFLD),0.0,,
cluster_tissue__C0__spleen,Oxidative phosphorylation,Parkinson disease,0.7631578947368421,Atp5e;Atp5j;Cox6a1;Cox6b1;Cox6c;Cox7a2;Cox7b;Cox7c;Cox8a;Ndufa1;Ndufa11;Ndufa13;Ndufa2;Ndufa3;Ndufa4;Ndufa5;Ndufa7;Ndufa8;Ndufb11;Ndufb2;Ndufb4;Ndufb7;Ndufb9;Ndufc1;Ndufs6;Ndufv3;Uqcr10;Uqcr11;Uqcrh,
cluster_tissue__C0__spleen,Oxidative phosphorylation,Alzheimer disease,0.5,Atp5e;Atp5j;Cox6a1;Cox6b1;Cox6c;Cox7a2;Cox7b;Cox7c;Cox8a;Ndufa1;Ndufa11;Ndufa13;Ndufa2;Ndufa3;Ndufa4;Ndufa5;Ndufa7;Ndufa8;Ndufb11;Ndufb2;Ndufb4;Ndufb7;Ndufb9;Ndufc1;Ndufs6;Ndufv3;Uqcr10;Uqcr11;Uqcrh,
cluster_tissue__C0__spleen,Oxidative phosphorylation,Non-alcoholic fatty liver disease (NAFLD),0.5897435897435898,Cox6b1;Cox6c;Cox7a2;Cox7b;Cox7c;Cox8a;Ndufa1;Ndufa13;Ndufa2;Ndufa3;Ndufa4;Ndufa7;Ndufa8;Ndufb11;Ndufb2;Ndufb4;Ndufb7;Ndufb9;Ndufc1;Ndufs6;Ndufv3;Uqcr10;Uqcr11,
cluster_tissue__C0__spleen,Parkinson disease,Alzheimer disease,0.5636363636363636,Atp5e;Atp5j;Cox6a1;Cox6b1;Cox6c;Cox7a2;Cox7b;Cox7c;Cox8a;Cycs;Ndufa1;Ndufa11;Ndufa13;Ndufa2;Ndufa3;Ndufa4;Ndufa5;Ndufa7;Ndufa8;Ndufb11;Ndufb2;Ndufb4;Ndufb7;Ndufb9;Ndufc1;Ndufs4;Ndufs6;Ndufv3;Uqcr10;Uqcr11;Uqcrh,
cluster_tissue__C0__spleen,Parkinson disease,Non-alcoholic fatty liver disease (NAFLD),0.6486486486486487,Cox6b1;Cox6c;Cox7a2;Cox7b;Cox7c;Cox8a;Cycs;Ndufa1;Ndufa13;Ndufa2;Ndufa3;Ndufa4;Ndufa7;Ndufa8;Ndufb11;Ndufb2;Ndufb4;Ndufb7;Ndufb9;Ndufc1;Ndufs6;Ndufv3;Uqcr10;Uqcr11,
cluster_tissue__C0__spleen,Alzheimer disease,Non-alcoholic fatty liver disease (NAFLD),0.42105263157894735,Cox6b1;Cox6c;Cox7a2;Cox7b;Cox7c;Cox8a;Cycs;Ndufa1;Ndufa13;Ndufa2;Ndufa3;Ndufa4;Ndufa7;Ndufa8;Ndufb11;Ndufb2;Ndufb4;Ndufb7;Ndufb9;Ndufc1;Ndufs6;Ndufv3;Uqcr10;Uqcr11,
cluster_tissue__C1__spleen,Ribosome,Parkinson disease,0.0,,
cluster_tissue__C1__spleen,Ribosome,Oxidative phosphorylation,0.0,,
cluster_tissue__C1__spleen,Ribosome,Arrhythmogenic right ventricular cardiomyopathy (ARVC),0.0,,
cluster_tissue__C1__spleen,Ribosome,Hypertrophic cardiomyopathy (HCM),0.0,,
cluster_tissue__C1__spleen,Parkinson disease,Oxidative phosphorylation,0.6829268292682927,Atp5d;Atp5e;Atp5g1;Atp5j;Atp5o;Cox4i1;Cox5a;Cox5b;Cox6b1;Cox6c;Cox7a2l;Cox7b;Cox8a;Ndufa1;Ndufa12;Ndufa13;Ndufa4;Ndufa7;Ndufb3;Ndufb4;Ndufs1;Ndufs2;Ndufs5;Ndufv1;Uqcr10;Uqcr11;Uqcrb;Uqcrh,
cluster_tissue__C1__spleen,Parkinson disease,Arrhythmogenic right ventricular cardiomyopathy (ARVC),0.0,,
cluster_tissue__C1__spleen,Parkinson disease,Hypertrophic cardiomyopathy (HCM),0.0,,
cluster_tissue__C1__spleen,Oxidative phosphorylation,Arrhythmogenic right ventricular cardiomyopathy (ARVC),0.0,,
cluster_tissue__C1__spleen,Oxidative phosphorylation,Hypertrophic cardiomyopathy (HCM),0.0,,
cluster_tissue__C1__spleen,Arrhythmogenic right ventricular cardiomyopathy (ARVC),Hypertrophic cardiomyopathy (HCM),0.6,Actb;Actg1;Cacna2d4;Itga1;Itga6;Itgb1;Itgb3;Itgb7;Sgcb,
cluster_tissue__C2__spleen,Ribosome,Oxidative phosphorylation,0.0,,
cluster_tissue__C2__spleen,Ribosome,Alzheimer disease,0.0,,
cluster_tissue__C2__spleen,Ribosome,Parkinson disease,0.0,,
cluster_tissue__C2__spleen,Ribosome,Thermogenesis,0.0,,
cluster_tissue__C2__spleen,Ribosome,Huntington disease,0.0,,
cluster_tissue__C2__spleen,Ribosome,Non-alcoholic fatty liver disease (NAFLD),0.0,,
cluster_tissue__C2__spleen,Ribosome,Cardiac muscle contraction,0.0,,
cluster_tissue__C2__spleen,Ribosome,Retrograde endocannabinoid signaling,0.0,,
cluster_tissue__C2__spleen,Ribosome,Proteasome,0.0,,
cluster_tissue__C2__spleen,Oxidative phosphorylation,Alzheimer disease,0.7397260273972602,Atp5a1;Atp5b;Atp5d;Atp5e;Atp5f1;Atp5g2;Atp5g3;Atp5h;Atp5j;Atp5o;Cox4i1;Cox5a;Cox5b;Cox6a1;Cox6b1;Cox6c;Cox7a2;Cox7a2l;Cox8a;Ndufa1;Ndufa10;Ndufa12;Ndufa13;Ndufa2;Ndufa3;Ndufa4;Ndufa5;Ndufa7;Ndufa9;Ndufab1;Ndufb10;Ndufb11;Ndufb3;Ndufb4;Ndufb5;Ndufb6;Ndufb7;Ndufb8;Ndufb9;Ndufc1;Ndufc2;Ndufs1;Ndufs3;Ndufs5;Ndufs6;Ndufs7;Ndufv2;Sdhb;Sdhc;Uqcr10;Uqcr11;Uqcrb;Uqcrfs1;Uqcrh,
cluster_tissue__C2__spleen,Oxidative phosphorylation,Parkinson disease,0.7605633802816901,Atp5a1;Atp5b;Atp5d;Atp5e;Atp5f1;Atp5g2;Atp5g3;Atp5h;Atp5j;Atp5o;Cox4i1;Cox5a;Cox5b;Cox6a1;Cox6b1;Cox6c;Cox7a2;Cox7a2l;Cox8a;Ndufa1;Ndufa10;Ndufa12;Ndufa13;Ndufa2;Ndufa3;Ndufa4;Ndufa5;Ndufa7;Ndufa9;Ndufab1;Ndufb10;Ndufb11;Ndufb3;Ndufb4;Ndufb5;Ndufb6;Ndufb7;Ndufb8;Ndufb9;Ndufc1;Ndufc2;Ndufs1;Ndufs3;Ndufs5;Ndufs6;Ndufs7;Ndufv2;Sdhb;Sdhc;Uqcr10;Uqcr11;Uqcrb;Uqcrfs1;Uqcrh,
cluster_tissue__C2__spleen,Oxidative phosphorylation,Thermogenesis,0.6511627906976745,Atp5a1;Atp5b;Atp5d;Atp5e;Atp5f1;Atp5g2;Atp5g3;Atp5h;Atp5j;Atp5j2;Atp5o;Cox17;Cox4i1;Cox5a;Cox5b;Cox6a1;Cox6b1;Cox6c;Cox7a2;Cox7a2l;Cox8a;Ndufa1;Ndufa10;Ndufa12;Ndufa13;Ndufa2;Ndufa3;Ndufa4;Ndufa5;Ndufa7;Ndufa9;Ndufab1;Ndufb10;Ndufb11;Ndufb3;Ndufb4;Ndufb5;Ndufb6;Ndufb7;Ndufb8;Ndufb9;Ndufc1;Ndufc2;Ndufs1;Ndufs3;Ndufs5;Ndufs6;Ndufs7;Ndufv2;Sdhb;Sdhc;Uqcr10;Uqcr11;Uqcrb;Uqcrfs1;Uqcrh,
cluster_tissue__C2__spleen,Oxidative phosphorylation,Huntington disease,0.7012987012987013,Atp5a1;Atp5b;Atp5d;Atp5e;Atp5f1;Atp5g2;Atp5g3;Atp5h;Atp5j;Atp5o;Cox4i1;Cox5a;Cox5b;Cox6a1;Cox6b1;Cox6c;Cox7a2;Cox7a2l;Cox8a;Ndufa1;Ndufa10;Ndufa12;Ndufa13;Ndufa2;Ndufa3;Ndufa4;Ndufa5;Ndufa7;Ndufa9;Ndufab1;Ndufb10;Ndufb11;Ndufb3;Ndufb4;Ndufb5;Ndufb6;Ndufb7;Ndufb8;Ndufb9;Ndufc1;Ndufc2;Ndufs1;Ndufs3;Ndufs5;Ndufs6;Ndufs7;Ndufv2;Sdhb;Sdhc;Uqcr10;Uqcr11;Uqcrb;Uqcrfs1;Uqcrh,
cluster_tissue__C2__spleen,Oxidative phosphorylation,Non-alcoholic fatty liver disease (NAFLD),0.5866666666666667,Cox4i1;Cox5a;Cox5b;Cox6a1;Cox6b1;Cox6c;Cox7a2;Cox7a2l;Cox8a;Ndufa1;Ndufa10;Ndufa12;Ndufa13;Ndufa2;Ndufa3;Ndufa4;Ndufa5;Ndufa7;Ndufa9;Ndufab1;Ndufb10;Ndufb11;Ndufb3;Ndufb4;Ndufb5;Ndufb6;Ndufb7;Ndufb8;Ndufb9;Ndufc1;Ndufc2;Ndufs1;Ndufs3;Ndufs5;Ndufs6;Ndufs7;Ndufv2;Sdhb;Sdhc;Uqcr10;Uqcr11;Uqcrb;Uqcrfs1;Uqcrh,
cluster_tissue__C2__spleen,Oxidative phosphorylation,Cardiac muscle contraction,0.18461538461538463,Cox4i1;Cox5a;Cox5b;Cox6a1;Cox6b1;Cox6c;Cox7a2;Cox8a;Uqcr10;Uqcr11;Uqcrfs1;Uqcrh,
cluster_tissue__C2__spleen,Oxidative phosphorylation,Retrograde endocannabinoid signaling,0.4,Ndufa1;Ndufa10;Ndufa12;Ndufa13;Ndufa2;Ndufa3;Ndufa4;Ndufa5;Ndufa7;Ndufa9;Ndufab1;Ndufb10;Ndufb11;Ndufb3;Ndufb4;Ndufb5;Ndufb6;Ndufb7;Ndufb8;Ndufb9;Ndufc1;Ndufc2;Ndufs1;Ndufs3;Ndufs5;Ndufs6;Ndufs7;Ndufv2,
cluster_tissue__C2__spleen,Oxidative phosphorylation,Proteasome,0.0,,
cluster_tissue__C2__spleen,Alzheimer disease,Parkinson disease,0.7746478873239436,Atp5a1;Atp5b;Atp5d;Atp5e;Atp5f1;Atp5g2;Atp5g3;Atp5h;Atp5j;Atp5o;Cox4i1;Cox5a;Cox5b;Cox6a1;Cox6b1;Cox6c;Cox7a2;Cox7a2l;Cox8a;Cycs;Ndufa1;Ndufa10;Ndufa12;Ndufa13;Ndufa2;Ndufa3;Ndufa4;Ndufa5;Ndufa7;Ndufa9;Ndufab1;Ndufb10;Ndufb11;Ndufb3;Ndufb4;Ndufb5;Ndufb6;Ndufb7;Ndufb8;Ndufb9;Ndufc1;Ndufc2;Ndufs1;Ndufs3;Ndufs5;Ndufs6;Ndufs7;Ndufv2;Sdhb;Sdhc;Uqcr10;Uqcr11;Uqcrb;Uqcrfs1;Uqcrh,
cluster_tissue__C2__spleen,Alzheimer disease,Thermogenesis,0.6067415730337079,Atp5a1;Atp5b;Atp5d;Atp5e;Atp5f1;Atp5g2;Atp5g3;Atp5h;Atp5j;Atp5o;Cox4i1;Cox5a;Cox5b;Cox6a1;Cox6b1;Cox6c;Cox7a2;Cox7a2l;Cox8a;Ndufa1;Ndufa10;Ndufa12;Ndufa13;Ndufa2;Ndufa3;Ndufa4;Ndufa5;Ndufa7;Ndufa9;Ndufab1;Ndufb10;Ndufb11;Ndufb3;Ndufb4;Ndufb5;Ndufb6;Ndufb7;Ndufb8;Ndufb9;Ndufc1;Ndufc2;Ndufs1;Ndufs3;Ndufs5;Ndufs6;Ndufs7;Ndufv2;Sdhb;Sdhc;Uqcr10;Uqcr11;Uqcrb;Uqcrfs1;Uqcrh,
cluster_tissue__C2__spleen,Alzheimer disease,Huntington disease,0.7142857142857143,Atp5a1;Atp5b;Atp5d;Atp5e;Atp5f1;Atp5g2;Atp5g3;Atp5h;Atp5j;Atp5o;Cox4i1;Cox5a;Cox5b;Cox6a1;Cox6b1;Cox6c;Cox7a2;Cox7a2l;Cox8a;Cycs;Ndufa1;Ndufa10;Ndufa12;Ndufa13;Ndufa2;Ndufa3;Ndufa4;Ndufa5;Ndufa7;Ndufa9;Ndufab1;Ndufb10;Ndufb11;Ndufb3;Ndufb4;Ndufb5;Ndufb6;Ndufb7;Ndufb8;Ndufb9;Ndufc1;Ndufc2;Ndufs1;Ndufs3;Ndufs5;Ndufs6;Ndufs7;Ndufv2;Sdhb;Sdhc;Uqcr10;Uqcr11;Uqcrb;Uqcrfs1;Uqcrh,
cluster_tissue__C2__spleen,Alzheimer disease,Non-alcoholic fatty liver disease (NAFLD),0.6216216216216216,Cox4i1;Cox5a;Cox5b;Cox6a1;Cox6b1;Cox6c;Cox7a2;Cox7a2l;Cox8a;Cycs;Fas;Ndufa1;Ndufa10;Ndufa12;Ndufa13;Ndufa2;Ndufa3;Ndufa4;Ndufa5;Ndufa7;Ndufa9;Ndufab1;Ndufb10;Ndufb11;Ndufb3;Ndufb4;Ndufb5;Ndufb6;Ndufb7;Ndufb8;Ndufb9;Ndufc1;Ndufc2;Ndufs1;Ndufs3;Ndufs5;Ndufs6;Ndufs7;Ndufv2;Sdhb;Sdhc;Uqcr10;Uqcr11;Uqcrb;Uqcrfs1;Uqcrh,
cluster_tissue__C2__spleen,Alzheimer disease,Cardiac muscle contraction,0.18181818181818182,Cox4i1;Cox5a;Cox5b;Cox6a1;Cox6b1;Cox6c;Cox7a2;Cox8a;Uqcr10;Uqcr11;Uqcrfs1;Uqcrh,
cluster_tissue__C2__spleen,Alzheimer disease,Retrograde endocannabinoid signaling,0.43478260869565216,Itpr3;Mapk3;Ndufa1;Ndufa10;Ndufa12;Ndufa13;Ndufa2;Ndufa3;Ndufa4;Ndufa5;Ndufa7;Ndufa9;Ndufab1;Ndufb10;Ndufb11;Ndufb3;Ndufb4;Ndufb5;Ndufb6;Ndufb7;Ndufb8;Ndufb9;Ndufc1;Ndufc2;Ndufs1;Ndufs3;Ndufs5;Ndufs6;Ndufs7;Ndufv2,
cluster_tissue__C2__spleen,Alzheimer disease,Proteasome,0.0,,
cluster_tissue__C2__spleen,Parkinson disease,Thermogenesis,0.6206896551724138,Atp5a1;Atp5b;Atp5d;Atp5e;Atp5f1;Atp5g2;Atp5g3;Atp5h;Atp5j;Atp5o;Cox4i1;Cox5a;Cox5b;Cox6a1;Cox6b1;Cox6c;Cox7a2;Cox7a2l;Cox8a;Ndufa1;Ndufa10;Ndufa12;Ndufa13;Ndufa2;Ndufa3;Ndufa4;Ndufa5;Ndufa7;Ndufa9;Ndufab1;Ndufb10;Ndufb11;Ndufb3;Ndufb4;Ndufb5;Ndufb6;Ndufb7;Ndufb8;Ndufb9;Ndufc1;Ndufc2;Ndufs1;Ndufs3;Ndufs5;Ndufs6;Ndufs7;Ndufv2;Sdhb;Sdhc;Uqcr10;Uqcr11;Uqcrb;Uqcrfs1;Uqcrh,
cluster_tissue__C2__spleen,Parkinson disease,Huntington disease,0.7808219178082192,Atp5a1;Atp5b;Atp5d;Atp5e;Atp5f1;Atp5g2;Atp5g3;Atp5h;Atp5j;Atp5o;Cox4i1;Cox5a;Cox5b;Cox6a1;Cox6b1;Cox6c;Cox7a2;Cox7a2l;Cox8a;Cycs;Ndufa1;Ndufa10;Ndufa12;Ndufa13;Ndufa2;Ndufa3;Ndufa4;Ndufa5;Ndufa7;Ndufa9;Ndufab1;Ndufb10;Ndufb11;Ndufb3;Ndufb4;Ndufb5;Ndufb6;Ndufb7;Ndufb8;Ndufb9;Ndufc1;Ndufc2;Ndufs1;Ndufs3;Ndufs5;Ndufs6;Ndufs7;Ndufv2;Sdhb;Sdhc;Slc25a4;Uqcr10;Uqcr11;Uqcrb;Uqcrfs1;Uqcrh;Vdac3,
cluster_tissue__C2__spleen,Parkinson disease,Non-alcoholic fatty liver disease (NAFLD),0.6164383561643836,Cox4i1;Cox5a;Cox5b;Cox6a1;Cox6b1;Cox6c;Cox7a2;Cox7a2l;Cox8a;Cycs;Ndufa1;Ndufa10;Ndufa12;Ndufa13;Ndufa2;Ndufa3;Ndufa4;Ndufa5;Ndufa7;Ndufa9;Ndufab1;Ndufb10;Ndufb11;Ndufb3;Ndufb4;Ndufb5;Ndufb6;Ndufb7;Ndufb8;Ndufb9;Ndufc1;Ndufc2;Ndufs1;Ndufs3;Ndufs5;Ndufs6;Ndufs7;Ndufv2;Sdhb;Sdhc;Uqcr10;Uqcr11;Uqcrb;Uqcrfs1;Uqcrh,
cluster_tissue__C2__spleen,Parkinson disease,Cardiac muscle contraction,0.1875,Cox4i1;Cox5a;Cox5b;Cox6a1;Cox6b1;Cox6c;Cox7a2;Cox8a;Uqcr10;Uqcr11;Uqcrfs1;Uqcrh,
cluster_tissue__C2__spleen,Parkinson disease,Retrograde endocannabinoid signaling,0.4057971014492754,Ndufa1;Ndufa10;Ndufa12;Ndufa13;Ndufa2;Ndufa3;Ndufa4;Ndufa5;Ndufa7;Ndufa9;Ndufab1;Ndufb10;Ndufb11;Ndufb3;Ndufb4;Ndufb5;Ndufb6;Ndufb7;Ndufb8;Ndufb9;Ndufc1;Ndufc2;Ndufs1;Ndufs3;Ndufs5;Ndufs6;Ndufs7;Ndufv2,
cluster_tissue__C2__spleen,Parkinson disease,Proteasome,0.0,,
cluster_tissue__C2__spleen,Thermogenesis,Huntington disease,0.5978260869565217,Atp5a1;Atp5b;Atp5d;Atp5e;Atp5f1;Atp5g2;Atp5g3;Atp5h;Atp5j;Atp5o;Cox4i1;Cox5a;Cox5b;Cox6a1;Cox6b1;Cox6c;Cox7a2;Cox7a2l;Cox8a;Creb3;Ndufa1;Ndufa10;Ndufa12;Ndufa13;Ndufa2;Ndufa3;Ndufa4;Ndufa5;Ndufa7;Ndufa9;Ndufab1;Ndufb10;Ndufb11;Ndufb3;Ndufb4;Ndufb5;Ndufb6;Ndufb7;Ndufb8;Ndufb9;Ndufc1;Ndufc2;Ndufs1;Ndufs3;Ndufs5;Ndufs6;Ndufs7;Ndufv2;Sdhb;Sdhc;Uqcr10;Uqcr11;Uqcrb;Uqcrfs1;Uqcrh,
cluster_tissue__C2__spleen,Thermogenesis,Non-alcoholic fatty liver disease (NAFLD),0.5168539325842697,Cox4i1;Cox5a;Cox5b;Cox6a1;Cox6b1;Cox6c;Cox7a2;Cox7a2l;Cox8a;Map3k5;Ndufa1;Ndufa10;Ndufa12;Ndufa13;Ndufa2;Ndufa3;Ndufa4;Ndufa5;Ndufa7;Ndufa9;Ndufab1;Ndufb10;Ndufb11;Ndufb3;Ndufb4;Ndufb5;Ndufb6;Ndufb7;Ndufb8;Ndufb9;Ndufc1;Ndufc2;Ndufs1;Ndufs3;Ndufs5;Ndufs6;Ndufs7;Ndufv2;Prkag1;Sdhb;Sdhc;Uqcr10;Uqcr11;Uqcrb;Uqcrfs1;Uqcrh,
cluster_tissue__C2__spleen,Thermogenesis,Cardiac muscle contraction,0.14814814814814814,Cox4i1;Cox5a;Cox5b;Cox6a1;Cox6b1;Cox6c;Cox7a2;Cox8a;Uqcr10;Uqcr11;Uqcrfs1;Uqcrh,
cluster_tissue__C2__spleen,Thermogenesis,Retrograde endocannabinoid signaling,0.3411764705882353,Mgll;Ndufa1;Ndufa10;Ndufa12;Ndufa13;Ndufa2;Ndufa3;Ndufa4;Ndufa5;Ndufa7;Ndufa9;Ndufab1;Ndufb10;Ndufb11;Ndufb3;Ndufb4;Ndufb5;Ndufb6;Ndufb7;Ndufb8;Ndufb9;Ndufc1;Ndufc2;Ndufs1;Ndufs3;Ndufs5;Ndufs6;Ndufs7;Ndufv2,
cluster_tissue__C2__spleen,Thermogenesis,Proteasome,0.0,,
cluster_tissue__C2__spleen,Huntington disease,Non-alcoholic fatty liver disease (NAFLD),0.569620253164557,Cox4i1;Cox5a;Cox5b;Cox6a1;Cox6b1;Cox6c;Cox7a2;Cox7a2l;Cox8a;Cycs;Ndufa1;Ndufa10;Ndufa12;Ndufa13;Ndufa2;Ndufa3;Ndufa4;Ndufa5;Ndufa7;Ndufa9;Ndufab1;Ndufb10;Ndufb11;Ndufb3;Ndufb4;Ndufb5;Ndufb6;Ndufb7;Ndufb8;Ndufb9;Ndufc1;Ndufc2;Ndufs1;Ndufs3;Ndufs5;Ndufs6;Ndufs7;Ndufv2;Sdhb;Sdhc;Uqcr10;Uqcr11;Uqcrb;Uqcrfs1;Uqcrh,
cluster_tissue__C2__spleen,Huntington disease,Cardiac muscle contraction,0.17142857142857143,Cox4i1;Cox5a;Cox5b;Cox6a1;Cox6b1;Cox6c;Cox7a2;Cox8a;Uqcr10;Uqcr11;Uqcrfs1;Uqcrh,
cluster_tissue__C2__spleen,Huntington disease,Retrograde endocannabinoid signaling,0.37333333333333335,Ndufa1;Ndufa10;Ndufa12;Ndufa13;Ndufa2;Ndufa3;Ndufa4;Ndufa5;Ndufa7;Ndufa9;Ndufab1;Ndufb10;Ndufb11;Ndufb3;Ndufb4;Ndufb5;Ndufb6;Ndufb7;Ndufb8;Ndufb9;Ndufc1;Ndufc2;Ndufs1;Ndufs3;Ndufs5;Ndufs6;Ndufs7;Ndufv2,
cluster_tissue__C2__spleen,Huntington disease,Proteasome,0.0,,
cluster_tissue__C2__spleen,Non-alcoholic fatty liver disease (NAFLD),Cardiac muscle contraction,0.20689655172413793,Cox4i1;Cox5a;Cox5b;Cox6a1;Cox6b1;Cox6c;Cox7a2;Cox8a;Uqcr10;Uqcr11;Uqcrfs1;Uqcrh,
cluster_tissue__C2__spleen,Non-alcoholic fatty liver disease (NAFLD),Retrograde endocannabinoid signaling,0.4444444444444444,Ndufa1;Ndufa10;Ndufa12;Ndufa13;Ndufa2;Ndufa3;Ndufa4;Ndufa5;Ndufa7;Ndufa9;Ndufab1;Ndufb10;Ndufb11;Ndufb3;Ndufb4;Ndufb5;Ndufb6;Ndufb7;Ndufb8;Ndufb9;Ndufc1;Ndufc2;Ndufs1;Ndufs3;Ndufs5;Ndufs6;Ndufs7;Ndufv2,
cluster_tissue__C2__spleen,Non-alcoholic fatty liver disease (NAFLD),Proteasome,0.0,,
cluster_tissue__C2__spleen,Cardiac muscle contraction,Retrograde endocannabinoid signaling,0.0,,
cluster_tissue__C2__spleen,Cardiac muscle contraction,Proteasome,0.0,,
cluster_tissue__C2__spleen,Retrograde endocannabinoid signaling,Proteasome,0.0,,
cluster_tissue__C3__spleen,Oxidative phosphorylation,Parkinson disease,0.8181818181818182,Atp5e;Atp5g1;Atp5j;Cox5b;Cox6a1;Cox6b1;Cox6c;Cox7a2;Cox7b;Cox7c;Cox8a;Ndufa1;Ndufa11;Ndufa12;Ndufa13;Ndufa2;Ndufa3;Ndufa4;Ndufa5;Ndufa6;Ndufa7;Ndufb11;Ndufb2;Ndufb3;Ndufb4;Ndufb7;Ndufc1;Ndufc2;Ndufs5;Ndufs6;Ndufv3;Uqcr10;Uqcr11;Uqcrb;Uqcrh;Uqcrq,
cluster_tissue__C3__spleen,Oxidative phosphorylation,Ribosome,0.0,,
cluster_tissue__C3__spleen,Oxidative phosphorylation,Alzheimer disease,0.8,Atp5e;Atp5g1;Atp5j;Cox5b;Cox6a1;Cox6b1;Cox6c;Cox7a2;Cox7b;Cox7c;Cox8a;Ndufa1;Ndufa11;Ndufa12;Ndufa13;Ndufa2;Ndufa3;Ndufa4;Ndufa5;Ndufa6;Ndufa7;Ndufb11;Ndufb2;Ndufb3;Ndufb4;Ndufb7;Ndufc1;Ndufc2;Ndufs5;Ndufs6;Ndufv3;Uqcr10;Uqcr11;Uqcrb;Uqcrh;Uqcrq,
cluster_tissue__C3__spleen,Oxidative phosphorylation,Thermogenesis,0.8541666666666666,Atp5e;Atp5g1;Atp5j;Atp5j2;Atp5k;Atp5l;Cox10;Cox17;Cox5b;Cox6a1;Cox6b1;Cox6c;Cox7a2;Cox7b;Cox7c;Cox8a;Ndufa1;Ndufa11;Ndufa12;Ndufa13;Ndufa2;Ndufa3;Ndufa4;Ndufa5;Ndufa6;Ndufa7;Ndufb11;Ndufb2;Ndufb3;Ndufb4;Ndufb7;Ndufc1;Ndufc2;Ndufs5;Ndufs6;Ndufv3;Uqcr10;Uqcr11;Uqcrb;Uqcrh;Uqcrq,
cluster_tissue__C3__spleen,Oxidative phosphorylation,Non-alcoholic fatty liver disease (NAFLD),0.7333333333333333,Cox5b;Cox6a1;Cox6b1;Cox6c;Cox7a2;Cox7b;Cox7c;Cox8a;Ndufa1;Ndufa11;Ndufa12;Ndufa13;Ndufa2;Ndufa3;Ndufa4;Ndufa5;Ndufa6;Ndufa7;Ndufb11;Ndufb2;Ndufb3;Ndufb4;Ndufb7;Ndufc1;Ndufc2;Ndufs5;Ndufs6;Ndufv3;Uqcr10;Uqcr11;Uqcrb;Uqcrh;Uqcrq,
cluster_tissue__C3__spleen,Oxidative phosphorylation,Huntington disease,0.782608695652174,Atp5e;Atp5g1;Atp5j;Cox5b;Cox6a1;Cox6b1;Cox6c;Cox7a2;Cox7b;Cox7c;Cox8a;Ndufa1;Ndufa11;Ndufa12;Ndufa13;Ndufa2;Ndufa3;Ndufa4;Ndufa5;Ndufa6;Ndufa7;Ndufb11;Ndufb2;Ndufb3;Ndufb4;Ndufb7;Ndufc1;Ndufc2;Ndufs5;Ndufs6;Ndufv3;Uqcr10;Uqcr11;Uqcrb;Uqcrh;Uqcrq,
cluster_tissue__C3__spleen,Oxidative phosphorylation,Retrograde endocannabinoid signaling,0.44680851063829785,Ndufa1;Ndufa11;Ndufa12;Ndufa13;Ndufa2;Ndufa3;Ndufa4;Ndufa5;Ndufa6;Ndufa7;Ndufb11;Ndufb2;Ndufb3;Ndufb4;Ndufb6;Ndufb7;Ndufc1;Ndufc2;Ndufs5;Ndufs6;Ndufv3,
cluster_tissue__C3__spleen,Oxidative phosphorylation,Cardiac muscle contraction,0.3023255813953488,Cox5b;Cox6a1;Cox6b1;Cox6c;Cox7a2;Cox7b;Cox7c;Cox8a;Uqcr10;Uqcr11;Uqcrb;Uqcrh;Uqcrq,
cluster_tissue__C3__spleen,Oxidative phosphorylation,Cocaine addiction,0.0,,
cluster_tissue__C3__spleen,Parkinson disease,Ribosome,0.0,,
cluster_tissue__C3__spleen,Parkinson disease,Alzheimer disease,0.9230769230769231,Atp5e;Atp5g1;Atp5j;Cox5b;Cox6a1;Cox6b1;Cox6c;Cox7a2;Cox7b;Cox7c;Cox8a;Ndufa1;Ndufa11;Ndufa12;Ndufa13;Ndufa2;Ndufa3;Ndufa4;Ndufa5;Ndufa6;Ndufa7;Ndufb11;Ndufb2;Ndufb3;Ndufb4;Ndufb7;Ndufc1;Ndufc2;Ndufs5;Ndufs6;Ndufv3;Uqcr10;Uqcr11;Uqcrb;Uqcrh;Uqcrq,
cluster_tissue__C3__spleen,Parkinson disease,Thermogenesis,0.7659574468085106,Atp5e;Atp5g1;Atp5j;Cox5b;Cox6a1;Cox6b1;Cox6c;Cox7a2;Cox7b;Cox7c;Cox8a;Ndufa1;Ndufa11;Ndufa12;Ndufa13;Ndufa2;Ndufa3;Ndufa4;Ndufa5;Ndufa6;Ndufa7;Ndufb11;Ndufb2;Ndufb3;Ndufb4;Ndufb7;Ndufc1;Ndufc2;Ndufs5;Ndufs6;Ndufv3;Uqcr10;Uqcr11;Uqcrb;Uqcrh;Uqcrq,
cluster_tissue__C3__spleen,Parkinson disease,Non-alcoholic fatty liver disease (NAFLD),0.8461538461538461,Cox5b;Cox6a1;Cox6b1;Cox6c;Cox7a2;Cox7b;Cox7c;Cox8a;Ndufa1;Ndufa11;Ndufa12;Ndufa13;Ndufa2;Ndufa3;Ndufa4;Ndufa5;Ndufa6;Ndufa7;Ndufb11;Ndufb2;Ndufb3;Ndufb4;Ndufb7;Ndufc1;Ndufc2;Ndufs5;Ndufs6;Ndufv3;Uqcr10;Uqcr11;Uqcrb;Uqcrh;Uqcrq,
cluster_tissue__C3__spleen,Parkinson disease,Huntington disease,0.9,Atp5e;Atp5g1;Atp5j;Cox5b;Cox6a1;Cox6b1;Cox6c;Cox7a2;Cox7b;Cox7c;Cox8a;Ndufa1;Ndufa11;Ndufa12;Ndufa13;Ndufa2;Ndufa3;Ndufa4;Ndufa5;Ndufa6;Ndufa7;Ndufb11;Ndufb2;Ndufb3;Ndufb4;Ndufb7;Ndufc1;Ndufc2;Ndufs5;Ndufs6;Ndufv3;Uqcr10;Uqcr11;Uqcrb;Uqcrh;Uqcrq,
cluster_tissue__C3__spleen,Parkinson disease,Retrograde endocannabinoid signaling,0.47619047619047616,Ndufa1;Ndufa11;Ndufa12;Ndufa13;Ndufa2;Ndufa3;Ndufa4;Ndufa5;Ndufa6;Ndufa7;Ndufb11;Ndufb2;Ndufb3;Ndufb4;Ndufb7;Ndufc1;Ndufc2;Ndufs5;Ndufs6;Ndufv3,
cluster_tissue__C3__spleen,Parkinson disease,Cardiac muscle contraction,0.35135135135135137,Cox5b;Cox6a1;Cox6b1;Cox6c;Cox7a2;Cox7b;Cox7c;Cox8a;Uqcr10;Uqcr11;Uqcrb;Uqcrh;Uqcrq,
cluster_tissue__C3__spleen,Parkinson disease,Cocaine addiction,0.0,,
cluster_tissue__C3__spleen,Ribosome,Alzheimer disease,0.0,,
cluster_tissue__C3__spleen,Ribosome,Thermogenesis,0.0,,
cluster_tissue__C3__spleen,Ribosome,Non-alcoholic fatty liver disease (NAFLD),0.0,,
cluster_tissue__C3__spleen,Ribosome,Huntington disease,0.0,,
cluster_tissue__C3__spleen,Ribosome,Retrograde endocannabinoid signaling,0.0,,
cluster_tissue__C3__spleen,Ribosome,Cardiac muscle contraction,0.0,,
cluster_tissue__C3__spleen,Ribosome,Cocaine addiction,0.0,,
cluster_tissue__C3__spleen,Alzheimer disease,Thermogenesis,0.75,Atp5e;Atp5g1;Atp5j;Cox5b;Cox6a1;Cox6b1;Cox6c;Cox7a2;Cox7b;Cox7c;Cox8a;Ndufa1;Ndufa11;Ndufa12;Ndufa13;Ndufa2;Ndufa3;Ndufa4;Ndufa5;Ndufa6;Ndufa7;Ndufb11;Ndufb2;Ndufb3;Ndufb4;Ndufb7;Ndufc1;Ndufc2;Ndufs5;Ndufs6;Ndufv3;Uqcr10;Uqcr11;Uqcrb;Uqcrh;Uqcrq,
cluster_tissue__C3__spleen,Alzheimer disease,Non-alcoholic fatty liver disease (NAFLD),0.8717948717948718,Casp8;Cox5b;Cox6a1;Cox6b1;Cox6c;Cox7a2;Cox7b;Cox7c;Cox8a;Ndufa1;Ndufa11;Ndufa12;Ndufa13;Ndufa2;Ndufa3;Ndufa4;Ndufa5;Ndufa6;Ndufa7;Ndufb11;Ndufb2;Ndufb3;Ndufb4;Ndufb7;Ndufc1;Ndufc2;Ndufs5;Ndufs6;Ndufv3;Uqcr10;Uqcr11;Uqcrb;Uqcrh;Uqcrq,
cluster_tissue__C3__spleen,Alzheimer disease,Huntington disease,0.925,Atp5e;Atp5g1;Atp5j;Casp8;Cox5b;Cox6a1;Cox6b1;Cox6c;Cox7a2;Cox7b;Cox7c;Cox8a;Ndufa1;Ndufa11;Ndufa12;Ndufa13;Ndufa2;Ndufa3;Ndufa4;Ndufa5;Ndufa6;Ndufa7;Ndufb11;Ndufb2;Ndufb3;Ndufb4;Ndufb7;Ndufc1;Ndufc2;Ndufs5;Ndufs6;Ndufv3;Uqcr10;Uqcr11;Uqcrb;Uqcrh;Uqcrq,
cluster_tissue__C3__spleen,Alzheimer disease,Retrograde endocannabinoid signaling,0.46511627906976744,Ndufa1;Ndufa11;Ndufa12;Ndufa13;Ndufa2;Ndufa3;Ndufa4;Ndufa5;Ndufa6;Ndufa7;Ndufb11;Ndufb2;Ndufb3;Ndufb4;Ndufb7;Ndufc1;Ndufc2;Ndufs5;Ndufs6;Ndufv3,
cluster_tissue__C3__spleen,Alzheimer disease,Cardiac muscle contraction,0.34210526315789475,Cox5b;Cox6a1;Cox6b1;Cox6c;Cox7a2;Cox7b;Cox7c;Cox8a;Uqcr10;Uqcr11;Uqcrb;Uqcrh;Uqcrq,
cluster_tissue__C3__spleen,Alzheimer disease,Cocaine addiction,0.0,,
cluster_tissue__C3__spleen,Thermogenesis,Non-alcoholic fatty liver disease (NAFLD),0.6875,Cox5b;Cox6a1;Cox6b1;Cox6c;Cox7a2;Cox7b;Cox7c;Cox8a;Ndufa1;Ndufa11;Ndufa12;Ndufa13;Ndufa2;Ndufa3;Ndufa4;Ndufa5;Ndufa6;Ndufa7;Ndufb11;Ndufb2;Ndufb3;Ndufb4;Ndufb7;Ndufc1;Ndufc2;Ndufs5;Ndufs6;Ndufv3;Uqcr10;Uqcr11;Uqcrb;Uqcrh;Uqcrq,
cluster_tissue__C3__spleen,Thermogenesis,Huntington disease,0.7346938775510204,Atp5e;Atp5g1;Atp5j;Cox5b;Cox6a1;Cox6b1;Cox6c;Cox7a2;Cox7b;Cox7c;Cox8a;Ndufa1;Ndufa11;Ndufa12;Ndufa13;Ndufa2;Ndufa3;Ndufa4;Ndufa5;Ndufa6;Ndufa7;Ndufb11;Ndufb2;Ndufb3;Ndufb4;Ndufb7;Ndufc1;Ndufc2;Ndufs5;Ndufs6;Ndufv3;Uqcr10;Uqcr11;Uqcrb;Uqcrh;Uqcrq,
cluster_tissue__C3__spleen,Thermogenesis,Retrograde endocannabinoid signaling,0.39215686274509803,Ndufa1;Ndufa11;Ndufa12;Ndufa13;Ndufa2;Ndufa3;Ndufa4;Ndufa5;Ndufa6;Ndufa7;Ndufb11;Ndufb2;Ndufb3;Ndufb4;Ndufb7;Ndufc1;Ndufc2;Ndufs5;Ndufs6;Ndufv3,
cluster_tissue__C3__spleen,Thermogenesis,Cardiac muscle contraction,0.2826086956521739,Cox5b;Cox6a1;Cox6b1;Cox6c;Cox7a2;Cox7b;Cox7c;Cox8a;Uqcr10;Uqcr11;Uqcrb;Uqcrh;Uqcrq,
cluster_tissue__C3__spleen,Thermogenesis,Cocaine addiction,0.0,,
cluster_tissue__C3__spleen,Non-alcoholic fatty liver disease (NAFLD),Huntington disease,0.85,Casp8;Cox5b;Cox6a1;Cox6b1;Cox6c;Cox7a2;Cox7b;Cox7c;Cox8a;Ndufa1;Ndufa11;Ndufa12;Ndufa13;Ndufa2;Ndufa3;Ndufa4;Ndufa5;Ndufa6;Ndufa7;Ndufb11;Ndufb2;Ndufb3;Ndufb4;Ndufb7;Ndufc1;Ndufc2;Ndufs5;Ndufs6;Ndufv3;Uqcr10;Uqcr11;Uqcrb;Uqcrh;Uqcrq,
cluster_tissue__C3__spleen,Non-alcoholic fatty liver disease (NAFLD),Retrograde endocannabinoid signaling,0.5,Ndufa1;Ndufa11;Ndufa12;Ndufa13;Ndufa2;Ndufa3;Ndufa4;Ndufa5;Ndufa6;Ndufa7;Ndufb11;Ndufb2;Ndufb3;Ndufb4;Ndufb7;Ndufc1;Ndufc2;Ndufs5;Ndufs6;Ndufv3,
cluster_tissue__C3__spleen,Non-alcoholic fatty liver disease (NAFLD),Cardiac muscle contraction,0.37142857142857144,Cox5b;Cox6a1;Cox6b1;Cox6c;Cox7a2;Cox7b;Cox7c;Cox8a;Uqcr10;Uqcr11;Uqcrb;Uqcrh;Uqcrq,
cluster_tissue__C3__spleen,Non-alcoholic fatty liver disease (NAFLD),Cocaine addiction,0.027777777777777776,Jun,
cluster_tissue__C3__spleen,Huntington disease,Retrograde endocannabinoid signaling,0.45454545454545453,Ndufa1;Ndufa11;Ndufa12;Ndufa13;Ndufa2;Ndufa3;Ndufa4;Ndufa5;Ndufa6;Ndufa7;Ndufb11;Ndufb2;Ndufb3;Ndufb4;Ndufb7;Ndufc1;Ndufc2;Ndufs5;Ndufs6;Ndufv3,
cluster_tissue__C3__spleen,Huntington disease,Cardiac muscle contraction,0.3333333333333333,Cox5b;Cox6a1;Cox6b1;Cox6c;Cox7a2;Cox7b;Cox7c;Cox8a;Uqcr10;Uqcr11;Uqcrb;Uqcrh;Uqcrq,
cluster_tissue__C3__spleen,Huntington disease,Cocaine addiction,0.0,,
cluster_tissue__C3__spleen,Retrograde endocannabinoid signaling,Cardiac muscle contraction,0.0,,
cluster_tissue__C3__spleen,Retrograde endocannabinoid signaling,Cocaine addiction,0.0,,
cluster_tissue__C3__spleen,Cardiac muscle contraction,Cocaine addiction,0.0,,
cluster_tissue__C4__spleen,Ribosome,Oxidative phosphorylation,0.0,,
cluster_tissue__C4__spleen,Ribosome,Thermogenesis,0.0,,
cluster_tissue__C4__spleen,Oxidative phosphorylation,Thermogenesis,0.32,Atp5e;Atp5h;Atp5j;Atp5j2;Atp5k;Atp5l;Cox10;Cox6b1;Cox6c;Cox7a2;Cox7b;Cox7c;Cox8a;Ndufa13;Ndufa2;Ndufa4;Ndufa6;Ndufa7;Ndufb4;Ndufb9;Ndufs6;Ndufv3;Uqcr10;Uqcrh,
cluster_tissue__C5-1__spleen,Ribosome,Oxidative phosphorylation,0.0,,
cluster_tissue__C5-1__spleen,Ribosome,Alzheimer disease,0.0,,
cluster_tissue__C5-1__spleen,Ribosome,Parkinson disease,0.0,,
cluster_tissue__C5-1__spleen,Ribosome,Non-alcoholic fatty liver disease (NAFLD),0.0,,
cluster_tissue__C5-1__spleen,Ribosome,Cardiac muscle contraction,0.0,,
cluster_tissue__C5-1__spleen,Ribosome,Huntington disease,0.0,,
cluster_tissue__C5-1__spleen,Ribosome,Thermogenesis,0.0,,
cluster_tissue__C5-1__spleen,Ribosome,Retrograde endocannabinoid signaling,0.0,,
cluster_tissue__C5-1__spleen,Oxidative phosphorylation,Alzheimer disease,0.4166666666666667,Atp5e;Atp5j;Cox6b1;Cox6c;Cox7b;Cox7c;Cox8a;Ndufa1;Ndufa13;Ndufa2;Ndufa3;Ndufa4;Ndufb11;Ndufb3;Ndufb4;Ndufc1;Ndufv3;Uqcr10;Uqcr11;Uqcrc1,
cluster_tissue__C5-1__spleen,Oxidative phosphorylation,Parkinson disease,0.7407407407407407,Atp5e;Atp5j;Cox6b1;Cox6c;Cox7b;Cox7c;Cox8a;Ndufa1;Ndufa13;Ndufa2;Ndufa3;Ndufa4;Ndufb11;Ndufb3;Ndufb4;Ndufc1;Ndufv3;Uqcr10;Uqcr11;Uqcrc1,
cluster_tissue__C5-1__spleen,Oxidative phosphorylation,Non-alcoholic fatty liver disease (NAFLD),0.391304347826087,Cox6b1;Cox6c;Cox7b;Cox7c;Cox8a;Ndufa1;Ndufa13;Ndufa2;Ndufa3;Ndufa4;Ndufb11;Ndufb3;Ndufb4;Ndufc1;Ndufv3;Uqcr10;Uqcr11;Uqcrc1,
cluster_tissue__C5-1__spleen,Oxidative phosphorylation,Cardiac muscle contraction,0.27586206896551724,Cox6b1;Cox6c;Cox7b;Cox7c;Cox8a;Uqcr10;Uqcr11;Uqcrc1,
cluster_tissue__C5-1__spleen,Oxidative phosphorylation,Huntington disease,0.4,Atp5e;Atp5j;Cox6b1;Cox6c;Cox7b;Cox7c;Cox8a;Ndufa1;Ndufa13;Ndufa2;Ndufa3;Ndufa4;Ndufb11;Ndufb3;Ndufb4;Ndufc1;Ndufv3;Uqcr10;Uqcr11;Uqcrc1,
cluster_tissue__C5-1__spleen,Oxidative phosphorylation,Thermogenesis,0.36507936507936506,Atp5e;Atp5j;Atp5k;Atp5l;Cox17;Cox6b1;Cox6c;Cox7b;Cox7c;Cox8a;Ndufa1;Ndufa13;Ndufa2;Ndufa3;Ndufa4;Ndufb11;Ndufb3;Ndufb4;Ndufc1;Ndufv3;Uqcr10;Uqcr11;Uqcrc1,
cluster_tissue__C5-1__spleen,Oxidative phosphorylation,Retrograde endocannabinoid signaling,0.23809523809523808,Ndufa1;Ndufa13;Ndufa2;Ndufa3;Ndufa4;Ndufb11;Ndufb3;Ndufb4;Ndufc1;Ndufv3,
cluster_tissue__C5-1__spleen,Alzheimer disease,Parkinson disease,0.4444444444444444,Atp5e;Atp5j;Cox6b1;Cox6c;Cox7b;Cox7c;Cox8a;Ndufa1;Ndufa13;Ndufa2;Ndufa3;Ndufa4;Ndufb11;Ndufb3;Ndufb4;Ndufc1;Ndufv3;Uqcr10;Uqcr11;Uqcrc1,
cluster_tissue__C5-1__spleen,Alzheimer disease,Non-alcoholic fatty liver disease (NAFLD),0.5769230769230769,Casp8;Cox5b;Cox6a1;Cox6b1;Cox6c;Cox7a2;Cox7b;Cox7c;Cox8a;Eif2ak3;Ern1;Fas;Ndufa1;Ndufa11;Ndufa13;Ndufa2;Ndufa3;Ndufa4;Ndufb11;Ndufb2;Ndufb3;Ndufb4;Ndufb7;Ndufc1;Ndufs4;Ndufs7;Ndufv3;Uqcr10;Uqcr11;Uqcrc1,
cluster_tissue__C5-1__spleen,Alzheimer disease,Cardiac muscle contraction,0.25,Cox5b;Cox6a1;Cox6b1;Cox6c;Cox7a2;Cox7b;Cox7c;Cox8a;Uqcr10;Uqcr11;Uqcrc1,
cluster_tissue__C5-1__spleen,Alzheimer disease,Huntington disease,0.5714285714285714,Atp5e;Atp5h;Atp5j;Casp8;Cox5b;Cox6a1;Cox6b1;Cox6c;Cox7a2;Cox7b;Cox7c;Cox8a;Itpr1;Ndufa1;Ndufa11;Ndufa13;Ndufa2;Ndufa3;Ndufa4;Ndufb11;Ndufb2;Ndufb3;Ndufb4;Ndufb7;Ndufc1;Ndufs4;Ndufs7;Ndufv3;Plcb4;Uqcr10;Uqcr11;Uqcrc1,
cluster_tissue__C5-1__spleen,Alzheimer disease,Thermogenesis,0.38666666666666666,Atp5e;Atp5h;Atp5j;Cox5b;Cox6a1;Cox6b1;Cox6c;Cox7a2;Cox7b;Cox7c;Cox8a;Ndufa1;Ndufa11;Ndufa13;Ndufa2;Ndufa3;Ndufa4;Ndufb11;Ndufb2;Ndufb3;Ndufb4;Ndufb7;Ndufc1;Ndufs4;Ndufs7;Ndufv3;Uqcr10;Uqcr11;Uqcrc1,
cluster_tissue__C5-1__spleen,Alzheimer disease,Retrograde endocannabinoid signaling,0.34615384615384615,Itpr1;Itpr3;Ndufa1;Ndufa11;Ndufa13;Ndufa2;Ndufa3;Ndufa4;Ndufb11;Ndufb2;Ndufb3;Ndufb4;Ndufb7;Ndufc1;Ndufs4;Ndufs7;Ndufv3;Plcb4,
cluster_tissue__C5-1__spleen,Parkinson disease,Non-alcoholic fatty liver disease (NAFLD),0.4186046511627907,Cox6b1;Cox6c;Cox7b;Cox7c;Cox8a;Ndufa1;Ndufa13;Ndufa2;Ndufa3;Ndufa4;Ndufb11;Ndufb3;Ndufb4;Ndufc1;Ndufv3;Uqcr10;Uqcr11;Uqcrc1,
cluster_tissue__C5-1__spleen,Parkinson disease,Cardiac muscle contraction,0.3076923076923077,Cox6b1;Cox6c;Cox7b;Cox7c;Cox8a;Uqcr10;Uqcr11;Uqcrc1,
cluster_tissue__C5-1__spleen,Parkinson disease,Huntington disease,0.425531914893617,Atp5e;Atp5j;Cox6b1;Cox6c;Cox7b;Cox7c;Cox8a;Ndufa1;Ndufa13;Ndufa2;Ndufa3;Ndufa4;Ndufb11;Ndufb3;Ndufb4;Ndufc1;Ndufv3;Uqcr10;Uqcr11;Uqcrc1,
cluster_tissue__C5-1__spleen,Parkinson disease,Thermogenesis,0.31746031746031744,Atp5e;Atp5j;Cox6b1;Cox6c;Cox7b;Cox7c;Cox8a;Ndufa1;Ndufa13;Ndufa2;Ndufa3;Ndufa4;Ndufb11;Ndufb3;Ndufb4;Ndufc1;Ndufv3;Uqcr10;Uqcr11;Uqcrc1,
cluster_tissue__C5-1__spleen,Parkinson disease,Retrograde endocannabinoid signaling,0.2564102564102564,Ndufa1;Ndufa13;Ndufa2;Ndufa3;Ndufa4;Ndufb11;Ndufb3;Ndufb4;Ndufc1;Ndufv3,
cluster_tissue__C5-1__spleen,Non-alcoholic fatty liver disease (NAFLD),Cardiac muscle contraction,0.275,Cox5b;Cox6a1;Cox6b1;Cox6c;Cox7a2;Cox7b;Cox7c;Cox8a;Uqcr10;Uqcr11;Uqcrc1,
cluster_tissue__C5-1__spleen,Non-alcoholic fatty liver disease (NAFLD),Huntington disease,0.47368421052631576,Casp8;Cox5b;Cox6a1;Cox6b1;Cox6c;Cox7a2;Cox7b;Cox7c;Cox8a;Ndufa1;Ndufa11;Ndufa13;Ndufa2;Ndufa3;Ndufa4;Ndufb11;Ndufb2;Ndufb3;Ndufb4;Ndufb7;Ndufc1;Ndufs4;Ndufs7;Ndufv3;Uqcr10;Uqcr11;Uqcrc1,
cluster_tissue__C5-1__spleen,Non-alcoholic fatty liver disease (NAFLD),Thermogenesis,0.35135135135135137,Cox5b;Cox6a1;Cox6b1;Cox6c;Cox7a2;Cox7b;Cox7c;Cox8a;Ndufa1;Ndufa11;Ndufa13;Ndufa2;Ndufa3;Ndufa4;Ndufb11;Ndufb2;Ndufb3;Ndufb4;Ndufb7;Ndufc1;Ndufs4;Ndufs7;Ndufv3;Uqcr10;Uqcr11;Uqcrc1,
cluster_tissue__C5-1__spleen,Non-alcoholic fatty liver disease (NAFLD),Retrograde endocannabinoid signaling,0.29411764705882354,Ndufa1;Ndufa11;Ndufa13;Ndufa2;Ndufa3;Ndufa4;Ndufb11;Ndufb2;Ndufb3;Ndufb4;Ndufb7;Ndufc1;Ndufs4;Ndufs7;Ndufv3,
cluster_tissue__C5-1__spleen,Cardiac muscle contraction,Huntington disease,0.2391304347826087,Cox5b;Cox6a1;Cox6b1;Cox6c;Cox7a2;Cox7b;Cox7c;Cox8a;Uqcr10;Uqcr11;Uqcrc1,
cluster_tissue__C5-1__spleen,Cardiac muscle contraction,Thermogenesis,0.1774193548387097,Cox5b;Cox6a1;Cox6b1;Cox6c;Cox7a2;Cox7b;Cox7c;Cox8a;Uqcr10;Uqcr11;Uqcrc1,
cluster_tissue__C5-1__spleen,Cardiac muscle contraction,Retrograde endocannabinoid signaling,0.0,,
cluster_tissue__C5-1__spleen,Huntington disease,Thermogenesis,0.41333333333333333,Atp5e;Atp5h;Atp5j;Cox5b;Cox6a1;Cox6b1;Cox6c;Cox7a2;Cox7b;Cox7c;Cox8a;Creb3l1;Ndufa1;Ndufa11;Ndufa13;Ndufa2;Ndufa3;Ndufa4;Ndufb11;Ndufb2;Ndufb3;Ndufb4;Ndufb7;Ndufc1;Ndufs1;Ndufs4;Ndufs7;Ndufv3;Uqcr10;Uqcr11;Uqcrc1,
cluster_tissue__C5-1__spleen,Huntington disease,Retrograde endocannabinoid signaling,0.3333333333333333,Itpr1;Ndufa1;Ndufa11;Ndufa13;Ndufa2;Ndufa3;Ndufa4;Ndufb11;Ndufb2;Ndufb3;Ndufb4;Ndufb7;Ndufc1;Ndufs1;Ndufs4;Ndufs7;Ndufv3;Plcb4,
cluster_tissue__C5-1__spleen,Thermogenesis,Retrograde endocannabinoid signaling,0.31343283582089554,Adcy7;Mgll;Ndufa1;Ndufa11;Ndufa13;Ndufa2;Ndufa3;Ndufa4;Ndufb11;Ndufb2;Ndufb3;Ndufb4;Ndufb6;Ndufb7;Ndufc1;Ndufs1;Ndufs2;Ndufs4;Ndufs7;Ndufv3;Prkaca,
tissue__thymus,Ribosome,Oxidative phosphorylation,0.0,,
tissue__thymus,Ribosome,Alzheimer disease,0.0,,
tissue__thymus,Ribosome,Parkinson disease,0.0,,
tissue__thymus,Ribosome,Retrograde endocannabinoid signaling,0.0,,
tissue__thymus,Ribosome,Huntington disease,0.0,,
tissue__thymus,Ribosome,Non-alcoholic fatty liver disease (NAFLD),0.0,,
tissue__thymus,Ribosome,Thermogenesis,0.0,,
tissue__thymus,Ribosome,Cardiac muscle contraction,0.0,,
tissue__thymus,Oxidative phosphorylation,Alzheimer disease,0.7446808510638298,Atp5e;Atp5h;Atp5j;Cox5b;Cox6a1;Cox6b1;Cox6c;Cox7a2;Cox7b;Cox7c;Cox8a;Ndufa1;Ndufa10;Ndufa11;Ndufa12;Ndufa13;Ndufa2;Ndufa3;Ndufa4;Ndufa5;Ndufa6;Ndufa7;Ndufb3;Ndufb4;Ndufb7;Ndufc1;Ndufc2;Ndufs5;Ndufs6;Ndufv3;Uqcr10;Uqcr11;Uqcrb;Uqcrh;Uqcrq,
tissue__thymus,Oxidative phosphorylation,Parkinson disease,0.8536585365853658,Atp5e;Atp5h;Atp5j;Cox5b;Cox6a1;Cox6b1;Cox6c;Cox7a2;Cox7b;Cox7c;Cox8a;Ndufa1;Ndufa10;Ndufa11;Ndufa12;Ndufa13;Ndufa2;Ndufa3;Ndufa4;Ndufa5;Ndufa6;Ndufa7;Ndufb3;Ndufb4;Ndufb7;Ndufc1;Ndufc2;Ndufs5;Ndufs6;Ndufv3;Uqcr10;Uqcr11;Uqcrb;Uqcrh;Uqcrq,
tissue__thymus,Oxidative phosphorylation,Retrograde endocannabinoid signaling,0.41304347826086957,Ndufa1;Ndufa10;Ndufa11;Ndufa12;Ndufa13;Ndufa2;Ndufa3;Ndufa4;Ndufa5;Ndufa6;Ndufa7;Ndufb3;Ndufb4;Ndufb7;Ndufc1;Ndufc2;Ndufs5;Ndufs6;Ndufv3,
tissue__thymus,Oxidative phosphorylation,Huntington disease,0.7608695652173914,Atp5e;Atp5h;Atp5j;Cox5b;Cox6a1;Cox6b1;Cox6c;Cox7a2;Cox7b;Cox7c;Cox8a;Ndufa1;Ndufa10;Ndufa11;Ndufa12;Ndufa13;Ndufa2;Ndufa3;Ndufa4;Ndufa5;Ndufa6;Ndufa7;Ndufb3;Ndufb4;Ndufb7;Ndufc1;Ndufc2;Ndufs5;Ndufs6;Ndufv3;Uqcr10;Uqcr11;Uqcrb;Uqcrh;Uqcrq,
tissue__thymus,Oxidative phosphorylation,Non-alcoholic fatty liver disease (NAFLD),0.6808510638297872,Cox5b;Cox6a1;Cox6b1;Cox6c;Cox7a2;Cox7b;Cox7c;Cox8a;Ndufa1;Ndufa10;Ndufa11;Ndufa12;Ndufa13;Ndufa2;Ndufa3;Ndufa4;Ndufa5;Ndufa6;Ndufa7;Ndufb3;Ndufb4;Ndufb7;Ndufc1;Ndufc2;Ndufs5;Ndufs6;Ndufv3;Uqcr10;Uqcr11;Uqcrb;Uqcrh;Uqcrq,
tissue__thymus,Oxidative phosphorylation,Thermogenesis,0.8888888888888888,Atp5e;Atp5h;Atp5j;Atp5j2;Atp5k;Atp5l;Cox10;Cox17;Cox5b;Cox6a1;Cox6b1;Cox6c;Cox7a2;Cox7b;Cox7c;Cox8a;Ndufa1;Ndufa10;Ndufa11;Ndufa12;Ndufa13;Ndufa2;Ndufa3;Ndufa4;Ndufa5;Ndufa6;Ndufa7;Ndufb3;Ndufb4;Ndufb7;Ndufc1;Ndufc2;Ndufs5;Ndufs6;Ndufv3;Uqcr10;Uqcr11;Uqcrb;Uqcrh;Uqcrq,
tissue__thymus,Oxidative phosphorylation,Cardiac muscle contraction,0.325,Cox5b;Cox6a1;Cox6b1;Cox6c;Cox7a2;Cox7b;Cox7c;Cox8a;Uqcr10;Uqcr11;Uqcrb;Uqcrh;Uqcrq,
tissue__thymus,Alzheimer disease,Parkinson disease,0.813953488372093,Atp5e;Atp5h;Atp5j;Cox5b;Cox6a1;Cox6b1;Cox6c;Cox7a2;Cox7b;Cox7c;Cox8a;Ndufa1;Ndufa10;Ndufa11;Ndufa12;Ndufa13;Ndufa2;Ndufa3;Ndufa4;Ndufa5;Ndufa6;Ndufa7;Ndufb3;Ndufb4;Ndufb7;Ndufc1;Ndufc2;Ndufs5;Ndufs6;Ndufv3;Uqcr10;Uqcr11;Uqcrb;Uqcrh;Uqcrq,
tissue__thymus,Alzheimer disease,Retrograde endocannabinoid signaling,0.4888888888888889,Mapk3;Ndufa1;Ndufa10;Ndufa11;Ndufa12;Ndufa13;Ndufa2;Ndufa3;Ndufa4;Ndufa5;Ndufa6;Ndufa7;Ndufb3;Ndufb4;Ndufb7;Ndufb8;Ndufc1;Ndufc2;Ndufs5;Ndufs6;Ndufv3;Plcb4,
tissue__thymus,Alzheimer disease,Huntington disease,0.7659574468085106,Atp5e;Atp5h;Atp5j;Cox5b;Cox6a1;Cox6b1;Cox6c;Cox7a2;Cox7b;Cox7c;Cox8a;Ndufa1;Ndufa10;Ndufa11;Ndufa12;Ndufa13;Ndufa2;Ndufa3;Ndufa4;Ndufa5;Ndufa6;Ndufa7;Ndufb3;Ndufb4;Ndufb7;Ndufc1;Ndufc2;Ndufs5;Ndufs6;Ndufv3;Plcb4;Uqcr10;Uqcr11;Uqcrb;Uqcrh;Uqcrq,
tissue__thymus,Alzheimer disease,Non-alcoholic fatty liver disease (NAFLD),0.6875,Cox5b;Cox6a1;Cox6b1;Cox6c;Cox7a2;Cox7b;Cox7c;Cox8a;Ndufa1;Ndufa10;Ndufa11;Ndufa12;Ndufa13;Ndufa2;Ndufa3;Ndufa4;Ndufa5;Ndufa6;Ndufa7;Ndufb3;Ndufb4;Ndufb7;Ndufb8;Ndufc1;Ndufc2;Ndufs5;Ndufs6;Ndufv3;Uqcr10;Uqcr11;Uqcrb;Uqcrh;Uqcrq,
tissue__thymus,Alzheimer disease,Thermogenesis,0.6730769230769231,Atp5e;Atp5h;Atp5j;Cox5b;Cox6a1;Cox6b1;Cox6c;Cox7a2;Cox7b;Cox7c;Cox8a;Ndufa1;Ndufa10;Ndufa11;Ndufa12;Ndufa13;Ndufa2;Ndufa3;Ndufa4;Ndufa5;Ndufa6;Ndufa7;Ndufb3;Ndufb4;Ndufb7;Ndufc1;Ndufc2;Ndufs5;Ndufs6;Ndufv3;Uqcr10;Uqcr11;Uqcrb;Uqcrh;Uqcrq,
tissue__thymus,Alzheimer disease,Cardiac muscle contraction,0.30952380952380953,Cox5b;Cox6a1;Cox6b1;Cox6c;Cox7a2;Cox7b;Cox7c;Cox8a;Uqcr10;Uqcr11;Uqcrb;Uqcrh;Uqcrq,
tissue__thymus,Parkinson disease,Retrograde endocannabinoid signaling,0.4523809523809524,Ndufa1;Ndufa10;Ndufa11;Ndufa12;Ndufa13;Ndufa2;Ndufa3;Ndufa4;Ndufa5;Ndufa6;Ndufa7;Ndufb3;Ndufb4;Ndufb7;Ndufc1;Ndufc2;Ndufs5;Ndufs6;Ndufv3,
tissue__thymus,Parkinson disease,Huntington disease,0.8333333333333334,Atp5e;Atp5h;Atp5j;Cox5b;Cox6a1;Cox6b1;Cox6c;Cox7a2;Cox7b;Cox7c;Cox8a;Ndufa1;Ndufa10;Ndufa11;Ndufa12;Ndufa13;Ndufa2;Ndufa3;Ndufa4;Ndufa5;Ndufa6;Ndufa7;Ndufb3;Ndufb4;Ndufb7;Ndufc1;Ndufc2;Ndufs5;Ndufs6;Ndufv3;Uqcr10;Uqcr11;Uqcrb;Uqcrh;Uqcrq,
tissue__thymus,Parkinson disease,Non-alcoholic fatty liver disease (NAFLD),0.7441860465116279,Cox5b;Cox6a1;Cox6b1;Cox6c;Cox7a2;Cox7b;Cox7c;Cox8a;Ndufa1;Ndufa10;Ndufa11;Ndufa12;Ndufa13;Ndufa2;Ndufa3;Ndufa4;Ndufa5;Ndufa6;Ndufa7;Ndufb3;Ndufb4;Ndufb7;Ndufc1;Ndufc2;Ndufs5;Ndufs6;Ndufv3;Uqcr10;Uqcr11;Uqcrb;Uqcrh;Uqcrq,
tissue__thymus,Parkinson disease,Thermogenesis,0.7608695652173914,Atp5e;Atp5h;Atp5j;Cox5b;Cox6a1;Cox6b1;Cox6c;Cox7a2;Cox7b;Cox7c;Cox8a;Ndufa1;Ndufa10;Ndufa11;Ndufa12;Ndufa13;Ndufa2;Ndufa3;Ndufa4;Ndufa5;Ndufa6;Ndufa7;Ndufb3;Ndufb4;Ndufb7;Ndufc1;Ndufc2;Ndufs5;Ndufs6;Ndufv3;Uqcr10;Uqcr11;Uqcrb;Uqcrh;Uqcrq,
tissue__thymus,Parkinson disease,Cardiac muscle contraction,0.3611111111111111,Cox5b;Cox6a1;Cox6b1;Cox6c;Cox7a2;Cox7b;Cox7c;Cox8a;Uqcr10;Uqcr11;Uqcrb;Uqcrh;Uqcrq,
tissue__thymus,Retrograde endocannabinoid signaling,Huntington disease,0.43478260869565216,Ndufa1;Ndufa10;Ndufa11;Ndufa12;Ndufa13;Ndufa2;Ndufa3;Ndufa4;Ndufa5;Ndufa6;Ndufa7;Ndufb3;Ndufb4;Ndufb7;Ndufc1;Ndufc2;Ndufs5;Ndufs6;Ndufv3;Plcb4,
tissue__thymus,Retrograde endocannabinoid signaling,Non-alcoholic fatty liver disease (NAFLD),0.4883720930232558,Mapk9;Ndufa1;Ndufa10;Ndufa11;Ndufa12;Ndufa13;Ndufa2;Ndufa3;Ndufa4;Ndufa5;Ndufa6;Ndufa7;Ndufb3;Ndufb4;Ndufb7;Ndufb8;Ndufc1;Ndufc2;Ndufs5;Ndufs6;Ndufv3,
tissue__thymus,Retrograde endocannabinoid signaling,Thermogenesis,0.37254901960784315,Ndufa1;Ndufa10;Ndufa11;Ndufa12;Ndufa13;Ndufa2;Ndufa3;Ndufa4;Ndufa5;Ndufa6;Ndufa7;Ndufb3;Ndufb4;Ndufb7;Ndufc1;Ndufc2;Ndufs5;Ndufs6;Ndufv3,
tissue__thymus,Retrograde endocannabinoid signaling,Cardiac muscle contraction,0.0,,
tissue__thymus,Huntington disease,Non-alcoholic fatty liver disease (NAFLD),0.6666666666666666,Cox5b;Cox6a1;Cox6b1;Cox6c;Cox7a2;Cox7b;Cox7c;Cox8a;Ndufa1;Ndufa10;Ndufa11;Ndufa12;Ndufa13;Ndufa2;Ndufa3;Ndufa4;Ndufa5;Ndufa6;Ndufa7;Ndufb3;Ndufb4;Ndufb7;Ndufc1;Ndufc2;Ndufs5;Ndufs6;Ndufv3;Uqcr10;Uqcr11;Uqcrb;Uqcrh;Uqcrq,
tissue__thymus,Huntington disease,Thermogenesis,0.72,Atp5e;Atp5h;Atp5j;Cox5b;Cox6a1;Cox6b1;Cox6c;Cox7a2;Cox7b;Cox7c;Cox8a;Creb3l2;Ndufa1;Ndufa10;Ndufa11;Ndufa12;Ndufa13;Ndufa2;Ndufa3;Ndufa4;Ndufa5;Ndufa6;Ndufa7;Ndufb3;Ndufb4;Ndufb7;Ndufc1;Ndufc2;Ndufs5;Ndufs6;Ndufv3;Uqcr10;Uqcr11;Uqcrb;Uqcrh;Uqcrq,
tissue__thymus,Huntington disease,Cardiac muscle contraction,0.3170731707317073,Cox5b;Cox6a1;Cox6b1;Cox6c;Cox7a2;Cox7b;Cox7c;Cox8a;Uqcr10;Uqcr11;Uqcrb;Uqcrh;Uqcrq,
tissue__thymus,Non-alcoholic fatty liver disease (NAFLD),Thermogenesis,0.6153846153846154,Cox5b;Cox6a1;Cox6b1;Cox6c;Cox7a2;Cox7b;Cox7c;Cox8a;Ndufa1;Ndufa10;Ndufa11;Ndufa12;Ndufa13;Ndufa2;Ndufa3;Ndufa4;Ndufa5;Ndufa6;Ndufa7;Ndufb3;Ndufb4;Ndufb7;Ndufc1;Ndufc2;Ndufs5;Ndufs6;Ndufv3;Uqcr10;Uqcr11;Uqcrb;Uqcrh;Uqcrq,
tissue__thymus,Non-alcoholic fatty liver disease (NAFLD),Cardiac muscle contraction,0.3333333333333333,Cox5b;Cox6a1;Cox6b1;Cox6c;Cox7a2;Cox7b;Cox7c;Cox8a;Uqcr10;Uqcr11;Uqcrb;Uqcrh;Uqcrq,
tissue__thymus,Thermogenesis,Cardiac muscle contraction,0.28888888888888886,Cox5b;Cox6a1;Cox6b1;Cox6c;Cox7a2;Cox7b;Cox7c;Cox8a;Uqcr10;Uqcr11;Uqcrb;Uqcrh;Uqcrq,
cluster_tissue__C2__thymus,Oxidative phosphorylation,Ribosome,0.0,,
cluster_tissue__C2__thymus,Oxidative phosphorylation,Alzheimer disease,0.6578947368421053,Atp5a1;Atp5c1;Atp5e;Atp5g1;Atp5g2;Atp5g3;Atp5h;Atp5j;Atp5o;Cox4i1;Cox5a;Cox5b;Cox6a1;Cox6b1;Cox6c;Cox7a2;Cox7a2l;Cox7b;Cox7c;Cox8a;Ndufa10;Ndufa12;Ndufa13;Ndufa2;Ndufa3;Ndufa4;Ndufa6;Ndufa8;Ndufab1;Ndufb10;Ndufb4;Ndufb5;Ndufb7;Ndufb8;Ndufb9;Ndufc1;Ndufc2;Ndufs3;Ndufs6;Ndufs7;Ndufv1;Ndufv2;Sdhc;Sdhd;Uqcr10;Uqcrb;Uqcrc1;Uqcrc2;Uqcrh;Uqcrq,
cluster_tissue__C2__thymus,Oxidative phosphorylation,Parkinson disease,0.78125,Atp5a1;Atp5c1;Atp5e;Atp5g1;Atp5g2;Atp5g3;Atp5h;Atp5j;Atp5o;Cox4i1;Cox5a;Cox5b;Cox6a1;Cox6b1;Cox6c;Cox7a2;Cox7a2l;Cox7b;Cox7c;Cox8a;Ndufa10;Ndufa12;Ndufa13;Ndufa2;Ndufa3;Ndufa4;Ndufa6;Ndufa8;Ndufab1;Ndufb10;Ndufb4;Ndufb5;Ndufb7;Ndufb8;Ndufb9;Ndufc1;Ndufc2;Ndufs3;Ndufs6;Ndufs7;Ndufv1;Ndufv2;Sdhc;Sdhd;Uqcr10;Uqcrb;Uqcrc1;Uqcrc2;Uqcrh;Uqcrq,
cluster_tissue__C2__thymus,Oxidative phosphorylation,Huntington disease,0.6097560975609756,Atp5a1;Atp5c1;Atp5e;Atp5g1;Atp5g2;Atp5g3;Atp5h;Atp5j;Atp5o;Cox4i1;Cox5a;Cox5b;Cox6a1;Cox6b1;Cox6c;Cox7a2;Cox7a2l;Cox7b;Cox7c;Cox8a;Ndufa10;Ndufa12;Ndufa13;Ndufa2;Ndufa3;Ndufa4;Ndufa6;Ndufa8;Ndufab1;Ndufb10;Ndufb4;Ndufb5;Ndufb7;Ndufb8;Ndufb9;Ndufc1;Ndufc2;Ndufs3;Ndufs6;Ndufs7;Ndufv1;Ndufv2;Sdhc;Sdhd;Uqcr10;Uqcrb;Uqcrc1;Uqcrc2;Uqcrh;Uqcrq,
cluster_tissue__C2__thymus,Oxidative phosphorylation,Cardiac muscle contraction,0.2698412698412698,Cox4i1;Cox5a;Cox5b;Cox6a1;Cox6b1;Cox6c;Cox7a2;Cox7a2l;Cox7b;Cox7c;Cox8a;Uqcr10;Uqcrb;Uqcrc1;Uqcrc2;Uqcrh;Uqcrq,
cluster_tissue__C2__thymus,Oxidative phosphorylation,Thermogenesis,0.6626506024096386,Atp5a1;Atp5c1;Atp5e;Atp5g1;Atp5g2;Atp5g3;Atp5h;Atp5j;Atp5j2;Atp5k;Atp5l;Atp5o;Cox10;Cox17;Cox4i1;Cox5a;Cox5b;Cox6a1;Cox6b1;Cox6c;Cox7a2;Cox7a2l;Cox7b;Cox7c;Cox8a;Ndufa10;Ndufa12;Ndufa13;Ndufa2;Ndufa3;Ndufa4;Ndufa6;Ndufa8;Ndufab1;Ndufb10;Ndufb4;Ndufb5;Ndufb7;Ndufb8;Ndufb9;Ndufc1;Ndufc2;Ndufs3;Ndufs6;Ndufs7;Ndufv1;Ndufv2;Sdhc;Sdhd;Uqcr10;Uqcrb;Uqcrc1;Uqcrc2;Uqcrh;Uqcrq,
cluster_tissue__C2__thymus,Oxidative phosphorylation,Non-alcoholic fatty liver disease (NAFLD),0.5857142857142857,Cox4i1;Cox5a;Cox5b;Cox6a1;Cox6b1;Cox6c;Cox7a2;Cox7a2l;Cox7b;Cox7c;Cox8a;Ndufa10;Ndufa12;Ndufa13;Ndufa2;Ndufa3;Ndufa4;Ndufa6;Ndufa8;Ndufab1;Ndufb10;Ndufb4;Ndufb5;Ndufb7;Ndufb8;Ndufb9;Ndufc1;Ndufc2;Ndufs3;Ndufs6;Ndufs7;Ndufv1;Ndufv2;Sdhc;Sdhd;Uqcr10;Uqcrb;Uqcrc1;Uqcrc2;Uqcrh;Uqcrq,
cluster_tissue__C2__thymus,Oxidative phosphorylation,Retrograde endocannabinoid signaling,0.275,Ndufa10;Ndufa12;Ndufa13;Ndufa2;Ndufa3;Ndufa4;Ndufa6;Ndufa8;Ndufab1;Ndufb10;Ndufb4;Ndufb5;Ndufb7;Ndufb8;Ndufb9;Ndufc1;Ndufc2;Ndufs3;Ndufs6;Ndufs7;Ndufv1;Ndufv2,
cluster_tissue__C2__thymus,Oxidative phosphorylation,Proteasome,0.0,,
cluster_tissue__C2__thymus,Ribosome,Alzheimer disease,0.0,,
cluster_tissue__C2__thymus,Ribosome,Parkinson disease,0.0,,
cluster_tissue__C2__thymus,Ribosome,Huntington disease,0.0,,
cluster_tissue__C2__thymus,Ribosome,Cardiac muscle contraction,0.0,,
cluster_tissue__C2__thymus,Ribosome,Thermogenesis,0.006493506493506494,Rps6,
cluster_tissue__C2__thymus,Ribosome,Non-alcoholic fatty liver disease (NAFLD),0.0,,
cluster_tissue__C2__thymus,Ribosome,Retrograde endocannabinoid signaling,0.0,,
cluster_tissue__C2__thymus,Ribosome,Proteasome,0.0,,
cluster_tissue__C2__thymus,Alzheimer disease,Parkinson disease,0.7352941176470589,Atp5a1;Atp5c1;Atp5e;Atp5g1;Atp5g2;Atp5g3;Atp5h;Atp5j;Atp5o;Cox4i1;Cox5a;Cox5b;Cox6a1;Cox6b1;Cox6c;Cox7a2;Cox7a2l;Cox7b;Cox7c;Cox8a;Ndufa10;Ndufa12;Ndufa13;Ndufa2;Ndufa3;Ndufa4;Ndufa6;Ndufa8;Ndufab1;Ndufb10;Ndufb4;Ndufb5;Ndufb7;Ndufb8;Ndufb9;Ndufc1;Ndufc2;Ndufs3;Ndufs6;Ndufs7;Ndufv1;Ndufv2;Sdhc;Sdhd;Uqcr10;Uqcrb;Uqcrc1;Uqcrc2;Uqcrh;Uqcrq,
cluster_tissue__C2__thymus,Alzheimer disease,Huntington disease,0.5813953488372093,Atp5a1;Atp5c1;Atp5e;Atp5g1;Atp5g2;Atp5g3;Atp5h;Atp5j;Atp5o;Cox4i1;Cox5a;Cox5b;Cox6a1;Cox6b1;Cox6c;Cox7a2;Cox7a2l;Cox7b;Cox7c;Cox8a;Ndufa10;Ndufa12;Ndufa13;Ndufa2;Ndufa3;Ndufa4;Ndufa6;Ndufa8;Ndufab1;Ndufb10;Ndufb4;Ndufb5;Ndufb7;Ndufb8;Ndufb9;Ndufc1;Ndufc2;Ndufs3;Ndufs6;Ndufs7;Ndufv1;Ndufv2;Sdhc;Sdhd;Uqcr10;Uqcrb;Uqcrc1;Uqcrc2;Uqcrh;Uqcrq,
cluster_tissue__C2__thymus,Alzheimer disease,Cardiac muscle contraction,0.2537313432835821,Cox4i1;Cox5a;Cox5b;Cox6a1;Cox6b1;Cox6c;Cox7a2;Cox7a2l;Cox7b;Cox7c;Cox8a;Uqcr10;Uqcrb;Uqcrc1;Uqcrc2;Uqcrh;Uqcrq,
cluster_tissue__C2__thymus,Alzheimer disease,Thermogenesis,0.5434782608695652,Atp5a1;Atp5c1;Atp5e;Atp5g1;Atp5g2;Atp5g3;Atp5h;Atp5j;Atp5o;Cox4i1;Cox5a;Cox5b;Cox6a1;Cox6b1;Cox6c;Cox7a2;Cox7a2l;Cox7b;Cox7c;Cox8a;Ndufa10;Ndufa12;Ndufa13;Ndufa2;Ndufa3;Ndufa4;Ndufa6;Ndufa8;Ndufab1;Ndufb10;Ndufb4;Ndufb5;Ndufb7;Ndufb8;Ndufb9;Ndufc1;Ndufc2;Ndufs3;Ndufs6;Ndufs7;Ndufv1;Ndufv2;Sdhc;Sdhd;Uqcr10;Uqcrb;Uqcrc1;Uqcrc2;Uqcrh;Uqcrq,
cluster_tissue__C2__thymus,Alzheimer disease,Non-alcoholic fatty liver disease (NAFLD),0.5753424657534246,Bid;Cox4i1;Cox5a;Cox5b;Cox6a1;Cox6b1;Cox6c;Cox7a2;Cox7a2l;Cox7b;Cox7c;Cox8a;Ndufa10;Ndufa12;Ndufa13;Ndufa2;Ndufa3;Ndufa4;Ndufa6;Ndufa8;Ndufab1;Ndufb10;Ndufb4;Ndufb5;Ndufb7;Ndufb8;Ndufb9;Ndufc1;Ndufc2;Ndufs3;Ndufs6;Ndufs7;Ndufv1;Ndufv2;Sdhc;Sdhd;Uqcr10;Uqcrb;Uqcrc1;Uqcrc2;Uqcrh;Uqcrq,
cluster_tissue__C2__thymus,Alzheimer disease,Retrograde endocannabinoid signaling,0.27710843373493976,Mapk3;Ndufa10;Ndufa12;Ndufa13;Ndufa2;Ndufa3;Ndufa4;Ndufa6;Ndufa8;Ndufab1;Ndufb10;Ndufb4;Ndufb5;Ndufb7;Ndufb8;Ndufb9;Ndufc1;Ndufc2;Ndufs3;Ndufs6;Ndufs7;Ndufv1;Ndufv2,
cluster_tissue__C2__thymus,Alzheimer disease,Proteasome,0.0,,
cluster_tissue__C2__thymus,Parkinson disease,Huntington disease,0.6986301369863014,Atp5a1;Atp5c1;Atp5e;Atp5g1;Atp5g2;Atp5g3;Atp5h;Atp5j;Atp5o;Cox4i1;Cox5a;Cox5b;Cox6a1;Cox6b1;Cox6c;Cox7a2;Cox7a2l;Cox7b;Cox7c;Cox8a;Ndufa10;Ndufa12;Ndufa13;Ndufa2;Ndufa3;Ndufa4;Ndufa6;Ndufa8;Ndufab1;Ndufb10;Ndufb4;Ndufb5;Ndufb7;Ndufb8;Ndufb9;Ndufc1;Ndufc2;Ndufs3;Ndufs6;Ndufs7;Ndufv1;Ndufv2;Sdhc;Sdhd;Slc25a4;Uqcr10;Uqcrb;Uqcrc1;Uqcrc2;Uqcrh;Uqcrq,
cluster_tissue__C2__thymus,Parkinson disease,Cardiac muscle contraction,0.3090909090909091,Cox4i1;Cox5a;Cox5b;Cox6a1;Cox6b1;Cox6c;Cox7a2;Cox7a2l;Cox7b;Cox7c;Cox8a;Uqcr10;Uqcrb;Uqcrc1;Uqcrc2;Uqcrh;Uqcrq,
cluster_tissue__C2__thymus,Parkinson disease,Thermogenesis,0.625,Atp5a1;Atp5c1;Atp5e;Atp5g1;Atp5g2;Atp5g3;Atp5h;Atp5j;Atp5o;Cox4i1;Cox5a;Cox5b;Cox6a1;Cox6b1;Cox6c;Cox7a2;Cox7a2l;Cox7b;Cox7c;Cox8a;Ndufa10;Ndufa12;Ndufa13;Ndufa2;Ndufa3;Ndufa4;Ndufa6;Ndufa8;Ndufab1;Ndufb10;Ndufb4;Ndufb5;Ndufb7;Ndufb8;Ndufb9;Ndufc1;Ndufc2;Ndufs3;Ndufs6;Ndufs7;Ndufv1;Ndufv2;Sdhc;Sdhd;Uqcr10;Uqcrb;Uqcrc1;Uqcrc2;Uqcrh;Uqcrq,
cluster_tissue__C2__thymus,Parkinson disease,Non-alcoholic fatty liver disease (NAFLD),0.6612903225806451,Cox4i1;Cox5a;Cox5b;Cox6a1;Cox6b1;Cox6c;Cox7a2;Cox7a2l;Cox7b;Cox7c;Cox8a;Ndufa10;Ndufa12;Ndufa13;Ndufa2;Ndufa3;Ndufa4;Ndufa6;Ndufa8;Ndufab1;Ndufb10;Ndufb4;Ndufb5;Ndufb7;Ndufb8;Ndufb9;Ndufc1;Ndufc2;Ndufs3;Ndufs6;Ndufs7;Ndufv1;Ndufv2;Sdhc;Sdhd;Uqcr10;Uqcrb;Uqcrc1;Uqcrc2;Uqcrh;Uqcrq,
cluster_tissue__C2__thymus,Parkinson disease,Retrograde endocannabinoid signaling,0.323943661971831,Gnai2;Ndufa10;Ndufa12;Ndufa13;Ndufa2;Ndufa3;Ndufa4;Ndufa6;Ndufa8;Ndufab1;Ndufb10;Ndufb4;Ndufb5;Ndufb7;Ndufb8;Ndufb9;Ndufc1;Ndufc2;Ndufs3;Ndufs6;Ndufs7;Ndufv1;Ndufv2,
cluster_tissue__C2__thymus,Parkinson disease,Proteasome,0.0,,
cluster_tissue__C2__thymus,Huntington disease,Cardiac muscle contraction,0.2328767123287671,Cox4i1;Cox5a;Cox5b;Cox6a1;Cox6b1;Cox6c;Cox7a2;Cox7a2l;Cox7b;Cox7c;Cox8a;Uqcr10;Uqcrb;Uqcrc1;Uqcrc2;Uqcrh;Uqcrq,
cluster_tissue__C2__thymus,Huntington disease,Thermogenesis,0.5257731958762887,Atp5a1;Atp5c1;Atp5e;Atp5g1;Atp5g2;Atp5g3;Atp5h;Atp5j;Atp5o;Cox4i1;Cox5a;Cox5b;Cox6a1;Cox6b1;Cox6c;Cox7a2;Cox7a2l;Cox7b;Cox7c;Cox8a;Ndufa10;Ndufa12;Ndufa13;Ndufa2;Ndufa3;Ndufa4;Ndufa6;Ndufa8;Ndufab1;Ndufb10;Ndufb4;Ndufb5;Ndufb6;Ndufb7;Ndufb8;Ndufb9;Ndufc1;Ndufc2;Ndufs3;Ndufs6;Ndufs7;Ndufv1;Ndufv2;Sdhc;Sdhd;Uqcr10;Uqcrb;Uqcrc1;Uqcrc2;Uqcrh;Uqcrq,
cluster_tissue__C2__thymus,Huntington disease,Non-alcoholic fatty liver disease (NAFLD),0.5512820512820513,Bax;Cox4i1;Cox5a;Cox5b;Cox6a1;Cox6b1;Cox6c;Cox7a2;Cox7a2l;Cox7b;Cox7c;Cox8a;Ndufa10;Ndufa12;Ndufa13;Ndufa2;Ndufa3;Ndufa4;Ndufa6;Ndufa8;Ndufab1;Ndufb10;Ndufb4;Ndufb5;Ndufb6;Ndufb7;Ndufb8;Ndufb9;Ndufc1;Ndufc2;Ndufs3;Ndufs6;Ndufs7;Ndufv1;Ndufv2;Sdhc;Sdhd;Uqcr10;Uqcrb;Uqcrc1;Uqcrc2;Uqcrh;Uqcrq,
cluster_tissue__C2__thymus,Huntington disease,Retrograde endocannabinoid signaling,0.25842696629213485,Ndufa10;Ndufa12;Ndufa13;Ndufa2;Ndufa3;Ndufa4;Ndufa6;Ndufa8;Ndufab1;Ndufb10;Ndufb4;Ndufb5;Ndufb6;Ndufb7;Ndufb8;Ndufb9;Ndufc1;Ndufc2;Ndufs3;Ndufs6;Ndufs7;Ndufv1;Ndufv2,
cluster_tissue__C2__thymus,Huntington disease,Proteasome,0.0,,
cluster_tissue__C2__thymus,Cardiac muscle contraction,Thermogenesis,0.21518987341772153,Cox4i1;Cox5a;Cox5b;Cox6a1;Cox6b1;Cox6c;Cox7a2;Cox7a2l;Cox7b;Cox7c;Cox8a;Uqcr10;Uqcrb;Uqcrc1;Uqcrc2;Uqcrh;Uqcrq,
cluster_tissue__C2__thymus,Cardiac muscle contraction,Non-alcoholic fatty liver disease (NAFLD),0.3269230769230769,Cox4i1;Cox5a;Cox5b;Cox6a1;Cox6b1;Cox6c;Cox7a2;Cox7a2l;Cox7b;Cox7c;Cox8a;Uqcr10;Uqcrb;Uqcrc1;Uqcrc2;Uqcrh;Uqcrq,
cluster_tissue__C2__thymus,Cardiac muscle contraction,Retrograde endocannabinoid signaling,0.0,,
cluster_tissue__C2__thymus,Cardiac muscle contraction,Proteasome,0.0,,
cluster_tissue__C2__thymus,Thermogenesis,Non-alcoholic fatty liver disease (NAFLD),0.5119047619047619,Cox4i1;Cox5a;Cox5b;Cox6a1;Cox6b1;Cox6c;Cox7a2;Cox7a2l;Cox7b;Cox7c;Cox8a;Map3k5;Ndufa10;Ndufa12;Ndufa13;Ndufa2;Ndufa3;Ndufa4;Ndufa6;Ndufa8;Ndufab1;Ndufb10;Ndufb4;Ndufb5;Ndufb6;Ndufb7;Ndufb8;Ndufb9;Ndufc1;Ndufc2;Ndufs3;Ndufs6;Ndufs7;Ndufv1;Ndufv2;Sdhc;Sdhd;Uqcr10;Uqcrb;Uqcrc1;Uqcrc2;Uqcrh;Uqcrq,
cluster_tissue__C2__thymus,Thermogenesis,Retrograde endocannabinoid signaling,0.2553191489361702,Adcy6;Ndufa10;Ndufa12;Ndufa13;Ndufa2;Ndufa3;Ndufa4;Ndufa6;Ndufa8;Ndufab1;Ndufb10;Ndufb4;Ndufb5;Ndufb6;Ndufb7;Ndufb8;Ndufb9;Ndufc1;Ndufc2;Ndufs3;Ndufs6;Ndufs7;Ndufv1;Ndufv2,
cluster_tissue__C2__thymus,Thermogenesis,Proteasome,0.0,,
cluster_tissue__C2__thymus,Non-alcoholic fatty liver disease (NAFLD),Retrograde endocannabinoid signaling,0.3582089552238806,Mapk8;Ndufa10;Ndufa12;Ndufa13;Ndufa2;Ndufa3;Ndufa4;Ndufa6;Ndufa8;Ndufab1;Ndufb10;Ndufb4;Ndufb5;Ndufb6;Ndufb7;Ndufb8;Ndufb9;Ndufc1;Ndufc2;Ndufs3;Ndufs6;Ndufs7;Ndufv1;Ndufv2,
cluster_tissue__C2__thymus,Non-alcoholic fatty liver disease (NAFLD),Proteasome,0.0,,
cluster_tissue__C2__thymus,Retrograde endocannabinoid signaling,Proteasome,0.0,,
cluster_tissue__C6__thymus,Ribosome,Oxidative phosphorylation,0.0,,
cluster_tissue__C6__thymus,Ribosome,Parkinson disease,0.0,,
cluster_tissue__C6__thymus,Ribosome,Alzheimer disease,0.0,,
cluster_tissue__C6__thymus,Ribosome,Non-alcoholic fatty liver disease (NAFLD),0.0,,
cluster_tissue__C6__thymus,Ribosome,Retrograde endocannabinoid signaling,0.0,,
cluster_tissue__C6__thymus,Ribosome,Huntington disease,0.0,,
cluster_tissue__C6__thymus,Ribosome,Thermogenesis,0.0,,
cluster_tissue__C6__thymus,Ribosome,Cardiac muscle contraction,0.0,,
cluster_tissue__C6__thymus,Oxidative phosphorylation,Parkinson disease,0.8611111111111112,Atp5e;Atp5j;Cox5b;Cox6b1;Cox6c;Cox7a2;Cox7b;Cox7c;Cox8a;Ndufa1;Ndufa11;Ndufa13;Ndufa2;Ndufa3;Ndufa4;Ndufa5;Ndufa6;Ndufa7;Ndufb3;Ndufb4;Ndufb7;Ndufc1;Ndufc2;Ndufs5;Ndufs6;Ndufv3;Uqcr10;Uqcr11;Uqcrb;Uqcrh;Uqcrq,
cluster_tissue__C6__thymus,Oxidative phosphorylation,Alzheimer disease,0.7948717948717948,Atp5e;Atp5j;Cox5b;Cox6b1;Cox6c;Cox7a2;Cox7b;Cox7c;Cox8a;Ndufa1;Ndufa11;Ndufa13;Ndufa2;Ndufa3;Ndufa4;Ndufa5;Ndufa6;Ndufa7;Ndufb3;Ndufb4;Ndufb7;Ndufc1;Ndufc2;Ndufs5;Ndufs6;Ndufv3;Uqcr10;Uqcr11;Uqcrb;Uqcrh;Uqcrq,
cluster_tissue__C6__thymus,Oxidative phosphorylation,Non-alcoholic fatty liver disease (NAFLD),0.5178571428571429,Cox5b;Cox6b1;Cox6c;Cox7a2;Cox7b;Cox7c;Cox8a;Ndufa1;Ndufa11;Ndufa13;Ndufa2;Ndufa3;Ndufa4;Ndufa5;Ndufa6;Ndufa7;Ndufb3;Ndufb4;Ndufb7;Ndufc1;Ndufc2;Ndufs5;Ndufs6;Ndufv3;Uqcr10;Uqcr11;Uqcrb;Uqcrh;Uqcrq,
cluster_tissue__C6__thymus,Oxidative phosphorylation,Retrograde endocannabinoid signaling,0.38636363636363635,Ndufa1;Ndufa11;Ndufa13;Ndufa2;Ndufa3;Ndufa4;Ndufa5;Ndufa6;Ndufa7;Ndufb3;Ndufb4;Ndufb7;Ndufc1;Ndufc2;Ndufs5;Ndufs6;Ndufv3,
cluster_tissue__C6__thymus,Oxidative phosphorylation,Huntington disease,0.7948717948717948,Atp5e;Atp5j;Cox5b;Cox6b1;Cox6c;Cox7a2;Cox7b;Cox7c;Cox8a;Ndufa1;Ndufa11;Ndufa13;Ndufa2;Ndufa3;Ndufa4;Ndufa5;Ndufa6;Ndufa7;Ndufb3;Ndufb4;Ndufb7;Ndufc1;Ndufc2;Ndufs5;Ndufs6;Ndufv3;Uqcr10;Uqcr11;Uqcrb;Uqcrh;Uqcrq,
cluster_tissue__C6__thymus,Oxidative phosphorylation,Thermogenesis,0.8974358974358975,Atp5e;Atp5j;Atp5j2;Atp5k;Atp5l;Cox17;Cox5b;Cox6b1;Cox6c;Cox7a2;Cox7b;Cox7c;Cox8a;Ndufa1;Ndufa11;Ndufa13;Ndufa2;Ndufa3;Ndufa4;Ndufa5;Ndufa6;Ndufa7;Ndufb3;Ndufb4;Ndufb7;Ndufc1;Ndufc2;Ndufs5;Ndufs6;Ndufv3;Uqcr10;Uqcr11;Uqcrb;Uqcrh;Uqcrq,
cluster_tissue__C6__thymus,Oxidative phosphorylation,Cardiac muscle contraction,0.3333333333333333,Cox5b;Cox6b1;Cox6c;Cox7a2;Cox7b;Cox7c;Cox8a;Uqcr10;Uqcr11;Uqcrb;Uqcrh;Uqcrq,
cluster_tissue__C6__thymus,Parkinson disease,Alzheimer disease,0.8611111111111112,Atp5e;Atp5j;Cox5b;Cox6b1;Cox6c;Cox7a2;Cox7b;Cox7c;Cox8a;Ndufa1;Ndufa11;Ndufa13;Ndufa2;Ndufa3;Ndufa4;Ndufa5;Ndufa6;Ndufa7;Ndufb3;Ndufb4;Ndufb7;Ndufc1;Ndufc2;Ndufs5;Ndufs6;Ndufv3;Uqcr10;Uqcr11;Uqcrb;Uqcrh;Uqcrq,
cluster_tissue__C6__thymus,Parkinson disease,Non-alcoholic fatty liver disease (NAFLD),0.5471698113207547,Cox5b;Cox6b1;Cox6c;Cox7a2;Cox7b;Cox7c;Cox8a;Ndufa1;Ndufa11;Ndufa13;Ndufa2;Ndufa3;Ndufa4;Ndufa5;Ndufa6;Ndufa7;Ndufb3;Ndufb4;Ndufb7;Ndufc1;Ndufc2;Ndufs5;Ndufs6;Ndufv3;Uqcr10;Uqcr11;Uqcrb;Uqcrh;Uqcrq,
cluster_tissue__C6__thymus,Parkinson disease,Retrograde endocannabinoid signaling,0.4146341463414634,Ndufa1;Ndufa11;Ndufa13;Ndufa2;Ndufa3;Ndufa4;Ndufa5;Ndufa6;Ndufa7;Ndufb3;Ndufb4;Ndufb7;Ndufc1;Ndufc2;Ndufs5;Ndufs6;Ndufv3,
cluster_tissue__C6__thymus,Parkinson disease,Huntington disease,0.8611111111111112,Atp5e;Atp5j;Cox5b;Cox6b1;Cox6c;Cox7a2;Cox7b;Cox7c;Cox8a;Ndufa1;Ndufa11;Ndufa13;Ndufa2;Ndufa3;Ndufa4;Ndufa5;Ndufa6;Ndufa7;Ndufb3;Ndufb4;Ndufb7;Ndufc1;Ndufc2;Ndufs5;Ndufs6;Ndufv3;Uqcr10;Uqcr11;Uqcrb;Uqcrh;Uqcrq,
cluster_tissue__C6__thymus,Parkinson disease,Thermogenesis,0.775,Atp5e;Atp5j;Cox5b;Cox6b1;Cox6c;Cox7a2;Cox7b;Cox7c;Cox8a;Ndufa1;Ndufa11;Ndufa13;Ndufa2;Ndufa3;Ndufa4;Ndufa5;Ndufa6;Ndufa7;Ndufb3;Ndufb4;Ndufb7;Ndufc1;Ndufc2;Ndufs5;Ndufs6;Ndufv3;Uqcr10;Uqcr11;Uqcrb;Uqcrh;Uqcrq,
cluster_tissue__C6__thymus,Parkinson disease,Cardiac muscle contraction,0.36363636363636365,Cox5b;Cox6b1;Cox6c;Cox7a2;Cox7b;Cox7c;Cox8a;Uqcr10;Uqcr11;Uqcrb;Uqcrh;Uqcrq,
cluster_tissue__C6__thymus,Alzheimer disease,Non-alcoholic fatty liver disease (NAFLD),0.5178571428571429,Cox5b;Cox6b1;Cox6c;Cox7a2;Cox7b;Cox7c;Cox8a;Ndufa1;Ndufa11;Ndufa13;Ndufa2;Ndufa3;Ndufa4;Ndufa5;Ndufa6;Ndufa7;Ndufb3;Ndufb4;Ndufb7;Ndufc1;Ndufc2;Ndufs5;Ndufs6;Ndufv3;Uqcr10;Uqcr11;Uqcrb;Uqcrh;Uqcrq,
cluster_tissue__C6__thymus,Alzheimer disease,Retrograde endocannabinoid signaling,0.4186046511627907,Mapk3;Ndufa1;Ndufa11;Ndufa13;Ndufa2;Ndufa3;Ndufa4;Ndufa5;Ndufa6;Ndufa7;Ndufb3;Ndufb4;Ndufb7;Ndufc1;Ndufc2;Ndufs5;Ndufs6;Ndufv3,
cluster_tissue__C6__thymus,Alzheimer disease,Huntington disease,0.7948717948717948,Atp5e;Atp5j;Cox5b;Cox6b1;Cox6c;Cox7a2;Cox7b;Cox7c;Cox8a;Ndufa1;Ndufa11;Ndufa13;Ndufa2;Ndufa3;Ndufa4;Ndufa5;Ndufa6;Ndufa7;Ndufb3;Ndufb4;Ndufb7;Ndufc1;Ndufc2;Ndufs5;Ndufs6;Ndufv3;Uqcr10;Uqcr11;Uqcrb;Uqcrh;Uqcrq,
cluster_tissue__C6__thymus,Alzheimer disease,Thermogenesis,0.7209302325581395,Atp5e;Atp5j;Cox5b;Cox6b1;Cox6c;Cox7a2;Cox7b;Cox7c;Cox8a;Ndufa1;Ndufa11;Ndufa13;Ndufa2;Ndufa3;Ndufa4;Ndufa5;Ndufa6;Ndufa7;Ndufb3;Ndufb4;Ndufb7;Ndufc1;Ndufc2;Ndufs5;Ndufs6;Ndufv3;Uqcr10;Uqcr11;Uqcrb;Uqcrh;Uqcrq,
cluster_tissue__C6__thymus,Alzheimer disease,Cardiac muscle contraction,0.3333333333333333,Cox5b;Cox6b1;Cox6c;Cox7a2;Cox7b;Cox7c;Cox8a;Uqcr10;Uqcr11;Uqcrb;Uqcrh;Uqcrq,
cluster_tissue__C6__thymus,Non-alcoholic fatty liver disease (NAFLD),Retrograde endocannabinoid signaling,0.38181818181818183,Mapk9;Ndufa1;Ndufa10;Ndufa11;Ndufa12;Ndufa13;Ndufa2;Ndufa3;Ndufa4;Ndufa5;Ndufa6;Ndufa7;Ndufb2;Ndufb3;Ndufb4;Ndufb7;Ndufc1;Ndufc2;Ndufs5;Ndufs6;Ndufv3,
cluster_tissue__C6__thymus,Non-alcoholic fatty liver disease (NAFLD),Huntington disease,0.5178571428571429,Cox5b;Cox6b1;Cox6c;Cox7a2;Cox7b;Cox7c;Cox8a;Ndufa1;Ndufa11;Ndufa13;Ndufa2;Ndufa3;Ndufa4;Ndufa5;Ndufa6;Ndufa7;Ndufb3;Ndufb4;Ndufb7;Ndufc1;Ndufc2;Ndufs5;Ndufs6;Ndufv3;Uqcr10;Uqcr11;Uqcrb;Uqcrh;Uqcrq,
cluster_tissue__C6__thymus,Non-alcoholic fatty liver disease (NAFLD),Thermogenesis,0.48333333333333334,Cox5b;Cox6b1;Cox6c;Cox7a2;Cox7b;Cox7c;Cox8a;Ndufa1;Ndufa11;Ndufa13;Ndufa2;Ndufa3;Ndufa4;Ndufa5;Ndufa6;Ndufa7;Ndufb3;Ndufb4;Ndufb7;Ndufc1;Ndufc2;Ndufs5;Ndufs6;Ndufv3;Uqcr10;Uqcr11;Uqcrb;Uqcrh;Uqcrq,
cluster_tissue__C6__thymus,Non-alcoholic fatty liver disease (NAFLD),Cardiac muscle contraction,0.26,Cox5b;Cox6a1;Cox6b1;Cox6c;Cox7a2;Cox7b;Cox7c;Cox8a;Uqcr10;Uqcr11;Uqcrb;Uqcrh;Uqcrq,
cluster_tissue__C6__thymus,Retrograde endocannabinoid signaling,Huntington disease,0.38636363636363635,Ndufa1;Ndufa11;Ndufa13;Ndufa2;Ndufa3;Ndufa4;Ndufa5;Ndufa6;Ndufa7;Ndufb3;Ndufb4;Ndufb7;Ndufc1;Ndufc2;Ndufs5;Ndufs6;Ndufv3,
cluster_tissue__C6__thymus,Retrograde endocannabinoid signaling,Thermogenesis,0.3541666666666667,Ndufa1;Ndufa11;Ndufa13;Ndufa2;Ndufa3;Ndufa4;Ndufa5;Ndufa6;Ndufa7;Ndufb3;Ndufb4;Ndufb7;Ndufc1;Ndufc2;Ndufs5;Ndufs6;Ndufv3,
cluster_tissue__C6__thymus,Retrograde endocannabinoid signaling,Cardiac muscle contraction,0.0,,
cluster_tissue__C6__thymus,Huntington disease,Thermogenesis,0.7209302325581395,Atp5e;Atp5j;Cox5b;Cox6b1;Cox6c;Cox7a2;Cox7b;Cox7c;Cox8a;Ndufa1;Ndufa11;Ndufa13;Ndufa2;Ndufa3;Ndufa4;Ndufa5;Ndufa6;Ndufa7;Ndufb3;Ndufb4;Ndufb7;Ndufc1;Ndufc2;Ndufs5;Ndufs6;Ndufv3;Uqcr10;Uqcr11;Uqcrb;Uqcrh;Uqcrq,
cluster_tissue__C6__thymus,Huntington disease,Cardiac muscle contraction,0.3333333333333333,Cox5b;Cox6b1;Cox6c;Cox7a2;Cox7b;Cox7c;Cox8a;Uqcr10;Uqcr11;Uqcrb;Uqcrh;Uqcrq,
cluster_tissue__C6__thymus,Thermogenesis,Cardiac muscle contraction,0.3,Cox5b;Cox6b1;Cox6c;Cox7a2;Cox7b;Cox7c;Cox8a;Uqcr10;Uqcr11;Uqcrb;Uqcrh;Uqcrq,
