sample,tissue,condition,cluster_c5_split_20260830,n,detection_fraction,mean_log1p,gene
Ctrl_Thymus,thymus,Ctrl,C1,2,0.0,0.0,Ahr
Ctrl_Thymus,thymus,Ctrl,C2,64,0.078125,0.19630874134600163,Ahr
Ctrl_Thymus,thymus,Ctrl,C4,14,0.07142857142857142,0.10053115231650216,Ahr
Ctrl_Thymus,thymus,Ctrl,C5-1,9,0.0,0.0,Ahr
Ctrl_Thymus,thymus,Ctrl,C5-2,11,0.36363636363636365,0.4219268018549139,Ahr
Ctrl_Thymus,thymus,Ctrl,C6,1227,0.10513447432762836,0.11969674255367985,Ahr
Ctrl_Thymus,thymus,Ctrl,C7,45,0.022222222222222223,0.038016594780815975,Ahr
Ctrl_BM,bone_marrow,Ctrl,C0,2533,0.0094749309119621,0.011030008846528437,Ahr
Ctrl_BM,bone_marrow,Ctrl,C1,46,0.043478260869565216,0.05089755161948826,Ahr
Ctrl_BM,bone_marrow,Ctrl,C2,78,0.02564102564102564,0.058671110715621554,Ahr
Ctrl_BM,bone_marrow,Ctrl,C3,236,0.00423728813559322,0.004655701629186081,Ahr
Ctrl_BM,bone_marrow,Ctrl,C4,244,0.03278688524590164,0.035341391065081613,Ahr
Ctrl_BM,bone_marrow,Ctrl,C5-1,124,0.024193548387096774,0.026242965652096654,Ahr
Ctrl_BM,bone_marrow,Ctrl,C5-2,104,0.038461538461538464,0.038730562306367435,Ahr
Ctrl_BM,bone_marrow,Ctrl,C6,14,0.14285714285714285,0.1769218615123204,Ahr
Ctrl_Spleen,spleen,Ctrl,C0,97,0.010309278350515464,0.01005294826841846,Ahr
Ctrl_Spleen,spleen,Ctrl,C1,36,0.05555555555555555,0.07065964738527934,Ahr
Ctrl_Spleen,spleen,Ctrl,C2,45,0.0,0.0,Ahr
Ctrl_Spleen,spleen,Ctrl,C3,2762,0.029688631426502535,0.039114961690612675,Ahr
Ctrl_Spleen,spleen,Ctrl,C4,196,0.03571428571428571,0.0378466935790315,Ahr
Ctrl_Spleen,spleen,Ctrl,C5-1,239,0.016736401673640166,0.017735880289117663,Ahr
Ctrl_Spleen,spleen,Ctrl,C5-2,28,0.10714285714285714,0.11988481027739388,Ahr
Ctrl_Spleen,spleen,Ctrl,C6,16,0.1875,0.201846182346344,Ahr
Ctrl_Spleen,spleen,Ctrl,C7,3,0.0,0.0,Ahr
T2_Thymus,thymus,T2,C0,20,0.05,0.06534485220909118,Ahr
T2_Thymus,thymus,T2,C1,1,0.0,0.0,Ahr
T2_Thymus,thymus,T2,C2,50,0.1,0.23177339553833007,Ahr
T2_Thymus,thymus,T2,C3,7,0.0,0.0,Ahr
T2_Thymus,thymus,T2,C4,2,0.0,0.0,Ahr
T2_Thymus,thymus,T2,C5-1,10,0.0,0.0,Ahr
T2_Thymus,thymus,T2,C5-2,36,0.08333333333333333,0.09084215097957188,Ahr
T2_Thymus,thymus,T2,C6,1087,0.10763569457221711,0.13030643077102844,Ahr
T2_Thymus,thymus,T2,C7,44,0.0,0.0,Ahr
T2_BM,bone_marrow,T2,C0,2090,0.019138755980861243,0.022713253058885274,Ahr
T2_BM,bone_marrow,T2,C1,32,0.03125,0.0314096175134182,Ahr
T2_BM,bone_marrow,T2,C2,67,0.0,0.0,Ahr
T2_BM,bone_marrow,T2,C3,115,0.034782608695652174,0.04387579482534657,Ahr
T2_BM,bone_marrow,T2,C4,223,0.053811659192825115,0.06321282638028064,Ahr
T2_BM,bone_marrow,T2,C5-1,85,0.07058823529411765,0.07831298182992374,Ahr
T2_BM,bone_marrow,T2,C5-2,96,0.09375,0.09345092748602231,Ahr
T2_BM,bone_marrow,T2,C6,23,0.13043478260869565,0.1246606707572937,Ahr
T2_Spleen,spleen,T2,C0,88,0.022727272727272728,0.023263780908151108,Ahr
T2_Spleen,spleen,T2,C1,45,0.0,0.0,Ahr
T2_Spleen,spleen,T2,C2,74,0.02702702702702703,0.06420607502396042,Ahr
T2_Spleen,spleen,T2,C3,2557,0.027766914352757136,0.03537479762132158,Ahr
T2_Spleen,spleen,T2,C4,208,0.009615384615384616,0.012110545658148252,Ahr
T2_Spleen,spleen,T2,C5-1,345,0.008695652173913044,0.007590003462805264,Ahr
T2_Spleen,spleen,T2,C5-2,42,0.047619047619047616,0.06334012462979272,Ahr
T2_Spleen,spleen,T2,C6,12,0.0,0.0,Ahr
Ctrl_Thymus,thymus,Ctrl,C1,2,0.0,0.0,Bcl2a1d
Ctrl_Thymus,thymus,Ctrl,C2,64,0.0,0.0,Bcl2a1d
Ctrl_Thymus,thymus,Ctrl,C4,14,0.14285714285714285,0.200140118598938,Bcl2a1d
Ctrl_Thymus,thymus,Ctrl,C5-1,9,0.3333333333333333,0.4077477587593926,Bcl2a1d
Ctrl_Thymus,thymus,Ctrl,C5-2,11,0.5454545454545454,0.5278946269642223,Bcl2a1d
Ctrl_Thymus,thymus,Ctrl,C6,1227,0.23634881825590873,0.27661151918047505,Bcl2a1d
Ctrl_Thymus,thymus,Ctrl,C7,45,0.022222222222222223,0.04075112342834473,Bcl2a1d
Ctrl_BM,bone_marrow,Ctrl,C0,2533,0.2159494670351362,0.26985827821354313,Bcl2a1d
Ctrl_BM,bone_marrow,Ctrl,C1,46,0.30434782608695654,0.3728231709936391,Bcl2a1d
Ctrl_BM,bone_marrow,Ctrl,C2,78,0.038461538461538464,0.10350853968889286,Bcl2a1d
Ctrl_BM,bone_marrow,Ctrl,C3,236,0.3516949152542373,0.49994754286135656,Bcl2a1d
Ctrl_BM,bone_marrow,Ctrl,C4,244,0.06557377049180328,0.0748983235632787,Bcl2a1d
Ctrl_BM,bone_marrow,Ctrl,C5-1,124,0.1774193548387097,0.2043472788026256,Bcl2a1d
Ctrl_BM,bone_marrow,Ctrl,C5-2,104,0.2980769230769231,0.34425147393575084,Bcl2a1d
Ctrl_BM,bone_marrow,Ctrl,C6,14,0.14285714285714285,0.1343170234135219,Bcl2a1d
Ctrl_Spleen,spleen,Ctrl,C0,97,0.25773195876288657,0.3394710673499353,Bcl2a1d
Ctrl_Spleen,spleen,Ctrl,C1,36,0.3888888888888889,0.5426063620381885,Bcl2a1d
Ctrl_Spleen,spleen,Ctrl,C2,45,0.044444444444444446,0.08120186593797472,Bcl2a1d
Ctrl_Spleen,spleen,Ctrl,C3,2762,0.25923244026068065,0.3423063563402799,Bcl2a1d
Ctrl_Spleen,spleen,Ctrl,C4,196,0.12755102040816327,0.15650931304814863,Bcl2a1d
Ctrl_Spleen,spleen,Ctrl,C5-1,239,0.2928870292887029,0.32847561447191437,Bcl2a1d
Ctrl_Spleen,spleen,Ctrl,C5-2,28,0.35714285714285715,0.3842502789837973,Bcl2a1d
Ctrl_Spleen,spleen,Ctrl,C6,16,0.1875,0.28068757802248,Bcl2a1d
Ctrl_Spleen,spleen,Ctrl,C7,3,0.0,0.0,Bcl2a1d
T2_Thymus,thymus,T2,C0,20,0.35,0.4802502155303955,Bcl2a1d
T2_Thymus,thymus,T2,C1,1,0.0,0.0,Bcl2a1d
T2_Thymus,thymus,T2,C2,50,0.12,0.21965320348739625,Bcl2a1d
T2_Thymus,thymus,T2,C3,7,0.42857142857142855,0.5872878006526402,Bcl2a1d
T2_Thymus,thymus,T2,C4,2,0.5,0.7135455012321472,Bcl2a1d
T2_Thymus,thymus,T2,C5-1,10,0.5,0.5298184514045715,Bcl2a1d
T2_Thymus,thymus,T2,C5-2,36,0.4166666666666667,0.4856451286209954,Bcl2a1d
T2_Thymus,thymus,T2,C6,1087,0.2778288868445262,0.32918249886301315,Bcl2a1d
T2_Thymus,thymus,T2,C7,44,0.022727272727272728,0.03213092413815585,Bcl2a1d
T2_BM,bone_marrow,T2,C0,2090,0.23875598086124403,0.29682697562509747,Bcl2a1d
T2_BM,bone_marrow,T2,C1,32,0.21875,0.2763195149600506,Bcl2a1d
T2_BM,bone_marrow,T2,C2,67,0.07462686567164178,0.14078067487745144,Bcl2a1d
T2_BM,bone_marrow,T2,C3,115,0.3217391304347826,0.463548014993253,Bcl2a1d
T2_BM,bone_marrow,T2,C4,223,0.11659192825112108,0.12999216617490145,Bcl2a1d
T2_BM,bone_marrow,T2,C5-1,85,0.27058823529411763,0.3013565322932075,Bcl2a1d
T2_BM,bone_marrow,T2,C5-2,96,0.3020833333333333,0.3436699795226256,Bcl2a1d
T2_BM,bone_marrow,T2,C6,23,0.08695652173913043,0.09973829207213028,Bcl2a1d
T2_Spleen,spleen,T2,C0,88,0.22727272727272727,0.2633856094696305,Bcl2a1d
T2_Spleen,spleen,T2,C1,45,0.35555555555555557,0.44357855717341105,Bcl2a1d
T2_Spleen,spleen,T2,C2,74,0.22972972972972974,0.3782901635041108,Bcl2a1d
T2_Spleen,spleen,T2,C3,2557,0.28157997653500194,0.37407572846604736,Bcl2a1d
T2_Spleen,spleen,T2,C4,208,0.09615384615384616,0.1142452319081013,Bcl2a1d
T2_Spleen,spleen,T2,C5-1,345,0.2985507246376812,0.33622994474742723,Bcl2a1d
T2_Spleen,spleen,T2,C5-2,42,0.3333333333333333,0.3759620799904778,Bcl2a1d
T2_Spleen,spleen,T2,C6,12,0.25,0.2622671127319336,Bcl2a1d
Ctrl_Thymus,thymus,Ctrl,C1,2,0.5,0.7775462865829468,Bcl2l11
Ctrl_Thymus,thymus,Ctrl,C2,64,0.140625,0.3960176110267639,Bcl2l11
Ctrl_Thymus,thymus,Ctrl,C4,14,0.14285714285714285,0.23832149165017263,Bcl2l11
Ctrl_Thymus,thymus,Ctrl,C5-1,9,0.0,0.0,Bcl2l11
Ctrl_Thymus,thymus,Ctrl,C5-2,11,0.18181818181818182,0.16637170314788818,Bcl2l11
Ctrl_Thymus,thymus,Ctrl,C6,1227,0.1687041564792176,0.19394513563888288,Bcl2l11
Ctrl_Thymus,thymus,Ctrl,C7,45,0.24444444444444444,0.4417517476611667,Bcl2l11
Ctrl_BM,bone_marrow,Ctrl,C0,2533,0.15396762731938413,0.1991210329264367,Bcl2l11
Ctrl_BM,bone_marrow,Ctrl,C1,46,0.17391304347826086,0.20363569518794183,Bcl2l11
Ctrl_BM,bone_marrow,Ctrl,C2,78,0.038461538461538464,0.09353456436059414,Bcl2l11
Ctrl_BM,bone_marrow,Ctrl,C3,236,0.3008474576271186,0.4178559282573603,Bcl2l11
Ctrl_BM,bone_marrow,Ctrl,C4,244,0.18442622950819673,0.2093331877325402,Bcl2l11
Ctrl_BM,bone_marrow,Ctrl,C5-1,124,0.11290322580645161,0.1295667290687561,Bcl2l11
Ctrl_BM,bone_marrow,Ctrl,C5-2,104,0.10576923076923077,0.11377330869436264,Bcl2l11
Ctrl_BM,bone_marrow,Ctrl,C6,14,0.07142857142857142,0.0767345939363752,Bcl2l11
Ctrl_Spleen,spleen,Ctrl,C0,97,0.15463917525773196,0.224494471992414,Bcl2l11
Ctrl_Spleen,spleen,Ctrl,C1,36,0.08333333333333333,0.09958383606539832,Bcl2l11
Ctrl_Spleen,spleen,Ctrl,C2,45,0.044444444444444446,0.09942875968085395,Bcl2l11
Ctrl_Spleen,spleen,Ctrl,C3,2762,0.14228819695872555,0.18804769473693925,Bcl2l11
Ctrl_Spleen,spleen,Ctrl,C4,196,0.11224489795918367,0.13672611512699906,Bcl2l11
Ctrl_Spleen,spleen,Ctrl,C5-1,239,0.06694560669456066,0.0750441172132931,Bcl2l11
Ctrl_Spleen,spleen,Ctrl,C5-2,28,0.14285714285714285,0.1676355344908578,Bcl2l11
Ctrl_Spleen,spleen,Ctrl,C6,16,0.1875,0.25615716725587845,Bcl2l11
Ctrl_Spleen,spleen,Ctrl,C7,3,0.0,0.0,Bcl2l11
T2_Thymus,thymus,T2,C0,20,0.2,0.2826158344745636,Bcl2l11
T2_Thymus,thymus,T2,C1,1,0.0,0.0,Bcl2l11
T2_Thymus,thymus,T2,C2,50,0.12,0.2970388865470886,Bcl2l11
T2_Thymus,thymus,T2,C3,7,0.8571428571428571,1.2475864035742623,Bcl2l11
T2_Thymus,thymus,T2,C4,2,0.5,0.49088388681411743,Bcl2l11
T2_Thymus,thymus,T2,C5-1,10,0.1,0.07758017182350159,Bcl2l11
T2_Thymus,thymus,T2,C5-2,36,0.1388888888888889,0.14050239655706617,Bcl2l11
T2_Thymus,thymus,T2,C6,1087,0.19135234590616376,0.2272740249361812,Bcl2l11
T2_Thymus,thymus,T2,C7,44,0.3409090909090909,0.6303908960385756,Bcl2l11
T2_BM,bone_marrow,T2,C0,2090,0.13875598086124402,0.17497159798749895,Bcl2l11
T2_BM,bone_marrow,T2,C1,32,0.15625,0.20659441873431206,Bcl2l11
T2_BM,bone_marrow,T2,C2,67,0.07462686567164178,0.16876014666770822,Bcl2l11
T2_BM,bone_marrow,T2,C3,115,0.25217391304347825,0.40003089023673016,Bcl2l11
T2_BM,bone_marrow,T2,C4,223,0.13004484304932734,0.14618931543666686,Bcl2l11
T2_BM,bone_marrow,T2,C5-1,85,0.11764705882352941,0.12972699614132152,Bcl2l11
T2_BM,bone_marrow,T2,C5-2,96,0.09375,0.10061988048255444,Bcl2l11
T2_BM,bone_marrow,T2,C6,23,0.08695652173913043,0.09749564917191215,Bcl2l11
T2_Spleen,spleen,T2,C0,88,0.10227272727272728,0.124893265014345,Bcl2l11
T2_Spleen,spleen,T2,C1,45,0.08888888888888889,0.1059902548789978,Bcl2l11
T2_Spleen,spleen,T2,C2,74,0.06756756756756757,0.14071259949658368,Bcl2l11
T2_Spleen,spleen,T2,C3,2557,0.13257723895189674,0.16976724313859787,Bcl2l11
T2_Spleen,spleen,T2,C4,208,0.10576923076923077,0.12475432885380891,Bcl2l11
T2_Spleen,spleen,T2,C5-1,345,0.07246376811594203,0.0770600273989249,Bcl2l11
T2_Spleen,spleen,T2,C5-2,42,0.07142857142857142,0.07292983929316203,Bcl2l11
T2_Spleen,spleen,T2,C6,12,0.08333333333333333,0.11015243331591289,Bcl2l11
Ctrl_Thymus,thymus,Ctrl,C1,2,0.5,0.7896273136138916,Cd27
Ctrl_Thymus,thymus,Ctrl,C2,64,0.28125,0.7317744009196758,Cd27
Ctrl_Thymus,thymus,Ctrl,C4,14,0.6428571428571429,1.0493417807987757,Cd27
Ctrl_Thymus,thymus,Ctrl,C5-1,9,0.8888888888888888,1.3757980465888977,Cd27
Ctrl_Thymus,thymus,Ctrl,C5-2,11,0.09090909090909091,0.08494222164154053,Cd27
Ctrl_Thymus,thymus,Ctrl,C6,1227,0.6365118174409128,0.8787007680149125,Cd27
Ctrl_Thymus,thymus,Ctrl,C7,45,0.8444444444444444,1.9265797429614597,Cd27
Ctrl_BM,bone_marrow,Ctrl,C0,2533,0.6150809317015397,0.904002271548496,Cd27
Ctrl_BM,bone_marrow,Ctrl,C1,46,0.5869565217391305,0.7942579207213029,Cd27
Ctrl_BM,bone_marrow,Ctrl,C2,78,0.34615384615384615,0.8465620691959674,Cd27
Ctrl_BM,bone_marrow,Ctrl,C3,236,0.5,0.724656025989581,Cd27
Ctrl_BM,bone_marrow,Ctrl,C4,244,0.6762295081967213,1.0288669432772966,Cd27
Ctrl_BM,bone_marrow,Ctrl,C5-1,124,0.7419354838709677,1.1348969080755789,Cd27
Ctrl_BM,bone_marrow,Ctrl,C5-2,104,0.36538461538461536,0.4311110085019699,Cd27
Ctrl_BM,bone_marrow,Ctrl,C6,14,0.5714285714285714,0.7884806990623474,Cd27
Ctrl_Spleen,spleen,Ctrl,C0,97,0.6082474226804123,0.9444862751616645,Cd27
Ctrl_Spleen,spleen,Ctrl,C1,36,0.4444444444444444,0.6925283471743265,Cd27
Ctrl_Spleen,spleen,Ctrl,C2,45,0.2222222222222222,0.5521500666936239,Cd27
Ctrl_Spleen,spleen,Ctrl,C3,2762,0.5966690803765388,0.9023090854319518,Cd27
Ctrl_Spleen,spleen,Ctrl,C4,196,0.6887755102040817,1.0774049521708975,Cd27
Ctrl_Spleen,spleen,Ctrl,C5-1,239,0.799163179916318,1.1926329966369533,Cd27
Ctrl_Spleen,spleen,Ctrl,C5-2,28,0.32142857142857145,0.37299211749008726,Cd27
Ctrl_Spleen,spleen,Ctrl,C6,16,0.8125,1.1943463794887066,Cd27
Ctrl_Spleen,spleen,Ctrl,C7,3,0.0,0.0,Cd27
T2_Thymus,thymus,T2,C0,20,0.6,0.9546423554420471,Cd27
T2_Thymus,thymus,T2,C1,1,0.0,0.0,Cd27
T2_Thymus,thymus,T2,C2,50,0.38,0.9892394566535949,Cd27
T2_Thymus,thymus,T2,C3,7,0.5714285714285714,0.8999221835817609,Cd27
T2_Thymus,thymus,T2,C4,2,0.5,0.8965052366256714,Cd27
T2_Thymus,thymus,T2,C5-1,10,0.7,0.9228395402431488,Cd27
T2_Thymus,thymus,T2,C5-2,36,0.4722222222222222,0.6000270860062705,Cd27
T2_Thymus,thymus,T2,C6,1087,0.6568537258509659,0.9363315612653471,Cd27
T2_Thymus,thymus,T2,C7,44,0.6818181818181818,1.5337680253115566,Cd27
T2_BM,bone_marrow,T2,C0,2090,0.5942583732057416,0.8546199320035688,Cd27
T2_BM,bone_marrow,T2,C1,32,0.6875,1.0805937349796295,Cd27
T2_BM,bone_marrow,T2,C2,67,0.3283582089552239,0.7848639078994295,Cd27
T2_BM,bone_marrow,T2,C3,115,0.5130434782608696,0.7448247246120288,Cd27
T2_BM,bone_marrow,T2,C4,223,0.6502242152466368,0.9207601402907094,Cd27
T2_BM,bone_marrow,T2,C5-1,85,0.7529411764705882,1.1193666535265305,Cd27
T2_BM,bone_marrow,T2,C5-2,96,0.40625,0.5043392106890678,Cd27
T2_BM,bone_marrow,T2,C6,23,0.6521739130434783,0.915037012618521,Cd27
T2_Spleen,spleen,T2,C0,88,0.6022727272727273,0.8667240894653581,Cd27
T2_Spleen,spleen,T2,C1,45,0.5111111111111111,0.7189051296975878,Cd27
T2_Spleen,spleen,T2,C2,74,0.28378378378378377,0.5758774651063455,Cd27
T2_Spleen,spleen,T2,C3,2557,0.5588580367618303,0.8303221872088776,Cd27
T2_Spleen,spleen,T2,C4,208,0.7115384615384616,1.0315798870646036,Cd27
T2_Spleen,spleen,T2,C5-1,345,0.7913043478260869,1.102059248910434,Cd27
T2_Spleen,spleen,T2,C5-2,42,0.2857142857142857,0.3398102819919586,Cd27
T2_Spleen,spleen,T2,C6,12,0.4166666666666667,0.5745832473039627,Cd27
Ctrl_Thymus,thymus,Ctrl,C1,2,0.0,0.0,Cd4
Ctrl_Thymus,thymus,Ctrl,C2,64,0.078125,0.18763689510524273,Cd4
Ctrl_Thymus,thymus,Ctrl,C4,14,0.0,0.0,Cd4
Ctrl_Thymus,thymus,Ctrl,C5-1,9,0.1111111111111111,0.09463794363869561,Cd4
Ctrl_Thymus,thymus,Ctrl,C5-2,11,0.0,0.0,Cd4
Ctrl_Thymus,thymus,Ctrl,C6,1227,0.08883455582722087,0.09879309463617562,Cd4
Ctrl_Thymus,thymus,Ctrl,C7,45,0.4222222222222222,0.9052488101853264,Cd4
Ctrl_BM,bone_marrow,Ctrl,C0,2533,0.15949467035136203,0.19541665959913554,Cd4
Ctrl_BM,bone_marrow,Ctrl,C1,46,0.1956521739130435,0.23597601833550827,Cd4
Ctrl_BM,bone_marrow,Ctrl,C2,78,0.05128205128205128,0.1131898867778289,Cd4
Ctrl_BM,bone_marrow,Ctrl,C3,236,0.2245762711864407,0.29450057446956635,Cd4
Ctrl_BM,bone_marrow,Ctrl,C4,244,0.020491803278688523,0.022375753424206717,Cd4
Ctrl_BM,bone_marrow,Ctrl,C5-1,124,0.27419354838709675,0.3369480722373532,Cd4
Ctrl_BM,bone_marrow,Ctrl,C5-2,104,0.019230769230769232,0.02047840104653285,Cd4
Ctrl_BM,bone_marrow,Ctrl,C6,14,0.0,0.0,Cd4
Ctrl_Spleen,spleen,Ctrl,C0,97,0.16494845360824742,0.2072230085884173,Cd4
Ctrl_Spleen,spleen,Ctrl,C1,36,0.2777777777777778,0.3383780022462209,Cd4
Ctrl_Spleen,spleen,Ctrl,C2,45,0.0,0.0,Cd4
Ctrl_Spleen,spleen,Ctrl,C3,2762,0.2052860246198407,0.2699259824074325,Cd4
Ctrl_Spleen,spleen,Ctrl,C4,196,0.04591836734693878,0.05762642865278283,Cd4
Ctrl_Spleen,spleen,Ctrl,C5-1,239,0.28451882845188287,0.3276916295913473,Cd4
Ctrl_Spleen,spleen,Ctrl,C5-2,28,0.10714285714285714,0.10677826191697802,Cd4
Ctrl_Spleen,spleen,Ctrl,C6,16,0.0,0.0,Cd4
Ctrl_Spleen,spleen,Ctrl,C7,3,0.6666666666666666,1.8605902194976807,Cd4
T2_Thymus,thymus,T2,C0,20,0.25,0.40667109489440917,Cd4
T2_Thymus,thymus,T2,C1,1,0.0,0.0,Cd4
T2_Thymus,thymus,T2,C2,50,0.0,0.0,Cd4
T2_Thymus,thymus,T2,C3,7,0.0,0.0,Cd4
T2_Thymus,thymus,T2,C4,2,0.0,0.0,Cd4
T2_Thymus,thymus,T2,C5-1,10,0.3,0.3593554198741913,Cd4
T2_Thymus,thymus,T2,C5-2,36,0.08333333333333333,0.08720890680948894,Cd4
T2_Thymus,thymus,T2,C6,1087,0.10855565777368906,0.12134644863467317,Cd4
T2_Thymus,thymus,T2,C7,44,0.5454545454545454,1.1259907511147587,Cd4
T2_BM,bone_marrow,T2,C0,2090,0.14354066985645933,0.17540694894402792,Cd4
T2_BM,bone_marrow,T2,C1,32,0.15625,0.18649664521217346,Cd4
T2_BM,bone_marrow,T2,C2,67,0.07462686567164178,0.17175344388876387,Cd4
T2_BM,bone_marrow,T2,C3,115,0.20869565217391303,0.2752711674441462,Cd4
T2_BM,bone_marrow,T2,C4,223,0.03139013452914798,0.032084314277888416,Cd4
T2_BM,bone_marrow,T2,C5-1,85,0.3411764705882353,0.4058125082184287,Cd4
T2_BM,bone_marrow,T2,C5-2,96,0.010416666666666666,0.009805881728728613,Cd4
T2_BM,bone_marrow,T2,C6,23,0.043478260869565216,0.04995840010435685,Cd4
T2_Spleen,spleen,T2,C0,88,0.19318181818181818,0.2338219623674046,Cd4
T2_Spleen,spleen,T2,C1,45,0.13333333333333333,0.14609825081295438,Cd4
T2_Spleen,spleen,T2,C2,74,0.12162162162162163,0.28762494067888,Cd4
T2_Spleen,spleen,T2,C3,2557,0.2135314822057098,0.27766277520135363,Cd4
T2_Spleen,spleen,T2,C4,208,0.019230769230769232,0.023702087310644295,Cd4
T2_Spleen,spleen,T2,C5-1,345,0.28405797101449276,0.31154661610506584,Cd4
T2_Spleen,spleen,T2,C5-2,42,0.023809523809523808,0.026349448022388276,Cd4
T2_Spleen,spleen,T2,C6,12,0.08333333333333333,0.07150254646937053,Cd4
Ctrl_Thymus,thymus,Ctrl,C1,2,1.0,3.335937261581421,Cd52
Ctrl_Thymus,thymus,Ctrl,C2,64,0.71875,2.30073818936944,Cd52
Ctrl_Thymus,thymus,Ctrl,C4,14,1.0,3.4516245467322215,Cd52
Ctrl_Thymus,thymus,Ctrl,C5-1,9,1.0,3.0876523653666177,Cd52
Ctrl_Thymus,thymus,Ctrl,C5-2,11,1.0,2.969512787732211,Cd52
Ctrl_Thymus,thymus,Ctrl,C6,1227,1.0,3.397208913614231,Cd52
Ctrl_Thymus,thymus,Ctrl,C7,45,0.8222222222222222,2.035076779789395,Cd52
Ctrl_BM,bone_marrow,Ctrl,C0,2533,0.9992104224240032,3.512298880007443,Cd52
Ctrl_BM,bone_marrow,Ctrl,C1,46,1.0,3.357410493104354,Cd52
Ctrl_BM,bone_marrow,Ctrl,C2,78,0.7692307692307693,2.6825136068539743,Cd52
Ctrl_BM,bone_marrow,Ctrl,C3,236,1.0,3.433940403037152,Cd52
Ctrl_BM,bone_marrow,Ctrl,C4,244,0.9959016393442623,3.184957009847047,Cd52
Ctrl_BM,bone_marrow,Ctrl,C5-1,124,0.9838709677419355,2.9893286574271416,Cd52
Ctrl_BM,bone_marrow,Ctrl,C5-2,104,1.0,3.1163156089874415,Cd52
Ctrl_BM,bone_marrow,Ctrl,C6,14,1.0,3.5201591764177596,Cd52
Ctrl_Spleen,spleen,Ctrl,C0,97,1.0,3.5086891012093457,Cd52
Ctrl_Spleen,spleen,Ctrl,C1,36,1.0,3.3009994559817843,Cd52
Ctrl_Spleen,spleen,Ctrl,C2,45,0.8222222222222222,2.8958418369293213,Cd52
Ctrl_Spleen,spleen,Ctrl,C3,2762,0.999275887038378,3.5010416585841444,Cd52
Ctrl_Spleen,spleen,Ctrl,C4,196,1.0,3.1232288102714385,Cd52
Ctrl_Spleen,spleen,Ctrl,C5-1,239,1.0,3.1521471798669345,Cd52
Ctrl_Spleen,spleen,Ctrl,C5-2,28,1.0,3.109288368906294,Cd52
Ctrl_Spleen,spleen,Ctrl,C6,16,1.0,3.4502875208854675,Cd52
Ctrl_Spleen,spleen,Ctrl,C7,3,1.0,2.7097710768381753,Cd52
T2_Thymus,thymus,T2,C0,20,1.0,3.660403788089752,Cd52
T2_Thymus,thymus,T2,C1,1,0.0,0.0,Cd52
T2_Thymus,thymus,T2,C2,50,0.84,2.8335815906524657,Cd52
T2_Thymus,thymus,T2,C3,7,1.0,3.555286032812936,Cd52
T2_Thymus,thymus,T2,C4,2,1.0,3.6922199726104736,Cd52
T2_Thymus,thymus,T2,C5-1,10,1.0,3.605208945274353,Cd52
T2_Thymus,thymus,T2,C5-2,36,1.0,3.083704945113924,Cd52
T2_Thymus,thymus,T2,C6,1087,1.0,3.5953406462893094,Cd52
T2_Thymus,thymus,T2,C7,44,0.9318181818181818,2.4389680569822136,Cd52
T2_BM,bone_marrow,T2,C0,2090,1.0,3.7457987947327096,Cd52
T2_BM,bone_marrow,T2,C1,32,0.96875,3.513066478073597,Cd52
T2_BM,bone_marrow,T2,C2,67,0.9552238805970149,3.612825564484098,Cd52
T2_BM,bone_marrow,T2,C3,115,1.0,3.6576607724894648,Cd52
T2_BM,bone_marrow,T2,C4,223,1.0,3.634782334079657,Cd52
T2_BM,bone_marrow,T2,C5-1,85,1.0,3.3791272836572985,Cd52
T2_BM,bone_marrow,T2,C5-2,96,1.0,3.3499746347467103,Cd52
T2_BM,bone_marrow,T2,C6,23,1.0,3.7225950075232466,Cd52
T2_Spleen,spleen,T2,C0,88,1.0,3.803406634114005,Cd52
T2_Spleen,spleen,T2,C1,45,1.0,3.5784128612942165,Cd52
T2_Spleen,spleen,T2,C2,74,0.9459459459459459,3.4859257453196757,Cd52
T2_Spleen,spleen,T2,C3,2557,0.9996089166992569,3.763896604324627,Cd52
T2_Spleen,spleen,T2,C4,208,1.0,3.4686233470073113,Cd52
T2_Spleen,spleen,T2,C5-1,345,0.991304347826087,3.374030445278555,Cd52
T2_Spleen,spleen,T2,C5-2,42,1.0,3.1513081817399886,Cd52
T2_Spleen,spleen,T2,C6,12,1.0,3.5729897220929465,Cd52
Ctrl_Thymus,thymus,Ctrl,C1,2,0.5,0.7896273136138916,Cd69
Ctrl_Thymus,thymus,Ctrl,C2,64,0.15625,0.47806916758418083,Cd69
Ctrl_Thymus,thymus,Ctrl,C4,14,0.21428571428571427,0.21764940874917166,Cd69
Ctrl_Thymus,thymus,Ctrl,C5-1,9,0.3333333333333333,0.34504159953859115,Cd69
Ctrl_Thymus,thymus,Ctrl,C5-2,11,0.18181818181818182,0.24033249508250842,Cd69
Ctrl_Thymus,thymus,Ctrl,C6,1227,0.37489812550937246,0.5644700132255741,Cd69
Ctrl_Thymus,thymus,Ctrl,C7,45,0.17777777777777778,0.41760466893514,Cd69
Ctrl_BM,bone_marrow,Ctrl,C0,2533,0.24950651401500198,0.35760420617311783,Cd69
Ctrl_BM,bone_marrow,Ctrl,C1,46,0.5217391304347826,0.7919673051523126,Cd69
Ctrl_BM,bone_marrow,Ctrl,C2,78,0.15384615384615385,0.375289533382807,Cd69
Ctrl_BM,bone_marrow,Ctrl,C3,236,0.2245762711864407,0.37609875656790653,Cd69
Ctrl_BM,bone_marrow,Ctrl,C4,244,0.36885245901639346,0.566029506140068,Cd69
Ctrl_BM,bone_marrow,Ctrl,C5-1,124,0.28225806451612906,0.4924553334712982,Cd69
Ctrl_BM,bone_marrow,Ctrl,C5-2,104,0.125,0.14092335334190956,Cd69
Ctrl_BM,bone_marrow,Ctrl,C6,14,0.5,0.5525533642087664,Cd69
Ctrl_Spleen,spleen,Ctrl,C0,97,0.21649484536082475,0.31575770353533555,Cd69
Ctrl_Spleen,spleen,Ctrl,C1,36,0.5277777777777778,1.0878768000337813,Cd69
Ctrl_Spleen,spleen,Ctrl,C2,45,0.022222222222222223,0.07797782686021593,Cd69
Ctrl_Spleen,spleen,Ctrl,C3,2762,0.2005792903692976,0.28915433586722783,Cd69
Ctrl_Spleen,spleen,Ctrl,C4,196,0.25,0.3535760020723148,Cd69
Ctrl_Spleen,spleen,Ctrl,C5-1,239,0.08786610878661087,0.10553775322487165,Cd69
Ctrl_Spleen,spleen,Ctrl,C5-2,28,0.10714285714285714,0.15932714300496237,Cd69
Ctrl_Spleen,spleen,Ctrl,C6,16,0.375,0.4916283115744591,Cd69
Ctrl_Spleen,spleen,Ctrl,C7,3,0.0,0.0,Cd69
T2_Thymus,thymus,T2,C0,20,0.3,0.5214283168315887,Cd69
T2_Thymus,thymus,T2,C1,1,0.0,0.0,Cd69
T2_Thymus,thymus,T2,C2,50,0.08,0.22365540027618408,Cd69
T2_Thymus,thymus,T2,C3,7,0.2857142857142857,0.3756053958620344,Cd69
T2_Thymus,thymus,T2,C4,2,0.0,0.0,Cd69
T2_Thymus,thymus,T2,C5-1,10,0.3,0.3586654424667358,Cd69
T2_Thymus,thymus,T2,C5-2,36,0.08333333333333333,0.10800665948126051,Cd69
T2_Thymus,thymus,T2,C6,1087,0.37994480220791166,0.5796715944539327,Cd69
T2_Thymus,thymus,T2,C7,44,0.09090909090909091,0.2198680503801866,Cd69
T2_BM,bone_marrow,T2,C0,2090,0.27416267942583733,0.4003417892033974,Cd69
T2_BM,bone_marrow,T2,C1,32,0.65625,1.170828890055418,Cd69
T2_BM,bone_marrow,T2,C2,67,0.08955223880597014,0.1986880426976218,Cd69
T2_BM,bone_marrow,T2,C3,115,0.2608695652173913,0.4260123123293338,Cd69
T2_BM,bone_marrow,T2,C4,223,0.3542600896860987,0.5558279955868229,Cd69
T2_BM,bone_marrow,T2,C5-1,85,0.21176470588235294,0.32397975430769077,Cd69
T2_BM,bone_marrow,T2,C5-2,96,0.11458333333333333,0.1595366025964419,Cd69
T2_BM,bone_marrow,T2,C6,23,0.391304347826087,0.6053118031957875,Cd69
T2_Spleen,spleen,T2,C0,88,0.3522727272727273,0.47405948489904404,Cd69
T2_Spleen,spleen,T2,C1,45,0.5555555555555556,0.9712598774168226,Cd69
T2_Spleen,spleen,T2,C2,74,0.05405405405405406,0.12394687613925419,Cd69
T2_Spleen,spleen,T2,C3,2557,0.28744622604614783,0.4308088813902206,Cd69
T2_Spleen,spleen,T2,C4,208,0.2980769230769231,0.4359274678505384,Cd69
T2_Spleen,spleen,T2,C5-1,345,0.09855072463768116,0.12640035377032516,Cd69
T2_Spleen,spleen,T2,C5-2,42,0.11904761904761904,0.14899043100220816,Cd69
T2_Spleen,spleen,T2,C6,12,0.25,0.4343697627385457,Cd69
Ctrl_Thymus,thymus,Ctrl,C1,2,0.0,0.0,Cish
Ctrl_Thymus,thymus,Ctrl,C2,64,0.03125,0.08409764990210533,Cish
Ctrl_Thymus,thymus,Ctrl,C4,14,0.14285714285714285,0.16905035291399276,Cish
Ctrl_Thymus,thymus,Ctrl,C5-1,9,0.2222222222222222,0.1980616052945455,Cish
Ctrl_Thymus,thymus,Ctrl,C5-2,11,0.09090909090909091,0.08494222164154053,Cish
Ctrl_Thymus,thymus,Ctrl,C6,1227,0.17929910350448247,0.21237131994530353,Cish
Ctrl_Thymus,thymus,Ctrl,C7,45,0.0,0.0,Cish
Ctrl_BM,bone_marrow,Ctrl,C0,2533,0.20094749309119622,0.25952769041155527,Cish
Ctrl_BM,bone_marrow,Ctrl,C1,46,0.08695652173913043,0.11835726706877998,Cish
Ctrl_BM,bone_marrow,Ctrl,C2,78,0.10256410256410256,0.2366743714381487,Cish
Ctrl_BM,bone_marrow,Ctrl,C3,236,0.23728813559322035,0.3176566890235675,Cish
Ctrl_BM,bone_marrow,Ctrl,C4,244,0.12704918032786885,0.1496971159196291,Cish
Ctrl_BM,bone_marrow,Ctrl,C5-1,124,0.14516129032258066,0.20186416516380926,Cish
Ctrl_BM,bone_marrow,Ctrl,C5-2,104,0.20192307692307693,0.2439581390756827,Cish
Ctrl_BM,bone_marrow,Ctrl,C6,14,0.2857142857142857,0.398855413709368,Cish
Ctrl_Spleen,spleen,Ctrl,C0,97,0.10309278350515463,0.1139189816012825,Cish
Ctrl_Spleen,spleen,Ctrl,C1,36,0.2777777777777778,0.37486912310123444,Cish
Ctrl_Spleen,spleen,Ctrl,C2,45,0.0,0.0,Cish
Ctrl_Spleen,spleen,Ctrl,C3,2762,0.17451122375090514,0.22900615916314288,Cish
Ctrl_Spleen,spleen,Ctrl,C4,196,0.14795918367346939,0.18152111738312002,Cish
Ctrl_Spleen,spleen,Ctrl,C5-1,239,0.09205020920502092,0.09988273262478817,Cish
Ctrl_Spleen,spleen,Ctrl,C5-2,28,0.10714285714285714,0.10448908592973437,Cish
Ctrl_Spleen,spleen,Ctrl,C6,16,0.125,0.1251310557126999,Cish
Ctrl_Spleen,spleen,Ctrl,C7,3,0.0,0.0,Cish
T2_Thymus,thymus,T2,C0,20,0.3,0.41768054366111756,Cish
T2_Thymus,thymus,T2,C1,1,0.0,0.0,Cish
T2_Thymus,thymus,T2,C2,50,0.02,0.050484237670898435,Cish
T2_Thymus,thymus,T2,C3,7,0.42857142857142855,0.5665818623134068,Cish
T2_Thymus,thymus,T2,C4,2,0.0,0.0,Cish
T2_Thymus,thymus,T2,C5-1,10,0.1,0.07758017182350159,Cish
T2_Thymus,thymus,T2,C5-2,36,0.05555555555555555,0.05913078122668796,Cish
T2_Thymus,thymus,T2,C6,1087,0.11039558417663294,0.12595323109253898,Cish
T2_Thymus,thymus,T2,C7,44,0.0,0.0,Cish
T2_BM,bone_marrow,T2,C0,2090,0.23684210526315788,0.2984655005224584,Cish
T2_BM,bone_marrow,T2,C1,32,0.125,0.16981380060315132,Cish
T2_BM,bone_marrow,T2,C2,67,0.11940298507462686,0.23821491447847282,Cish
T2_BM,bone_marrow,T2,C3,115,0.3391304347826087,0.500268654719643,Cish
T2_BM,bone_marrow,T2,C4,223,0.17488789237668162,0.2063710510463458,Cish
T2_BM,bone_marrow,T2,C5-1,85,0.10588235294117647,0.1141751296379987,Cish
T2_BM,bone_marrow,T2,C5-2,96,0.25,0.28173921691874665,Cish
T2_BM,bone_marrow,T2,C6,23,0.17391304347826086,0.1966134620749432,Cish
T2_Spleen,spleen,T2,C0,88,0.1590909090909091,0.18823704462159763,Cish
T2_Spleen,spleen,T2,C1,45,0.1111111111111111,0.1415875236193339,Cish
T2_Spleen,spleen,T2,C2,74,0.04054054054054054,0.09563293005969073,Cish
T2_Spleen,spleen,T2,C3,2557,0.16816581931951505,0.2213099715203385,Cish
T2_Spleen,spleen,T2,C4,208,0.11057692307692307,0.13473238538090998,Cish
T2_Spleen,spleen,T2,C5-1,345,0.0782608695652174,0.08792767576549364,Cish
T2_Spleen,spleen,T2,C5-2,42,0.11904761904761904,0.14262711717968896,Cish
T2_Spleen,spleen,T2,C6,12,0.08333333333333333,0.10600168506304423,Cish
Ctrl_Thymus,thymus,Ctrl,C1,2,0.0,0.0,Cks1b
Ctrl_Thymus,thymus,Ctrl,C2,64,0.0,0.0,Cks1b
Ctrl_Thymus,thymus,Ctrl,C4,14,0.07142857142857142,0.08041931901659284,Cks1b
Ctrl_Thymus,thymus,Ctrl,C5-1,9,0.3333333333333333,0.4139579004711575,Cks1b
Ctrl_Thymus,thymus,Ctrl,C5-2,11,0.0,0.0,Cks1b
Ctrl_Thymus,thymus,Ctrl,C6,1227,0.045639771801140996,0.04787680091368249,Cks1b
Ctrl_Thymus,thymus,Ctrl,C7,45,0.1111111111111111,0.194483749071757,Cks1b
Ctrl_BM,bone_marrow,Ctrl,C0,2533,0.04184761152783261,0.04889160241715484,Cks1b
Ctrl_BM,bone_marrow,Ctrl,C1,46,0.0,0.0,Cks1b
Ctrl_BM,bone_marrow,Ctrl,C2,78,0.038461538461538464,0.09779033141258435,Cks1b
Ctrl_BM,bone_marrow,Ctrl,C3,236,0.05508474576271186,0.059396539704274325,Cks1b
Ctrl_BM,bone_marrow,Ctrl,C4,244,0.02459016393442623,0.025228177426291295,Cks1b
Ctrl_BM,bone_marrow,Ctrl,C5-1,124,0.056451612903225805,0.06628536505083885,Cks1b
Ctrl_BM,bone_marrow,Ctrl,C5-2,104,0.028846153846153848,0.03059664712502406,Cks1b
Ctrl_BM,bone_marrow,Ctrl,C6,14,0.07142857142857142,0.07725527456828526,Cks1b
Ctrl_Spleen,spleen,Ctrl,C0,97,0.030927835051546393,0.03579852875974989,Cks1b
Ctrl_Spleen,spleen,Ctrl,C1,36,0.027777777777777776,0.03741001751687792,Cks1b
Ctrl_Spleen,spleen,Ctrl,C2,45,0.0,0.0,Cks1b
Ctrl_Spleen,spleen,Ctrl,C3,2762,0.04815351194786387,0.058954833707975184,Cks1b
Ctrl_Spleen,spleen,Ctrl,C4,196,0.04081632653061224,0.04732886169637952,Cks1b
Ctrl_Spleen,spleen,Ctrl,C5-1,239,0.08368200836820083,0.08380032732895727,Cks1b
Ctrl_Spleen,spleen,Ctrl,C5-2,28,0.07142857142857142,0.07670056394168309,Cks1b
Ctrl_Spleen,spleen,Ctrl,C6,16,0.0,0.0,Cks1b
Ctrl_Spleen,spleen,Ctrl,C7,3,0.0,0.0,Cks1b
T2_Thymus,thymus,T2,C0,20,0.0,0.0,Cks1b
T2_Thymus,thymus,T2,C1,1,0.0,0.0,Cks1b
T2_Thymus,thymus,T2,C2,50,0.02,0.03420008659362793,Cks1b
T2_Thymus,thymus,T2,C3,7,0.0,0.0,Cks1b
T2_Thymus,thymus,T2,C4,2,0.0,0.0,Cks1b
T2_Thymus,thymus,T2,C5-1,10,0.1,0.08003147840499877,Cks1b
T2_Thymus,thymus,T2,C5-2,36,0.05555555555555555,0.07976779341697693,Cks1b
T2_Thymus,thymus,T2,C6,1087,0.02483900643974241,0.02710692248655879,Cks1b
T2_Thymus,thymus,T2,C7,44,0.022727272727272728,0.03213092413815585,Cks1b
T2_BM,bone_marrow,T2,C0,2090,0.0354066985645933,0.038840368917684234,Cks1b
T2_BM,bone_marrow,T2,C1,32,0.03125,0.04743361100554466,Cks1b
T2_BM,bone_marrow,T2,C2,67,0.04477611940298507,0.0917118663218484,Cks1b
T2_BM,bone_marrow,T2,C3,115,0.008695652173913044,0.008209067842234736,Cks1b
T2_BM,bone_marrow,T2,C4,223,0.04035874439461883,0.04484659567007569,Cks1b
T2_BM,bone_marrow,T2,C5-1,85,0.10588235294117647,0.12316380248350256,Cks1b
T2_BM,bone_marrow,T2,C5-2,96,0.0625,0.062201611076792084,Cks1b
T2_BM,bone_marrow,T2,C6,23,0.08695652173913043,0.10484590478565382,Cks1b
T2_Spleen,spleen,T2,C0,88,0.022727272727272728,0.02348378300666809,Cks1b
T2_Spleen,spleen,T2,C1,45,0.0,0.0,Cks1b
T2_Spleen,spleen,T2,C2,74,0.06756756756756757,0.11701225267874228,Cks1b
T2_Spleen,spleen,T2,C3,2557,0.041845913179507234,0.05003711997320468,Cks1b
T2_Spleen,spleen,T2,C4,208,0.04807692307692308,0.05567167355464055,Cks1b
T2_Spleen,spleen,T2,C5-1,345,0.1072463768115942,0.10562288761138916,Cks1b
T2_Spleen,spleen,T2,C5-2,42,0.07142857142857142,0.06793062176023211,Cks1b
T2_Spleen,spleen,T2,C6,12,0.0,0.0,Cks1b
Ctrl_Thymus,thymus,Ctrl,C1,2,0.0,0.0,Csf2
Ctrl_Thymus,thymus,Ctrl,C2,64,0.0,0.0,Csf2
Ctrl_Thymus,thymus,Ctrl,C4,14,0.07142857142857142,0.08041931901659284,Csf2
Ctrl_Thymus,thymus,Ctrl,C5-1,9,0.0,0.0,Csf2
Ctrl_Thymus,thymus,Ctrl,C5-2,11,0.09090909090909091,0.08655259825966576,Csf2
Ctrl_Thymus,thymus,Ctrl,C6,1227,0.020374898125509373,0.02334171985355741,Csf2
Ctrl_Thymus,thymus,Ctrl,C7,45,0.0,0.0,Csf2
Ctrl_BM,bone_marrow,Ctrl,C0,2533,0.06316620607974734,0.07807051015380245,Csf2
Ctrl_BM,bone_marrow,Ctrl,C1,46,0.08695652173913043,0.10472348721131035,Csf2
Ctrl_BM,bone_marrow,Ctrl,C2,78,0.01282051282051282,0.03362299234439165,Csf2
Ctrl_BM,bone_marrow,Ctrl,C3,236,0.08898305084745763,0.11309278263884076,Csf2
Ctrl_BM,bone_marrow,Ctrl,C4,244,0.020491803278688523,0.021816614221354,Csf2
Ctrl_BM,bone_marrow,Ctrl,C5-1,124,0.016129032258064516,0.015201227318856024,Csf2
Ctrl_BM,bone_marrow,Ctrl,C5-2,104,0.125,0.14313354457800204,Csf2
Ctrl_BM,bone_marrow,Ctrl,C6,14,0.07142857142857142,0.06636719192777361,Csf2
Ctrl_Spleen,spleen,Ctrl,C0,97,0.07216494845360824,0.08277723961269733,Csf2
Ctrl_Spleen,spleen,Ctrl,C1,36,0.08333333333333333,0.105563309457567,Csf2
Ctrl_Spleen,spleen,Ctrl,C2,45,0.0,0.0,Csf2
Ctrl_Spleen,spleen,Ctrl,C3,2762,0.05611875452570601,0.07214531921805203,Csf2
Ctrl_Spleen,spleen,Ctrl,C4,196,0.030612244897959183,0.03577131519512254,Csf2
Ctrl_Spleen,spleen,Ctrl,C5-1,239,0.02092050209205021,0.020254030387271898,Csf2
Ctrl_Spleen,spleen,Ctrl,C5-2,28,0.10714285714285714,0.11541385735784258,Csf2
Ctrl_Spleen,spleen,Ctrl,C6,16,0.0625,0.06373964250087738,Csf2
Ctrl_Spleen,spleen,Ctrl,C7,3,0.0,0.0,Csf2
T2_Thymus,thymus,T2,C0,20,0.1,0.11589310169219971,Csf2
T2_Thymus,thymus,T2,C1,1,0.0,0.0,Csf2
T2_Thymus,thymus,T2,C2,50,0.02,0.043873538970947264,Csf2
T2_Thymus,thymus,T2,C3,7,0.14285714285714285,0.14064139979226248,Csf2
T2_Thymus,thymus,T2,C4,2,0.0,0.0,Csf2
T2_Thymus,thymus,T2,C5-1,10,0.0,0.0,Csf2
T2_Thymus,thymus,T2,C5-2,36,0.05555555555555555,0.06338045663303798,Csf2
T2_Thymus,thymus,T2,C6,1087,0.027598896044158234,0.030104182461806142,Csf2
T2_Thymus,thymus,T2,C7,44,0.0,0.0,Csf2
T2_BM,bone_marrow,T2,C0,2090,0.05980861244019139,0.07032625452753459,Csf2
T2_BM,bone_marrow,T2,C1,32,0.09375,0.10429088026285172,Csf2
T2_BM,bone_marrow,T2,C2,67,0.0,0.0,Csf2
T2_BM,bone_marrow,T2,C3,115,0.10434782608695652,0.14487067875654802,Csf2
T2_BM,bone_marrow,T2,C4,223,0.04035874439461883,0.04771883150921809,Csf2
T2_BM,bone_marrow,T2,C5-1,85,0.011764705882352941,0.009904996086569393,Csf2
T2_BM,bone_marrow,T2,C5-2,96,0.11458333333333333,0.13529750953118005,Csf2
T2_BM,bone_marrow,T2,C6,23,0.0,0.0,Csf2
T2_Spleen,spleen,T2,C0,88,0.06818181818181818,0.07536521824923428,Csf2
T2_Spleen,spleen,T2,C1,45,0.1111111111111111,0.12194624212053087,Csf2
T2_Spleen,spleen,T2,C2,74,0.02702702702702703,0.059606516683423844,Csf2
T2_Spleen,spleen,T2,C3,2557,0.059053578412201796,0.07196620972677745,Csf2
T2_Spleen,spleen,T2,C4,208,0.028846153846153848,0.03376155518568479,Csf2
T2_Spleen,spleen,T2,C5-1,345,0.020289855072463767,0.019661920139755026,Csf2
T2_Spleen,spleen,T2,C5-2,42,0.047619047619047616,0.05153390197526841,Csf2
T2_Spleen,spleen,T2,C6,12,0.0,0.0,Csf2
Ctrl_Thymus,thymus,Ctrl,C1,2,1.0,2.5047496557235718,Dnaja1
Ctrl_Thymus,thymus,Ctrl,C2,64,0.296875,0.8720337562263012,Dnaja1
Ctrl_Thymus,thymus,Ctrl,C4,14,0.8571428571428571,1.7129136068480355,Dnaja1
Ctrl_Thymus,thymus,Ctrl,C5-1,9,1.0,2.0500520865122476,Dnaja1
Ctrl_Thymus,thymus,Ctrl,C5-2,11,1.0,1.9706097678704695,Dnaja1
Ctrl_Thymus,thymus,Ctrl,C6,1227,0.9511002444987775,1.9615529164999796,Dnaja1
Ctrl_Thymus,thymus,Ctrl,C7,45,0.8,2.0568628311157227,Dnaja1
Ctrl_BM,bone_marrow,Ctrl,C0,2533,0.8882747729964469,1.6657688377922908,Dnaja1
Ctrl_BM,bone_marrow,Ctrl,C1,46,0.9347826086956522,1.8859703735164974,Dnaja1
Ctrl_BM,bone_marrow,Ctrl,C2,78,0.48717948717948717,1.2070107062657673,Dnaja1
Ctrl_BM,bone_marrow,Ctrl,C3,236,0.8389830508474576,1.6172741815700369,Dnaja1
Ctrl_BM,bone_marrow,Ctrl,C4,244,0.9098360655737705,1.6891597756108299,Dnaja1
Ctrl_BM,bone_marrow,Ctrl,C5-1,124,0.8709677419354839,1.5997251820179723,Dnaja1
Ctrl_BM,bone_marrow,Ctrl,C5-2,104,0.9807692307692307,1.8782656422028174,Dnaja1
Ctrl_BM,bone_marrow,Ctrl,C6,14,0.9285714285714286,1.6890539867537362,Dnaja1
Ctrl_Spleen,spleen,Ctrl,C0,97,0.8350515463917526,1.6020964900242913,Dnaja1
Ctrl_Spleen,spleen,Ctrl,C1,36,0.9166666666666666,1.8654837244086795,Dnaja1
Ctrl_Spleen,spleen,Ctrl,C2,45,0.35555555555555557,0.7731417523490058,Dnaja1
Ctrl_Spleen,spleen,Ctrl,C3,2762,0.8714699493120927,1.6711467769075183,Dnaja1
Ctrl_Spleen,spleen,Ctrl,C4,196,0.8724489795918368,1.7254942810657072,Dnaja1
Ctrl_Spleen,spleen,Ctrl,C5-1,239,0.9037656903765691,1.7085295820834747,Dnaja1
Ctrl_Spleen,spleen,Ctrl,C5-2,28,0.9642857142857143,1.836648819702012,Dnaja1
Ctrl_Spleen,spleen,Ctrl,C6,16,0.8125,1.483783796429634,Dnaja1
Ctrl_Spleen,spleen,Ctrl,C7,3,0.3333333333333333,0.9833645025889078,Dnaja1
T2_Thymus,thymus,T2,C0,20,0.9,1.9254152536392213,Dnaja1
T2_Thymus,thymus,T2,C1,1,1.0,2.3684234619140625,Dnaja1
T2_Thymus,thymus,T2,C2,50,0.46,1.24802622795105,Dnaja1
T2_Thymus,thymus,T2,C3,7,0.5714285714285714,1.0342817647116525,Dnaja1
T2_Thymus,thymus,T2,C4,2,0.5,1.1174663305282593,Dnaja1
T2_Thymus,thymus,T2,C5-1,10,0.9,1.8179311990737914,Dnaja1
T2_Thymus,thymus,T2,C5-2,36,0.9166666666666666,1.6864285634623633,Dnaja1
T2_Thymus,thymus,T2,C6,1087,0.9080036798528058,1.6902583606109338,Dnaja1
T2_Thymus,thymus,T2,C7,44,0.7727272727272727,1.6660396971485831,Dnaja1
T2_BM,bone_marrow,T2,C0,2090,0.8019138755980861,1.3674096815038526,Dnaja1
T2_BM,bone_marrow,T2,C1,32,0.75,1.3322750441730022,Dnaja1
T2_BM,bone_marrow,T2,C2,67,0.3880597014925373,0.9051309681650418,Dnaja1
T2_BM,bone_marrow,T2,C3,115,0.7130434782608696,1.2289206416710563,Dnaja1
T2_BM,bone_marrow,T2,C4,223,0.8116591928251121,1.334742494228175,Dnaja1
T2_BM,bone_marrow,T2,C5-1,85,0.788235294117647,1.3805220239302691,Dnaja1
T2_BM,bone_marrow,T2,C5-2,96,0.875,1.5432591997087002,Dnaja1
T2_BM,bone_marrow,T2,C6,23,0.9130434782608695,1.6274293557457302,Dnaja1
T2_Spleen,spleen,T2,C0,88,0.8295454545454546,1.368282475932078,Dnaja1
T2_Spleen,spleen,T2,C1,45,0.7111111111111111,1.179014836417304,Dnaja1
T2_Spleen,spleen,T2,C2,74,0.3108108108108108,0.6368312577943545,Dnaja1
T2_Spleen,spleen,T2,C3,2557,0.7395385217051232,1.2183517264489974,Dnaja1
T2_Spleen,spleen,T2,C4,208,0.7644230769230769,1.2213829629696333,Dnaja1
T2_Spleen,spleen,T2,C5-1,345,0.8231884057971014,1.2983743453371352,Dnaja1
T2_Spleen,spleen,T2,C5-2,42,0.8095238095238095,1.2836890575431643,Dnaja1
T2_Spleen,spleen,T2,C6,12,1.0,1.7777038315931957,Dnaja1
Ctrl_Thymus,thymus,Ctrl,C1,2,0.5,0.5367616415023804,Dynll1
Ctrl_Thymus,thymus,Ctrl,C2,64,0.125,0.30680486746132374,Dynll1
Ctrl_Thymus,thymus,Ctrl,C4,14,0.7142857142857143,1.1416069950376238,Dynll1
Ctrl_Thymus,thymus,Ctrl,C5-1,9,0.6666666666666666,1.2405949036280315,Dynll1
Ctrl_Thymus,thymus,Ctrl,C5-2,11,0.7272727272727273,1.1904393380338496,Dynll1
Ctrl_Thymus,thymus,Ctrl,C6,1227,0.7147514262428688,1.060808518259333,Dynll1
Ctrl_Thymus,thymus,Ctrl,C7,45,0.6,1.4196714772118462,Dynll1
Ctrl_BM,bone_marrow,Ctrl,C0,2533,0.7031188314251875,1.078630986865029,Dynll1
Ctrl_BM,bone_marrow,Ctrl,C1,46,0.6521739130434783,0.9604635471883027,Dynll1
Ctrl_BM,bone_marrow,Ctrl,C2,78,0.32051282051282054,0.7455928646601163,Dynll1
Ctrl_BM,bone_marrow,Ctrl,C3,236,0.6991525423728814,1.1784751544059333,Dynll1
Ctrl_BM,bone_marrow,Ctrl,C4,244,0.7663934426229508,1.2101440649540698,Dynll1
Ctrl_BM,bone_marrow,Ctrl,C5-1,124,0.7419354838709677,1.225572741800739,Dynll1
Ctrl_BM,bone_marrow,Ctrl,C5-2,104,0.7980769230769231,1.2471005108494024,Dynll1
Ctrl_BM,bone_marrow,Ctrl,C6,14,0.7142857142857143,1.0554585456848145,Dynll1
Ctrl_Spleen,spleen,Ctrl,C0,97,0.7525773195876289,1.1977342772729618,Dynll1
Ctrl_Spleen,spleen,Ctrl,C1,36,0.5555555555555556,0.771395108766026,Dynll1
Ctrl_Spleen,spleen,Ctrl,C2,45,0.35555555555555557,0.9096799585554335,Dynll1
Ctrl_Spleen,spleen,Ctrl,C3,2762,0.6955104996379435,1.134533955060771,Dynll1
Ctrl_Spleen,spleen,Ctrl,C4,196,0.7295918367346939,1.2297155279286054,Dynll1
Ctrl_Spleen,spleen,Ctrl,C5-1,239,0.8326359832635983,1.3924756154854427,Dynll1
Ctrl_Spleen,spleen,Ctrl,C5-2,28,0.8571428571428571,1.3988223459039415,Dynll1
Ctrl_Spleen,spleen,Ctrl,C6,16,0.8125,1.345162957906723,Dynll1
Ctrl_Spleen,spleen,Ctrl,C7,3,0.6666666666666666,1.742416222890218,Dynll1
T2_Thymus,thymus,T2,C0,20,0.65,0.9491445064544678,Dynll1
T2_Thymus,thymus,T2,C1,1,0.0,0.0,Dynll1
T2_Thymus,thymus,T2,C2,50,0.2,0.39462761878967284,Dynll1
T2_Thymus,thymus,T2,C3,7,0.7142857142857143,1.2834244625908988,Dynll1
T2_Thymus,thymus,T2,C4,2,0.0,0.0,Dynll1
T2_Thymus,thymus,T2,C5-1,10,0.9,1.086560195684433,Dynll1
T2_Thymus,thymus,T2,C5-2,36,0.6944444444444444,1.1215402550167508,Dynll1
T2_Thymus,thymus,T2,C6,1087,0.6025758969641214,0.7975408798417808,Dynll1
T2_Thymus,thymus,T2,C7,44,0.5909090909090909,1.1601760251955553,Dynll1
T2_BM,bone_marrow,T2,C0,2090,0.600956937799043,0.8589409483106513,Dynll1
T2_BM,bone_marrow,T2,C1,32,0.375,0.5336259193718433,Dynll1
T2_BM,bone_marrow,T2,C2,67,0.2835820895522388,0.6001768236729637,Dynll1
T2_BM,bone_marrow,T2,C3,115,0.5043478260869565,0.7567888285802759,Dynll1
T2_BM,bone_marrow,T2,C4,223,0.6367713004484304,0.9033902490620122,Dynll1
T2_BM,bone_marrow,T2,C5-1,85,0.6941176470588235,0.9710798712337718,Dynll1
T2_BM,bone_marrow,T2,C5-2,96,0.6666666666666666,0.8623614919682344,Dynll1
T2_BM,bone_marrow,T2,C6,23,0.4782608695652174,0.6762998000435207,Dynll1
T2_Spleen,spleen,T2,C0,88,0.6136363636363636,0.8522052744572813,Dynll1
T2_Spleen,spleen,T2,C1,45,0.7111111111111111,1.0197687016593084,Dynll1
T2_Spleen,spleen,T2,C2,74,0.24324324324324326,0.4587722017958358,Dynll1
T2_Spleen,spleen,T2,C3,2557,0.5615956198670317,0.8290754199074636,Dynll1
T2_Spleen,spleen,T2,C4,208,0.6201923076923077,0.9357678248332097,Dynll1
T2_Spleen,spleen,T2,C5-1,345,0.7391304347826086,1.0206428334332895,Dynll1
T2_Spleen,spleen,T2,C5-2,42,0.6904761904761905,0.9969220998741332,Dynll1
T2_Spleen,spleen,T2,C6,12,0.75,0.9884731421868006,Dynll1
Ctrl_Thymus,thymus,Ctrl,C1,2,0.0,0.0,Egr2
Ctrl_Thymus,thymus,Ctrl,C2,64,0.0,0.0,Egr2
Ctrl_Thymus,thymus,Ctrl,C4,14,0.07142857142857142,0.09960896628243583,Egr2
Ctrl_Thymus,thymus,Ctrl,C5-1,9,0.0,0.0,Egr2
Ctrl_Thymus,thymus,Ctrl,C5-2,11,0.0,0.0,Egr2
Ctrl_Thymus,thymus,Ctrl,C6,1227,0.012224938875305624,0.014797504976112472,Egr2
Ctrl_Thymus,thymus,Ctrl,C7,45,0.022222222222222223,0.029311386744181316,Egr2
Ctrl_BM,bone_marrow,Ctrl,C0,2533,0.00473746545598105,0.006750162486450219,Egr2
Ctrl_BM,bone_marrow,Ctrl,C1,46,0.0,0.0,Egr2
Ctrl_BM,bone_marrow,Ctrl,C2,78,0.01282051282051282,0.03140324507004175,Egr2
Ctrl_BM,bone_marrow,Ctrl,C3,236,0.0423728813559322,0.06575718269509784,Egr2
Ctrl_BM,bone_marrow,Ctrl,C4,244,0.004098360655737705,0.0038030203737196375,Egr2
Ctrl_BM,bone_marrow,Ctrl,C5-1,124,0.016129032258064516,0.01699018286120507,Egr2
Ctrl_BM,bone_marrow,Ctrl,C5-2,104,0.009615384615384616,0.012478207166378315,Egr2
Ctrl_BM,bone_marrow,Ctrl,C6,14,0.0,0.0,Egr2
Ctrl_Spleen,spleen,Ctrl,C0,97,0.010309278350515464,0.014127658814499058,Egr2
Ctrl_Spleen,spleen,Ctrl,C1,36,0.0,0.0,Egr2
Ctrl_Spleen,spleen,Ctrl,C2,45,0.0,0.0,Egr2
Ctrl_Spleen,spleen,Ctrl,C3,2762,0.0039826212889210715,0.005994095718575767,Egr2
Ctrl_Spleen,spleen,Ctrl,C4,196,0.00510204081632653,0.005823694929784658,Egr2
Ctrl_Spleen,spleen,Ctrl,C5-1,239,0.02092050209205021,0.024715388419737874,Egr2
Ctrl_Spleen,spleen,Ctrl,C5-2,28,0.0,0.0,Egr2
Ctrl_Spleen,spleen,Ctrl,C6,16,0.0,0.0,Egr2
Ctrl_Spleen,spleen,Ctrl,C7,3,0.0,0.0,Egr2
T2_Thymus,thymus,T2,C0,20,0.0,0.0,Egr2
T2_Thymus,thymus,T2,C1,1,0.0,0.0,Egr2
T2_Thymus,thymus,T2,C2,50,0.0,0.0,Egr2
T2_Thymus,thymus,T2,C3,7,0.0,0.0,Egr2
T2_Thymus,thymus,T2,C4,2,0.0,0.0,Egr2
T2_Thymus,thymus,T2,C5-1,10,0.0,0.0,Egr2
T2_Thymus,thymus,T2,C5-2,36,0.027777777777777776,0.023906139863861933,Egr2
T2_Thymus,thymus,T2,C6,1087,0.020239190432382703,0.02431685670099899,Egr2
T2_Thymus,thymus,T2,C7,44,0.022727272727272728,0.02498362281105735,Egr2
T2_BM,bone_marrow,T2,C0,2090,0.005741626794258373,0.008207710308321355,Egr2
T2_BM,bone_marrow,T2,C1,32,0.0,0.0,Egr2
T2_BM,bone_marrow,T2,C2,67,0.0,0.0,Egr2
T2_BM,bone_marrow,T2,C3,115,0.034782608695652174,0.048138094984966774,Egr2
T2_BM,bone_marrow,T2,C4,223,0.004484304932735426,0.004753465075129351,Egr2
T2_BM,bone_marrow,T2,C5-1,85,0.0,0.0,Egr2
T2_BM,bone_marrow,T2,C5-2,96,0.0,0.0,Egr2
T2_BM,bone_marrow,T2,C6,23,0.0,0.0,Egr2
T2_Spleen,spleen,T2,C0,88,0.0,0.0,Egr2
T2_Spleen,spleen,T2,C1,45,0.0,0.0,Egr2
T2_Spleen,spleen,T2,C2,74,0.013513513513513514,0.038429965844025485,Egr2
T2_Spleen,spleen,T2,C3,2557,0.0023464998044583495,0.0030687433646720136,Egr2
T2_Spleen,spleen,T2,C4,208,0.0,0.0,Egr2
T2_Spleen,spleen,T2,C5-1,345,0.008695652173913044,0.013500002847201582,Egr2
T2_Spleen,spleen,T2,C5-2,42,0.0,0.0,Egr2
T2_Spleen,spleen,T2,C6,12,0.0,0.0,Egr2
Ctrl_Thymus,thymus,Ctrl,C1,2,0.5,0.5367616415023804,Eif2ak2
Ctrl_Thymus,thymus,Ctrl,C2,64,0.046875,0.10456763207912445,Eif2ak2
Ctrl_Thymus,thymus,Ctrl,C4,14,0.14285714285714285,0.1933253833225795,Eif2ak2
Ctrl_Thymus,thymus,Ctrl,C5-1,9,0.0,0.0,Eif2ak2
Ctrl_Thymus,thymus,Ctrl,C5-2,11,0.18181818181818182,0.21211639859459616,Eif2ak2
Ctrl_Thymus,thymus,Ctrl,C6,1227,0.15729421352893236,0.18322427091116622,Eif2ak2
Ctrl_Thymus,thymus,Ctrl,C7,45,0.044444444444444446,0.059031886524624294,Eif2ak2
Ctrl_BM,bone_marrow,Ctrl,C0,2533,0.12593762337149625,0.15808290167848818,Eif2ak2
Ctrl_BM,bone_marrow,Ctrl,C1,46,0.5217391304347826,0.8181736806164617,Eif2ak2
Ctrl_BM,bone_marrow,Ctrl,C2,78,0.01282051282051282,0.03765245890006041,Eif2ak2
Ctrl_BM,bone_marrow,Ctrl,C3,236,0.1228813559322034,0.14856690193636943,Eif2ak2
Ctrl_BM,bone_marrow,Ctrl,C4,244,0.13114754098360656,0.15025604870475706,Eif2ak2
Ctrl_BM,bone_marrow,Ctrl,C5-1,124,0.0967741935483871,0.12573919277037343,Eif2ak2
Ctrl_BM,bone_marrow,Ctrl,C5-2,104,0.11538461538461539,0.13005426755318275,Eif2ak2
Ctrl_BM,bone_marrow,Ctrl,C6,14,0.14285714285714285,0.1682373114994594,Eif2ak2
Ctrl_Spleen,spleen,Ctrl,C0,97,0.08247422680412371,0.10305313105435715,Eif2ak2
Ctrl_Spleen,spleen,Ctrl,C1,36,0.8333333333333334,1.4096345835261874,Eif2ak2
Ctrl_Spleen,spleen,Ctrl,C2,45,0.044444444444444446,0.14652565320332844,Eif2ak2
Ctrl_Spleen,spleen,Ctrl,C3,2762,0.1165821868211441,0.14734842391397365,Eif2ak2
Ctrl_Spleen,spleen,Ctrl,C4,196,0.10714285714285714,0.12453623906690248,Eif2ak2
Ctrl_Spleen,spleen,Ctrl,C5-1,239,0.1799163179916318,0.19138350771062046,Eif2ak2
Ctrl_Spleen,spleen,Ctrl,C5-2,28,0.14285714285714285,0.1663557972226824,Eif2ak2
Ctrl_Spleen,spleen,Ctrl,C6,16,0.125,0.20763152837753296,Eif2ak2
Ctrl_Spleen,spleen,Ctrl,C7,3,0.0,0.0,Eif2ak2
T2_Thymus,thymus,T2,C0,20,0.1,0.10519605875015259,Eif2ak2
T2_Thymus,thymus,T2,C1,1,1.0,2.3684234619140625,Eif2ak2
T2_Thymus,thymus,T2,C2,50,0.04,0.09666977643966675,Eif2ak2
T2_Thymus,thymus,T2,C3,7,0.0,0.0,Eif2ak2
T2_Thymus,thymus,T2,C4,2,0.5,0.7337459921836853,Eif2ak2
T2_Thymus,thymus,T2,C5-1,10,0.1,0.07758017182350159,Eif2ak2
T2_Thymus,thymus,T2,C5-2,36,0.08333333333333333,0.10250389575958252,Eif2ak2
T2_Thymus,thymus,T2,C6,1087,0.14903403863845446,0.17502387368361008,Eif2ak2
T2_Thymus,thymus,T2,C7,44,0.0,0.0,Eif2ak2
T2_BM,bone_marrow,T2,C0,2090,0.10861244019138756,0.13241646010339544,Eif2ak2
T2_BM,bone_marrow,T2,C1,32,0.6875,1.0573273487389088,Eif2ak2
T2_BM,bone_marrow,T2,C2,67,0.014925373134328358,0.04253633342572113,Eif2ak2
T2_BM,bone_marrow,T2,C3,115,0.11304347826086956,0.13043361280275428,Eif2ak2
T2_BM,bone_marrow,T2,C4,223,0.09417040358744394,0.10538432015431837,Eif2ak2
T2_BM,bone_marrow,T2,C5-1,85,0.1411764705882353,0.16954383850097657,Eif2ak2
T2_BM,bone_marrow,T2,C5-2,96,0.10416666666666667,0.12855303287506104,Eif2ak2
T2_BM,bone_marrow,T2,C6,23,0.13043478260869565,0.15308587447456692,Eif2ak2
T2_Spleen,spleen,T2,C0,88,0.11363636363636363,0.13729300214485687,Eif2ak2
T2_Spleen,spleen,T2,C1,45,0.6,0.904301024807824,Eif2ak2
T2_Spleen,spleen,T2,C2,74,0.013513513513513514,0.019301290447647508,Eif2ak2
T2_Spleen,spleen,T2,C3,2557,0.1302307391474384,0.16796032094284105,Eif2ak2
T2_Spleen,spleen,T2,C4,208,0.07211538461538461,0.08684901033456509,Eif2ak2
T2_Spleen,spleen,T2,C5-1,345,0.14202898550724638,0.14295539320379064,Eif2ak2
T2_Spleen,spleen,T2,C5-2,42,0.11904761904761904,0.12131879301298232,Eif2ak2
T2_Spleen,spleen,T2,C6,12,0.08333333333333333,0.0688283344109853,Eif2ak2
Ctrl_Thymus,thymus,Ctrl,C1,2,0.0,0.0,Entpd1
Ctrl_Thymus,thymus,Ctrl,C2,64,0.0,0.0,Entpd1
Ctrl_Thymus,thymus,Ctrl,C4,14,0.14285714285714285,0.22354997907366073,Entpd1
Ctrl_Thymus,thymus,Ctrl,C5-1,9,0.0,0.0,Entpd1
Ctrl_Thymus,thymus,Ctrl,C5-2,11,0.0,0.0,Entpd1
Ctrl_Thymus,thymus,Ctrl,C6,1227,0.1132844335778321,0.1283250587105071,Entpd1
Ctrl_Thymus,thymus,Ctrl,C7,45,0.0,0.0,Entpd1
Ctrl_BM,bone_marrow,Ctrl,C0,2533,0.16225819186735096,0.2018470567909569,Entpd1
Ctrl_BM,bone_marrow,Ctrl,C1,46,0.21739130434782608,0.2502893805503845,Entpd1
Ctrl_BM,bone_marrow,Ctrl,C2,78,0.05128205128205128,0.11988452153328137,Entpd1
Ctrl_BM,bone_marrow,Ctrl,C3,236,0.13135593220338984,0.16847265978990975,Entpd1
Ctrl_BM,bone_marrow,Ctrl,C4,244,0.05327868852459016,0.057790251296074666,Entpd1
Ctrl_BM,bone_marrow,Ctrl,C5-1,124,0.03225806451612903,0.04973998473536584,Entpd1
Ctrl_BM,bone_marrow,Ctrl,C5-2,104,0.009615384615384616,0.00925247772381856,Entpd1
Ctrl_BM,bone_marrow,Ctrl,C6,14,0.07142857142857142,0.11898707492010933,Entpd1
Ctrl_Spleen,spleen,Ctrl,C0,97,0.07216494845360824,0.09987408967362237,Entpd1
Ctrl_Spleen,spleen,Ctrl,C1,36,0.16666666666666666,0.20428541633817884,Entpd1
Ctrl_Spleen,spleen,Ctrl,C2,45,0.06666666666666667,0.16877465777926975,Entpd1
Ctrl_Spleen,spleen,Ctrl,C3,2762,0.0778421433743664,0.0997137975252512,Entpd1
Ctrl_Spleen,spleen,Ctrl,C4,196,0.09693877551020408,0.12154413790118937,Entpd1
Ctrl_Spleen,spleen,Ctrl,C5-1,239,0.016736401673640166,0.017750870981974583,Entpd1
Ctrl_Spleen,spleen,Ctrl,C5-2,28,0.0,0.0,Entpd1
Ctrl_Spleen,spleen,Ctrl,C6,16,0.1875,0.20755519717931747,Entpd1
Ctrl_Spleen,spleen,Ctrl,C7,3,0.0,0.0,Entpd1
T2_Thymus,thymus,T2,C0,20,0.15,0.22649800181388854,Entpd1
T2_Thymus,thymus,T2,C1,1,0.0,0.0,Entpd1
T2_Thymus,thymus,T2,C2,50,0.0,0.0,Entpd1
T2_Thymus,thymus,T2,C3,7,0.0,0.0,Entpd1
T2_Thymus,thymus,T2,C4,2,0.0,0.0,Entpd1
T2_Thymus,thymus,T2,C5-1,10,0.0,0.0,Entpd1
T2_Thymus,thymus,T2,C5-2,36,0.0,0.0,Entpd1
T2_Thymus,thymus,T2,C6,1087,0.10763569457221711,0.1175152571681671,Entpd1
T2_Thymus,thymus,T2,C7,44,0.0,0.0,Entpd1
T2_BM,bone_marrow,T2,C0,2090,0.15645933014354066,0.19392500314415928,Entpd1
T2_BM,bone_marrow,T2,C1,32,0.28125,0.3053115252405405,Entpd1
T2_BM,bone_marrow,T2,C2,67,0.0,0.0,Entpd1
T2_BM,bone_marrow,T2,C3,115,0.16521739130434782,0.21570109543593033,Entpd1
T2_BM,bone_marrow,T2,C4,223,0.09417040358744394,0.10969457979159505,Entpd1
T2_BM,bone_marrow,T2,C5-1,85,0.047058823529411764,0.05192974805831909,Entpd1
T2_BM,bone_marrow,T2,C5-2,96,0.010416666666666666,0.010579785952965418,Entpd1
T2_BM,bone_marrow,T2,C6,23,0.08695652173913043,0.093955397605896,Entpd1
T2_Spleen,spleen,T2,C0,88,0.13636363636363635,0.16242333433844827,Entpd1
T2_Spleen,spleen,T2,C1,45,0.06666666666666667,0.07640255292256673,Entpd1
T2_Spleen,spleen,T2,C2,74,0.04054054054054054,0.10333729434657742,Entpd1
T2_Spleen,spleen,T2,C3,2557,0.08095424325381306,0.10144320371610652,Entpd1
T2_Spleen,spleen,T2,C4,208,0.09615384615384616,0.12194536998867989,Entpd1
T2_Spleen,spleen,T2,C5-1,345,0.005797101449275362,0.0064921399821405825,Entpd1
T2_Spleen,spleen,T2,C5-2,42,0.0,0.0,Entpd1
T2_Spleen,spleen,T2,C6,12,0.16666666666666666,0.16080237925052643,Entpd1
Ctrl_Thymus,thymus,Ctrl,C1,2,0.0,0.0,Fos
Ctrl_Thymus,thymus,Ctrl,C2,64,0.28125,0.8491395153105259,Fos
Ctrl_Thymus,thymus,Ctrl,C4,14,0.07142857142857142,0.0846198286328997,Fos
Ctrl_Thymus,thymus,Ctrl,C5-1,9,0.4444444444444444,0.6136008699735006,Fos
Ctrl_Thymus,thymus,Ctrl,C5-2,11,0.36363636363636365,0.7131409374150363,Fos
Ctrl_Thymus,thymus,Ctrl,C6,1227,0.5191524042379788,1.095324171201524,Fos
Ctrl_Thymus,thymus,Ctrl,C7,45,0.17777777777777778,0.2963951336012946,Fos
Ctrl_BM,bone_marrow,Ctrl,C0,2533,0.20923805763916306,0.3264865760882288,Fos
Ctrl_BM,bone_marrow,Ctrl,C1,46,0.17391304347826086,0.2345286426336869,Fos
Ctrl_BM,bone_marrow,Ctrl,C2,78,0.10256410256410256,0.2593401395357572,Fos
Ctrl_BM,bone_marrow,Ctrl,C3,236,0.1652542372881356,0.2494682929778503,Fos
Ctrl_BM,bone_marrow,Ctrl,C4,244,0.23770491803278687,0.36414858136997846,Fos
Ctrl_BM,bone_marrow,Ctrl,C5-1,124,0.3467741935483871,0.5405959943609853,Fos
Ctrl_BM,bone_marrow,Ctrl,C5-2,104,0.16346153846153846,0.23722066844885165,Fos
Ctrl_BM,bone_marrow,Ctrl,C6,14,0.42857142857142855,0.5975429160254342,Fos
Ctrl_Spleen,spleen,Ctrl,C0,97,0.030927835051546393,0.03451507238997627,Fos
Ctrl_Spleen,spleen,Ctrl,C1,36,0.08333333333333333,0.11312370830112034,Fos
Ctrl_Spleen,spleen,Ctrl,C2,45,0.022222222222222223,0.03625688552856445,Fos
Ctrl_Spleen,spleen,Ctrl,C3,2762,0.06046343229543809,0.07868546202163779,Fos
Ctrl_Spleen,spleen,Ctrl,C4,196,0.030612244897959183,0.034688793274821064,Fos
Ctrl_Spleen,spleen,Ctrl,C5-1,239,0.08368200836820083,0.09002500996928833,Fos
Ctrl_Spleen,spleen,Ctrl,C5-2,28,0.07142857142857142,0.08727572219712394,Fos
Ctrl_Spleen,spleen,Ctrl,C6,16,0.0625,0.11521470546722412,Fos
Ctrl_Spleen,spleen,Ctrl,C7,3,0.0,0.0,Fos
T2_Thymus,thymus,T2,C0,20,0.7,1.4508649408817291,Fos
T2_Thymus,thymus,T2,C1,1,0.0,0.0,Fos
T2_Thymus,thymus,T2,C2,50,0.24,0.5412987017631531,Fos
T2_Thymus,thymus,T2,C3,7,0.42857142857142855,0.6322666917528424,Fos
T2_Thymus,thymus,T2,C4,2,0.0,0.0,Fos
T2_Thymus,thymus,T2,C5-1,10,0.6,1.3898521661758423,Fos
T2_Thymus,thymus,T2,C5-2,36,0.6944444444444444,1.4379995266596477,Fos
T2_Thymus,thymus,T2,C6,1087,0.6228150873965042,1.3408389881650788,Fos
T2_Thymus,thymus,T2,C7,44,0.13636363636363635,0.2557009052146565,Fos
T2_BM,bone_marrow,T2,C0,2090,0.32966507177033494,0.5519927346535276,Fos
T2_BM,bone_marrow,T2,C1,32,0.21875,0.3092593513429165,Fos
T2_BM,bone_marrow,T2,C2,67,0.16417910447761194,0.40154941402264493,Fos
T2_BM,bone_marrow,T2,C3,115,0.21739130434782608,0.3711403452831766,Fos
T2_BM,bone_marrow,T2,C4,223,0.39461883408071746,0.6748066156968943,Fos
T2_BM,bone_marrow,T2,C5-1,85,0.36470588235294116,0.6420096053796656,Fos
T2_BM,bone_marrow,T2,C5-2,96,0.19791666666666666,0.30852641475697357,Fos
T2_BM,bone_marrow,T2,C6,23,0.5652173913043478,1.073307711145152,Fos
T2_Spleen,spleen,T2,C0,88,0.20454545454545456,0.2890698245980523,Fos
T2_Spleen,spleen,T2,C1,45,0.2,0.2525496562321981,Fos
T2_Spleen,spleen,T2,C2,74,0.06756756756756757,0.1366315306843938,Fos
T2_Spleen,spleen,T2,C3,2557,0.17833398513883458,0.24711674118489552,Fos
T2_Spleen,spleen,T2,C4,208,0.125,0.16532829289252943,Fos
T2_Spleen,spleen,T2,C5-1,345,0.1681159420289855,0.18535000638685364,Fos
T2_Spleen,spleen,T2,C5-2,42,0.11904761904761904,0.15728035143443517,Fos
T2_Spleen,spleen,T2,C6,12,0.0,0.0,Fos
Ctrl_Thymus,thymus,Ctrl,C1,2,0.5,0.5367616415023804,Gata3
Ctrl_Thymus,thymus,Ctrl,C2,64,0.09375,0.21404763124883175,Gata3
Ctrl_Thymus,thymus,Ctrl,C4,14,0.42857142857142855,0.7080360054969788,Gata3
Ctrl_Thymus,thymus,Ctrl,C5-1,9,0.3333333333333333,0.34992027282714844,Gata3
Ctrl_Thymus,thymus,Ctrl,C5-2,11,0.7272727272727273,0.9328220811757174,Gata3
Ctrl_Thymus,thymus,Ctrl,C6,1227,0.4286878565607172,0.542446760890342,Gata3
Ctrl_Thymus,thymus,Ctrl,C7,45,0.17777777777777778,0.29246013826794093,Gata3
Ctrl_BM,bone_marrow,Ctrl,C0,2533,0.43071456770627714,0.5833334862315227,Gata3
Ctrl_BM,bone_marrow,Ctrl,C1,46,0.30434782608695654,0.4058928424897401,Gata3
Ctrl_BM,bone_marrow,Ctrl,C2,78,0.14102564102564102,0.32498431817079204,Gata3
Ctrl_BM,bone_marrow,Ctrl,C3,236,0.4830508474576271,0.662104760691271,Gata3
Ctrl_BM,bone_marrow,Ctrl,C4,244,0.3524590163934426,0.4727065550987838,Gata3
Ctrl_BM,bone_marrow,Ctrl,C5-1,124,0.31451612903225806,0.4581101993399282,Gata3
Ctrl_BM,bone_marrow,Ctrl,C5-2,104,0.5,0.6256398426798674,Gata3
Ctrl_BM,bone_marrow,Ctrl,C6,14,0.35714285714285715,0.47268082414354595,Gata3
Ctrl_Spleen,spleen,Ctrl,C0,97,0.5051546391752577,0.717412433673426,Gata3
Ctrl_Spleen,spleen,Ctrl,C1,36,0.5555555555555556,0.7093746562798818,Gata3
Ctrl_Spleen,spleen,Ctrl,C2,45,0.2,0.46374429066975914,Gata3
Ctrl_Spleen,spleen,Ctrl,C3,2762,0.46053584359160027,0.657802249170748,Gata3
Ctrl_Spleen,spleen,Ctrl,C4,196,0.49489795918367346,0.7021958548195508,Gata3
Ctrl_Spleen,spleen,Ctrl,C5-1,239,0.5062761506276151,0.6419999599456787,Gata3
Ctrl_Spleen,spleen,Ctrl,C5-2,28,0.5357142857142857,0.7407018968037197,Gata3
Ctrl_Spleen,spleen,Ctrl,C6,16,0.4375,0.5119542442262173,Gata3
Ctrl_Spleen,spleen,Ctrl,C7,3,0.0,0.0,Gata3
T2_Thymus,thymus,T2,C0,20,0.5,0.7068678498268127,Gata3
T2_Thymus,thymus,T2,C1,1,0.0,0.0,Gata3
T2_Thymus,thymus,T2,C2,50,0.06,0.12512067556381226,Gata3
T2_Thymus,thymus,T2,C3,7,0.2857142857142857,0.5643013545445034,Gata3
T2_Thymus,thymus,T2,C4,2,0.5,0.49088388681411743,Gata3
T2_Thymus,thymus,T2,C5-1,10,0.4,0.4435259163379669,Gata3
T2_Thymus,thymus,T2,C5-2,36,0.4722222222222222,0.5967868914206823,Gata3
T2_Thymus,thymus,T2,C6,1087,0.3983440662373505,0.4936480222761686,Gata3
T2_Thymus,thymus,T2,C7,44,0.18181818181818182,0.30036213994026184,Gata3
T2_BM,bone_marrow,T2,C0,2090,0.44354066985645935,0.5938466414595335,Gata3
T2_BM,bone_marrow,T2,C1,32,0.28125,0.38240018486976624,Gata3
T2_BM,bone_marrow,T2,C2,67,0.07462686567164178,0.17463695469187268,Gata3
T2_BM,bone_marrow,T2,C3,115,0.3739130434782609,0.5316419404485951,Gata3
T2_BM,bone_marrow,T2,C4,223,0.43946188340807174,0.5300109383771238,Gata3
T2_BM,bone_marrow,T2,C5-1,85,0.5647058823529412,0.6847956194597132,Gata3
T2_BM,bone_marrow,T2,C5-2,96,0.5,0.5904978470255932,Gata3
T2_BM,bone_marrow,T2,C6,23,0.6086956521739131,0.7871718328932057,Gata3
T2_Spleen,spleen,T2,C0,88,0.5113636363636364,0.6699146445501934,Gata3
T2_Spleen,spleen,T2,C1,45,0.37777777777777777,0.5008995864126418,Gata3
T2_Spleen,spleen,T2,C2,74,0.13513513513513514,0.28306418496209224,Gata3
T2_Spleen,spleen,T2,C3,2557,0.43253813062182245,0.6042642596647242,Gata3
T2_Spleen,spleen,T2,C4,208,0.47115384615384615,0.6443058040279609,Gata3
T2_Spleen,spleen,T2,C5-1,345,0.4782608695652174,0.5835329114526943,Gata3
T2_Spleen,spleen,T2,C5-2,42,0.5,0.6446132787636348,Gata3
T2_Spleen,spleen,T2,C6,12,0.3333333333333333,0.4651069889465968,Gata3
Ctrl_Thymus,thymus,Ctrl,C1,2,0.5,0.5367616415023804,Gzma
Ctrl_Thymus,thymus,Ctrl,C2,64,0.046875,0.15563594549894333,Gzma
Ctrl_Thymus,thymus,Ctrl,C4,14,0.5,1.3101446884019035,Gzma
Ctrl_Thymus,thymus,Ctrl,C5-1,9,0.1111111111111111,0.09468075964185926,Gzma
Ctrl_Thymus,thymus,Ctrl,C5-2,11,0.0,0.0,Gzma
Ctrl_Thymus,thymus,Ctrl,C6,1227,0.23471882640586797,0.5942139166977314,Gzma
Ctrl_Thymus,thymus,Ctrl,C7,45,0.13333333333333333,0.21640035178926256,Gzma
Ctrl_BM,bone_marrow,Ctrl,C0,2533,0.022108172127911566,0.026646268212461115,Gzma
Ctrl_BM,bone_marrow,Ctrl,C1,46,0.043478260869565216,0.04470673592194267,Gzma
Ctrl_BM,bone_marrow,Ctrl,C2,78,0.05128205128205128,0.1450775892306597,Gzma
Ctrl_BM,bone_marrow,Ctrl,C3,236,0.05084745762711865,0.06618790151709217,Gzma
Ctrl_BM,bone_marrow,Ctrl,C4,244,0.1762295081967213,0.3655983930239912,Gzma
Ctrl_BM,bone_marrow,Ctrl,C5-1,124,0.056451612903225805,0.0628124903286657,Gzma
Ctrl_BM,bone_marrow,Ctrl,C5-2,104,0.019230769230769232,0.019506362768319938,Gzma
Ctrl_BM,bone_marrow,Ctrl,C6,14,0.2857142857142857,0.6829268165997097,Gzma
Ctrl_Spleen,spleen,Ctrl,C0,97,0.010309278350515464,0.013789392009223859,Gzma
Ctrl_Spleen,spleen,Ctrl,C1,36,0.027777777777777776,0.03305283851093716,Gzma
Ctrl_Spleen,spleen,Ctrl,C2,45,0.044444444444444446,0.08987997902764214,Gzma
Ctrl_Spleen,spleen,Ctrl,C3,2762,0.020637219406227373,0.02583510015944827,Gzma
Ctrl_Spleen,spleen,Ctrl,C4,196,0.21428571428571427,0.5224214609788389,Gzma
Ctrl_Spleen,spleen,Ctrl,C5-1,239,0.02510460251046025,0.02834524220502526,Gzma
Ctrl_Spleen,spleen,Ctrl,C5-2,28,0.03571428571428571,0.04810611265046256,Gzma
Ctrl_Spleen,spleen,Ctrl,C6,16,0.1875,0.40298542380332947,Gzma
Ctrl_Spleen,spleen,Ctrl,C7,3,0.0,0.0,Gzma
T2_Thymus,thymus,T2,C0,20,0.05,0.06576056480407715,Gzma
T2_Thymus,thymus,T2,C1,1,0.0,0.0,Gzma
T2_Thymus,thymus,T2,C2,50,0.02,0.03978979825973511,Gzma
T2_Thymus,thymus,T2,C3,7,0.0,0.0,Gzma
T2_Thymus,thymus,T2,C4,2,1.0,2.3050872683525085,Gzma
T2_Thymus,thymus,T2,C5-1,10,0.0,0.0,Gzma
T2_Thymus,thymus,T2,C5-2,36,0.0,0.0,Gzma
T2_Thymus,thymus,T2,C6,1087,0.19043238270469182,0.45076259918572603,Gzma
T2_Thymus,thymus,T2,C7,44,0.09090909090909091,0.14556503837758844,Gzma
T2_BM,bone_marrow,T2,C0,2090,0.011961722488038277,0.014643341759175204,Gzma
T2_BM,bone_marrow,T2,C1,32,0.09375,0.10898293741047382,Gzma
T2_BM,bone_marrow,T2,C2,67,0.0,0.0,Gzma
T2_BM,bone_marrow,T2,C3,115,0.017391304347826087,0.03313762208689814,Gzma
T2_BM,bone_marrow,T2,C4,223,0.19730941704035873,0.33350186871840815,Gzma
T2_BM,bone_marrow,T2,C5-1,85,0.0,0.0,Gzma
T2_BM,bone_marrow,T2,C5-2,96,0.0,0.0,Gzma
T2_BM,bone_marrow,T2,C6,23,0.17391304347826086,0.35426631699437683,Gzma
T2_Spleen,spleen,T2,C0,88,0.03409090909090909,0.0547579052773389,Gzma
T2_Spleen,spleen,T2,C1,45,0.0,0.0,Gzma
T2_Spleen,spleen,T2,C2,74,0.013513513513513514,0.03274066061586947,Gzma
T2_Spleen,spleen,T2,C3,2557,0.01368791552600704,0.016994800775555555,Gzma
T2_Spleen,spleen,T2,C4,208,0.23076923076923078,0.5301777984087284,Gzma
T2_Spleen,spleen,T2,C5-1,345,0.008695652173913044,0.009967186139977496,Gzma
T2_Spleen,spleen,T2,C5-2,42,0.0,0.0,Gzma
T2_Spleen,spleen,T2,C6,12,0.5,1.1855750878651936,Gzma
Ctrl_Thymus,thymus,Ctrl,C1,2,0.5,0.9567677974700928,Gzmb
Ctrl_Thymus,thymus,Ctrl,C2,64,0.234375,0.6879366338253021,Gzmb
Ctrl_Thymus,thymus,Ctrl,C4,14,0.5714285714285714,0.8872246742248535,Gzmb
Ctrl_Thymus,thymus,Ctrl,C5-1,9,0.1111111111111111,0.10342366165584987,Gzmb
Ctrl_Thymus,thymus,Ctrl,C5-2,11,0.0,0.0,Gzmb
Ctrl_Thymus,thymus,Ctrl,C6,1227,0.6617766911165445,1.2506765499285983,Gzmb
Ctrl_Thymus,thymus,Ctrl,C7,45,0.0,0.0,Gzmb
Ctrl_BM,bone_marrow,Ctrl,C0,2533,0.0986971969996052,0.14409888524854791,Gzmb
Ctrl_BM,bone_marrow,Ctrl,C1,46,0.2391304347826087,0.4929296633471613,Gzmb
Ctrl_BM,bone_marrow,Ctrl,C2,78,0.07692307692307693,0.17518217594195634,Gzmb
Ctrl_BM,bone_marrow,Ctrl,C3,236,0.05084745762711865,0.06635117631847576,Gzmb
Ctrl_BM,bone_marrow,Ctrl,C4,244,0.28688524590163933,0.4314998224621914,Gzmb
Ctrl_BM,bone_marrow,Ctrl,C5-1,124,0.03225806451612903,0.039450844449381677,Gzmb
Ctrl_BM,bone_marrow,Ctrl,C5-2,104,0.038461538461538464,0.042101328762678,Gzmb
Ctrl_BM,bone_marrow,Ctrl,C6,14,0.7857142857142857,1.4964147635868617,Gzmb
Ctrl_Spleen,spleen,Ctrl,C0,97,0.10309278350515463,0.12782080640497895,Gzmb
Ctrl_Spleen,spleen,Ctrl,C1,36,0.2222222222222222,0.30019332634078133,Gzmb
Ctrl_Spleen,spleen,Ctrl,C2,45,0.022222222222222223,0.05292645030551486,Gzmb
Ctrl_Spleen,spleen,Ctrl,C3,2762,0.04634322954380883,0.06277668243038059,Gzmb
Ctrl_Spleen,spleen,Ctrl,C4,196,0.33163265306122447,0.48671592315848994,Gzmb
Ctrl_Spleen,spleen,Ctrl,C5-1,239,0.029288702928870293,0.02978180916239527,Gzmb
Ctrl_Spleen,spleen,Ctrl,C5-2,28,0.03571428571428571,0.03322670715195792,Gzmb
Ctrl_Spleen,spleen,Ctrl,C6,16,0.5625,0.9230406433343887,Gzmb
Ctrl_Spleen,spleen,Ctrl,C7,3,0.0,0.0,Gzmb
T2_Thymus,thymus,T2,C0,20,0.1,0.2459511160850525,Gzmb
T2_Thymus,thymus,T2,C1,1,0.0,0.0,Gzmb
T2_Thymus,thymus,T2,C2,50,0.36,0.8936462330818177,Gzmb
T2_Thymus,thymus,T2,C3,7,0.0,0.0,Gzmb
T2_Thymus,thymus,T2,C4,2,0.5,1.4116648435592651,Gzmb
T2_Thymus,thymus,T2,C5-1,10,0.0,0.0,Gzmb
T2_Thymus,thymus,T2,C5-2,36,0.027777777777777776,0.04097545146942139,Gzmb
T2_Thymus,thymus,T2,C6,1087,0.6651333946642134,1.282993977017214,Gzmb
T2_Thymus,thymus,T2,C7,44,0.022727272727272728,0.042680967937816276,Gzmb
T2_BM,bone_marrow,T2,C0,2090,0.10956937799043062,0.16956457304612302,Gzmb
T2_BM,bone_marrow,T2,C1,32,0.25,0.42083294317126274,Gzmb
T2_BM,bone_marrow,T2,C2,67,0.05970149253731343,0.13463891264218003,Gzmb
T2_BM,bone_marrow,T2,C3,115,0.0782608695652174,0.14024860755256985,Gzmb
T2_BM,bone_marrow,T2,C4,223,0.43946188340807174,0.6984707218649141,Gzmb
T2_BM,bone_marrow,T2,C5-1,85,0.047058823529411764,0.08283745681538301,Gzmb
T2_BM,bone_marrow,T2,C5-2,96,0.010416666666666666,0.011590355386336645,Gzmb
T2_BM,bone_marrow,T2,C6,23,0.7391304347826086,1.1655812937280405,Gzmb
T2_Spleen,spleen,T2,C0,88,0.14772727272727273,0.20877518301660364,Gzmb
T2_Spleen,spleen,T2,C1,45,0.022222222222222223,0.06875918176439073,Gzmb
T2_Spleen,spleen,T2,C2,74,0.0,0.0,Gzmb
T2_Spleen,spleen,T2,C3,2557,0.033242080563159956,0.0448153768613276,Gzmb
T2_Spleen,spleen,T2,C4,208,0.375,0.571249381853984,Gzmb
T2_Spleen,spleen,T2,C5-1,345,0.02608695652173913,0.03054139113080674,Gzmb
T2_Spleen,spleen,T2,C5-2,42,0.023809523809523808,0.024516278789156958,Gzmb
T2_Spleen,spleen,T2,C6,12,0.9166666666666666,1.6609430611133575,Gzmb
Ctrl_Thymus,thymus,Ctrl,C1,2,0.0,0.0,Hivep3
Ctrl_Thymus,thymus,Ctrl,C2,64,0.015625,0.033135537058115005,Hivep3
Ctrl_Thymus,thymus,Ctrl,C4,14,0.21428571428571427,0.23213304792131698,Hivep3
Ctrl_Thymus,thymus,Ctrl,C5-1,9,0.1111111111111111,0.18540088335673013,Hivep3
Ctrl_Thymus,thymus,Ctrl,C5-2,11,0.09090909090909091,0.08323920314962213,Hivep3
Ctrl_Thymus,thymus,Ctrl,C6,1227,0.0945395273023635,0.11006562483437,Hivep3
Ctrl_Thymus,thymus,Ctrl,C7,45,0.2222222222222222,0.43701939980189003,Hivep3
Ctrl_BM,bone_marrow,Ctrl,C0,2533,0.09593367548361627,0.11534938664479638,Hivep3
Ctrl_BM,bone_marrow,Ctrl,C1,46,0.10869565217391304,0.13017633946045584,Hivep3
Ctrl_BM,bone_marrow,Ctrl,C2,78,0.038461538461538464,0.10613299027467385,Hivep3
Ctrl_BM,bone_marrow,Ctrl,C3,236,0.1228813559322034,0.16395097794169086,Hivep3
Ctrl_BM,bone_marrow,Ctrl,C4,244,0.07377049180327869,0.07697356431210628,Hivep3
Ctrl_BM,bone_marrow,Ctrl,C5-1,124,0.08064516129032258,0.11868761960537202,Hivep3
Ctrl_BM,bone_marrow,Ctrl,C5-2,104,0.07692307692307693,0.09849972621752666,Hivep3
Ctrl_BM,bone_marrow,Ctrl,C6,14,0.14285714285714285,0.15564980677195958,Hivep3
Ctrl_Spleen,spleen,Ctrl,C0,97,0.05154639175257732,0.06450434443876915,Hivep3
Ctrl_Spleen,spleen,Ctrl,C1,36,0.027777777777777776,0.04758273892932468,Hivep3
Ctrl_Spleen,spleen,Ctrl,C2,45,0.0,0.0,Hivep3
Ctrl_Spleen,spleen,Ctrl,C3,2762,0.10391020999275886,0.13115240108008663,Hivep3
Ctrl_Spleen,spleen,Ctrl,C4,196,0.03571428571428571,0.04445722395060014,Hivep3
Ctrl_Spleen,spleen,Ctrl,C5-1,239,0.09623430962343096,0.11349954764713303,Hivep3
Ctrl_Spleen,spleen,Ctrl,C5-2,28,0.0,0.0,Hivep3
Ctrl_Spleen,spleen,Ctrl,C6,16,0.125,0.12793875113129616,Hivep3
Ctrl_Spleen,spleen,Ctrl,C7,3,0.0,0.0,Hivep3
T2_Thymus,thymus,T2,C0,20,0.05,0.0639731228351593,Hivep3
T2_Thymus,thymus,T2,C1,1,0.0,0.0,Hivep3
T2_Thymus,thymus,T2,C2,50,0.08,0.19897208690643312,Hivep3
T2_Thymus,thymus,T2,C3,7,0.14285714285714285,0.1797351496560233,Hivep3
T2_Thymus,thymus,T2,C4,2,0.5,0.49088388681411743,Hivep3
T2_Thymus,thymus,T2,C5-1,10,0.0,0.0,Hivep3
T2_Thymus,thymus,T2,C5-2,36,0.05555555555555555,0.04739783704280853,Hivep3
T2_Thymus,thymus,T2,C6,1087,0.09751609935602576,0.11225538930436725,Hivep3
T2_Thymus,thymus,T2,C7,44,0.06818181818181818,0.13142328641631387,Hivep3
T2_BM,bone_marrow,T2,C0,2090,0.10526315789473684,0.1270594721205497,Hivep3
T2_BM,bone_marrow,T2,C1,32,0.0625,0.09519878402352333,Hivep3
T2_BM,bone_marrow,T2,C2,67,0.04477611940298507,0.10182276946395191,Hivep3
T2_BM,bone_marrow,T2,C3,115,0.11304347826086956,0.14260901212692262,Hivep3
T2_BM,bone_marrow,T2,C4,223,0.03587443946188341,0.0396120027041756,Hivep3
T2_BM,bone_marrow,T2,C5-1,85,0.10588235294117647,0.13053526387495154,Hivep3
T2_BM,bone_marrow,T2,C5-2,96,0.03125,0.029603078340490658,Hivep3
T2_BM,bone_marrow,T2,C6,23,0.13043478260869565,0.13788075032441513,Hivep3
T2_Spleen,spleen,T2,C0,88,0.10227272727272728,0.12120970474048094,Hivep3
T2_Spleen,spleen,T2,C1,45,0.1111111111111111,0.13198804590437146,Hivep3
T2_Spleen,spleen,T2,C2,74,0.02702702702702703,0.04174656964637138,Hivep3
T2_Spleen,spleen,T2,C3,2557,0.11458740711771608,0.14281946175910554,Hivep3
T2_Spleen,spleen,T2,C4,208,0.04807692307692308,0.052566514851955265,Hivep3
T2_Spleen,spleen,T2,C5-1,345,0.05217391304347826,0.055349659574204596,Hivep3
T2_Spleen,spleen,T2,C5-2,42,0.047619047619047616,0.0551667468888419,Hivep3
T2_Spleen,spleen,T2,C6,12,0.08333333333333333,0.0828813264767329,Hivep3
Ctrl_Thymus,thymus,Ctrl,C1,2,0.5,0.7775462865829468,Hsp90aa1
Ctrl_Thymus,thymus,Ctrl,C2,64,0.265625,0.7730076685547829,Hsp90aa1
Ctrl_Thymus,thymus,Ctrl,C4,14,0.7857142857142857,1.172279953956604,Hsp90aa1
Ctrl_Thymus,thymus,Ctrl,C5-1,9,0.8888888888888888,1.76528176996443,Hsp90aa1
Ctrl_Thymus,thymus,Ctrl,C5-2,11,1.0,1.7463748888535933,Hsp90aa1
Ctrl_Thymus,thymus,Ctrl,C6,1227,0.8801955990220048,1.6086367628102198,Hsp90aa1
Ctrl_Thymus,thymus,Ctrl,C7,45,0.8,2.207177021768358,Hsp90aa1
Ctrl_BM,bone_marrow,Ctrl,C0,2533,0.6999605211212001,1.095819606476982,Hsp90aa1
Ctrl_BM,bone_marrow,Ctrl,C1,46,0.6956521739130435,1.2166093924771184,Hsp90aa1
Ctrl_BM,bone_marrow,Ctrl,C2,78,0.3076923076923077,0.7710195519985297,Hsp90aa1
Ctrl_BM,bone_marrow,Ctrl,C3,236,0.673728813559322,1.1828378173759428,Hsp90aa1
Ctrl_BM,bone_marrow,Ctrl,C4,244,0.8073770491803278,1.2218691789713063,Hsp90aa1
Ctrl_BM,bone_marrow,Ctrl,C5-1,124,0.6854838709677419,1.1259056329727173,Hsp90aa1
Ctrl_BM,bone_marrow,Ctrl,C5-2,104,0.7692307692307693,1.1770865114835591,Hsp90aa1
Ctrl_BM,bone_marrow,Ctrl,C6,14,0.7857142857142857,0.9950465474809919,Hsp90aa1
Ctrl_Spleen,spleen,Ctrl,C0,97,0.5773195876288659,0.9327107803108766,Hsp90aa1
Ctrl_Spleen,spleen,Ctrl,C1,36,0.7222222222222222,1.185975710550944,Hsp90aa1
Ctrl_Spleen,spleen,Ctrl,C2,45,0.2222222222222222,0.49929778046078155,Hsp90aa1
Ctrl_Spleen,spleen,Ctrl,C3,2762,0.6469949312092687,1.033545692380488,Hsp90aa1
Ctrl_Spleen,spleen,Ctrl,C4,196,0.7806122448979592,1.246750921010971,Hsp90aa1
Ctrl_Spleen,spleen,Ctrl,C5-1,239,0.8242677824267782,1.2445134173876071,Hsp90aa1
Ctrl_Spleen,spleen,Ctrl,C5-2,28,0.8214285714285714,1.201419425862176,Hsp90aa1
Ctrl_Spleen,spleen,Ctrl,C6,16,0.875,1.3423199951648712,Hsp90aa1
Ctrl_Spleen,spleen,Ctrl,C7,3,0.6666666666666666,1.7366740703582764,Hsp90aa1
T2_Thymus,thymus,T2,C0,20,0.85,1.746195763349533,Hsp90aa1
T2_Thymus,thymus,T2,C1,1,1.0,2.3684234619140625,Hsp90aa1
T2_Thymus,thymus,T2,C2,50,0.48,1.207972366809845,Hsp90aa1
T2_Thymus,thymus,T2,C3,7,0.7142857142857143,1.3517932040350777,Hsp90aa1
T2_Thymus,thymus,T2,C4,2,1.0,1.4472914934158325,Hsp90aa1
T2_Thymus,thymus,T2,C5-1,10,1.0,1.9045514106750487,Hsp90aa1
T2_Thymus,thymus,T2,C5-2,36,0.9166666666666666,1.6766569217046101,Hsp90aa1
T2_Thymus,thymus,T2,C6,1087,0.8840846366145354,1.622824112318367,Hsp90aa1
T2_Thymus,thymus,T2,C7,44,0.8636363636363636,2.0686049921946092,Hsp90aa1
T2_BM,bone_marrow,T2,C0,2090,0.707177033492823,1.132525532325489,Hsp90aa1
T2_BM,bone_marrow,T2,C1,32,0.625,0.9320831336081028,Hsp90aa1
T2_BM,bone_marrow,T2,C2,67,0.208955223880597,0.49191880937832505,Hsp90aa1
T2_BM,bone_marrow,T2,C3,115,0.7478260869565218,1.2575268833533577,Hsp90aa1
T2_BM,bone_marrow,T2,C4,223,0.8071748878923767,1.2684404248613947,Hsp90aa1
T2_BM,bone_marrow,T2,C5-1,85,0.8,1.2246113812222201,Hsp90aa1
T2_BM,bone_marrow,T2,C5-2,96,0.8020833333333334,1.1835660661260288,Hsp90aa1
T2_BM,bone_marrow,T2,C6,23,0.8260869565217391,1.49401158871858,Hsp90aa1
T2_Spleen,spleen,T2,C0,88,0.5795454545454546,0.835531668906862,Hsp90aa1
T2_Spleen,spleen,T2,C1,45,0.5333333333333333,0.7931680652830336,Hsp90aa1
T2_Spleen,spleen,T2,C2,74,0.28378378378378377,0.5712697699263289,Hsp90aa1
T2_Spleen,spleen,T2,C3,2557,0.6050058662495111,0.9134512338080721,Hsp90aa1
T2_Spleen,spleen,T2,C4,208,0.6153846153846154,0.9140180773459948,Hsp90aa1
T2_Spleen,spleen,T2,C5-1,345,0.7565217391304347,1.0432208712550177,Hsp90aa1
T2_Spleen,spleen,T2,C5-2,42,0.8333333333333334,1.105204191945848,Hsp90aa1
T2_Spleen,spleen,T2,C6,12,0.6666666666666666,0.9369724293549856,Hsp90aa1
Ctrl_Thymus,thymus,Ctrl,C1,2,1.0,3.5421249866485596,Hsp90ab1
Ctrl_Thymus,thymus,Ctrl,C2,64,0.765625,2.4551439955830574,Hsp90ab1
Ctrl_Thymus,thymus,Ctrl,C4,14,1.0,2.7316869156701222,Hsp90ab1
Ctrl_Thymus,thymus,Ctrl,C5-1,9,1.0,3.207442045211792,Hsp90ab1
Ctrl_Thymus,thymus,Ctrl,C5-2,11,1.0,3.134670127521862,Hsp90ab1
Ctrl_Thymus,thymus,Ctrl,C6,1227,0.9959250203748982,3.0466958010400713,Hsp90ab1
Ctrl_Thymus,thymus,Ctrl,C7,45,0.9333333333333333,3.0028531736797754,Hsp90ab1
Ctrl_BM,bone_marrow,Ctrl,C0,2533,0.9798657718120806,2.4896408016155513,Hsp90ab1
Ctrl_BM,bone_marrow,Ctrl,C1,46,0.9782608695652174,2.629893818627233,Hsp90ab1
Ctrl_BM,bone_marrow,Ctrl,C2,78,0.717948717948718,2.013416038109706,Hsp90ab1
Ctrl_BM,bone_marrow,Ctrl,C3,236,0.9703389830508474,2.6662019662937877,Hsp90ab1
Ctrl_BM,bone_marrow,Ctrl,C4,244,0.9959016393442623,2.724569289899263,Hsp90ab1
Ctrl_BM,bone_marrow,Ctrl,C5-1,124,1.0,2.822169429832889,Hsp90ab1
Ctrl_BM,bone_marrow,Ctrl,C5-2,104,0.9807692307692307,2.642910900024267,Hsp90ab1
Ctrl_BM,bone_marrow,Ctrl,C6,14,0.9285714285714286,2.6142650842666626,Hsp90ab1
Ctrl_Spleen,spleen,Ctrl,C0,97,0.979381443298969,2.5545169852443577,Hsp90ab1
Ctrl_Spleen,spleen,Ctrl,C1,36,0.9722222222222222,2.5542236732112036,Hsp90ab1
Ctrl_Spleen,spleen,Ctrl,C2,45,0.6666666666666666,1.8635095490349665,Hsp90ab1
Ctrl_Spleen,spleen,Ctrl,C3,2762,0.9764663287472846,2.493440605500399,Hsp90ab1
Ctrl_Spleen,spleen,Ctrl,C4,196,1.0,2.674830142940794,Hsp90ab1
Ctrl_Spleen,spleen,Ctrl,C5-1,239,0.99581589958159,2.800980826800837,Hsp90ab1
Ctrl_Spleen,spleen,Ctrl,C5-2,28,1.0,2.804040299994605,Hsp90ab1
Ctrl_Spleen,spleen,Ctrl,C6,16,1.0,2.5938820466399193,Hsp90ab1
Ctrl_Spleen,spleen,Ctrl,C7,3,1.0,3.055539846420288,Hsp90ab1
T2_Thymus,thymus,T2,C0,20,0.95,2.7749387085437776,Hsp90ab1
T2_Thymus,thymus,T2,C1,1,0.0,0.0,Hsp90ab1
T2_Thymus,thymus,T2,C2,50,0.78,2.3660422730445863,Hsp90ab1
T2_Thymus,thymus,T2,C3,7,1.0,2.697462831224714,Hsp90ab1
T2_Thymus,thymus,T2,C4,2,1.0,2.2039695978164673,Hsp90ab1
T2_Thymus,thymus,T2,C5-1,10,1.0,3.222980499267578,Hsp90ab1
T2_Thymus,thymus,T2,C5-2,36,1.0,2.9381801750924854,Hsp90ab1
T2_Thymus,thymus,T2,C6,1087,0.9963201471941122,2.9705239115445683,Hsp90ab1
T2_Thymus,thymus,T2,C7,44,0.9090909090909091,2.610377845439044,Hsp90ab1
T2_BM,bone_marrow,T2,C0,2090,0.9818181818181818,2.38756062143157,Hsp90ab1
T2_BM,bone_marrow,T2,C1,32,1.0,2.4565791971981525,Hsp90ab1
T2_BM,bone_marrow,T2,C2,67,0.6865671641791045,1.7830890772947625,Hsp90ab1
T2_BM,bone_marrow,T2,C3,115,0.9565217391304348,2.4306013542672864,Hsp90ab1
T2_BM,bone_marrow,T2,C4,223,0.9955156950672646,2.604803860989387,Hsp90ab1
T2_BM,bone_marrow,T2,C5-1,85,0.9764705882352941,2.6089673456023723,Hsp90ab1
T2_BM,bone_marrow,T2,C5-2,96,0.9895833333333334,2.595536279181639,Hsp90ab1
T2_BM,bone_marrow,T2,C6,23,1.0,2.6896475657172827,Hsp90ab1
T2_Spleen,spleen,T2,C0,88,0.9659090909090909,2.350680650635199,Hsp90ab1
T2_Spleen,spleen,T2,C1,45,1.0,2.375207710266113,Hsp90ab1
T2_Spleen,spleen,T2,C2,74,0.5675675675675675,1.3600383078729785,Hsp90ab1
T2_Spleen,spleen,T2,C3,2557,0.9616738365271803,2.2930971136725318,Hsp90ab1
T2_Spleen,spleen,T2,C4,208,0.9951923076923077,2.463903605364836,Hsp90ab1
T2_Spleen,spleen,T2,C5-1,345,0.9971014492753624,2.6174296817917755,Hsp90ab1
T2_Spleen,spleen,T2,C5-2,42,1.0,2.492184355145409,Hsp90ab1
T2_Spleen,spleen,T2,C6,12,1.0,2.601005802551905,Hsp90ab1
Ctrl_Thymus,thymus,Ctrl,C1,2,0.0,0.0,Hspa1a
Ctrl_Thymus,thymus,Ctrl,C2,64,0.171875,0.5473443828523159,Hspa1a
Ctrl_Thymus,thymus,Ctrl,C4,14,0.0,0.0,Hspa1a
Ctrl_Thymus,thymus,Ctrl,C5-1,9,0.6666666666666666,1.477772381570604,Hspa1a
Ctrl_Thymus,thymus,Ctrl,C5-2,11,0.36363636363636365,0.8198395100506869,Hspa1a
Ctrl_Thymus,thymus,Ctrl,C6,1227,0.4710676446617767,1.1753166428696555,Hspa1a
Ctrl_Thymus,thymus,Ctrl,C7,45,0.2222222222222222,0.439753172132704,Hspa1a
Ctrl_BM,bone_marrow,Ctrl,C0,2533,0.09435452033162259,0.12772832780876417,Hspa1a
Ctrl_BM,bone_marrow,Ctrl,C1,46,0.17391304347826086,0.22458606699238653,Hspa1a
Ctrl_BM,bone_marrow,Ctrl,C2,78,0.05128205128205128,0.1483665093397483,Hspa1a
Ctrl_BM,bone_marrow,Ctrl,C3,236,0.06779661016949153,0.08779191541469704,Hspa1a
Ctrl_BM,bone_marrow,Ctrl,C4,244,0.11885245901639344,0.17993518978845877,Hspa1a
Ctrl_BM,bone_marrow,Ctrl,C5-1,124,0.10483870967741936,0.14489431246634452,Hspa1a
Ctrl_BM,bone_marrow,Ctrl,C5-2,104,0.1346153846153846,0.1585588902235031,Hspa1a
Ctrl_BM,bone_marrow,Ctrl,C6,14,0.21428571428571427,0.3582684738295419,Hspa1a
Ctrl_Spleen,spleen,Ctrl,C0,97,0.061855670103092786,0.07429440242728007,Hspa1a
Ctrl_Spleen,spleen,Ctrl,C1,36,0.1111111111111111,0.1398494905895657,Hspa1a
Ctrl_Spleen,spleen,Ctrl,C2,45,0.08888888888888889,0.17670056025187175,Hspa1a
Ctrl_Spleen,spleen,Ctrl,C3,2762,0.07675597393193338,0.09868939588848531,Hspa1a
Ctrl_Spleen,spleen,Ctrl,C4,196,0.08163265306122448,0.09588021344068098,Hspa1a
Ctrl_Spleen,spleen,Ctrl,C5-1,239,0.06276150627615062,0.07086545827498496,Hspa1a
Ctrl_Spleen,spleen,Ctrl,C5-2,28,0.03571428571428571,0.03289814506258283,Hspa1a
Ctrl_Spleen,spleen,Ctrl,C6,16,0.0625,0.06919271498918533,Hspa1a
Ctrl_Spleen,spleen,Ctrl,C7,3,0.6666666666666666,1.7590020895004272,Hspa1a
T2_Thymus,thymus,T2,C0,20,0.45,1.0749311745166779,Hspa1a
T2_Thymus,thymus,T2,C1,1,0.0,0.0,Hspa1a
T2_Thymus,thymus,T2,C2,50,0.24,0.7171809792518615,Hspa1a
T2_Thymus,thymus,T2,C3,7,0.14285714285714285,0.43595620564052034,Hspa1a
T2_Thymus,thymus,T2,C4,2,0.5,0.7135455012321472,Hspa1a
T2_Thymus,thymus,T2,C5-1,10,0.6,1.6678252875804902,Hspa1a
T2_Thymus,thymus,T2,C5-2,36,0.5833333333333334,1.6872735884454515,Hspa1a
T2_Thymus,thymus,T2,C6,1087,0.5574977000919963,1.4915638671846925,Hspa1a
T2_Thymus,thymus,T2,C7,44,0.022727272727272728,0.055450905453075065,Hspa1a
T2_BM,bone_marrow,T2,C0,2090,0.15119617224880383,0.24241313306908857,Hspa1a
T2_BM,bone_marrow,T2,C1,32,0.25,0.38712937384843826,Hspa1a
T2_BM,bone_marrow,T2,C2,67,0.05970149253731343,0.1325856144748517,Hspa1a
T2_BM,bone_marrow,T2,C3,115,0.0782608695652174,0.1449990231057872,Hspa1a
T2_BM,bone_marrow,T2,C4,223,0.2645739910313901,0.46024780530031484,Hspa1a
T2_BM,bone_marrow,T2,C5-1,85,0.23529411764705882,0.40244281011469224,Hspa1a
T2_BM,bone_marrow,T2,C5-2,96,0.11458333333333333,0.16595525294542313,Hspa1a
T2_BM,bone_marrow,T2,C6,23,0.43478260869565216,0.7633424971414648,Hspa1a
T2_Spleen,spleen,T2,C0,88,0.06818181818181818,0.08968608487736095,Hspa1a
T2_Spleen,spleen,T2,C1,45,0.1111111111111111,0.14093103408813476,Hspa1a
T2_Spleen,spleen,T2,C2,74,0.0945945945945946,0.19143984768841718,Hspa1a
T2_Spleen,spleen,T2,C3,2557,0.10598357450136879,0.14552424927917737,Hspa1a
T2_Spleen,spleen,T2,C4,208,0.13942307692307693,0.20222310893810713,Hspa1a
T2_Spleen,spleen,T2,C5-1,345,0.1391304347826087,0.1655893681705862,Hspa1a
T2_Spleen,spleen,T2,C5-2,42,0.09523809523809523,0.12339299349557786,Hspa1a
T2_Spleen,spleen,T2,C6,12,0.08333333333333333,0.07150254646937053,Hspa1a
Ctrl_Thymus,thymus,Ctrl,C1,2,0.5,0.5367616415023804,Hspa1b
Ctrl_Thymus,thymus,Ctrl,C2,64,0.21875,0.6813852936029434,Hspa1b
Ctrl_Thymus,thymus,Ctrl,C4,14,0.21428571428571427,0.4812374881335667,Hspa1b
Ctrl_Thymus,thymus,Ctrl,C5-1,9,0.4444444444444444,1.11493096086714,Hspa1b
Ctrl_Thymus,thymus,Ctrl,C5-2,11,0.45454545454545453,0.789880860935558,Hspa1b
Ctrl_Thymus,thymus,Ctrl,C6,1227,0.5721271393643031,1.2200884887525096,Hspa1b
Ctrl_Thymus,thymus,Ctrl,C7,45,0.15555555555555556,0.3010488960478041,Hspa1b
Ctrl_BM,bone_marrow,Ctrl,C0,2533,0.11330438215554678,0.15473598328871638,Hspa1b
Ctrl_BM,bone_marrow,Ctrl,C1,46,0.1956521739130435,0.2801307297271231,Hspa1b
Ctrl_BM,bone_marrow,Ctrl,C2,78,0.0641025641025641,0.1624526885839609,Hspa1b
Ctrl_BM,bone_marrow,Ctrl,C3,236,0.11016949152542373,0.1511359603728278,Hspa1b
Ctrl_BM,bone_marrow,Ctrl,C4,244,0.1598360655737705,0.23201448873418276,Hspa1b
Ctrl_BM,bone_marrow,Ctrl,C5-1,124,0.12903225806451613,0.17574757481774977,Hspa1b
Ctrl_BM,bone_marrow,Ctrl,C5-2,104,0.14423076923076922,0.177169612967051,Hspa1b
Ctrl_BM,bone_marrow,Ctrl,C6,14,0.6428571428571429,0.9006584286689758,Hspa1b
Ctrl_Spleen,spleen,Ctrl,C0,97,0.041237113402061855,0.05574641276880638,Hspa1b
Ctrl_Spleen,spleen,Ctrl,C1,36,0.08333333333333333,0.10610424313280317,Hspa1b
Ctrl_Spleen,spleen,Ctrl,C2,45,0.08888888888888889,0.16627933184305826,Hspa1b
Ctrl_Spleen,spleen,Ctrl,C3,2762,0.08580738595220855,0.10897736401336941,Hspa1b
Ctrl_Spleen,spleen,Ctrl,C4,196,0.08673469387755102,0.10608711717080097,Hspa1b
Ctrl_Spleen,spleen,Ctrl,C5-1,239,0.07531380753138076,0.0846069876618964,Hspa1b
Ctrl_Spleen,spleen,Ctrl,C5-2,28,0.07142857142857142,0.06691382825374603,Hspa1b
Ctrl_Spleen,spleen,Ctrl,C6,16,0.0625,0.14197984337806702,Hspa1b
Ctrl_Spleen,spleen,Ctrl,C7,3,0.0,0.0,Hspa1b
T2_Thymus,thymus,T2,C0,20,0.5,1.2358316481113434,Hspa1b
T2_Thymus,thymus,T2,C1,1,0.0,0.0,Hspa1b
T2_Thymus,thymus,T2,C2,50,0.4,1.0011328196525573,Hspa1b
T2_Thymus,thymus,T2,C3,7,0.14285714285714285,0.5627438340868268,Hspa1b
T2_Thymus,thymus,T2,C4,2,0.5,0.49088388681411743,Hspa1b
T2_Thymus,thymus,T2,C5-1,10,0.8,1.6901245713233948,Hspa1b
T2_Thymus,thymus,T2,C5-2,36,0.75,2.0395341283745236,Hspa1b
T2_Thymus,thymus,T2,C6,1087,0.7000919963201472,1.6888136517705452,Hspa1b
T2_Thymus,thymus,T2,C7,44,0.045454545454545456,0.0653959025036205,Hspa1b
T2_BM,bone_marrow,T2,C0,2090,0.22870813397129186,0.3681963861844186,Hspa1b
T2_BM,bone_marrow,T2,C1,32,0.21875,0.3293404020369053,Hspa1b
T2_BM,bone_marrow,T2,C2,67,0.05970149253731343,0.11886547928425803,Hspa1b
T2_BM,bone_marrow,T2,C3,115,0.1826086956521739,0.2703090999437415,Hspa1b
T2_BM,bone_marrow,T2,C4,223,0.4080717488789238,0.6216697048713273,Hspa1b
T2_BM,bone_marrow,T2,C5-1,85,0.25882352941176473,0.4529855622964747,Hspa1b
T2_BM,bone_marrow,T2,C5-2,96,0.17708333333333334,0.25392200735708076,Hspa1b
T2_BM,bone_marrow,T2,C6,23,0.5652173913043478,0.8852666927420575,Hspa1b
T2_Spleen,spleen,T2,C0,88,0.14772727272727273,0.16010671041228555,Hspa1b
T2_Spleen,spleen,T2,C1,45,0.044444444444444446,0.04261512756347656,Hspa1b
T2_Spleen,spleen,T2,C2,74,0.0945945945945946,0.21784982326868418,Hspa1b
T2_Spleen,spleen,T2,C3,2557,0.14861165428236214,0.20870821910488171,Hspa1b
T2_Spleen,spleen,T2,C4,208,0.1971153846153846,0.27852070761414677,Hspa1b
T2_Spleen,spleen,T2,C5-1,345,0.19130434782608696,0.2339388320411461,Hspa1b
T2_Spleen,spleen,T2,C5-2,42,0.19047619047619047,0.2737437770480201,Hspa1b
T2_Spleen,spleen,T2,C6,12,0.3333333333333333,0.4567473928133647,Hspa1b
Ctrl_Thymus,thymus,Ctrl,C1,2,1.0,3.280359983444214,Hspa8
Ctrl_Thymus,thymus,Ctrl,C2,64,0.734375,2.135056421160698,Hspa8
Ctrl_Thymus,thymus,Ctrl,C4,14,1.0,2.5418600099427358,Hspa8
Ctrl_Thymus,thymus,Ctrl,C5-1,9,1.0,2.541803412967258,Hspa8
Ctrl_Thymus,thymus,Ctrl,C5-2,11,1.0,2.8158273696899414,Hspa8
Ctrl_Thymus,thymus,Ctrl,C6,1227,0.993480032599837,2.774529852707792,Hspa8
Ctrl_Thymus,thymus,Ctrl,C7,45,0.9111111111111111,2.5121592018339367,Hspa8
Ctrl_BM,bone_marrow,Ctrl,C0,2533,0.9917094354520332,2.5558717858871356,Hspa8
Ctrl_BM,bone_marrow,Ctrl,C1,46,0.9782608695652174,2.679435343846031,Hspa8
Ctrl_BM,bone_marrow,Ctrl,C2,78,0.6410256410256411,1.8804995921941905,Hspa8
Ctrl_BM,bone_marrow,Ctrl,C3,236,0.9788135593220338,2.583814132516667,Hspa8
Ctrl_BM,bone_marrow,Ctrl,C4,244,0.9959016393442623,2.5770924936552517,Hspa8
Ctrl_BM,bone_marrow,Ctrl,C5-1,124,0.967741935483871,2.3982410036748454,Hspa8
Ctrl_BM,bone_marrow,Ctrl,C5-2,104,0.9903846153846154,2.5265902406894245,Hspa8
Ctrl_BM,bone_marrow,Ctrl,C6,14,1.0,2.76659825869969,Hspa8
Ctrl_Spleen,spleen,Ctrl,C0,97,1.0,2.558024300742395,Hspa8
Ctrl_Spleen,spleen,Ctrl,C1,36,1.0,2.5096203684806824,Hspa8
Ctrl_Spleen,spleen,Ctrl,C2,45,0.6,1.5836203972498575,Hspa8
Ctrl_Spleen,spleen,Ctrl,C3,2762,0.9811730629978277,2.4953076805781835,Hspa8
Ctrl_Spleen,spleen,Ctrl,C4,196,1.0,2.686375231158977,Hspa8
Ctrl_Spleen,spleen,Ctrl,C5-1,239,1.0,2.630652508476289,Hspa8
Ctrl_Spleen,spleen,Ctrl,C5-2,28,1.0,2.5178850633757457,Hspa8
Ctrl_Spleen,spleen,Ctrl,C6,16,1.0,2.5687926933169365,Hspa8
Ctrl_Spleen,spleen,Ctrl,C7,3,0.6666666666666666,1.8717049757639568,Hspa8
T2_Thymus,thymus,T2,C0,20,1.0,2.5791318714618683,Hspa8
T2_Thymus,thymus,T2,C1,1,0.0,0.0,Hspa8
T2_Thymus,thymus,T2,C2,50,0.68,2.0403077602386475,Hspa8
T2_Thymus,thymus,T2,C3,7,1.0,1.9484029838017054,Hspa8
T2_Thymus,thymus,T2,C4,2,1.0,2.293138861656189,Hspa8
T2_Thymus,thymus,T2,C5-1,10,1.0,2.6398623108863832,Hspa8
T2_Thymus,thymus,T2,C5-2,36,0.9444444444444444,2.3409578104813895,Hspa8
T2_Thymus,thymus,T2,C6,1087,0.9935602575896965,2.5517426991857515,Hspa8
T2_Thymus,thymus,T2,C7,44,0.8636363636363636,2.032152449542826,Hspa8
T2_BM,bone_marrow,T2,C0,2090,0.9708133971291866,2.244768352827957,Hspa8
T2_BM,bone_marrow,T2,C1,32,0.96875,2.1877427883446217,Hspa8
T2_BM,bone_marrow,T2,C2,67,0.7014925373134329,1.880327817219407,Hspa8
T2_BM,bone_marrow,T2,C3,115,0.9478260869565217,2.331117700493854,Hspa8
T2_BM,bone_marrow,T2,C4,223,0.9775784753363229,2.290274651061259,Hspa8
T2_BM,bone_marrow,T2,C5-1,85,0.9529411764705882,2.175802062539493,Hspa8
T2_BM,bone_marrow,T2,C5-2,96,0.96875,2.308193347106377,Hspa8
T2_BM,bone_marrow,T2,C6,23,0.9565217391304348,2.3850083713946133,Hspa8
T2_Spleen,spleen,T2,C0,88,0.9772727272727273,2.163716033101082,Hspa8
T2_Spleen,spleen,T2,C1,45,1.0,2.204551937845018,Hspa8
T2_Spleen,spleen,T2,C2,74,0.6621621621621622,1.7119439663113774,Hspa8
T2_Spleen,spleen,T2,C3,2557,0.946030504497458,2.060157013069991,Hspa8
T2_Spleen,spleen,T2,C4,208,0.9663461538461539,2.262436330318451,Hspa8
T2_Spleen,spleen,T2,C5-1,345,0.9855072463768116,2.3069879281348076,Hspa8
T2_Spleen,spleen,T2,C5-2,42,1.0,2.177583622080939,Hspa8
T2_Spleen,spleen,T2,C6,12,1.0,2.325899064540863,Hspa8
Ctrl_Thymus,thymus,Ctrl,C1,2,0.5,0.7775462865829468,Hsph1
Ctrl_Thymus,thymus,Ctrl,C2,64,0.078125,0.20838384702801704,Hsph1
Ctrl_Thymus,thymus,Ctrl,C4,14,0.2857142857142857,0.35304347957883564,Hsph1
Ctrl_Thymus,thymus,Ctrl,C5-1,9,0.5555555555555556,0.6873377826478746,Hsph1
Ctrl_Thymus,thymus,Ctrl,C5-2,11,0.2727272727272727,0.27909541671926325,Hsph1
Ctrl_Thymus,thymus,Ctrl,C6,1227,0.4409127954360228,0.5665651930476362,Hsph1
Ctrl_Thymus,thymus,Ctrl,C7,45,0.08888888888888889,0.15834101570977105,Hsph1
Ctrl_BM,bone_marrow,Ctrl,C0,2533,0.15870509277536518,0.19727560954276535,Hsph1
Ctrl_BM,bone_marrow,Ctrl,C1,46,0.17391304347826086,0.24645596483479376,Hsph1
Ctrl_BM,bone_marrow,Ctrl,C2,78,0.038461538461538464,0.08247718444237342,Hsph1
Ctrl_BM,bone_marrow,Ctrl,C3,236,0.1906779661016949,0.25365076201446984,Hsph1
Ctrl_BM,bone_marrow,Ctrl,C4,244,0.22540983606557377,0.265241094055723,Hsph1
Ctrl_BM,bone_marrow,Ctrl,C5-1,124,0.12903225806451613,0.14257167520061617,Hsph1
Ctrl_BM,bone_marrow,Ctrl,C5-2,104,0.2403846153846154,0.26091961619945675,Hsph1
Ctrl_BM,bone_marrow,Ctrl,C6,14,0.2857142857142857,0.3644476958683559,Hsph1
Ctrl_Spleen,spleen,Ctrl,C0,97,0.1958762886597938,0.2639743636563881,Hsph1
Ctrl_Spleen,spleen,Ctrl,C1,36,0.19444444444444445,0.2406939533021715,Hsph1
Ctrl_Spleen,spleen,Ctrl,C2,45,0.044444444444444446,0.08022712866465251,Hsph1
Ctrl_Spleen,spleen,Ctrl,C3,2762,0.18102824040550325,0.23496146555140257,Hsph1
Ctrl_Spleen,spleen,Ctrl,C4,196,0.2602040816326531,0.3540110046766242,Hsph1
Ctrl_Spleen,spleen,Ctrl,C5-1,239,0.2594142259414226,0.281286669076736,Hsph1
Ctrl_Spleen,spleen,Ctrl,C5-2,28,0.25,0.3297765403985977,Hsph1
Ctrl_Spleen,spleen,Ctrl,C6,16,0.25,0.28478365391492844,Hsph1
Ctrl_Spleen,spleen,Ctrl,C7,3,0.0,0.0,Hsph1
T2_Thymus,thymus,T2,C0,20,0.35,0.5434977173805237,Hsph1
T2_Thymus,thymus,T2,C1,1,0.0,0.0,Hsph1
T2_Thymus,thymus,T2,C2,50,0.22,0.6007163858413697,Hsph1
T2_Thymus,thymus,T2,C3,7,0.5714285714285714,0.7145294291632516,Hsph1
T2_Thymus,thymus,T2,C4,2,0.0,0.0,Hsph1
T2_Thymus,thymus,T2,C5-1,10,0.7,0.7557151317596436,Hsph1
T2_Thymus,thymus,T2,C5-2,36,0.3333333333333333,0.4033634712298711,Hsph1
T2_Thymus,thymus,T2,C6,1087,0.3891444342226311,0.5042549205023757,Hsph1
T2_Thymus,thymus,T2,C7,44,0.11363636363636363,0.16786244240674106,Hsph1
T2_BM,bone_marrow,T2,C0,2090,0.08325358851674641,0.10170105005565443,Hsph1
T2_BM,bone_marrow,T2,C1,32,0.125,0.1555432230234146,Hsph1
T2_BM,bone_marrow,T2,C2,67,0.029850746268656716,0.054931089059630435,Hsph1
T2_BM,bone_marrow,T2,C3,115,0.13043478260869565,0.18326522941174714,Hsph1
T2_BM,bone_marrow,T2,C4,223,0.11210762331838565,0.12666540375739468,Hsph1
T2_BM,bone_marrow,T2,C5-1,85,0.11764705882352941,0.10559795954648186,Hsph1
T2_BM,bone_marrow,T2,C5-2,96,0.13541666666666666,0.12959694179395834,Hsph1
T2_BM,bone_marrow,T2,C6,23,0.30434782608695654,0.3580459667288739,Hsph1
T2_Spleen,spleen,T2,C0,88,0.056818181818181816,0.059682237153703514,Hsph1
T2_Spleen,spleen,T2,C1,45,0.15555555555555556,0.17757072713640001,Hsph1
T2_Spleen,spleen,T2,C2,74,0.013513513513513514,0.008394186561172074,Hsph1
T2_Spleen,spleen,T2,C3,2557,0.06843957763003519,0.0817709309214673,Hsph1
T2_Spleen,spleen,T2,C4,208,0.08173076923076923,0.09076793147967412,Hsph1
T2_Spleen,spleen,T2,C5-1,345,0.10144927536231885,0.09870914030766141,Hsph1
T2_Spleen,spleen,T2,C5-2,42,0.11904761904761904,0.11661045608066377,Hsph1
T2_Spleen,spleen,T2,C6,12,0.08333333333333333,0.08553786079088847,Hsph1
Ctrl_Thymus,thymus,Ctrl,C1,2,0.0,0.0,Ifng
Ctrl_Thymus,thymus,Ctrl,C2,64,0.125,0.39730029925704,Ifng
Ctrl_Thymus,thymus,Ctrl,C4,14,0.35714285714285715,0.5381041850362506,Ifng
Ctrl_Thymus,thymus,Ctrl,C5-1,9,0.1111111111111111,0.197197331322564,Ifng
Ctrl_Thymus,thymus,Ctrl,C5-2,11,0.0,0.0,Ifng
Ctrl_Thymus,thymus,Ctrl,C6,1227,0.378158109209454,0.6245835037763855,Ifng
Ctrl_Thymus,thymus,Ctrl,C7,45,0.022222222222222223,0.03821594715118408,Ifng
Ctrl_BM,bone_marrow,Ctrl,C0,2533,0.23568890643505724,0.3181136322972147,Ifng
Ctrl_BM,bone_marrow,Ctrl,C1,46,0.41304347826086957,0.6337506019550821,Ifng
Ctrl_BM,bone_marrow,Ctrl,C2,78,0.14102564102564102,0.2850809892018636,Ifng
Ctrl_BM,bone_marrow,Ctrl,C3,236,0.2457627118644068,0.38905844344931134,Ifng
Ctrl_BM,bone_marrow,Ctrl,C4,244,0.319672131147541,0.40966407441702046,Ifng
Ctrl_BM,bone_marrow,Ctrl,C5-1,124,0.11290322580645161,0.14193305805806192,Ifng
Ctrl_BM,bone_marrow,Ctrl,C5-2,104,0.038461538461538464,0.041528369371707625,Ifng
Ctrl_BM,bone_marrow,Ctrl,C6,14,0.21428571428571427,0.3950983967099871,Ifng
Ctrl_Spleen,spleen,Ctrl,C0,97,0.15463917525773196,0.1855612132967133,Ifng
Ctrl_Spleen,spleen,Ctrl,C1,36,0.2777777777777778,0.361148069302241,Ifng
Ctrl_Spleen,spleen,Ctrl,C2,45,0.06666666666666667,0.17200773027208116,Ifng
Ctrl_Spleen,spleen,Ctrl,C3,2762,0.15713251267197684,0.21409230578385946,Ifng
Ctrl_Spleen,spleen,Ctrl,C4,196,0.22448979591836735,0.3215804753863082,Ifng
Ctrl_Spleen,spleen,Ctrl,C5-1,239,0.07112970711297072,0.09294340700285206,Ifng
Ctrl_Spleen,spleen,Ctrl,C5-2,28,0.0,0.0,Ifng
Ctrl_Spleen,spleen,Ctrl,C6,16,0.125,0.145105242729187,Ifng
Ctrl_Spleen,spleen,Ctrl,C7,3,0.0,0.0,Ifng
T2_Thymus,thymus,T2,C0,20,0.5,0.7787400722503662,Ifng
T2_Thymus,thymus,T2,C1,1,1.0,2.3684234619140625,Ifng
T2_Thymus,thymus,T2,C2,50,0.16,0.3499380397796631,Ifng
T2_Thymus,thymus,T2,C3,7,0.5714285714285714,0.9336351667131696,Ifng
T2_Thymus,thymus,T2,C4,2,0.5,0.49088388681411743,Ifng
T2_Thymus,thymus,T2,C5-1,10,0.0,0.0,Ifng
T2_Thymus,thymus,T2,C5-2,36,0.08333333333333333,0.09161242180400425,Ifng
T2_Thymus,thymus,T2,C6,1087,0.41122355105795766,0.6695824100977802,Ifng
T2_Thymus,thymus,T2,C7,44,0.0,0.0,Ifng
T2_BM,bone_marrow,T2,C0,2090,0.22535885167464115,0.30394523066767093,Ifng
T2_BM,bone_marrow,T2,C1,32,0.34375,0.593778882175684,Ifng
T2_BM,bone_marrow,T2,C2,67,0.1044776119402985,0.19140812888074277,Ifng
T2_BM,bone_marrow,T2,C3,115,0.24347826086956523,0.4240630326063737,Ifng
T2_BM,bone_marrow,T2,C4,223,0.34080717488789236,0.4400816049276446,Ifng
T2_BM,bone_marrow,T2,C5-1,85,0.12941176470588237,0.17800308115342084,Ifng
T2_BM,bone_marrow,T2,C5-2,96,0.03125,0.03444350759188334,Ifng
T2_BM,bone_marrow,T2,C6,23,0.391304347826087,0.6256764297899993,Ifng
T2_Spleen,spleen,T2,C0,88,0.20454545454545456,0.23281921310858292,Ifng
T2_Spleen,spleen,T2,C1,45,0.2,0.3319220211770799,Ifng
T2_Spleen,spleen,T2,C2,74,0.08108108108108109,0.1650580425520201,Ifng
T2_Spleen,spleen,T2,C3,2557,0.1482205709816191,0.1998995448352305,Ifng
T2_Spleen,spleen,T2,C4,208,0.23076923076923078,0.30374641000078273,Ifng
T2_Spleen,spleen,T2,C5-1,345,0.034782608695652174,0.042269014966660655,Ifng
T2_Spleen,spleen,T2,C5-2,42,0.0,0.0,Ifng
T2_Spleen,spleen,T2,C6,12,0.4166666666666667,0.4250346968571345,Ifng
Ctrl_Thymus,thymus,Ctrl,C1,2,0.0,0.0,Il17rb
Ctrl_Thymus,thymus,Ctrl,C2,64,0.03125,0.05788907781243324,Il17rb
Ctrl_Thymus,thymus,Ctrl,C4,14,0.0,0.0,Il17rb
Ctrl_Thymus,thymus,Ctrl,C5-1,9,0.3333333333333333,0.48607633511225384,Il17rb
Ctrl_Thymus,thymus,Ctrl,C5-2,11,0.09090909090909091,0.08204070546410301,Il17rb
Ctrl_Thymus,thymus,Ctrl,C6,1227,0.019559902200488997,0.021990433055983392,Il17rb
Ctrl_Thymus,thymus,Ctrl,C7,45,0.0,0.0,Il17rb
Ctrl_BM,bone_marrow,Ctrl,C0,2533,0.04619028819581524,0.0521330135498318,Il17rb
Ctrl_BM,bone_marrow,Ctrl,C1,46,0.10869565217391304,0.11244456793950952,Il17rb
Ctrl_BM,bone_marrow,Ctrl,C2,78,0.0,0.0,Il17rb
Ctrl_BM,bone_marrow,Ctrl,C3,236,0.025423728813559324,0.028395903312553792,Il17rb
Ctrl_BM,bone_marrow,Ctrl,C4,244,0.012295081967213115,0.013837657991002818,Il17rb
Ctrl_BM,bone_marrow,Ctrl,C5-1,124,0.14516129032258066,0.18854662920198134,Il17rb
Ctrl_BM,bone_marrow,Ctrl,C5-2,104,0.27884615384615385,0.35566752002789426,Il17rb
Ctrl_BM,bone_marrow,Ctrl,C6,14,0.0,0.0,Il17rb
Ctrl_Spleen,spleen,Ctrl,C0,97,0.05154639175257732,0.05619415118522251,Il17rb
Ctrl_Spleen,spleen,Ctrl,C1,36,0.1111111111111111,0.13782702220810783,Il17rb
Ctrl_Spleen,spleen,Ctrl,C2,45,0.022222222222222223,0.05668960677252875,Il17rb
Ctrl_Spleen,spleen,Ctrl,C3,2762,0.0662563359884142,0.08102976861507628,Il17rb
Ctrl_Spleen,spleen,Ctrl,C4,196,0.015306122448979591,0.019303182254032214,Il17rb
Ctrl_Spleen,spleen,Ctrl,C5-1,239,0.27615062761506276,0.3338058501107922,Il17rb
Ctrl_Spleen,spleen,Ctrl,C5-2,28,0.5714285714285714,0.7287767316613879,Il17rb
Ctrl_Spleen,spleen,Ctrl,C6,16,0.0,0.0,Il17rb
Ctrl_Spleen,spleen,Ctrl,C7,3,0.0,0.0,Il17rb
T2_Thymus,thymus,T2,C0,20,0.15,0.23051638007164002,Il17rb
T2_Thymus,thymus,T2,C1,1,0.0,0.0,Il17rb
T2_Thymus,thymus,T2,C2,50,0.02,0.059568381309509276,Il17rb
T2_Thymus,thymus,T2,C3,7,0.14285714285714285,0.1815852607999529,Il17rb
T2_Thymus,thymus,T2,C4,2,0.0,0.0,Il17rb
T2_Thymus,thymus,T2,C5-1,10,0.6,0.5597837448120118,Il17rb
T2_Thymus,thymus,T2,C5-2,36,0.3888888888888889,0.4885615673330095,Il17rb
T2_Thymus,thymus,T2,C6,1087,0.014719411223551058,0.016497746617177702,Il17rb
T2_Thymus,thymus,T2,C7,44,0.0,0.0,Il17rb
T2_BM,bone_marrow,T2,C0,2090,0.04114832535885168,0.04465016905200538,Il17rb
T2_BM,bone_marrow,T2,C1,32,0.03125,0.03449077531695366,Il17rb
T2_BM,bone_marrow,T2,C2,67,0.029850746268656716,0.0689136768454936,Il17rb
T2_BM,bone_marrow,T2,C3,115,0.043478260869565216,0.04849218803903331,Il17rb
T2_BM,bone_marrow,T2,C4,223,0.004484304932735426,0.011161622445144995,Il17rb
T2_BM,bone_marrow,T2,C5-1,85,0.24705882352941178,0.26116203911164226,Il17rb
T2_BM,bone_marrow,T2,C5-2,96,0.2916666666666667,0.36293029226362705,Il17rb
T2_BM,bone_marrow,T2,C6,23,0.0,0.0,Il17rb
T2_Spleen,spleen,T2,C0,88,0.056818181818181816,0.06259748881513422,Il17rb
T2_Spleen,spleen,T2,C1,45,0.044444444444444446,0.03967931138144599,Il17rb
T2_Spleen,spleen,T2,C2,74,0.0,0.0,Il17rb
T2_Spleen,spleen,T2,C3,2557,0.06922174423152132,0.08418688403007618,Il17rb
T2_Spleen,spleen,T2,C4,208,0.004807692307692308,0.0061893451672333935,Il17rb
T2_Spleen,spleen,T2,C5-1,345,0.37971014492753624,0.4349418339521989,Il17rb
T2_Spleen,spleen,T2,C5-2,42,0.5,0.5989574917725154,Il17rb
T2_Spleen,spleen,T2,C6,12,0.0,0.0,Il17rb
Ctrl_Thymus,thymus,Ctrl,C1,2,0.0,0.0,Il23r
Ctrl_Thymus,thymus,Ctrl,C2,64,0.015625,0.04173927381634712,Il23r
Ctrl_Thymus,thymus,Ctrl,C4,14,0.0,0.0,Il23r
Ctrl_Thymus,thymus,Ctrl,C5-1,9,0.0,0.0,Il23r
Ctrl_Thymus,thymus,Ctrl,C5-2,11,0.8181818181818182,0.978229208426042,Il23r
Ctrl_Thymus,thymus,Ctrl,C6,1227,0.0,0.0,Il23r
Ctrl_Thymus,thymus,Ctrl,C7,45,0.0,0.0,Il23r
Ctrl_BM,bone_marrow,Ctrl,C0,2533,0.0,0.0,Il23r
Ctrl_BM,bone_marrow,Ctrl,C1,46,0.0,0.0,Il23r
Ctrl_BM,bone_marrow,Ctrl,C2,78,0.0,0.0,Il23r
Ctrl_BM,bone_marrow,Ctrl,C3,236,0.0,0.0,Il23r
Ctrl_BM,bone_marrow,Ctrl,C4,244,0.0,0.0,Il23r
Ctrl_BM,bone_marrow,Ctrl,C5-1,124,0.0,0.0,Il23r
Ctrl_BM,bone_marrow,Ctrl,C5-2,104,0.20192307692307693,0.23620943782421258,Il23r
Ctrl_BM,bone_marrow,Ctrl,C6,14,0.0,0.0,Il23r
Ctrl_Spleen,spleen,Ctrl,C0,97,0.0,0.0,Il23r
Ctrl_Spleen,spleen,Ctrl,C1,36,0.0,0.0,Il23r
Ctrl_Spleen,spleen,Ctrl,C2,45,0.0,0.0,Il23r
Ctrl_Spleen,spleen,Ctrl,C3,2762,0.0,0.0,Il23r
Ctrl_Spleen,spleen,Ctrl,C4,196,0.0,0.0,Il23r
Ctrl_Spleen,spleen,Ctrl,C5-1,239,0.0041841004184100415,0.004174927288518291,Il23r
Ctrl_Spleen,spleen,Ctrl,C5-2,28,0.14285714285714285,0.1661193690129689,Il23r
Ctrl_Spleen,spleen,Ctrl,C6,16,0.0,0.0,Il23r
Ctrl_Spleen,spleen,Ctrl,C7,3,0.0,0.0,Il23r
T2_Thymus,thymus,T2,C0,20,0.0,0.0,Il23r
T2_Thymus,thymus,T2,C1,1,0.0,0.0,Il23r
T2_Thymus,thymus,T2,C2,50,0.0,0.0,Il23r
T2_Thymus,thymus,T2,C3,7,0.0,0.0,Il23r
T2_Thymus,thymus,T2,C4,2,0.0,0.0,Il23r
T2_Thymus,thymus,T2,C5-1,10,0.0,0.0,Il23r
T2_Thymus,thymus,T2,C5-2,36,0.2222222222222222,0.2719952281978395,Il23r
T2_Thymus,thymus,T2,C6,1087,0.0,0.0,Il23r
T2_Thymus,thymus,T2,C7,44,0.0,0.0,Il23r
T2_BM,bone_marrow,T2,C0,2090,0.0,0.0,Il23r
T2_BM,bone_marrow,T2,C1,32,0.0,0.0,Il23r
T2_BM,bone_marrow,T2,C2,67,0.0,0.0,Il23r
T2_BM,bone_marrow,T2,C3,115,0.0,0.0,Il23r
T2_BM,bone_marrow,T2,C4,223,0.0,0.0,Il23r
T2_BM,bone_marrow,T2,C5-1,85,0.0,0.0,Il23r
T2_BM,bone_marrow,T2,C5-2,96,0.3125,0.35180405403176945,Il23r
T2_BM,bone_marrow,T2,C6,23,0.0,0.0,Il23r
T2_Spleen,spleen,T2,C0,88,0.0,0.0,Il23r
T2_Spleen,spleen,T2,C1,45,0.0,0.0,Il23r
T2_Spleen,spleen,T2,C2,74,0.0,0.0,Il23r
T2_Spleen,spleen,T2,C3,2557,0.0011732499022291747,0.0014649637984632746,Il23r
T2_Spleen,spleen,T2,C4,208,0.0,0.0,Il23r
T2_Spleen,spleen,T2,C5-1,345,0.0,0.0,Il23r
T2_Spleen,spleen,T2,C5-2,42,0.19047619047619047,0.1968153246811458,Il23r
T2_Spleen,spleen,T2,C6,12,0.0,0.0,Il23r
Ctrl_Thymus,thymus,Ctrl,C1,2,0.0,0.0,Il2ra
Ctrl_Thymus,thymus,Ctrl,C2,64,0.0,0.0,Il2ra
Ctrl_Thymus,thymus,Ctrl,C4,14,0.0,0.0,Il2ra
Ctrl_Thymus,thymus,Ctrl,C5-1,9,0.0,0.0,Il2ra
Ctrl_Thymus,thymus,Ctrl,C5-2,11,0.45454545454545453,0.616081335327842,Il2ra
Ctrl_Thymus,thymus,Ctrl,C6,1227,0.022819885900570498,0.02630379288392817,Il2ra
Ctrl_Thymus,thymus,Ctrl,C7,45,0.044444444444444446,0.0820988204744127,Il2ra
Ctrl_BM,bone_marrow,Ctrl,C0,2533,0.11962100276352151,0.14861100865031626,Il2ra
Ctrl_BM,bone_marrow,Ctrl,C1,46,0.13043478260869565,0.15549282146536786,Il2ra
Ctrl_BM,bone_marrow,Ctrl,C2,78,0.0,0.0,Il2ra
Ctrl_BM,bone_marrow,Ctrl,C3,236,0.1864406779661017,0.24445262576563884,Il2ra
Ctrl_BM,bone_marrow,Ctrl,C4,244,0.02459016393442623,0.027220896277271332,Il2ra
Ctrl_BM,bone_marrow,Ctrl,C5-1,124,0.08870967741935484,0.10236419352792925,Il2ra
Ctrl_BM,bone_marrow,Ctrl,C5-2,104,0.47115384615384615,0.5732189462735102,Il2ra
Ctrl_BM,bone_marrow,Ctrl,C6,14,0.0,0.0,Il2ra
Ctrl_Spleen,spleen,Ctrl,C0,97,0.12371134020618557,0.16248564253148345,Il2ra
Ctrl_Spleen,spleen,Ctrl,C1,36,0.1388888888888889,0.22270824842982823,Il2ra
Ctrl_Spleen,spleen,Ctrl,C2,45,0.06666666666666667,0.12346202532450358,Il2ra
Ctrl_Spleen,spleen,Ctrl,C3,2762,0.2168718320057929,0.28184912027352793,Il2ra
Ctrl_Spleen,spleen,Ctrl,C4,196,0.03571428571428571,0.04596913773186353,Il2ra
Ctrl_Spleen,spleen,Ctrl,C5-1,239,0.12133891213389121,0.14049279714728,Il2ra
Ctrl_Spleen,spleen,Ctrl,C5-2,28,0.35714285714285715,0.39457705191203524,Il2ra
Ctrl_Spleen,spleen,Ctrl,C6,16,0.0,0.0,Il2ra
Ctrl_Spleen,spleen,Ctrl,C7,3,0.0,0.0,Il2ra
T2_Thymus,thymus,T2,C0,20,0.15,0.1854710578918457,Il2ra
T2_Thymus,thymus,T2,C1,1,0.0,0.0,Il2ra
T2_Thymus,thymus,T2,C2,50,0.04,0.08995751142501832,Il2ra
T2_Thymus,thymus,T2,C3,7,0.2857142857142857,0.33397322041647776,Il2ra
T2_Thymus,thymus,T2,C4,2,0.0,0.0,Il2ra
T2_Thymus,thymus,T2,C5-1,10,0.2,0.2701629281044006,Il2ra
T2_Thymus,thymus,T2,C5-2,36,0.3333333333333333,0.36296832230356,Il2ra
T2_Thymus,thymus,T2,C6,1087,0.02391904323827047,0.02686731477560203,Il2ra
T2_Thymus,thymus,T2,C7,44,0.0,0.0,Il2ra
T2_BM,bone_marrow,T2,C0,2090,0.1215311004784689,0.14515875369738163,Il2ra
T2_BM,bone_marrow,T2,C1,32,0.1875,0.24811274372041225,Il2ra
T2_BM,bone_marrow,T2,C2,67,0.014925373134328358,0.018345770551197564,Il2ra
T2_BM,bone_marrow,T2,C3,115,0.20869565217391303,0.30397485131802765,Il2ra
T2_BM,bone_marrow,T2,C4,223,0.03587443946188341,0.04006008610062535,Il2ra
T2_BM,bone_marrow,T2,C5-1,85,0.2,0.2647321385495803,Il2ra
T2_BM,bone_marrow,T2,C5-2,96,0.4479166666666667,0.5993540280809005,Il2ra
T2_BM,bone_marrow,T2,C6,23,0.0,0.0,Il2ra
T2_Spleen,spleen,T2,C0,88,0.11363636363636363,0.13720213012261825,Il2ra
T2_Spleen,spleen,T2,C1,45,0.17777777777777778,0.24331155353122288,Il2ra
T2_Spleen,spleen,T2,C2,74,0.02702702702702703,0.06696909827155036,Il2ra
T2_Spleen,spleen,T2,C3,2557,0.21509581540868206,0.28254626109164627,Il2ra
T2_Spleen,spleen,T2,C4,208,0.03365384615384615,0.03420689071600254,Il2ra
T2_Spleen,spleen,T2,C5-1,345,0.14492753623188406,0.1511872887611389,Il2ra
T2_Spleen,spleen,T2,C5-2,42,0.35714285714285715,0.4268942063763028,Il2ra
T2_Spleen,spleen,T2,C6,12,0.0,0.0,Il2ra
Ctrl_Thymus,thymus,Ctrl,C1,2,0.5,0.7775462865829468,Il2rb
Ctrl_Thymus,thymus,Ctrl,C2,64,0.4375,1.2404876723885536,Il2rb
Ctrl_Thymus,thymus,Ctrl,C4,14,0.7857142857142857,1.1988266365868705,Il2rb
Ctrl_Thymus,thymus,Ctrl,C5-1,9,0.4444444444444444,0.7869326141145494,Il2rb
Ctrl_Thymus,thymus,Ctrl,C5-2,11,0.45454545454545453,0.5658820271492004,Il2rb
Ctrl_Thymus,thymus,Ctrl,C6,1227,0.8361858190709046,1.3839615244834327,Il2rb
Ctrl_Thymus,thymus,Ctrl,C7,45,0.06666666666666667,0.12355071703592936,Il2rb
Ctrl_BM,bone_marrow,Ctrl,C0,2533,0.9305171733122779,1.9170978099896039,Il2rb
Ctrl_BM,bone_marrow,Ctrl,C1,46,0.9347826086956522,1.863877806974494,Il2rb
Ctrl_BM,bone_marrow,Ctrl,C2,78,0.5769230769230769,1.5207655964753566,Il2rb
Ctrl_BM,bone_marrow,Ctrl,C3,236,0.8601694915254238,1.67273746077287,Il2rb
Ctrl_BM,bone_marrow,Ctrl,C4,244,0.9098360655737705,1.6466036790707073,Il2rb
Ctrl_BM,bone_marrow,Ctrl,C5-1,124,0.5241935483870968,0.8673578154656195,Il2rb
Ctrl_BM,bone_marrow,Ctrl,C5-2,104,0.3557692307692308,0.41923784693846333,Il2rb
Ctrl_BM,bone_marrow,Ctrl,C6,14,0.7857142857142857,1.3360978279794966,Il2rb
Ctrl_Spleen,spleen,Ctrl,C0,97,0.9484536082474226,1.9074025965228523,Il2rb
Ctrl_Spleen,spleen,Ctrl,C1,36,0.75,1.3749251117308934,Il2rb
Ctrl_Spleen,spleen,Ctrl,C2,45,0.4,0.9665946271684435,Il2rb
Ctrl_Spleen,spleen,Ctrl,C3,2762,0.8664011585807386,1.6670570313757869,Il2rb
Ctrl_Spleen,spleen,Ctrl,C4,196,0.826530612244898,1.5158152711026522,Il2rb
Ctrl_Spleen,spleen,Ctrl,C5-1,239,0.48535564853556484,0.7253349318663944,Il2rb
Ctrl_Spleen,spleen,Ctrl,C5-2,28,0.42857142857142855,0.544704007250922,Il2rb
Ctrl_Spleen,spleen,Ctrl,C6,16,1.0,1.8991872519254684,Il2rb
Ctrl_Spleen,spleen,Ctrl,C7,3,0.3333333333333333,0.9673548539479574,Il2rb
T2_Thymus,thymus,T2,C0,20,0.9,1.7276987552642822,Il2rb
T2_Thymus,thymus,T2,C1,1,1.0,2.3684234619140625,Il2rb
T2_Thymus,thymus,T2,C2,50,0.5,1.263385784626007,Il2rb
T2_Thymus,thymus,T2,C3,7,0.42857142857142855,0.7659082412719727,Il2rb
T2_Thymus,thymus,T2,C4,2,0.5,1.0190937519073486,Il2rb
T2_Thymus,thymus,T2,C5-1,10,0.2,0.3402644395828247,Il2rb
T2_Thymus,thymus,T2,C5-2,36,0.2222222222222222,0.227809006969134,Il2rb
T2_Thymus,thymus,T2,C6,1087,0.8371665133394665,1.398397945765519,Il2rb
T2_Thymus,thymus,T2,C7,44,0.045454545454545456,0.07140441645275462,Il2rb
T2_BM,bone_marrow,T2,C0,2090,0.9210526315789473,1.8876949060191377,Il2rb
T2_BM,bone_marrow,T2,C1,32,0.875,1.6116869505494833,Il2rb
T2_BM,bone_marrow,T2,C2,67,0.6716417910447762,1.6502249169705518,Il2rb
T2_BM,bone_marrow,T2,C3,115,0.8782608695652174,1.6985095853390901,Il2rb
T2_BM,bone_marrow,T2,C4,223,0.9192825112107623,1.713960441773248,Il2rb
T2_BM,bone_marrow,T2,C5-1,85,0.6,0.9826044706737294,Il2rb
T2_BM,bone_marrow,T2,C5-2,96,0.375,0.4853759190688531,Il2rb
T2_BM,bone_marrow,T2,C6,23,0.9130434782608695,1.576346034589021,Il2rb
T2_Spleen,spleen,T2,C0,88,0.8977272727272727,1.8688462125984104,Il2rb
T2_Spleen,spleen,T2,C1,45,0.8444444444444444,1.609716577000088,Il2rb
T2_Spleen,spleen,T2,C2,74,0.527027027027027,1.245528822009628,Il2rb
T2_Spleen,spleen,T2,C3,2557,0.8611654282362143,1.6340959569090365,Il2rb
T2_Spleen,spleen,T2,C4,208,0.9086538461538461,1.7050798134161875,Il2rb
T2_Spleen,spleen,T2,C5-1,345,0.39420289855072466,0.532975423163262,Il2rb
T2_Spleen,spleen,T2,C5-2,42,0.23809523809523808,0.33883232020196463,Il2rb
T2_Spleen,spleen,T2,C6,12,0.9166666666666666,1.9346116085847218,Il2rb
Ctrl_Thymus,thymus,Ctrl,C1,2,0.0,0.0,Il3ra
Ctrl_Thymus,thymus,Ctrl,C2,64,0.015625,0.03807777166366577,Il3ra
Ctrl_Thymus,thymus,Ctrl,C4,14,0.14285714285714285,0.16905035291399276,Il3ra
Ctrl_Thymus,thymus,Ctrl,C5-1,9,0.1111111111111111,0.10342366165584987,Il3ra
Ctrl_Thymus,thymus,Ctrl,C5-2,11,0.0,0.0,Il3ra
Ctrl_Thymus,thymus,Ctrl,C6,1227,0.07579462102689487,0.08365157190725486,Il3ra
Ctrl_Thymus,thymus,Ctrl,C7,45,0.0,0.0,Il3ra
Ctrl_BM,bone_marrow,Ctrl,C0,2533,0.08606395578365575,0.10012486990007355,Il3ra
Ctrl_BM,bone_marrow,Ctrl,C1,46,0.15217391304347827,0.17438645725664886,Il3ra
Ctrl_BM,bone_marrow,Ctrl,C2,78,0.02564102564102564,0.057647969478215925,Il3ra
Ctrl_BM,bone_marrow,Ctrl,C3,236,0.059322033898305086,0.07098181318428556,Il3ra
Ctrl_BM,bone_marrow,Ctrl,C4,244,0.05327868852459016,0.06140312894445951,Il3ra
Ctrl_BM,bone_marrow,Ctrl,C5-1,124,0.0967741935483871,0.10439340193425456,Il3ra
Ctrl_BM,bone_marrow,Ctrl,C5-2,104,0.11538461538461539,0.136452595774944,Il3ra
Ctrl_BM,bone_marrow,Ctrl,C6,14,0.0,0.0,Il3ra
Ctrl_Spleen,spleen,Ctrl,C0,97,0.08247422680412371,0.10087304877251693,Il3ra
Ctrl_Spleen,spleen,Ctrl,C1,36,0.05555555555555555,0.06369149022632176,Il3ra
Ctrl_Spleen,spleen,Ctrl,C2,45,0.0,0.0,Il3ra
Ctrl_Spleen,spleen,Ctrl,C3,2762,0.049239681390296886,0.060167928177062194,Il3ra
Ctrl_Spleen,spleen,Ctrl,C4,196,0.05612244897959184,0.06393558972952318,Il3ra
Ctrl_Spleen,spleen,Ctrl,C5-1,239,0.08368200836820083,0.08490016345698465,Il3ra
Ctrl_Spleen,spleen,Ctrl,C5-2,28,0.0,0.0,Il3ra
Ctrl_Spleen,spleen,Ctrl,C6,16,0.1875,0.20396274328231812,Il3ra
Ctrl_Spleen,spleen,Ctrl,C7,3,0.0,0.0,Il3ra
T2_Thymus,thymus,T2,C0,20,0.05,0.05898299217224121,Il3ra
T2_Thymus,thymus,T2,C1,1,0.0,0.0,Il3ra
T2_Thymus,thymus,T2,C2,50,0.02,0.022707743644714354,Il3ra
T2_Thymus,thymus,T2,C3,7,0.0,0.0,Il3ra
T2_Thymus,thymus,T2,C4,2,0.0,0.0,Il3ra
T2_Thymus,thymus,T2,C5-1,10,0.1,0.12233802080154418,Il3ra
T2_Thymus,thymus,T2,C5-2,36,0.0,0.0,Il3ra
T2_Thymus,thymus,T2,C6,1087,0.06623735050597976,0.07051638977836883,Il3ra
T2_Thymus,thymus,T2,C7,44,0.0,0.0,Il3ra
T2_BM,bone_marrow,T2,C0,2090,0.07033492822966507,0.08246883852630141,Il3ra
T2_BM,bone_marrow,T2,C1,32,0.03125,0.035004161298274994,Il3ra
T2_BM,bone_marrow,T2,C2,67,0.029850746268656716,0.0555312099741466,Il3ra
T2_BM,bone_marrow,T2,C3,115,0.0782608695652174,0.09579920354096785,Il3ra
T2_BM,bone_marrow,T2,C4,223,0.06726457399103139,0.07665557096891874,Il3ra
T2_BM,bone_marrow,T2,C5-1,85,0.023529411764705882,0.026373951575335335,Il3ra
T2_BM,bone_marrow,T2,C5-2,96,0.03125,0.03184644194940726,Il3ra
T2_BM,bone_marrow,T2,C6,23,0.08695652173913043,0.10001520488573157,Il3ra
T2_Spleen,spleen,T2,C0,88,0.056818181818181816,0.059274152598597786,Il3ra
T2_Spleen,spleen,T2,C1,45,0.022222222222222223,0.027288230260213216,Il3ra
T2_Spleen,spleen,T2,C2,74,0.0,0.0,Il3ra
T2_Spleen,spleen,T2,C3,2557,0.03989049667579194,0.04841204464878475,Il3ra
T2_Spleen,spleen,T2,C4,208,0.0625,0.07272715408068436,Il3ra
T2_Spleen,spleen,T2,C5-1,345,0.0463768115942029,0.04508288839588995,Il3ra
T2_Spleen,spleen,T2,C5-2,42,0.047619047619047616,0.04817610553332737,Il3ra
T2_Spleen,spleen,T2,C6,12,0.0,0.0,Il3ra
Ctrl_Thymus,thymus,Ctrl,C1,2,0.0,0.0,Il4
Ctrl_Thymus,thymus,Ctrl,C2,64,0.078125,0.1614822205156088,Il4
Ctrl_Thymus,thymus,Ctrl,C4,14,0.07142857142857142,0.07765322923660278,Il4
Ctrl_Thymus,thymus,Ctrl,C5-1,9,0.6666666666666666,0.6435932848188612,Il4
Ctrl_Thymus,thymus,Ctrl,C5-2,11,0.2727272727272727,0.2513139247894287,Il4
Ctrl_Thymus,thymus,Ctrl,C6,1227,0.15240423797881011,0.18839449744547104,Il4
Ctrl_Thymus,thymus,Ctrl,C7,45,0.044444444444444446,0.0797780434290568,Il4
Ctrl_BM,bone_marrow,Ctrl,C0,2533,0.139755230951441,0.1754938850184462,Il4
Ctrl_BM,bone_marrow,Ctrl,C1,46,0.08695652173913043,0.10426433967507404,Il4
Ctrl_BM,bone_marrow,Ctrl,C2,78,0.05128205128205128,0.09613202168391301,Il4
Ctrl_BM,bone_marrow,Ctrl,C3,236,0.1228813559322034,0.1622263536614887,Il4
Ctrl_BM,bone_marrow,Ctrl,C4,244,0.01639344262295082,0.018152954637027176,Il4
Ctrl_BM,bone_marrow,Ctrl,C5-1,124,0.10483870967741936,0.10525362578130537,Il4
Ctrl_BM,bone_marrow,Ctrl,C5-2,104,0.125,0.12983191930330718,Il4
Ctrl_BM,bone_marrow,Ctrl,C6,14,0.0,0.0,Il4
Ctrl_Spleen,spleen,Ctrl,C0,97,0.15463917525773196,0.19383334621940693,Il4
Ctrl_Spleen,spleen,Ctrl,C1,36,0.1388888888888889,0.15804025530815125,Il4
Ctrl_Spleen,spleen,Ctrl,C2,45,0.022222222222222223,0.0319233152601454,Il4
Ctrl_Spleen,spleen,Ctrl,C3,2762,0.2433019551049964,0.3288603624427431,Il4
Ctrl_Spleen,spleen,Ctrl,C4,196,0.02040816326530612,0.023596770909367775,Il4
Ctrl_Spleen,spleen,Ctrl,C5-1,239,0.28451882845188287,0.32891703774240727,Il4
Ctrl_Spleen,spleen,Ctrl,C5-2,28,0.25,0.26316480125699726,Il4
Ctrl_Spleen,spleen,Ctrl,C6,16,0.1875,0.24059567600488663,Il4
Ctrl_Spleen,spleen,Ctrl,C7,3,0.0,0.0,Il4
T2_Thymus,thymus,T2,C0,20,0.2,0.24404049515724183,Il4
T2_Thymus,thymus,T2,C1,1,0.0,0.0,Il4
T2_Thymus,thymus,T2,C2,50,0.02,0.022707743644714354,Il4
T2_Thymus,thymus,T2,C3,7,0.2857142857142857,0.43769768306187223,Il4
T2_Thymus,thymus,T2,C4,2,0.0,0.0,Il4
T2_Thymus,thymus,T2,C5-1,10,0.3,0.32523972988128663,Il4
T2_Thymus,thymus,T2,C5-2,36,0.05555555555555555,0.06023690104484558,Il4
T2_Thymus,thymus,T2,C6,1087,0.16007359705611776,0.18514541260342918,Il4
T2_Thymus,thymus,T2,C7,44,0.022727272727272728,0.04480374672196128,Il4
T2_BM,bone_marrow,T2,C0,2090,0.1368421052631579,0.16988475200091824,Il4
T2_BM,bone_marrow,T2,C1,32,0.09375,0.10768809914588928,Il4
T2_BM,bone_marrow,T2,C2,67,0.05970149253731343,0.1263249649930356,Il4
T2_BM,bone_marrow,T2,C3,115,0.21739130434782608,0.2967546063920726,Il4
T2_BM,bone_marrow,T2,C4,223,0.017937219730941704,0.021252852918855814,Il4
T2_BM,bone_marrow,T2,C5-1,85,0.1411764705882353,0.16081315980238073,Il4
T2_BM,bone_marrow,T2,C5-2,96,0.0625,0.056823632990320526,Il4
T2_BM,bone_marrow,T2,C6,23,0.0,0.0,Il4
T2_Spleen,spleen,T2,C0,88,0.18181818181818182,0.22425454990430313,Il4
T2_Spleen,spleen,T2,C1,45,0.24444444444444444,0.32557407087749907,Il4
T2_Spleen,spleen,T2,C2,74,0.17567567567567569,0.32535545729302073,Il4
T2_Spleen,spleen,T2,C3,2557,0.2663277278060227,0.3536064886328854,Il4
T2_Spleen,spleen,T2,C4,208,0.004807692307692308,0.004160834619632134,Il4
T2_Spleen,spleen,T2,C5-1,345,0.22608695652173913,0.2695330032403918,Il4
T2_Spleen,spleen,T2,C5-2,42,0.14285714285714285,0.16024587693668546,Il4
T2_Spleen,spleen,T2,C6,12,0.0,0.0,Il4
Ctrl_Thymus,thymus,Ctrl,C1,2,0.0,0.0,Il6st
Ctrl_Thymus,thymus,Ctrl,C2,64,0.0,0.0,Il6st
Ctrl_Thymus,thymus,Ctrl,C4,14,0.0,0.0,Il6st
Ctrl_Thymus,thymus,Ctrl,C5-1,9,0.0,0.0,Il6st
Ctrl_Thymus,thymus,Ctrl,C5-2,11,0.0,0.0,Il6st
Ctrl_Thymus,thymus,Ctrl,C6,1227,0.018744906275468622,0.02116743961581391,Il6st
Ctrl_Thymus,thymus,Ctrl,C7,45,0.08888888888888889,0.12580664820141263,Il6st
Ctrl_BM,bone_marrow,Ctrl,C0,2533,0.0359257797078563,0.04388084491156703,Il6st
Ctrl_BM,bone_marrow,Ctrl,C1,46,0.06521739130434782,0.06957321063331935,Il6st
Ctrl_BM,bone_marrow,Ctrl,C2,78,0.0,0.0,Il6st
Ctrl_BM,bone_marrow,Ctrl,C3,236,0.05084745762711865,0.0604496363361003,Il6st
Ctrl_BM,bone_marrow,Ctrl,C4,244,0.05737704918032787,0.061972538711594756,Il6st
Ctrl_BM,bone_marrow,Ctrl,C5-1,124,0.07258064516129033,0.08941177254722964,Il6st
Ctrl_BM,bone_marrow,Ctrl,C5-2,104,0.028846153846153848,0.030532399049172036,Il6st
Ctrl_BM,bone_marrow,Ctrl,C6,14,0.0,0.0,Il6st
Ctrl_Spleen,spleen,Ctrl,C0,97,0.061855670103092786,0.07506704453340511,Il6st
Ctrl_Spleen,spleen,Ctrl,C1,36,0.027777777777777776,0.0218369464079539,Il6st
Ctrl_Spleen,spleen,Ctrl,C2,45,0.044444444444444446,0.10126294294993082,Il6st
Ctrl_Spleen,spleen,Ctrl,C3,2762,0.04055032585083273,0.05012153579997119,Il6st
Ctrl_Spleen,spleen,Ctrl,C4,196,0.015306122448979591,0.017508470890473346,Il6st
Ctrl_Spleen,spleen,Ctrl,C5-1,239,0.04602510460251046,0.05945913836547022,Il6st
Ctrl_Spleen,spleen,Ctrl,C5-2,28,0.0,0.0,Il6st
Ctrl_Spleen,spleen,Ctrl,C6,16,0.0,0.0,Il6st
Ctrl_Spleen,spleen,Ctrl,C7,3,0.0,0.0,Il6st
T2_Thymus,thymus,T2,C0,20,0.05,0.061820000410079956,Il6st
T2_Thymus,thymus,T2,C1,1,0.0,0.0,Il6st
T2_Thymus,thymus,T2,C2,50,0.02,0.04728096008300781,Il6st
T2_Thymus,thymus,T2,C3,7,0.14285714285714285,0.16908226694379533,Il6st
T2_Thymus,thymus,T2,C4,2,0.0,0.0,Il6st
T2_Thymus,thymus,T2,C5-1,10,0.0,0.0,Il6st
T2_Thymus,thymus,T2,C5-2,36,0.027777777777777776,0.03169067700703939,Il6st
T2_Thymus,thymus,T2,C6,1087,0.02483900643974241,0.026108529387862723,Il6st
T2_Thymus,thymus,T2,C7,44,0.22727272727272727,0.39738244902003894,Il6st
T2_BM,bone_marrow,T2,C0,2090,0.045933014354066985,0.05467178162775541,Il6st
T2_BM,bone_marrow,T2,C1,32,0.125,0.17120051011443138,Il6st
T2_BM,bone_marrow,T2,C2,67,0.0,0.0,Il6st
T2_BM,bone_marrow,T2,C3,115,0.043478260869565216,0.04454092564790145,Il6st
T2_BM,bone_marrow,T2,C4,223,0.03587443946188341,0.03687003107883471,Il6st
T2_BM,bone_marrow,T2,C5-1,85,0.07058823529411765,0.08614481477176442,Il6st
T2_BM,bone_marrow,T2,C5-2,96,0.010416666666666666,0.010000664740800858,Il6st
T2_BM,bone_marrow,T2,C6,23,0.043478260869565216,0.04995840010435685,Il6st
T2_Spleen,spleen,T2,C0,88,0.03409090909090909,0.03750175373120741,Il6st
T2_Spleen,spleen,T2,C1,45,0.022222222222222223,0.023509587181939018,Il6st
T2_Spleen,spleen,T2,C2,74,0.0,0.0,Il6st
T2_Spleen,spleen,T2,C3,2557,0.04536566288619476,0.055648687415445604,Il6st
T2_Spleen,spleen,T2,C4,208,0.03365384615384615,0.03240899025247647,Il6st
T2_Spleen,spleen,T2,C5-1,345,0.0782608695652174,0.08297135743541995,Il6st
T2_Spleen,spleen,T2,C5-2,42,0.023809523809523808,0.024001961662655787,Il6st
T2_Spleen,spleen,T2,C6,12,0.0,0.0,Il6st
Ctrl_Thymus,thymus,Ctrl,C1,2,0.5,1.1817623376846313,Il7r
Ctrl_Thymus,thymus,Ctrl,C2,64,0.65625,2.0149442218244076,Il7r
Ctrl_Thymus,thymus,Ctrl,C4,14,1.0,2.524849934237344,Il7r
Ctrl_Thymus,thymus,Ctrl,C5-1,9,0.5555555555555556,1.1261298259099324,Il7r
Ctrl_Thymus,thymus,Ctrl,C5-2,11,1.0,3.356994954022494,Il7r
Ctrl_Thymus,thymus,Ctrl,C6,1227,0.9861450692746536,2.4999283142661115,Il7r
Ctrl_Thymus,thymus,Ctrl,C7,45,0.06666666666666667,0.10993464522891574,Il7r
Ctrl_BM,bone_marrow,Ctrl,C0,2533,0.3087248322147651,0.4674426731835511,Il7r
Ctrl_BM,bone_marrow,Ctrl,C1,46,0.391304347826087,0.5625410339106685,Il7r
Ctrl_BM,bone_marrow,Ctrl,C2,78,0.11538461538461539,0.2719535002341637,Il7r
Ctrl_BM,bone_marrow,Ctrl,C3,236,0.4533898305084746,0.8071526758751627,Il7r
Ctrl_BM,bone_marrow,Ctrl,C4,244,0.8237704918032787,1.9199939761005465,Il7r
Ctrl_BM,bone_marrow,Ctrl,C5-1,124,0.717741935483871,1.478509117518702,Il7r
Ctrl_BM,bone_marrow,Ctrl,C5-2,104,1.0,3.044846024650794,Il7r
Ctrl_BM,bone_marrow,Ctrl,C6,14,1.0,2.331782485757555,Il7r
Ctrl_Spleen,spleen,Ctrl,C0,97,0.4742268041237113,0.7704029943525177,Il7r
Ctrl_Spleen,spleen,Ctrl,C1,36,0.8333333333333334,1.8433739956882265,Il7r
Ctrl_Spleen,spleen,Ctrl,C2,45,0.4,1.0593313402599758,Il7r
Ctrl_Spleen,spleen,Ctrl,C3,2762,0.8537291817523533,1.8643211603250993,Il7r
Ctrl_Spleen,spleen,Ctrl,C4,196,0.8928571428571429,2.340972975200536,Il7r
Ctrl_Spleen,spleen,Ctrl,C5-1,239,0.8786610878661087,1.9556208599561429,Il7r
Ctrl_Spleen,spleen,Ctrl,C5-2,28,1.0,3.079046538897923,Il7r
Ctrl_Spleen,spleen,Ctrl,C6,16,1.0,2.6021659821271896,Il7r
Ctrl_Spleen,spleen,Ctrl,C7,3,0.0,0.0,Il7r
T2_Thymus,thymus,T2,C0,20,0.75,1.3980240941047668,Il7r
T2_Thymus,thymus,T2,C1,1,1.0,3.013625383377075,Il7r
T2_Thymus,thymus,T2,C2,50,0.64,1.9122589588165284,Il7r
T2_Thymus,thymus,T2,C3,7,0.7142857142857143,1.5491204942975725,Il7r
T2_Thymus,thymus,T2,C4,2,1.0,2.919577717781067,Il7r
T2_Thymus,thymus,T2,C5-1,10,0.9,2.2709815979003904,Il7r
T2_Thymus,thymus,T2,C5-2,36,1.0,3.3706310987472534,Il7r
T2_Thymus,thymus,T2,C6,1087,0.9696412143514259,2.3887096369825818,Il7r
T2_Thymus,thymus,T2,C7,44,0.06818181818181818,0.11074020374904979,Il7r
T2_BM,bone_marrow,T2,C0,2090,0.2904306220095694,0.41842482577670703,Il7r
T2_BM,bone_marrow,T2,C1,32,0.4375,0.6192781161516905,Il7r
T2_BM,bone_marrow,T2,C2,67,0.2537313432835821,0.5918015579679119,Il7r
T2_BM,bone_marrow,T2,C3,115,0.4956521739130435,0.863337446813998,Il7r
T2_BM,bone_marrow,T2,C4,223,0.874439461883408,1.9635359404332968,Il7r
T2_BM,bone_marrow,T2,C5-1,85,0.7294117647058823,1.5056388230884776,Il7r
T2_BM,bone_marrow,T2,C5-2,96,1.0,3.0131214447319508,Il7r
T2_BM,bone_marrow,T2,C6,23,0.9565217391304348,2.2929144242535466,Il7r
T2_Spleen,spleen,T2,C0,88,0.5909090909090909,1.0010150914842433,Il7r
T2_Spleen,spleen,T2,C1,45,0.8888888888888888,1.9212751494513618,Il7r
T2_Spleen,spleen,T2,C2,74,0.5135135135135135,1.2649414249368616,Il7r
T2_Spleen,spleen,T2,C3,2557,0.852170512319124,1.837968890537356,Il7r
T2_Spleen,spleen,T2,C4,208,0.9519230769230769,2.4989060387015343,Il7r
T2_Spleen,spleen,T2,C5-1,345,0.936231884057971,2.2687775480574457,Il7r
T2_Spleen,spleen,T2,C5-2,42,1.0,3.3773442960920788,Il7r
T2_Spleen,spleen,T2,C6,12,1.0,2.608796646197637,Il7r
Ctrl_Thymus,thymus,Ctrl,C1,2,1.0,2.980142593383789,Irf7
Ctrl_Thymus,thymus,Ctrl,C2,64,0.03125,0.07638799026608467,Irf7
Ctrl_Thymus,thymus,Ctrl,C4,14,0.21428571428571427,0.24546085085187638,Irf7
Ctrl_Thymus,thymus,Ctrl,C5-1,9,0.3333333333333333,0.40032970243030125,Irf7
Ctrl_Thymus,thymus,Ctrl,C5-2,11,0.2727272727272727,0.2431335991079157,Irf7
Ctrl_Thymus,thymus,Ctrl,C6,1227,0.21352893235533824,0.2681752471488573,Irf7
Ctrl_Thymus,thymus,Ctrl,C7,45,0.022222222222222223,0.03898718886905246,Irf7
Ctrl_BM,bone_marrow,Ctrl,C0,2533,0.2084484800631662,0.26652313730625404,Irf7
Ctrl_BM,bone_marrow,Ctrl,C1,46,0.8913043478260869,1.6025980723940807,Irf7
Ctrl_BM,bone_marrow,Ctrl,C2,78,0.0641025641025641,0.14198023386490652,Irf7
Ctrl_BM,bone_marrow,Ctrl,C3,236,0.19491525423728814,0.2582389846191568,Irf7
Ctrl_BM,bone_marrow,Ctrl,C4,244,0.22950819672131148,0.2786964869401494,Irf7
Ctrl_BM,bone_marrow,Ctrl,C5-1,124,0.20967741935483872,0.2602570479915988,Irf7
Ctrl_BM,bone_marrow,Ctrl,C5-2,104,0.14423076923076922,0.15297638567594382,Irf7
Ctrl_BM,bone_marrow,Ctrl,C6,14,0.21428571428571427,0.2946660007749285,Irf7
Ctrl_Spleen,spleen,Ctrl,C0,97,0.23711340206185566,0.2904222865694577,Irf7
Ctrl_Spleen,spleen,Ctrl,C1,36,0.8055555555555556,1.4151726381646261,Irf7
Ctrl_Spleen,spleen,Ctrl,C2,45,0.2,0.42461411158243817,Irf7
Ctrl_Spleen,spleen,Ctrl,C3,2762,0.19876900796524258,0.26458883963142243,Irf7
Ctrl_Spleen,spleen,Ctrl,C4,196,0.22448979591836735,0.278625450572189,Irf7
Ctrl_Spleen,spleen,Ctrl,C5-1,239,0.2384937238493724,0.29279877525991976,Irf7
Ctrl_Spleen,spleen,Ctrl,C5-2,28,0.21428571428571427,0.25526093372276853,Irf7
Ctrl_Spleen,spleen,Ctrl,C6,16,0.1875,0.21040216833353043,Irf7
Ctrl_Spleen,spleen,Ctrl,C7,3,0.0,0.0,Irf7
T2_Thymus,thymus,T2,C0,20,0.1,0.1206776261329651,Irf7
T2_Thymus,thymus,T2,C1,1,1.0,3.013625383377075,Irf7
T2_Thymus,thymus,T2,C2,50,0.04,0.0753599762916565,Irf7
T2_Thymus,thymus,T2,C3,7,0.2857142857142857,0.3222266605922154,Irf7
T2_Thymus,thymus,T2,C4,2,0.0,0.0,Irf7
T2_Thymus,thymus,T2,C5-1,10,0.4,0.46699827909469604,Irf7
T2_Thymus,thymus,T2,C5-2,36,0.2222222222222222,0.2597803804609511,Irf7
T2_Thymus,thymus,T2,C6,1087,0.25390984360625574,0.33298133904493066,Irf7
T2_Thymus,thymus,T2,C7,44,0.0,0.0,Irf7
T2_BM,bone_marrow,T2,C0,2090,0.20861244019138755,0.2607979148483733,Irf7
T2_BM,bone_marrow,T2,C1,32,0.875,1.8139772452414036,Irf7
T2_BM,bone_marrow,T2,C2,67,0.1044776119402985,0.20673418756741196,Irf7
T2_BM,bone_marrow,T2,C3,115,0.14782608695652175,0.2190545828446098,Irf7
T2_BM,bone_marrow,T2,C4,223,0.2242152466367713,0.2507746350604857,Irf7
T2_BM,bone_marrow,T2,C5-1,85,0.27058823529411763,0.3263310804086573,Irf7
T2_BM,bone_marrow,T2,C5-2,96,0.125,0.12389480446775754,Irf7
T2_BM,bone_marrow,T2,C6,23,0.13043478260869565,0.21638798195382822,Irf7
T2_Spleen,spleen,T2,C0,88,0.26136363636363635,0.3370462784712965,Irf7
T2_Spleen,spleen,T2,C1,45,0.9111111111111111,1.617033800813887,Irf7
T2_Spleen,spleen,T2,C2,74,0.0945945945945946,0.17097575922270078,Irf7
T2_Spleen,spleen,T2,C3,2557,0.21079389910050841,0.2719592969772822,Irf7
T2_Spleen,spleen,T2,C4,208,0.22115384615384615,0.28284861605900985,Irf7
T2_Spleen,spleen,T2,C5-1,345,0.26666666666666666,0.28118236652318984,Irf7
T2_Spleen,spleen,T2,C5-2,42,0.16666666666666666,0.20212461125283016,Irf7
T2_Spleen,spleen,T2,C6,12,0.6666666666666666,0.8935138533512751,Irf7
Ctrl_Thymus,thymus,Ctrl,C1,2,0.0,0.0,Irf9
Ctrl_Thymus,thymus,Ctrl,C2,64,0.0625,0.14146768301725388,Irf9
Ctrl_Thymus,thymus,Ctrl,C4,14,0.07142857142857142,0.0846198286328997,Irf9
Ctrl_Thymus,thymus,Ctrl,C5-1,9,0.1111111111111111,0.1375803682539198,Irf9
Ctrl_Thymus,thymus,Ctrl,C5-2,11,0.09090909090909091,0.07785369049419057,Irf9
Ctrl_Thymus,thymus,Ctrl,C6,1227,0.20945395273023634,0.24901609957072438,Irf9
Ctrl_Thymus,thymus,Ctrl,C7,45,0.1111111111111111,0.1769902547200521,Irf9
Ctrl_BM,bone_marrow,Ctrl,C0,2533,0.24358468219502566,0.3127922173361509,Irf9
Ctrl_BM,bone_marrow,Ctrl,C1,46,0.391304347826087,0.5256565057713053,Irf9
Ctrl_BM,bone_marrow,Ctrl,C2,78,0.05128205128205128,0.10914520575450017,Irf9
Ctrl_BM,bone_marrow,Ctrl,C3,236,0.2796610169491525,0.37170900202403634,Irf9
Ctrl_BM,bone_marrow,Ctrl,C4,244,0.22950819672131148,0.26359062922782583,Irf9
Ctrl_BM,bone_marrow,Ctrl,C5-1,124,0.27419354838709675,0.3642297012190665,Irf9
Ctrl_BM,bone_marrow,Ctrl,C5-2,104,0.20192307692307693,0.23974064049812463,Irf9
Ctrl_BM,bone_marrow,Ctrl,C6,14,0.14285714285714285,0.14092721257890975,Irf9
Ctrl_Spleen,spleen,Ctrl,C0,97,0.28865979381443296,0.3608229498273319,Irf9
Ctrl_Spleen,spleen,Ctrl,C1,36,0.4722222222222222,0.6979620787832472,Irf9
Ctrl_Spleen,spleen,Ctrl,C2,45,0.044444444444444446,0.08257486820220947,Irf9
Ctrl_Spleen,spleen,Ctrl,C3,2762,0.24149167270094135,0.3188545032742229,Irf9
Ctrl_Spleen,spleen,Ctrl,C4,196,0.2193877551020408,0.2892399585368682,Irf9
Ctrl_Spleen,spleen,Ctrl,C5-1,239,0.26359832635983266,0.28645740991855767,Irf9
Ctrl_Spleen,spleen,Ctrl,C5-2,28,0.25,0.27894912021500723,Irf9
Ctrl_Spleen,spleen,Ctrl,C6,16,0.1875,0.1883717067539692,Irf9
Ctrl_Spleen,spleen,Ctrl,C7,3,0.0,0.0,Irf9
T2_Thymus,thymus,T2,C0,20,0.15,0.23359662294387817,Irf9
T2_Thymus,thymus,T2,C1,1,0.0,0.0,Irf9
T2_Thymus,thymus,T2,C2,50,0.06,0.16836530208587647,Irf9
T2_Thymus,thymus,T2,C3,7,0.0,0.0,Irf9
T2_Thymus,thymus,T2,C4,2,0.0,0.0,Irf9
T2_Thymus,thymus,T2,C5-1,10,0.4,0.43539268970489503,Irf9
T2_Thymus,thymus,T2,C5-2,36,0.1388888888888889,0.15631888310114542,Irf9
T2_Thymus,thymus,T2,C6,1087,0.2125114995400184,0.25465517923606024,Irf9
T2_Thymus,thymus,T2,C7,44,0.045454545454545456,0.06020312688567422,Irf9
T2_BM,bone_marrow,T2,C0,2090,0.23205741626794257,0.2903807355456375,Irf9
T2_BM,bone_marrow,T2,C1,32,0.6875,1.0708439275622368,Irf9
T2_BM,bone_marrow,T2,C2,67,0.08955223880597014,0.21378853071981402,Irf9
T2_BM,bone_marrow,T2,C3,115,0.2,0.2702735434407773,Irf9
T2_BM,bone_marrow,T2,C4,223,0.19282511210762332,0.2262284440310012,Irf9
T2_BM,bone_marrow,T2,C5-1,85,0.29411764705882354,0.35498595307855046,Irf9
T2_BM,bone_marrow,T2,C5-2,96,0.25,0.27461270925899345,Irf9
T2_BM,bone_marrow,T2,C6,23,0.30434782608695654,0.36439071271730505,Irf9
T2_Spleen,spleen,T2,C0,88,0.25,0.31121149455959146,Irf9
T2_Spleen,spleen,T2,C1,45,0.5777777777777777,0.7866472641626994,Irf9
T2_Spleen,spleen,T2,C2,74,0.06756756756756757,0.0990449351233405,Irf9
T2_Spleen,spleen,T2,C3,2557,0.22604614782948768,0.2979673272844493,Irf9
T2_Spleen,spleen,T2,C4,208,0.20192307692307693,0.24655378266022757,Irf9
T2_Spleen,spleen,T2,C5-1,345,0.2898550724637681,0.3294047514597575,Irf9
T2_Spleen,spleen,T2,C5-2,42,0.3333333333333333,0.37922106754212154,Irf9
T2_Spleen,spleen,T2,C6,12,0.16666666666666666,0.14919182161490122,Irf9
Ctrl_Thymus,thymus,Ctrl,C1,2,1.0,4.010730147361755,Isg15
Ctrl_Thymus,thymus,Ctrl,C2,64,0.0,0.0,Isg15
Ctrl_Thymus,thymus,Ctrl,C4,14,0.21428571428571427,0.4023036871637617,Isg15
Ctrl_Thymus,thymus,Ctrl,C5-1,9,0.4444444444444444,0.6199578444163004,Isg15
Ctrl_Thymus,thymus,Ctrl,C5-2,11,0.09090909090909091,0.08323920314962213,Isg15
Ctrl_Thymus,thymus,Ctrl,C6,1227,0.2208638956805216,0.32597119199034635,Isg15
Ctrl_Thymus,thymus,Ctrl,C7,45,0.044444444444444446,0.08758575386471218,Isg15
Ctrl_BM,bone_marrow,Ctrl,C0,2533,0.21160679036715357,0.29081542925829007,Isg15
Ctrl_BM,bone_marrow,Ctrl,C1,46,0.9565217391304348,2.926077609476836,Isg15
Ctrl_BM,bone_marrow,Ctrl,C2,78,0.07692307692307693,0.19655298116879585,Isg15
Ctrl_BM,bone_marrow,Ctrl,C3,236,0.2711864406779661,0.39387603129370735,Isg15
Ctrl_BM,bone_marrow,Ctrl,C4,244,0.1680327868852459,0.21320819976876992,Isg15
Ctrl_BM,bone_marrow,Ctrl,C5-1,124,0.16129032258064516,0.2456802091290874,Isg15
Ctrl_BM,bone_marrow,Ctrl,C5-2,104,0.08653846153846154,0.09190003688518818,Isg15
Ctrl_BM,bone_marrow,Ctrl,C6,14,0.21428571428571427,0.6657676867076329,Isg15
Ctrl_Spleen,spleen,Ctrl,C0,97,0.20618556701030927,0.27503504703954323,Isg15
Ctrl_Spleen,spleen,Ctrl,C1,36,0.9722222222222222,3.1066127485699124,Isg15
Ctrl_Spleen,spleen,Ctrl,C2,45,0.1111111111111111,0.2269504043791029,Isg15
Ctrl_Spleen,spleen,Ctrl,C3,2762,0.2965242577842143,0.4340060332130471,Isg15
Ctrl_Spleen,spleen,Ctrl,C4,196,0.14795918367346939,0.21316659420120473,Isg15
Ctrl_Spleen,spleen,Ctrl,C5-1,239,0.3179916317991632,0.4051266744047029,Isg15
Ctrl_Spleen,spleen,Ctrl,C5-2,28,0.21428571428571427,0.23765026458672114,Isg15
Ctrl_Spleen,spleen,Ctrl,C6,16,0.125,0.22585996612906456,Isg15
Ctrl_Spleen,spleen,Ctrl,C7,3,0.0,0.0,Isg15
T2_Thymus,thymus,T2,C0,20,0.25,0.36686585545539857,Isg15
T2_Thymus,thymus,T2,C1,1,1.0,3.013625383377075,Isg15
T2_Thymus,thymus,T2,C2,50,0.16,0.28983638048171995,Isg15
T2_Thymus,thymus,T2,C3,7,0.2857142857142857,0.5524280411856515,Isg15
T2_Thymus,thymus,T2,C4,2,0.0,0.0,Isg15
T2_Thymus,thymus,T2,C5-1,10,0.1,0.08661715388298034,Isg15
T2_Thymus,thymus,T2,C5-2,36,0.08333333333333333,0.13333689504199558,Isg15
T2_Thymus,thymus,T2,C6,1087,0.2704691812327507,0.3955581044536615,Isg15
T2_Thymus,thymus,T2,C7,44,0.06818181818181818,0.10421882976185191,Isg15
T2_BM,bone_marrow,T2,C0,2090,0.20191387559808613,0.2712083331420661,Isg15
T2_BM,bone_marrow,T2,C1,32,1.0,3.4285583943128586,Isg15
T2_BM,bone_marrow,T2,C2,67,0.08955223880597014,0.1603832511759516,Isg15
T2_BM,bone_marrow,T2,C3,115,0.2608695652173913,0.37620515616043754,Isg15
T2_BM,bone_marrow,T2,C4,223,0.19730941704035873,0.26063353304371173,Isg15
T2_BM,bone_marrow,T2,C5-1,85,0.1411764705882353,0.1891087251551011,Isg15
T2_BM,bone_marrow,T2,C5-2,96,0.11458333333333333,0.13807502885659537,Isg15
T2_BM,bone_marrow,T2,C6,23,0.13043478260869565,0.2745368040126303,Isg15
T2_Spleen,spleen,T2,C0,88,0.3977272727272727,0.5503415973349051,Isg15
T2_Spleen,spleen,T2,C1,45,1.0,3.141884112358093,Isg15
T2_Spleen,spleen,T2,C2,74,0.14864864864864866,0.26580937327565374,Isg15
T2_Spleen,spleen,T2,C3,2557,0.34258897145091904,0.5077793948763183,Isg15
T2_Spleen,spleen,T2,C4,208,0.19230769230769232,0.2600135336128565,Isg15
T2_Spleen,spleen,T2,C5-1,345,0.32753623188405795,0.4855741554412289,Isg15
T2_Spleen,spleen,T2,C5-2,42,0.19047619047619047,0.2753383190858932,Isg15
T2_Spleen,spleen,T2,C6,12,0.16666666666666666,0.33938852449258167,Isg15
Ctrl_Thymus,thymus,Ctrl,C1,2,0.0,0.0,Jun
Ctrl_Thymus,thymus,Ctrl,C2,64,0.203125,0.5735044367611408,Jun
Ctrl_Thymus,thymus,Ctrl,C4,14,0.21428571428571427,0.4333653279713222,Jun
Ctrl_Thymus,thymus,Ctrl,C5-1,9,0.8888888888888888,2.047809620698293,Jun
Ctrl_Thymus,thymus,Ctrl,C5-2,11,0.36363636363636365,0.8800683671777899,Jun
Ctrl_Thymus,thymus,Ctrl,C6,1227,0.5574572127139364,1.1498045226666824,Jun
Ctrl_Thymus,thymus,Ctrl,C7,45,0.5777777777777777,1.4933981286154854,Jun
Ctrl_BM,bone_marrow,Ctrl,C0,2533,0.5294117647058824,0.9516192525684057,Jun
Ctrl_BM,bone_marrow,Ctrl,C1,46,0.6521739130434783,1.3104239676309668,Jun
Ctrl_BM,bone_marrow,Ctrl,C2,78,0.2692307692307692,0.6676980761381296,Jun
Ctrl_BM,bone_marrow,Ctrl,C3,236,0.4745762711864407,0.84367583591049,Jun
Ctrl_BM,bone_marrow,Ctrl,C4,244,0.5081967213114754,0.8894372719233153,Jun
Ctrl_BM,bone_marrow,Ctrl,C5-1,124,0.5241935483870968,0.9723052637230966,Jun
Ctrl_BM,bone_marrow,Ctrl,C5-2,104,0.3076923076923077,0.5170863992892779,Jun
Ctrl_BM,bone_marrow,Ctrl,C6,14,0.35714285714285715,0.5471296651022775,Jun
Ctrl_Spleen,spleen,Ctrl,C0,97,0.3917525773195876,0.5477878230134237,Jun
Ctrl_Spleen,spleen,Ctrl,C1,36,0.4722222222222222,0.7965228855609894,Jun
Ctrl_Spleen,spleen,Ctrl,C2,45,0.17777777777777778,0.44326249493492975,Jun
Ctrl_Spleen,spleen,Ctrl,C3,2762,0.4055032585083273,0.6387682098957355,Jun
Ctrl_Spleen,spleen,Ctrl,C4,196,0.1836734693877551,0.250358773129327,Jun
Ctrl_Spleen,spleen,Ctrl,C5-1,239,0.3179916317991632,0.414722462079515,Jun
Ctrl_Spleen,spleen,Ctrl,C5-2,28,0.21428571428571427,0.22650663554668427,Jun
Ctrl_Spleen,spleen,Ctrl,C6,16,0.25,0.2689349129796028,Jun
Ctrl_Spleen,spleen,Ctrl,C7,3,0.0,0.0,Jun
T2_Thymus,thymus,T2,C0,20,0.75,2.1569966077804565,Jun
T2_Thymus,thymus,T2,C1,1,0.0,0.0,Jun
T2_Thymus,thymus,T2,C2,50,0.3,0.7438849091529847,Jun
T2_Thymus,thymus,T2,C3,7,0.42857142857142855,0.9656240088599068,Jun
T2_Thymus,thymus,T2,C4,2,0.0,0.0,Jun
T2_Thymus,thymus,T2,C5-1,10,0.8,2.140640604496002,Jun
T2_Thymus,thymus,T2,C5-2,36,0.6666666666666666,1.5409386505683262,Jun
T2_Thymus,thymus,T2,C6,1087,0.6080956761729531,1.2186791895175046,Jun
T2_Thymus,thymus,T2,C7,44,0.5227272727272727,1.2851323837583715,Jun
T2_BM,bone_marrow,T2,C0,2090,0.6205741626794259,1.2334586333715174,Jun
T2_BM,bone_marrow,T2,C1,32,0.59375,1.1158878989517689,Jun
T2_BM,bone_marrow,T2,C2,67,0.29850746268656714,0.7503674137058542,Jun
T2_BM,bone_marrow,T2,C3,115,0.5304347826086957,0.9937139537023462,Jun
T2_BM,bone_marrow,T2,C4,223,0.5874439461883408,1.1661859579685023,Jun
T2_BM,bone_marrow,T2,C5-1,85,0.5764705882352941,1.184687157939462,Jun
T2_BM,bone_marrow,T2,C5-2,96,0.375,0.6089275367558002,Jun
T2_BM,bone_marrow,T2,C6,23,0.7391304347826086,1.334806538146475,Jun
T2_Spleen,spleen,T2,C0,88,0.6136363636363636,1.0822182406078686,Jun
T2_Spleen,spleen,T2,C1,45,0.6888888888888889,1.2356569740507337,Jun
T2_Spleen,spleen,T2,C2,74,0.12162162162162163,0.31654901278985514,Jun
T2_Spleen,spleen,T2,C3,2557,0.624560031286664,1.1365760196733157,Jun
T2_Spleen,spleen,T2,C4,208,0.4182692307692308,0.6592026155155438,Jun
T2_Spleen,spleen,T2,C5-1,345,0.5681159420289855,0.8475279422773832,Jun
T2_Spleen,spleen,T2,C5-2,42,0.4523809523809524,0.6916547091234297,Jun
T2_Spleen,spleen,T2,C6,12,0.5833333333333334,0.8603976219892502,Jun
Ctrl_Thymus,thymus,Ctrl,C1,2,0.5,0.5367616415023804,Klf2
Ctrl_Thymus,thymus,Ctrl,C2,64,0.25,0.6799586303532124,Klf2
Ctrl_Thymus,thymus,Ctrl,C4,14,0.8571428571428571,1.8566291332244873,Klf2
Ctrl_Thymus,thymus,Ctrl,C5-1,9,0.5555555555555556,0.9772042300966051,Klf2
Ctrl_Thymus,thymus,Ctrl,C5-2,11,0.2727272727272727,0.40501125292344525,Klf2
Ctrl_Thymus,thymus,Ctrl,C6,1227,0.7514262428687857,1.5416055413990752,Klf2
Ctrl_Thymus,thymus,Ctrl,C7,45,0.1111111111111111,0.18134379519356622,Klf2
Ctrl_BM,bone_marrow,Ctrl,C0,2533,0.15396762731938413,0.22123542904524382,Klf2
Ctrl_BM,bone_marrow,Ctrl,C1,46,0.13043478260869565,0.2098740041255951,Klf2
Ctrl_BM,bone_marrow,Ctrl,C2,78,0.07692307692307693,0.20885323561154878,Klf2
Ctrl_BM,bone_marrow,Ctrl,C3,236,0.09322033898305085,0.11275743554204197,Klf2
Ctrl_BM,bone_marrow,Ctrl,C4,244,0.9180327868852459,1.9871838056161755,Klf2
Ctrl_BM,bone_marrow,Ctrl,C5-1,124,0.6451612903225806,1.5069430744455707,Klf2
Ctrl_BM,bone_marrow,Ctrl,C5-2,104,0.15384615384615385,0.2059793770313263,Klf2
Ctrl_BM,bone_marrow,Ctrl,C6,14,1.0,1.9883831994874137,Klf2
Ctrl_Spleen,spleen,Ctrl,C0,97,0.31958762886597936,0.5310785450886205,Klf2
Ctrl_Spleen,spleen,Ctrl,C1,36,0.08333333333333333,0.11998001899984148,Klf2
Ctrl_Spleen,spleen,Ctrl,C2,45,0.13333333333333333,0.3111736218134562,Klf2
Ctrl_Spleen,spleen,Ctrl,C3,2762,0.10101375814627082,0.13733283945566324,Klf2
Ctrl_Spleen,spleen,Ctrl,C4,196,0.9846938775510204,2.5575654762131825,Klf2
Ctrl_Spleen,spleen,Ctrl,C5-1,239,0.694560669456067,1.3744694712770533,Klf2
Ctrl_Spleen,spleen,Ctrl,C5-2,28,0.6785714285714286,1.199001750775746,Klf2
Ctrl_Spleen,spleen,Ctrl,C6,16,0.625,1.2863745018839836,Klf2
Ctrl_Spleen,spleen,Ctrl,C7,3,0.0,0.0,Klf2
T2_Thymus,thymus,T2,C0,20,0.45,1.076188313961029,Klf2
T2_Thymus,thymus,T2,C1,1,0.0,0.0,Klf2
T2_Thymus,thymus,T2,C2,50,0.2,0.48277361392974855,Klf2
T2_Thymus,thymus,T2,C3,7,0.14285714285714285,0.15918888364519393,Klf2
T2_Thymus,thymus,T2,C4,2,1.0,2.6394565105438232,Klf2
T2_Thymus,thymus,T2,C5-1,10,0.6,1.2091894030570984,Klf2
T2_Thymus,thymus,T2,C5-2,36,0.3611111111111111,0.4922219067811966,Klf2
T2_Thymus,thymus,T2,C6,1087,0.7488500459981601,1.5742181590531217,Klf2
T2_Thymus,thymus,T2,C7,44,0.11363636363636363,0.2569892027161338,Klf2
T2_BM,bone_marrow,T2,C0,2090,0.17751196172248804,0.26748867197470233,Klf2
T2_BM,bone_marrow,T2,C1,32,0.1875,0.24811043217778206,Klf2
T2_BM,bone_marrow,T2,C2,67,0.11940298507462686,0.29261889742381536,Klf2
T2_BM,bone_marrow,T2,C3,115,0.0782608695652174,0.11696025651434193,Klf2
T2_BM,bone_marrow,T2,C4,223,0.8834080717488789,1.9127192646933244,Klf2
T2_BM,bone_marrow,T2,C5-1,85,0.47058823529411764,1.005026388168335,Klf2
T2_BM,bone_marrow,T2,C5-2,96,0.28125,0.3683684350301822,Klf2
T2_BM,bone_marrow,T2,C6,23,0.8695652173913043,2.0379889374193936,Klf2
T2_Spleen,spleen,T2,C0,88,0.3522727272727273,0.5270520990545099,Klf2
T2_Spleen,spleen,T2,C1,45,0.17777777777777778,0.25518847041659887,Klf2
T2_Spleen,spleen,T2,C2,74,0.16216216216216217,0.3461785380904739,Klf2
T2_Spleen,spleen,T2,C3,2557,0.1255377395385217,0.17598298671052565,Klf2
T2_Spleen,spleen,T2,C4,208,0.9903846153846154,2.3849515181321363,Klf2
T2_Spleen,spleen,T2,C5-1,345,0.6173913043478261,1.1470864268316738,Klf2
T2_Spleen,spleen,T2,C5-2,42,0.5714285714285714,0.8271835701806205,Klf2
T2_Spleen,spleen,T2,C6,12,0.8333333333333334,2.0597100059191384,Klf2
Ctrl_Thymus,thymus,Ctrl,C1,2,0.0,0.0,Klrb1c
Ctrl_Thymus,thymus,Ctrl,C2,64,0.140625,0.3599345665425062,Klrb1c
Ctrl_Thymus,thymus,Ctrl,C4,14,0.8571428571428571,1.315009125641414,Klrb1c
Ctrl_Thymus,thymus,Ctrl,C5-1,9,0.2222222222222222,0.33023953437805176,Klrb1c
Ctrl_Thymus,thymus,Ctrl,C5-2,11,0.6363636363636364,1.0196073813871904,Klrb1c
Ctrl_Thymus,thymus,Ctrl,C6,1227,0.6821515892420538,1.0134182448977849,Klrb1c
Ctrl_Thymus,thymus,Ctrl,C7,45,0.044444444444444446,0.061504520310295956,Klrb1c
Ctrl_BM,bone_marrow,Ctrl,C0,2533,0.5771812080536913,0.9444363921515988,Klrb1c
Ctrl_BM,bone_marrow,Ctrl,C1,46,0.34782608695652173,0.5092392239881598,Klrb1c
Ctrl_BM,bone_marrow,Ctrl,C2,78,0.1794871794871795,0.43383593742664045,Klrb1c
Ctrl_BM,bone_marrow,Ctrl,C3,236,0.4364406779661017,0.6997776344671087,Klrb1c
Ctrl_BM,bone_marrow,Ctrl,C4,244,0.5532786885245902,0.8893044112158603,Klrb1c
Ctrl_BM,bone_marrow,Ctrl,C5-1,124,0.07258064516129033,0.10986986900529554,Klrb1c
Ctrl_BM,bone_marrow,Ctrl,C5-2,104,0.04807692307692308,0.06141085234972147,Klrb1c
Ctrl_BM,bone_marrow,Ctrl,C6,14,0.9285714285714286,1.2548575486455644,Klrb1c
Ctrl_Spleen,spleen,Ctrl,C0,97,0.5154639175257731,0.8437263252808875,Klrb1c
Ctrl_Spleen,spleen,Ctrl,C1,36,0.3333333333333333,0.5699939264191521,Klrb1c
Ctrl_Spleen,spleen,Ctrl,C2,45,0.08888888888888889,0.20901022752126058,Klrb1c
Ctrl_Spleen,spleen,Ctrl,C3,2762,0.4869659666908038,0.779588161906326,Klrb1c
Ctrl_Spleen,spleen,Ctrl,C4,196,0.6173469387755102,0.9616946854761669,Klrb1c
Ctrl_Spleen,spleen,Ctrl,C5-1,239,0.08368200836820083,0.0973023223577683,Klrb1c
Ctrl_Spleen,spleen,Ctrl,C5-2,28,0.07142857142857142,0.14047549026353018,Klrb1c
Ctrl_Spleen,spleen,Ctrl,C6,16,0.9375,1.4929900094866753,Klrb1c
Ctrl_Spleen,spleen,Ctrl,C7,3,0.0,0.0,Klrb1c
T2_Thymus,thymus,T2,C0,20,0.25,0.4727523744106293,Klrb1c
T2_Thymus,thymus,T2,C1,1,0.0,0.0,Klrb1c
T2_Thymus,thymus,T2,C2,50,0.24,0.5977707839012146,Klrb1c
T2_Thymus,thymus,T2,C3,7,0.2857142857142857,0.44140221391405376,Klrb1c
T2_Thymus,thymus,T2,C4,2,1.0,1.8927059173583984,Klrb1c
T2_Thymus,thymus,T2,C5-1,10,0.2,0.24765897989273072,Klrb1c
T2_Thymus,thymus,T2,C5-2,36,0.25,0.2797816726896498,Klrb1c
T2_Thymus,thymus,T2,C6,1087,0.7414903403863845,1.1591300054109743,Klrb1c
T2_Thymus,thymus,T2,C7,44,0.045454545454545456,0.06526921012184837,Klrb1c
T2_BM,bone_marrow,T2,C0,2090,0.6181818181818182,1.0304146904694407,Klrb1c
T2_BM,bone_marrow,T2,C1,32,0.4375,0.5722349733114243,Klrb1c
T2_BM,bone_marrow,T2,C2,67,0.31343283582089554,0.7439100955849263,Klrb1c
T2_BM,bone_marrow,T2,C3,115,0.5565217391304348,0.9681009733158609,Klrb1c
T2_BM,bone_marrow,T2,C4,223,0.6905829596412556,1.067776469639064,Klrb1c
T2_BM,bone_marrow,T2,C5-1,85,0.16470588235294117,0.18973271636401906,Klrb1c
T2_BM,bone_marrow,T2,C5-2,96,0.0625,0.08732022965947787,Klrb1c
T2_BM,bone_marrow,T2,C6,23,0.7391304347826086,1.0022473335266113,Klrb1c
T2_Spleen,spleen,T2,C0,88,0.6477272727272727,1.0836985605684193,Klrb1c
T2_Spleen,spleen,T2,C1,45,0.4,0.6126803371641371,Klrb1c
T2_Spleen,spleen,T2,C2,74,0.2702702702702703,0.5686584566090558,Klrb1c
T2_Spleen,spleen,T2,C3,2557,0.5655064528744622,0.9477805688505206,Klrb1c
T2_Spleen,spleen,T2,C4,208,0.6586538461538461,1.063669443417054,Klrb1c
T2_Spleen,spleen,T2,C5-1,345,0.08985507246376812,0.1045257428418035,Klrb1c
T2_Spleen,spleen,T2,C5-2,42,0.23809523809523808,0.2771276505220504,Klrb1c
T2_Spleen,spleen,T2,C6,12,0.5,0.7520133604605993,Klrb1c
Ctrl_Thymus,thymus,Ctrl,C1,2,0.5,1.3988038301467896,Klrd1
Ctrl_Thymus,thymus,Ctrl,C2,64,0.296875,0.8592942282557487,Klrd1
Ctrl_Thymus,thymus,Ctrl,C4,14,0.8571428571428571,1.8301594512803214,Klrd1
Ctrl_Thymus,thymus,Ctrl,C5-1,9,0.2222222222222222,0.45406901836395264,Klrd1
Ctrl_Thymus,thymus,Ctrl,C5-2,11,0.0,0.0,Klrd1
Ctrl_Thymus,thymus,Ctrl,C6,1227,0.8671556642216789,1.6976107660599036,Klrd1
Ctrl_Thymus,thymus,Ctrl,C7,45,0.06666666666666667,0.1601006242964003,Klrd1
Ctrl_BM,bone_marrow,Ctrl,C0,2533,0.4224240031583103,0.7348217127401274,Klrd1
Ctrl_BM,bone_marrow,Ctrl,C1,46,0.391304347826087,0.603223424890767,Klrd1
Ctrl_BM,bone_marrow,Ctrl,C2,78,0.15384615384615385,0.35155483851066005,Klrd1
Ctrl_BM,bone_marrow,Ctrl,C3,236,0.2669491525423729,0.46944024754782854,Klrd1
Ctrl_BM,bone_marrow,Ctrl,C4,244,0.8524590163934426,1.6446891761705524,Klrd1
Ctrl_BM,bone_marrow,Ctrl,C5-1,124,0.1935483870967742,0.28023438011446306,Klrd1
Ctrl_BM,bone_marrow,Ctrl,C5-2,104,0.07692307692307693,0.07911394421870892,Klrd1
Ctrl_BM,bone_marrow,Ctrl,C6,14,0.7857142857142857,1.438632266862052,Klrd1
Ctrl_Spleen,spleen,Ctrl,C0,97,0.4639175257731959,0.7862991070009998,Klrd1
Ctrl_Spleen,spleen,Ctrl,C1,36,0.2777777777777778,0.429487450255288,Klrd1
Ctrl_Spleen,spleen,Ctrl,C2,45,0.1111111111111111,0.265143002404107,Klrd1
Ctrl_Spleen,spleen,Ctrl,C3,2762,0.32150615496017376,0.5311362824951023,Klrd1
Ctrl_Spleen,spleen,Ctrl,C4,196,0.8469387755102041,1.6699955360013612,Klrd1
Ctrl_Spleen,spleen,Ctrl,C5-1,239,0.09205020920502092,0.12044145522257274,Klrd1
Ctrl_Spleen,spleen,Ctrl,C5-2,28,0.10714285714285714,0.10859828761645726,Klrd1
Ctrl_Spleen,spleen,Ctrl,C6,16,0.875,1.663837045431137,Klrd1
Ctrl_Spleen,spleen,Ctrl,C7,3,0.0,0.0,Klrd1
T2_Thymus,thymus,T2,C0,20,0.25,0.5540663182735444,Klrd1
T2_Thymus,thymus,T2,C1,1,0.0,0.0,Klrd1
T2_Thymus,thymus,T2,C2,50,0.42,1.1558555817604066,Klrd1
T2_Thymus,thymus,T2,C3,7,0.42857142857142855,0.5162467956542969,Klrd1
T2_Thymus,thymus,T2,C4,2,1.0,2.9673938751220703,Klrd1
T2_Thymus,thymus,T2,C5-1,10,0.4,0.564537239074707,Klrd1
T2_Thymus,thymus,T2,C5-2,36,0.08333333333333333,0.13738649752404955,Klrd1
T2_Thymus,thymus,T2,C6,1087,0.8610855565777369,1.70400187913277,Klrd1
T2_Thymus,thymus,T2,C7,44,0.045454545454545456,0.08185593648390337,Klrd1
T2_BM,bone_marrow,T2,C0,2090,0.4444976076555024,0.7985149892608515,Klrd1
T2_BM,bone_marrow,T2,C1,32,0.4375,0.765943169593811,Klrd1
T2_BM,bone_marrow,T2,C2,67,0.23880597014925373,0.5717172622680664,Klrd1
T2_BM,bone_marrow,T2,C3,115,0.3652173913043478,0.670514048182446,Klrd1
T2_BM,bone_marrow,T2,C4,223,0.874439461883408,1.6722901896510958,Klrd1
T2_BM,bone_marrow,T2,C5-1,85,0.17647058823529413,0.2389207026537727,Klrd1
T2_BM,bone_marrow,T2,C5-2,96,0.041666666666666664,0.038912003859877586,Klrd1
T2_BM,bone_marrow,T2,C6,23,0.782608695652174,1.351634295090385,Klrd1
T2_Spleen,spleen,T2,C0,88,0.45454545454545453,0.8624735176563263,Klrd1
T2_Spleen,spleen,T2,C1,45,0.37777777777777777,0.6090388629171584,Klrd1
T2_Spleen,spleen,T2,C2,74,0.22972972972972974,0.49697259310129527,Klrd1
T2_Spleen,spleen,T2,C3,2557,0.34180680484943293,0.5938074432129873,Klrd1
T2_Spleen,spleen,T2,C4,208,0.8557692307692307,1.6914947921266923,Klrd1
T2_Spleen,spleen,T2,C5-1,345,0.10434782608695652,0.14557998214942822,Klrd1
T2_Spleen,spleen,T2,C5-2,42,0.047619047619047616,0.048945006870088126,Klrd1
T2_Spleen,spleen,T2,C6,12,1.0,1.791060249010722,Klrd1
Ctrl_Thymus,thymus,Ctrl,C1,2,1.0,2.3333475589752197,Ltb
Ctrl_Thymus,thymus,Ctrl,C2,64,0.3125,0.8687044344842434,Ltb
Ctrl_Thymus,thymus,Ctrl,C4,14,0.8571428571428571,2.156328192778996,Ltb
Ctrl_Thymus,thymus,Ctrl,C5-1,9,1.0,1.8348172042104933,Ltb
Ctrl_Thymus,thymus,Ctrl,C5-2,11,1.0,2.284940004348755,Ltb
Ctrl_Thymus,thymus,Ctrl,C6,1227,0.9616951915240424,2.2065541291975257,Ltb
Ctrl_Thymus,thymus,Ctrl,C7,45,0.5333333333333333,1.0968430942959255,Ltb
Ctrl_BM,bone_marrow,Ctrl,C0,2533,0.9889459139360443,2.6802219336464903,Ltb
Ctrl_BM,bone_marrow,Ctrl,C1,46,1.0,2.6865683845851733,Ltb
Ctrl_BM,bone_marrow,Ctrl,C2,78,0.6923076923076923,2.1300659775733948,Ltb
Ctrl_BM,bone_marrow,Ctrl,C3,236,1.0,2.9360637684999884,Ltb
Ctrl_BM,bone_marrow,Ctrl,C4,244,0.9385245901639344,2.168748556590471,Ltb
Ctrl_BM,bone_marrow,Ctrl,C5-1,124,0.9435483870967742,2.3761458473820842,Ltb
Ctrl_BM,bone_marrow,Ctrl,C5-2,104,0.9903846153846154,2.699196238930409,Ltb
Ctrl_BM,bone_marrow,Ctrl,C6,14,0.8571428571428571,2.0508351581437245,Ltb
Ctrl_Spleen,spleen,Ctrl,C0,97,1.0,2.7800620499345445,Ltb
Ctrl_Spleen,spleen,Ctrl,C1,36,0.9722222222222222,3.07338371541765,Ltb
Ctrl_Spleen,spleen,Ctrl,C2,45,0.6888888888888889,2.089560317993164,Ltb
Ctrl_Spleen,spleen,Ctrl,C3,2762,0.9927588703837799,2.9818621346002727,Ltb
Ctrl_Spleen,spleen,Ctrl,C4,196,0.9132653061224489,2.1189107198496253,Ltb
Ctrl_Spleen,spleen,Ctrl,C5-1,239,0.9497907949790795,2.2637148312444966,Ltb
Ctrl_Spleen,spleen,Ctrl,C5-2,28,0.9642857142857143,2.364966401032039,Ltb
Ctrl_Spleen,spleen,Ctrl,C6,16,1.0,2.661121591925621,Ltb
Ctrl_Spleen,spleen,Ctrl,C7,3,0.3333333333333333,0.8826100826263428,Ltb
T2_Thymus,thymus,T2,C0,20,1.0,3.0232074558734894,Ltb
T2_Thymus,thymus,T2,C1,1,1.0,2.3684234619140625,Ltb
T2_Thymus,thymus,T2,C2,50,0.56,1.4432298684120177,Ltb
T2_Thymus,thymus,T2,C3,7,1.0,2.8693898064749583,Ltb
T2_Thymus,thymus,T2,C4,2,0.5,1.1996300220489502,Ltb
T2_Thymus,thymus,T2,C5-1,10,1.0,1.956425380706787,Ltb
T2_Thymus,thymus,T2,C5-2,36,0.9722222222222222,2.495133727788925,Ltb
T2_Thymus,thymus,T2,C6,1087,0.9622815087396505,2.0804089631854445,Ltb
T2_Thymus,thymus,T2,C7,44,0.5454545454545454,1.0756413530219684,Ltb
T2_BM,bone_marrow,T2,C0,2090,0.9784688995215312,2.5607603922415008,Ltb
T2_BM,bone_marrow,T2,C1,32,1.0,2.5623984187841415,Ltb
T2_BM,bone_marrow,T2,C2,67,0.7313432835820896,2.1188335899096815,Ltb
T2_BM,bone_marrow,T2,C3,115,1.0,2.9109362726626187,Ltb
T2_BM,bone_marrow,T2,C4,223,0.9551569506726457,2.0783130320732903,Ltb
T2_BM,bone_marrow,T2,C5-1,85,0.9764705882352941,2.1847458657096412,Ltb
T2_BM,bone_marrow,T2,C5-2,96,1.0,2.5994746647775173,Ltb
T2_BM,bone_marrow,T2,C6,23,0.9565217391304348,2.081343552340632,Ltb
T2_Spleen,spleen,T2,C0,88,0.9886363636363636,2.63369603861462,Ltb
T2_Spleen,spleen,T2,C1,45,0.9555555555555556,2.8955017937554253,Ltb
T2_Spleen,spleen,T2,C2,74,0.8243243243243243,2.4477501720995516,Ltb
T2_Spleen,spleen,T2,C3,2557,0.993351583887368,2.8818348292312352,Ltb
T2_Spleen,spleen,T2,C4,208,0.9326923076923077,2.0042128262038412,Ltb
T2_Spleen,spleen,T2,C5-1,345,0.9449275362318841,2.217022993426392,Ltb
T2_Spleen,spleen,T2,C5-2,42,0.9761904761904762,2.5827452540397644,Ltb
T2_Spleen,spleen,T2,C6,12,0.9166666666666666,2.115408589442571,Ltb
Ctrl_Thymus,thymus,Ctrl,C1,2,0.0,0.0,Mki67
Ctrl_Thymus,thymus,Ctrl,C2,64,0.03125,0.10058504715561867,Mki67
Ctrl_Thymus,thymus,Ctrl,C4,14,0.0,0.0,Mki67
Ctrl_Thymus,thymus,Ctrl,C5-1,9,0.2222222222222222,0.39160482088724774,Mki67
Ctrl_Thymus,thymus,Ctrl,C5-2,11,0.0,0.0,Mki67
Ctrl_Thymus,thymus,Ctrl,C6,1227,0.011409942950285249,0.015371774014361817,Mki67
Ctrl_Thymus,thymus,Ctrl,C7,45,0.044444444444444446,0.10869028833177355,Mki67
Ctrl_BM,bone_marrow,Ctrl,C0,2533,0.02289774970390841,0.030150780812394133,Mki67
Ctrl_BM,bone_marrow,Ctrl,C1,46,0.021739130434782608,0.01902457682982735,Mki67
Ctrl_BM,bone_marrow,Ctrl,C2,78,0.01282051282051282,0.029014663818555,Mki67
Ctrl_BM,bone_marrow,Ctrl,C3,236,0.0211864406779661,0.024559094744213555,Mki67
Ctrl_BM,bone_marrow,Ctrl,C4,244,0.00819672131147541,0.011299398101744105,Mki67
Ctrl_BM,bone_marrow,Ctrl,C5-1,124,0.06451612903225806,0.07893751080959074,Mki67
Ctrl_BM,bone_marrow,Ctrl,C5-2,104,0.019230769230769232,0.01896702440885397,Mki67
Ctrl_BM,bone_marrow,Ctrl,C6,14,0.0,0.0,Mki67
Ctrl_Spleen,spleen,Ctrl,C0,97,0.020618556701030927,0.02202757486363047,Mki67
Ctrl_Spleen,spleen,Ctrl,C1,36,0.0,0.0,Mki67
Ctrl_Spleen,spleen,Ctrl,C2,45,0.044444444444444446,0.13278908199734157,Mki67
Ctrl_Spleen,spleen,Ctrl,C3,2762,0.007603186097031137,0.010001190799807052,Mki67
Ctrl_Spleen,spleen,Ctrl,C4,196,0.015306122448979591,0.01583589856721917,Mki67
Ctrl_Spleen,spleen,Ctrl,C5-1,239,0.0,0.0,Mki67
Ctrl_Spleen,spleen,Ctrl,C5-2,28,0.0,0.0,Mki67
Ctrl_Spleen,spleen,Ctrl,C6,16,0.0,0.0,Mki67
Ctrl_Spleen,spleen,Ctrl,C7,3,0.0,0.0,Mki67
T2_Thymus,thymus,T2,C0,20,0.0,0.0,Mki67
T2_Thymus,thymus,T2,C1,1,0.0,0.0,Mki67
T2_Thymus,thymus,T2,C2,50,0.0,0.0,Mki67
T2_Thymus,thymus,T2,C3,7,0.0,0.0,Mki67
T2_Thymus,thymus,T2,C4,2,0.0,0.0,Mki67
T2_Thymus,thymus,T2,C5-1,10,0.0,0.0,Mki67
T2_Thymus,thymus,T2,C5-2,36,0.0,0.0,Mki67
T2_Thymus,thymus,T2,C6,1087,0.004599816007359705,0.00497127544364473,Mki67
T2_Thymus,thymus,T2,C7,44,0.0,0.0,Mki67
T2_BM,bone_marrow,T2,C0,2090,0.011483253588516746,0.013603645192379017,Mki67
T2_BM,bone_marrow,T2,C1,32,0.0,0.0,Mki67
T2_BM,bone_marrow,T2,C2,67,0.0,0.0,Mki67
T2_BM,bone_marrow,T2,C3,115,0.008695652173913044,0.009686171490213145,Mki67
T2_BM,bone_marrow,T2,C4,223,0.004484304932735426,0.004848374379589953,Mki67
T2_BM,bone_marrow,T2,C5-1,85,0.023529411764705882,0.054535346872666306,Mki67
T2_BM,bone_marrow,T2,C5-2,96,0.010416666666666666,0.016012693444887798,Mki67
T2_BM,bone_marrow,T2,C6,23,0.043478260869565216,0.04593306520710821,Mki67
T2_Spleen,spleen,T2,C0,88,0.011363636363636364,0.010061078450896523,Mki67
T2_Spleen,spleen,T2,C1,45,0.0,0.0,Mki67
T2_Spleen,spleen,T2,C2,74,0.05405405405405406,0.10901500727679278,Mki67
T2_Spleen,spleen,T2,C3,2557,0.004692999608916699,0.006148773942275303,Mki67
T2_Spleen,spleen,T2,C4,208,0.0,0.0,Mki67
T2_Spleen,spleen,T2,C5-1,345,0.005797101449275362,0.006793251590452332,Mki67
T2_Spleen,spleen,T2,C5-2,42,0.047619047619047616,0.058805939697083975,Mki67
T2_Spleen,spleen,T2,C6,12,0.0,0.0,Mki67
Ctrl_Thymus,thymus,Ctrl,C1,2,0.0,0.0,Mxd4
Ctrl_Thymus,thymus,Ctrl,C2,64,0.28125,0.7360720932483673,Mxd4
Ctrl_Thymus,thymus,Ctrl,C4,14,0.7857142857142857,1.068505883216858,Mxd4
Ctrl_Thymus,thymus,Ctrl,C5-1,9,0.5555555555555556,0.692134784327613,Mxd4
Ctrl_Thymus,thymus,Ctrl,C5-2,11,0.45454545454545453,0.48849346420981665,Mxd4
Ctrl_Thymus,thymus,Ctrl,C6,1227,0.6927465362673186,1.0225637497800875,Mxd4
Ctrl_Thymus,thymus,Ctrl,C7,45,0.6222222222222222,1.2358548442522685,Mxd4
Ctrl_BM,bone_marrow,Ctrl,C0,2533,0.726016581129096,1.170307799097205,Mxd4
Ctrl_BM,bone_marrow,Ctrl,C1,46,0.43478260869565216,0.6982798589312512,Mxd4
Ctrl_BM,bone_marrow,Ctrl,C2,78,0.16666666666666666,0.44001550552172536,Mxd4
Ctrl_BM,bone_marrow,Ctrl,C3,236,0.6186440677966102,0.9829236271522813,Mxd4
Ctrl_BM,bone_marrow,Ctrl,C4,244,0.48770491803278687,0.6512818680923493,Mxd4
Ctrl_BM,bone_marrow,Ctrl,C5-1,124,0.41935483870967744,0.5901261298887192,Mxd4
Ctrl_BM,bone_marrow,Ctrl,C5-2,104,0.4519230769230769,0.5486151111813692,Mxd4
Ctrl_BM,bone_marrow,Ctrl,C6,14,0.7857142857142857,1.1118796552930559,Mxd4
Ctrl_Spleen,spleen,Ctrl,C0,97,0.7525773195876289,1.1422575546294143,Mxd4
Ctrl_Spleen,spleen,Ctrl,C1,36,0.3611111111111111,0.4940122365951538,Mxd4
Ctrl_Spleen,spleen,Ctrl,C2,45,0.1111111111111111,0.26056934197743736,Mxd4
Ctrl_Spleen,spleen,Ctrl,C3,2762,0.6589427950760318,1.0392298978321108,Mxd4
Ctrl_Spleen,spleen,Ctrl,C4,196,0.45918367346938777,0.6613789206864883,Mxd4
Ctrl_Spleen,spleen,Ctrl,C5-1,239,0.46443514644351463,0.5988763855092196,Mxd4
Ctrl_Spleen,spleen,Ctrl,C5-2,28,0.5,0.6976195935692105,Mxd4
Ctrl_Spleen,spleen,Ctrl,C6,16,0.75,1.1696458905935287,Mxd4
Ctrl_Spleen,spleen,Ctrl,C7,3,0.6666666666666666,1.9481759866078694,Mxd4
T2_Thymus,thymus,T2,C0,20,0.65,0.9762750685214996,Mxd4
T2_Thymus,thymus,T2,C1,1,0.0,0.0,Mxd4
T2_Thymus,thymus,T2,C2,50,0.16,0.3807739424705505,Mxd4
T2_Thymus,thymus,T2,C3,7,0.42857142857142855,0.5979406833648682,Mxd4
T2_Thymus,thymus,T2,C4,2,0.5,1.1756725311279297,Mxd4
T2_Thymus,thymus,T2,C5-1,10,0.6,0.6754310190677643,Mxd4
T2_Thymus,thymus,T2,C5-2,36,0.3611111111111111,0.46452948451042175,Mxd4
T2_Thymus,thymus,T2,C6,1087,0.593376264949402,0.8028806222066379,Mxd4
T2_Thymus,thymus,T2,C7,44,0.6363636363636364,1.2106695175170898,Mxd4
T2_BM,bone_marrow,T2,C0,2090,0.5856459330143541,0.8601023177781173,Mxd4
T2_BM,bone_marrow,T2,C1,32,0.3125,0.4360840246081352,Mxd4
T2_BM,bone_marrow,T2,C2,67,0.31343283582089554,0.7082293371656048,Mxd4
T2_BM,bone_marrow,T2,C3,115,0.48695652173913045,0.7757963885431705,Mxd4
T2_BM,bone_marrow,T2,C4,223,0.47533632286995514,0.6054136007356002,Mxd4
T2_BM,bone_marrow,T2,C5-1,85,0.4117647058823529,0.5192233506370993,Mxd4
T2_BM,bone_marrow,T2,C5-2,96,0.40625,0.4990793081621329,Mxd4
T2_BM,bone_marrow,T2,C6,23,0.34782608695652173,0.4598522549090178,Mxd4
T2_Spleen,spleen,T2,C0,88,0.5909090909090909,0.8646960840983824,Mxd4
T2_Spleen,spleen,T2,C1,45,0.3333333333333333,0.43826763497458565,Mxd4
T2_Spleen,spleen,T2,C2,74,0.17567567567567569,0.3873290016844466,Mxd4
T2_Spleen,spleen,T2,C3,2557,0.5263981228001564,0.7754611388332544,Mxd4
T2_Spleen,spleen,T2,C4,208,0.41346153846153844,0.5431848251475737,Mxd4
T2_Spleen,spleen,T2,C5-1,345,0.34782608695652173,0.40134163697560626,Mxd4
T2_Spleen,spleen,T2,C5-2,42,0.40476190476190477,0.5295026245571318,Mxd4
T2_Spleen,spleen,T2,C6,12,0.9166666666666666,1.1373292754093807,Mxd4
Ctrl_Thymus,thymus,Ctrl,C1,2,1.0,2.368818759918213,Nkg7
Ctrl_Thymus,thymus,Ctrl,C2,64,0.453125,1.4050829745829105,Nkg7
Ctrl_Thymus,thymus,Ctrl,C4,14,1.0,2.9350928834506442,Nkg7
Ctrl_Thymus,thymus,Ctrl,C5-1,9,0.5555555555555556,0.6922697822252909,Nkg7
Ctrl_Thymus,thymus,Ctrl,C5-2,11,0.2727272727272727,0.2703346176580949,Nkg7
Ctrl_Thymus,thymus,Ctrl,C6,1227,0.9918500407497962,2.777173342992352,Nkg7
Ctrl_Thymus,thymus,Ctrl,C7,45,0.15555555555555556,0.270205823580424,Nkg7
Ctrl_BM,bone_marrow,Ctrl,C0,2533,0.9771022502960915,2.663944474873315,Nkg7
Ctrl_BM,bone_marrow,Ctrl,C1,46,0.9782608695652174,2.53243968538616,Nkg7
Ctrl_BM,bone_marrow,Ctrl,C2,78,0.6282051282051282,1.8894697962663112,Nkg7
Ctrl_BM,bone_marrow,Ctrl,C3,236,0.9152542372881356,2.2724950556027688,Nkg7
Ctrl_BM,bone_marrow,Ctrl,C4,244,0.9959016393442623,2.7657690654035476,Nkg7
Ctrl_BM,bone_marrow,Ctrl,C5-1,124,0.5483870967741935,1.043973816979316,Nkg7
Ctrl_BM,bone_marrow,Ctrl,C5-2,104,0.3942307692307692,0.6305676503823354,Nkg7
Ctrl_BM,bone_marrow,Ctrl,C6,14,1.0,2.9915227719715665,Nkg7
Ctrl_Spleen,spleen,Ctrl,C0,97,0.9587628865979382,2.4079654284359253,Nkg7
Ctrl_Spleen,spleen,Ctrl,C1,36,0.9166666666666666,2.19473699066374,Nkg7
Ctrl_Spleen,spleen,Ctrl,C2,45,0.7333333333333333,2.172484453519185,Nkg7
Ctrl_Spleen,spleen,Ctrl,C3,2762,0.9663287472845764,2.4569438034472992,Nkg7
Ctrl_Spleen,spleen,Ctrl,C4,196,1.0,2.8941784561896813,Nkg7
Ctrl_Spleen,spleen,Ctrl,C5-1,239,0.3305439330543933,0.5671841641849055,Nkg7
Ctrl_Spleen,spleen,Ctrl,C5-2,28,0.5,1.0410381598131997,Nkg7
Ctrl_Spleen,spleen,Ctrl,C6,16,1.0,2.83896940946579,Nkg7
Ctrl_Spleen,spleen,Ctrl,C7,3,0.0,0.0,Nkg7
T2_Thymus,thymus,T2,C0,20,0.75,1.730033963918686,Nkg7
T2_Thymus,thymus,T2,C1,1,1.0,3.4025840759277344,Nkg7
T2_Thymus,thymus,T2,C2,50,0.6,1.8768158864974975,Nkg7
T2_Thymus,thymus,T2,C3,7,1.0,2.3158161469868253,Nkg7
T2_Thymus,thymus,T2,C4,2,1.0,2.5319069623947144,Nkg7
T2_Thymus,thymus,T2,C5-1,10,0.5,0.887591952085495,Nkg7
T2_Thymus,thymus,T2,C5-2,36,0.08333333333333333,0.08464726971255408,Nkg7
T2_Thymus,thymus,T2,C6,1087,0.983440662373505,2.654815779603065,Nkg7
T2_Thymus,thymus,T2,C7,44,0.11363636363636363,0.1838701990517703,Nkg7
T2_BM,bone_marrow,T2,C0,2090,0.9665071770334929,2.588172216535185,Nkg7
T2_BM,bone_marrow,T2,C1,32,0.90625,2.259182568639517,Nkg7
T2_BM,bone_marrow,T2,C2,67,0.6716417910447762,1.8243860148671847,Nkg7
T2_BM,bone_marrow,T2,C3,115,0.9478260869565217,2.338177701182987,Nkg7
T2_BM,bone_marrow,T2,C4,223,0.9955156950672646,2.8108842340820037,Nkg7
T2_BM,bone_marrow,T2,C5-1,85,0.3176470588235294,0.5566760715316323,Nkg7
T2_BM,bone_marrow,T2,C5-2,96,0.3958333333333333,0.6605151494344076,Nkg7
T2_BM,bone_marrow,T2,C6,23,1.0,2.8320307783458545,Nkg7
T2_Spleen,spleen,T2,C0,88,0.9545454545454546,2.4177984527566214,Nkg7
T2_Spleen,spleen,T2,C1,45,0.9333333333333333,2.1676169196764628,Nkg7
T2_Spleen,spleen,T2,C2,74,0.6891891891891891,1.887004866793349,Nkg7
T2_Spleen,spleen,T2,C3,2557,0.9550254204145483,2.3911883690695674,Nkg7
T2_Spleen,spleen,T2,C4,208,0.9903846153846154,2.8184007732914043,Nkg7
T2_Spleen,spleen,T2,C5-1,345,0.2028985507246377,0.3247145958568739,Nkg7
T2_Spleen,spleen,T2,C5-2,42,0.3333333333333333,0.5831961986564455,Nkg7
T2_Spleen,spleen,T2,C6,12,1.0,2.8023533821105957,Nkg7
Ctrl_Thymus,thymus,Ctrl,C1,2,0.0,0.0,Oas1c
Ctrl_Thymus,thymus,Ctrl,C2,64,0.015625,0.0401177778840065,Oas1c
Ctrl_Thymus,thymus,Ctrl,C4,14,0.0,0.0,Oas1c
Ctrl_Thymus,thymus,Ctrl,C5-1,9,0.0,0.0,Oas1c
Ctrl_Thymus,thymus,Ctrl,C5-2,11,0.18181818181818182,0.23251872712915594,Oas1c
Ctrl_Thymus,thymus,Ctrl,C6,1227,0.04319478402607987,0.04757944062752945,Oas1c
Ctrl_Thymus,thymus,Ctrl,C7,45,0.022222222222222223,0.04149438010321723,Oas1c
Ctrl_BM,bone_marrow,Ctrl,C0,2533,0.03829451243584682,0.04659815136735918,Oas1c
Ctrl_BM,bone_marrow,Ctrl,C1,46,0.06521739130434782,0.0810966634232065,Oas1c
Ctrl_BM,bone_marrow,Ctrl,C2,78,0.01282051282051282,0.019280053102053128,Oas1c
Ctrl_BM,bone_marrow,Ctrl,C3,236,0.012711864406779662,0.015262237292225077,Oas1c
Ctrl_BM,bone_marrow,Ctrl,C4,244,0.036885245901639344,0.04087353632098339,Oas1c
Ctrl_BM,bone_marrow,Ctrl,C5-1,124,0.024193548387096774,0.022030612153391683,Oas1c
Ctrl_BM,bone_marrow,Ctrl,C5-2,104,0.04807692307692308,0.04767385469033168,Oas1c
Ctrl_BM,bone_marrow,Ctrl,C6,14,0.07142857142857142,0.08142825535365514,Oas1c
Ctrl_Spleen,spleen,Ctrl,C0,97,0.030927835051546393,0.048989404108106475,Oas1c
Ctrl_Spleen,spleen,Ctrl,C1,36,0.08333333333333333,0.09325748682022095,Oas1c
Ctrl_Spleen,spleen,Ctrl,C2,45,0.0,0.0,Oas1c
Ctrl_Spleen,spleen,Ctrl,C3,2762,0.03403330919623461,0.042768658070698934,Oas1c
Ctrl_Spleen,spleen,Ctrl,C4,196,0.025510204081632654,0.030381368739264353,Oas1c
Ctrl_Spleen,spleen,Ctrl,C5-1,239,0.0502092050209205,0.055422189594811475,Oas1c
Ctrl_Spleen,spleen,Ctrl,C5-2,28,0.07142857142857142,0.08727572219712394,Oas1c
Ctrl_Spleen,spleen,Ctrl,C6,16,0.0,0.0,Oas1c
Ctrl_Spleen,spleen,Ctrl,C7,3,0.0,0.0,Oas1c
T2_Thymus,thymus,T2,C0,20,0.0,0.0,Oas1c
T2_Thymus,thymus,T2,C1,1,0.0,0.0,Oas1c
T2_Thymus,thymus,T2,C2,50,0.0,0.0,Oas1c
T2_Thymus,thymus,T2,C3,7,0.0,0.0,Oas1c
T2_Thymus,thymus,T2,C4,2,0.5,0.49088388681411743,Oas1c
T2_Thymus,thymus,T2,C5-1,10,0.0,0.0,Oas1c
T2_Thymus,thymus,T2,C5-2,36,0.027777777777777776,0.02417398492495219,Oas1c
T2_Thymus,thymus,T2,C6,1087,0.05887764489420423,0.06594537718096455,Oas1c
T2_Thymus,thymus,T2,C7,44,0.0,0.0,Oas1c
T2_BM,bone_marrow,T2,C0,2090,0.04354066985645933,0.051150914727215564,Oas1c
T2_BM,bone_marrow,T2,C1,32,0.15625,0.1525660790503025,Oas1c
T2_BM,bone_marrow,T2,C2,67,0.0,0.0,Oas1c
T2_BM,bone_marrow,T2,C3,115,0.02608695652173913,0.029593227220618207,Oas1c
T2_BM,bone_marrow,T2,C4,223,0.06726457399103139,0.0780660266833455,Oas1c
T2_BM,bone_marrow,T2,C5-1,85,0.047058823529411764,0.056858928764567655,Oas1c
T2_BM,bone_marrow,T2,C5-2,96,0.010416666666666666,0.009341901789108912,Oas1c
T2_BM,bone_marrow,T2,C6,23,0.043478260869565216,0.0426266452540522,Oas1c
T2_Spleen,spleen,T2,C0,88,0.045454545454545456,0.04805838790806857,Oas1c
T2_Spleen,spleen,T2,C1,45,0.06666666666666667,0.09766741063859728,Oas1c
T2_Spleen,spleen,T2,C2,74,0.013513513513513514,0.03468145228721,Oas1c
T2_Spleen,spleen,T2,C3,2557,0.03910833007430583,0.04866420768134334,Oas1c
T2_Spleen,spleen,T2,C4,208,0.038461538461538464,0.04528817075949449,Oas1c
T2_Spleen,spleen,T2,C5-1,345,0.043478260869565216,0.04361851854600768,Oas1c
T2_Spleen,spleen,T2,C5-2,42,0.023809523809523808,0.02360397009622483,Oas1c
T2_Spleen,spleen,T2,C6,12,0.16666666666666666,0.18597896893819174,Oas1c
Ctrl_Thymus,thymus,Ctrl,C1,2,0.0,0.0,Oas2
Ctrl_Thymus,thymus,Ctrl,C2,64,0.0,0.0,Oas2
Ctrl_Thymus,thymus,Ctrl,C4,14,0.07142857142857142,0.07765322923660278,Oas2
Ctrl_Thymus,thymus,Ctrl,C5-1,9,0.0,0.0,Oas2
Ctrl_Thymus,thymus,Ctrl,C5-2,11,0.0,0.0,Oas2
Ctrl_Thymus,thymus,Ctrl,C6,1227,0.020374898125509373,0.022792090219312697,Oas2
Ctrl_Thymus,thymus,Ctrl,C7,45,0.0,0.0,Oas2
Ctrl_BM,bone_marrow,Ctrl,C0,2533,0.010659297275957363,0.012711741850868402,Oas2
Ctrl_BM,bone_marrow,Ctrl,C1,46,0.1956521739130435,0.25941713737404865,Oas2
Ctrl_BM,bone_marrow,Ctrl,C2,78,0.0,0.0,Oas2
Ctrl_BM,bone_marrow,Ctrl,C3,236,0.00847457627118644,0.010311715683694614,Oas2
Ctrl_BM,bone_marrow,Ctrl,C4,244,0.0,0.0,Oas2
Ctrl_BM,bone_marrow,Ctrl,C5-1,124,0.008064516129032258,0.00865642293806999,Oas2
Ctrl_BM,bone_marrow,Ctrl,C5-2,104,0.0,0.0,Oas2
Ctrl_BM,bone_marrow,Ctrl,C6,14,0.07142857142857142,0.07234710454940796,Oas2
Ctrl_Spleen,spleen,Ctrl,C0,97,0.020618556701030927,0.02345493773824161,Oas2
Ctrl_Spleen,spleen,Ctrl,C1,36,0.1388888888888889,0.16481588615311515,Oas2
Ctrl_Spleen,spleen,Ctrl,C2,45,0.022222222222222223,0.06438217163085938,Oas2
Ctrl_Spleen,spleen,Ctrl,C3,2762,0.00941346850108617,0.011784337941155238,Oas2
Ctrl_Spleen,spleen,Ctrl,C4,196,0.025510204081632654,0.030457603079932078,Oas2
Ctrl_Spleen,spleen,Ctrl,C5-1,239,0.016736401673640166,0.017055780318990413,Oas2
Ctrl_Spleen,spleen,Ctrl,C5-2,28,0.0,0.0,Oas2
Ctrl_Spleen,spleen,Ctrl,C6,16,0.0,0.0,Oas2
Ctrl_Spleen,spleen,Ctrl,C7,3,0.0,0.0,Oas2
T2_Thymus,thymus,T2,C0,20,0.05,0.08958797454833985,Oas2
T2_Thymus,thymus,T2,C1,1,0.0,0.0,Oas2
T2_Thymus,thymus,T2,C2,50,0.02,0.05887362957000732,Oas2
T2_Thymus,thymus,T2,C3,7,0.0,0.0,Oas2
T2_Thymus,thymus,T2,C4,2,0.0,0.0,Oas2
T2_Thymus,thymus,T2,C5-1,10,0.0,0.0,Oas2
T2_Thymus,thymus,T2,C5-2,36,0.0,0.0,Oas2
T2_Thymus,thymus,T2,C6,1087,0.025758969641214352,0.02803098020360573,Oas2
T2_Thymus,thymus,T2,C7,44,0.0,0.0,Oas2
T2_BM,bone_marrow,T2,C0,2090,0.004784688995215311,0.005577945709228515,Oas2
T2_BM,bone_marrow,T2,C1,32,0.1875,0.2340371496975422,Oas2
T2_BM,bone_marrow,T2,C2,67,0.0,0.0,Oas2
T2_BM,bone_marrow,T2,C3,115,0.008695652173913044,0.010514590014582095,Oas2
T2_BM,bone_marrow,T2,C4,223,0.004484304932735426,0.004067275556213653,Oas2
T2_BM,bone_marrow,T2,C5-1,85,0.023529411764705882,0.02350799125783584,Oas2
T2_BM,bone_marrow,T2,C5-2,96,0.0,0.0,Oas2
T2_BM,bone_marrow,T2,C6,23,0.0,0.0,Oas2
T2_Spleen,spleen,T2,C0,88,0.011363636363636364,0.009985643354329195,Oas2
T2_Spleen,spleen,T2,C1,45,0.08888888888888889,0.1059103356467353,Oas2
T2_Spleen,spleen,T2,C2,74,0.013513513513513514,0.020289184273900213,Oas2
T2_Spleen,spleen,T2,C3,2557,0.010950332420805632,0.013834108190234397,Oas2
T2_Spleen,spleen,T2,C4,208,0.004807692307692308,0.0051881344272540165,Oas2
T2_Spleen,spleen,T2,C5-1,345,0.011594202898550725,0.011417757255443629,Oas2
T2_Spleen,spleen,T2,C5-2,42,0.0,0.0,Oas2
T2_Spleen,spleen,T2,C6,12,0.08333333333333333,0.09351872404416402,Oas2
Ctrl_Thymus,thymus,Ctrl,C1,2,0.5,0.5367616415023804,Oas3
Ctrl_Thymus,thymus,Ctrl,C2,64,0.0625,0.1443798691034317,Oas3
Ctrl_Thymus,thymus,Ctrl,C4,14,0.14285714285714285,0.1641193458012172,Oas3
Ctrl_Thymus,thymus,Ctrl,C5-1,9,0.0,0.0,Oas3
Ctrl_Thymus,thymus,Ctrl,C5-2,11,0.09090909090909091,0.10587115721269087,Oas3
Ctrl_Thymus,thymus,Ctrl,C6,1227,0.16788916055419723,0.19637529468186618,Oas3
Ctrl_Thymus,thymus,Ctrl,C7,45,0.0,0.0,Oas3
Ctrl_BM,bone_marrow,Ctrl,C0,2533,0.07224634820371101,0.08732221035255164,Oas3
Ctrl_BM,bone_marrow,Ctrl,C1,46,0.5869565217391305,0.8010943117349044,Oas3
Ctrl_BM,bone_marrow,Ctrl,C2,78,0.05128205128205128,0.11926142986004169,Oas3
Ctrl_BM,bone_marrow,Ctrl,C3,236,0.0423728813559322,0.05190413558887223,Oas3
Ctrl_BM,bone_marrow,Ctrl,C4,244,0.11475409836065574,0.13239729673158926,Oas3
Ctrl_BM,bone_marrow,Ctrl,C5-1,124,0.08870967741935484,0.0985363717040708,Oas3
Ctrl_BM,bone_marrow,Ctrl,C5-2,104,0.0673076923076923,0.0680496830206651,Oas3
Ctrl_BM,bone_marrow,Ctrl,C6,14,0.14285714285714285,0.1678216712815421,Oas3
Ctrl_Spleen,spleen,Ctrl,C0,97,0.05154639175257732,0.06336735880252012,Oas3
Ctrl_Spleen,spleen,Ctrl,C1,36,0.5833333333333334,0.8854059361749225,Oas3
Ctrl_Spleen,spleen,Ctrl,C2,45,0.044444444444444446,0.12442226409912109,Oas3
Ctrl_Spleen,spleen,Ctrl,C3,2762,0.06480811006517016,0.07859578912107949,Oas3
Ctrl_Spleen,spleen,Ctrl,C4,196,0.1326530612244898,0.16361413196641572,Oas3
Ctrl_Spleen,spleen,Ctrl,C5-1,239,0.12133891213389121,0.12468598477511227,Oas3
Ctrl_Spleen,spleen,Ctrl,C5-2,28,0.0,0.0,Oas3
Ctrl_Spleen,spleen,Ctrl,C6,16,0.25,0.2764000669121742,Oas3
Ctrl_Spleen,spleen,Ctrl,C7,3,0.0,0.0,Oas3
T2_Thymus,thymus,T2,C0,20,0.1,0.14013622403144838,Oas3
T2_Thymus,thymus,T2,C1,1,1.0,3.013625383377075,Oas3
T2_Thymus,thymus,T2,C2,50,0.02,0.04728096008300781,Oas3
T2_Thymus,thymus,T2,C3,7,0.0,0.0,Oas3
T2_Thymus,thymus,T2,C4,2,0.5,0.49088388681411743,Oas3
T2_Thymus,thymus,T2,C5-1,10,0.2,0.1978398382663727,Oas3
T2_Thymus,thymus,T2,C5-2,36,0.05555555555555555,0.07000806265407139,Oas3
T2_Thymus,thymus,T2,C6,1087,0.16283348666053357,0.18946045812599793,Oas3
T2_Thymus,thymus,T2,C7,44,0.0,0.0,Oas3
T2_BM,bone_marrow,T2,C0,2090,0.06507177033492823,0.07535480175292093,Oas3
T2_BM,bone_marrow,T2,C1,32,0.65625,0.9665062986314297,Oas3
T2_BM,bone_marrow,T2,C2,67,0.029850746268656716,0.06288802623748779,Oas3
T2_BM,bone_marrow,T2,C3,115,0.05217391304347826,0.0644324401150579,Oas3
T2_BM,bone_marrow,T2,C4,223,0.11659192825112108,0.12685418316067068,Oas3
T2_BM,bone_marrow,T2,C5-1,85,0.12941176470588237,0.13496860405978034,Oas3
T2_BM,bone_marrow,T2,C5-2,96,0.0625,0.059466577445467315,Oas3
T2_BM,bone_marrow,T2,C6,23,0.17391304347826086,0.2396751694057299,Oas3
T2_Spleen,spleen,T2,C0,88,0.14772727272727273,0.17236503687771884,Oas3
T2_Spleen,spleen,T2,C1,45,0.5333333333333333,0.8090854658020867,Oas3
T2_Spleen,spleen,T2,C2,74,0.0,0.0,Oas3
T2_Spleen,spleen,T2,C3,2557,0.05201407899882675,0.06442408243286736,Oas3
T2_Spleen,spleen,T2,C4,208,0.20192307692307693,0.2528560929573499,Oas3
T2_Spleen,spleen,T2,C5-1,345,0.1681159420289855,0.1786933486012445,Oas3
T2_Spleen,spleen,T2,C5-2,42,0.047619047619047616,0.049011009080069404,Oas3
T2_Spleen,spleen,T2,C6,12,0.4166666666666667,0.37695979575316113,Oas3
Ctrl_Thymus,thymus,Ctrl,C1,2,0.0,0.0,Prf1
Ctrl_Thymus,thymus,Ctrl,C2,64,0.03125,0.08896543830633163,Prf1
Ctrl_Thymus,thymus,Ctrl,C4,14,0.35714285714285715,0.48298763377325876,Prf1
Ctrl_Thymus,thymus,Ctrl,C5-1,9,0.0,0.0,Prf1
Ctrl_Thymus,thymus,Ctrl,C5-2,11,0.09090909090909091,0.08494222164154053,Prf1
Ctrl_Thymus,thymus,Ctrl,C6,1227,0.32599837000814996,0.39263144511951115,Prf1
Ctrl_Thymus,thymus,Ctrl,C7,45,0.0,0.0,Prf1
Ctrl_BM,bone_marrow,Ctrl,C0,2533,0.10185550730359258,0.13128331721276104,Prf1
Ctrl_BM,bone_marrow,Ctrl,C1,46,0.06521739130434782,0.08804271791292273,Prf1
Ctrl_BM,bone_marrow,Ctrl,C2,78,0.08974358974358974,0.1861414848229824,Prf1
Ctrl_BM,bone_marrow,Ctrl,C3,236,0.09322033898305085,0.12977640709634555,Prf1
Ctrl_BM,bone_marrow,Ctrl,C4,244,0.3360655737704918,0.4204193641904925,Prf1
Ctrl_BM,bone_marrow,Ctrl,C5-1,124,0.024193548387096774,0.02559721758288722,Prf1
Ctrl_BM,bone_marrow,Ctrl,C5-2,104,0.019230769230769232,0.021694951332532443,Prf1
Ctrl_BM,bone_marrow,Ctrl,C6,14,0.42857142857142855,0.5154883520943778,Prf1
Ctrl_Spleen,spleen,Ctrl,C0,97,0.14432989690721648,0.19231073635140644,Prf1
Ctrl_Spleen,spleen,Ctrl,C1,36,0.19444444444444445,0.2692105273405711,Prf1
Ctrl_Spleen,spleen,Ctrl,C2,45,0.044444444444444446,0.0914427465862698,Prf1
Ctrl_Spleen,spleen,Ctrl,C3,2762,0.21325126719768284,0.28416156788221053,Prf1
Ctrl_Spleen,spleen,Ctrl,C4,196,0.2602040816326531,0.3590199448624436,Prf1
Ctrl_Spleen,spleen,Ctrl,C5-1,239,0.03347280334728033,0.03731862296619176,Prf1
Ctrl_Spleen,spleen,Ctrl,C5-2,28,0.03571428571428571,0.048720410891941617,Prf1
Ctrl_Spleen,spleen,Ctrl,C6,16,0.25,0.3141971305012703,Prf1
Ctrl_Spleen,spleen,Ctrl,C7,3,0.0,0.0,Prf1
T2_Thymus,thymus,T2,C0,20,0.1,0.15493282675743103,Prf1
T2_Thymus,thymus,T2,C1,1,0.0,0.0,Prf1
T2_Thymus,thymus,T2,C2,50,0.1,0.19922730445861817,Prf1
T2_Thymus,thymus,T2,C3,7,0.0,0.0,Prf1
T2_Thymus,thymus,T2,C4,2,0.5,0.996200680732727,Prf1
T2_Thymus,thymus,T2,C5-1,10,0.1,0.09931825399398804,Prf1
T2_Thymus,thymus,T2,C5-2,36,0.0,0.0,Prf1
T2_Thymus,thymus,T2,C6,1087,0.2861085556577737,0.3555687846343454,Prf1
T2_Thymus,thymus,T2,C7,44,0.0,0.0,Prf1
T2_BM,bone_marrow,T2,C0,2090,0.11100478468899522,0.13944597115927335,Prf1
T2_BM,bone_marrow,T2,C1,32,0.09375,0.09869522973895073,Prf1
T2_BM,bone_marrow,T2,C2,67,0.029850746268656716,0.07235027071255357,Prf1
T2_BM,bone_marrow,T2,C3,115,0.13043478260869565,0.1675060914910358,Prf1
T2_BM,bone_marrow,T2,C4,223,0.3721973094170404,0.44413605425924463,Prf1
T2_BM,bone_marrow,T2,C5-1,85,0.023529411764705882,0.023825557792887968,Prf1
T2_BM,bone_marrow,T2,C5-2,96,0.010416666666666666,0.013156622648239136,Prf1
T2_BM,bone_marrow,T2,C6,23,0.30434782608695654,0.4330527134563612,Prf1
T2_Spleen,spleen,T2,C0,88,0.19318181818181818,0.24788169766014273,Prf1
T2_Spleen,spleen,T2,C1,45,0.1111111111111111,0.1415674130121867,Prf1
T2_Spleen,spleen,T2,C2,74,0.08108108108108109,0.18386231564186714,Prf1
T2_Spleen,spleen,T2,C3,2557,0.1838091513492374,0.24204224732689528,Prf1
T2_Spleen,spleen,T2,C4,208,0.3605769230769231,0.4509160988605939,Prf1
T2_Spleen,spleen,T2,C5-1,345,0.017391304347826087,0.019617170009060183,Prf1
T2_Spleen,spleen,T2,C5-2,42,0.0,0.0,Prf1
T2_Spleen,spleen,T2,C6,12,0.3333333333333333,0.39189650615056354,Prf1
Ctrl_Thymus,thymus,Ctrl,C1,2,0.0,0.0,Rorc
Ctrl_Thymus,thymus,Ctrl,C2,64,0.0,0.0,Rorc
Ctrl_Thymus,thymus,Ctrl,C4,14,0.0,0.0,Rorc
Ctrl_Thymus,thymus,Ctrl,C5-1,9,0.0,0.0,Rorc
Ctrl_Thymus,thymus,Ctrl,C5-2,11,0.45454545454545453,0.5188743092797019,Rorc
Ctrl_Thymus,thymus,Ctrl,C6,1227,0.0,0.0,Rorc
Ctrl_Thymus,thymus,Ctrl,C7,45,0.15555555555555556,0.2826248009999593,Rorc
Ctrl_BM,bone_marrow,Ctrl,C0,2533,0.0015791551519936833,0.0018664236554410492,Rorc
Ctrl_BM,bone_marrow,Ctrl,C1,46,0.0,0.0,Rorc
Ctrl_BM,bone_marrow,Ctrl,C2,78,0.0,0.0,Rorc
Ctrl_BM,bone_marrow,Ctrl,C3,236,0.0,0.0,Rorc
Ctrl_BM,bone_marrow,Ctrl,C4,244,0.004098360655737705,0.00475801405359487,Rorc
Ctrl_BM,bone_marrow,Ctrl,C5-1,124,0.016129032258064516,0.015074279039136825,Rorc
Ctrl_BM,bone_marrow,Ctrl,C5-2,104,0.3557692307692308,0.468460402236535,Rorc
Ctrl_BM,bone_marrow,Ctrl,C6,14,0.0,0.0,Rorc
Ctrl_Spleen,spleen,Ctrl,C0,97,0.0,0.0,Rorc
Ctrl_Spleen,spleen,Ctrl,C1,36,0.0,0.0,Rorc
Ctrl_Spleen,spleen,Ctrl,C2,45,0.0,0.0,Rorc
Ctrl_Spleen,spleen,Ctrl,C3,2762,0.0032585083272990588,0.0041084648214501805,Rorc
Ctrl_Spleen,spleen,Ctrl,C4,196,0.00510204081632653,0.005943297123422428,Rorc
Ctrl_Spleen,spleen,Ctrl,C5-1,239,0.016736401673640166,0.02475050702753426,Rorc
Ctrl_Spleen,spleen,Ctrl,C5-2,28,0.4642857142857143,0.5335298883063453,Rorc
Ctrl_Spleen,spleen,Ctrl,C6,16,0.0625,0.06919271498918533,Rorc
Ctrl_Spleen,spleen,Ctrl,C7,3,0.0,0.0,Rorc
T2_Thymus,thymus,T2,C0,20,0.0,0.0,Rorc
T2_Thymus,thymus,T2,C1,1,0.0,0.0,Rorc
T2_Thymus,thymus,T2,C2,50,0.0,0.0,Rorc
T2_Thymus,thymus,T2,C3,7,0.0,0.0,Rorc
T2_Thymus,thymus,T2,C4,2,0.0,0.0,Rorc
T2_Thymus,thymus,T2,C5-1,10,0.0,0.0,Rorc
T2_Thymus,thymus,T2,C5-2,36,0.3055555555555556,0.3520531439118915,Rorc
T2_Thymus,thymus,T2,C6,1087,0.0027598896044158236,0.002921076904444269,Rorc
T2_Thymus,thymus,T2,C7,44,0.25,0.43615789034149866,Rorc
T2_BM,bone_marrow,T2,C0,2090,0.0009569377990430622,0.001296104654741059,Rorc
T2_BM,bone_marrow,T2,C1,32,0.0,0.0,Rorc
T2_BM,bone_marrow,T2,C2,67,0.0,0.0,Rorc
T2_BM,bone_marrow,T2,C3,115,0.008695652173913044,0.009349336831466012,Rorc
T2_BM,bone_marrow,T2,C4,223,0.0,0.0,Rorc
T2_BM,bone_marrow,T2,C5-1,85,0.011764705882352941,0.012806829284219182,Rorc
T2_BM,bone_marrow,T2,C5-2,96,0.40625,0.4913461208343506,Rorc
T2_BM,bone_marrow,T2,C6,23,0.0,0.0,Rorc
T2_Spleen,spleen,T2,C0,88,0.0,0.0,Rorc
T2_Spleen,spleen,T2,C1,45,0.0,0.0,Rorc
T2_Spleen,spleen,T2,C2,74,0.0,0.0,Rorc
T2_Spleen,spleen,T2,C3,2557,0.00664841611263199,0.007736987278803653,Rorc
T2_Spleen,spleen,T2,C4,208,0.0,0.0,Rorc
T2_Spleen,spleen,T2,C5-1,345,0.020289855072463767,0.020946738512619682,Rorc
T2_Spleen,spleen,T2,C5-2,42,0.42857142857142855,0.48780985531352816,Rorc
T2_Spleen,spleen,T2,C6,12,0.0,0.0,Rorc
Ctrl_Thymus,thymus,Ctrl,C1,2,0.5,0.9567677974700928,Socs1
Ctrl_Thymus,thymus,Ctrl,C2,64,0.0625,0.1407645307481289,Socs1
Ctrl_Thymus,thymus,Ctrl,C4,14,0.42857142857142855,0.5811489054134914,Socs1
Ctrl_Thymus,thymus,Ctrl,C5-1,9,0.2222222222222222,0.18037791384590995,Socs1
Ctrl_Thymus,thymus,Ctrl,C5-2,11,0.36363636363636365,0.4280346632003784,Socs1
Ctrl_Thymus,thymus,Ctrl,C6,1227,0.4360228198859006,0.5796368642366312,Socs1
Ctrl_Thymus,thymus,Ctrl,C7,45,0.5555555555555556,1.0842538171344334,Socs1
Ctrl_BM,bone_marrow,Ctrl,C0,2533,0.38491906829846034,0.5240565893963491,Socs1
Ctrl_BM,bone_marrow,Ctrl,C1,46,0.6086956521739131,1.2394634277924248,Socs1
Ctrl_BM,bone_marrow,Ctrl,C2,78,0.1794871794871795,0.4060601164133121,Socs1
Ctrl_BM,bone_marrow,Ctrl,C3,236,0.3898305084745763,0.5327304303646088,Socs1
Ctrl_BM,bone_marrow,Ctrl,C4,244,0.32786885245901637,0.4011382941828399,Socs1
Ctrl_BM,bone_marrow,Ctrl,C5-1,124,0.3064516129032258,0.4390009973318346,Socs1
Ctrl_BM,bone_marrow,Ctrl,C5-2,104,0.6730769230769231,0.9396175908354613,Socs1
Ctrl_BM,bone_marrow,Ctrl,C6,14,0.2857142857142857,0.3065623385565622,Socs1
Ctrl_Spleen,spleen,Ctrl,C0,97,0.35051546391752575,0.48463029160942,Socs1
Ctrl_Spleen,spleen,Ctrl,C1,36,0.75,1.3730401462978787,Socs1
Ctrl_Spleen,spleen,Ctrl,C2,45,0.1111111111111111,0.24620650874243843,Socs1
Ctrl_Spleen,spleen,Ctrl,C3,2762,0.32150615496017376,0.4364627839472741,Socs1
Ctrl_Spleen,spleen,Ctrl,C4,196,0.25510204081632654,0.3195575633827521,Socs1
Ctrl_Spleen,spleen,Ctrl,C5-1,239,0.32217573221757323,0.3830059831611282,Socs1
Ctrl_Spleen,spleen,Ctrl,C5-2,28,0.42857142857142855,0.5449209489992687,Socs1
Ctrl_Spleen,spleen,Ctrl,C6,16,0.6875,0.8213189765810966,Socs1
Ctrl_Spleen,spleen,Ctrl,C7,3,0.6666666666666666,1.4537876447041829,Socs1
T2_Thymus,thymus,T2,C0,20,0.45,0.6329671800136566,Socs1
T2_Thymus,thymus,T2,C1,1,0.0,0.0,Socs1
T2_Thymus,thymus,T2,C2,50,0.12,0.2637243103981018,Socs1
T2_Thymus,thymus,T2,C3,7,0.2857142857142857,0.4280989170074463,Socs1
T2_Thymus,thymus,T2,C4,2,0.5,0.7337459921836853,Socs1
T2_Thymus,thymus,T2,C5-1,10,0.7,0.6700481057167054,Socs1
T2_Thymus,thymus,T2,C5-2,36,0.5277777777777778,0.6865090363555484,Socs1
T2_Thymus,thymus,T2,C6,1087,0.4406623735050598,0.5775246850481358,Socs1
T2_Thymus,thymus,T2,C7,44,0.5454545454545454,1.088849894025109,Socs1
T2_BM,bone_marrow,T2,C0,2090,0.3980861244019139,0.5345010104076714,Socs1
T2_BM,bone_marrow,T2,C1,32,0.625,1.2324274145066738,Socs1
T2_BM,bone_marrow,T2,C2,67,0.08955223880597014,0.19452770254505214,Socs1
T2_BM,bone_marrow,T2,C3,115,0.3130434782608696,0.4842121077620465,Socs1
T2_BM,bone_marrow,T2,C4,223,0.3811659192825112,0.4830056439600718,Socs1
T2_BM,bone_marrow,T2,C5-1,85,0.3764705882352941,0.47811087159549487,Socs1
T2_BM,bone_marrow,T2,C5-2,96,0.5416666666666666,0.7588062373300394,Socs1
T2_BM,bone_marrow,T2,C6,23,0.4782608695652174,0.6680490841036257,Socs1
T2_Spleen,spleen,T2,C0,88,0.29545454545454547,0.37909044189886615,Socs1
T2_Spleen,spleen,T2,C1,45,0.5555555555555556,1.076784324645996,Socs1
T2_Spleen,spleen,T2,C2,74,0.0945945945945946,0.2234160626256788,Socs1
T2_Spleen,spleen,T2,C3,2557,0.30700039108330074,0.4144349222916106,Socs1
T2_Spleen,spleen,T2,C4,208,0.21634615384615385,0.2738461144841634,Socs1
T2_Spleen,spleen,T2,C5-1,345,0.30434782608695654,0.3537825067838033,Socs1
T2_Spleen,spleen,T2,C5-2,42,0.3333333333333333,0.4172874249163128,Socs1
T2_Spleen,spleen,T2,C6,12,0.3333333333333333,0.42241306106249493,Socs1
Ctrl_Thymus,thymus,Ctrl,C1,2,0.0,0.0,Socs2
Ctrl_Thymus,thymus,Ctrl,C2,64,0.03125,0.06789935193955898,Socs2
Ctrl_Thymus,thymus,Ctrl,C4,14,0.21428571428571427,0.28378353800092426,Socs2
Ctrl_Thymus,thymus,Ctrl,C5-1,9,0.2222222222222222,0.22640899154875013,Socs2
Ctrl_Thymus,thymus,Ctrl,C5-2,11,0.09090909090909091,0.1612508622082797,Socs2
Ctrl_Thymus,thymus,Ctrl,C6,1227,0.14751426242868787,0.17642272543693424,Socs2
Ctrl_Thymus,thymus,Ctrl,C7,45,0.0,0.0,Socs2
Ctrl_BM,bone_marrow,Ctrl,C0,2533,0.4745361231741019,0.7176916620922428,Socs2
Ctrl_BM,bone_marrow,Ctrl,C1,46,0.1956521739130435,0.2774627040261808,Socs2
Ctrl_BM,bone_marrow,Ctrl,C2,78,0.1282051282051282,0.32113435023870224,Socs2
Ctrl_BM,bone_marrow,Ctrl,C3,236,0.2754237288135593,0.42800475000324895,Socs2
Ctrl_BM,bone_marrow,Ctrl,C4,244,0.2827868852459016,0.3760243067975904,Socs2
Ctrl_BM,bone_marrow,Ctrl,C5-1,124,0.08870967741935484,0.12264901832226784,Socs2
Ctrl_BM,bone_marrow,Ctrl,C5-2,104,0.34615384615384615,0.4359806409248939,Socs2
Ctrl_BM,bone_marrow,Ctrl,C6,14,0.21428571428571427,0.22962661300386703,Socs2
Ctrl_Spleen,spleen,Ctrl,C0,97,0.36082474226804123,0.5220577157649797,Socs2
Ctrl_Spleen,spleen,Ctrl,C1,36,0.2222222222222222,0.31281688147121006,Socs2
Ctrl_Spleen,spleen,Ctrl,C2,45,0.06666666666666667,0.13865902953677708,Socs2
Ctrl_Spleen,spleen,Ctrl,C3,2762,0.3381607530774801,0.499649937907308,Socs2
Ctrl_Spleen,spleen,Ctrl,C4,196,0.2602040816326531,0.37725257782303556,Socs2
Ctrl_Spleen,spleen,Ctrl,C5-1,239,0.05439330543933055,0.053858687937509066,Socs2
Ctrl_Spleen,spleen,Ctrl,C5-2,28,0.21428571428571427,0.22833000549248286,Socs2
Ctrl_Spleen,spleen,Ctrl,C6,16,0.125,0.1465219333767891,Socs2
Ctrl_Spleen,spleen,Ctrl,C7,3,0.0,0.0,Socs2
T2_Thymus,thymus,T2,C0,20,0.15,0.17872408032417297,Socs2
T2_Thymus,thymus,T2,C1,1,0.0,0.0,Socs2
T2_Thymus,thymus,T2,C2,50,0.0,0.0,Socs2
T2_Thymus,thymus,T2,C3,7,0.2857142857142857,0.43824771472385954,Socs2
T2_Thymus,thymus,T2,C4,2,0.5,0.996200680732727,Socs2
T2_Thymus,thymus,T2,C5-1,10,0.0,0.0,Socs2
T2_Thymus,thymus,T2,C5-2,36,0.3055555555555556,0.36869993143611485,Socs2
T2_Thymus,thymus,T2,C6,1087,0.13707451701931922,0.1557593959783784,Socs2
T2_Thymus,thymus,T2,C7,44,0.0,0.0,Socs2
T2_BM,bone_marrow,T2,C0,2090,0.4444976076555024,0.6711278731743114,Socs2
T2_BM,bone_marrow,T2,C1,32,0.25,0.3030223995447159,Socs2
T2_BM,bone_marrow,T2,C2,67,0.13432835820895522,0.2755420546033489,Socs2
T2_BM,bone_marrow,T2,C3,115,0.391304347826087,0.6056169540985771,Socs2
T2_BM,bone_marrow,T2,C4,223,0.3094170403587444,0.3994559463898697,Socs2
T2_BM,bone_marrow,T2,C5-1,85,0.08235294117647059,0.10292926115148207,Socs2
T2_BM,bone_marrow,T2,C5-2,96,0.40625,0.4670318743834893,Socs2
T2_BM,bone_marrow,T2,C6,23,0.30434782608695654,0.3865872984347136,Socs2
T2_Spleen,spleen,T2,C0,88,0.2840909090909091,0.41562287441708823,Socs2
T2_Spleen,spleen,T2,C1,45,0.2,0.25183233949873185,Socs2
T2_Spleen,spleen,T2,C2,74,0.08108108108108109,0.19926571523821032,Socs2
T2_Spleen,spleen,T2,C3,2557,0.268283144309738,0.38791251089314627,Socs2
T2_Spleen,spleen,T2,C4,208,0.19230769230769232,0.25003816789159405,Socs2
T2_Spleen,spleen,T2,C5-1,345,0.0463768115942029,0.047838754239289655,Socs2
T2_Spleen,spleen,T2,C5-2,42,0.35714285714285715,0.4143464721384503,Socs2
T2_Spleen,spleen,T2,C6,12,0.16666666666666666,0.15870786209901175,Socs2
Ctrl_Thymus,thymus,Ctrl,C1,2,0.0,0.0,Tbx21
Ctrl_Thymus,thymus,Ctrl,C2,64,0.109375,0.30783889442682266,Tbx21
Ctrl_Thymus,thymus,Ctrl,C4,14,0.5714285714285714,0.7689478056771415,Tbx21
Ctrl_Thymus,thymus,Ctrl,C5-1,9,0.2222222222222222,0.2567584249708388,Tbx21
Ctrl_Thymus,thymus,Ctrl,C5-2,11,0.0,0.0,Tbx21
Ctrl_Thymus,thymus,Ctrl,C6,1227,0.3854930725346373,0.472416156515807,Tbx21
Ctrl_Thymus,thymus,Ctrl,C7,45,0.06666666666666667,0.10627824200524225,Tbx21
Ctrl_BM,bone_marrow,Ctrl,C0,2533,0.43505724437425974,0.5781056006294534,Tbx21
Ctrl_BM,bone_marrow,Ctrl,C1,46,0.3695652173913043,0.5022036459134973,Tbx21
Ctrl_BM,bone_marrow,Ctrl,C2,78,0.11538461538461539,0.2584196543082213,Tbx21
Ctrl_BM,bone_marrow,Ctrl,C3,236,0.3474576271186441,0.46848649695768196,Tbx21
Ctrl_BM,bone_marrow,Ctrl,C4,244,0.3360655737704918,0.41643747052208324,Tbx21
Ctrl_BM,bone_marrow,Ctrl,C5-1,124,0.20161290322580644,0.24763837216361875,Tbx21
Ctrl_BM,bone_marrow,Ctrl,C5-2,104,0.125,0.1554933448250477,Tbx21
Ctrl_BM,bone_marrow,Ctrl,C6,14,0.6428571428571429,0.6794385058539254,Tbx21
Ctrl_Spleen,spleen,Ctrl,C0,97,0.422680412371134,0.5913758376210007,Tbx21
Ctrl_Spleen,spleen,Ctrl,C1,36,0.4166666666666667,0.5980325755145814,Tbx21
Ctrl_Spleen,spleen,Ctrl,C2,45,0.1111111111111111,0.22441077497270373,Tbx21
Ctrl_Spleen,spleen,Ctrl,C3,2762,0.36567704561911657,0.5058112620098879,Tbx21
Ctrl_Spleen,spleen,Ctrl,C4,196,0.40816326530612246,0.5333209460487172,Tbx21
Ctrl_Spleen,spleen,Ctrl,C5-1,239,0.1506276150627615,0.17414970677268057,Tbx21
Ctrl_Spleen,spleen,Ctrl,C5-2,28,0.07142857142857142,0.07111135338033948,Tbx21
Ctrl_Spleen,spleen,Ctrl,C6,16,0.6875,1.0008495599031448,Tbx21
Ctrl_Spleen,spleen,Ctrl,C7,3,0.0,0.0,Tbx21
T2_Thymus,thymus,T2,C0,20,0.4,0.5079617381095887,Tbx21
T2_Thymus,thymus,T2,C1,1,0.0,0.0,Tbx21
T2_Thymus,thymus,T2,C2,50,0.12,0.21162556648254394,Tbx21
T2_Thymus,thymus,T2,C3,7,0.7142857142857143,1.050258653504508,Tbx21
T2_Thymus,thymus,T2,C4,2,0.5,0.7135455012321472,Tbx21
T2_Thymus,thymus,T2,C5-1,10,0.1,0.08112776279449463,Tbx21
T2_Thymus,thymus,T2,C5-2,36,0.027777777777777776,0.031364374690585665,Tbx21
T2_Thymus,thymus,T2,C6,1087,0.3560257589696412,0.42397535247548307,Tbx21
T2_Thymus,thymus,T2,C7,44,0.022727272727272728,0.03557248007167469,Tbx21
T2_BM,bone_marrow,T2,C0,2090,0.43110047846889954,0.5789828223760048,Tbx21
T2_BM,bone_marrow,T2,C1,32,0.53125,0.7653757818043232,Tbx21
T2_BM,bone_marrow,T2,C2,67,0.14925373134328357,0.2732266774818079,Tbx21
T2_BM,bone_marrow,T2,C3,115,0.4,0.5923232964847399,Tbx21
T2_BM,bone_marrow,T2,C4,223,0.39461883408071746,0.47145162088454035,Tbx21
T2_BM,bone_marrow,T2,C5-1,85,0.25882352941176473,0.30986748863669,Tbx21
T2_BM,bone_marrow,T2,C5-2,96,0.21875,0.23184979086120924,Tbx21
T2_BM,bone_marrow,T2,C6,23,0.43478260869565216,0.5735001019809557,Tbx21
T2_Spleen,spleen,T2,C0,88,0.3409090909090909,0.43458362736485223,Tbx21
T2_Spleen,spleen,T2,C1,45,0.35555555555555557,0.4930705335405138,Tbx21
T2_Spleen,spleen,T2,C2,74,0.12162162162162163,0.2302369717005137,Tbx21
T2_Spleen,spleen,T2,C3,2557,0.36136096988658584,0.4925056229730486,Tbx21
T2_Spleen,spleen,T2,C4,208,0.36538461538461536,0.4838423918072994,Tbx21
T2_Spleen,spleen,T2,C5-1,345,0.17971014492753623,0.1916228707285895,Tbx21
T2_Spleen,spleen,T2,C5-2,42,0.11904761904761904,0.12163094537598747,Tbx21
T2_Spleen,spleen,T2,C6,12,0.5,0.5792969862620035,Tbx21
Ctrl_Thymus,thymus,Ctrl,C1,2,1.0,4.095335960388184,Tmsb10
Ctrl_Thymus,thymus,Ctrl,C2,64,0.703125,2.1191263534128666,Tmsb10
Ctrl_Thymus,thymus,Ctrl,C4,14,1.0,3.494462728500366,Tmsb10
Ctrl_Thymus,thymus,Ctrl,C5-1,9,1.0,3.4580470191107855,Tmsb10
Ctrl_Thymus,thymus,Ctrl,C5-2,11,1.0,3.0276506814089688,Tmsb10
Ctrl_Thymus,thymus,Ctrl,C6,1227,1.0,3.5158126376563197,Tmsb10
Ctrl_Thymus,thymus,Ctrl,C7,45,0.8444444444444444,2.479243185785082,Tmsb10
Ctrl_BM,bone_marrow,Ctrl,C0,2533,0.9996052112120016,3.6659469493895336,Tmsb10
Ctrl_BM,bone_marrow,Ctrl,C1,46,1.0,3.873269091481748,Tmsb10
Ctrl_BM,bone_marrow,Ctrl,C2,78,0.7692307692307693,2.674990867957091,Tmsb10
Ctrl_BM,bone_marrow,Ctrl,C3,236,1.0,3.6558477817955666,Tmsb10
Ctrl_BM,bone_marrow,Ctrl,C4,244,1.0,3.7068482305182786,Tmsb10
Ctrl_BM,bone_marrow,Ctrl,C5-1,124,1.0,3.4400036950265207,Tmsb10
Ctrl_BM,bone_marrow,Ctrl,C5-2,104,1.0,3.3918491579019108,Tmsb10
Ctrl_BM,bone_marrow,Ctrl,C6,14,1.0,3.7393092257635936,Tmsb10
Ctrl_Spleen,spleen,Ctrl,C0,97,1.0,3.685105773591504,Tmsb10
Ctrl_Spleen,spleen,Ctrl,C1,36,1.0,3.721827679210239,Tmsb10
Ctrl_Spleen,spleen,Ctrl,C2,45,0.8666666666666667,2.987578127119276,Tmsb10
Ctrl_Spleen,spleen,Ctrl,C3,2762,0.998913830557567,3.6357247000755737,Tmsb10
Ctrl_Spleen,spleen,Ctrl,C4,196,1.0,3.673656244667209,Tmsb10
Ctrl_Spleen,spleen,Ctrl,C5-1,239,1.0,3.390161039440203,Tmsb10
Ctrl_Spleen,spleen,Ctrl,C5-2,28,1.0,3.3979677898543224,Tmsb10
Ctrl_Spleen,spleen,Ctrl,C6,16,1.0,3.4961234480142593,Tmsb10
Ctrl_Spleen,spleen,Ctrl,C7,3,0.6666666666666666,2.3044923146565757,Tmsb10
T2_Thymus,thymus,T2,C0,20,1.0,3.8822269439697266,Tmsb10
T2_Thymus,thymus,T2,C1,1,1.0,2.3684234619140625,Tmsb10
T2_Thymus,thymus,T2,C2,50,0.82,2.8954161167144776,Tmsb10
T2_Thymus,thymus,T2,C3,7,1.0,3.5263080256325856,Tmsb10
T2_Thymus,thymus,T2,C4,2,1.0,3.6786657571792603,Tmsb10
T2_Thymus,thymus,T2,C5-1,10,1.0,3.4073909282684327,Tmsb10
T2_Thymus,thymus,T2,C5-2,36,1.0,3.545866721206241,Tmsb10
T2_Thymus,thymus,T2,C6,1087,1.0,3.8007550123314737,Tmsb10
T2_Thymus,thymus,T2,C7,44,0.75,1.7678812850605359,Tmsb10
T2_BM,bone_marrow,T2,C0,2090,0.9995215311004785,3.98085276053853,Tmsb10
T2_BM,bone_marrow,T2,C1,32,1.0,4.288705430924892,Tmsb10
T2_BM,bone_marrow,T2,C2,67,0.9253731343283582,3.6063734488700754,Tmsb10
T2_BM,bone_marrow,T2,C3,115,1.0,3.9583082468613333,Tmsb10
T2_BM,bone_marrow,T2,C4,223,1.0,4.030788881361752,Tmsb10
T2_BM,bone_marrow,T2,C5-1,85,1.0,3.715995017219992,Tmsb10
T2_BM,bone_marrow,T2,C5-2,96,0.9895833333333334,3.625386618077755,Tmsb10
T2_BM,bone_marrow,T2,C6,23,1.0,4.113556509432585,Tmsb10
T2_Spleen,spleen,T2,C0,88,1.0,4.054103637283498,Tmsb10
T2_Spleen,spleen,T2,C1,45,1.0,4.114354128307767,Tmsb10
T2_Spleen,spleen,T2,C2,74,0.9324324324324325,3.7373576679745235,Tmsb10
T2_Spleen,spleen,T2,C3,2557,0.9996089166992569,3.9911953576803674,Tmsb10
T2_Spleen,spleen,T2,C4,208,1.0,4.026322308641213,Tmsb10
T2_Spleen,spleen,T2,C5-1,345,1.0,3.710689533620641,Tmsb10
T2_Spleen,spleen,T2,C5-2,42,1.0,3.76205465339479,Tmsb10
T2_Spleen,spleen,T2,C6,12,1.0,3.9916688601175943,Tmsb10
Ctrl_Thymus,thymus,Ctrl,C1,2,0.0,0.0,Tnf
Ctrl_Thymus,thymus,Ctrl,C2,64,0.015625,0.04209626838564873,Tnf
Ctrl_Thymus,thymus,Ctrl,C4,14,0.0,0.0,Tnf
Ctrl_Thymus,thymus,Ctrl,C5-1,9,0.3333333333333333,0.36599140697055393,Tnf
Ctrl_Thymus,thymus,Ctrl,C5-2,11,0.09090909090909091,0.07337542555548927,Tnf
Ctrl_Thymus,thymus,Ctrl,C6,1227,0.05134474327628362,0.06235559553077965,Tnf
Ctrl_Thymus,thymus,Ctrl,C7,45,0.0,0.0,Tnf
Ctrl_BM,bone_marrow,Ctrl,C0,2533,0.09435452033162259,0.11772762232508246,Tnf
Ctrl_BM,bone_marrow,Ctrl,C1,46,0.08695652173913043,0.09994730742081352,Tnf
Ctrl_BM,bone_marrow,Ctrl,C2,78,0.05128205128205128,0.11372819160803771,Tnf
Ctrl_BM,bone_marrow,Ctrl,C3,236,0.15254237288135594,0.21807809451879082,Tnf
Ctrl_BM,bone_marrow,Ctrl,C4,244,0.05327868852459016,0.05726726426452887,Tnf
Ctrl_BM,bone_marrow,Ctrl,C5-1,124,0.04032258064516129,0.039215666632498467,Tnf
Ctrl_BM,bone_marrow,Ctrl,C5-2,104,0.14423076923076922,0.18343528589377037,Tnf
Ctrl_BM,bone_marrow,Ctrl,C6,14,0.0,0.0,Tnf
Ctrl_Spleen,spleen,Ctrl,C0,97,0.12371134020618557,0.1570357606583035,Tnf
Ctrl_Spleen,spleen,Ctrl,C1,36,0.05555555555555555,0.06350023051102956,Tnf
Ctrl_Spleen,spleen,Ctrl,C2,45,0.044444444444444446,0.10589759879642063,Tnf
Ctrl_Spleen,spleen,Ctrl,C3,2762,0.08761766835626358,0.11526962081044588,Tnf
Ctrl_Spleen,spleen,Ctrl,C4,196,0.04081632653061224,0.04625744053295681,Tnf
Ctrl_Spleen,spleen,Ctrl,C5-1,239,0.1087866108786611,0.12075811923797161,Tnf
Ctrl_Spleen,spleen,Ctrl,C5-2,28,0.17857142857142858,0.20253088857446397,Tnf
Ctrl_Spleen,spleen,Ctrl,C6,16,0.0,0.0,Tnf
Ctrl_Spleen,spleen,Ctrl,C7,3,0.0,0.0,Tnf
T2_Thymus,thymus,T2,C0,20,0.0,0.0,Tnf
T2_Thymus,thymus,T2,C1,1,0.0,0.0,Tnf
T2_Thymus,thymus,T2,C2,50,0.0,0.0,Tnf
T2_Thymus,thymus,T2,C3,7,0.0,0.0,Tnf
T2_Thymus,thymus,T2,C4,2,0.0,0.0,Tnf
T2_Thymus,thymus,T2,C5-1,10,0.2,0.26235660910606384,Tnf
T2_Thymus,thymus,T2,C5-2,36,0.05555555555555555,0.05225377447075314,Tnf
T2_Thymus,thymus,T2,C6,1087,0.05519779208831647,0.06430454131322051,Tnf
T2_Thymus,thymus,T2,C7,44,0.0,0.0,Tnf
T2_BM,bone_marrow,T2,C0,2090,0.11626794258373206,0.1436908769550506,Tnf
T2_BM,bone_marrow,T2,C1,32,0.03125,0.03547189384698868,Tnf
T2_BM,bone_marrow,T2,C2,67,0.05970149253731343,0.1328678415782416,Tnf
T2_BM,bone_marrow,T2,C3,115,0.11304347826086956,0.1353923782058384,Tnf
T2_BM,bone_marrow,T2,C4,223,0.08968609865470852,0.1055910376155323,Tnf
T2_BM,bone_marrow,T2,C5-1,85,0.10588235294117647,0.1287375758675968,Tnf
T2_BM,bone_marrow,T2,C5-2,96,0.19791666666666666,0.21381179181238016,Tnf
T2_BM,bone_marrow,T2,C6,23,0.08695652173913043,0.08794395042502362,Tnf
T2_Spleen,spleen,T2,C0,88,0.11363636363636363,0.14743862165646118,Tnf
T2_Spleen,spleen,T2,C1,45,0.06666666666666667,0.07470032903883192,Tnf
T2_Spleen,spleen,T2,C2,74,0.05405405405405406,0.1112185636082211,Tnf
T2_Spleen,spleen,T2,C3,2557,0.08173640985529917,0.10464435358927686,Tnf
T2_Spleen,spleen,T2,C4,208,0.057692307692307696,0.0704649704007002,Tnf
T2_Spleen,spleen,T2,C5-1,345,0.10434782608695652,0.10747499586879343,Tnf
T2_Spleen,spleen,T2,C5-2,42,0.21428571428571427,0.24464004948025658,Tnf
T2_Spleen,spleen,T2,C6,12,0.08333333333333333,0.09351872404416402,Tnf
Ctrl_Thymus,thymus,Ctrl,C1,2,0.0,0.0,Tnfrsf18
Ctrl_Thymus,thymus,Ctrl,C2,64,0.15625,0.40201969258487225,Tnfrsf18
Ctrl_Thymus,thymus,Ctrl,C4,14,0.6428571428571429,0.8393450549670628,Tnfrsf18
Ctrl_Thymus,thymus,Ctrl,C5-1,9,0.4444444444444444,0.42451341284645927,Tnfrsf18
Ctrl_Thymus,thymus,Ctrl,C5-2,11,0.18181818181818182,0.16637170314788818,Tnfrsf18
Ctrl_Thymus,thymus,Ctrl,C6,1227,0.5672371638141809,0.7403968104329066,Tnfrsf18
Ctrl_Thymus,thymus,Ctrl,C7,45,0.13333333333333333,0.2618157174852159,Tnfrsf18
Ctrl_BM,bone_marrow,Ctrl,C0,2533,0.6616660086853533,0.9894077390067624,Tnfrsf18
Ctrl_BM,bone_marrow,Ctrl,C1,46,0.43478260869565216,0.6283371254153873,Tnfrsf18
Ctrl_BM,bone_marrow,Ctrl,C2,78,0.2564102564102564,0.6143129162299328,Tnfrsf18
Ctrl_BM,bone_marrow,Ctrl,C3,236,0.6694915254237288,1.0103181181317669,Tnfrsf18
Ctrl_BM,bone_marrow,Ctrl,C4,244,0.5737704918032787,0.8015416714011646,Tnfrsf18
Ctrl_BM,bone_marrow,Ctrl,C5-1,124,0.47580645161290325,0.7394234042975211,Tnfrsf18
Ctrl_BM,bone_marrow,Ctrl,C5-2,104,0.5961538461538461,0.7655965513907946,Tnfrsf18
Ctrl_BM,bone_marrow,Ctrl,C6,14,0.5714285714285714,0.6549705948148455,Tnfrsf18
Ctrl_Spleen,spleen,Ctrl,C0,97,0.6082474226804123,0.9513164058174055,Tnfrsf18
Ctrl_Spleen,spleen,Ctrl,C1,36,0.3611111111111111,0.5496914552317725,Tnfrsf18
Ctrl_Spleen,spleen,Ctrl,C2,45,0.26666666666666666,0.559680249955919,Tnfrsf18
Ctrl_Spleen,spleen,Ctrl,C3,2762,0.5930485155684286,0.9027369483323481,Tnfrsf18
Ctrl_Spleen,spleen,Ctrl,C4,196,0.5153061224489796,0.6954927614756993,Tnfrsf18
Ctrl_Spleen,spleen,Ctrl,C5-1,239,0.40585774058577406,0.4805083384573709,Tnfrsf18
Ctrl_Spleen,spleen,Ctrl,C5-2,28,0.42857142857142855,0.5586307900292533,Tnfrsf18
Ctrl_Spleen,spleen,Ctrl,C6,16,0.5,0.7195020020008087,Tnfrsf18
Ctrl_Spleen,spleen,Ctrl,C7,3,0.0,0.0,Tnfrsf18
T2_Thymus,thymus,T2,C0,20,0.55,0.8243572115898132,Tnfrsf18
T2_Thymus,thymus,T2,C1,1,1.0,2.3684234619140625,Tnfrsf18
T2_Thymus,thymus,T2,C2,50,0.26,0.5361257815361022,Tnfrsf18
T2_Thymus,thymus,T2,C3,7,1.0,1.4338010719844274,Tnfrsf18
T2_Thymus,thymus,T2,C4,2,0.0,0.0,Tnfrsf18
T2_Thymus,thymus,T2,C5-1,10,0.3,0.2985746741294861,Tnfrsf18
T2_Thymus,thymus,T2,C5-2,36,0.2222222222222222,0.24596527715524039,Tnfrsf18
T2_Thymus,thymus,T2,C6,1087,0.562097516099356,0.7235623430854812,Tnfrsf18
T2_Thymus,thymus,T2,C7,44,0.22727272727272727,0.3702000921422785,Tnfrsf18
T2_BM,bone_marrow,T2,C0,2090,0.6827751196172249,1.0208312507451436,Tnfrsf18
T2_BM,bone_marrow,T2,C1,32,0.59375,0.9671081677079201,Tnfrsf18
T2_BM,bone_marrow,T2,C2,67,0.373134328358209,0.7568612757013805,Tnfrsf18
T2_BM,bone_marrow,T2,C3,115,0.6782608695652174,1.163043757106947,Tnfrsf18
T2_BM,bone_marrow,T2,C4,223,0.6771300448430493,0.9761829402949244,Tnfrsf18
T2_BM,bone_marrow,T2,C5-1,85,0.611764705882353,0.8746738300603979,Tnfrsf18
T2_BM,bone_marrow,T2,C5-2,96,0.5416666666666666,0.6923767557988564,Tnfrsf18
T2_BM,bone_marrow,T2,C6,23,0.6956521739130435,0.9479696102764296,Tnfrsf18
T2_Spleen,spleen,T2,C0,88,0.75,1.1093104237859899,Tnfrsf18
T2_Spleen,spleen,T2,C1,45,0.5555555555555556,0.7748426424132453,Tnfrsf18
T2_Spleen,spleen,T2,C2,74,0.28378378378378377,0.5496116038915273,Tnfrsf18
T2_Spleen,spleen,T2,C3,2557,0.6253421978881502,0.9471616849891833,Tnfrsf18
T2_Spleen,spleen,T2,C4,208,0.5432692307692307,0.8099697719399745,Tnfrsf18
T2_Spleen,spleen,T2,C5-1,345,0.4289855072463768,0.49678908068200817,Tnfrsf18
T2_Spleen,spleen,T2,C5-2,42,0.30952380952380953,0.35341428716977435,Tnfrsf18
T2_Spleen,spleen,T2,C6,12,0.8333333333333334,0.989892303943634,Tnfrsf18
Ctrl_Thymus,thymus,Ctrl,C1,2,0.0,0.0,Tnfrsf1b
Ctrl_Thymus,thymus,Ctrl,C2,64,0.078125,0.21234316378831863,Tnfrsf1b
Ctrl_Thymus,thymus,Ctrl,C4,14,0.14285714285714285,0.1532280445098877,Tnfrsf1b
Ctrl_Thymus,thymus,Ctrl,C5-1,9,0.3333333333333333,0.35983452532026505,Tnfrsf1b
Ctrl_Thymus,thymus,Ctrl,C5-2,11,0.36363636363636365,0.44211565906351263,Tnfrsf1b
Ctrl_Thymus,thymus,Ctrl,C6,1227,0.17929910350448247,0.204284068230409,Tnfrsf1b
Ctrl_Thymus,thymus,Ctrl,C7,45,0.0,0.0,Tnfrsf1b
Ctrl_BM,bone_marrow,Ctrl,C0,2533,0.12949072246348203,0.15842732124727704,Tnfrsf1b
Ctrl_BM,bone_marrow,Ctrl,C1,46,0.1956521739130435,0.2257908919583196,Tnfrsf1b
Ctrl_BM,bone_marrow,Ctrl,C2,78,0.07692307692307693,0.18175179224747878,Tnfrsf1b
Ctrl_BM,bone_marrow,Ctrl,C3,236,0.1271186440677966,0.1539020869186369,Tnfrsf1b
Ctrl_BM,bone_marrow,Ctrl,C4,244,0.09836065573770492,0.11451842794652844,Tnfrsf1b
Ctrl_BM,bone_marrow,Ctrl,C5-1,124,0.08870967741935484,0.12235252751458076,Tnfrsf1b
Ctrl_BM,bone_marrow,Ctrl,C5-2,104,0.057692307692307696,0.0651228794684777,Tnfrsf1b
Ctrl_BM,bone_marrow,Ctrl,C6,14,0.21428571428571427,0.2159336805343628,Tnfrsf1b
Ctrl_Spleen,spleen,Ctrl,C0,97,0.12371134020618557,0.13717906683990636,Tnfrsf1b
Ctrl_Spleen,spleen,Ctrl,C1,36,0.19444444444444445,0.2321329630083508,Tnfrsf1b
Ctrl_Spleen,spleen,Ctrl,C2,45,0.044444444444444446,0.08310000366634793,Tnfrsf1b
Ctrl_Spleen,spleen,Ctrl,C3,2762,0.12128892107168718,0.15147465981062905,Tnfrsf1b
Ctrl_Spleen,spleen,Ctrl,C4,196,0.08163265306122448,0.1090432587935,Tnfrsf1b
Ctrl_Spleen,spleen,Ctrl,C5-1,239,0.09623430962343096,0.09221934748493976,Tnfrsf1b
Ctrl_Spleen,spleen,Ctrl,C5-2,28,0.21428571428571427,0.2270517498254776,Tnfrsf1b
Ctrl_Spleen,spleen,Ctrl,C6,16,0.25,0.26270366460084915,Tnfrsf1b
Ctrl_Spleen,spleen,Ctrl,C7,3,0.0,0.0,Tnfrsf1b
T2_Thymus,thymus,T2,C0,20,0.1,0.15255102515220642,Tnfrsf1b
T2_Thymus,thymus,T2,C1,1,0.0,0.0,Tnfrsf1b
T2_Thymus,thymus,T2,C2,50,0.02,0.022799911499023436,Tnfrsf1b
T2_Thymus,thymus,T2,C3,7,0.2857142857142857,0.3624140875680106,Tnfrsf1b
T2_Thymus,thymus,T2,C4,2,0.5,0.8965052366256714,Tnfrsf1b
T2_Thymus,thymus,T2,C5-1,10,0.1,0.08661715388298034,Tnfrsf1b
T2_Thymus,thymus,T2,C5-2,36,0.1388888888888889,0.15033607516023847,Tnfrsf1b
T2_Thymus,thymus,T2,C6,1087,0.17203311867525298,0.18646859015032252,Tnfrsf1b
T2_Thymus,thymus,T2,C7,44,0.022727272727272728,0.036254351789301094,Tnfrsf1b
T2_BM,bone_marrow,T2,C0,2090,0.12727272727272726,0.1504160740729154,Tnfrsf1b
T2_BM,bone_marrow,T2,C1,32,0.21875,0.33417659997940063,Tnfrsf1b
T2_BM,bone_marrow,T2,C2,67,0.04477611940298507,0.10162664527323709,Tnfrsf1b
T2_BM,bone_marrow,T2,C3,115,0.1391304347826087,0.18345194951347682,Tnfrsf1b
T2_BM,bone_marrow,T2,C4,223,0.1210762331838565,0.1408618578996359,Tnfrsf1b
T2_BM,bone_marrow,T2,C5-1,85,0.10588235294117647,0.13157284540288589,Tnfrsf1b
T2_BM,bone_marrow,T2,C5-2,96,0.041666666666666664,0.03929252425829569,Tnfrsf1b
T2_BM,bone_marrow,T2,C6,23,0.13043478260869565,0.13870156847912332,Tnfrsf1b
T2_Spleen,spleen,T2,C0,88,0.10227272727272728,0.12360298972238194,Tnfrsf1b
T2_Spleen,spleen,T2,C1,45,0.15555555555555556,0.17067093186908297,Tnfrsf1b
T2_Spleen,spleen,T2,C2,74,0.04054054054054054,0.08327016959319243,Tnfrsf1b
T2_Spleen,spleen,T2,C3,2557,0.11184982401251467,0.13820225853541424,Tnfrsf1b
T2_Spleen,spleen,T2,C4,208,0.11538461538461539,0.13785005160249197,Tnfrsf1b
T2_Spleen,spleen,T2,C5-1,345,0.09855072463768116,0.10121089548304461,Tnfrsf1b
T2_Spleen,spleen,T2,C5-2,42,0.14285714285714285,0.15556666396913074,Tnfrsf1b
T2_Spleen,spleen,T2,C6,12,0.08333333333333333,0.0688283344109853,Tnfrsf1b
Ctrl_Thymus,thymus,Ctrl,C1,2,0.0,0.0,Tnfrsf4
Ctrl_Thymus,thymus,Ctrl,C2,64,0.015625,0.037241801619529724,Tnfrsf4
Ctrl_Thymus,thymus,Ctrl,C4,14,0.0,0.0,Tnfrsf4
Ctrl_Thymus,thymus,Ctrl,C5-1,9,0.0,0.0,Tnfrsf4
Ctrl_Thymus,thymus,Ctrl,C5-2,11,0.0,0.0,Tnfrsf4
Ctrl_Thymus,thymus,Ctrl,C6,1227,0.014669926650366748,0.016319273833637814,Tnfrsf4
Ctrl_Thymus,thymus,Ctrl,C7,45,0.0,0.0,Tnfrsf4
Ctrl_BM,bone_marrow,Ctrl,C0,2533,0.00986971969996052,0.011620757257896028,Tnfrsf4
Ctrl_BM,bone_marrow,Ctrl,C1,46,0.021739130434782608,0.02568215909211532,Tnfrsf4
Ctrl_BM,bone_marrow,Ctrl,C2,78,0.02564102564102564,0.05978084833194048,Tnfrsf4
Ctrl_BM,bone_marrow,Ctrl,C3,236,0.00847457627118644,0.007408276200294495,Tnfrsf4
Ctrl_BM,bone_marrow,Ctrl,C4,244,0.0,0.0,Tnfrsf4
Ctrl_BM,bone_marrow,Ctrl,C5-1,124,0.1693548387096774,0.3961161740364567,Tnfrsf4
Ctrl_BM,bone_marrow,Ctrl,C5-2,104,0.009615384615384616,0.009247674391819881,Tnfrsf4
Ctrl_BM,bone_marrow,Ctrl,C6,14,0.0,0.0,Tnfrsf4
Ctrl_Spleen,spleen,Ctrl,C0,97,0.010309278350515464,0.009101784720863263,Tnfrsf4
Ctrl_Spleen,spleen,Ctrl,C1,36,0.027777777777777776,0.0218369464079539,Tnfrsf4
Ctrl_Spleen,spleen,Ctrl,C2,45,0.022222222222222223,0.06395535998874241,Tnfrsf4
Ctrl_Spleen,spleen,Ctrl,C3,2762,0.007603186097031137,0.009108994984264223,Tnfrsf4
Ctrl_Spleen,spleen,Ctrl,C4,196,0.0,0.0,Tnfrsf4
Ctrl_Spleen,spleen,Ctrl,C5-1,239,0.03347280334728033,0.04916138579157107,Tnfrsf4
Ctrl_Spleen,spleen,Ctrl,C5-2,28,0.0,0.0,Tnfrsf4
Ctrl_Spleen,spleen,Ctrl,C6,16,0.0,0.0,Tnfrsf4
Ctrl_Spleen,spleen,Ctrl,C7,3,0.0,0.0,Tnfrsf4
T2_Thymus,thymus,T2,C0,20,0.0,0.0,Tnfrsf4
T2_Thymus,thymus,T2,C1,1,0.0,0.0,Tnfrsf4
T2_Thymus,thymus,T2,C2,50,0.0,0.0,Tnfrsf4
T2_Thymus,thymus,T2,C3,7,0.0,0.0,Tnfrsf4
T2_Thymus,thymus,T2,C4,2,0.0,0.0,Tnfrsf4
T2_Thymus,thymus,T2,C5-1,10,0.1,0.08003147840499877,Tnfrsf4
T2_Thymus,thymus,T2,C5-2,36,0.027777777777777776,0.03322173489464654,Tnfrsf4
T2_Thymus,thymus,T2,C6,1087,0.012879484820607176,0.014221235821854663,Tnfrsf4
T2_Thymus,thymus,T2,C7,44,0.0,0.0,Tnfrsf4
T2_BM,bone_marrow,T2,C0,2090,0.011004784688995215,0.012917769154863494,Tnfrsf4
T2_BM,bone_marrow,T2,C1,32,0.0,0.0,Tnfrsf4
T2_BM,bone_marrow,T2,C2,67,0.04477611940298507,0.1053685465855385,Tnfrsf4
T2_BM,bone_marrow,T2,C3,115,0.043478260869565216,0.059191379339798636,Tnfrsf4
T2_BM,bone_marrow,T2,C4,223,0.013452914798206279,0.012312877873134185,Tnfrsf4
T2_BM,bone_marrow,T2,C5-1,85,0.2,0.3480794394717497,Tnfrsf4
T2_BM,bone_marrow,T2,C5-2,96,0.010416666666666666,0.009826788678765297,Tnfrsf4
T2_BM,bone_marrow,T2,C6,23,0.043478260869565216,0.0426266452540522,Tnfrsf4
T2_Spleen,spleen,T2,C0,88,0.0,0.0,Tnfrsf4
T2_Spleen,spleen,T2,C1,45,0.0,0.0,Tnfrsf4
T2_Spleen,spleen,T2,C2,74,0.0,0.0,Tnfrsf4
T2_Spleen,spleen,T2,C3,2557,0.008603832616347283,0.01053020657624031,Tnfrsf4
T2_Spleen,spleen,T2,C4,208,0.004807692307692308,0.006584169199833503,Tnfrsf4
T2_Spleen,spleen,T2,C5-1,345,0.02608695652173913,0.031620742790940876,Tnfrsf4
T2_Spleen,spleen,T2,C5-2,42,0.0,0.0,Tnfrsf4
T2_Spleen,spleen,T2,C6,12,0.08333333333333333,0.09351872404416402,Tnfrsf4
Ctrl_Thymus,thymus,Ctrl,C1,2,0.0,0.0,Tnfrsf9
Ctrl_Thymus,thymus,Ctrl,C2,64,0.0,0.0,Tnfrsf9
Ctrl_Thymus,thymus,Ctrl,C4,14,0.0,0.0,Tnfrsf9
Ctrl_Thymus,thymus,Ctrl,C5-1,9,0.0,0.0,Tnfrsf9
Ctrl_Thymus,thymus,Ctrl,C5-2,11,0.0,0.0,Tnfrsf9
Ctrl_Thymus,thymus,Ctrl,C6,1227,0.03830480847595762,0.042289623032766524,Tnfrsf9
Ctrl_Thymus,thymus,Ctrl,C7,45,0.0,0.0,Tnfrsf9
Ctrl_BM,bone_marrow,Ctrl,C0,2533,0.05566521910777734,0.06667819526230352,Tnfrsf9
Ctrl_BM,bone_marrow,Ctrl,C1,46,0.10869565217391304,0.12595504392748294,Tnfrsf9
Ctrl_BM,bone_marrow,Ctrl,C2,78,0.02564102564102564,0.05506608272210146,Tnfrsf9
Ctrl_BM,bone_marrow,Ctrl,C3,236,0.1483050847457627,0.19308368634369413,Tnfrsf9
Ctrl_BM,bone_marrow,Ctrl,C4,244,0.06557377049180328,0.073651736388441,Tnfrsf9
Ctrl_BM,bone_marrow,Ctrl,C5-1,124,0.04032258064516129,0.060241290638523716,Tnfrsf9
Ctrl_BM,bone_marrow,Ctrl,C5-2,104,0.038461538461538464,0.03988794294687418,Tnfrsf9
Ctrl_BM,bone_marrow,Ctrl,C6,14,0.07142857142857142,0.07234710454940796,Tnfrsf9
Ctrl_Spleen,spleen,Ctrl,C0,97,0.09278350515463918,0.122118704712268,Tnfrsf9
Ctrl_Spleen,spleen,Ctrl,C1,36,0.05555555555555555,0.09039078818427192,Tnfrsf9
Ctrl_Spleen,spleen,Ctrl,C2,45,0.044444444444444446,0.08268856737348769,Tnfrsf9
Ctrl_Spleen,spleen,Ctrl,C3,2762,0.12128892107168718,0.15756143216289187,Tnfrsf9
Ctrl_Spleen,spleen,Ctrl,C4,196,0.03571428571428571,0.03988290623742707,Tnfrsf9
Ctrl_Spleen,spleen,Ctrl,C5-1,239,0.04602510460251046,0.06134517073132503,Tnfrsf9
Ctrl_Spleen,spleen,Ctrl,C5-2,28,0.03571428571428571,0.03289814506258283,Tnfrsf9
Ctrl_Spleen,spleen,Ctrl,C6,16,0.0625,0.07218532264232635,Tnfrsf9
Ctrl_Spleen,spleen,Ctrl,C7,3,0.0,0.0,Tnfrsf9
T2_Thymus,thymus,T2,C0,20,0.1,0.13006494641304017,Tnfrsf9
T2_Thymus,thymus,T2,C1,1,0.0,0.0,Tnfrsf9
T2_Thymus,thymus,T2,C2,50,0.0,0.0,Tnfrsf9
T2_Thymus,thymus,T2,C3,7,0.42857142857142855,0.5929677316120693,Tnfrsf9
T2_Thymus,thymus,T2,C4,2,0.0,0.0,Tnfrsf9
T2_Thymus,thymus,T2,C5-1,10,0.0,0.0,Tnfrsf9
T2_Thymus,thymus,T2,C5-2,36,0.0,0.0,Tnfrsf9
T2_Thymus,thymus,T2,C6,1087,0.03403863845446182,0.03862880245742166,Tnfrsf9
T2_Thymus,thymus,T2,C7,44,0.0,0.0,Tnfrsf9
T2_BM,bone_marrow,T2,C0,2090,0.056937799043062204,0.06770482978752355,Tnfrsf9
T2_BM,bone_marrow,T2,C1,32,0.15625,0.18835391104221344,Tnfrsf9
T2_BM,bone_marrow,T2,C2,67,0.04477611940298507,0.08800475099193517,Tnfrsf9
T2_BM,bone_marrow,T2,C3,115,0.25217391304347825,0.37116150856018065,Tnfrsf9
T2_BM,bone_marrow,T2,C4,223,0.08968609865470852,0.10411070574559439,Tnfrsf9
T2_BM,bone_marrow,T2,C5-1,85,0.16470588235294117,0.22459448295481066,Tnfrsf9
T2_BM,bone_marrow,T2,C5-2,96,0.010416666666666666,0.012834197531143824,Tnfrsf9
T2_BM,bone_marrow,T2,C6,23,0.043478260869565216,0.041305720806121826,Tnfrsf9
T2_Spleen,spleen,T2,C0,88,0.13636363636363635,0.15227259560064835,Tnfrsf9
T2_Spleen,spleen,T2,C1,45,0.1111111111111111,0.13716429074605305,Tnfrsf9
T2_Spleen,spleen,T2,C2,74,0.02702702702702703,0.08021275417224781,Tnfrsf9
T2_Spleen,spleen,T2,C3,2557,0.1302307391474384,0.16683685693323122,Tnfrsf9
T2_Spleen,spleen,T2,C4,208,0.038461538461538464,0.04761310466206991,Tnfrsf9
T2_Spleen,spleen,T2,C5-1,345,0.057971014492753624,0.06017591365869494,Tnfrsf9
T2_Spleen,spleen,T2,C5-2,42,0.0,0.0,Tnfrsf9
T2_Spleen,spleen,T2,C6,12,0.16666666666666666,0.15194143851598105,Tnfrsf9
Ctrl_Thymus,thymus,Ctrl,C1,2,0.5,0.5367616415023804,Tnfsf10
Ctrl_Thymus,thymus,Ctrl,C2,64,0.046875,0.11685746535658836,Tnfsf10
Ctrl_Thymus,thymus,Ctrl,C4,14,0.35714285714285715,0.4267844728061131,Tnfsf10
Ctrl_Thymus,thymus,Ctrl,C5-1,9,0.1111111111111111,0.09468075964185926,Tnfsf10
Ctrl_Thymus,thymus,Ctrl,C5-2,11,0.0,0.0,Tnfsf10
Ctrl_Thymus,thymus,Ctrl,C6,1227,0.2591687041564792,0.29752131006828436,Tnfsf10
Ctrl_Thymus,thymus,Ctrl,C7,45,0.0,0.0,Tnfsf10
Ctrl_BM,bone_marrow,Ctrl,C0,2533,0.2499013028030004,0.31301932642217967,Tnfsf10
Ctrl_BM,bone_marrow,Ctrl,C1,46,0.41304347826086957,0.5384318413941757,Tnfsf10
Ctrl_BM,bone_marrow,Ctrl,C2,78,0.07692307692307693,0.19491691161424685,Tnfsf10
Ctrl_BM,bone_marrow,Ctrl,C3,236,0.2288135593220339,0.2959607147564322,Tnfsf10
Ctrl_BM,bone_marrow,Ctrl,C4,244,0.18442622950819673,0.22137269304424037,Tnfsf10
Ctrl_BM,bone_marrow,Ctrl,C5-1,124,0.06451612903225806,0.08072960520944288,Tnfsf10
Ctrl_BM,bone_marrow,Ctrl,C5-2,104,0.038461538461538464,0.039872089257607095,Tnfsf10
Ctrl_BM,bone_marrow,Ctrl,C6,14,0.0,0.0,Tnfsf10
Ctrl_Spleen,spleen,Ctrl,C0,97,0.1958762886597938,0.24721177951576784,Tnfsf10
Ctrl_Spleen,spleen,Ctrl,C1,36,0.4444444444444444,0.6174333575699065,Tnfsf10
Ctrl_Spleen,spleen,Ctrl,C2,45,0.022222222222222223,0.0632298363579644,Tnfsf10
Ctrl_Spleen,spleen,Ctrl,C3,2762,0.22375090514120202,0.29901655129467897,Tnfsf10
Ctrl_Spleen,spleen,Ctrl,C4,196,0.15306122448979592,0.1780961171096685,Tnfsf10
Ctrl_Spleen,spleen,Ctrl,C5-1,239,0.0502092050209205,0.051508473551921764,Tnfsf10
Ctrl_Spleen,spleen,Ctrl,C5-2,28,0.07142857142857142,0.08505733949797493,Tnfsf10
Ctrl_Spleen,spleen,Ctrl,C6,16,0.1875,0.1983468309044838,Tnfsf10
Ctrl_Spleen,spleen,Ctrl,C7,3,0.0,0.0,Tnfsf10
T2_Thymus,thymus,T2,C0,20,0.1,0.12135912179946899,Tnfsf10
T2_Thymus,thymus,T2,C1,1,1.0,3.013625383377075,Tnfsf10
T2_Thymus,thymus,T2,C2,50,0.16,0.303548743724823,Tnfsf10
T2_Thymus,thymus,T2,C3,7,0.14285714285714285,0.15918888364519393,Tnfsf10
T2_Thymus,thymus,T2,C4,2,0.0,0.0,Tnfsf10
T2_Thymus,thymus,T2,C5-1,10,0.1,0.10483294725418091,Tnfsf10
T2_Thymus,thymus,T2,C5-2,36,0.027777777777777776,0.027443561289045546,Tnfsf10
T2_Thymus,thymus,T2,C6,1087,0.23183072677092917,0.265038834324427,Tnfsf10
T2_Thymus,thymus,T2,C7,44,0.022727272727272728,0.033152084458958016,Tnfsf10
T2_BM,bone_marrow,T2,C0,2090,0.2430622009569378,0.30063076047806075,Tnfsf10
T2_BM,bone_marrow,T2,C1,32,0.5,0.6653945539146662,Tnfsf10
T2_BM,bone_marrow,T2,C2,67,0.05970149253731343,0.15577446880625256,Tnfsf10
T2_BM,bone_marrow,T2,C3,115,0.16521739130434782,0.20743610651596733,Tnfsf10
T2_BM,bone_marrow,T2,C4,223,0.2242152466367713,0.2610649854078421,Tnfsf10
T2_BM,bone_marrow,T2,C5-1,85,0.11764705882352941,0.1139571603606729,Tnfsf10
T2_BM,bone_marrow,T2,C5-2,96,0.13541666666666666,0.15059550292789936,Tnfsf10
T2_BM,bone_marrow,T2,C6,23,0.17391304347826086,0.1970911336981732,Tnfsf10
T2_Spleen,spleen,T2,C0,88,0.18181818181818182,0.22086512906984848,Tnfsf10
T2_Spleen,spleen,T2,C1,45,0.35555555555555557,0.5071087916692097,Tnfsf10
T2_Spleen,spleen,T2,C2,74,0.05405405405405406,0.12723562363031748,Tnfsf10
T2_Spleen,spleen,T2,C3,2557,0.20179898318341807,0.26093040647383636,Tnfsf10
T2_Spleen,spleen,T2,C4,208,0.14423076923076922,0.17403626126738694,Tnfsf10
T2_Spleen,spleen,T2,C5-1,345,0.0782608695652174,0.07725456797558328,Tnfsf10
T2_Spleen,spleen,T2,C5-2,42,0.047619047619047616,0.04499788511367071,Tnfsf10
T2_Spleen,spleen,T2,C6,12,0.3333333333333333,0.3471651424964269,Tnfsf10
Ctrl_Thymus,thymus,Ctrl,C1,2,0.0,0.0,Tnfsf11
Ctrl_Thymus,thymus,Ctrl,C2,64,0.015625,0.03775434568524361,Tnfsf11
Ctrl_Thymus,thymus,Ctrl,C4,14,0.0,0.0,Tnfsf11
Ctrl_Thymus,thymus,Ctrl,C5-1,9,0.0,0.0,Tnfsf11
Ctrl_Thymus,thymus,Ctrl,C5-2,11,0.0,0.0,Tnfsf11
Ctrl_Thymus,thymus,Ctrl,C6,1227,0.012224938875305624,0.014078883398035822,Tnfsf11
Ctrl_Thymus,thymus,Ctrl,C7,45,0.0,0.0,Tnfsf11
Ctrl_BM,bone_marrow,Ctrl,C0,2533,0.06356099486774576,0.07563239837229323,Tnfsf11
Ctrl_BM,bone_marrow,Ctrl,C1,46,0.0,0.0,Tnfsf11
Ctrl_BM,bone_marrow,Ctrl,C2,78,0.01282051282051282,0.037205955921075284,Tnfsf11
Ctrl_BM,bone_marrow,Ctrl,C3,236,0.0847457627118644,0.09816002365896258,Tnfsf11
Ctrl_BM,bone_marrow,Ctrl,C4,244,0.0,0.0,Tnfsf11
Ctrl_BM,bone_marrow,Ctrl,C5-1,124,0.056451612903225805,0.07401361148203572,Tnfsf11
Ctrl_BM,bone_marrow,Ctrl,C5-2,104,0.11538461538461539,0.11571565900857632,Tnfsf11
Ctrl_BM,bone_marrow,Ctrl,C6,14,0.0,0.0,Tnfsf11
Ctrl_Spleen,spleen,Ctrl,C0,97,0.020618556701030927,0.020450761023255968,Tnfsf11
Ctrl_Spleen,spleen,Ctrl,C1,36,0.027777777777777776,0.03334291776021322,Tnfsf11
Ctrl_Spleen,spleen,Ctrl,C2,45,0.0,0.0,Tnfsf11
Ctrl_Spleen,spleen,Ctrl,C3,2762,0.055756698044895005,0.07102248922885974,Tnfsf11
Ctrl_Spleen,spleen,Ctrl,C4,196,0.00510204081632653,0.00562839970296743,Tnfsf11
Ctrl_Spleen,spleen,Ctrl,C5-1,239,0.04184100418410042,0.052524522009255,Tnfsf11
Ctrl_Spleen,spleen,Ctrl,C5-2,28,0.10714285714285714,0.13223364523478917,Tnfsf11
Ctrl_Spleen,spleen,Ctrl,C6,16,0.0,0.0,Tnfsf11
Ctrl_Spleen,spleen,Ctrl,C7,3,0.0,0.0,Tnfsf11
T2_Thymus,thymus,T2,C0,20,0.1,0.14311344027519227,Tnfsf11
T2_Thymus,thymus,T2,C1,1,0.0,0.0,Tnfsf11
T2_Thymus,thymus,T2,C2,50,0.0,0.0,Tnfsf11
T2_Thymus,thymus,T2,C3,7,0.14285714285714285,0.19333182062421525,Tnfsf11
T2_Thymus,thymus,T2,C4,2,0.0,0.0,Tnfsf11
T2_Thymus,thymus,T2,C5-1,10,0.0,0.0,Tnfsf11
T2_Thymus,thymus,T2,C5-2,36,0.08333333333333333,0.08677941726313697,Tnfsf11
T2_Thymus,thymus,T2,C6,1087,0.00919963201471941,0.009234444033474471,Tnfsf11
T2_Thymus,thymus,T2,C7,44,0.0,0.0,Tnfsf11
T2_BM,bone_marrow,T2,C0,2090,0.05598086124401914,0.06732440833269694,Tnfsf11
T2_BM,bone_marrow,T2,C1,32,0.03125,0.0368838906288147,Tnfsf11
T2_BM,bone_marrow,T2,C2,67,0.029850746268656716,0.0721380603847219,Tnfsf11
T2_BM,bone_marrow,T2,C3,115,0.1391304347826087,0.1736543033433997,Tnfsf11
T2_BM,bone_marrow,T2,C4,223,0.008968609865470852,0.008809124140461463,Tnfsf11
T2_BM,bone_marrow,T2,C5-1,85,0.07058823529411765,0.07346532625310562,Tnfsf11
T2_BM,bone_marrow,T2,C5-2,96,0.17708333333333334,0.18850279537340006,Tnfsf11
T2_BM,bone_marrow,T2,C6,23,0.0,0.0,Tnfsf11
T2_Spleen,spleen,T2,C0,88,0.011363636363636364,0.012245408513329246,Tnfsf11
T2_Spleen,spleen,T2,C1,45,0.022222222222222223,0.026804833941989476,Tnfsf11
T2_Spleen,spleen,T2,C2,74,0.0,0.0,Tnfsf11
T2_Spleen,spleen,T2,C3,2557,0.053578412201798986,0.06592478673347142,Tnfsf11
T2_Spleen,spleen,T2,C4,208,0.009615384615384616,0.008806445850775791,Tnfsf11
T2_Spleen,spleen,T2,C5-1,345,0.04927536231884058,0.05019681609195212,Tnfsf11
T2_Spleen,spleen,T2,C5-2,42,0.14285714285714285,0.13931224317777724,Tnfsf11
T2_Spleen,spleen,T2,C6,12,0.08333333333333333,0.11015243331591289,Tnfsf11
Ctrl_Thymus,thymus,Ctrl,C1,2,0.0,0.0,Tnfsf8
Ctrl_Thymus,thymus,Ctrl,C2,64,0.046875,0.12808627635240555,Tnfsf8
Ctrl_Thymus,thymus,Ctrl,C4,14,0.14285714285714285,0.16622423274176462,Tnfsf8
Ctrl_Thymus,thymus,Ctrl,C5-1,9,0.0,0.0,Tnfsf8
Ctrl_Thymus,thymus,Ctrl,C5-2,11,0.0,0.0,Tnfsf8
Ctrl_Thymus,thymus,Ctrl,C6,1227,0.1132844335778321,0.1261545736418571,Tnfsf8
Ctrl_Thymus,thymus,Ctrl,C7,45,0.0,0.0,Tnfsf8
Ctrl_BM,bone_marrow,Ctrl,C0,2533,0.05250690880378997,0.0654211665065779,Tnfsf8
Ctrl_BM,bone_marrow,Ctrl,C1,46,0.13043478260869565,0.1453747995521711,Tnfsf8
Ctrl_BM,bone_marrow,Ctrl,C2,78,0.038461538461538464,0.09035944938659668,Tnfsf8
Ctrl_BM,bone_marrow,Ctrl,C3,236,0.07203389830508475,0.10478210196656695,Tnfsf8
Ctrl_BM,bone_marrow,Ctrl,C4,244,0.2336065573770492,0.2902121607397423,Tnfsf8
Ctrl_BM,bone_marrow,Ctrl,C5-1,124,0.14516129032258066,0.19380172798710485,Tnfsf8
Ctrl_BM,bone_marrow,Ctrl,C5-2,104,0.0673076923076923,0.06915810990792054,Tnfsf8
Ctrl_BM,bone_marrow,Ctrl,C6,14,0.21428571428571427,0.2899830085890634,Tnfsf8
Ctrl_Spleen,spleen,Ctrl,C0,97,0.09278350515463918,0.12128766787420843,Tnfsf8
Ctrl_Spleen,spleen,Ctrl,C1,36,0.0,0.0,Tnfsf8
Ctrl_Spleen,spleen,Ctrl,C2,45,0.0,0.0,Tnfsf8
Ctrl_Spleen,spleen,Ctrl,C3,2762,0.025343953656770456,0.03200690960815038,Tnfsf8
Ctrl_Spleen,spleen,Ctrl,C4,196,0.1989795918367347,0.254796169850291,Tnfsf8
Ctrl_Spleen,spleen,Ctrl,C5-1,239,0.04602510460251046,0.05476735675684079,Tnfsf8
Ctrl_Spleen,spleen,Ctrl,C5-2,28,0.03571428571428571,0.03177970860685621,Tnfsf8
Ctrl_Spleen,spleen,Ctrl,C6,16,0.0625,0.058746036142110825,Tnfsf8
Ctrl_Spleen,spleen,Ctrl,C7,3,0.0,0.0,Tnfsf8
T2_Thymus,thymus,T2,C0,20,0.0,0.0,Tnfsf8
T2_Thymus,thymus,T2,C1,1,0.0,0.0,Tnfsf8
T2_Thymus,thymus,T2,C2,50,0.02,0.049821414947509766,Tnfsf8
T2_Thymus,thymus,T2,C3,7,0.0,0.0,Tnfsf8
T2_Thymus,thymus,T2,C4,2,1.0,1.4472914934158325,Tnfsf8
T2_Thymus,thymus,T2,C5-1,10,0.1,0.10483294725418091,Tnfsf8
T2_Thymus,thymus,T2,C5-2,36,0.027777777777777776,0.027443561289045546,Tnfsf8
T2_Thymus,thymus,T2,C6,1087,0.08187672493100276,0.09035915487275391,Tnfsf8
T2_Thymus,thymus,T2,C7,44,0.0,0.0,Tnfsf8
T2_BM,bone_marrow,T2,C0,2090,0.03397129186602871,0.04353142437752354,Tnfsf8
T2_BM,bone_marrow,T2,C1,32,0.125,0.1283097043633461,Tnfsf8
T2_BM,bone_marrow,T2,C2,67,0.0,0.0,Tnfsf8
T2_BM,bone_marrow,T2,C3,115,0.08695652173913043,0.1439222294351329,Tnfsf8
T2_BM,bone_marrow,T2,C4,223,0.17040358744394618,0.1919969499378461,Tnfsf8
T2_BM,bone_marrow,T2,C5-1,85,0.08235294117647059,0.10923605105456184,Tnfsf8
T2_BM,bone_marrow,T2,C5-2,96,0.0,0.0,Tnfsf8
T2_BM,bone_marrow,T2,C6,23,0.08695652173913043,0.12478984957155974,Tnfsf8
T2_Spleen,spleen,T2,C0,88,0.056818181818181816,0.06368015977469357,Tnfsf8
T2_Spleen,spleen,T2,C1,45,0.06666666666666667,0.06953787936104669,Tnfsf8
T2_Spleen,spleen,T2,C2,74,0.0,0.0,Tnfsf8
T2_Spleen,spleen,T2,C3,2557,0.03167774736018772,0.04123782319019304,Tnfsf8
T2_Spleen,spleen,T2,C4,208,0.1346153846153846,0.1542755262209819,Tnfsf8
T2_Spleen,spleen,T2,C5-1,345,0.0463768115942029,0.049795241114022074,Tnfsf8
T2_Spleen,spleen,T2,C5-2,42,0.0,0.0,Tnfsf8
T2_Spleen,spleen,T2,C6,12,0.16666666666666666,0.22069300214449564,Tnfsf8
Ctrl_Thymus,thymus,Ctrl,C1,2,0.0,0.0,Top2a
Ctrl_Thymus,thymus,Ctrl,C2,64,0.015625,0.06602071970701218,Top2a
Ctrl_Thymus,thymus,Ctrl,C4,14,0.14285714285714285,0.2167852520942688,Top2a
Ctrl_Thymus,thymus,Ctrl,C5-1,9,0.0,0.0,Top2a
Ctrl_Thymus,thymus,Ctrl,C5-2,11,0.09090909090909091,0.07263329896059903,Top2a
Ctrl_Thymus,thymus,Ctrl,C6,1227,0.020374898125509373,0.022877661795177008,Top2a
Ctrl_Thymus,thymus,Ctrl,C7,45,0.06666666666666667,0.12061069011688233,Top2a
Ctrl_BM,bone_marrow,Ctrl,C0,2533,0.024476904855902093,0.02964607317646266,Top2a
Ctrl_BM,bone_marrow,Ctrl,C1,46,0.021739130434782608,0.023318192233210026,Top2a
Ctrl_BM,bone_marrow,Ctrl,C2,78,0.02564102564102564,0.06480978696774213,Top2a
Ctrl_BM,bone_marrow,Ctrl,C3,236,0.0423728813559322,0.052184245091373635,Top2a
Ctrl_BM,bone_marrow,Ctrl,C4,244,0.012295081967213115,0.01187385374405345,Top2a
Ctrl_BM,bone_marrow,Ctrl,C5-1,124,0.04032258064516129,0.04903373218351795,Top2a
Ctrl_BM,bone_marrow,Ctrl,C5-2,104,0.038461538461538464,0.03951606326378309,Top2a
Ctrl_BM,bone_marrow,Ctrl,C6,14,0.07142857142857142,0.07145781176430839,Top2a
Ctrl_Spleen,spleen,Ctrl,C0,97,0.020618556701030927,0.02609787773840206,Top2a
Ctrl_Spleen,spleen,Ctrl,C1,36,0.0,0.0,Top2a
Ctrl_Spleen,spleen,Ctrl,C2,45,0.022222222222222223,0.07016088167826334,Top2a
Ctrl_Spleen,spleen,Ctrl,C3,2762,0.017016654598117305,0.02072296934141619,Top2a
Ctrl_Spleen,spleen,Ctrl,C4,196,0.00510204081632653,0.005470701018158271,Top2a
Ctrl_Spleen,spleen,Ctrl,C5-1,239,0.03347280334728033,0.03298485453657525,Top2a
Ctrl_Spleen,spleen,Ctrl,C5-2,28,0.03571428571428571,0.03289814506258283,Top2a
Ctrl_Spleen,spleen,Ctrl,C6,16,0.0,0.0,Top2a
Ctrl_Spleen,spleen,Ctrl,C7,3,0.0,0.0,Top2a
T2_Thymus,thymus,T2,C0,20,0.0,0.0,Top2a
T2_Thymus,thymus,T2,C1,1,0.0,0.0,Top2a
T2_Thymus,thymus,T2,C2,50,0.02,0.07346908092498779,Top2a
T2_Thymus,thymus,T2,C3,7,0.0,0.0,Top2a
T2_Thymus,thymus,T2,C4,2,0.0,0.0,Top2a
T2_Thymus,thymus,T2,C5-1,10,0.2,0.17058706283569336,Top2a
T2_Thymus,thymus,T2,C5-2,36,0.05555555555555555,0.05782127214802636,Top2a
T2_Thymus,thymus,T2,C6,1087,0.020239190432382703,0.02358038637105105,Top2a
T2_Thymus,thymus,T2,C7,44,0.045454545454545456,0.08432813124223189,Top2a
T2_BM,bone_marrow,T2,C0,2090,0.02057416267942584,0.024338201615228608,Top2a
T2_BM,bone_marrow,T2,C1,32,0.03125,0.050165336579084396,Top2a
T2_BM,bone_marrow,T2,C2,67,0.0,0.0,Top2a
T2_BM,bone_marrow,T2,C3,115,0.017391304347826087,0.02133505396220995,Top2a
T2_BM,bone_marrow,T2,C4,223,0.008968609865470852,0.009795342058344272,Top2a
T2_BM,bone_marrow,T2,C5-1,85,0.03529411764705882,0.031191774676827825,Top2a
T2_BM,bone_marrow,T2,C5-2,96,0.03125,0.02969548851251602,Top2a
T2_BM,bone_marrow,T2,C6,23,0.08695652173913043,0.1329805384511533,Top2a
T2_Spleen,spleen,T2,C0,88,0.045454545454545456,0.059902372685345734,Top2a
T2_Spleen,spleen,T2,C1,45,0.044444444444444446,0.05296918021308051,Top2a
T2_Spleen,spleen,T2,C2,74,0.04054054054054054,0.07117496632240913,Top2a
T2_Spleen,spleen,T2,C3,2557,0.01564333202972233,0.018924200912448733,Top2a
T2_Spleen,spleen,T2,C4,208,0.019230769230769232,0.021780244432962857,Top2a
T2_Spleen,spleen,T2,C5-1,345,0.03188405797101449,0.033137439644855,Top2a
T2_Spleen,spleen,T2,C5-2,42,0.047619047619047616,0.052309609594799224,Top2a
T2_Spleen,spleen,T2,C6,12,0.0,0.0,Top2a
Ctrl_Thymus,thymus,Ctrl,C1,2,0.5,0.7896273136138916,Xcl1
Ctrl_Thymus,thymus,Ctrl,C2,64,0.1875,0.4990364797413349,Xcl1
Ctrl_Thymus,thymus,Ctrl,C4,14,0.5,0.8128319893564496,Xcl1
Ctrl_Thymus,thymus,Ctrl,C5-1,9,0.2222222222222222,0.33023953437805176,Xcl1
Ctrl_Thymus,thymus,Ctrl,C5-2,11,0.18181818181818182,0.15918589722026477,Xcl1
Ctrl_Thymus,thymus,Ctrl,C6,1227,0.7375713121434393,1.2415236729670076,Xcl1
Ctrl_Thymus,thymus,Ctrl,C7,45,0.044444444444444446,0.08192886511484782,Xcl1
Ctrl_BM,bone_marrow,Ctrl,C0,2533,0.7485195420450059,1.3171127508197713,Xcl1
Ctrl_BM,bone_marrow,Ctrl,C1,46,0.8043478260869565,1.4261478185653687,Xcl1
Ctrl_BM,bone_marrow,Ctrl,C2,78,0.32051282051282054,0.798343111307193,Xcl1
Ctrl_BM,bone_marrow,Ctrl,C3,236,0.6779661016949152,1.3157580666622872,Xcl1
Ctrl_BM,bone_marrow,Ctrl,C4,244,0.5860655737704918,0.9337889488603248,Xcl1
Ctrl_BM,bone_marrow,Ctrl,C5-1,124,0.12096774193548387,0.13883826088520787,Xcl1
Ctrl_BM,bone_marrow,Ctrl,C5-2,104,0.10576923076923077,0.1286266789986537,Xcl1
Ctrl_BM,bone_marrow,Ctrl,C6,14,0.9285714285714286,1.4806413054466248,Xcl1
Ctrl_Spleen,spleen,Ctrl,C0,97,0.6185567010309279,0.9961371157587189,Xcl1
Ctrl_Spleen,spleen,Ctrl,C1,36,0.7777777777777778,1.544980029265086,Xcl1
Ctrl_Spleen,spleen,Ctrl,C2,45,0.37777777777777777,0.8807234075334337,Xcl1
Ctrl_Spleen,spleen,Ctrl,C3,2762,0.7320782041998551,1.2957793412909484,Xcl1
Ctrl_Spleen,spleen,Ctrl,C4,196,0.42857142857142855,0.6217144216809954,Xcl1
Ctrl_Spleen,spleen,Ctrl,C5-1,239,0.1297071129707113,0.13775220924840312,Xcl1
Ctrl_Spleen,spleen,Ctrl,C5-2,28,0.10714285714285714,0.1320395725114005,Xcl1
Ctrl_Spleen,spleen,Ctrl,C6,16,0.75,1.2522916086018085,Xcl1
Ctrl_Spleen,spleen,Ctrl,C7,3,0.0,0.0,Xcl1
T2_Thymus,thymus,T2,C0,20,0.7,1.3779516577720643,Xcl1
T2_Thymus,thymus,T2,C1,1,1.0,2.3684234619140625,Xcl1
T2_Thymus,thymus,T2,C2,50,0.3,0.6769229054450989,Xcl1
T2_Thymus,thymus,T2,C3,7,0.8571428571428571,1.9501913615635462,Xcl1
T2_Thymus,thymus,T2,C4,2,0.5,0.8965052366256714,Xcl1
T2_Thymus,thymus,T2,C5-1,10,0.1,0.09442347288131714,Xcl1
T2_Thymus,thymus,T2,C5-2,36,0.0,0.0,Xcl1
T2_Thymus,thymus,T2,C6,1087,0.7368905243790248,1.2163952169005983,Xcl1
T2_Thymus,thymus,T2,C7,44,0.045454545454545456,0.07128492539579218,Xcl1
T2_BM,bone_marrow,T2,C0,2090,0.7712918660287081,1.3875360084492625,Xcl1
T2_BM,bone_marrow,T2,C1,32,0.8125,1.8224319741129875,Xcl1
T2_BM,bone_marrow,T2,C2,67,0.373134328358209,0.9121806692721238,Xcl1
T2_BM,bone_marrow,T2,C3,115,0.7652173913043478,1.7456613887911256,Xcl1
T2_BM,bone_marrow,T2,C4,223,0.6367713004484304,1.0505041145957639,Xcl1
T2_BM,bone_marrow,T2,C5-1,85,0.21176470588235294,0.2742167227408465,Xcl1
T2_BM,bone_marrow,T2,C5-2,96,0.03125,0.03023683714369933,Xcl1
T2_BM,bone_marrow,T2,C6,23,0.7391304347826086,1.3214528249657673,Xcl1
T2_Spleen,spleen,T2,C0,88,0.6363636363636364,1.1452390598979862,Xcl1
T2_Spleen,spleen,T2,C1,45,0.8,1.557705075210995,Xcl1
T2_Spleen,spleen,T2,C2,74,0.3783783783783784,0.8343674057238811,Xcl1
T2_Spleen,spleen,T2,C3,2557,0.7766914352757137,1.4607710486797323,Xcl1
T2_Spleen,spleen,T2,C4,208,0.4951923076923077,0.7195599268262203,Xcl1
T2_Spleen,spleen,T2,C5-1,345,0.0463768115942029,0.05225058154783387,Xcl1
T2_Spleen,spleen,T2,C5-2,42,0.11904761904761904,0.1437686880429586,Xcl1
T2_Spleen,spleen,T2,C6,12,0.8333333333333334,1.4130269636710484,Xcl1
Ctrl_Thymus,thymus,Ctrl,C1,2,0.0,0.0,Zbtb16
Ctrl_Thymus,thymus,Ctrl,C2,64,0.0625,0.14883957244455814,Zbtb16
Ctrl_Thymus,thymus,Ctrl,C4,14,0.07142857142857142,0.14657883984701975,Zbtb16
Ctrl_Thymus,thymus,Ctrl,C5-1,9,0.5555555555555556,0.9601523876190186,Zbtb16
Ctrl_Thymus,thymus,Ctrl,C5-2,11,0.2727272727272727,0.2858462062748996,Zbtb16
Ctrl_Thymus,thymus,Ctrl,C6,1227,0.16381418092909536,0.19120653897839635,Zbtb16
Ctrl_Thymus,thymus,Ctrl,C7,45,0.0,0.0,Zbtb16
Ctrl_BM,bone_marrow,Ctrl,C0,2533,0.2250296091590999,0.2846950001976399,Zbtb16
Ctrl_BM,bone_marrow,Ctrl,C1,46,0.08695652173913043,0.10600348400033038,Zbtb16
Ctrl_BM,bone_marrow,Ctrl,C2,78,0.07692307692307693,0.18772423573029348,Zbtb16
Ctrl_BM,bone_marrow,Ctrl,C3,236,0.2796610169491525,0.3579622105521671,Zbtb16
Ctrl_BM,bone_marrow,Ctrl,C4,244,0.0860655737704918,0.09676985271641465,Zbtb16
Ctrl_BM,bone_marrow,Ctrl,C5-1,124,0.31451612903225806,0.4089037011707983,Zbtb16
Ctrl_BM,bone_marrow,Ctrl,C5-2,104,0.4807692307692308,0.6098698990849348,Zbtb16
Ctrl_BM,bone_marrow,Ctrl,C6,14,0.21428571428571427,0.21873853036335536,Zbtb16
Ctrl_Spleen,spleen,Ctrl,C0,97,0.21649484536082475,0.30001493520343425,Zbtb16
Ctrl_Spleen,spleen,Ctrl,C1,36,0.25,0.3041711317168342,Zbtb16
Ctrl_Spleen,spleen,Ctrl,C2,45,0.06666666666666667,0.12638428741031224,Zbtb16
Ctrl_Spleen,spleen,Ctrl,C3,2762,0.24800868935553946,0.3301342435715252,Zbtb16
Ctrl_Spleen,spleen,Ctrl,C4,196,0.12244897959183673,0.1430028223869752,Zbtb16
Ctrl_Spleen,spleen,Ctrl,C5-1,239,0.497907949790795,0.6401314548368733,Zbtb16
Ctrl_Spleen,spleen,Ctrl,C5-2,28,0.5,0.6218177846499852,Zbtb16
Ctrl_Spleen,spleen,Ctrl,C6,16,0.125,0.20668961107730865,Zbtb16
Ctrl_Spleen,spleen,Ctrl,C7,3,0.0,0.0,Zbtb16
T2_Thymus,thymus,T2,C0,20,0.2,0.25564350485801696,Zbtb16
T2_Thymus,thymus,T2,C1,1,0.0,0.0,Zbtb16
T2_Thymus,thymus,T2,C2,50,0.06,0.157588472366333,Zbtb16
T2_Thymus,thymus,T2,C3,7,0.42857142857142855,0.7831502641950335,Zbtb16
T2_Thymus,thymus,T2,C4,2,0.0,0.0,Zbtb16
T2_Thymus,thymus,T2,C5-1,10,0.8,1.0136981189250946,Zbtb16
T2_Thymus,thymus,T2,C5-2,36,0.4444444444444444,0.5610530459218555,Zbtb16
T2_Thymus,thymus,T2,C6,1087,0.16651333946642136,0.192593097302929,Zbtb16
T2_Thymus,thymus,T2,C7,44,0.0,0.0,Zbtb16
T2_BM,bone_marrow,T2,C0,2090,0.21578947368421053,0.26885504257736026,Zbtb16
T2_BM,bone_marrow,T2,C1,32,0.21875,0.26226136088371277,Zbtb16
T2_BM,bone_marrow,T2,C2,67,0.029850746268656716,0.07491769007782438,Zbtb16
T2_BM,bone_marrow,T2,C3,115,0.25217391304347825,0.3301037638083748,Zbtb16
T2_BM,bone_marrow,T2,C4,223,0.09417040358744394,0.10606491138047701,Zbtb16
T2_BM,bone_marrow,T2,C5-1,85,0.4235294117647059,0.5555610656738281,Zbtb16
T2_BM,bone_marrow,T2,C5-2,96,0.3958333333333333,0.4734464231878519,Zbtb16
T2_BM,bone_marrow,T2,C6,23,0.08695652173913043,0.08452949057454648,Zbtb16
T2_Spleen,spleen,T2,C0,88,0.23863636363636365,0.2905689024112441,Zbtb16
T2_Spleen,spleen,T2,C1,45,0.2222222222222222,0.2412747303644816,Zbtb16
T2_Spleen,spleen,T2,C2,74,0.06756756756756757,0.1562178779292751,Zbtb16
T2_Spleen,spleen,T2,C3,2557,0.26476339460305043,0.3464694374652873,Zbtb16
T2_Spleen,spleen,T2,C4,208,0.1346153846153846,0.16363817023543212,Zbtb16
T2_Spleen,spleen,T2,C5-1,345,0.5565217391304348,0.6926864957463914,Zbtb16
T2_Spleen,spleen,T2,C5-2,42,0.5,0.5508262500876472,Zbtb16
T2_Spleen,spleen,T2,C6,12,0.08333333333333333,0.0688283344109853,Zbtb16
Ctrl_Thymus,thymus,Ctrl,C1,2,0.0,0.0,Zeb2
Ctrl_Thymus,thymus,Ctrl,C2,64,0.0,0.0,Zeb2
Ctrl_Thymus,thymus,Ctrl,C4,14,0.0,0.0,Zeb2
Ctrl_Thymus,thymus,Ctrl,C5-1,9,0.0,0.0,Zeb2
Ctrl_Thymus,thymus,Ctrl,C5-2,11,0.0,0.0,Zeb2
Ctrl_Thymus,thymus,Ctrl,C6,1227,0.02444987775061125,0.02891262202313399,Zeb2
Ctrl_Thymus,thymus,Ctrl,C7,45,0.0,0.0,Zeb2
Ctrl_BM,bone_marrow,Ctrl,C0,2533,0.0027635215159889457,0.003882013005415912,Zeb2
Ctrl_BM,bone_marrow,Ctrl,C1,46,0.0,0.0,Zeb2
Ctrl_BM,bone_marrow,Ctrl,C2,78,0.0,0.0,Zeb2
Ctrl_BM,bone_marrow,Ctrl,C3,236,0.00847457627118644,0.008105703329635878,Zeb2
Ctrl_BM,bone_marrow,Ctrl,C4,244,0.040983606557377046,0.06633386406742159,Zeb2
Ctrl_BM,bone_marrow,Ctrl,C5-1,124,0.016129032258064516,0.023200371573048252,Zeb2
Ctrl_BM,bone_marrow,Ctrl,C5-2,104,0.0,0.0,Zeb2
Ctrl_BM,bone_marrow,Ctrl,C6,14,0.0,0.0,Zeb2
Ctrl_Spleen,spleen,Ctrl,C0,97,0.010309278350515464,0.01436011201327609,Zeb2
Ctrl_Spleen,spleen,Ctrl,C1,36,0.0,0.0,Zeb2
Ctrl_Spleen,spleen,Ctrl,C2,45,0.0,0.0,Zeb2
Ctrl_Spleen,spleen,Ctrl,C3,2762,0.0032585083272990588,0.0039137743850448355,Zeb2
Ctrl_Spleen,spleen,Ctrl,C4,196,0.04591836734693878,0.10630800164475733,Zeb2
Ctrl_Spleen,spleen,Ctrl,C5-1,239,0.0,0.0,Zeb2
Ctrl_Spleen,spleen,Ctrl,C5-2,28,0.0,0.0,Zeb2
Ctrl_Spleen,spleen,Ctrl,C6,16,0.0,0.0,Zeb2
Ctrl_Spleen,spleen,Ctrl,C7,3,0.0,0.0,Zeb2
T2_Thymus,thymus,T2,C0,20,0.0,0.0,Zeb2
T2_Thymus,thymus,T2,C1,1,0.0,0.0,Zeb2
T2_Thymus,thymus,T2,C2,50,0.02,0.054485049247741696,Zeb2
T2_Thymus,thymus,T2,C3,7,0.0,0.0,Zeb2
T2_Thymus,thymus,T2,C4,2,0.0,0.0,Zeb2
T2_Thymus,thymus,T2,C5-1,10,0.0,0.0,Zeb2
T2_Thymus,thymus,T2,C5-2,36,0.027777777777777776,0.028599109914567735,Zeb2
T2_Thymus,thymus,T2,C6,1087,0.03311867525298988,0.035706720444294106,Zeb2
T2_Thymus,thymus,T2,C7,44,0.045454545454545456,0.061532692475752396,Zeb2
T2_BM,bone_marrow,T2,C0,2090,0.005741626794258373,0.007246784844466944,Zeb2
T2_BM,bone_marrow,T2,C1,32,0.0,0.0,Zeb2
T2_BM,bone_marrow,T2,C2,67,0.0,0.0,Zeb2
T2_BM,bone_marrow,T2,C3,115,0.0,0.0,Zeb2
T2_BM,bone_marrow,T2,C4,223,0.03139013452914798,0.03184924906144762,Zeb2
T2_BM,bone_marrow,T2,C5-1,85,0.023529411764705882,0.036051342066596534,Zeb2
T2_BM,bone_marrow,T2,C5-2,96,0.0,0.0,Zeb2
T2_BM,bone_marrow,T2,C6,23,0.0,0.0,Zeb2
T2_Spleen,spleen,T2,C0,88,0.0,0.0,Zeb2
T2_Spleen,spleen,T2,C1,45,0.0,0.0,Zeb2
T2_Spleen,spleen,T2,C2,74,0.0,0.0,Zeb2
T2_Spleen,spleen,T2,C3,2557,0.005084082909659757,0.006468008004644675,Zeb2
T2_Spleen,spleen,T2,C4,208,0.019230769230769232,0.02937933229483091,Zeb2
T2_Spleen,spleen,T2,C5-1,345,0.0,0.0,Zeb2
T2_Spleen,spleen,T2,C5-2,42,0.0,0.0,Zeb2
T2_Spleen,spleen,T2,C6,12,0.0,0.0,Zeb2
