go_id,term,M,K,n,k,gene_ratio,enrichment_ratio,genes,pvalue,q_family,unit_id,tissue,cluster,analysis,definition,direction,namespace,q_analysis_global
GO:0007005,mitochondrion organization,9145,312,269,22,0.0817843866171003,2.397173767991612,Afg3l1;Coa7;Cox10;Cox17;Cox20;Jun;Letm2;Lyrm2;Mtln;Ndufa13;Ndufaf8;Ndufs5;Ndufs6;Nipsnap2;Pet100;Romo1;Sdhaf1;Slirp;Smim4;Uqcc2;mt-Nd1;mt-Nd2,0.0001269170060765,0.0172184071577197,tissue__bone_marrow,bone_marrow,ALL,condition,tissue,T2_up,BP,0.0573341070092908
GO:0022904,respiratory electron transport chain,9145,78,269,15,0.0557620817843866,6.537746639977123,Cox5b;Cox7a2;Cox7b;Cox7c;Cox8a;Ndufa5;Ndufa7;Ndufs6;Ndufv3;Uqcr10;Uqcr11;Uqcrq;mt-Nd1;mt-Nd2;mt-Nd3,6.001703424547239e-09,1.5633237080260648e-06,tissue__bone_marrow,bone_marrow,ALL,condition,tissue,T2_up,BP,5.901985866161208e-06
GO:0015980,energy derivation by oxidation of organic compounds,9145,242,269,33,0.1226765799256505,4.635856708347415,Atp5e;Atp5j;Atp5j2;Coq10b;Cox10;Cox5b;Cox6b1;Cox6c;Cox7a2;Cox7b;Cox7c;Cox8a;Mtln;Ndufa1;Ndufa13;Ndufa2;Ndufa3;Ndufa5;Ndufa7;Ndufb1-ps;Ndufb2;Ndufb4;Ndufc1;Ndufs5;Ndufs6;Ndufv3;Nr4a3;Uqcr10;Uqcr11;Uqcrq;mt-Nd1;mt-Nd2;mt-Nd3,1.0048118529578611e-13,9.347621123516556e-11,tissue__bone_marrow,bone_marrow,ALL,condition,tissue,T2_up,BP,2.0128309841534457e-10
GO:0022900,electron transport chain,9145,85,269,15,0.0557620817843866,5.9993439755084195,Cox5b;Cox7a2;Cox7b;Cox7c;Cox8a;Ndufa5;Ndufa7;Ndufs6;Ndufv3;Uqcr10;Uqcr11;Uqcrq;mt-Nd1;mt-Nd2;mt-Nd3,2.0541479659333658e-08,5.144850597753106e-06,tissue__bone_marrow,bone_marrow,ALL,condition,tissue,T2_up,BP,1.877282986230605e-05
GO:0019646,aerobic electron transport chain,9145,53,269,13,0.0483271375464684,8.338710808725537,Cox5b;Cox7a2;Cox7b;Cox7c;Cox8a;Ndufa7;Ndufs6;Uqcr10;Uqcr11;Uqcrq;mt-Nd1;mt-Nd2;mt-Nd3,2.7186394999402518e-09,7.626843436305937e-07,tissue__bone_marrow,bone_marrow,ALL,condition,tissue,T2_up,BP,2.8080714118237027e-06
GO:0045333,cellular respiration,9145,199,269,33,0.1226765799256505,5.637574489548112,Atp5e;Atp5j;Atp5j2;Coq10b;Cox10;Cox5b;Cox6b1;Cox6c;Cox7a2;Cox7b;Cox7c;Cox8a;Mtln;Ndufa1;Ndufa13;Ndufa2;Ndufa3;Ndufa5;Ndufa7;Ndufb1-ps;Ndufb2;Ndufb4;Ndufc1;Ndufs5;Ndufs6;Ndufv3;Nr4a3;Uqcr10;Uqcr11;Uqcrq;mt-Nd1;mt-Nd2;mt-Nd3,2.840977399069274e-16,9.250222411369555e-13,tissue__bone_marrow,bone_marrow,ALL,condition,tissue,T2_up,BP,8.165380780780031e-13
GO:0009060,aerobic respiration,9145,173,269,30,0.1115241635687732,5.895309108881105,Atp5e;Atp5j;Atp5j2;Cox10;Cox5b;Cox6b1;Cox6c;Cox7a2;Cox7b;Cox7c;Cox8a;Ndufa1;Ndufa13;Ndufa2;Ndufa3;Ndufa5;Ndufa7;Ndufb1-ps;Ndufb2;Ndufb4;Ndufc1;Ndufs5;Ndufs6;Ndufv3;Uqcr10;Uqcr11;Uqcrq;mt-Nd1;mt-Nd2;mt-Nd3,1.999545935126854e-15,3.255260782386518e-12,tissue__bone_marrow,bone_marrow,ALL,condition,tissue,T2_up,BP,5.1276976509131516e-12
GO:0042775,mitochondrial ATP synthesis coupled electron transport,9145,58,269,14,0.0520446096654275,8.205999230867837,Cox5b;Cox7a2;Cox7b;Cox7c;Cox8a;Ndufa7;Ndufs6;Ndufv3;Uqcr10;Uqcr11;Uqcrq;mt-Nd1;mt-Nd2;mt-Nd3,8.252348241599392e-10,3.060171469347779e-07,tissue__bone_marrow,bone_marrow,ALL,condition,tissue,T2_up,BP,9.14286421162584e-07
GO:0006091,generation of precursor metabolites and energy,9145,271,269,33,0.1226765799256505,4.139768721107285,Atp5e;Atp5j;Atp5j2;Coq10b;Cox10;Cox5b;Cox6b1;Cox6c;Cox7a2;Cox7b;Cox7c;Cox8a;Mtln;Ndufa1;Ndufa13;Ndufa2;Ndufa3;Ndufa5;Ndufa7;Ndufb1-ps;Ndufb2;Ndufb4;Ndufc1;Ndufs5;Ndufs6;Ndufv3;Nr4a3;Uqcr10;Uqcr11;Uqcrq;mt-Nd1;mt-Nd2;mt-Nd3,2.5619450288831456e-12,1.3902821690072536e-09,tissue__bone_marrow,bone_marrow,ALL,condition,tissue,T2_up,BP,4.0863916113779356e-09
GO:0006119,oxidative phosphorylation,9145,102,269,29,0.1078066914498141,9.66560973831912,Atp5e;Atp5j;Atp5j2;Cox5b;Cox6b1;Cox6c;Cox7a2;Cox7b;Cox7c;Cox8a;Ndufa1;Ndufa13;Ndufa2;Ndufa3;Ndufa5;Ndufa7;Ndufb1-ps;Ndufb2;Ndufb4;Ndufc1;Ndufs5;Ndufs6;Ndufv3;Uqcr10;Uqcr11;Uqcrq;mt-Nd1;mt-Nd2;mt-Nd3,3.1215123480665846e-21,2.0327288410609596e-17,tissue__bone_marrow,bone_marrow,ALL,condition,tissue,T2_up,BP,1.934518258809915e-17
GO:0042773,ATP synthesis coupled electron transport,9145,60,269,14,0.0520446096654275,7.932465923172242,Cox5b;Cox7a2;Cox7b;Cox7c;Cox8a;Ndufa7;Ndufs6;Ndufv3;Uqcr10;Uqcr11;Uqcrq;mt-Nd1;mt-Nd2;mt-Nd3,1.3387437914287564e-09,4.358949784892032e-07,tissue__bone_marrow,bone_marrow,ALL,condition,tissue,T2_up,BP,1.440294649589432e-06
GO:0010257,NADH dehydrogenase complex assembly,9145,39,269,7,0.0260223048327137,6.101896863978649,Lyrm2;Ndufa13;Ndufaf8;Ndufs5;Ndufs6;mt-Nd1;mt-Nd2,0.0001209263534177,0.016754732201202,tissue__bone_marrow,bone_marrow,ALL,condition,tissue,T2_up,BP,0.0551301855273512
GO:0032981,mitochondrial respiratory chain complex I assembly,9145,39,269,7,0.0260223048327137,6.101896863978649,Lyrm2;Ndufa13;Ndufaf8;Ndufs5;Ndufs6;mt-Nd1;mt-Nd2,0.0001209263534177,0.016754732201202,tissue__bone_marrow,bone_marrow,ALL,condition,tissue,T2_up,BP,0.0551301855273512
GO:0033108,mitochondrial respiratory chain complex assembly,9145,97,269,15,0.0557620817843866,5.257157091940368,Coa7;Cox17;Cox20;Lyrm2;Mtln;Ndufa13;Ndufaf8;Ndufs5;Ndufs6;Pet100;Sdhaf1;Smim4;Uqcc2;mt-Nd1;mt-Nd2,1.2876215034881085e-07,2.794997076904854e-05,tissue__bone_marrow,bone_marrow,ALL,condition,tissue,T2_up,BP,0.0001074428945662
GO:0046034,ATP metabolic process,9145,136,269,22,0.0817843866171003,5.4993986442160505,Atp5e;Atp5j;Atp5j2;Atp5l;Hspa1a;Hspa1b;Ndufa1;Ndufa13;Ndufa2;Ndufa3;Ndufa5;Ndufa7;Ndufb1-ps;Ndufb2;Ndufb4;Ndufc1;Ndufs5;Ndufs6;Ndufv3;mt-Nd1;mt-Nd2;mt-Nd3,5.5026958097698365e-11,2.7564273164016292e-08,tissue__bone_marrow,bone_marrow,ALL,condition,tissue,T2_up,BP,7.22697100801533e-08
GO:0009117,nucleotide metabolic process,9145,294,269,25,0.0929368029739776,2.8908403510102927,Atp5e;Atp5j;Atp5j2;Atp5l;Dtymk;Hspa1a;Hspa1b;Ndufa1;Ndufa13;Ndufa2;Ndufa3;Ndufa5;Ndufa7;Ndufb1-ps;Ndufb2;Ndufb4;Ndufc1;Ndufs5;Ndufs6;Ndufv3;Nmnat2;Pde4a;mt-Nd1;mt-Nd2;mt-Nd3,1.6676124178674365e-06,0.0003193968254456,tissue__bone_marrow,bone_marrow,ALL,condition,tissue,T2_up,BP,0.0011741333405744
GO:0009165,nucleotide biosynthetic process,9145,162,269,22,0.0817843866171003,4.616779108724586,Atp5e;Atp5j;Atp5j2;Atp5l;Dtymk;Ndufa1;Ndufa13;Ndufa2;Ndufa3;Ndufa5;Ndufa7;Ndufb1-ps;Ndufb2;Ndufb4;Ndufc1;Ndufs5;Ndufs6;Ndufv3;Nmnat2;mt-Nd1;mt-Nd2;mt-Nd3,1.7591410550294131e-09,5.455012643024541e-07,tissue__bone_marrow,bone_marrow,ALL,condition,tissue,T2_up,BP,1.8589652795872808e-06
GO:1901137,carbohydrate derivative biosynthetic process,9145,408,269,30,0.1115241635687732,2.4997266564618412,Atp5e;Atp5j;Atp5j2;Atp5l;Dpm3;Dse;Dtymk;Galnt11;Ndufa1;Ndufa13;Ndufa2;Ndufa3;Ndufa5;Ndufa7;Ndufb1-ps;Ndufb2;Ndufb4;Ndufc1;Ndufs5;Ndufs6;Ndufv3;Ost4;Phlda1;Pxylp1;Rxylt1;Stt3a;Tmem258;mt-Nd1;mt-Nd2;mt-Nd3,3.1052286137167854e-06,0.0005777499637863,tissue__bone_marrow,bone_marrow,ALL,condition,tissue,T2_up,BP,0.0021065559330371
GO:0046390,ribose phosphate biosynthetic process,9145,130,269,20,0.0743494423791821,5.230197311981699,Atp5e;Atp5j;Atp5j2;Atp5l;Ndufa1;Ndufa13;Ndufa2;Ndufa3;Ndufa5;Ndufa7;Ndufb1-ps;Ndufb2;Ndufb4;Ndufc1;Ndufs5;Ndufs6;Ndufv3;mt-Nd1;mt-Nd2;mt-Nd3,1.069146090841538e-09,3.664357549242156e-07,tissue__bone_marrow,bone_marrow,ALL,condition,tissue,T2_up,BP,1.1586271920837732e-06
GO:0006753,nucleoside phosphate metabolic process,9145,403,269,27,0.1003717472118959,2.277666571346869,Atp5e;Atp5j;Atp5j2;Atp5l;Dbt;Dtymk;Hddc2;Hspa1a;Hspa1b;Ndufa1;Ndufa13;Ndufa2;Ndufa3;Ndufa5;Ndufa7;Ndufb1-ps;Ndufb2;Ndufb4;Ndufc1;Ndufs5;Ndufs6;Ndufv3;Nmnat2;Pde4a;mt-Nd1;mt-Nd2;mt-Nd3,5.218675470139706e-05,0.0080914320622737,tissue__bone_marrow,bone_marrow,ALL,condition,tissue,T2_up,BP,0.0269283654259208
GO:0009260,ribonucleotide biosynthetic process,9145,124,269,20,0.0743494423791821,5.4832713754646845,Atp5e;Atp5j;Atp5j2;Atp5l;Ndufa1;Ndufa13;Ndufa2;Ndufa3;Ndufa5;Ndufa7;Ndufb1-ps;Ndufb2;Ndufb4;Ndufc1;Ndufs5;Ndufs6;Ndufv3;mt-Nd1;mt-Nd2;mt-Nd3,4.4999157215385003e-10,1.8314656986661697e-07,tissue__bone_marrow,bone_marrow,ALL,condition,tissue,T2_up,BP,5.155161637022453e-07
GO:0009144,purine nucleoside triphosphate metabolic process,9145,164,269,22,0.0817843866171003,4.560476924471847,Atp5e;Atp5j;Atp5j2;Atp5l;Hspa1a;Hspa1b;Ndufa1;Ndufa13;Ndufa2;Ndufa3;Ndufa5;Ndufa7;Ndufb1-ps;Ndufb2;Ndufb4;Ndufc1;Ndufs5;Ndufs6;Ndufv3;mt-Nd1;mt-Nd2;mt-Nd3,2.227856447920774e-09,6.594455085845491e-07,tissue__bone_marrow,bone_marrow,ALL,condition,tissue,T2_up,BP,2.329452966568662e-06
GO:0009259,ribonucleotide metabolic process,9145,217,269,23,0.0855018587360594,3.6032926181625062,Atp5e;Atp5j;Atp5j2;Atp5l;Hspa1a;Hspa1b;Ndufa1;Ndufa13;Ndufa2;Ndufa3;Ndufa5;Ndufa7;Ndufb1-ps;Ndufb2;Ndufb4;Ndufc1;Ndufs5;Ndufs6;Ndufv3;Pde4a;mt-Nd1;mt-Nd2;mt-Nd3,8.970529390492885e-08,2.014347841065161e-05,tissue__bone_marrow,bone_marrow,ALL,condition,tissue,T2_up,BP,7.624283599735658e-05
GO:0042776,proton motive force-driven mitochondrial ATP synthesis,9145,63,269,19,0.070631970260223,10.25284711158317,Atp5e;Atp5j;Atp5j2;Ndufa1;Ndufa13;Ndufa2;Ndufa3;Ndufa5;Ndufa7;Ndufb1-ps;Ndufb2;Ndufb4;Ndufc1;Ndufs5;Ndufs6;Ndufv3;mt-Nd1;mt-Nd2;mt-Nd3,8.157776877214931e-15,1.0624688604884726e-11,tissue__bone_marrow,bone_marrow,ALL,condition,tissue,T2_up,BP,1.8958800927911207e-11
GO:0006164,purine nucleotide biosynthetic process,9145,135,269,21,0.0780669144981412,5.288310615448162,Atp5e;Atp5j;Atp5j2;Atp5l;Ndufa1;Ndufa13;Ndufa2;Ndufa3;Ndufa5;Ndufa7;Ndufb1-ps;Ndufb2;Ndufb4;Ndufc1;Ndufs5;Ndufs6;Ndufv3;Nmnat2;mt-Nd1;mt-Nd2;mt-Nd3,3.259562225656169e-10,1.4150846142315318e-07,tissue__bone_marrow,bone_marrow,ALL,condition,tissue,T2_up,BP,3.802490249077817e-07
GO:0009152,purine ribonucleotide biosynthetic process,9145,112,269,20,0.0743494423791821,6.070764737121614,Atp5e;Atp5j;Atp5j2;Atp5l;Ndufa1;Ndufa13;Ndufa2;Ndufa3;Ndufa5;Ndufa7;Ndufb1-ps;Ndufb2;Ndufb4;Ndufc1;Ndufs5;Ndufs6;Ndufv3;mt-Nd1;mt-Nd2;mt-Nd3,6.707203959853e-11,3.11980801332591e-08,tissue__bone_marrow,bone_marrow,ALL,condition,tissue,T2_up,BP,8.674864307623093e-08
GO:0009141,nucleoside triphosphate metabolic process,9145,166,269,22,0.0817843866171003,4.5055314193577285,Atp5e;Atp5j;Atp5j2;Atp5l;Hspa1a;Hspa1b;Ndufa1;Ndufa13;Ndufa2;Ndufa3;Ndufa5;Ndufa7;Ndufb1-ps;Ndufb2;Ndufb4;Ndufc1;Ndufs5;Ndufs6;Ndufv3;mt-Nd1;mt-Nd2;mt-Nd3,2.8108759593265123e-09,7.626843436305937e-07,tissue__bone_marrow,bone_marrow,ALL,condition,tissue,T2_up,BP,2.89329590008545e-06
GO:0072521,purine-containing compound metabolic process,9145,355,269,25,0.0929368029739776,2.3941044033719043,Atp5e;Atp5j;Atp5j2;Atp5l;Dbt;Hspa1a;Hspa1b;Ndufa1;Ndufa13;Ndufa2;Ndufa3;Ndufa5;Ndufa7;Ndufb1-ps;Ndufb2;Ndufb4;Ndufc1;Ndufs5;Ndufs6;Ndufv3;Nmnat2;Pde4a;mt-Nd1;mt-Nd2;mt-Nd3,4.4510668442582616e-05,0.0070695968999536,tissue__bone_marrow,bone_marrow,ALL,condition,tissue,T2_up,BP,0.0234931866438607
GO:0009205,purine ribonucleoside triphosphate metabolic process,9145,156,269,22,0.0817843866171003,4.794347535983224,Atp5e;Atp5j;Atp5j2;Atp5l;Hspa1a;Hspa1b;Ndufa1;Ndufa13;Ndufa2;Ndufa3;Ndufa5;Ndufa7;Ndufb1-ps;Ndufb2;Ndufb4;Ndufc1;Ndufs5;Ndufs6;Ndufv3;mt-Nd1;mt-Nd2;mt-Nd3,8.45870492141585e-10,3.060171469347779e-07,tissue__bone_marrow,bone_marrow,ALL,condition,tissue,T2_up,BP,9.319425139975034e-07
GO:0019693,ribose phosphate metabolic process,9145,224,269,23,0.0855018587360594,3.490689723844928,Atp5e;Atp5j;Atp5j2;Atp5l;Hspa1a;Hspa1b;Ndufa1;Ndufa13;Ndufa2;Ndufa3;Ndufa5;Ndufa7;Ndufb1-ps;Ndufb2;Ndufb4;Ndufc1;Ndufs5;Ndufs6;Ndufv3;Pde4a;mt-Nd1;mt-Nd2;mt-Nd3,1.609141365908394e-07,3.3802350241275685e-05,tissue__bone_marrow,bone_marrow,ALL,condition,tissue,T2_up,BP,0.0001324143066894
GO:0009206,purine ribonucleoside triphosphate biosynthetic process,9145,86,269,20,0.0743494423791821,7.906112215786288,Atp5e;Atp5j;Atp5j2;Atp5l;Ndufa1;Ndufa13;Ndufa2;Ndufa3;Ndufa5;Ndufa7;Ndufb1-ps;Ndufb2;Ndufb4;Ndufc1;Ndufs5;Ndufs6;Ndufv3;mt-Nd1;mt-Nd2;mt-Nd3,3.736720255682686e-13,3.0416902881257067e-10,tissue__bone_marrow,bone_marrow,ALL,condition,tissue,T2_up,BP,6.861587168758958e-10
GO:0072522,purine-containing compound biosynthetic process,9145,179,269,21,0.0780669144981412,3.9883906876285016,Atp5e;Atp5j;Atp5j2;Atp5l;Ndufa1;Ndufa13;Ndufa2;Ndufa3;Ndufa5;Ndufa7;Ndufb1-ps;Ndufb2;Ndufb4;Ndufc1;Ndufs5;Ndufs6;Ndufv3;Nmnat2;mt-Nd1;mt-Nd2;mt-Nd3,5.800888089878118e-08,1.3491208300459396e-05,tissue__bone_marrow,bone_marrow,ALL,condition,tissue,T2_up,BP,5.038287251528185e-05
GO:0006754,ATP biosynthetic process,9145,77,269,20,0.0743494423791821,8.830203253995077,Atp5e;Atp5j;Atp5j2;Atp5l;Ndufa1;Ndufa13;Ndufa2;Ndufa3;Ndufa5;Ndufa7;Ndufb1-ps;Ndufb2;Ndufb4;Ndufc1;Ndufs5;Ndufs6;Ndufv3;mt-Nd1;mt-Nd2;mt-Nd3,3.8142252814818014e-14,4.1397058388349144e-11,tissue__bone_marrow,bone_marrow,ALL,condition,tissue,T2_up,BP,8.018606723558425e-11
GO:0009201,ribonucleoside triphosphate biosynthetic process,9145,94,269,20,0.0743494423791821,7.233251601676817,Atp5e;Atp5j;Atp5j2;Atp5l;Ndufa1;Ndufa13;Ndufa2;Ndufa3;Ndufa5;Ndufa7;Ndufb1-ps;Ndufb2;Ndufb4;Ndufc1;Ndufs5;Ndufs6;Ndufv3;mt-Nd1;mt-Nd2;mt-Nd3,2.2343733115424247e-12,1.3227490004331154e-09,tissue__bone_marrow,bone_marrow,ALL,condition,tissue,T2_up,BP,3.622168754647255e-09
GO:0055086,nucleobase-containing small molecule metabolic process,9145,428,269,27,0.1003717472118959,2.144625299656047,Atp5e;Atp5j;Atp5j2;Atp5l;Dbt;Dtymk;Hddc2;Hspa1a;Hspa1b;Ndufa1;Ndufa13;Ndufa2;Ndufa3;Ndufa5;Ndufa7;Ndufb1-ps;Ndufb2;Ndufb4;Ndufc1;Ndufs5;Ndufs6;Ndufv3;Nmnat2;Pde4a;mt-Nd1;mt-Nd2;mt-Nd3,0.0001441830815081,0.0191616372812529,tissue__bone_marrow,bone_marrow,ALL,condition,tissue,T2_up,BP,0.0638877538617498
GO:0009142,nucleoside triphosphate biosynthetic process,9145,94,269,20,0.0743494423791821,7.233251601676817,Atp5e;Atp5j;Atp5j2;Atp5l;Ndufa1;Ndufa13;Ndufa2;Ndufa3;Ndufa5;Ndufa7;Ndufb1-ps;Ndufb2;Ndufb4;Ndufc1;Ndufs5;Ndufs6;Ndufv3;mt-Nd1;mt-Nd2;mt-Nd3,2.2343733115424247e-12,1.3227490004331154e-09,tissue__bone_marrow,bone_marrow,ALL,condition,tissue,T2_up,BP,3.622168754647255e-09
GO:0009145,purine nucleoside triphosphate biosynthetic process,9145,87,269,20,0.0743494423791821,7.815237362731273,Atp5e;Atp5j;Atp5j2;Atp5l;Ndufa1;Ndufa13;Ndufa2;Ndufa3;Ndufa5;Ndufa7;Ndufb1-ps;Ndufb2;Ndufb4;Ndufc1;Ndufs5;Ndufs6;Ndufv3;mt-Nd1;mt-Nd2;mt-Nd3,4.725738828289796e-13,3.419334583313684e-10,tissue__bone_marrow,bone_marrow,ALL,condition,tissue,T2_up,BP,8.519905649737447e-10
GO:0006163,purine nucleotide metabolic process,9145,257,269,24,0.0892193308550185,3.1747501193351946,Atp5e;Atp5j;Atp5j2;Atp5l;Hspa1a;Hspa1b;Ndufa1;Ndufa13;Ndufa2;Ndufa3;Ndufa5;Ndufa7;Ndufb1-ps;Ndufb2;Ndufb4;Ndufc1;Ndufs5;Ndufs6;Ndufv3;Nmnat2;Pde4a;mt-Nd1;mt-Nd2;mt-Nd3,5.050662177768281e-07,0.0001027809753175,tissue__bone_marrow,bone_marrow,ALL,condition,tissue,T2_up,BP,0.0003842559285599
GO:1901293,nucleoside phosphate biosynthetic process,9145,229,269,22,0.0817843866171003,3.2660184087920654,Atp5e;Atp5j;Atp5j2;Atp5l;Dtymk;Ndufa1;Ndufa13;Ndufa2;Ndufa3;Ndufa5;Ndufa7;Ndufb1-ps;Ndufb2;Ndufb4;Ndufc1;Ndufs5;Ndufs6;Ndufv3;Nmnat2;mt-Nd1;mt-Nd2;mt-Nd3,9.5359032397004e-07,0.0001881751572634,tissue__bone_marrow,bone_marrow,ALL,condition,tissue,T2_up,BP,0.00069697377895
GO:0009150,purine ribonucleotide metabolic process,9145,202,269,23,0.0855018587360594,3.870863852184475,Atp5e;Atp5j;Atp5j2;Atp5l;Hspa1a;Hspa1b;Ndufa1;Ndufa13;Ndufa2;Ndufa3;Ndufa5;Ndufa7;Ndufb1-ps;Ndufb2;Ndufb4;Ndufc1;Ndufs5;Ndufs6;Ndufv3;Pde4a;mt-Nd1;mt-Nd2;mt-Nd3,2.338281649139672e-08,5.63958892562872e-06,tissue__bone_marrow,bone_marrow,ALL,condition,tissue,T2_up,BP,2.120664619805411e-05
GO:0015986,proton motive force-driven ATP synthesis,9145,67,269,20,0.0743494423791821,10.148144038173443,Atp5e;Atp5j;Atp5j2;Atp5l;Ndufa1;Ndufa13;Ndufa2;Ndufa3;Ndufa5;Ndufa7;Ndufb1-ps;Ndufb2;Ndufb4;Ndufc1;Ndufs5;Ndufs6;Ndufv3;mt-Nd1;mt-Nd2;mt-Nd3,1.9548393129810483e-15,3.255260782386518e-12,tissue__bone_marrow,bone_marrow,ALL,condition,tissue,T2_up,BP,5.0347521193915524e-12
GO:0140236,translation at presynapse,9145,47,269,9,0.0334572490706319,6.509926441509135,Rpl35;Rpl35a;Rpl36;Rpl36a;Rpl37;Rpl37a;Rps15a;Rps26;Rps27,7.37422065480775e-06,0.0013339145806696,tissue__bone_marrow,bone_marrow,ALL,condition,tissue,T2_up,BP,0.0046772684756253
GO:0140241,translation at synapse,9145,48,269,9,0.0334572490706319,6.374302973977695,Rpl35;Rpl35a;Rpl36;Rpl36a;Rpl37;Rpl37a;Rps15a;Rps26;Rps27,8.845171575143627e-06,0.0014769168537778,tissue__bone_marrow,bone_marrow,ALL,condition,tissue,T2_up,BP,0.0054874005613019
GO:0140242,translation at postsynapse,9145,48,269,9,0.0334572490706319,6.374302973977695,Rpl35;Rpl35a;Rpl36;Rpl36a;Rpl37;Rpl37a;Rps15a;Rps26;Rps27,8.845171575143627e-06,0.0014769168537778,tissue__bone_marrow,bone_marrow,ALL,condition,tissue,T2_up,BP,0.0054874005613019
GO:1901740,negative regulation of myoblast fusion,9145,47,269,8,0.0297397769516728,5.786601281341453,Rpl35;Rpl35a;Rpl36;Rpl36a;Rpl37;Rpl37a;Rpl39;Rpl41,5.864897725716706e-05,0.0088819102302016,tissue__bone_marrow,bone_marrow,ALL,condition,tissue,T2_up,BP,0.0297007884162908
GO:1901739,regulation of myoblast fusion,9145,58,269,9,0.0334572490706319,5.27528521984361,Flt3l;Rpl35;Rpl35a;Rpl36;Rpl36a;Rpl37;Rpl37a;Rpl39;Rpl41,4.3423183070800504e-05,0.0070692942039263,tissue__bone_marrow,bone_marrow,ALL,condition,tissue,T2_up,BP,0.0229640319303169
GO:0060142,regulation of syncytium formation by plasma membrane fusion,9145,63,269,9,0.0334572490706319,4.856611789697292,Flt3l;Rpl35;Rpl35a;Rpl36;Rpl36a;Rpl37;Rpl37a;Rpl39;Rpl41,8.488030973548588e-05,0.0122831239332774,tissue__bone_marrow,bone_marrow,ALL,condition,tissue,T2_up,BP,0.0410563987939088
GO:0034242,negative regulation of syncytium formation by plasma membrane fusion,9145,48,269,8,0.0297397769516728,5.666047087980173,Rpl35;Rpl35a;Rpl36;Rpl36a;Rpl37;Rpl37a;Rpl39;Rpl41,6.86097383935717e-05,0.0101542412822486,tissue__bone_marrow,bone_marrow,ALL,condition,tissue,T2_up,BP,0.0341012753866154
GO:0017004,cytochrome complex assembly,9145,42,269,7,0.0260223048327137,5.666047087980174,Coa7;Cox10;Cox17;Cox20;Pet100;Smim4;Uqcc2,0.0001967124593206,0.0256198307019186,tissue__bone_marrow,bone_marrow,ALL,condition,tissue,T2_up,BP,0.082885045501338
GO:0008535,respiratory chain complex IV assembly,9145,31,269,6,0.0223048327137546,6.579925650557621,Coa7;Cox10;Cox17;Cox20;Pet100;Smim4,0.0002427182755958,0.0303957963592313,tissue__bone_marrow,bone_marrow,ALL,condition,tissue,T2_up,BP,0.0982345255980862
GO:0006123,"mitochondrial electron transport, cytochrome c to oxygen",9145,11,269,5,0.0185873605947955,15.45285569449138,Cox5b;Cox7a2;Cox7b;Cox7c;Cox8a,8.47881650771867e-06,0.0014769168537778,tissue__bone_marrow,bone_marrow,ALL,condition,tissue,T2_up,BP,0.0052766264891571
GO:0001922,B-1 B cell homeostasis,9145,5,269,3,0.0111524163568773,20.397769516728623,Ahr;Hif1a;Tnfaip3,0.0002409010651342,0.0303957963592313,tissue__bone_marrow,bone_marrow,ALL,condition,tissue,T2_up,BP,0.0976984368776456
GO:0006936,muscle contraction,9143,111,213,10,0.0469483568075117,3.867106543162881,Ndufs6;Rpl35;Rpl35a;Rpl36;Rpl36a;Rpl37;Rpl37a;Rpl39;Rpl41;Uba52,0.0002528246901358,0.0316565684129758,cluster_tissue__C0__bone_marrow,bone_marrow,C0,condition,original,T2_up,BP,0.1015648506056475
GO:0022904,respiratory electron transport chain,9143,78,213,15,0.0704225352112676,8.254785120982303,Cox5b;Cox7a2;Cox7b;Cox7c;Cox8a;Ndufa5;Ndufa7;Ndufs6;Ndufv3;Uqcr10;Uqcr11;Uqcrq;mt-Nd1;mt-Nd2;mt-Nd3,2.3608663250997146e-10,6.148640257089699e-08,cluster_tissue__C0__bone_marrow,bone_marrow,C0,condition,original,T2_up,BP,2.8148150268244994e-07
GO:0015980,energy derivation by oxidation of organic compounds,9143,242,213,33,0.1549295774647887,5.853393085787452,Atp5e;Atp5j;Atp5j2;Coq10b;Cox10;Cox5b;Cox6b1;Cox6c;Cox7a2;Cox7b;Cox7c;Cox8a;Mtln;Ndufa1;Ndufa13;Ndufa2;Ndufa3;Ndufa5;Ndufa7;Ndufb1-ps;Ndufb2;Ndufb4;Ndufc1;Ndufs5;Ndufs6;Ndufv3;Nr4a3;Uqcr10;Uqcr11;Uqcrq;mt-Nd1;mt-Nd2;mt-Nd3,9.330647500580204e-17,1.1484259950214986e-13,cluster_tissue__C0__bone_marrow,bone_marrow,C0,condition,original,T2_up,BP,2.861469107822264e-13
GO:0022900,electron transport chain,9143,85,213,15,0.0704225352112676,7.5749792874896436,Cox5b;Cox7a2;Cox7b;Cox7c;Cox8a;Ndufa5;Ndufa7;Ndufs6;Ndufv3;Uqcr10;Uqcr11;Uqcrq;mt-Nd1;mt-Nd2;mt-Nd3,8.417360746174205e-10,2.1079013776284718e-07,cluster_tissue__C0__bone_marrow,bone_marrow,C0,condition,original,T2_up,BP,9.308349333113108e-07
GO:0019646,aerobic electron transport chain,9143,53,213,13,0.0610328638497652,10.52874479581894,Cox5b;Cox7a2;Cox7b;Cox7c;Cox8a;Ndufa7;Ndufs6;Uqcr10;Uqcr11;Uqcrq;mt-Nd1;mt-Nd2;mt-Nd3,1.5286139429988727e-10,4.1470022428606924e-08,cluster_tissue__C0__bone_marrow,bone_marrow,C0,condition,original,T2_up,BP,1.8907397259028968e-07
GO:0045333,cellular respiration,9143,199,213,33,0.1549295774647887,7.1181966168872535,Atp5e;Atp5j;Atp5j2;Coq10b;Cox10;Cox5b;Cox6b1;Cox6c;Cox7a2;Cox7b;Cox7c;Cox8a;Mtln;Ndufa1;Ndufa13;Ndufa2;Ndufa3;Ndufa5;Ndufa7;Ndufb1-ps;Ndufb2;Ndufb4;Ndufc1;Ndufs5;Ndufs6;Ndufv3;Nr4a3;Uqcr10;Uqcr11;Uqcrq;mt-Nd1;mt-Nd2;mt-Nd3,2.0238848630790081e-19,6.588757171753712e-16,cluster_tissue__C0__bone_marrow,bone_marrow,C0,condition,original,T2_up,BP,9.632850012153036e-16
GO:0006120,"mitochondrial electron transport, NADH to ubiquinone",9143,25,213,5,0.0234741784037558,8.584976525821595,Ndufa7;Ndufs6;mt-Nd1;mt-Nd2;mt-Nd3,0.0002377661609184,0.0303548132105921,cluster_tissue__C0__bone_marrow,bone_marrow,C0,condition,original,T2_up,BP,0.0966907053356977
GO:0009060,aerobic respiration,9143,173,213,30,0.1408450704225352,7.443621265163234,Atp5e;Atp5j;Atp5j2;Cox10;Cox5b;Cox6b1;Cox6c;Cox7a2;Cox7b;Cox7c;Cox8a;Ndufa1;Ndufa13;Ndufa2;Ndufa3;Ndufa5;Ndufa7;Ndufb1-ps;Ndufb2;Ndufb4;Ndufc1;Ndufs5;Ndufs6;Ndufv3;Uqcr10;Uqcr11;Uqcrq;mt-Nd1;mt-Nd2;mt-Nd3,2.7541155373450065e-18,5.9773487545511115e-15,cluster_tissue__C0__bone_marrow,bone_marrow,C0,condition,original,T2_up,BP,1.0997016984646556e-14
GO:0042775,mitochondrial ATP synthesis coupled electron transport,9143,58,213,14,0.0657276995305164,10.361178565646757,Cox5b;Cox7a2;Cox7b;Cox7c;Cox8a;Ndufa7;Ndufs6;Ndufv3;Uqcr10;Uqcr11;Uqcrq;mt-Nd1;mt-Nd2;mt-Nd3,3.716425239858101e-11,1.0998929425780042e-08,cluster_tissue__C0__bone_marrow,bone_marrow,C0,condition,original,T2_up,BP,4.979909377484453e-08
GO:0006091,generation of precursor metabolites and energy,9143,271,213,33,0.1549295774647887,5.227015227898758,Atp5e;Atp5j;Atp5j2;Coq10b;Cox10;Cox5b;Cox6b1;Cox6c;Cox7a2;Cox7b;Cox7c;Cox8a;Mtln;Ndufa1;Ndufa13;Ndufa2;Ndufa3;Ndufa5;Ndufa7;Ndufb1-ps;Ndufb2;Ndufb4;Ndufc1;Ndufs5;Ndufs6;Ndufv3;Nr4a3;Uqcr10;Uqcr11;Uqcrq;mt-Nd1;mt-Nd2;mt-Nd3,2.845480637857911e-15,2.3158655541366072e-12,cluster_tissue__C0__bone_marrow,bone_marrow,C0,condition,original,T2_up,BP,7.024535330009495e-12
GO:0006119,oxidative phosphorylation,9143,102,213,29,0.136150234741784,12.204133296511092,Atp5e;Atp5j;Atp5j2;Cox5b;Cox6b1;Cox6c;Cox7a2;Cox7b;Cox7c;Cox8a;Ndufa1;Ndufa13;Ndufa2;Ndufa3;Ndufa5;Ndufa7;Ndufb1-ps;Ndufb2;Ndufb4;Ndufc1;Ndufs5;Ndufs6;Ndufv3;Uqcr10;Uqcr11;Uqcrq;mt-Nd1;mt-Nd2;mt-Nd3,3.6530669028227316e-24,2.3785118604278802e-20,cluster_tissue__C0__bone_marrow,bone_marrow,C0,condition,original,T2_up,BP,3.683703131695895e-20
GO:0042773,ATP synthesis coupled electron transport,9143,60,213,14,0.0657276995305164,10.01580594679186,Cox5b;Cox7a2;Cox7b;Cox7c;Cox8a;Ndufa7;Ndufs6;Ndufv3;Uqcr10;Uqcr11;Uqcrq;mt-Nd1;mt-Nd2;mt-Nd3,6.09959275521628e-11,1.7267151490962263e-08,cluster_tissue__C0__bone_marrow,bone_marrow,C0,condition,original,T2_up,BP,7.940788863305066e-08
GO:0010257,NADH dehydrogenase complex assembly,9143,39,213,7,0.0328638497652582,7.704466112916817,Lyrm2;Ndufa13;Ndufaf8;Ndufs5;Ndufs6;mt-Nd1;mt-Nd2,2.7532439621720033e-05,0.0036584431505514,cluster_tissue__C0__bone_marrow,bone_marrow,C0,condition,original,T2_up,BP,0.0153806290028761
GO:0032981,mitochondrial respiratory chain complex I assembly,9143,39,213,7,0.0328638497652582,7.704466112916817,Lyrm2;Ndufa13;Ndufaf8;Ndufs5;Ndufs6;mt-Nd1;mt-Nd2,2.7532439621720033e-05,0.0036584431505514,cluster_tissue__C0__bone_marrow,bone_marrow,C0,condition,original,T2_up,BP,0.0153806290028761
GO:0033108,mitochondrial respiratory chain complex assembly,9143,97,213,13,0.0610328638497652,5.752819321426842,Cox17;Cox20;Lyrm2;Mtln;Ndufa13;Ndufaf8;Ndufs5;Ndufs6;Sdhaf1;Smim4;Uqcc2;mt-Nd1;mt-Nd2,3.431044812199448e-07,6.382723649208744e-05,cluster_tissue__C0__bone_marrow,bone_marrow,C0,condition,original,T2_up,BP,0.0002675351571334
GO:0046034,ATP metabolic process,9143,136,213,22,0.1032863849765258,6.943731013532173,Atp5e;Atp5j;Atp5j2;Atp5l;Hspa1a;Hspa1b;Ndufa1;Ndufa13;Ndufa2;Ndufa3;Ndufa5;Ndufa7;Ndufb1-ps;Ndufb2;Ndufb4;Ndufc1;Ndufs5;Ndufs6;Ndufv3;mt-Nd1;mt-Nd2;mt-Nd3,5.075136816823328e-13,2.541862754948975e-10,cluster_tissue__C0__bone_marrow,bone_marrow,C0,condition,original,T2_up,BP,9.094706321974112e-10
GO:0009117,nucleotide metabolic process,9143,294,213,24,0.1126760563380281,3.5040720513557537,Atp5e;Atp5j;Atp5j2;Atp5l;Dtymk;Hspa1a;Hspa1b;Ndufa1;Ndufa13;Ndufa2;Ndufa3;Ndufa5;Ndufa7;Ndufb1-ps;Ndufb2;Ndufb4;Ndufc1;Ndufs5;Ndufs6;Ndufv3;Nmnat3;mt-Nd1;mt-Nd2;mt-Nd3,7.829286241903596e-08,1.5447419006374034e-05,cluster_tissue__C0__bone_marrow,bone_marrow,C0,condition,original,T2_up,BP,6.692554872195489e-05
GO:0009165,nucleotide biosynthetic process,9143,162,213,22,0.1032863849765258,5.82930504839738,Atp5e;Atp5j;Atp5j2;Atp5l;Dtymk;Ndufa1;Ndufa13;Ndufa2;Ndufa3;Ndufa5;Ndufa7;Ndufb1-ps;Ndufb2;Ndufb4;Ndufc1;Ndufs5;Ndufs6;Ndufv3;Nmnat3;mt-Nd1;mt-Nd2;mt-Nd3,1.8964254514089676e-11,6.498750586380941e-09,cluster_tissue__C0__bone_marrow,bone_marrow,C0,condition,original,T2_up,BP,2.6423291088170083e-08
GO:1901137,carbohydrate derivative biosynthetic process,9143,408,213,28,0.1314553990610328,2.9458252784681944,Atp5e;Atp5j;Atp5j2;Atp5l;Dpm1;Dpm3;Dtymk;Galnt11;Krtcap2;Ndufa1;Ndufa13;Ndufa2;Ndufa3;Ndufa5;Ndufa7;Ndufb1-ps;Ndufb2;Ndufb4;Ndufc1;Ndufs5;Ndufs6;Ndufv3;Ost4;Phlda1;Tmem258;mt-Nd1;mt-Nd2;mt-Nd3,2.4186569778985557e-07,4.631728112675734e-05,cluster_tissue__C0__bone_marrow,bone_marrow,C0,condition,original,T2_up,BP,0.0001947192329752
GO:0046390,ribose phosphate biosynthetic process,9143,130,213,20,0.0938967136150234,6.603828096785843,Atp5e;Atp5j;Atp5j2;Atp5l;Ndufa1;Ndufa13;Ndufa2;Ndufa3;Ndufa5;Ndufa7;Ndufb1-ps;Ndufb2;Ndufb4;Ndufc1;Ndufs5;Ndufs6;Ndufv3;mt-Nd1;mt-Nd2;mt-Nd3,1.597534289904835e-11,5.778636534205768e-09,cluster_tissue__C0__bone_marrow,bone_marrow,C0,condition,original,T2_up,BP,2.2522507836737008e-08
GO:0006753,nucleoside phosphate metabolic process,9143,403,213,25,0.1173708920187793,2.6628339099942915,Atp5e;Atp5j;Atp5j2;Atp5l;Dtymk;Hddc2;Hspa1a;Hspa1b;Ndufa1;Ndufa13;Ndufa2;Ndufa3;Ndufa5;Ndufa7;Ndufb1-ps;Ndufb2;Ndufb4;Ndufc1;Ndufs5;Ndufs6;Ndufv3;Nmnat3;mt-Nd1;mt-Nd2;mt-Nd3,6.941650232509321e-06,0.0010761210634254,cluster_tissue__C0__bone_marrow,bone_marrow,C0,condition,original,T2_up,BP,0.004417027724632
GO:0009260,ribonucleotide biosynthetic process,9143,124,213,20,0.0938967136150234,6.923368165985159,Atp5e;Atp5j;Atp5j2;Atp5l;Ndufa1;Ndufa13;Ndufa2;Ndufa3;Ndufa5;Ndufa7;Ndufb1-ps;Ndufb2;Ndufb4;Ndufc1;Ndufs5;Ndufs6;Ndufv3;mt-Nd1;mt-Nd2;mt-Nd3,6.48757521395231e-12,2.6400376386277183e-09,cluster_tissue__C0__bone_marrow,bone_marrow,C0,condition,original,T2_up,BP,9.673608767895988e-09
GO:0009144,purine nucleoside triphosphate metabolic process,9143,164,213,22,0.1032863849765258,5.758215962441315,Atp5e;Atp5j;Atp5j2;Atp5l;Hspa1a;Hspa1b;Ndufa1;Ndufa13;Ndufa2;Ndufa3;Ndufa5;Ndufa7;Ndufb1-ps;Ndufb2;Ndufb4;Ndufc1;Ndufs5;Ndufs6;Ndufv3;mt-Nd1;mt-Nd2;mt-Nd3,2.430706216324641e-11,7.913164087244869e-09,cluster_tissue__C0__bone_marrow,bone_marrow,C0,condition,original,T2_up,BP,3.3244685103216384e-08
GO:0009259,ribonucleotide metabolic process,9143,217,213,22,0.1032863849765258,4.351831418619242,Atp5e;Atp5j;Atp5j2;Atp5l;Hspa1a;Hspa1b;Ndufa1;Ndufa13;Ndufa2;Ndufa3;Ndufa5;Ndufa7;Ndufb1-ps;Ndufb2;Ndufb4;Ndufc1;Ndufs5;Ndufs6;Ndufv3;mt-Nd1;mt-Nd2;mt-Nd3,5.659592594032419e-09,1.270676116542934e-06,cluster_tissue__C0__bone_marrow,bone_marrow,C0,condition,original,T2_up,BP,5.611938824390667e-06
GO:0042776,proton motive force-driven mitochondrial ATP synthesis,9143,63,213,19,0.0892018779342723,12.945599523064311,Atp5e;Atp5j;Atp5j2;Ndufa1;Ndufa13;Ndufa2;Ndufa3;Ndufa5;Ndufa7;Ndufb1-ps;Ndufb2;Ndufb4;Ndufc1;Ndufs5;Ndufs6;Ndufv3;mt-Nd1;mt-Nd2;mt-Nd3,1.0582945738179988e-16,1.1484259950214986e-13,cluster_tissue__C0__bone_marrow,bone_marrow,C0,condition,original,T2_up,BP,3.2123991842034223e-13
GO:0006164,purine nucleotide biosynthetic process,9143,135,213,21,0.0985915492957746,6.677203964527908,Atp5e;Atp5j;Atp5j2;Atp5l;Ndufa1;Ndufa13;Ndufa2;Ndufa3;Ndufa5;Ndufa7;Ndufb1-ps;Ndufb2;Ndufb4;Ndufc1;Ndufs5;Ndufs6;Ndufv3;Nmnat3;mt-Nd1;mt-Nd2;mt-Nd3,3.87503994609992e-12,1.682025672603772e-09,cluster_tissue__C0__bone_marrow,bone_marrow,C0,condition,original,T2_up,BP,6.035202266628941e-09
GO:0009152,purine ribonucleotide biosynthetic process,9143,112,213,20,0.0938967136150234,7.66515761234071,Atp5e;Atp5j;Atp5j2;Atp5l;Ndufa1;Ndufa13;Ndufa2;Ndufa3;Ndufa5;Ndufa7;Ndufb1-ps;Ndufb2;Ndufb4;Ndufc1;Ndufs5;Ndufs6;Ndufv3;mt-Nd1;mt-Nd2;mt-Nd3,9.001925630418386e-13,4.1865384128324364e-10,cluster_tissue__C0__bone_marrow,bone_marrow,C0,condition,original,T2_up,BP,1.5434229538807372e-09
GO:0009141,nucleoside triphosphate metabolic process,9143,166,213,22,0.1032863849765258,5.688839866508286,Atp5e;Atp5j;Atp5j2;Atp5l;Hspa1a;Hspa1b;Ndufa1;Ndufa13;Ndufa2;Ndufa3;Ndufa5;Ndufa7;Ndufb1-ps;Ndufb2;Ndufb4;Ndufc1;Ndufs5;Ndufs6;Ndufv3;mt-Nd1;mt-Nd2;mt-Nd3,3.1038213562528375e-11,9.623324214553441e-09,cluster_tissue__C0__bone_marrow,bone_marrow,C0,condition,original,T2_up,BP,4.177855901040527e-08
GO:0072521,purine-containing compound metabolic process,9143,355,213,23,0.107981220657277,2.781048733716855,Atp5e;Atp5j;Atp5j2;Atp5l;Hspa1a;Hspa1b;Ndufa1;Ndufa13;Ndufa2;Ndufa3;Ndufa5;Ndufa7;Ndufb1-ps;Ndufb2;Ndufb4;Ndufc1;Ndufs5;Ndufs6;Ndufv3;Nmnat3;mt-Nd1;mt-Nd2;mt-Nd3,8.188730037602168e-06,0.0012399260761587,cluster_tissue__C0__bone_marrow,bone_marrow,C0,condition,original,T2_up,BP,0.0051014330454568
GO:0009205,purine ribonucleoside triphosphate metabolic process,9143,156,213,22,0.1032863849765258,6.053509088720356,Atp5e;Atp5j;Atp5j2;Atp5l;Hspa1a;Hspa1b;Ndufa1;Ndufa13;Ndufa2;Ndufa3;Ndufa5;Ndufa7;Ndufb1-ps;Ndufb2;Ndufb4;Ndufc1;Ndufs5;Ndufs6;Ndufv3;mt-Nd1;mt-Nd2;mt-Nd3,8.796426576523651e-12,3.3690313788085582e-09,cluster_tissue__C0__bone_marrow,bone_marrow,C0,condition,original,T2_up,BP,1.2890188174506388e-08
GO:0019693,ribose phosphate metabolic process,9143,224,213,22,0.1032863849765258,4.215836686787391,Atp5e;Atp5j;Atp5j2;Atp5l;Hspa1a;Hspa1b;Ndufa1;Ndufa13;Ndufa2;Ndufa3;Ndufa5;Ndufa7;Ndufb1-ps;Ndufb2;Ndufb4;Ndufc1;Ndufs5;Ndufs6;Ndufv3;mt-Nd1;mt-Nd2;mt-Nd3,1.0217776936106817e-08,2.217598187699716e-06,cluster_tissue__C0__bone_marrow,bone_marrow,C0,condition,original,T2_up,BP,9.742060821446918e-06
GO:0009206,purine ribonucleoside triphosphate biosynthetic process,9143,86,213,20,0.0938967136150234,9.9825308439786,Atp5e;Atp5j;Atp5j2;Atp5l;Ndufa1;Ndufa13;Ndufa2;Ndufa3;Ndufa5;Ndufa7;Ndufb1-ps;Ndufb2;Ndufb4;Ndufc1;Ndufs5;Ndufs6;Ndufv3;mt-Nd1;mt-Nd2;mt-Nd3,4.294199904927557e-15,3.1066150645537024e-12,cluster_tissue__C0__bone_marrow,bone_marrow,C0,condition,original,T2_up,BP,1.0385470101775772e-11
GO:0090407,organophosphate biosynthetic process,9143,424,213,26,0.1220657276995305,2.632186198954735,Atp5e;Atp5j;Atp5j2;Atp5l;Dpm1;Dpm3;Dtymk;Itpkb;Ndufa1;Ndufa13;Ndufa2;Ndufa3;Ndufa5;Ndufa7;Ndufb1-ps;Ndufb2;Ndufb4;Ndufc1;Ndufs5;Ndufs6;Ndufv3;Nmnat3;Tpk1;mt-Nd1;mt-Nd2;mt-Nd3,5.526347281971392e-06,0.0008776109061686,cluster_tissue__C0__bone_marrow,bone_marrow,C0,condition,original,T2_up,BP,0.0035933215985948
GO:0072522,purine-containing compound biosynthetic process,9143,179,213,21,0.0985915492957746,5.035880084979149,Atp5e;Atp5j;Atp5j2;Atp5l;Ndufa1;Ndufa13;Ndufa2;Ndufa3;Ndufa5;Ndufa7;Ndufb1-ps;Ndufb2;Ndufb4;Ndufc1;Ndufs5;Ndufs6;Ndufv3;Nmnat3;mt-Nd1;mt-Nd2;mt-Nd3,8.970465992787478e-10,2.16321126218664e-07,cluster_tissue__C0__bone_marrow,bone_marrow,C0,condition,original,T2_up,BP,9.828657092959346e-07
GO:0006754,ATP biosynthetic process,9143,77,213,20,0.0938967136150234,11.14932016340467,Atp5e;Atp5j;Atp5j2;Atp5l;Ndufa1;Ndufa13;Ndufa2;Ndufa3;Ndufa5;Ndufa7;Ndufb1-ps;Ndufb2;Ndufb4;Ndufc1;Ndufs5;Ndufs6;Ndufv3;mt-Nd1;mt-Nd2;mt-Nd3,4.153868746521428e-16,3.86369134408586e-13,cluster_tissue__C0__bone_marrow,bone_marrow,C0,condition,original,T2_up,BP,1.1768266204787766e-12
GO:0009201,ribonucleoside triphosphate biosynthetic process,9143,94,213,20,0.0938967136150234,9.13295375087404,Atp5e;Atp5j;Atp5j2;Atp5l;Ndufa1;Ndufa13;Ndufa2;Ndufa3;Ndufa5;Ndufa7;Ndufb1-ps;Ndufb2;Ndufb4;Ndufc1;Ndufs5;Ndufs6;Ndufv3;mt-Nd1;mt-Nd2;mt-Nd3,2.6933534320334496e-14,1.4613686829974826e-11,cluster_tissue__C0__bone_marrow,bone_marrow,C0,condition,original,T2_up,BP,5.764047617559125e-11
GO:0055086,nucleobase-containing small molecule metabolic process,9143,428,213,25,0.1173708920187793,2.507294546092756,Atp5e;Atp5j;Atp5j2;Atp5l;Dtymk;Hddc2;Hspa1a;Hspa1b;Ndufa1;Ndufa13;Ndufa2;Ndufa3;Ndufa5;Ndufa7;Ndufb1-ps;Ndufb2;Ndufb4;Ndufc1;Ndufs5;Ndufs6;Ndufv3;Nmnat3;mt-Nd1;mt-Nd2;mt-Nd3,1.9576212352662273e-05,0.0027119301835783,cluster_tissue__C0__bone_marrow,bone_marrow,C0,condition,original,T2_up,BP,0.0113185892971736
GO:0009142,nucleoside triphosphate biosynthetic process,9143,94,213,20,0.0938967136150234,9.13295375087404,Atp5e;Atp5j;Atp5j2;Atp5l;Ndufa1;Ndufa13;Ndufa2;Ndufa3;Ndufa5;Ndufa7;Ndufb1-ps;Ndufb2;Ndufb4;Ndufc1;Ndufs5;Ndufs6;Ndufv3;mt-Nd1;mt-Nd2;mt-Nd3,2.6933534320334496e-14,1.4613686829974826e-11,cluster_tissue__C0__bone_marrow,bone_marrow,C0,condition,original,T2_up,BP,5.764047617559125e-11
GO:0009145,purine nucleoside triphosphate biosynthetic process,9143,87,213,20,0.0938967136150234,9.867789110139764,Atp5e;Atp5j;Atp5j2;Atp5l;Ndufa1;Ndufa13;Ndufa2;Ndufa3;Ndufa5;Ndufa7;Ndufb1-ps;Ndufb2;Ndufb4;Ndufc1;Ndufs5;Ndufs6;Ndufv3;mt-Nd1;mt-Nd2;mt-Nd3,5.463298407874033e-15,3.557153593366783e-12,cluster_tissue__C0__bone_marrow,bone_marrow,C0,condition,original,T2_up,BP,1.289832722685651e-11
GO:0006163,purine nucleotide metabolic process,9143,257,213,23,0.107981220657277,3.841526460970753,Atp5e;Atp5j;Atp5j2;Atp5l;Hspa1a;Hspa1b;Ndufa1;Ndufa13;Ndufa2;Ndufa3;Ndufa5;Ndufa7;Ndufb1-ps;Ndufb2;Ndufb4;Ndufc1;Ndufs5;Ndufs6;Ndufv3;Nmnat3;mt-Nd1;mt-Nd2;mt-Nd3,2.72232679312305e-08,5.539084296882556e-06,cluster_tissue__C0__bone_marrow,bone_marrow,C0,condition,original,T2_up,BP,2.4540043650226854e-05
GO:1901293,nucleoside phosphate biosynthetic process,9143,229,213,22,0.1032863849765258,4.123787850831334,Atp5e;Atp5j;Atp5j2;Atp5l;Dtymk;Ndufa1;Ndufa13;Ndufa2;Ndufa3;Ndufa5;Ndufa7;Ndufb1-ps;Ndufb2;Ndufb4;Ndufc1;Ndufs5;Ndufs6;Ndufv3;Nmnat3;mt-Nd1;mt-Nd2;mt-Nd3,1.535540943440415e-08,3.225131317013078e-06,cluster_tissue__C0__bone_marrow,bone_marrow,C0,condition,original,T2_up,BP,1.4319232182100126e-05
GO:0009150,purine ribonucleotide metabolic process,9143,202,213,22,0.1032863849765258,4.674987217031562,Atp5e;Atp5j;Atp5j2;Atp5l;Hspa1a;Hspa1b;Ndufa1;Ndufa13;Ndufa2;Ndufa3;Ndufa5;Ndufa7;Ndufb1-ps;Ndufb2;Ndufb4;Ndufc1;Ndufs5;Ndufs6;Ndufv3;mt-Nd1;mt-Nd2;mt-Nd3,1.461515566218896e-09,3.398545661304012e-07,cluster_tissue__C0__bone_marrow,bone_marrow,C0,condition,original,T2_up,BP,1.558289898012186e-06
GO:0015986,proton motive force-driven ATP synthesis,9143,67,213,20,0.0938967136150234,12.813397799733728,Atp5e;Atp5j;Atp5j2;Atp5l;Ndufa1;Ndufa13;Ndufa2;Ndufa3;Ndufa5;Ndufa7;Ndufb1-ps;Ndufb2;Ndufb4;Ndufc1;Ndufs5;Ndufs6;Ndufv3;mt-Nd1;mt-Nd2;mt-Nd3,2.0054501128318668e-17,3.2643714211620717e-14,cluster_tissue__C0__bone_marrow,bone_marrow,C0,condition,original,T2_up,BP,6.896754530225974e-14
GO:0006941,striated muscle contraction,9143,85,213,9,0.0422535211267605,4.544987572493786,Rpl35;Rpl35a;Rpl36;Rpl36a;Rpl37;Rpl37a;Rpl39;Rpl41;Uba52,0.000151551781544,0.0197350729926725,cluster_tissue__C0__bone_marrow,bone_marrow,C0,condition,original,T2_up,BP,0.0665950205138013
GO:0140236,translation at presynapse,9143,47,213,8,0.0375586854460093,7.306363000699231,Rpl35;Rpl35a;Rpl36;Rpl36a;Rpl37;Rpl37a;Rps27;Uba52,1.0946349750044717e-05,0.0016198109823304,cluster_tissue__C0__bone_marrow,bone_marrow,C0,condition,original,T2_up,BP,0.0066863540976279
GO:0140241,translation at synapse,9143,48,213,8,0.0375586854460093,7.15414710485133,Rpl35;Rpl35a;Rpl36;Rpl36a;Rpl37;Rpl37a;Rps27;Uba52,1.2875381946151737e-05,0.0018224263445955,cluster_tissue__C0__bone_marrow,bone_marrow,C0,condition,original,T2_up,BP,0.0077453819394328
GO:0140242,translation at postsynapse,9143,48,213,8,0.0375586854460093,7.15414710485133,Rpl35;Rpl35a;Rpl36;Rpl36a;Rpl37;Rpl37a;Rps27;Uba52,1.2875381946151737e-05,0.0018224263445955,cluster_tissue__C0__bone_marrow,bone_marrow,C0,condition,original,T2_up,BP,0.0077453819394328
GO:1901740,negative regulation of myoblast fusion,9143,47,213,9,0.0422535211267605,8.219658375786635,Rpl35;Rpl35a;Rpl36;Rpl36a;Rpl37;Rpl37a;Rpl39;Rpl41;Uba52,1.0788000617140929e-06,0.0001898396541032,cluster_tissue__C0__bone_marrow,bone_marrow,C0,condition,original,T2_up,BP,0.0007836751393366
GO:1901739,regulation of myoblast fusion,9143,58,213,10,0.0469483568075117,7.400841832604825,Flt3l;Rpl35;Rpl35a;Rpl36;Rpl36a;Rpl37;Rpl37a;Rpl39;Rpl41;Uba52,7.493332088905069e-07,0.0001355252367523,cluster_tissue__C0__bone_marrow,bone_marrow,C0,condition,original,T2_up,BP,0.0005593654880338
GO:0060142,regulation of syncytium formation by plasma membrane fusion,9143,63,213,10,0.0469483568075117,6.813473433191743,Flt3l;Rpl35;Rpl35a;Rpl36;Rpl36a;Rpl37;Rpl37a;Rpl39;Rpl41;Uba52,1.6580261659186657e-06,0.0002768053427255,cluster_tissue__C0__bone_marrow,bone_marrow,C0,condition,original,T2_up,BP,0.0011701534417093
GO:0034242,negative regulation of syncytium formation by plasma membrane fusion,9143,48,213,9,0.0422535211267605,8.048415492957746,Rpl35;Rpl35a;Rpl36;Rpl36a;Rpl37;Rpl37a;Rpl39;Rpl41;Uba52,1.3011887695095828e-06,0.0002229484231125,cluster_tissue__C0__bone_marrow,bone_marrow,C0,condition,original,T2_up,BP,0.0009326983807737
GO:0006123,"mitochondrial electron transport, cytochrome c to oxygen",9143,11,213,5,0.0234741784037558,19.511310285958174,Cox5b;Cox7a2;Cox7b;Cox7c;Cox8a,2.6989393342526363e-06,0.0004393198501329,cluster_tissue__C0__bone_marrow,bone_marrow,C0,condition,original,T2_up,BP,0.0018627941520126
GO:0006936,muscle contraction,9038,110,12,4,0.3333333333333333,27.387878787878787,Rpl37a;Rpl38;Rpl41;Rplp2,9.538916593071544e-06,0.0051430658630977,cluster_tissue__C3__bone_marrow,bone_marrow,C3,condition,original,T2_up,BP,0.0058749061586073
GO:0003012,muscle system process,9038,139,12,4,0.3333333333333333,21.673860911270985,Rpl37a;Rpl38;Rpl41;Rplp2,2.4100886949360765e-05,0.0119948260432587,cluster_tissue__C3__bone_marrow,bone_marrow,C3,condition,original,T2_up,BP,0.0136951045737806
GO:0006412,translation,9038,383,12,6,0.5,11.798955613577023,Rpl37a;Rpl38;Rpl41;Rplp2;Rps21;Rps27,4.142756666583791e-06,0.0024366941484361,cluster_tissue__C3__bone_marrow,bone_marrow,C3,condition,original,T2_up,BP,0.002750808921061
GO:0002181,cytoplasmic translation,9038,194,12,5,0.4166666666666667,19.41151202749141,Rpl37a;Rpl38;Rpl41;Rplp2;Rps21,3.033083446531306e-06,0.0023347424499639,cluster_tissue__C3__bone_marrow,bone_marrow,C3,condition,original,T2_up,BP,0.0020717875204901
GO:0160307,protein biosynthetic process,9038,383,12,6,0.5,11.798955613577023,Rpl37a;Rpl38;Rpl41;Rplp2;Rps21;Rps27,4.142756666583791e-06,0.0024366941484361,cluster_tissue__C3__bone_marrow,bone_marrow,C3,condition,original,T2_up,BP,0.002750808921061
GO:0006941,striated muscle contraction,9038,84,12,4,0.3333333333333333,35.86507936507937,Rpl37a;Rpl38;Rpl41;Rplp2,3.247709744926604e-06,0.0023347424499639,cluster_tissue__C3__bone_marrow,bone_marrow,C3,condition,original,T2_up,BP,0.0021982007023032
GO:0140236,translation at presynapse,9038,47,12,4,0.3333333333333333,64.09929078014184,Rpl37a;Rpl38;Rplp2;Rps27,3.082287771555092e-07,0.000434797874503,cluster_tissue__C3__bone_marrow,bone_marrow,C3,condition,original,T2_up,BP,0.0002435326620333
GO:0140241,translation at synapse,9038,48,12,4,0.3333333333333333,62.763888888888886,Rpl37a;Rpl38;Rplp2;Rps27,3.360107221816808e-07,0.000434797874503,cluster_tissue__C3__bone_marrow,bone_marrow,C3,condition,original,T2_up,BP,0.0002630380357112
GO:0140242,translation at postsynapse,9038,48,12,4,0.3333333333333333,62.763888888888886,Rpl37a;Rpl38;Rplp2;Rps27,3.360107221816808e-07,0.000434797874503,cluster_tissue__C3__bone_marrow,bone_marrow,C3,condition,original,T2_up,BP,0.0002630380357112
GO:1901740,negative regulation of myoblast fusion,9038,47,12,4,0.3333333333333333,64.09929078014184,Rpl37a;Rpl38;Rpl41;Rplp2,3.082287771555092e-07,0.000434797874503,cluster_tissue__C3__bone_marrow,bone_marrow,C3,condition,original,T2_up,BP,0.0002435326620333
GO:1901739,regulation of myoblast fusion,9038,58,12,4,0.3333333333333333,51.94252873563218,Rpl37a;Rpl38;Rpl41;Rplp2,7.274616759053552e-07,0.0007844461738512,cluster_tissue__C3__bone_marrow,bone_marrow,C3,condition,original,T2_up,BP,0.0005450905153105
GO:0060142,regulation of syncytium formation by plasma membrane fusion,9038,63,12,4,0.3333333333333333,47.820105820105816,Rpl37a;Rpl38;Rpl41;Rplp2,1.0177136114639563e-06,0.0009406581523102,cluster_tissue__C3__bone_marrow,bone_marrow,C3,condition,original,T2_up,BP,0.0007411097646429
GO:0034242,negative regulation of syncytium formation by plasma membrane fusion,9038,48,12,4,0.3333333333333333,62.763888888888886,Rpl37a;Rpl38;Rpl41;Rplp2,3.360107221816808e-07,0.000434797874503,cluster_tissue__C3__bone_marrow,bone_marrow,C3,condition,original,T2_up,BP,0.0002630380357112
GO:1905145,cellular response to acetylcholine,9046,21,49,3,0.0612244897959183,26.373177842565596,Ly6a;Ly6c2;Ly6e,0.000185491133926,0.0364293345143834,cluster_tissue__C4__bone_marrow,bone_marrow,C4,condition,original,T2_up,BP,0.0787143931148564
GO:0095500,acetylcholine receptor signaling pathway,9046,19,49,3,0.0612244897959183,29.149301825993557,Ly6a;Ly6c2;Ly6e,0.000136177730099,0.0317649043979054,cluster_tissue__C4__bone_marrow,bone_marrow,C4,condition,original,T2_up,BP,0.0608705245431899
GO:0006811,monoatomic ion transport,9046,379,49,9,0.1836734693877551,4.383931936890852,Atox1;Atp5e;Atp5l;S100a6;mt-Co3;mt-Cytb;mt-Nd1;mt-Nd2;mt-Nd3,0.0001676544903374,0.0350506048992555,cluster_tissue__C4__bone_marrow,bone_marrow,C4,condition,original,T2_up,BP,0.0723570736667286
GO:0022904,respiratory electron transport chain,9046,78,49,8,0.1632653061224489,18.934589220303508,Cox5b;Cox7c;Cox8a;mt-Co3;mt-Cytb;mt-Nd1;mt-Nd2;mt-Nd3,7.184809070705885e-09,6.652106798177834e-06,cluster_tissue__C4__bone_marrow,bone_marrow,C4,condition,original,T2_up,BP,6.996052024547177e-06
GO:0015980,energy derivation by oxidation of organic compounds,9046,242,49,11,0.2244897959183673,8.391465677179964,Atp5e;Cox5b;Cox6b1;Cox6c;Cox7c;Cox8a;mt-Co3;mt-Cytb;mt-Nd1;mt-Nd2;mt-Nd3,4.753437761917701e-08,3.423003348332069e-05,cluster_tissue__C4__bone_marrow,bone_marrow,C4,condition,original,T2_up,BP,4.183503386948835e-05
GO:0022900,electron transport chain,9046,85,49,8,0.1632653061224489,17.375270108043217,Cox5b;Cox7c;Cox8a;mt-Co3;mt-Cytb;mt-Nd1;mt-Nd2;mt-Nd3,1.4334101265604517e-08,1.1612413787797858e-05,cluster_tissue__C4__bone_marrow,bone_marrow,C4,condition,original,T2_up,BP,1.3429991936643896e-05
GO:0019646,aerobic electron transport chain,9046,53,49,8,0.1632653061224489,27.865999229880632,Cox5b;Cox7c;Cox8a;mt-Co3;mt-Cytb;mt-Nd1;mt-Nd2;mt-Nd3,3.00545996815283e-10,9.739193026799246e-07,cluster_tissue__C4__bone_marrow,bone_marrow,C4,condition,original,T2_up,BP,3.5198669234893505e-07
GO:0045333,cellular respiration,9046,199,49,11,0.2244897959183673,10.204696954158548,Atp5e;Cox5b;Cox6b1;Cox6c;Cox7c;Cox8a;mt-Co3;mt-Cytb;mt-Nd1;mt-Nd2;mt-Nd3,6.217861174626675e-09,6.652106798177834e-06,cluster_tissue__C4__bone_marrow,bone_marrow,C4,condition,original,T2_up,BP,6.094405387350562e-06
GO:0009060,aerobic respiration,9046,173,49,11,0.2244897959183673,11.738350831662144,Atp5e;Cox5b;Cox6b1;Cox6c;Cox7c;Cox8a;mt-Co3;mt-Cytb;mt-Nd1;mt-Nd2;mt-Nd3,1.4131759888960462e-09,1.8317587168070557e-06,cluster_tissue__C4__bone_marrow,bone_marrow,C4,condition,original,T2_up,BP,1.5176285708334389e-06
GO:0042775,mitochondrial ATP synthesis coupled electron transport,9046,58,49,8,0.1632653061224489,25.46375791695989,Cox5b;Cox7c;Cox8a;mt-Co3;mt-Cytb;mt-Nd1;mt-Nd2;mt-Nd3,6.369444827629242e-10,1.3664548994581463e-06,cluster_tissue__C4__bone_marrow,bone_marrow,C4,condition,original,T2_up,BP,7.177061479750685e-07
GO:0006091,generation of precursor metabolites and energy,9046,271,49,11,0.2244897959183673,7.493485955267716,Atp5e;Cox5b;Cox6b1;Cox6c;Cox7c;Cox8a;mt-Co3;mt-Cytb;mt-Nd1;mt-Nd2;mt-Nd3,1.5101828247549079e-07,9.787494887236556e-05,cluster_tissue__C4__bone_marrow,bone_marrow,C4,condition,original,T2_up,BP,0.0001247889237808
GO:0006119,oxidative phosphorylation,9046,102,49,11,0.2244897959183673,19.90916366546619,Atp5e;Cox5b;Cox6b1;Cox6c;Cox7c;Cox8a;mt-Co3;mt-Cytb;mt-Nd1;mt-Nd2;mt-Nd3,4.413862147428461e-12,2.8606240577483858e-08,cluster_tissue__C4__bone_marrow,bone_marrow,C4,condition,original,T2_up,BP,6.7680888064130634e-09
GO:0042773,ATP synthesis coupled electron transport,9046,60,49,8,0.1632653061224489,24.61496598639456,Cox5b;Cox7c;Cox8a;mt-Co3;mt-Cytb;mt-Nd1;mt-Nd2;mt-Nd3,8.433605304478608e-10,1.3664548994581463e-06,cluster_tissue__C4__bone_marrow,bone_marrow,C4,condition,original,T2_up,BP,9.30901040573087e-07
GO:0046034,ATP metabolic process,9046,136,49,7,0.1428571428571428,9.502100840336134,Atp5e;Atp5l;Hspa1a;Hspa1b;mt-Nd1;mt-Nd2;mt-Nd3,7.546284302781159e-06,0.0037621129666403,cluster_tissue__C4__bone_marrow,bone_marrow,C4,condition,original,T2_up,BP,0.0047711442650064
GO:0009144,purine nucleoside triphosphate metabolic process,9046,164,49,7,0.1428571428571428,7.879790940766551,Atp5e;Atp5l;Hspa1a;Hspa1b;mt-Nd1;mt-Nd2;mt-Nd3,2.5639919540471944e-05,0.0108249159602963,cluster_tissue__C4__bone_marrow,bone_marrow,C4,condition,original,T2_up,BP,0.0144866275885704
GO:0009259,ribonucleotide metabolic process,9046,216,49,7,0.1428571428571428,5.9828042328042335,Atp5e;Atp5l;Hspa1a;Hspa1b;mt-Nd1;mt-Nd2;mt-Nd3,0.0001470370516798,0.0317649043979054,cluster_tissue__C4__bone_marrow,bone_marrow,C4,condition,original,T2_up,BP,0.064895697197944
GO:0009141,nucleoside triphosphate metabolic process,9046,166,49,7,0.1428571428571428,7.784853700516352,Atp5e;Atp5l;Hspa1a;Hspa1b;mt-Nd1;mt-Nd2;mt-Nd3,2.772681502607071e-05,0.0108249159602963,cluster_tissue__C4__bone_marrow,bone_marrow,C4,condition,original,T2_up,BP,0.0154601810179294
GO:0009205,purine ribonucleoside triphosphate metabolic process,9046,156,49,7,0.1428571428571428,8.283882783882785,Atp5e;Atp5l;Hspa1a;Hspa1b;mt-Nd1;mt-Nd2;mt-Nd3,1.8542432262258105e-05,0.0085838216779781,cluster_tissue__C4__bone_marrow,bone_marrow,C4,condition,original,T2_up,BP,0.0107837565880409
GO:0019693,ribose phosphate metabolic process,9046,223,49,7,0.1428571428571428,5.795003203074952,Atp5e;Atp5l;Hspa1a;Hspa1b;mt-Nd1;mt-Nd2;mt-Nd3,0.0001791768742376,0.036288916310446,cluster_tissue__C4__bone_marrow,bone_marrow,C4,condition,original,T2_up,BP,0.0765811228261116
GO:0009206,purine ribonucleoside triphosphate biosynthetic process,9046,86,49,5,0.1020408163265306,10.73327005220693,Atp5e;Atp5l;mt-Nd1;mt-Nd2;mt-Nd3,9.479761131875112e-05,0.0279265144980375,cluster_tissue__C4__bone_marrow,bone_marrow,C4,condition,original,T2_up,BP,0.0446906887946658
GO:0006754,ATP biosynthetic process,9046,77,49,5,0.1020408163265306,11.98780811025709,Atp5e;Atp5l;mt-Nd1;mt-Nd2;mt-Nd3,5.578027639023365e-05,0.0180755985642552,cluster_tissue__C4__bone_marrow,bone_marrow,C4,condition,original,T2_up,BP,0.0285351366103325
GO:0009201,ribonucleoside triphosphate biosynthetic process,9046,94,49,5,0.1020408163265306,9.819800260529744,Atp5e;Atp5l;mt-Nd1;mt-Nd2;mt-Nd3,0.0001446454763791,0.0317649043979054,cluster_tissue__C4__bone_marrow,bone_marrow,C4,condition,original,T2_up,BP,0.0639825553017122
GO:0009142,nucleoside triphosphate biosynthetic process,9046,94,49,5,0.1020408163265306,9.819800260529744,Atp5e;Atp5l;mt-Nd1;mt-Nd2;mt-Nd3,0.0001446454763791,0.0317649043979054,cluster_tissue__C4__bone_marrow,bone_marrow,C4,condition,original,T2_up,BP,0.0639825553017122
GO:0009145,purine nucleoside triphosphate biosynthetic process,9046,87,49,5,0.1020408163265306,10.60989913206662,Atp5e;Atp5l;mt-Nd1;mt-Nd2;mt-Nd3,0.0001001709471854,0.0282264308134272,cluster_tissue__C4__bone_marrow,bone_marrow,C4,condition,original,T2_up,BP,0.0469633606667314
GO:0009150,purine ribonucleotide metabolic process,9046,201,49,7,0.1428571428571428,6.429282160625444,Atp5e;Atp5l;Hspa1a;Hspa1b;mt-Nd1;mt-Nd2;mt-Nd3,9.37752033618e-05,0.0279265144980375,cluster_tissue__C4__bone_marrow,bone_marrow,C4,condition,original,T2_up,BP,0.0444198803261912
GO:0015986,proton motive force-driven ATP synthesis,9046,67,49,5,0.1020408163265306,13.777033201340238,Atp5e;Atp5l;mt-Nd1;mt-Nd2;mt-Nd3,2.839431743944412e-05,0.0108249159602963,cluster_tissue__C4__bone_marrow,bone_marrow,C4,condition,original,T2_up,BP,0.0157585283320544
GO:0034220,monoatomic ion transmembrane transport,9046,324,49,9,0.1836734693877551,5.128117913832199,Atox1;Atp5e;Atp5l;S100a6;mt-Co3;mt-Cytb;mt-Nd1;mt-Nd2;mt-Nd3,5.0301392379428494e-05,0.0171580696847934,cluster_tissue__C4__bone_marrow,bone_marrow,C4,condition,original,T2_up,BP,0.0261368670684333
GO:1902600,proton transmembrane transport,9046,98,49,7,0.1428571428571428,13.1865889212828,Atp5e;Atp5l;mt-Co3;mt-Cytb;mt-Nd1;mt-Nd2;mt-Nd3,8.355302024839997e-07,0.0004512559368582,cluster_tissue__C4__bone_marrow,bone_marrow,C4,condition,original,T2_up,BP,0.0006182798792381
GO:0098655,monoatomic cation transmembrane transport,9046,282,49,8,0.1632653061224489,5.2372268056158635,Atox1;Atp5e;Atp5l;mt-Co3;mt-Cytb;mt-Nd1;mt-Nd2;mt-Nd3,0.000119832203004,0.0309325733261889,cluster_tissue__C4__bone_marrow,bone_marrow,C4,condition,original,T2_up,BP,0.0547685258688892
GO:1901740,negative regulation of myoblast fusion,9046,47,49,4,0.0816326530612244,15.71168041684759,Rpl35;Rpl36;Rpl37a;Rpl41,0.0001142050984697,0.0308401351326021,cluster_tissue__C4__bone_marrow,bone_marrow,C4,condition,original,T2_up,BP,0.0525898567526169
GO:1901739,regulation of myoblast fusion,9046,58,49,4,0.0816326530612244,12.731878958479944,Rpl35;Rpl36;Rpl37a;Rpl41,0.0002600355787557,0.0495673701739947,cluster_tissue__C4__bone_marrow,bone_marrow,C4,condition,original,T2_up,BP,0.1039003677028596
GO:0034242,negative regulation of syncytium formation by plasma membrane fusion,9046,48,49,4,0.0816326530612244,15.384353741496598,Rpl35;Rpl36;Rpl37a;Rpl41,0.0001240930267676,0.0309325733261889,cluster_tissue__C4__bone_marrow,bone_marrow,C4,condition,original,T2_up,BP,0.0564009916648883
GO:0051592,response to calcium ion,9046,73,49,5,0.1020408163265306,12.644674308079397,Dusp1;Fos;Fosb;Junb;mt-Cytb,4.309908072275032e-05,0.0155180634535636,cluster_tissue__C4__bone_marrow,bone_marrow,C4,condition,original,T2_up,BP,0.0228129109233441
GO:0006123,"mitochondrial electron transport, cytochrome c to oxygen",9046,11,49,4,0.0816326530612244,67.1317254174397,Cox5b;Cox7c;Cox8a;mt-Co3,2.43861653829799e-07,0.0001436788525882,cluster_tissue__C4__bone_marrow,bone_marrow,C4,condition,original,T2_up,BP,0.0001957962256717
GO:0022904,respiratory electron transport chain,8979,78,6,3,0.5,57.55769230769231,mt-Co3;mt-Cytb;mt-Nd2,1.237947874724319e-05,0.0199990479161713,cluster_tissue__C5-1__bone_marrow,bone_marrow,C5-1,condition,original,T2_up,BP,0.0075001488001169
GO:0022900,electron transport chain,8979,85,6,3,0.5,52.81764705882353,mt-Co3;mt-Cytb;mt-Nd2,1.6044022986234563e-05,0.0207352953074095,cluster_tissue__C5-1__bone_marrow,bone_marrow,C5-1,condition,original,T2_up,BP,0.0094321733079192
GO:0019646,aerobic electron transport chain,8979,53,6,3,0.5,84.70754716981132,mt-Co3;mt-Cytb;mt-Nd2,3.8360744897877615e-06,0.01204895881813,cluster_tissue__C5-1__bone_marrow,bone_marrow,C5-1,condition,original,T2_up,BP,0.0025643425230901
GO:0042775,mitochondrial ATP synthesis coupled electron transport,8979,58,6,3,0.5,77.40517241379311,mt-Co3;mt-Cytb;mt-Nd2,5.046404684545677e-06,0.01204895881813,cluster_tissue__C5-1__bone_marrow,bone_marrow,C5-1,condition,original,T2_up,BP,0.0033138503027164
GO:0006119,oxidative phosphorylation,8979,102,6,3,0.5,44.01470588235294,mt-Co3;mt-Cytb;mt-Nd2,2.7771252873027712e-05,0.0256368337236435,cluster_tissue__C5-1__bone_marrow,bone_marrow,C5-1,condition,original,T2_up,BP,0.0154704600695712
GO:0042773,ATP synthesis coupled electron transport,8979,60,6,3,0.5,74.825,mt-Co3;mt-Cytb;mt-Nd2,5.593759896996332e-06,0.01204895881813,cluster_tissue__C5-1__bone_marrow,bone_marrow,C5-1,condition,original,T2_up,BP,0.0036292216610667
GO:1902600,proton transmembrane transport,8979,97,6,3,0.5,46.28350515463918,mt-Co3;mt-Cytb;mt-Nd2,2.387749116826692e-05,0.0256368337236435,cluster_tissue__C5-1__bone_marrow,bone_marrow,C5-1,condition,original,T2_up,BP,0.0135941297756727
GO:0006936,muscle contraction,8928,106,15,10,0.6666666666666666,56.15094339622641,Rpl26;Rpl34;Rpl35a;Rpl36;Rpl37;Rpl37a;Rpl38;Rpl39;Rpl41;Rplp2,1.0322091628833392e-16,6.640201544828521e-14,cluster_tissue__C5-2__bone_marrow,bone_marrow,C5-2,condition,original,T2_up,BP,3.1492860360980357e-13
GO:0003012,muscle system process,8928,136,15,10,0.6666666666666666,43.76470588235294,Rpl26;Rpl34;Rpl35a;Rpl36;Rpl37;Rpl37a;Rpl38;Rpl39;Rpl41;Rplp2,1.3562913861398057e-15,6.711555759259515e-13,cluster_tissue__C5-2__bone_marrow,bone_marrow,C5-2,condition,original,T2_up,BP,3.5236805572100658e-12
GO:0048609,multicellular organismal reproductive process,8928,473,15,9,0.6,11.325158562367864,Rpl26;Rpl34;Rpl35a;Rpl36;Rpl37;Rpl37a;Rpl38;Rpl41;Rplp2,1.1482547326983046e-08,4.345130997322466e-06,cluster_tissue__C5-2__bone_marrow,bone_marrow,C5-2,condition,original,T2_up,BP,1.0930429707350254e-05
GO:0003006,developmental process involved in reproduction,8928,497,15,9,0.6,10.778269617706238,Rpl26;Rpl34;Rpl35a;Rpl36;Rpl37;Rpl37a;Rpl38;Rpl41;Rplp2,1.7721389883670132e-08,6.333427840091663e-06,cluster_tissue__C5-2__bone_marrow,bone_marrow,C5-2,condition,original,T2_up,BP,1.6371592342406485e-05
GO:0007276,gamete generation,8928,411,15,9,0.6,13.033576642335763,Rpl26;Rpl34;Rpl35a;Rpl36;Rpl37;Rpl37a;Rpl38;Rpl41;Rplp2,3.3329060843600675e-09,1.3400365525430196e-06,cluster_tissue__C5-2__bone_marrow,bone_marrow,C5-2,condition,original,T2_up,BP,3.395386659379886e-06
GO:0007283,spermatogenesis,8928,320,15,9,0.6,16.740000000000002,Rpl26;Rpl34;Rpl35a;Rpl36;Rpl37;Rpl37a;Rpl38;Rpl41;Rplp2,3.6172922451421416e-10,1.6621457866428142e-07,cluster_tissue__C5-2__bone_marrow,bone_marrow,C5-2,condition,original,T2_up,BP,4.186966511017173e-07
GO:0048232,male gamete generation,8928,327,15,9,0.6,16.381651376146788,Rpl26;Rpl34;Rpl35a;Rpl36;Rpl37;Rpl37a;Rpl38;Rpl41;Rplp2,4.3866199248593767e-10,1.881275065108025e-07,cluster_tissue__C5-2__bone_marrow,bone_marrow,C5-2,condition,original,T2_up,BP,5.038244693156827e-07
GO:0006412,translation,8928,382,15,13,0.8666666666666667,20.25549738219895,Rpl22;Rpl26;Rpl34;Rpl35a;Rpl36;Rpl37;Rpl37a;Rpl38;Rpl39;Rpl41;Rplp2;Rps15a;Rps28,1.2832253462858646e-16,6.879157210547474e-14,cluster_tissue__C5-2__bone_marrow,bone_marrow,C5-2,condition,original,T2_up,BP,3.7982704145377244e-13
GO:0002181,cytoplasmic translation,8928,193,15,13,0.8666666666666667,40.09119170984456,Rpl22;Rpl26;Rpl34;Rpl35a;Rpl36;Rpl37;Rpl37a;Rpl38;Rpl39;Rpl41;Rplp2;Rps15a;Rps28,1.5189793810243596e-20,2.2252080411230114e-17,cluster_tissue__C5-2__bone_marrow,bone_marrow,C5-2,condition,original,T2_up,BP,8.68955523828539e-17
GO:0160307,protein biosynthetic process,8928,382,15,13,0.8666666666666667,20.25549738219895,Rpl22;Rpl26;Rpl34;Rpl35a;Rpl36;Rpl37;Rpl37a;Rpl38;Rpl39;Rpl41;Rplp2;Rps15a;Rps28,1.2832253462858646e-16,6.879157210547474e-14,cluster_tissue__C5-2__bone_marrow,bone_marrow,C5-2,condition,original,T2_up,BP,3.7982704145377244e-13
GO:0006941,striated muscle contraction,8928,81,15,10,0.6666666666666666,73.48148148148148,Rpl26;Rpl34;Rpl35a;Rpl36;Rpl37;Rpl37a;Rpl38;Rpl39;Rpl41;Rplp2,6.165634517706467e-18,4.4070585391561876e-15,cluster_tissue__C5-2__bone_marrow,bone_marrow,C5-2,condition,original,T2_up,BP,2.365802452374912e-14
GO:0140236,translation at presynapse,8928,47,15,11,0.7333333333333333,139.30212765957447,Rpl22;Rpl26;Rpl34;Rpl35a;Rpl36;Rpl37;Rpl37a;Rpl38;Rplp2;Rps15a;Rps28,3.2749442611709026e-23,9.106604064088321e-20,cluster_tissue__C5-2__bone_marrow,bone_marrow,C5-2,condition,original,T2_up,BP,2.9975715973770867e-19
GO:0140241,translation at synapse,8928,48,15,11,0.7333333333333333,136.4,Rpl22;Rpl26;Rpl34;Rpl35a;Rpl36;Rpl37;Rpl37a;Rpl38;Rplp2;Rps15a;Rps28,4.2468229740812933e-23,9.106604064088321e-20,cluster_tissue__C5-2__bone_marrow,bone_marrow,C5-2,condition,original,T2_up,BP,3.6617954127300243e-19
GO:0140242,translation at postsynapse,8928,48,15,11,0.7333333333333333,136.4,Rpl22;Rpl26;Rpl34;Rpl35a;Rpl36;Rpl37;Rpl37a;Rpl38;Rplp2;Rps15a;Rps28,4.2468229740812933e-23,9.106604064088321e-20,cluster_tissue__C5-2__bone_marrow,bone_marrow,C5-2,condition,original,T2_up,BP,3.6617954127300243e-19
GO:1901740,negative regulation of myoblast fusion,8928,47,15,10,0.6666666666666666,126.63829787234044,Rpl26;Rpl34;Rpl35a;Rpl36;Rpl37;Rpl37a;Rpl38;Rpl39;Rpl41;Rplp2,1.7295259141326063e-20,2.2252080411230114e-17,cluster_tissue__C5-2__bone_marrow,bone_marrow,C5-2,condition,original,T2_up,BP,9.707339467560055e-17
GO:1901739,regulation of myoblast fusion,8928,58,15,10,0.6666666666666666,102.6206896551724,Rpl26;Rpl34;Rpl35a;Rpl36;Rpl37;Rpl37a;Rpl38;Rpl39;Rpl41;Rplp2,1.7330596867991225e-19,1.5926818521683935e-16,cluster_tissue__C5-2__bone_marrow,bone_marrow,C5-2,condition,original,T2_up,BP,8.315164472111002e-16
GO:0060142,regulation of syncytium formation by plasma membrane fusion,8928,62,15,10,0.6666666666666666,96.0,Rpl26;Rpl34;Rpl35a;Rpl36;Rpl37;Rpl37a;Rpl38;Rpl39;Rpl41;Rplp2,3.5637621080255927e-19,2.8657102051160795e-16,cluster_tissue__C5-2__bone_marrow,bone_marrow,C5-2,condition,original,T2_up,BP,1.6299507898241152e-15
GO:0034242,negative regulation of syncytium formation by plasma membrane fusion,8928,48,15,10,0.6666666666666666,124.0,Rpl26;Rpl34;Rpl35a;Rpl36;Rpl37;Rpl37a;Rpl38;Rpl39;Rpl41;Rplp2,2.1835467275953774e-20,2.341126016436844e-17,cluster_tissue__C5-2__bone_marrow,bone_marrow,C5-2,condition,original,T2_up,BP,1.2028673689716803e-16
GO:0042254,ribosome biogenesis,8928,274,15,5,0.3333333333333333,10.86131386861314,Rpl35a;Rpl37;Rpl38;Rps15a;Rps28,6.122312981837883e-05,0.0207288628485068,cluster_tissue__C5-2__bone_marrow,bone_marrow,C5-2,condition,original,T2_up,BP,0.0308421495674723
GO:0006936,muscle contraction,9145,111,245,13,0.0530612244897959,4.3715756572899425,Actn2;Ndufs6;Rpl30;Rpl34;Rpl35;Rpl35a;Rpl36;Rpl36a;Rpl37;Rpl37a;Rpl39;Rpl41;Uba52,7.764534429765486e-06,0.0010318907797272,tissue__spleen,spleen,ALL,condition,tissue,T2_up,BP,0.0048728842087764
GO:0003012,muscle system process,9145,141,245,14,0.0571428571428571,3.706180344478217,Actn2;Kcnn4;Ndufs6;Rpl30;Rpl34;Rpl35;Rpl35a;Rpl36;Rpl36a;Rpl37;Rpl37a;Rpl39;Rpl41;Uba52,2.368697637527408e-05,0.0029103696255808,tissue__spleen,spleen,ALL,condition,tissue,T2_up,BP,0.0134985816288472
GO:0007005,mitochondrion organization,9145,312,245,22,0.0897959183673469,2.6319989534275248,Cmc1;Coa7;Cox10;Cox14;Cox16;Cox17;Cox20;Fmc1;Jun;Lyrm2;Mtln;Ndufa13;Ndufaf8;Ndufs6;Nipsnap2;Pet100;Romo1;Sdhaf1;Slirp;Smim4;mt-Nd1;mt-Nd2,3.127788654554868e-05,0.0037718814293446,tissue__spleen,spleen,ALL,condition,tissue,T2_up,BP,0.0172302926337973
GO:0022904,respiratory electron transport chain,9145,78,245,16,0.0653061224489796,7.656724228152799,Cox5b;Cox7a2;Cox7b;Cox7c;Cox8a;Ndufa7;Ndufs6;Ndufv3;Uqcr10;Uqcr11;Uqcrb;Uqcrq;mt-Cytb;mt-Nd1;mt-Nd2;mt-Nd3,1.6902180830541032e-10,4.23334621417243e-08,tissue__spleen,spleen,ALL,condition,tissue,T2_up,BP,2.0776691489191586e-07
GO:0015980,energy derivation by oxidation of organic compounds,9145,242,245,36,0.1469387755102041,5.552707033226514,Atp5e;Atp5j;Atp5j2;Atp5k;Coq10b;Cox10;Cox5b;Cox6b1;Cox6c;Cox7a2;Cox7b;Cox7c;Cox8a;Galk1;Mtln;Ndufa1;Ndufa13;Ndufa2;Ndufa3;Ndufa7;Ndufb1-ps;Ndufb2;Ndufb3;Ndufb4;Ndufb7;Ndufc1;Ndufs6;Ndufv3;Uqcr10;Uqcr11;Uqcrb;Uqcrq;mt-Cytb;mt-Nd1;mt-Nd2;mt-Nd3,1.906461419115738e-17,2.4829753522563375e-14,tissue__spleen,spleen,ALL,condition,tissue,T2_up,BP,6.594450048721337e-14
GO:0022900,electron transport chain,9145,85,245,17,0.0693877551020408,7.46530612244898,Cox5b;Cox7a2;Cox7b;Cox7c;Cox8a;Ndufa7;Ndufb3;Ndufs6;Ndufv3;Uqcr10;Uqcr11;Uqcrb;Uqcrq;mt-Cytb;mt-Nd1;mt-Nd2;mt-Nd3,6.825848478936707e-11,1.85208022061816e-08,tissue__spleen,spleen,ALL,condition,tissue,T2_up,BP,8.7900971879793e-08
GO:0019646,aerobic electron transport chain,9145,53,245,15,0.0612244897959183,10.564112437427802,Cox5b;Cox7a2;Cox7b;Cox7c;Cox8a;Ndufa7;Ndufs6;Uqcr10;Uqcr11;Uqcrb;Uqcrq;mt-Cytb;mt-Nd1;mt-Nd2;mt-Nd3,4.3276114603512715e-12,1.5656336572115267e-09,tissue__spleen,spleen,ALL,condition,tissue,T2_up,BP,6.670217054697068e-09
GO:0045333,cellular respiration,9145,199,245,36,0.1469387755102041,6.7525382012101325,Atp5e;Atp5j;Atp5j2;Atp5k;Coq10b;Cox10;Cox5b;Cox6b1;Cox6c;Cox7a2;Cox7b;Cox7c;Cox8a;Galk1;Mtln;Ndufa1;Ndufa13;Ndufa2;Ndufa3;Ndufa7;Ndufb1-ps;Ndufb2;Ndufb3;Ndufb4;Ndufb7;Ndufc1;Ndufs6;Ndufv3;Uqcr10;Uqcr11;Uqcrb;Uqcrq;mt-Cytb;mt-Nd1;mt-Nd2;mt-Nd3,2.3752201489796014e-20,5.155811203385055e-17,tissue__spleen,spleen,ALL,condition,tissue,T2_up,BP,1.2846658883591964e-16
GO:0006120,"mitochondrial electron transport, NADH to ubiquinone",9145,25,245,5,0.0204081632653061,7.46530612244898,Ndufa7;Ndufs6;mt-Nd1;mt-Nd2;mt-Nd3,0.0004536910380064,0.0492406006582983,tissue__spleen,spleen,ALL,condition,tissue,T2_up,BP,0.1632925442709329
GO:0009060,aerobic respiration,9145,173,245,34,0.1387755102040816,7.335849946915182,Atp5e;Atp5j;Atp5j2;Atp5k;Cox10;Cox5b;Cox6b1;Cox6c;Cox7a2;Cox7b;Cox7c;Cox8a;Galk1;Ndufa1;Ndufa13;Ndufa2;Ndufa3;Ndufa7;Ndufb1-ps;Ndufb2;Ndufb3;Ndufb4;Ndufb7;Ndufc1;Ndufs6;Ndufv3;Uqcr10;Uqcr11;Uqcrb;Uqcrq;mt-Cytb;mt-Nd1;mt-Nd2;mt-Nd3,1.850036706110897e-20,5.155811203385055e-17,tissue__spleen,spleen,ALL,condition,tissue,T2_up,BP,1.0286688207731455e-16
GO:0042775,mitochondrial ATP synthesis coupled electron transport,9145,58,245,16,0.0653061224489796,10.296973961998594,Cox5b;Cox7a2;Cox7b;Cox7c;Cox8a;Ndufa7;Ndufs6;Ndufv3;Uqcr10;Uqcr11;Uqcrb;Uqcrq;mt-Cytb;mt-Nd1;mt-Nd2;mt-Nd3,1.2676255500594273e-12,5.873380608669269e-10,tissue__spleen,spleen,ALL,condition,tissue,T2_up,BP,2.118458667856057e-09
GO:0006091,generation of precursor metabolites and energy,9145,271,245,36,0.1469387755102041,4.958505911589728,Atp5e;Atp5j;Atp5j2;Atp5k;Coq10b;Cox10;Cox5b;Cox6b1;Cox6c;Cox7a2;Cox7b;Cox7c;Cox8a;Galk1;Mtln;Ndufa1;Ndufa13;Ndufa2;Ndufa3;Ndufa7;Ndufb1-ps;Ndufb2;Ndufb3;Ndufb4;Ndufb7;Ndufc1;Ndufs6;Ndufv3;Uqcr10;Uqcr11;Uqcrb;Uqcrq;mt-Cytb;mt-Nd1;mt-Nd2;mt-Nd3,7.821574269178224e-16,6.366761455111075e-13,tissue__spleen,spleen,ALL,condition,tissue,T2_up,BP,2.0961396253599304e-12
GO:0006119,oxidative phosphorylation,9145,102,245,32,0.1306122448979592,11.71028411364546,Atp5e;Atp5j;Atp5j2;Atp5k;Cox5b;Cox6b1;Cox6c;Cox7a2;Cox7b;Cox7c;Cox8a;Ndufa1;Ndufa13;Ndufa2;Ndufa3;Ndufa7;Ndufb1-ps;Ndufb2;Ndufb3;Ndufb4;Ndufb7;Ndufc1;Ndufs6;Ndufv3;Uqcr10;Uqcr11;Uqcrb;Uqcrq;mt-Cytb;mt-Nd1;mt-Nd2;mt-Nd3,3.844312779036369e-26,2.503416481708483e-22,tissue__spleen,spleen,ALL,condition,tissue,T2_up,BP,5.717915498155324e-22
GO:0042773,ATP synthesis coupled electron transport,9145,60,245,16,0.0653061224489796,9.95374149659864,Cox5b;Cox7a2;Cox7b;Cox7c;Cox8a;Ndufa7;Ndufs6;Ndufv3;Uqcr10;Uqcr11;Uqcrb;Uqcrq;mt-Cytb;mt-Nd1;mt-Nd2;mt-Nd3,2.2610364528249258e-12,9.202418362997447e-10,tissue__spleen,spleen,ALL,condition,tissue,T2_up,BP,3.655432379171967e-09
GO:0033108,mitochondrial respiratory chain complex assembly,9145,97,245,17,0.0693877551020408,6.541763096991374,Cmc1;Coa7;Cox14;Cox16;Cox17;Cox20;Fmc1;Lyrm2;Mtln;Ndufa13;Ndufaf8;Ndufs6;Pet100;Sdhaf1;Smim4;mt-Nd1;mt-Nd2,6.061986290427257e-10,1.3158551574420769e-07,tissue__spleen,spleen,ALL,condition,tissue,T2_up,BP,6.843579923182385e-07
GO:0046034,ATP metabolic process,9145,136,245,24,0.0979591836734693,6.5870348139255706,Atp5e;Atp5j;Atp5j2;Atp5k;Atp5l;Galk1;Hspa1a;Hspa1b;Ndufa1;Ndufa13;Ndufa2;Ndufa3;Ndufa7;Ndufb1-ps;Ndufb2;Ndufb3;Ndufb4;Ndufb7;Ndufc1;Ndufs6;Ndufv3;mt-Nd1;mt-Nd2;mt-Nd3,1.274330988449088e-13,6.383417997523431e-11,tissue__spleen,spleen,ALL,condition,tissue,T2_up,BP,2.5021804386660335e-10
GO:0009117,nucleotide metabolic process,9145,294,245,25,0.1020408163265306,3.1740247119255867,Atp5e;Atp5j;Atp5j2;Atp5k;Atp5l;Galk1;Hspa1a;Hspa1b;Ndufa1;Ndufa13;Ndufa2;Ndufa3;Ndufa7;Ndufb1-ps;Ndufb2;Ndufb3;Ndufb4;Ndufb7;Ndufc1;Ndufs6;Ndufv3;Oasl2;mt-Nd1;mt-Nd2;mt-Nd3,2.883928607723597e-07,4.695035773374016e-05,tissue__spleen,spleen,ALL,condition,tissue,T2_up,BP,0.0002303070546722
GO:0009165,nucleotide biosynthetic process,9145,162,245,22,0.0897959183673469,5.069035021415973,Atp5e;Atp5j;Atp5j2;Atp5k;Atp5l;Ndufa1;Ndufa13;Ndufa2;Ndufa3;Ndufa7;Ndufb1-ps;Ndufb2;Ndufb3;Ndufb4;Ndufb7;Ndufc1;Ndufs6;Ndufv3;Oasl2;mt-Nd1;mt-Nd2;mt-Nd3,2.9543804123484124e-10,6.634112153521676e-08,tissue__spleen,spleen,ALL,condition,tissue,T2_up,BP,3.466869265415904e-07
GO:1901137,carbohydrate derivative biosynthetic process,9145,408,245,30,0.1224489795918367,2.7445978391356545,Atp5e;Atp5j;Atp5j2;Atp5k;Atp5l;Dpm3;Galnt11;Krtcap2;Ndufa1;Ndufa13;Ndufa2;Ndufa3;Ndufa7;Ndufb1-ps;Ndufb2;Ndufb3;Ndufb4;Ndufb7;Ndufc1;Ndufs6;Ndufv3;Ost4;Phlda1;Pigyl;Pxylp1;St8sia6;Tmem258;mt-Nd1;mt-Nd2;mt-Nd3,4.277844104299457e-07,6.632695430285254e-05,tissue__spleen,spleen,ALL,condition,tissue,T2_up,BP,0.0003313925513235
GO:0046390,ribose phosphate biosynthetic process,9145,130,245,21,0.0857142857142857,6.02967032967033,Atp5e;Atp5j;Atp5j2;Atp5k;Atp5l;Ndufa1;Ndufa13;Ndufa2;Ndufa3;Ndufa7;Ndufb1-ps;Ndufb2;Ndufb3;Ndufb4;Ndufb7;Ndufc1;Ndufs6;Ndufv3;mt-Nd1;mt-Nd2;mt-Nd3,2.7018081447679416e-11,7.649641147273407e-09,tissue__spleen,spleen,ALL,condition,tissue,T2_up,BP,3.6783417668498793e-08
GO:0006753,nucleoside phosphate metabolic process,9145,403,245,28,0.1142857142857142,2.593406593406593,Acot2;Atp5e;Atp5j;Atp5j2;Atp5k;Atp5l;Galk1;Hddc2;Hspa1a;Hspa1b;Ndufa1;Ndufa13;Ndufa2;Ndufa3;Ndufa7;Ndufb1-ps;Ndufb2;Ndufb3;Ndufb4;Ndufb7;Ndufc1;Ndufs6;Ndufv3;Nudt7;Oasl2;mt-Nd1;mt-Nd2;mt-Nd3,3.27154975632069e-06,0.0004532836598544,tissue__spleen,spleen,ALL,condition,tissue,T2_up,BP,0.0022118204368448
GO:0009260,ribonucleotide biosynthetic process,9145,124,245,21,0.0857142857142857,6.321428571428571,Atp5e;Atp5j;Atp5j2;Atp5k;Atp5l;Ndufa1;Ndufa13;Ndufa2;Ndufa3;Ndufa7;Ndufb1-ps;Ndufb2;Ndufb3;Ndufb4;Ndufb7;Ndufc1;Ndufs6;Ndufv3;mt-Nd1;mt-Nd2;mt-Nd3,1.0585340384988262e-11,3.2824636470020743e-09,tissue__spleen,spleen,ALL,condition,tissue,T2_up,BP,1.539786574906601e-08
GO:0009144,purine nucleoside triphosphate metabolic process,9145,164,245,24,0.0979591836734693,5.462419113987058,Atp5e;Atp5j;Atp5j2;Atp5k;Atp5l;Galk1;Hspa1a;Hspa1b;Ndufa1;Ndufa13;Ndufa2;Ndufa3;Ndufa7;Ndufb1-ps;Ndufb2;Ndufb3;Ndufb4;Ndufb7;Ndufc1;Ndufs6;Ndufv3;mt-Nd1;mt-Nd2;mt-Nd3,8.642289046570136e-12,2.813929313563236e-09,tissue__spleen,spleen,ALL,condition,tissue,T2_up,BP,1.2695586626367431e-08
GO:0009259,ribonucleotide metabolic process,9145,217,245,24,0.0979591836734693,4.128279883381924,Atp5e;Atp5j;Atp5j2;Atp5k;Atp5l;Galk1;Hspa1a;Hspa1b;Ndufa1;Ndufa13;Ndufa2;Ndufa3;Ndufa7;Ndufb1-ps;Ndufb2;Ndufb3;Ndufb4;Ndufb7;Ndufc1;Ndufs6;Ndufv3;mt-Nd1;mt-Nd2;mt-Nd3,3.186009369087113e-09,6.287058488331904e-07,tissue__spleen,spleen,ALL,condition,tissue,T2_up,BP,3.2568898661849484e-06
GO:0042776,proton motive force-driven mitochondrial ATP synthesis,9145,63,245,20,0.0816326530612244,11.849692257855525,Atp5e;Atp5j;Atp5j2;Atp5k;Ndufa1;Ndufa13;Ndufa2;Ndufa3;Ndufa7;Ndufb1-ps;Ndufb2;Ndufb3;Ndufb4;Ndufb7;Ndufc1;Ndufs6;Ndufv3;mt-Nd1;mt-Nd2;mt-Nd3,8.096639211718765e-17,8.787552424452103e-14,tissue__spleen,spleen,ALL,condition,tissue,T2_up,BP,2.50889547173628e-13
GO:0006164,purine nucleotide biosynthetic process,9145,135,245,22,0.0897959183673469,6.082842025699168,Atp5e;Atp5j;Atp5j2;Atp5k;Atp5l;Ndufa1;Ndufa13;Ndufa2;Ndufa3;Ndufa7;Ndufb1-ps;Ndufb2;Ndufb3;Ndufb4;Ndufb7;Ndufc1;Ndufs6;Ndufv3;Oasl2;mt-Nd1;mt-Nd2;mt-Nd3,7.419413933691048e-12,2.542906501905058e-09,tissue__spleen,spleen,ALL,condition,tissue,T2_up,BP,1.0980511146819957e-08
GO:0009152,purine ribonucleotide biosynthetic process,9145,112,245,21,0.0857142857142857,6.998724489795918,Atp5e;Atp5j;Atp5j2;Atp5k;Atp5l;Ndufa1;Ndufa13;Ndufa2;Ndufa3;Ndufa7;Ndufb1-ps;Ndufb2;Ndufb3;Ndufb4;Ndufb7;Ndufc1;Ndufs6;Ndufv3;mt-Nd1;mt-Nd2;mt-Nd3,1.3528978674760294e-12,5.873380608669269e-10,tissue__spleen,spleen,ALL,condition,tissue,T2_up,BP,2.239823209518635e-09
GO:0009141,nucleoside triphosphate metabolic process,9145,166,245,24,0.0979591836734693,5.396606835505286,Atp5e;Atp5j;Atp5j2;Atp5k;Atp5l;Galk1;Hspa1a;Hspa1b;Ndufa1;Ndufa13;Ndufa2;Ndufa3;Ndufa7;Ndufb1-ps;Ndufb2;Ndufb3;Ndufb4;Ndufb7;Ndufc1;Ndufs6;Ndufv3;mt-Nd1;mt-Nd2;mt-Nd3,1.1274346673783855e-11,3.3372066154400214e-09,tissue__spleen,spleen,ALL,condition,tissue,T2_up,BP,1.6320316313562913e-08
GO:0072521,purine-containing compound metabolic process,9145,355,245,27,0.110204081632653,2.8389192296636967,Acot2;Atp5e;Atp5j;Atp5j2;Atp5k;Atp5l;Galk1;Hspa1a;Hspa1b;Ndufa1;Ndufa13;Ndufa2;Ndufa3;Ndufa7;Ndufb1-ps;Ndufb2;Ndufb3;Ndufb4;Ndufb7;Ndufc1;Ndufs6;Ndufv3;Nudt7;Oasl2;mt-Nd1;mt-Nd2;mt-Nd3,8.795089216790762e-07,0.0001272747132883,tissue__spleen,spleen,ALL,condition,tissue,T2_up,BP,0.0006476015766523
GO:0009205,purine ribonucleoside triphosphate metabolic process,9145,156,245,24,0.0979591836734693,5.742543171114599,Atp5e;Atp5j;Atp5j2;Atp5k;Atp5l;Galk1;Hspa1a;Hspa1b;Ndufa1;Ndufa13;Ndufa2;Ndufa3;Ndufa7;Ndufb1-ps;Ndufb2;Ndufb3;Ndufb4;Ndufb7;Ndufc1;Ndufs6;Ndufv3;mt-Nd1;mt-Nd2;mt-Nd3,2.859032667149135e-12,1.0951776899103036e-09,tissue__spleen,spleen,ALL,condition,tissue,T2_up,BP,4.535935379346782e-09
GO:0019693,ribose phosphate metabolic process,9145,224,245,24,0.0979591836734693,3.999271137026239,Atp5e;Atp5j;Atp5j2;Atp5k;Atp5l;Galk1;Hspa1a;Hspa1b;Ndufa1;Ndufa13;Ndufa2;Ndufa3;Ndufa7;Ndufb1-ps;Ndufb2;Ndufb3;Ndufb4;Ndufb7;Ndufc1;Ndufs6;Ndufv3;mt-Nd1;mt-Nd2;mt-Nd3,6.030806655200188e-09,1.1550768511371653e-06,tissue__spleen,spleen,ALL,condition,tissue,T2_up,BP,5.920819072439013e-06
GO:0009206,purine ribonucleoside triphosphate biosynthetic process,9145,86,245,21,0.0857142857142857,9.114617940199336,Atp5e;Atp5j;Atp5j2;Atp5k;Atp5l;Ndufa1;Ndufa13;Ndufa2;Ndufa3;Ndufa7;Ndufb1-ps;Ndufb2;Ndufb3;Ndufb4;Ndufb7;Ndufc1;Ndufs6;Ndufv3;mt-Nd1;mt-Nd2;mt-Nd3,5.0534200033625314e-15,3.656430117988534e-12,tissue__spleen,spleen,ALL,condition,tissue,T2_up,BP,1.2074386040805348e-11
GO:0090407,organophosphate biosynthetic process,9145,424,245,24,0.0979591836734693,2.1128224874855603,Atp5e;Atp5j;Atp5j2;Atp5k;Atp5l;Dpm3;Ndufa1;Ndufa13;Ndufa2;Ndufa3;Ndufa7;Ndufb1-ps;Ndufb2;Ndufb3;Ndufb4;Ndufb7;Ndufc1;Ndufs6;Ndufv3;Oasl2;Pigyl;mt-Nd1;mt-Nd2;mt-Nd3,0.0004185085891863,0.0461919988607003,tissue__spleen,spleen,ALL,condition,tissue,T2_up,BP,0.1538880396286917
GO:0072522,purine-containing compound biosynthetic process,9145,179,245,22,0.0897959183673469,4.587618287538479,Atp5e;Atp5j;Atp5j2;Atp5k;Atp5l;Ndufa1;Ndufa13;Ndufa2;Ndufa3;Ndufa7;Ndufb1-ps;Ndufb2;Ndufb3;Ndufb4;Ndufb7;Ndufc1;Ndufs6;Ndufv3;Oasl2;mt-Nd1;mt-Nd2;mt-Nd3,2.051963089601272e-09,4.175744887338589e-07,tissue__spleen,spleen,ALL,condition,tissue,T2_up,BP,2.153106413107756e-06
GO:0006754,ATP biosynthetic process,9145,77,245,21,0.0857142857142857,10.17996289424861,Atp5e;Atp5j;Atp5j2;Atp5k;Atp5l;Ndufa1;Ndufa13;Ndufa2;Ndufa3;Ndufa7;Ndufb1-ps;Ndufb2;Ndufb3;Ndufb4;Ndufb7;Ndufc1;Ndufs6;Ndufv3;mt-Nd1;mt-Nd2;mt-Nd3,4.3515242402652394e-16,4.048160836086748e-13,tissue__spleen,spleen,ALL,condition,tissue,T2_up,BP,1.221193699857228e-12
GO:0009201,ribonucleoside triphosphate biosynthetic process,9145,94,245,21,0.0857142857142857,8.338905775075988,Atp5e;Atp5j;Atp5j2;Atp5k;Atp5l;Ndufa1;Ndufa13;Ndufa2;Ndufa3;Ndufa7;Ndufb1-ps;Ndufb2;Ndufb3;Ndufb4;Ndufb7;Ndufc1;Ndufs6;Ndufv3;mt-Nd1;mt-Nd2;mt-Nd3,3.4593049847925276e-14,1.877249505080745e-11,tissue__spleen,spleen,ALL,condition,tissue,T2_up,BP,7.298250291107605e-11
GO:0055086,nucleobase-containing small molecule metabolic process,9145,428,245,28,0.1142857142857142,2.4419225634178905,Acot2;Atp5e;Atp5j;Atp5j2;Atp5k;Atp5l;Galk1;Hddc2;Hspa1a;Hspa1b;Ndufa1;Ndufa13;Ndufa2;Ndufa3;Ndufa7;Ndufb1-ps;Ndufb2;Ndufb3;Ndufb4;Ndufb7;Ndufc1;Ndufs6;Ndufv3;Nudt7;Oasl2;mt-Nd1;mt-Nd2;mt-Nd3,1.0293540439691828e-05,0.0013143438302602,tissue__spleen,spleen,ALL,condition,tissue,T2_up,BP,0.0063135271108389
GO:0009142,nucleoside triphosphate biosynthetic process,9145,94,245,21,0.0857142857142857,8.338905775075988,Atp5e;Atp5j;Atp5j2;Atp5k;Atp5l;Ndufa1;Ndufa13;Ndufa2;Ndufa3;Ndufa7;Ndufb1-ps;Ndufb2;Ndufb3;Ndufb4;Ndufb7;Ndufc1;Ndufs6;Ndufv3;mt-Nd1;mt-Nd2;mt-Nd3,3.4593049847925276e-14,1.877249505080745e-11,tissue__spleen,spleen,ALL,condition,tissue,T2_up,BP,7.298250291107605e-11
GO:0009145,purine nucleoside triphosphate biosynthetic process,9145,87,245,21,0.0857142857142857,9.009852216748769,Atp5e;Atp5j;Atp5j2;Atp5k;Atp5l;Ndufa1;Ndufa13;Ndufa2;Ndufa3;Ndufa7;Ndufb1-ps;Ndufb2;Ndufb3;Ndufb4;Ndufb7;Ndufc1;Ndufs6;Ndufv3;mt-Nd1;mt-Nd2;mt-Nd3,6.5046977555805154e-15,4.235859178434032e-12,tissue__spleen,spleen,ALL,condition,tissue,T2_up,BP,1.523605086727211e-11
GO:0006163,purine nucleotide metabolic process,9145,257,245,25,0.1020408163265306,3.630985468117208,Atp5e;Atp5j;Atp5j2;Atp5k;Atp5l;Galk1;Hspa1a;Hspa1b;Ndufa1;Ndufa13;Ndufa2;Ndufa3;Ndufa7;Ndufb1-ps;Ndufb2;Ndufb3;Ndufb4;Ndufb7;Ndufc1;Ndufs6;Ndufv3;Oasl2;mt-Nd1;mt-Nd2;mt-Nd3,2.0636941046034132e-08,3.8396502883364075e-06,tissue__spleen,spleen,ALL,condition,tissue,T2_up,BP,1.8802307506058063e-05
GO:1901293,nucleoside phosphate biosynthetic process,9145,229,245,22,0.0897959183673469,3.585954905979859,Atp5e;Atp5j;Atp5j2;Atp5k;Atp5l;Ndufa1;Ndufa13;Ndufa2;Ndufa3;Ndufa7;Ndufb1-ps;Ndufb2;Ndufb3;Ndufb4;Ndufb7;Ndufc1;Ndufs6;Ndufv3;Oasl2;mt-Nd1;mt-Nd2;mt-Nd3,1.902139825467155e-07,3.176085780369773e-05,tissue__spleen,spleen,ALL,condition,tissue,T2_up,BP,0.0001546003121423
GO:0009150,purine ribonucleotide metabolic process,9145,202,245,24,0.0979591836734693,4.434835320266721,Atp5e;Atp5j;Atp5j2;Atp5k;Atp5l;Galk1;Hspa1a;Hspa1b;Ndufa1;Ndufa13;Ndufa2;Ndufa3;Ndufa7;Ndufb1-ps;Ndufb2;Ndufb3;Ndufb4;Ndufb7;Ndufc1;Ndufs6;Ndufv3;mt-Nd1;mt-Nd2;mt-Nd3,7.367183706903724e-10,1.547583880624421e-07,tissue__spleen,spleen,ALL,condition,tissue,T2_up,BP,8.208035977631005e-07
GO:0015986,proton motive force-driven ATP synthesis,9145,67,245,21,0.0857142857142857,11.699360341151388,Atp5e;Atp5j;Atp5j2;Atp5k;Atp5l;Ndufa1;Ndufa13;Ndufa2;Ndufa3;Ndufa7;Ndufb1-ps;Ndufb2;Ndufb3;Ndufb4;Ndufb7;Ndufc1;Ndufs6;Ndufv3;mt-Nd1;mt-Nd2;mt-Nd3,1.7915789060420218e-17,2.4829753522563375e-14,tissue__spleen,spleen,ALL,condition,tissue,T2_up,BP,6.307078621253782e-14
GO:1902600,proton transmembrane transport,9145,98,245,11,0.0448979591836734,4.189712619741774,Atp5e;Atp5j;Atp5k;Atp5l;Ndufa2;Ndufb7;Slc9a8;mt-Cytb;mt-Nd1;mt-Nd2;mt-Nd3,5.839410546019926e-05,0.0066712704343301,tissue__spleen,spleen,ALL,condition,tissue,T2_up,BP,0.0296176097658436
GO:0006412,translation,9145,383,245,25,0.1020408163265306,2.436457611765333,Eefsec;Mrpl10;Mrpl23;Mrpl33;Mrpl52;Mrpl57;Mrps18c;Mrps21;Rpl22;Rpl30;Rpl34;Rpl35;Rpl35a;Rpl36;Rpl36a;Rpl37;Rpl37a;Rpl39;Rpl41;Rps15a;Rps21;Rps26;Rps27;Rps28;Uba52,3.2821058933757095e-05,0.0038166202817254,tissue__spleen,spleen,ALL,condition,tissue,T2_up,BP,0.0179309672823883
GO:0002181,cytoplasmic translation,9145,194,245,16,0.0653061224489796,3.0784767515253524,Rpl22;Rpl30;Rpl34;Rpl35;Rpl35a;Rpl36;Rpl36a;Rpl37;Rpl37a;Rpl39;Rpl41;Rps15a;Rps21;Rps26;Rps28;Uba52,6.26102572861597e-05,0.0070296206111633,tissue__spleen,spleen,ALL,condition,tissue,T2_up,BP,0.0314344703391444
GO:0160307,protein biosynthetic process,9145,383,245,25,0.1020408163265306,2.436457611765333,Eefsec;Mrpl10;Mrpl23;Mrpl33;Mrpl52;Mrpl57;Mrps18c;Mrps21;Rpl22;Rpl30;Rpl34;Rpl35;Rpl35a;Rpl36;Rpl36a;Rpl37;Rpl37a;Rpl39;Rpl41;Rps15a;Rps21;Rps26;Rps27;Rps28;Uba52,3.2821058933757095e-05,0.0038166202817254,tissue__spleen,spleen,ALL,condition,tissue,T2_up,BP,0.0179309672823883
GO:0006941,striated muscle contraction,9145,85,245,11,0.0448979591836734,4.830492196878752,Rpl30;Rpl34;Rpl35;Rpl35a;Rpl36;Rpl36a;Rpl37;Rpl37a;Rpl39;Rpl41;Uba52,1.5108425183282e-05,0.0018920397075679,tissue__spleen,spleen,ALL,condition,tissue,T2_up,BP,0.0089340826974409
GO:0140236,translation at presynapse,9145,47,245,13,0.0530612244897959,10.32435953104646,Rpl22;Rpl34;Rpl35;Rpl35a;Rpl36;Rpl36a;Rpl37;Rpl37a;Rps15a;Rps26;Rps27;Rps28;Uba52,1.6697947458525158e-10,4.23334621417243e-08,tissue__spleen,spleen,ALL,condition,tissue,T2_up,BP,2.056813756636569e-07
GO:0140241,translation at synapse,9145,48,245,13,0.0530612244897959,10.109268707482991,Rpl22;Rpl34;Rpl35;Rpl35a;Rpl36;Rpl36a;Rpl37;Rpl37a;Rps15a;Rps26;Rps27;Rps28;Uba52,2.2360345745126224e-10,5.2003775532950707e-08,tissue__spleen,spleen,ALL,condition,tissue,T2_up,BP,2.6875238344184556e-07
GO:0140242,translation at postsynapse,9145,48,245,13,0.0530612244897959,10.109268707482991,Rpl22;Rpl34;Rpl35;Rpl35a;Rpl36;Rpl36a;Rpl37;Rpl37a;Rps15a;Rps26;Rps27;Rps28;Uba52,2.2360345745126224e-10,5.2003775532950707e-08,tissue__spleen,spleen,ALL,condition,tissue,T2_up,BP,2.6875238344184556e-07
GO:1901740,negative regulation of myoblast fusion,9145,47,245,11,0.0448979591836734,8.735996526270082,Rpl30;Rpl34;Rpl35;Rpl35a;Rpl36;Rpl36a;Rpl37;Rpl37a;Rpl39;Rpl41;Uba52,3.029905776611198e-08,5.4807628936922555e-06,tissue__spleen,spleen,ALL,condition,tissue,T2_up,BP,2.7107314014786148e-05
GO:1901739,regulation of myoblast fusion,9145,58,245,11,0.0448979591836734,7.079169598874032,Rpl30;Rpl34;Rpl35;Rpl35a;Rpl36;Rpl36a;Rpl37;Rpl37a;Rpl39;Rpl41;Uba52,3.052478392268623e-07,4.848229095232505e-05,tissue__spleen,spleen,ALL,condition,tissue,T2_up,BP,0.0002418196956755
GO:0060142,regulation of syncytium formation by plasma membrane fusion,9145,63,245,11,0.0448979591836734,6.517330741820538,Rpl30;Rpl34;Rpl35;Rpl35a;Rpl36;Rpl36a;Rpl37;Rpl37a;Rpl39;Rpl41;Uba52,7.334092053941521e-07,0.0001085445623983,tissue__spleen,spleen,ALL,condition,tissue,T2_up,BP,0.0005488557734979
GO:0034242,negative regulation of syncytium formation by plasma membrane fusion,9145,48,245,11,0.0448979591836734,8.553996598639456,Rpl30;Rpl34;Rpl35;Rpl35a;Rpl36;Rpl36a;Rpl37;Rpl37a;Rpl39;Rpl41;Uba52,3.838641876145576e-08,6.756009702016215e-06,tissue__spleen,spleen,ALL,condition,tissue,T2_up,BP,3.403565286034364e-05
GO:0006122,"mitochondrial electron transport, ubiquinol to cytochrome c",9145,12,245,5,0.0204081632653061,15.552721088435373,Uqcr10;Uqcr11;Uqcrb;Uqcrq;mt-Cytb,8.997625140953682e-06,0.0011718506983578,tissue__spleen,spleen,ALL,condition,tissue,T2_up,BP,0.0055703632490739
GO:0017004,cytochrome complex assembly,9145,42,245,9,0.036734693877551,7.998542274052477,Cmc1;Coa7;Cox10;Cox14;Cox16;Cox17;Cox20;Pet100;Smim4,1.2644855947942198e-06,0.0001790071781152,tissue__spleen,spleen,ALL,condition,tissue,T2_up,BP,0.0009074827209307
GO:0008535,respiratory chain complex IV assembly,9145,31,245,9,0.036734693877551,10.83673469387755,Cmc1;Coa7;Cox10;Cox14;Cox16;Cox17;Cox20;Pet100;Smim4,7.397393659943758e-08,1.2676796714093094e-05,tissue__spleen,spleen,ALL,condition,tissue,T2_up,BP,6.341591589619912e-05
GO:0006123,"mitochondrial electron transport, cytochrome c to oxygen",9145,11,245,5,0.0204081632653061,16.96660482374768,Cox5b;Cox7a2;Cox7b;Cox7c;Cox8a,5.3656345439870775e-06,0.0007279377531342,tissue__spleen,spleen,ALL,condition,tissue,T2_up,BP,0.0035002999349517
GO:0033617,mitochondrial respiratory chain complex IV assembly,9145,28,245,8,0.0326530612244898,10.66472303206997,Cmc1;Coa7;Cox14;Cox16;Cox17;Cox20;Pet100;Smim4,4.627264645517473e-07,7.007615667816229e-05,tissue__spleen,spleen,ALL,condition,tissue,T2_up,BP,0.0003542257917056
GO:0034504,protein localization to nucleus,9145,174,464,22,0.0474137931034482,2.4919490685691637,Akirin2;Fam76b;Gusb;Hikeshi;Hnrnpu;Hspa8;Ing1;Kpna1;Kpna3;Lmnb2;Med1;Morc3;Nol8;Nop14;Nop53;Nup50;Pttg1ip;Rangap1;Rpain;Tor1b;Wrn;Ywhae,6.58309726104316e-05,0.0490857520976768,tissue__spleen,spleen,ALL,condition,tissue,Ctrl_up,BP,0.032940290574122
GO:0046661,male sex differentiation,9145,73,464,14,0.0301724137931034,3.779818138875768,Akap9;Arid4a;Atrx;Bcl2;Crkl;Ctnnb1;Fkbp4;Fndc3a;Nr3c1;Plekha1;Scaper;Tbc1d20;Tmf1;Wdr48,1.4430733925213605e-05,0.0313243131069969,tissue__spleen,spleen,ALL,condition,tissue,Ctrl_up,BP,0.0085979868736177
GO:0008584,male gonad development,9145,65,464,12,0.0258620689655172,3.6385941644562334,Akap9;Arid4a;Atrx;Bcl2;Crkl;Fndc3a;Nr3c1;Plekha1;Scaper;Tbc1d20;Tmf1;Wdr48,8.706563468438214e-05,0.0490857520976768,tissue__spleen,spleen,ALL,condition,tissue,Ctrl_up,BP,0.0418751214423636
GO:0046546,development of primary male sexual characteristics,9145,65,464,12,0.0258620689655172,3.6385941644562334,Akap9;Arid4a;Atrx;Bcl2;Crkl;Fndc3a;Nr3c1;Plekha1;Scaper;Tbc1d20;Tmf1;Wdr48,8.706563468438214e-05,0.0490857520976768,tissue__spleen,spleen,ALL,condition,tissue,Ctrl_up,BP,0.0418751214423636
GO:0033044,regulation of chromosome organization,9145,212,464,28,0.0603448275862069,2.6030823031880286,Atrx;Baz1b;Birc5;Cct3;Cct4;Cct6a;Cdk5rap2;Ctnnb1;Dpf2;Hnrnpu;Kat2b;Lcmt1;Nvl;Prpf4b;Ptges3;Rad50;Ruvbl1;Sfpq;Slx4;Smarcc1;Smc2;Smc4;Smc5;Smg6;Terf2ip;Wapl;Yy1;Zw10,2.883092442535186e-06,0.0093873489928945,tissue__spleen,spleen,ALL,condition,tissue,Ctrl_up,BP,0.0019784199336809
GO:2001252,positive regulation of chromosome organization,9145,97,464,16,0.0344827586206896,3.2509776039815144,Atrx;Cct3;Cct4;Cct6a;Ctnnb1;Nvl;Ptges3;Rad50;Ruvbl1;Sfpq;Slx4;Smc2;Smc4;Smc5;Terf2ip;Yy1,2.627325365062353e-05,0.0413611746615954,tissue__spleen,spleen,ALL,condition,tissue,Ctrl_up,BP,0.0147743097475719
GO:0051147,regulation of muscle cell differentiation,9145,83,464,14,0.0301724137931034,3.3244183631076027,Akirin2;Bcl2;Ccnd2;Dnmt1;Ehmt1;Fbxo22;Nr3c1;Pin1;Prdm16;Rbm10;Slc25a4;Trim32;Trip10;Yy1,6.477244518232649e-05,0.0490857520976768,tissue__spleen,spleen,ALL,condition,tissue,Ctrl_up,BP,0.0324652373347386
GO:0006457,protein folding,9145,153,464,25,0.0538793103448275,3.2204332882578317,Ahsa1;Ahsa2;Ccdc47;Cct3;Cct4;Cct6a;Chordc1;Cybc1;Dnaja1;Dnaja2;Dnaja4;Dnajc3;Ero1l;Fkbp4;Hsp90aa1;Hsp90ab1;Hspa8;Hspd1;Hsph1;Khsrp;Pdcl3;Ptges3;Sdf2;St13;Tuba1a,1.7761071841409214e-07,0.0011566009983125,tissue__spleen,spleen,ALL,condition,tissue,Ctrl_up,BP,0.0001449508116584
GO:0009408,response to heat,9145,60,464,12,0.0258620689655172,3.941810344827586,Dhx9;Dnaja1;Dnaja2;Dnaja4;Hikeshi;Hsp90aa1;Hsp90ab1;Hspa8;Hspd1;Pdcl3;Psip1;Ywhae,3.810919041301791e-05,0.0413611746615954,tissue__spleen,spleen,ALL,condition,tissue,Ctrl_up,BP,0.0204077287289326
GO:0034605,cellular response to heat,9145,42,464,10,0.021551724137931,4.692631362889984,Dhx9;Dnaja2;Dnaja4;Hikeshi;Hsp90aa1;Hsp90ab1;Hspa8;Hspd1;Pdcl3;Ywhae,3.480094424973478e-05,0.0413611746615954,tissue__spleen,spleen,ALL,condition,tissue,Ctrl_up,BP,0.0188567870487169
GO:0071707,immunoglobulin heavy chain V-D-J recombination,9145,6,464,4,0.0086206896551724,13.139367816091957,Polb;Smc2;Smc4;Yy1,9.045286013085408e-05,0.0490857520976768,tissue__spleen,spleen,ALL,condition,tissue,Ctrl_up,BP,0.0432246973727962
GO:1905323,telomerase holoenzyme complex assembly,9145,6,464,4,0.0086206896551724,13.139367816091957,Hsp90aa1;Hsp90ab1;Nvl;Ptges3,9.045286013085408e-05,0.0490857520976768,tissue__spleen,spleen,ALL,condition,tissue,Ctrl_up,BP,0.0432246973727962
GO:0140236,translation at presynapse,8853,47,6,3,0.5,94.1808510638298,Rpl35;Rpl37a;Rps27,2.7740065107553155e-06,0.0063305171159163,cluster_tissue__C0__spleen,spleen,C0,condition,original,T2_up,BP,0.0019079648850414
GO:0140241,translation at synapse,8853,48,6,3,0.5,92.21875,Rpl35;Rpl37a;Rps27,2.958185568185213e-06,0.0063305171159163,cluster_tissue__C0__spleen,spleen,C0,condition,original,T2_up,BP,0.0020252780062378
GO:0140242,translation at postsynapse,8853,48,6,3,0.5,92.21875,Rpl35;Rpl37a;Rps27,2.958185568185213e-06,0.0063305171159163,cluster_tissue__C0__spleen,spleen,C0,condition,original,T2_up,BP,0.0020252780062378
GO:0006936,muscle contraction,9145,111,201,13,0.0646766169154228,5.328537492716597,Actn2;Ndufs6;Rpl30;Rpl34;Rpl35;Rpl35a;Rpl36;Rpl36a;Rpl37;Rpl37a;Rpl39;Rpl41;Uba52,8.5923396239503e-07,0.0001216376426764,cluster_tissue__C3__spleen,spleen,C3,condition,original,T2_up,BP,0.0006350304688931
GO:0003012,muscle system process,9145,141,201,13,0.0646766169154228,4.1948061112875346,Actn2;Ndufs6;Rpl30;Rpl34;Rpl35;Rpl35a;Rpl36;Rpl36a;Rpl37;Rpl37a;Rpl39;Rpl41;Uba52,1.2686762940028242e-05,0.0015887730820281,cluster_tissue__C3__spleen,spleen,C3,condition,original,T2_up,BP,0.007662907855476
GO:0007005,mitochondrion organization,9145,312,201,20,0.099502487562189,2.916507207551984,Cmc1;Cox10;Cox14;Cox17;Cox20;Fmc1;Jun;Lyrm2;Mtln;Ndufa13;Ndufaf8;Ndufs6;Nipsnap2;Pet100;Romo1;Sdhaf1;Slirp;Smim4;mt-Nd1;mt-Nd2,1.6394913151951663e-05,0.002014408951802,cluster_tissue__C3__spleen,spleen,C3,condition,original,T2_up,BP,0.0096099712216032
GO:0022904,respiratory electron transport chain,9145,78,201,17,0.0845771144278607,9.916124505676745,Cox5b;Cox7a2;Cox7b;Cox7c;Cox8a;Ndufa5;Ndufa7;Ndufs6;Ndufv3;Uqcr10;Uqcr11;Uqcrb;Uqcrq;mt-Cytb;mt-Nd1;mt-Nd2;mt-Nd3,6.397713468857306e-13,1.602381158046107e-10,cluster_tissue__C3__spleen,spleen,C3,condition,original,T2_up,BP,1.1328294145445586e-09
GO:0015980,energy derivation by oxidation of organic compounds,9145,242,201,39,0.1940298507462686,7.332243739977797,Atp5e;Atp5j;Atp5j2;Atp5k;Coq10b;Cox10;Cox5b;Cox6b1;Cox6c;Cox7a2;Cox7b;Cox7c;Cox8a;Galk1;Mtln;Mttp;Ndufa1;Ndufa13;Ndufa2;Ndufa3;Ndufa5;Ndufa7;Ndufb1-ps;Ndufb2;Ndufb3;Ndufb4;Ndufb7;Ndufc1;Ndufs6;Ndufv3;Slc37a4;Uqcr10;Uqcr11;Uqcrb;Uqcrq;mt-Cytb;mt-Nd1;mt-Nd2;mt-Nd3,2.260670724584352e-23,3.680371939623325e-20,cluster_tissue__C3__spleen,spleen,C3,condition,original,T2_up,BP,2.1015336347656426e-19
GO:0022900,electron transport chain,9145,85,201,18,0.0895522388059701,9.63476733977173,Cox5b;Cox7a2;Cox7b;Cox7c;Cox8a;Ndufa5;Ndufa7;Ndufb3;Ndufs6;Ndufv3;Uqcr10;Uqcr11;Uqcrb;Uqcrq;mt-Cytb;mt-Nd1;mt-Nd2;mt-Nd3,2.2154817869580206e-13,6.011340581946096e-11,cluster_tissue__C3__spleen,spleen,C3,condition,original,T2_up,BP,4.1844332005939695e-10
GO:0019646,aerobic electron transport chain,9145,53,201,15,0.0746268656716417,12.8766544635314,Cox5b;Cox7a2;Cox7b;Cox7c;Cox8a;Ndufa7;Ndufs6;Uqcr10;Uqcr11;Uqcrb;Uqcrq;mt-Cytb;mt-Nd1;mt-Nd2;mt-Nd3,2.399699620409521e-13,6.250737571242719e-11,cluster_tissue__C3__spleen,spleen,C3,condition,original,T2_up,BP,4.4896116030295704e-10
GO:0045333,cellular respiration,9145,199,201,38,0.1890547263681592,8.68796719917998,Atp5e;Atp5j;Atp5j2;Atp5k;Coq10b;Cox10;Cox5b;Cox6b1;Cox6c;Cox7a2;Cox7b;Cox7c;Cox8a;Galk1;Mtln;Mttp;Ndufa1;Ndufa13;Ndufa2;Ndufa3;Ndufa5;Ndufa7;Ndufb1-ps;Ndufb2;Ndufb3;Ndufb4;Ndufb7;Ndufc1;Ndufs6;Ndufv3;Uqcr10;Uqcr11;Uqcrb;Uqcrq;mt-Cytb;mt-Nd1;mt-Nd2;mt-Nd3,1.4587118553443455e-25,3.1663772006674593e-22,cluster_tissue__C3__spleen,spleen,C3,condition,original,T2_up,BP,1.928572668696462e-21
GO:0006120,"mitochondrial electron transport, NADH to ubiquinone",9145,25,201,5,0.0248756218905472,9.099502487562187,Ndufa7;Ndufs6;mt-Nd1;mt-Nd2;mt-Nd3,0.0001811942650545,0.0198979553599616,cluster_tissue__C3__spleen,spleen,C3,condition,original,T2_up,BP,0.0772768212226988
GO:0009060,aerobic respiration,9145,173,201,36,0.1791044776119403,9.467690449486671,Atp5e;Atp5j;Atp5j2;Atp5k;Cox10;Cox5b;Cox6b1;Cox6c;Cox7a2;Cox7b;Cox7c;Cox8a;Galk1;Mttp;Ndufa1;Ndufa13;Ndufa2;Ndufa3;Ndufa5;Ndufa7;Ndufb1-ps;Ndufb2;Ndufb3;Ndufb4;Ndufb7;Ndufc1;Ndufs6;Ndufv3;Uqcr10;Uqcr11;Uqcrb;Uqcrq;mt-Cytb;mt-Nd1;mt-Nd2;mt-Nd3,1.3337131745228502e-25,3.1663772006674593e-22,cluster_tissue__C3__spleen,spleen,C3,condition,original,T2_up,BP,1.8033863312636832e-21
GO:0042775,mitochondrial ATP synthesis coupled electron transport,9145,58,201,16,0.0796019900497512,12.55103791387888,Cox5b;Cox7a2;Cox7b;Cox7c;Cox8a;Ndufa7;Ndufs6;Ndufv3;Uqcr10;Uqcr11;Uqcrb;Uqcrq;mt-Cytb;mt-Nd1;mt-Nd2;mt-Nd3,5.795006065991458e-14,1.887965946444965e-11,cluster_tissue__C3__spleen,spleen,C3,condition,original,T2_up,BP,1.1936882709010344e-10
GO:0006091,generation of precursor metabolites and energy,9145,271,201,39,0.1940298507462686,6.547612491050284,Atp5e;Atp5j;Atp5j2;Atp5k;Coq10b;Cox10;Cox5b;Cox6b1;Cox6c;Cox7a2;Cox7b;Cox7c;Cox8a;Galk1;Mtln;Mttp;Ndufa1;Ndufa13;Ndufa2;Ndufa3;Ndufa5;Ndufa7;Ndufb1-ps;Ndufb2;Ndufb3;Ndufb4;Ndufb7;Ndufc1;Ndufs6;Ndufv3;Slc37a4;Uqcr10;Uqcr11;Uqcrb;Uqcrq;mt-Cytb;mt-Nd1;mt-Nd2;mt-Nd3,1.6018648792506584e-21,2.0862688187360573e-18,cluster_tissue__C3__spleen,spleen,C3,condition,original,T2_up,BP,1.0829844388413873e-17
GO:0006119,oxidative phosphorylation,9145,102,201,33,0.1641791044776119,14.719783435762364,Atp5e;Atp5j;Atp5j2;Atp5k;Cox5b;Cox6b1;Cox6c;Cox7a2;Cox7b;Cox7c;Cox8a;Ndufa1;Ndufa13;Ndufa2;Ndufa3;Ndufa5;Ndufa7;Ndufb1-ps;Ndufb2;Ndufb3;Ndufb4;Ndufb7;Ndufc1;Ndufs6;Ndufv3;Uqcr10;Uqcr11;Uqcrb;Uqcrq;mt-Cytb;mt-Nd1;mt-Nd2;mt-Nd3,2.3541099154323413e-30,1.5329963769295403e-26,cluster_tissue__C3__spleen,spleen,C3,condition,original,T2_up,BP,8.753581162291503e-26
GO:0042773,ATP synthesis coupled electron transport,9145,60,201,16,0.0796019900497512,12.132669983416251,Cox5b;Cox7a2;Cox7b;Cox7c;Cox8a;Ndufa7;Ndufs6;Ndufv3;Uqcr10;Uqcr11;Uqcrb;Uqcrq;mt-Cytb;mt-Nd1;mt-Nd2;mt-Nd3,1.0432441846228209e-13,3.235050538220861e-11,cluster_tissue__C3__spleen,spleen,C3,condition,original,T2_up,BP,2.0828055072247583e-10
GO:0010257,NADH dehydrogenase complex assembly,9145,39,201,6,0.0298507462686567,6.999617298124761,Lyrm2;Ndufa13;Ndufaf8;Ndufs6;mt-Nd1;mt-Nd2,0.0001863905523583,0.0198979553599616,cluster_tissue__C3__spleen,spleen,C3,condition,original,T2_up,BP,0.0789334401134141
GO:0032981,mitochondrial respiratory chain complex I assembly,9145,39,201,6,0.0298507462686567,6.999617298124761,Lyrm2;Ndufa13;Ndufaf8;Ndufs6;mt-Nd1;mt-Nd2,0.0001863905523583,0.0198979553599616,cluster_tissue__C3__spleen,spleen,C3,condition,original,T2_up,BP,0.0789334401134141
GO:0033108,mitochondrial respiratory chain complex assembly,9145,97,201,15,0.0746268656716417,7.035697799661485,Cmc1;Cox14;Cox17;Cox20;Fmc1;Lyrm2;Mtln;Ndufa13;Ndufaf8;Ndufs6;Pet100;Sdhaf1;Smim4;mt-Nd1;mt-Nd2,2.5404736556820343e-09,4.86575424876512e-07,cluster_tissue__C3__spleen,spleen,C3,condition,original,T2_up,BP,2.633187666377552e-06
GO:0046034,ATP metabolic process,9145,136,201,26,0.1293532338308457,8.698053848405033,Atp5e;Atp5j;Atp5j2;Atp5k;Atp5l;Galk1;Hspa1a;Hspa1b;Mttp;Ndufa1;Ndufa13;Ndufa2;Ndufa3;Ndufa5;Ndufa7;Ndufb1-ps;Ndufb2;Ndufb3;Ndufb4;Ndufb7;Ndufc1;Ndufs6;Ndufv3;mt-Nd1;mt-Nd2;mt-Nd3,1.0856643712429172e-17,6.4271330777580686e-15,cluster_tissue__C3__spleen,spleen,C3,condition,original,T2_up,BP,3.9384990630623854e-14
GO:0009117,nucleotide metabolic process,9145,294,201,27,0.1343283582089552,4.178342978982638,Atp5e;Atp5j;Atp5j2;Atp5k;Atp5l;Galk1;Hspa1a;Hspa1b;Mttp;Ndufa1;Ndufa13;Ndufa2;Ndufa3;Ndufa5;Ndufa7;Ndufb1-ps;Ndufb2;Ndufb3;Ndufb4;Ndufb7;Ndufc1;Ndufs6;Ndufv3;Tk2;mt-Nd1;mt-Nd2;mt-Nd3,2.258688636889258e-10,4.596431376069641e-08,cluster_tissue__C3__spleen,spleen,C3,condition,original,T2_up,BP,2.7092788047177225e-07
GO:0009165,nucleotide biosynthetic process,9145,162,201,22,0.1094527363184079,6.1786745285916105,Atp5e;Atp5j;Atp5j2;Atp5k;Atp5l;Ndufa1;Ndufa13;Ndufa2;Ndufa3;Ndufa5;Ndufa7;Ndufb1-ps;Ndufb2;Ndufb3;Ndufb4;Ndufb7;Ndufc1;Ndufs6;Ndufv3;mt-Nd1;mt-Nd2;mt-Nd3,5.88799867640747e-12,1.322160254509153e-09,cluster_tissue__C3__spleen,spleen,C3,condition,original,T2_up,BP,8.84609352659412e-09
GO:1901137,carbohydrate derivative biosynthetic process,9145,408,201,29,0.1442786069651741,3.233891815432641,Atp5e;Atp5j;Atp5j2;Atp5k;Atp5l;Dpm3;Galnt11;Krtcap2;Ndufa1;Ndufa13;Ndufa2;Ndufa3;Ndufa5;Ndufa7;Ndufb1-ps;Ndufb2;Ndufb3;Ndufb4;Ndufb7;Ndufc1;Ndufs6;Ndufv3;Ost4;Phlda1;Pxylp1;Tmem258;mt-Nd1;mt-Nd2;mt-Nd3,1.811759101200223e-08,2.809089349289489e-06,cluster_tissue__C3__spleen,spleen,C3,condition,original,T2_up,BP,1.6711665949470858e-05
GO:0046390,ribose phosphate biosynthetic process,9145,130,201,22,0.1094527363184079,7.6995790279372365,Atp5e;Atp5j;Atp5j2;Atp5k;Atp5l;Ndufa1;Ndufa13;Ndufa2;Ndufa3;Ndufa5;Ndufa7;Ndufb1-ps;Ndufb2;Ndufb3;Ndufb4;Ndufb7;Ndufc1;Ndufs6;Ndufv3;mt-Nd1;mt-Nd2;mt-Nd3,5.79842121144031e-14,1.887965946444965e-11,cluster_tissue__C3__spleen,spleen,C3,condition,original,T2_up,BP,1.1936882709010344e-10
GO:0006753,nucleoside phosphate metabolic process,9145,403,201,29,0.1442786069651741,3.2740145426712592,Acot2;Atp5e;Atp5j;Atp5j2;Atp5k;Atp5l;Galk1;Hddc2;Hspa1a;Hspa1b;Mttp;Ndufa1;Ndufa13;Ndufa2;Ndufa3;Ndufa5;Ndufa7;Ndufb1-ps;Ndufb2;Ndufb3;Ndufb4;Ndufb7;Ndufc1;Ndufs6;Ndufv3;Tk2;mt-Nd1;mt-Nd2;mt-Nd3,1.3752243718410448e-08,2.238865277357221e-06,cluster_tissue__C3__spleen,spleen,C3,condition,original,T2_up,BP,1.2925544859053489e-05
GO:0009260,ribonucleotide biosynthetic process,9145,124,201,22,0.1094527363184079,8.072139303482587,Atp5e;Atp5j;Atp5j2;Atp5k;Atp5l;Ndufa1;Ndufa13;Ndufa2;Ndufa3;Ndufa5;Ndufa7;Ndufb1-ps;Ndufb2;Ndufb3;Ndufb4;Ndufb7;Ndufc1;Ndufs6;Ndufv3;mt-Nd1;mt-Nd2;mt-Nd3,2.0862512934939133e-14,7.547593568462423e-12,cluster_tissue__C3__spleen,spleen,C3,condition,original,T2_up,BP,4.5801145186775516e-11
GO:0009144,purine nucleoside triphosphate metabolic process,9145,164,201,26,0.1293532338308457,7.2130202645310035,Atp5e;Atp5j;Atp5j2;Atp5k;Atp5l;Galk1;Hspa1a;Hspa1b;Mttp;Ndufa1;Ndufa13;Ndufa2;Ndufa3;Ndufa5;Ndufa7;Ndufb1-ps;Ndufb2;Ndufb3;Ndufb4;Ndufb7;Ndufc1;Ndufs6;Ndufv3;mt-Nd1;mt-Nd2;mt-Nd3,1.3215387077890992e-15,5.737240043415076e-13,cluster_tissue__C3__spleen,spleen,C3,condition,original,T2_up,BP,3.4566268678261778e-12
GO:0009259,ribonucleotide metabolic process,9145,217,201,26,0.1293532338308457,5.451314854299929,Atp5e;Atp5j;Atp5j2;Atp5k;Atp5l;Galk1;Hspa1a;Hspa1b;Mttp;Ndufa1;Ndufa13;Ndufa2;Ndufa3;Ndufa5;Ndufa7;Ndufb1-ps;Ndufb2;Ndufb3;Ndufb4;Ndufb7;Ndufc1;Ndufs6;Ndufv3;mt-Nd1;mt-Nd2;mt-Nd3,1.2017427668248689e-12,2.898425517616128e-10,cluster_tissue__C3__spleen,spleen,C3,condition,original,T2_up,BP,2.0140125510899214e-09
GO:0042776,proton motive force-driven mitochondrial ATP synthesis,9145,63,201,21,0.1044776119402985,15.165837479270316,Atp5e;Atp5j;Atp5j2;Atp5k;Ndufa1;Ndufa13;Ndufa2;Ndufa3;Ndufa5;Ndufa7;Ndufb1-ps;Ndufb2;Ndufb3;Ndufb4;Ndufb7;Ndufc1;Ndufs6;Ndufv3;mt-Nd1;mt-Nd2;mt-Nd3,6.549709230195814e-20,6.093100929576448e-17,cluster_tissue__C3__spleen,spleen,C3,condition,original,T2_up,BP,3.302318989056388e-16
GO:0006164,purine nucleotide biosynthetic process,9145,135,201,22,0.1094527363184079,7.414409434309932,Atp5e;Atp5j;Atp5j2;Atp5k;Atp5l;Ndufa1;Ndufa13;Ndufa2;Ndufa3;Ndufa5;Ndufa7;Ndufb1-ps;Ndufb2;Ndufb3;Ndufb4;Ndufb7;Ndufc1;Ndufs6;Ndufv3;mt-Nd1;mt-Nd2;mt-Nd3,1.3018670836185038e-13,3.8535265675107706e-11,cluster_tissue__C3__spleen,spleen,C3,condition,original,T2_up,BP,2.54783953179165e-10
GO:0009152,purine ribonucleotide biosynthetic process,9145,112,201,22,0.1094527363184079,8.937011371712865,Atp5e;Atp5j;Atp5j2;Atp5k;Atp5l;Ndufa1;Ndufa13;Ndufa2;Ndufa3;Ndufa5;Ndufa7;Ndufb1-ps;Ndufb2;Ndufb3;Ndufb4;Ndufb7;Ndufc1;Ndufs6;Ndufv3;mt-Nd1;mt-Nd2;mt-Nd3,2.22492059938827e-15,8.522754672480245e-13,cluster_tissue__C3__spleen,spleen,C3,condition,original,T2_up,BP,5.588276532671481e-12
GO:0009141,nucleoside triphosphate metabolic process,9145,166,201,26,0.1293532338308457,7.126116405922196,Atp5e;Atp5j;Atp5j2;Atp5k;Atp5l;Galk1;Hspa1a;Hspa1b;Mttp;Ndufa1;Ndufa13;Ndufa2;Ndufa3;Ndufa5;Ndufa7;Ndufb1-ps;Ndufb2;Ndufb3;Ndufb4;Ndufb7;Ndufc1;Ndufs6;Ndufv3;mt-Nd1;mt-Nd2;mt-Nd3,1.7912303872684497e-15,7.29030767618259e-13,cluster_tissue__C3__spleen,spleen,C3,condition,original,T2_up,BP,4.633430158454738e-12
GO:0072521,purine-containing compound metabolic process,9145,355,201,27,0.1343283582089552,3.4603741854109735,Acot2;Atp5e;Atp5j;Atp5j2;Atp5k;Atp5l;Galk1;Hspa1a;Hspa1b;Mttp;Ndufa1;Ndufa13;Ndufa2;Ndufa3;Ndufa5;Ndufa7;Ndufb1-ps;Ndufb2;Ndufb3;Ndufb4;Ndufb7;Ndufc1;Ndufs6;Ndufv3;mt-Nd1;mt-Nd2;mt-Nd3,1.4306534803408222e-08,2.2722964546291302e-06,cluster_tissue__C3__spleen,spleen,C3,condition,original,T2_up,BP,1.3425306416747814e-05
GO:0009205,purine ribonucleoside triphosphate metabolic process,9145,156,201,26,0.1293532338308457,7.582918739635158,Atp5e;Atp5j;Atp5j2;Atp5k;Atp5l;Galk1;Hspa1a;Hspa1b;Mttp;Ndufa1;Ndufa13;Ndufa2;Ndufa3;Ndufa5;Ndufa7;Ndufb1-ps;Ndufb2;Ndufb3;Ndufb4;Ndufb7;Ndufc1;Ndufs6;Ndufv3;mt-Nd1;mt-Nd2;mt-Nd3,3.735885887740954e-16,1.7377206357835065e-13,cluster_tissue__C3__spleen,spleen,C3,condition,original,T2_up,BP,1.0634726493491412e-12
GO:0019693,ribose phosphate metabolic process,9145,224,201,26,0.1293532338308457,5.280961265103056,Atp5e;Atp5j;Atp5j2;Atp5k;Atp5l;Galk1;Hspa1a;Hspa1b;Mttp;Ndufa1;Ndufa13;Ndufa2;Ndufa3;Ndufa5;Ndufa7;Ndufb1-ps;Ndufb2;Ndufb3;Ndufb4;Ndufb7;Ndufc1;Ndufs6;Ndufv3;mt-Nd1;mt-Nd2;mt-Nd3,2.5280980087008347e-12,5.879633654521368e-10,cluster_tissue__C3__spleen,spleen,C3,condition,original,T2_up,BP,4.043244231399312e-09
GO:0009206,purine ribonucleoside triphosphate biosynthetic process,9145,86,201,22,0.1094527363184079,11.6388985306028,Atp5e;Atp5j;Atp5j2;Atp5k;Atp5l;Ndufa1;Ndufa13;Ndufa2;Ndufa3;Ndufa5;Ndufa7;Ndufb1-ps;Ndufb2;Ndufb3;Ndufb4;Ndufb7;Ndufc1;Ndufs6;Ndufv3;mt-Nd1;mt-Nd2;mt-Nd3,5.24454029516988e-18,3.7947162669051395e-15,cluster_tissue__C3__spleen,spleen,C3,condition,original,T2_up,BP,2.0393652023076662e-14
GO:0090407,organophosphate biosynthetic process,9145,424,201,24,0.1194029850746268,2.57533089270628,Atp5e;Atp5j;Atp5j2;Atp5k;Atp5l;Dpm3;Ndufa1;Ndufa13;Ndufa2;Ndufa3;Ndufa5;Ndufa7;Ndufb1-ps;Ndufb2;Ndufb3;Ndufb4;Ndufb7;Ndufc1;Ndufs6;Ndufv3;Tk2;mt-Nd1;mt-Nd2;mt-Nd3,1.840644108398272e-05,0.0022196804507202,cluster_tissue__C3__spleen,spleen,C3,condition,original,T2_up,BP,0.0107151421820287
GO:0072522,purine-containing compound biosynthetic process,9145,179,201,22,0.1094527363184079,5.59187303704939,Atp5e;Atp5j;Atp5j2;Atp5k;Atp5l;Ndufa1;Ndufa13;Ndufa2;Ndufa3;Ndufa5;Ndufa7;Ndufb1-ps;Ndufb2;Ndufb3;Ndufb4;Ndufb7;Ndufc1;Ndufs6;Ndufv3;mt-Nd1;mt-Nd2;mt-Nd3,4.4307603745312485e-11,9.617703852982497e-09,cluster_tissue__C3__spleen,spleen,C3,condition,original,T2_up,BP,5.884089337737985e-08
GO:0006754,ATP biosynthetic process,9145,77,201,22,0.1094527363184079,12.999289267945985,Atp5e;Atp5j;Atp5j2;Atp5k;Atp5l;Ndufa1;Ndufa13;Ndufa2;Ndufa3;Ndufa5;Ndufa7;Ndufb1-ps;Ndufb2;Ndufb3;Ndufb4;Ndufb7;Ndufc1;Ndufs6;Ndufv3;mt-Nd1;mt-Nd2;mt-Nd3,3.727413858349944e-19,3.0341148806968553e-16,cluster_tissue__C3__spleen,spleen,C3,condition,original,T2_up,BP,1.680013197119381e-15
GO:0009201,ribonucleoside triphosphate biosynthetic process,9145,94,201,22,0.1094527363184079,10.648353974806817,Atp5e;Atp5j;Atp5j2;Atp5k;Atp5l;Ndufa1;Ndufa13;Ndufa2;Ndufa3;Ndufa5;Ndufa7;Ndufb1-ps;Ndufb2;Ndufb3;Ndufb4;Ndufb7;Ndufc1;Ndufs6;Ndufv3;mt-Nd1;mt-Nd2;mt-Nd3,4.1886866937429076e-17,2.098209826896447e-14,cluster_tissue__C3__spleen,spleen,C3,condition,original,T2_up,BP,1.3692586654225034e-13
GO:0055086,nucleobase-containing small molecule metabolic process,9145,428,201,29,0.1442786069651741,3.082775375459153,Acot2;Atp5e;Atp5j;Atp5j2;Atp5k;Atp5l;Galk1;Hddc2;Hspa1a;Hspa1b;Mttp;Ndufa1;Ndufa13;Ndufa2;Ndufa3;Ndufa5;Ndufa7;Ndufb1-ps;Ndufb2;Ndufb3;Ndufb4;Ndufb7;Ndufc1;Ndufs6;Ndufv3;Tk2;mt-Nd1;mt-Nd2;mt-Nd3,5.2124911599650066e-08,7.71448691674821e-06,cluster_tissue__C3__spleen,spleen,C3,condition,original,T2_up,BP,4.5562442208838214e-05
GO:0009142,nucleoside triphosphate biosynthetic process,9145,94,201,22,0.1094527363184079,10.648353974806817,Atp5e;Atp5j;Atp5j2;Atp5k;Atp5l;Ndufa1;Ndufa13;Ndufa2;Ndufa3;Ndufa5;Ndufa7;Ndufb1-ps;Ndufb2;Ndufb3;Ndufb4;Ndufb7;Ndufc1;Ndufs6;Ndufv3;mt-Nd1;mt-Nd2;mt-Nd3,4.1886866937429076e-17,2.098209826896447e-14,cluster_tissue__C3__spleen,spleen,C3,condition,original,T2_up,BP,1.3692586654225034e-13
GO:0009145,purine nucleoside triphosphate biosynthetic process,9145,87,201,22,0.1094527363184079,11.505118087722307,Atp5e;Atp5j;Atp5j2;Atp5k;Atp5l;Ndufa1;Ndufa13;Ndufa2;Ndufa3;Ndufa5;Ndufa7;Ndufb1-ps;Ndufb2;Ndufb3;Ndufb4;Ndufb7;Ndufc1;Ndufs6;Ndufv3;mt-Nd1;mt-Nd2;mt-Nd3,6.887309178451862e-18,4.4850157370078526e-15,cluster_tissue__C3__spleen,spleen,C3,condition,original,T2_up,BP,2.5771011453469053e-14
GO:0006163,purine nucleotide metabolic process,9145,257,201,26,0.1293532338308457,4.602861180478929,Atp5e;Atp5j;Atp5j2;Atp5k;Atp5l;Galk1;Hspa1a;Hspa1b;Mttp;Ndufa1;Ndufa13;Ndufa2;Ndufa3;Ndufa5;Ndufa7;Ndufb1-ps;Ndufb2;Ndufb3;Ndufb4;Ndufb7;Ndufc1;Ndufs6;Ndufv3;mt-Nd1;mt-Nd2;mt-Nd3,5.888955107723068e-11,1.2370605052094394e-08,cluster_tissue__C3__spleen,spleen,C3,condition,original,T2_up,BP,7.7002682712739e-08
GO:1901293,nucleoside phosphate biosynthetic process,9145,229,201,23,0.1144278606965174,4.569619153142584,Atp5e;Atp5j;Atp5j2;Atp5k;Atp5l;Ndufa1;Ndufa13;Ndufa2;Ndufa3;Ndufa5;Ndufa7;Ndufb1-ps;Ndufb2;Ndufb3;Ndufb4;Ndufb7;Ndufc1;Ndufs6;Ndufv3;Tk2;mt-Nd1;mt-Nd2;mt-Nd3,9.475722448809003e-10,1.869875896564977e-07,cluster_tissue__C3__spleen,spleen,C3,condition,original,T2_up,BP,1.0325205347022016e-06
GO:0009150,purine ribonucleotide metabolic process,9145,202,201,26,0.1293532338308457,5.856115462292498,Atp5e;Atp5j;Atp5j2;Atp5k;Atp5l;Galk1;Hspa1a;Hspa1b;Mttp;Ndufa1;Ndufa13;Ndufa2;Ndufa3;Ndufa5;Ndufa7;Ndufb1-ps;Ndufb2;Ndufb3;Ndufb4;Ndufb7;Ndufc1;Ndufs6;Ndufv3;mt-Nd1;mt-Nd2;mt-Nd3,2.1958830546786106e-13,6.011340581946096e-11,cluster_tissue__C3__spleen,spleen,C3,condition,original,T2_up,BP,4.1606249414488215e-10
GO:0015986,proton motive force-driven ATP synthesis,9145,67,201,22,0.1094527363184079,14.939481695997625,Atp5e;Atp5j;Atp5j2;Atp5k;Atp5l;Ndufa1;Ndufa13;Ndufa2;Ndufa3;Ndufa5;Ndufa7;Ndufb1-ps;Ndufb2;Ndufb3;Ndufb4;Ndufb7;Ndufc1;Ndufs6;Ndufv3;mt-Nd1;mt-Nd2;mt-Nd3,1.2018989677191808e-20,1.3044610129645509e-17,cluster_tissue__C3__spleen,spleen,C3,condition,original,T2_up,BP,7.079875119273181e-17
GO:1902600,proton transmembrane transport,9145,98,201,11,0.0547263681592039,5.10686364097878,Atp5e;Atp5j;Atp5k;Atp5l;Ndufa2;Ndufb7;Slc9a8;mt-Cytb;mt-Nd1;mt-Nd2;mt-Nd3,9.273823342918675e-06,0.0011841399531193,cluster_tissue__C3__spleen,spleen,C3,condition,original,T2_up,BP,0.0057175571504899
GO:0006412,translation,9145,383,201,20,0.099502487562189,2.3758492134627125,Mrpl10;Mrpl23;Mrpl52;Mrpl57;Mrps21;Rpl30;Rpl34;Rpl35;Rpl35a;Rpl36;Rpl36a;Rpl37;Rpl37a;Rpl39;Rpl41;Rps15a;Rps21;Rps26;Rps27;Uba52,0.0002819296907761,0.0282450176359164,cluster_tissue__C3__spleen,spleen,C3,condition,original,T2_up,BP,0.1114508343308401
GO:0002181,cytoplasmic translation,9145,194,201,14,0.0696517412935323,3.2833256398420265,Rpl30;Rpl34;Rpl35;Rpl35a;Rpl36;Rpl36a;Rpl37;Rpl37a;Rpl39;Rpl41;Rps15a;Rps21;Rps26;Uba52,9.178003498854656e-05,0.0103046825490588,cluster_tissue__C3__spleen,spleen,C3,condition,original,T2_up,BP,0.0437184533677868
GO:0160307,protein biosynthetic process,9145,383,201,20,0.099502487562189,2.3758492134627125,Mrpl10;Mrpl23;Mrpl52;Mrpl57;Mrps21;Rpl30;Rpl34;Rpl35;Rpl35a;Rpl36;Rpl36a;Rpl37;Rpl37a;Rpl39;Rpl41;Rps15a;Rps21;Rps26;Rps27;Uba52,0.0002819296907761,0.0282450176359164,cluster_tissue__C3__spleen,spleen,C3,condition,original,T2_up,BP,0.1114508343308401
GO:0006941,striated muscle contraction,9145,85,201,11,0.0547263681592039,5.887913374304946,Rpl30;Rpl34;Rpl35;Rpl35a;Rpl36;Rpl36a;Rpl37;Rpl37a;Rpl39;Rpl41;Uba52,2.265670006829988e-06,0.0003073758975932,cluster_tissue__C3__spleen,spleen,C3,condition,original,T2_up,BP,0.0015692151795384
GO:0140236,translation at presynapse,9145,47,201,11,0.0547263681592039,10.648353974806817,Rpl34;Rpl35;Rpl35a;Rpl36;Rpl36a;Rpl37;Rpl37a;Rps15a;Rps26;Rps27;Uba52,3.836861613473135e-09,6.940456340815848e-07,cluster_tissue__C3__spleen,spleen,C3,condition,original,T2_up,BP,3.8690392257840925e-06
GO:0140241,translation at synapse,9145,48,201,11,0.0547263681592039,10.426513266998342,Rpl34;Rpl35;Rpl35a;Rpl36;Rpl36a;Rpl37;Rpl37a;Rps15a;Rps26;Rps27;Uba52,4.882783157374261e-09,8.152995877133638e-07,cluster_tissue__C3__spleen,spleen,C3,condition,original,T2_up,BP,4.86600012380821e-06
GO:0140242,translation at postsynapse,9145,48,201,11,0.0547263681592039,10.426513266998342,Rpl34;Rpl35;Rpl35a;Rpl36;Rpl36a;Rpl37;Rpl37a;Rps15a;Rps26;Rps27;Uba52,4.882783157374261e-09,8.152995877133638e-07,cluster_tissue__C3__spleen,spleen,C3,condition,original,T2_up,BP,4.86600012380821e-06
GO:1901740,negative regulation of myoblast fusion,9145,47,201,11,0.0547263681592039,10.648353974806817,Rpl30;Rpl34;Rpl35;Rpl35a;Rpl36;Rpl36a;Rpl37;Rpl37a;Rpl39;Rpl41;Uba52,3.836861613473135e-09,6.940456340815848e-07,cluster_tissue__C3__spleen,spleen,C3,condition,original,T2_up,BP,3.8690392257840925e-06
GO:1901739,regulation of myoblast fusion,9145,58,201,11,0.0547263681592039,8.62883856579173,Rpl30;Rpl34;Rpl35;Rpl35a;Rpl36;Rpl36a;Rpl37;Rpl37a;Rpl39;Rpl41;Uba52,4.0601444211425925e-08,6.148758248948966e-06,cluster_tissue__C3__spleen,spleen,C3,condition,original,T2_up,BP,3.589264194754744e-05
GO:0060142,regulation of syncytium formation by plasma membrane fusion,9145,63,201,11,0.0547263681592039,7.944010108189214,Rpl30;Rpl34;Rpl35;Rpl35a;Rpl36;Rpl36a;Rpl37;Rpl37a;Rpl39;Rpl41;Uba52,9.97502763709378e-08,1.443497332727882e-05,cluster_tissue__C3__spleen,spleen,C3,condition,original,T2_up,BP,8.405981221860723e-05
GO:0034242,negative regulation of syncytium formation by plasma membrane fusion,9145,48,201,11,0.0547263681592039,10.426513266998342,Rpl30;Rpl34;Rpl35;Rpl35a;Rpl36;Rpl36a;Rpl37;Rpl37a;Rpl39;Rpl41;Uba52,4.882783157374261e-09,8.152995877133638e-07,cluster_tissue__C3__spleen,spleen,C3,condition,original,T2_up,BP,4.86600012380821e-06
GO:0019730,antimicrobial humoral response,9145,33,201,6,0.0298507462686567,8.2722749886929,Hmgn2;Jchain;Romo1;Rpl30;Rpl39;Xcl1,7.061129288898408e-05,0.0080670305139134,cluster_tissue__C3__spleen,spleen,C3,condition,original,T2_up,BP,0.0348920660147137
GO:0051592,response to calcium ion,9145,76,201,8,0.0398009950248756,4.789211835559047,Dusp1;Fos;Fosb;Jun;Junb;Jund;Mttp;mt-Cytb,0.0002482484025058,0.0256602158272662,cluster_tissue__C3__spleen,spleen,C3,condition,original,T2_up,BP,0.1001321292027261
GO:0006122,"mitochondrial electron transport, ubiquinol to cytochrome c",9145,12,201,5,0.0248756218905472,18.957296849087893,Uqcr10;Uqcr11;Uqcrb;Uqcrq;mt-Cytb,3.4099328372521123e-06,0.0004531731150241,cluster_tissue__C3__spleen,spleen,C3,condition,original,T2_up,BP,0.002294946517712
GO:0017004,cytochrome complex assembly,9145,42,201,7,0.0348258706467661,7.582918739635157,Cmc1;Cox10;Cox14;Cox17;Cox20;Pet100;Smim4,3.1351893199081665e-05,0.0036457772948646,cluster_tissue__C3__spleen,spleen,C3,condition,original,T2_up,BP,0.0172391369269937
GO:0008535,respiratory chain complex IV assembly,9145,31,201,7,0.0348258706467661,10.27363184079602,Cmc1;Cox10;Cox14;Cox17;Cox20;Pet100;Smim4,3.750904395762531e-06,0.0004885177885041,cluster_tissue__C3__spleen,spleen,C3,condition,original,T2_up,BP,0.0025130552572636
GO:0061844,antimicrobial humoral immune response mediated by antimicrobial peptide,9145,26,201,5,0.0248756218905472,8.74952162265595,Hmgn2;Romo1;Rpl30;Rpl39;Xcl1,0.0002203626795673,0.0231451898281059,cluster_tissue__C3__spleen,spleen,C3,condition,original,T2_up,BP,0.0907924760964228
GO:0006123,"mitochondrial electron transport, cytochrome c to oxygen",9145,11,201,5,0.0248756218905472,20.680687471732245,Cox5b;Cox7a2;Cox7b;Cox7c;Cox8a,2.0252248430445346e-06,0.0002806013654873,cluster_tissue__C3__spleen,spleen,C3,condition,original,T2_up,BP,0.0014125480303864
GO:0033617,mitochondrial respiratory chain complex IV assembly,9145,28,201,6,0.0298507462686567,9.749466950959487,Cmc1;Cox14;Cox17;Cox20;Pet100;Smim4,2.632240407101008e-05,0.0031165726420075,cluster_tissue__C3__spleen,spleen,C3,condition,original,T2_up,BP,0.0147879713477236
GO:2001252,positive regulation of chromosome organization,9145,97,420,16,0.0380952380952381,3.591556210112911,Cct2;Cct3;Cct4;Cct6a;Cct8;Ctnnb1;Map2k7;Ptges3;Rad50;Sfpq;Slx4;Smc2;Smc4;Smc5;Terf2ip;Yy1,7.586686297473394e-06,0.0247022505845733,cluster_tissue__C3__spleen,spleen,C3,condition,original,Ctrl_up,BP,0.0047915964323876
GO:0006457,protein folding,9145,153,420,25,0.0595238095238095,3.5578120136943667,Ahsa1;Ahsa2;Ccdc47;Cct2;Cct3;Cct4;Cct6a;Cct8;Chordc1;Cox19;Cybc1;Dnaja1;Dnaja4;Fkbp4;Grpel1;Hsp90aa1;Hsp90ab1;Hspa8;Hspd1;Hsph1;Pdcl3;Ptges3;Sdf2;St13;Tuba1a,2.5451800931454604e-08,0.0001657421276656,cluster_tissue__C3__spleen,spleen,C3,condition,original,Ctrl_up,BP,2.2977994022104785e-05
GO:0009408,response to heat,9145,60,420,12,0.0285714285714285,4.354761904761905,Dhx9;Dnaja1;Dnaja4;Hsp90aa1;Hsp90ab1;Hspa8;Hspd1;Map2k7;Pdcl3;Psip1;Rbbp7;Ywhae,1.4154461164438489e-05,0.0307246170342744,cluster_tissue__C3__spleen,spleen,C3,condition,original,Ctrl_up,BP,0.0084634857898093
GO:0022613,ribonucleoprotein complex biogenesis,9005,389,30,9,0.3,6.9447300771208225,Rpl27;Rpl35a;Rpl37;Rpl38;Rps12;Rps15a;Rps19;Rps21;Rps27,3.0454194341371284e-06,0.0010359234633067,cluster_tissue__C4__spleen,spleen,C4,condition,original,T2_up,BP,0.002075448111685
GO:0006936,muscle contraction,9005,110,30,12,0.4,32.74545454545454,Myl6;Rpl27;Rpl35a;Rpl36;Rpl37;Rpl37a;Rpl38;Rpl39;Rpl41;Rplp1;Rplp2;Uba52,4.303772960418403e-16,2.528662240289467e-13,cluster_tissue__C4__spleen,spleen,C4,condition,original,T2_up,BP,1.213517116234601e-12
GO:0003012,muscle system process,9005,139,30,12,0.4,25.9136690647482,Myl6;Rpl27;Rpl35a;Rpl36;Rpl37;Rpl37a;Rpl38;Rpl39;Rpl41;Rplp1;Rplp2;Uba52,7.723217527482067e-15,3.839627298470508e-12,cluster_tissue__C4__spleen,spleen,C4,condition,original,T2_up,BP,1.80192659668251e-11
GO:0048609,multicellular organismal reproductive process,9005,482,30,10,0.3333333333333333,6.227524204702628,Rpl27;Rpl35a;Rpl36;Rpl37;Rpl37a;Rpl38;Rpl41;Rplp1;Rplp2;Uba52,2.0025957112990487e-06,0.0007190431156736,cluster_tissue__C4__spleen,spleen,C4,condition,original,T2_up,BP,0.0013984041235281
GO:0007276,gamete generation,9005,419,30,10,0.3333333333333333,7.163882259347653,Rpl27;Rpl35a;Rpl36;Rpl37;Rpl37a;Rpl38;Rpl41;Rplp1;Rplp2;Uba52,5.553200699023735e-07,0.0002111196242222,cluster_tissue__C4__spleen,spleen,C4,condition,original,T2_up,BP,0.000419960718867
GO:0045471,response to ethanol,9005,70,30,4,0.1333333333333333,17.152380952380952,Fosb;Jun;mt-Co2;mt-Cytb,7.877957648676105e-05,0.0221370609927798,cluster_tissue__C4__spleen,spleen,C4,condition,original,T2_up,BP,0.0384178290751192
GO:0097305,response to alcohol,9005,154,30,5,0.1666666666666666,9.745670995670997,Fosb;Jun;Rpl27;mt-Co2;mt-Cytb,0.0001382803172514,0.0372377370998405,cluster_tissue__C4__spleen,spleen,C4,condition,original,T2_up,BP,0.0617176280481023
GO:0007283,spermatogenesis,9005,326,30,10,0.3333333333333333,9.207566462167687,Rpl27;Rpl35a;Rpl36;Rpl37;Rpl37a;Rpl38;Rpl41;Rplp1;Rplp2;Uba52,5.3126456381449186e-08,2.4525449113807575e-05,cluster_tissue__C4__spleen,spleen,C4,condition,original,T2_up,BP,4.6209764577822255e-05
GO:0048232,male gamete generation,9005,333,30,10,0.3333333333333333,9.014014014014014,Rpl27;Rpl35a;Rpl36;Rpl37;Rpl37a;Rpl38;Rpl41;Rplp1;Rplp2;Uba52,6.494445564153812e-08,2.7982401120750724e-05,cluster_tissue__C4__spleen,spleen,C4,condition,original,T2_up,BP,5.621688939202284e-05
GO:0006412,translation,9005,383,30,18,0.6,14.107049608355092,Rpl22;Rpl27;Rpl35a;Rpl36;Rpl37;Rpl37a;Rpl38;Rpl39;Rpl41;Rplp1;Rplp2;Rps12;Rps15a;Rps19;Rps21;Rps26;Rps27;Uba52,7.595699225885557e-18,6.136375512112293e-15,cluster_tissue__C4__spleen,spleen,C4,condition,original,T2_up,BP,2.8068609087218382e-14
GO:0002181,cytoplasmic translation,9005,194,30,17,0.5666666666666667,26.303264604811,Rpl22;Rpl27;Rpl35a;Rpl36;Rpl37;Rpl37a;Rpl38;Rpl39;Rpl41;Rplp1;Rplp2;Rps12;Rps15a;Rps19;Rps21;Rps26;Uba52,2.1467635027061797e-21,3.4686331294975098e-18,cluster_tissue__C4__spleen,spleen,C4,condition,original,T2_up,BP,1.3587368642638682e-17
GO:0160307,protein biosynthetic process,9005,383,30,18,0.6,14.107049608355092,Rpl22;Rpl27;Rpl35a;Rpl36;Rpl37;Rpl37a;Rpl38;Rpl39;Rpl41;Rplp1;Rplp2;Rps12;Rps15a;Rps19;Rps21;Rps26;Rps27;Uba52,7.595699225885557e-18,6.136375512112293e-15,cluster_tissue__C4__spleen,spleen,C4,condition,original,T2_up,BP,2.8068609087218382e-14
GO:0006941,striated muscle contraction,9005,84,30,11,0.3666666666666666,39.30753968253968,Rpl27;Rpl35a;Rpl36;Rpl37;Rpl37a;Rpl38;Rpl39;Rpl41;Rplp1;Rplp2;Uba52,1.1198435057738834e-15,6.031290481513839e-13,cluster_tissue__C4__spleen,spleen,C4,condition,original,T2_up,BP,2.974324348540895e-12
GO:0140236,translation at presynapse,9005,47,30,13,0.4333333333333333,83.02482269503547,Rpl22;Rpl27;Rpl35a;Rpl36;Rpl37;Rpl37a;Rpl38;Rplp2;Rps12;Rps15a;Rps26;Rps27;Uba52,3.893173789491025e-23,1.1482179484990504e-19,cluster_tissue__C4__spleen,spleen,C4,condition,original,T2_up,BP,3.457068596582248e-19
GO:0140241,translation at synapse,9005,48,30,13,0.4333333333333333,81.29513888888889,Rpl22;Rpl27;Rpl35a;Rpl36;Rpl37;Rpl37a;Rpl38;Rplp2;Rps12;Rps15a;Rps26;Rps27;Uba52,5.329806352308759e-23,1.1482179484990504e-19,cluster_tissue__C4__spleen,spleen,C4,condition,original,T2_up,BP,4.404107819018598e-19
GO:0140242,translation at postsynapse,9005,48,30,13,0.4333333333333333,81.29513888888889,Rpl22;Rpl27;Rpl35a;Rpl36;Rpl37;Rpl37a;Rpl38;Rplp2;Rps12;Rps15a;Rps26;Rps27;Uba52,5.329806352308759e-23,1.1482179484990504e-19,cluster_tissue__C4__spleen,spleen,C4,condition,original,T2_up,BP,4.404107819018598e-19
GO:1901740,negative regulation of myoblast fusion,9005,47,30,11,0.3666666666666666,70.2517730496454,Rpl27;Rpl35a;Rpl36;Rpl37;Rpl37a;Rpl38;Rpl39;Rpl41;Rplp1;Rplp2;Uba52,1.1285533802368981e-18,1.4587680992942142e-15,cluster_tissue__C4__spleen,spleen,C4,condition,original,T2_up,BP,4.830435801907784e-15
GO:1901739,regulation of myoblast fusion,9005,58,30,11,0.3666666666666666,56.92816091954023,Rpl27;Rpl35a;Rpl36;Rpl37;Rpl37a;Rpl38;Rpl39;Rpl41;Rplp1;Rplp2;Uba52,1.4441085569654294e-17,1.037030400407508e-14,cluster_tissue__C4__spleen,spleen,C4,condition,original,T2_up,BP,5.175719865960653e-14
GO:0060142,regulation of syncytium formation by plasma membrane fusion,9005,63,30,11,0.3666666666666666,52.41005291005291,Rpl27;Rpl35a;Rpl36;Rpl37;Rpl37a;Rpl38;Rpl39;Rpl41;Rplp1;Rplp2;Uba52,3.867735971698299e-17,2.4997177585086103e-14,cluster_tissue__C4__spleen,spleen,C4,condition,original,T2_up,BP,1.285531721167575e-13
GO:0034242,negative regulation of syncytium formation by plasma membrane fusion,9005,48,30,11,0.3666666666666666,68.78819444444444,Rpl27;Rpl35a;Rpl36;Rpl37;Rpl37a;Rpl38;Rpl39;Rpl41;Rplp1;Rplp2;Uba52,1.4612250073449486e-18,1.5739828704117338e-15,cluster_tissue__C4__spleen,spleen,C4,condition,original,T2_up,BP,6.037172886596267e-15
GO:0042274,ribosomal small subunit biogenesis,9005,112,30,5,0.1666666666666666,13.40029761904762,Rps12;Rps15a;Rps19;Rps21;Rps27,3.0257427021317803e-05,0.009312083373275,cluster_tissue__C4__spleen,spleen,C4,condition,original,T2_up,BP,0.0167145735296926
GO:0042254,ribosome biogenesis,9005,275,30,9,0.3,9.823636363636364,Rpl27;Rpl35a;Rpl37;Rpl38;Rps12;Rps15a;Rps19;Rps21;Rps27,1.651762189055573e-07,6.672086892416355e-05,cluster_tissue__C4__spleen,spleen,C4,condition,original,T2_up,BP,0.0001357337860295
GO:0016072,rRNA metabolic process,9005,211,30,6,0.2,8.535545023696683,Rpl27;Rpl35a;Rpl37;Rps19;Rps21;Rps27,5.718051551547146e-05,0.0167980759898405,cluster_tissue__C4__spleen,spleen,C4,condition,original,T2_up,BP,0.0290516083218605
GO:0006364,rRNA processing,9005,185,30,6,0.2,9.735135135135137,Rpl27;Rpl35a;Rpl37;Rps19;Rps21;Rps27,2.7304610303739517e-05,0.0088234848196534,cluster_tissue__C4__spleen,spleen,C4,condition,original,T2_up,BP,0.0152820538955684
GO:0006936,muscle contraction,9111,110,40,8,0.2,16.565454545454546,Rpl35;Rpl35a;Rpl36;Rpl36a;Rpl37a;Rpl38;Rpl39;Rpl41,1.9485090917596335e-08,7.447889457796529e-06,cluster_tissue__C5-1__spleen,spleen,C5-1,condition,original,T2_up,BP,1.7945225806876325e-05
GO:0003012,muscle system process,9111,140,40,8,0.2,13.015714285714283,Rpl35;Rpl35a;Rpl36;Rpl36a;Rpl37a;Rpl38;Rpl39;Rpl41,1.2918990241901602e-07,3.644990225723075e-05,cluster_tissue__C5-1__spleen,spleen,C5-1,condition,original,T2_up,BP,0.0001074982854047
GO:0022904,respiratory electron transport chain,9111,78,40,6,0.15,17.521153846153847,Ndufv3;mt-Co3;mt-Cytb;mt-Nd1;mt-Nd2;mt-Nd3,9.865903048120666e-07,0.0001885548176667,cluster_tissue__C5-1__spleen,spleen,C5-1,condition,original,T2_up,BP,0.0007202085014323
GO:0015980,energy derivation by oxidation of organic compounds,9111,241,40,10,0.25,9.451244813278008,Atp5e;Cox6c;Ndufa13;Ndufb1-ps;Ndufv3;mt-Co3;mt-Cytb;mt-Nd1;mt-Nd2;mt-Nd3,5.874955075051628e-08,2.0092346356676565e-05,cluster_tissue__C5-1__spleen,spleen,C5-1,condition,original,T2_up,BP,5.095178967918098e-05
GO:0022900,electron transport chain,9111,85,40,6,0.15,16.078235294117647,Ndufv3;mt-Co3;mt-Cytb;mt-Nd1;mt-Nd2;mt-Nd3,1.6425603986579865e-06,0.0002922196518359,cluster_tissue__C5-1__spleen,spleen,C5-1,condition,original,T2_up,BP,0.0011619952723671
GO:0019646,aerobic electron transport chain,9111,53,40,5,0.125,21.48820754716981,mt-Co3;mt-Cytb;mt-Nd1;mt-Nd2;mt-Nd3,3.0975193430899942e-06,0.0005160943767025,cluster_tissue__C5-1__spleen,spleen,C5-1,condition,original,T2_up,BP,0.0021037248152199
GO:0045333,cellular respiration,9111,199,40,10,0.25,11.445979899497488,Atp5e;Cox6c;Ndufa13;Ndufb1-ps;Ndufv3;mt-Co3;mt-Cytb;mt-Nd1;mt-Nd2;mt-Nd3,9.448022851894988e-09,4.092883499440908e-06,cluster_tissue__C5-1__spleen,spleen,C5-1,condition,original,T2_up,BP,9.080908400144134e-06
GO:0006120,"mitochondrial electron transport, NADH to ubiquinone",9111,25,40,3,0.075,27.333,mt-Nd1;mt-Nd2;mt-Nd3,0.0001686406020557,0.021916532643164,cluster_tissue__C5-1__spleen,spleen,C5-1,condition,original,T2_up,BP,0.0727046296462742
GO:0009060,aerobic respiration,9111,173,40,10,0.25,13.166184971098264,Atp5e;Cox6c;Ndufa13;Ndufb1-ps;Ndufv3;mt-Co3;mt-Cytb;mt-Nd1;mt-Nd2;mt-Nd3,2.4340115956524173e-09,1.43783703168631e-06,cluster_tissue__C5-1__spleen,spleen,C5-1,condition,original,T2_up,BP,2.531661417500375e-06
GO:0042775,mitochondrial ATP synthesis coupled electron transport,9111,58,40,6,0.15,23.56293103448276,Ndufv3;mt-Co3;mt-Cytb;mt-Nd1;mt-Nd2;mt-Nd3,1.6578235323729321e-07,4.114590993396872e-05,cluster_tissue__C5-1__spleen,spleen,C5-1,condition,original,T2_up,BP,0.0001360439717156
GO:0006091,generation of precursor metabolites and energy,9111,270,40,10,0.25,8.436111111111112,Atp5e;Cox6c;Ndufa13;Ndufb1-ps;Ndufv3;mt-Co3;mt-Cytb;mt-Nd1;mt-Nd2;mt-Nd3,1.7096638476718309e-07,4.114590993396872e-05,cluster_tissue__C5-1__spleen,spleen,C5-1,condition,original,T2_up,BP,0.0001399121164848
GO:0006119,oxidative phosphorylation,9111,102,40,10,0.25,22.330882352941178,Atp5e;Cox6c;Ndufa13;Ndufb1-ps;Ndufv3;mt-Co3;mt-Cytb;mt-Nd1;mt-Nd2;mt-Nd3,1.2663175909207962e-11,2.024298889427219e-08,cluster_tissue__C5-1__spleen,spleen,C5-1,condition,original,T2_up,BP,1.8110411492383313e-08
GO:0042773,ATP synthesis coupled electron transport,9111,60,40,6,0.15,22.7775,Ndufv3;mt-Co3;mt-Cytb;mt-Nd1;mt-Nd2;mt-Nd3,2.037432727811203e-07,4.728299237613284e-05,cluster_tissue__C5-1__spleen,spleen,C5-1,condition,original,T2_up,BP,0.0001651453033441
GO:0046034,ATP metabolic process,9111,136,40,8,0.2,13.398529411764708,Atp5e;Hspa1b;Ndufa13;Ndufb1-ps;Ndufv3;mt-Nd1;mt-Nd2;mt-Nd3,1.0311981706801625e-07,3.045784415036225e-05,cluster_tissue__C5-1__spleen,spleen,C5-1,condition,original,T2_up,BP,8.67764199787583e-05
GO:0009117,nucleotide metabolic process,9111,294,40,8,0.2,6.197959183673469,Atp5e;Hspa1b;Ndufa13;Ndufb1-ps;Ndufv3;mt-Nd1;mt-Nd2;mt-Nd3,3.3412553490593965e-05,0.0047198863604756,cluster_tissue__C5-1__spleen,spleen,C5-1,condition,original,T2_up,BP,0.0182203043655351
GO:0009165,nucleotide biosynthetic process,9111,162,40,7,0.175,9.84212962962963,Atp5e;Ndufa13;Ndufb1-ps;Ndufv3;mt-Nd1;mt-Nd2;mt-Nd3,5.617178251611308e-06,0.0008488470762551,cluster_tissue__C5-1__spleen,spleen,C5-1,condition,original,T2_up,BP,0.003636484185462
GO:0046390,ribose phosphate biosynthetic process,9111,129,40,7,0.175,12.359883720930233,Atp5e;Ndufa13;Ndufb1-ps;Ndufv3;mt-Nd1;mt-Nd2;mt-Nd3,1.2246098522506667e-06,0.0002273575662835,cluster_tissue__C5-1__spleen,spleen,C5-1,condition,original,T2_up,BP,0.0008831262816688
GO:0006753,nucleoside phosphate metabolic process,9111,403,40,8,0.2,4.521588089330025,Atp5e;Hspa1b;Ndufa13;Ndufb1-ps;Ndufv3;mt-Nd1;mt-Nd2;mt-Nd3,0.0003019849152468,0.0384764309661621,cluster_tissue__C5-1__spleen,spleen,C5-1,condition,original,T2_up,BP,0.1180455462262185
GO:0009260,ribonucleotide biosynthetic process,9111,124,40,7,0.175,12.858266129032256,Atp5e;Ndufa13;Ndufb1-ps;Ndufv3;mt-Nd1;mt-Nd2;mt-Nd3,9.371396303171144e-07,0.0001845313126606,cluster_tissue__C5-1__spleen,spleen,C5-1,condition,original,T2_up,BP,0.0006857925569223
GO:0009144,purine nucleoside triphosphate metabolic process,9111,164,40,8,0.2,11.110975609756098,Atp5e;Hspa1b;Ndufa13;Ndufb1-ps;Ndufv3;mt-Nd1;mt-Nd2;mt-Nd3,4.3773448854858964e-07,9.481329021962453e-05,cluster_tissue__C5-1__spleen,spleen,C5-1,condition,original,T2_up,BP,0.0003377811394202
GO:0009259,ribonucleotide metabolic process,9111,217,40,8,0.2,8.397235023041475,Atp5e;Hspa1b;Ndufa13;Ndufb1-ps;Ndufv3;mt-Nd1;mt-Nd2;mt-Nd3,3.630408192979875e-06,0.0005897598109495,cluster_tissue__C5-1__spleen,spleen,C5-1,condition,original,T2_up,BP,0.002435066621868
GO:0042776,proton motive force-driven mitochondrial ATP synthesis,9111,63,40,7,0.175,25.308333333333337,Atp5e;Ndufa13;Ndufb1-ps;Ndufv3;mt-Nd1;mt-Nd2;mt-Nd3,8.367151200870611e-09,3.883553464518373e-06,cluster_tissue__C5-1__spleen,spleen,C5-1,condition,original,T2_up,BP,8.081201091973324e-06
GO:0006164,purine nucleotide biosynthetic process,9111,135,40,7,0.175,11.810555555555556,Atp5e;Ndufa13;Ndufb1-ps;Ndufv3;mt-Nd1;mt-Nd2;mt-Nd3,1.6639161461879267e-06,0.0002922196518359,cluster_tissue__C5-1__spleen,spleen,C5-1,condition,original,T2_up,BP,0.0011729189376092
GO:0009152,purine ribonucleotide biosynthetic process,9111,112,40,7,0.175,14.2359375,Atp5e;Ndufa13;Ndufb1-ps;Ndufv3;mt-Nd1;mt-Nd2;mt-Nd3,4.686340914349043e-07,9.7528774511495e-05,cluster_tissue__C5-1__spleen,spleen,C5-1,condition,original,T2_up,BP,0.0003579113163427
GO:0009141,nucleoside triphosphate metabolic process,9111,166,40,8,0.2,10.97710843373494,Atp5e;Hspa1b;Ndufa13;Ndufb1-ps;Ndufv3;mt-Nd1;mt-Nd2;mt-Nd3,4.802894404998214e-07,9.7528774511495e-05,cluster_tissue__C5-1__spleen,spleen,C5-1,condition,original,T2_up,BP,0.0003663426180083
GO:0072521,purine-containing compound metabolic process,9111,355,40,8,0.2,5.132957746478873,Atp5e;Hspa1b;Ndufa13;Ndufb1-ps;Ndufv3;mt-Nd1;mt-Nd2;mt-Nd3,0.0001264171639614,0.0171137235712812,cluster_tissue__C5-1__spleen,spleen,C5-1,condition,original,T2_up,BP,0.0572808844951961
GO:0009205,purine ribonucleoside triphosphate metabolic process,9111,156,40,8,0.2,11.680769230769233,Atp5e;Hspa1b;Ndufa13;Ndufb1-ps;Ndufv3;mt-Nd1;mt-Nd2;mt-Nd3,2.9819483483443e-07,6.681620816393537e-05,cluster_tissue__C5-1__spleen,spleen,C5-1,condition,original,T2_up,BP,0.0002378155772051
GO:0019693,ribose phosphate metabolic process,9111,223,40,8,0.2,8.171300448430493,Atp5e;Hspa1b;Ndufa13;Ndufb1-ps;Ndufv3;mt-Nd1;mt-Nd2;mt-Nd3,4.446369697254995e-06,0.0006879169117324,cluster_tissue__C5-1__spleen,spleen,C5-1,condition,original,T2_up,BP,0.0029392875096027
GO:0009206,purine ribonucleoside triphosphate biosynthetic process,9111,86,40,7,0.175,18.53982558139535,Atp5e;Ndufa13;Ndufb1-ps;Ndufv3;mt-Nd1;mt-Nd2;mt-Nd3,7.551682884336998e-08,2.45354176912109e-05,cluster_tissue__C5-1__spleen,spleen,C5-1,condition,original,T2_up,BP,6.464544789453997e-05
GO:0072522,purine-containing compound biosynthetic process,9111,179,40,7,0.175,8.907402234636871,Atp5e;Ndufa13;Ndufb1-ps;Ndufv3;mt-Nd1;mt-Nd2;mt-Nd3,1.0833002616384524e-05,0.001599837522756,cluster_tissue__C5-1__spleen,spleen,C5-1,condition,original,T2_up,BP,0.0066307337866386
GO:0006754,ATP biosynthetic process,9111,77,40,7,0.175,20.706818181818186,Atp5e;Ndufa13;Ndufb1-ps;Ndufv3;mt-Nd1;mt-Nd2;mt-Nd3,3.4781632812476136e-08,1.2556169445303884e-05,cluster_tissue__C5-1__spleen,spleen,C5-1,condition,original,T2_up,BP,3.0931633600174963e-05
GO:0009201,ribonucleoside triphosphate biosynthetic process,9111,94,40,7,0.175,16.961968085106385,Atp5e;Ndufa13;Ndufb1-ps;Ndufv3;mt-Nd1;mt-Nd2;mt-Nd3,1.4023508101427654e-07,3.644990225723075e-05,cluster_tissue__C5-1__spleen,spleen,C5-1,condition,original,T2_up,BP,0.0001163634323281
GO:0009142,nucleoside triphosphate biosynthetic process,9111,94,40,7,0.175,16.961968085106385,Atp5e;Ndufa13;Ndufb1-ps;Ndufv3;mt-Nd1;mt-Nd2;mt-Nd3,1.4023508101427654e-07,3.644990225723075e-05,cluster_tissue__C5-1__spleen,spleen,C5-1,condition,original,T2_up,BP,0.0001163634323281
GO:0009145,purine nucleoside triphosphate biosynthetic process,9111,87,40,7,0.175,18.32672413793103,Atp5e;Ndufa13;Ndufb1-ps;Ndufv3;mt-Nd1;mt-Nd2;mt-Nd3,8.186313825907357e-08,2.533079392416477e-05,cluster_tissue__C5-1__spleen,spleen,C5-1,condition,original,T2_up,BP,6.977694896985573e-05
GO:0006163,purine nucleotide metabolic process,9111,257,40,8,0.2,7.090272373540857,Atp5e;Hspa1b;Ndufa13;Ndufb1-ps;Ndufv3;mt-Nd1;mt-Nd2;mt-Nd3,1.2635100323903495e-05,0.0018245084867716,cluster_tissue__C5-1__spleen,spleen,C5-1,condition,original,T2_up,BP,0.0076394590116928
GO:1901293,nucleoside phosphate biosynthetic process,9111,229,40,7,0.175,6.962554585152838,Atp5e;Ndufa13;Ndufb1-ps;Ndufv3;mt-Nd1;mt-Nd2;mt-Nd3,5.314062459028643e-05,0.0073469740125038,cluster_tissue__C5-1__spleen,spleen,C5-1,condition,original,T2_up,BP,0.0272786094208297
GO:0009150,purine ribonucleotide metabolic process,9111,202,40,8,0.2,9.02079207920792,Atp5e;Hspa1b;Ndufa13;Ndufb1-ps;Ndufv3;mt-Nd1;mt-Nd2;mt-Nd3,2.1254359971660613e-06,0.0003634495555153,cluster_tissue__C5-1__spleen,spleen,C5-1,condition,original,T2_up,BP,0.0014789753165402
GO:0015986,proton motive force-driven ATP synthesis,9111,67,40,7,0.175,23.797388059701493,Atp5e;Ndufa13;Ndufb1-ps;Ndufv3;mt-Nd1;mt-Nd2;mt-Nd3,1.2985252362564692e-08,5.273635615746586e-06,cluster_tissue__C5-1__spleen,spleen,C5-1,condition,original,T2_up,BP,1.2243343775916225e-05
GO:1902600,proton transmembrane transport,9111,98,40,6,0.15,13.945408163265308,Atp5e;mt-Co3;mt-Cytb;mt-Nd1;mt-Nd2;mt-Nd3,3.791565239140211e-06,0.0006009168518032,cluster_tissue__C5-1__spleen,spleen,C5-1,condition,original,T2_up,BP,0.0025374399953835
GO:0006412,translation,9111,383,40,13,0.325,7.731266318537859,Rpl22;Rpl35;Rpl35a;Rpl36;Rpl36a;Rpl37a;Rpl38;Rpl39;Rpl41;Rps15a;Rps21;Rps26;Rps27,4.478754266261838e-09,2.238688094013033e-06,cluster_tissue__C5-1__spleen,spleen,C5-1,condition,original,T2_up,BP,4.4934669362629815e-06
GO:0002181,cytoplasmic translation,9111,194,40,12,0.3,14.08917525773196,Rpl22;Rpl35;Rpl35a;Rpl36;Rpl36a;Rpl37a;Rpl38;Rpl39;Rpl41;Rps15a;Rps21;Rps26,2.050233616052864e-11,2.024298889427219e-08,cluster_tissue__C5-1__spleen,spleen,C5-1,condition,original,T2_up,BP,2.830121553140184e-08
GO:0160307,protein biosynthetic process,9111,383,40,13,0.325,7.731266318537859,Rpl22;Rpl35;Rpl35a;Rpl36;Rpl36a;Rpl37a;Rpl38;Rpl39;Rpl41;Rps15a;Rps21;Rps26;Rps27,4.478754266261838e-09,2.238688094013033e-06,cluster_tissue__C5-1__spleen,spleen,C5-1,condition,original,T2_up,BP,4.4934669362629815e-06
GO:0006941,striated muscle contraction,9111,84,40,8,0.2,21.692857142857143,Rpl35;Rpl35a;Rpl36;Rpl36a;Rpl37a;Rpl38;Rpl39;Rpl41,2.250044633600414e-09,1.43783703168631e-06,cluster_tissue__C5-1__spleen,spleen,C5-1,condition,original,T2_up,BP,2.3485255345110515e-06
GO:0140236,translation at presynapse,9111,47,40,10,0.25,48.46276595744681,Rpl22;Rpl35;Rpl35a;Rpl36;Rpl36a;Rpl37a;Rpl38;Rps15a;Rps26;Rps27,3.6336799560005655e-15,9.911872872074909e-12,cluster_tissue__C5-1__spleen,spleen,C5-1,condition,original,T2_up,BP,8.860043534682886e-12
GO:0140241,translation at synapse,9111,48,40,10,0.25,47.453125,Rpl22;Rpl35;Rpl35a;Rpl36;Rpl36a;Rpl37a;Rpl38;Rps15a;Rps26;Rps27,4.576118592832368e-15,9.911872872074909e-12,cluster_tissue__C5-1__spleen,spleen,C5-1,condition,original,T2_up,BP,1.0978034695840451e-11
GO:0140242,translation at postsynapse,9111,48,40,10,0.25,47.453125,Rpl22;Rpl35;Rpl35a;Rpl36;Rpl36a;Rpl37a;Rpl38;Rps15a;Rps26;Rps27,4.576118592832368e-15,9.911872872074909e-12,cluster_tissue__C5-1__spleen,spleen,C5-1,condition,original,T2_up,BP,1.0978034695840451e-11
GO:1901740,negative regulation of myoblast fusion,9111,47,40,8,0.2,38.770212765957446,Rpl35;Rpl35a;Rpl36;Rpl36a;Rpl37a;Rpl38;Rpl39;Rpl41,1.8229470262908752e-11,2.024298889427219e-08,cluster_tissue__C5-1__spleen,spleen,C5-1,condition,original,T2_up,BP,2.5459124117316988e-08
GO:1901739,regulation of myoblast fusion,9111,58,40,8,0.2,31.417241379310344,Rpl35;Rpl35a;Rpl36;Rpl36a;Rpl37a;Rpl38;Rpl39;Rpl41,1.0734907811922407e-10,8.719428870233975e-08,cluster_tissue__C5-1__spleen,spleen,C5-1,condition,original,T2_up,BP,1.350256222597804e-07
GO:0060142,regulation of syncytium formation by plasma membrane fusion,9111,63,40,8,0.2,28.923809523809524,Rpl35;Rpl35a;Rpl36;Rpl36a;Rpl37a;Rpl38;Rpl39;Rpl41,2.1352119968202508e-10,1.541623061704221e-07,cluster_tissue__C5-1__spleen,spleen,C5-1,condition,original,T2_up,BP,2.6031559571397836e-07
GO:0034242,negative regulation of syncytium formation by plasma membrane fusion,9111,48,40,8,0.2,37.9625,Rpl35;Rpl35a;Rpl36;Rpl36a;Rpl37a;Rpl38;Rpl39;Rpl41,2.1806851686658247e-11,2.024298889427219e-08,cluster_tissue__C5-1__spleen,spleen,C5-1,condition,original,T2_up,BP,2.9962916390932924e-08
GO:0042254,ribosome biogenesis,9111,275,40,7,0.175,5.797909090909092,Nop10;Rpl35;Rpl35a;Rpl38;Rps15a;Rps21;Rps27,0.0001677128162232,0.021916532643164,cluster_tissue__C5-1__spleen,spleen,C5-1,condition,original,T2_up,BP,0.0723570736667286
GO:0006936,muscle contraction,9144,111,168,15,0.0892857142857142,7.355212355212355,Ndufs6;Rpl27;Rpl30;Rpl34;Rpl35;Rpl35a;Rpl36;Rpl36a;Rpl37;Rpl37a;Rpl38;Rpl39;Rpl41;Rplp2;Uba52,1.4451908684011627e-09,2.413098188468814e-07,tissue__thymus,thymus,ALL,condition,tissue,T2_up,BP,1.543650658480314e-06
GO:0003012,muscle system process,9144,141,168,17,0.1011904761904761,6.562310030395137,Fbxo32;Gucy1a1;Ndufs6;Rpl27;Rpl30;Rpl34;Rpl35;Rpl35a;Rpl36;Rpl36a;Rpl37;Rpl37a;Rpl38;Rpl39;Rpl41;Rplp2;Uba52,6.79736296302142e-10,1.1963358814917702e-07,tissue__thymus,thymus,ALL,condition,tissue,T2_up,BP,7.630334905893714e-07
GO:0022904,respiratory electron transport chain,9144,78,168,12,0.0714285714285714,8.373626373626374,Cox5b;Cox7a2;Cox7b;Cox7c;Cox8a;Ndufa7;Ndufc2;Ndufs6;Ndufv3;Uqcr10;Uqcrq;mt-Nd3,1.5162081417485324e-08,2.243988049787828e-06,tissue__thymus,thymus,ALL,condition,tissue,T2_up,BP,1.416114602067513e-05
GO:0015980,energy derivation by oxidation of organic compounds,9144,242,168,25,0.1488095238095238,5.622786304604487,Atp5e;Atp5j2;Atp5k;Cox5b;Cox6b1;Cox6c;Cox7a2;Cox7b;Cox7c;Cox8a;Ndufa1;Ndufa13;Ndufa2;Ndufa3;Ndufa7;Ndufb3;Ndufb4;Ndufb7;Ndufc1;Ndufc2;Ndufs6;Ndufv3;Uqcr10;Uqcrq;mt-Nd3,1.6033206528184033e-12,4.971820995787354e-10,tissue__thymus,thymus,ALL,condition,tissue,T2_up,BP,2.62780279821764e-09
GO:0022900,electron transport chain,9144,85,168,13,0.0773809523809523,8.32436974789916,Cox5b;Cox7a2;Cox7b;Cox7c;Cox8a;Ndufa7;Ndufb3;Ndufc2;Ndufs6;Ndufv3;Uqcr10;Uqcrq;mt-Nd3,4.004635128662358e-09,6.064693943685878e-07,tissue__thymus,thymus,ALL,condition,tissue,T2_up,BP,4.031386904445706e-06
GO:0019646,aerobic electron transport chain,9144,53,168,11,0.0654761904761904,11.296495956873317,Cox5b;Cox7a2;Cox7b;Cox7c;Cox8a;Ndufa7;Ndufc2;Ndufs6;Uqcr10;Uqcrq;mt-Nd3,2.268506527882818e-09,3.603052319408027e-07,tissue__thymus,thymus,ALL,condition,tissue,T2_up,BP,2.3636487246074025e-06
GO:0045333,cellular respiration,9144,199,168,25,0.1488095238095238,6.837760229720029,Atp5e;Atp5j2;Atp5k;Cox5b;Cox6b1;Cox6c;Cox7a2;Cox7b;Cox7c;Cox8a;Ndufa1;Ndufa13;Ndufa2;Ndufa3;Ndufa7;Ndufb3;Ndufb4;Ndufb7;Ndufc1;Ndufc2;Ndufs6;Ndufv3;Uqcr10;Uqcrq;mt-Nd3,1.7513036165864523e-14,1.2671654612456642e-11,tissue__thymus,thymus,ALL,condition,tissue,T2_up,BP,3.8878156122420773e-11
GO:0009060,aerobic respiration,9144,173,168,25,0.1488095238095238,7.8654004954582994,Atp5e;Atp5j2;Atp5k;Cox5b;Cox6b1;Cox6c;Cox7a2;Cox7b;Cox7c;Cox8a;Ndufa1;Ndufa13;Ndufa2;Ndufa3;Ndufa7;Ndufb3;Ndufb4;Ndufb7;Ndufc1;Ndufc2;Ndufs6;Ndufv3;Uqcr10;Uqcrq;mt-Nd3,6.151130995122197e-16,8.01123300804715e-13,tissue__thymus,thymus,ALL,condition,tissue,T2_up,BP,1.6942606867064637e-12
GO:0042775,mitochondrial ATP synthesis coupled electron transport,9144,58,168,12,0.0714285714285714,11.261083743842365,Cox5b;Cox7a2;Cox7b;Cox7c;Cox8a;Ndufa7;Ndufc2;Ndufs6;Ndufv3;Uqcr10;Uqcrq;mt-Nd3,4.2783782664854095e-10,7.96022836324371e-08,tissue__thymus,thymus,ALL,condition,tissue,T2_up,BP,4.932970141257677e-07
GO:0006091,generation of precursor metabolites and energy,9144,271,168,26,0.1547619047619047,5.221929362150764,Atp5e;Atp5j2;Atp5k;Cox5b;Cox6b1;Cox6c;Cox7a2;Cox7b;Cox7c;Cox8a;Gnpda1;Ndufa1;Ndufa13;Ndufa2;Ndufa3;Ndufa7;Ndufb3;Ndufb4;Ndufb7;Ndufc1;Ndufc2;Ndufs6;Ndufv3;Uqcr10;Uqcrq;mt-Nd3,3.069358685011339e-12,9.085301707633563e-10,tissue__thymus,thymus,ALL,condition,tissue,T2_up,BP,4.830975690291338e-09
GO:0006119,oxidative phosphorylation,9144,102,168,25,0.1488095238095238,13.340336134453782,Atp5e;Atp5j2;Atp5k;Cox5b;Cox6b1;Cox6c;Cox7a2;Cox7b;Cox7c;Cox8a;Ndufa1;Ndufa13;Ndufa2;Ndufa3;Ndufa7;Ndufb3;Ndufb4;Ndufb7;Ndufc1;Ndufc2;Ndufs6;Ndufv3;Uqcr10;Uqcrq;mt-Nd3,8.37598476199241e-22,5.4544412770094576e-18,tissue__thymus,thymus,ALL,condition,tissue,T2_up,BP,5.862676920209247e-18
GO:0042773,ATP synthesis coupled electron transport,9144,60,168,12,0.0714285714285714,10.885714285714286,Cox5b;Cox7a2;Cox7b;Cox7c;Cox8a;Ndufa7;Ndufc2;Ndufs6;Ndufv3;Uqcr10;Uqcrq;mt-Nd3,6.503349023146304e-10,1.176383578853576e-07,tissue__thymus,thymus,ALL,condition,tissue,T2_up,BP,7.314091672254912e-07
GO:0046034,ATP metabolic process,9144,136,168,19,0.1130952380952381,7.603991596638656,Atp5e;Atp5j2;Atp5k;Atp5l;Hspa1a;Hspa1b;Ndufa1;Ndufa13;Ndufa2;Ndufa3;Ndufa7;Ndufb3;Ndufb4;Ndufb7;Ndufc1;Ndufc2;Ndufs6;Ndufv3;mt-Nd3,4.470684067798877e-12,1.2657867238915776e-09,tissue__thymus,thymus,ALL,condition,tissue,T2_up,BP,6.837595230768139e-09
GO:0009117,nucleotide metabolic process,9144,294,168,23,0.1369047619047619,4.25801749271137,Ada;Adss;Atp5e;Atp5j2;Atp5k;Atp5l;Dctpp1;Gucy1a1;Hspa1a;Hspa1b;Ndufa1;Ndufa13;Ndufa2;Ndufa3;Ndufa7;Ndufb3;Ndufb4;Ndufb7;Ndufc1;Ndufc2;Ndufs6;Ndufv3;mt-Nd3,3.5734997515205052e-09,5.540626281405127e-07,tissue__thymus,thymus,ALL,condition,tissue,T2_up,BP,3.6280657511392865e-06
GO:0009165,nucleotide biosynthetic process,9144,162,168,20,0.119047619047619,6.719576719576719,Ada;Adss;Atp5e;Atp5j2;Atp5k;Atp5l;Gucy1a1;Ndufa1;Ndufa13;Ndufa2;Ndufa3;Ndufa7;Ndufb3;Ndufb4;Ndufb7;Ndufc1;Ndufc2;Ndufs6;Ndufv3;mt-Nd3,1.2288853735187408e-11,3.0778852124438612e-09,tissue__thymus,thymus,ALL,condition,tissue,T2_up,BP,1.7617419161547662e-08
GO:1901137,carbohydrate derivative biosynthetic process,9144,408,168,25,0.1488095238095238,3.3350840336134455,Ada;Adss;Atp5e;Atp5j2;Atp5k;Atp5l;Dpm3;Gnpda1;Gucy1a1;Ndufa1;Ndufa13;Ndufa2;Ndufa3;Ndufa7;Ndufb3;Ndufb4;Ndufb7;Ndufc1;Ndufc2;Ndufs6;Ndufv3;Ost4;Phlda1;Tmem258;mt-Nd3,9.687817015018763e-08,1.342277965995791e-05,tissue__thymus,thymus,ALL,condition,tissue,T2_up,BP,8.198787137199691e-05
GO:0046390,ribose phosphate biosynthetic process,9144,130,168,20,0.119047619047619,8.373626373626374,Ada;Adss;Atp5e;Atp5j2;Atp5k;Atp5l;Gucy1a1;Ndufa1;Ndufa13;Ndufa2;Ndufa3;Ndufa7;Ndufb3;Ndufb4;Ndufb7;Ndufc1;Ndufc2;Ndufs6;Ndufv3;mt-Nd3,1.8124805307492757e-13,7.915797287725079e-11,tissue__thymus,thymus,ALL,condition,tissue,T2_up,BP,3.5124809993753087e-10
GO:0006753,nucleoside phosphate metabolic process,9144,403,168,24,0.1428571428571428,3.24140375753279,Ada;Adss;Atp5e;Atp5j2;Atp5k;Atp5l;Dctpp1;Gnpda1;Gucy1a1;Hspa1a;Hspa1b;Ndufa1;Ndufa13;Ndufa2;Ndufa3;Ndufa7;Ndufb3;Ndufb4;Ndufb7;Ndufc1;Ndufc2;Ndufs6;Ndufv3;mt-Nd3,3.049407462909441e-07,4.137029458013808e-05,tissue__thymus,thymus,ALL,condition,tissue,T2_up,BP,0.0002418196956755
GO:0009260,ribonucleotide biosynthetic process,9144,124,168,20,0.119047619047619,8.778801843317973,Ada;Adss;Atp5e;Atp5j2;Atp5k;Atp5l;Gucy1a1;Ndufa1;Ndufa13;Ndufa2;Ndufa3;Ndufa7;Ndufb3;Ndufb4;Ndufb7;Ndufc1;Ndufc2;Ndufs6;Ndufv3;mt-Nd3,7.151968435261382e-14,3.8811348708685086e-11,tissue__thymus,thymus,ALL,condition,tissue,T2_up,BP,1.4622162600075215e-10
GO:0009144,purine nucleoside triphosphate metabolic process,9144,164,168,20,0.119047619047619,6.637630662020905,Ada;Atp5e;Atp5j2;Atp5k;Atp5l;Hspa1a;Hspa1b;Ndufa1;Ndufa13;Ndufa2;Ndufa3;Ndufa7;Ndufb3;Ndufb4;Ndufb7;Ndufc1;Ndufc2;Ndufs6;Ndufv3;mt-Nd3,1.5459472075440326e-11,3.595431505545264e-09,tissue__thymus,thymus,ALL,condition,tissue,T2_up,BP,2.1846988105318462e-08
GO:0009259,ribonucleotide metabolic process,9144,217,168,22,0.1309523809523809,5.518104015799868,Ada;Adss;Atp5e;Atp5j2;Atp5k;Atp5l;Gucy1a1;Hspa1a;Hspa1b;Ndufa1;Ndufa13;Ndufa2;Ndufa3;Ndufa7;Ndufb3;Ndufb4;Ndufb7;Ndufc1;Ndufc2;Ndufs6;Ndufv3;mt-Nd3,5.694607732331811e-11,1.1962350178369274e-08,tissue__thymus,thymus,ALL,condition,tissue,T2_up,BP,7.462545112632921e-08
GO:0042776,proton motive force-driven mitochondrial ATP synthesis,9144,63,168,16,0.0952380952380952,13.82312925170068,Atp5e;Atp5j2;Atp5k;Ndufa1;Ndufa13;Ndufa2;Ndufa3;Ndufa7;Ndufb3;Ndufb4;Ndufb7;Ndufc1;Ndufc2;Ndufs6;Ndufv3;mt-Nd3,1.4237009264109154e-14,1.1588925540984852e-11,tissue__thymus,thymus,ALL,condition,tissue,T2_up,BP,3.208439465023944e-11
GO:0006164,purine nucleotide biosynthetic process,9144,135,168,20,0.119047619047619,8.063492063492063,Ada;Adss;Atp5e;Atp5j2;Atp5k;Atp5l;Gucy1a1;Ndufa1;Ndufa13;Ndufa2;Ndufa3;Ndufa7;Ndufb3;Ndufb4;Ndufb7;Ndufc1;Ndufc2;Ndufs6;Ndufv3;mt-Nd3,3.7855308077361783e-13,1.4500809776457638e-10,tissue__thymus,thymus,ALL,condition,tissue,T2_up,BP,6.929827640003148e-10
GO:0009152,purine ribonucleotide biosynthetic process,9144,112,168,20,0.119047619047619,9.71938775510204,Ada;Adss;Atp5e;Atp5j2;Atp5k;Atp5l;Gucy1a1;Ndufa1;Ndufa13;Ndufa2;Ndufa3;Ndufa7;Ndufb3;Ndufb4;Ndufb7;Ndufc1;Ndufc2;Ndufs6;Ndufv3;mt-Nd3,9.369529181756121e-15,8.716339147370835e-12,tissue__thymus,thymus,ALL,condition,tissue,T2_up,BP,2.152271292520247e-11
GO:0009141,nucleoside triphosphate metabolic process,9144,166,168,20,0.119047619047619,6.557659208261618,Atp5e;Atp5j2;Atp5k;Atp5l;Dctpp1;Hspa1a;Hspa1b;Ndufa1;Ndufa13;Ndufa2;Ndufa3;Ndufa7;Ndufb3;Ndufb4;Ndufb7;Ndufc1;Ndufc2;Ndufs6;Ndufv3;mt-Nd3,1.938271186855815e-11,4.352421368553472e-09,tissue__thymus,thymus,ALL,condition,tissue,T2_up,BP,2.6892938347236625e-08
GO:0072521,purine-containing compound metabolic process,9144,355,168,22,0.1309523809523809,3.3730382293762573,Ada;Adss;Atp5e;Atp5j2;Atp5k;Atp5l;Gucy1a1;Hspa1a;Hspa1b;Ndufa1;Ndufa13;Ndufa2;Ndufa3;Ndufa7;Ndufb3;Ndufb4;Ndufb7;Ndufc1;Ndufc2;Ndufs6;Ndufv3;mt-Nd3,5.08727662308873e-07,6.760886810113023e-05,tissue__thymus,thymus,ALL,condition,tissue,T2_up,BP,0.0003865472608369
GO:0009205,purine ribonucleoside triphosphate metabolic process,9144,156,168,19,0.1130952380952381,6.62912087912088,Atp5e;Atp5j2;Atp5k;Atp5l;Hspa1a;Hspa1b;Ndufa1;Ndufa13;Ndufa2;Ndufa3;Ndufa7;Ndufb3;Ndufb4;Ndufb7;Ndufc1;Ndufc2;Ndufs6;Ndufv3;mt-Nd3,5.2751747043775224e-11,1.1450645891635476e-08,tissue__thymus,thymus,ALL,condition,tissue,T2_up,BP,6.958879467893568e-08
GO:0019693,ribose phosphate metabolic process,9144,224,168,22,0.1309523809523809,5.345663265306122,Ada;Adss;Atp5e;Atp5j2;Atp5k;Atp5l;Gucy1a1;Hspa1a;Hspa1b;Ndufa1;Ndufa13;Ndufa2;Ndufa3;Ndufa7;Ndufb3;Ndufb4;Ndufb7;Ndufc1;Ndufc2;Ndufs6;Ndufv3;mt-Nd3,1.0633939528875619e-10,2.0984307336981225e-08,tissue__thymus,thymus,ALL,condition,tissue,T2_up,BP,1.3403900539884517e-07
GO:0009206,purine ribonucleoside triphosphate biosynthetic process,9144,86,168,17,0.1011904761904761,10.759136212624584,Atp5e;Atp5j2;Atp5k;Atp5l;Ndufa1;Ndufa13;Ndufa2;Ndufa3;Ndufa7;Ndufb3;Ndufb4;Ndufb7;Ndufc1;Ndufc2;Ndufs6;Ndufv3;mt-Nd3,1.8233562548506785e-13,7.915797287725079e-11,tissue__thymus,thymus,ALL,condition,tissue,T2_up,BP,3.5220849256847445e-10
GO:0090407,organophosphate biosynthetic process,9144,424,168,24,0.1428571428571428,3.0808625336927227,Ada;Adss;Atp5e;Atp5j2;Atp5k;Atp5l;Chka;Dpm3;Gnpda1;Gucy1a1;Lclat1;Ndufa1;Ndufa13;Ndufa2;Ndufa3;Ndufa7;Ndufb3;Ndufb4;Ndufb7;Ndufc1;Ndufc2;Ndufs6;Ndufv3;mt-Nd3,7.68464630615947e-07,0.0001000848334914,tissue__thymus,thymus,ALL,condition,tissue,T2_up,BP,0.0005726985279997
GO:0072522,purine-containing compound biosynthetic process,9144,179,168,20,0.119047619047619,6.081404628890662,Ada;Adss;Atp5e;Atp5j2;Atp5k;Atp5l;Gucy1a1;Ndufa1;Ndufa13;Ndufa2;Ndufa3;Ndufa7;Ndufb3;Ndufb4;Ndufb7;Ndufc1;Ndufc2;Ndufs6;Ndufv3;mt-Nd3,7.809440995557223e-11,1.5892212425958952e-08,tissue__thymus,thymus,ALL,condition,tissue,T2_up,BP,9.991852261128557e-08
GO:0006754,ATP biosynthetic process,9144,77,168,17,0.1011904761904761,12.016697588126158,Atp5e;Atp5j2;Atp5k;Atp5l;Ndufa1;Ndufa13;Ndufa2;Ndufa3;Ndufa7;Ndufb3;Ndufb4;Ndufb7;Ndufc1;Ndufc2;Ndufs6;Ndufv3;mt-Nd3,2.5904774465115432e-14,1.6869189131683172e-11,tissue__thymus,thymus,ALL,condition,tissue,T2_up,BP,5.584055709591122e-11
GO:0009201,ribonucleoside triphosphate biosynthetic process,9144,94,168,17,0.1011904761904761,9.843465045592708,Atp5e;Atp5j2;Atp5k;Atp5l;Ndufa1;Ndufa13;Ndufa2;Ndufa3;Ndufa7;Ndufb3;Ndufb4;Ndufb7;Ndufc1;Ndufc2;Ndufs6;Ndufv3;mt-Nd3,8.499926066475155e-13,2.913237818151906e-10,tissue__thymus,thymus,ALL,condition,tissue,T2_up,BP,1.4615647437564334e-09
GO:0055086,nucleobase-containing small molecule metabolic process,9144,428,168,24,0.1428571428571428,3.052069425901202,Ada;Adss;Atp5e;Atp5j2;Atp5k;Atp5l;Dctpp1;Gnpda1;Gucy1a1;Hspa1a;Hspa1b;Ndufa1;Ndufa13;Ndufa2;Ndufa3;Ndufa7;Ndufb3;Ndufb4;Ndufb7;Ndufc1;Ndufc2;Ndufs6;Ndufv3;mt-Nd3,9.097201927276884e-07,0.00011392495952,tissue__thymus,thymus,ALL,condition,tissue,T2_up,BP,0.0006673689386226
GO:0009142,nucleoside triphosphate biosynthetic process,9144,94,168,17,0.1011904761904761,9.843465045592708,Atp5e;Atp5j2;Atp5k;Atp5l;Ndufa1;Ndufa13;Ndufa2;Ndufa3;Ndufa7;Ndufb3;Ndufb4;Ndufb7;Ndufc1;Ndufc2;Ndufs6;Ndufv3;mt-Nd3,8.499926066475155e-13,2.913237818151906e-10,tissue__thymus,thymus,ALL,condition,tissue,T2_up,BP,1.4615647437564334e-09
GO:0009145,purine nucleoside triphosphate biosynthetic process,9144,87,168,17,0.1011904761904761,10.635467980295566,Atp5e;Atp5j2;Atp5k;Atp5l;Ndufa1;Ndufa13;Ndufa2;Ndufa3;Ndufa7;Ndufb3;Ndufb4;Ndufb7;Ndufc1;Ndufc2;Ndufs6;Ndufv3;mt-Nd3,2.2306358674414525e-13,9.078687980486711e-11,tissue__thymus,thymus,ALL,condition,tissue,T2_up,BP,4.1864742841090133e-10
GO:0006163,purine nucleotide metabolic process,9144,257,168,22,0.1309523809523809,4.6592551417454136,Ada;Adss;Atp5e;Atp5j2;Atp5k;Atp5l;Gucy1a1;Hspa1a;Hspa1b;Ndufa1;Ndufa13;Ndufa2;Ndufa3;Ndufa7;Ndufb3;Ndufb4;Ndufb7;Ndufc1;Ndufc2;Ndufs6;Ndufv3;mt-Nd3,1.5010652511855752e-09,2.443734228930117e-07,tissue__thymus,thymus,ALL,condition,tissue,T2_up,BP,1.5975952934925862e-06
GO:1901293,nucleoside phosphate biosynthetic process,9144,229,168,21,0.125,4.991266375545852,Ada;Adss;Atp5e;Atp5j2;Atp5k;Atp5l;Gnpda1;Gucy1a1;Ndufa1;Ndufa13;Ndufa2;Ndufa3;Ndufa7;Ndufb3;Ndufb4;Ndufb7;Ndufc1;Ndufc2;Ndufs6;Ndufv3;mt-Nd3,1.0432515078864694e-09,1.7878036366728126e-07,tissue__thymus,thymus,ALL,condition,tissue,T2_up,BP,1.1326284637117503e-06
GO:0009150,purine ribonucleotide metabolic process,9144,202,168,22,0.1309523809523809,5.927864214992928,Ada;Adss;Atp5e;Atp5j2;Atp5k;Atp5l;Gucy1a1;Hspa1a;Hspa1b;Ndufa1;Ndufa13;Ndufa2;Ndufa3;Ndufa7;Ndufb3;Ndufb4;Ndufb7;Ndufc1;Ndufc2;Ndufs6;Ndufv3;mt-Nd3,1.367941083777517e-11,3.299271236133033e-09,tissue__thymus,thymus,ALL,condition,tissue,T2_up,BP,1.95168779834836e-08
GO:0015986,proton motive force-driven ATP synthesis,9144,67,168,17,0.1011904761904761,13.810234541577824,Atp5e;Atp5j2;Atp5k;Atp5l;Ndufa1;Ndufa13;Ndufa2;Ndufa3;Ndufa7;Ndufb3;Ndufb4;Ndufb7;Ndufc1;Ndufc2;Ndufs6;Ndufv3;mt-Nd3,2.084991228454841e-15,2.262910479949654e-12,tissue__thymus,thymus,ALL,condition,tissue,T2_up,BP,5.301116929003208e-12
GO:0007283,spermatogenesis,9144,332,168,16,0.0952380952380952,2.623063683304647,Dazap1;Eif2s2;Rpl27;Rpl30;Rpl34;Rpl35;Rpl35a;Rpl36;Rpl36a;Rpl37;Rpl37a;Rpl38;Rpl41;Rplp2;Sirt1;Uba52,0.0003894590167827,0.0478520210809288,tissue__thymus,thymus,ALL,condition,tissue,T2_up,BP,0.1457282157967672
GO:0006412,translation,9144,383,168,25,0.1488095238095238,3.55277881387542,Cdk5rap3;Eif2s2;Lars;Mrpl52;Rpl22;Rpl22l1;Rpl27;Rpl30;Rpl34;Rpl35;Rpl35a;Rpl36;Rpl36a;Rpl37;Rpl37a;Rpl38;Rpl39;Rpl41;Rplp2;Rps15a;Rps21;Rps26;Rps27;Rps28;Uba52,2.8035515933099285e-08,3.9688539077465765e-06,tissue__thymus,thymus,ALL,condition,tissue,T2_up,BP,2.5195882376685124e-05
GO:0002181,cytoplasmic translation,9144,194,168,22,0.1309523809523809,6.172312223858616,Cdk5rap3;Eif2s2;Rpl22;Rpl22l1;Rpl27;Rpl30;Rpl34;Rpl35;Rpl35a;Rpl36;Rpl36a;Rpl37;Rpl37a;Rpl38;Rpl39;Rpl41;Rplp2;Rps15a;Rps21;Rps26;Rps28;Uba52,6.055730563548503e-12,1.577396697193114e-09,tissue__thymus,thymus,ALL,condition,tissue,T2_up,BP,9.075175786705427e-09
GO:0160307,protein biosynthetic process,9144,383,168,25,0.1488095238095238,3.55277881387542,Cdk5rap3;Eif2s2;Lars;Mrpl52;Rpl22;Rpl22l1;Rpl27;Rpl30;Rpl34;Rpl35;Rpl35a;Rpl36;Rpl36a;Rpl37;Rpl37a;Rpl38;Rpl39;Rpl41;Rplp2;Rps15a;Rps21;Rps26;Rps27;Rps28;Uba52,2.8035515933099285e-08,3.9688539077465765e-06,tissue__thymus,thymus,ALL,condition,tissue,T2_up,BP,2.5195882376685124e-05
GO:0006941,striated muscle contraction,9144,85,168,14,0.0833333333333333,8.964705882352941,Rpl27;Rpl30;Rpl34;Rpl35;Rpl35a;Rpl36;Rpl36a;Rpl37;Rpl37a;Rpl38;Rpl39;Rpl41;Rplp2;Uba52,3.555465574699171e-10,6.809762300717941e-08,tissue__thymus,thymus,ALL,condition,tissue,T2_up,BP,4.1234252100119345e-07
GO:0140236,translation at presynapse,9144,47,168,16,0.0952380952380952,18.528875379939212,Rpl22;Rpl27;Rpl34;Rpl35;Rpl35a;Rpl36;Rpl36a;Rpl37;Rpl37a;Rpl38;Rplp2;Rps15a;Rps26;Rps27;Rps28;Uba52,7.524160542931891e-17,1.808561727258182e-13,tissue__thymus,thymus,ALL,condition,tissue,T2_up,BP,2.356044350892759e-13
GO:0140241,translation at synapse,9144,48,168,16,0.0952380952380952,18.142857142857142,Rpl22;Rpl27;Rpl34;Rpl35;Rpl35a;Rpl36;Rpl36a;Rpl37;Rpl37a;Rpl38;Rplp2;Rps15a;Rps26;Rps27;Rps28;Uba52,1.1109101518784902e-16,1.808561727258182e-13,tissue__thymus,thymus,ALL,condition,tissue,T2_up,BP,3.321275241406051e-13
GO:0140242,translation at postsynapse,9144,48,168,16,0.0952380952380952,18.142857142857142,Rpl22;Rpl27;Rpl34;Rpl35;Rpl35a;Rpl36;Rpl36a;Rpl37;Rpl37a;Rpl38;Rplp2;Rps15a;Rps26;Rps27;Rps28;Uba52,1.1109101518784902e-16,1.808561727258182e-13,tissue__thymus,thymus,ALL,condition,tissue,T2_up,BP,3.321275241406051e-13
GO:1901740,negative regulation of myoblast fusion,9144,47,168,14,0.0833333333333333,16.21276595744681,Rpl27;Rpl30;Rpl34;Rpl35;Rpl35a;Rpl36;Rpl36a;Rpl37;Rpl37a;Rpl38;Rpl39;Rpl41;Rplp2;Uba52,5.847679050825199e-14,3.461825998088518e-11,tissue__thymus,thymus,ALL,condition,tissue,T2_up,BP,1.1996775710104657e-10
GO:1901739,regulation of myoblast fusion,9144,58,168,14,0.0833333333333333,13.13793103448276,Rpl27;Rpl30;Rpl34;Rpl35;Rpl35a;Rpl36;Rpl36a;Rpl37;Rpl37a;Rpl38;Rpl39;Rpl41;Rplp2;Uba52,1.4577576180730069e-12,4.74645880444571e-10,tissue__thymus,thymus,ALL,condition,tissue,T2_up,BP,2.395828672257732e-09
GO:0060142,regulation of syncytium formation by plasma membrane fusion,9144,63,168,14,0.0833333333333333,12.095238095238097,Rpl27;Rpl30;Rpl34;Rpl35;Rpl35a;Rpl36;Rpl36a;Rpl37;Rpl37a;Rpl38;Rpl39;Rpl41;Rplp2;Uba52,4.962990246025886e-12,1.3466246867550235e-09,tissue__thymus,thymus,ALL,condition,tissue,T2_up,BP,7.551716421720227e-09
GO:0034242,negative regulation of syncytium formation by plasma membrane fusion,9144,48,168,14,0.0833333333333333,15.875,Rpl27;Rpl30;Rpl34;Rpl35;Rpl35a;Rpl36;Rpl36a;Rpl37;Rpl37a;Rpl38;Rpl39;Rpl41;Rplp2;Uba52,8.12545664751596e-14,4.070228745278764e-11,tissue__thymus,thymus,ALL,condition,tissue,T2_up,BP,1.6442939392946682e-10
GO:0006123,"mitochondrial electron transport, cytochrome c to oxygen",9144,11,168,5,0.0297619047619047,24.740259740259734,Cox5b;Cox7a2;Cox7b;Cox7c;Cox8a,8.335095818347956e-07,0.0001064277332727,tissue__thymus,thymus,ALL,condition,tissue,T2_up,BP,0.0006175527505522
GO:0006457,protein folding,9144,153,141,13,0.0921985815602836,5.510221109720484,Ahsa2;Cct6a;Chordc1;Dnaja1;Dnajc2;Ero1lb;Hspa5;Hspa8;Hspd1;Pdrg1;Ptges3;Sdf2l1;Sgta,6.052017061875571e-07,0.0039410735106933,tissue__thymus,thymus,ALL,condition,tissue,Ctrl_up,BP,0.0004557766388517
GO:0097530,granulocyte migration,9144,35,141,6,0.0425531914893617,11.117325227963526,Ccl5;Dapk2;Fcer1g;Prex1;S100a9;Vav3,1.35724442153135e-05,0.0441918783650607,tissue__thymus,thymus,ALL,condition,tissue,Ctrl_up,BP,0.0081236403833122
GO:0006936,muscle contraction,9138,111,120,14,0.1166666666666666,9.604504504504506,Ndufs6;Rpl30;Rpl34;Rpl35;Rpl35a;Rpl36;Rpl36a;Rpl37;Rpl37a;Rpl38;Rpl39;Rpl41;Rplp2;Uba52,1.5162831062092914e-10,5.1936686606368794e-08,cluster_tissue__C6__thymus,thymus,C6,condition,original,T2_up,BP,1.879395003068762e-07
GO:0003012,muscle system process,9138,141,120,14,0.1166666666666666,7.560992907801419,Ndufs6;Rpl30;Rpl34;Rpl35;Rpl35a;Rpl36;Rpl36a;Rpl37;Rpl37a;Rpl38;Rpl39;Rpl41;Rplp2;Uba52,3.75166094253113e-09,8.138603137997532e-07,cluster_tissue__C6__thymus,thymus,C6,condition,original,T2_up,BP,3.7959917932602224e-06
GO:0022904,respiratory electron transport chain,9138,78,120,8,0.0666666666666666,7.81025641025641,Cox5b;Cox8a;Ndufa7;Ndufs6;Ndufv3;Uqcr10;Uqcrq;mt-Nd3,7.616624663303727e-06,0.0010546594321017,cluster_tissue__C6__thymus,thymus,C6,condition,original,T2_up,BP,0.0048011335216691
GO:0015980,energy derivation by oxidation of organic compounds,9138,242,120,19,0.1583333333333333,5.978719008264463,Atp5e;Atp5k;Cox5b;Cox6c;Cox8a;Mttp;Ndufa1;Ndufa13;Ndufa2;Ndufa3;Ndufa7;Ndufb3;Ndufb4;Ndufc1;Ndufs6;Ndufv3;Uqcr10;Uqcrq;mt-Nd3,2.899262764466958e-10,7.8618341963129e-08,cluster_tissue__C6__thymus,thymus,C6,condition,original,T2_up,BP,3.415664521176411e-07
GO:0022900,electron transport chain,9138,85,120,9,0.075,8.062941176470588,Cox5b;Cox8a;Ndufa7;Ndufb3;Ndufs6;Ndufv3;Uqcr10;Uqcrq;mt-Nd3,1.5306717209334823e-06,0.0002316653851124,cluster_tissue__C6__thymus,thymus,C6,condition,original,T2_up,BP,0.0010867184713913
GO:0019646,aerobic electron transport chain,9138,53,120,7,0.0583333333333333,10.057547169811322,Cox5b;Cox8a;Ndufa7;Ndufs6;Uqcr10;Uqcrq;mt-Nd3,5.281054770424916e-06,0.0007637578765761,cluster_tissue__C6__thymus,thymus,C6,condition,original,T2_up,BP,0.0034526955753349
GO:0045333,cellular respiration,9138,199,120,19,0.1583333333333333,7.270603015075377,Atp5e;Atp5k;Cox5b;Cox6c;Cox8a;Mttp;Ndufa1;Ndufa13;Ndufa2;Ndufa3;Ndufa7;Ndufb3;Ndufb4;Ndufc1;Ndufs6;Ndufv3;Uqcr10;Uqcrq;mt-Nd3,9.511291266782046e-12,4.761498735709042e-09,cluster_tissue__C6__thymus,thymus,C6,condition,original,T2_up,BP,1.3869420873993738e-08
GO:0009060,aerobic respiration,9138,173,120,19,0.1583333333333333,8.363294797687862,Atp5e;Atp5k;Cox5b;Cox6c;Cox8a;Mttp;Ndufa1;Ndufa13;Ndufa2;Ndufa3;Ndufa7;Ndufb3;Ndufb4;Ndufc1;Ndufs6;Ndufv3;Uqcr10;Uqcrq;mt-Nd3,7.651319789845069e-13,5.532754354701301e-10,cluster_tissue__C6__thymus,thymus,C6,condition,original,T2_up,BP,1.33103432933589e-09
GO:0042775,mitochondrial ATP synthesis coupled electron transport,9138,58,120,8,0.0666666666666666,10.503448275862068,Cox5b;Cox8a;Ndufa7;Ndufs6;Ndufv3;Uqcr10;Uqcrq;mt-Nd3,7.748365613835367e-07,0.0001260659085371,cluster_tissue__C6__thymus,thymus,C6,condition,original,T2_up,BP,0.0005762343281525
GO:0006091,generation of precursor metabolites and energy,9138,271,120,20,0.1666666666666666,5.619926199261992,Atp5e;Atp5k;Cox5b;Cox6c;Cox8a;Gnpda1;Mttp;Ndufa1;Ndufa13;Ndufa2;Ndufa3;Ndufa7;Ndufb3;Ndufb4;Ndufc1;Ndufs6;Ndufv3;Uqcr10;Uqcrq;mt-Nd3,2.835430800890197e-10,7.8618341963129e-08,cluster_tissue__C6__thymus,thymus,C6,condition,original,T2_up,BP,3.353745296477179e-07
GO:0006119,oxidative phosphorylation,9138,102,120,18,0.15,13.438235294117646,Atp5e;Atp5k;Cox5b;Cox6c;Cox8a;Ndufa1;Ndufa13;Ndufa2;Ndufa3;Ndufa7;Ndufb3;Ndufb4;Ndufc1;Ndufs6;Ndufv3;Uqcr10;Uqcrq;mt-Nd3,6.619629048454759e-16,1.0770136461835891e-12,cluster_tissue__C6__thymus,thymus,C6,condition,original,T2_up,BP,1.8149009507465725e-12
GO:0042773,ATP synthesis coupled electron transport,9138,60,120,8,0.0666666666666666,10.153333333333334,Cox5b;Cox8a;Ndufa7;Ndufs6;Ndufv3;Uqcr10;Uqcrq;mt-Nd3,1.0119038961494055e-06,0.0001606212330765,cluster_tissue__C6__thymus,thymus,C6,condition,original,T2_up,BP,0.0007377821068704
GO:0046034,ATP metabolic process,9138,136,120,16,0.1333333333333333,8.958823529411765,Atp5e;Atp5k;Hspa1a;Hspa1b;Mttp;Ndufa1;Ndufa13;Ndufa2;Ndufa3;Ndufa7;Ndufb3;Ndufb4;Ndufc1;Ndufs6;Ndufv3;mt-Nd3,1.984480905968527e-11,8.610001157362116e-09,cluster_tissue__C6__thymus,thymus,C6,condition,original,T2_up,BP,2.7457277814980537e-08
GO:0009117,nucleotide metabolic process,9138,294,120,16,0.1333333333333333,4.144217687074829,Atp5e;Atp5k;Hspa1a;Hspa1b;Mttp;Ndufa1;Ndufa13;Ndufa2;Ndufa3;Ndufa7;Ndufb3;Ndufb4;Ndufc1;Ndufs6;Ndufv3;mt-Nd3,1.3290214039432389e-06,0.0002059350308776,cluster_tissue__C6__thymus,thymus,C6,condition,original,T2_up,BP,0.000950358925761
GO:0009165,nucleotide biosynthetic process,9138,162,120,13,0.1083333333333333,6.110802469135803,Atp5e;Atp5k;Ndufa1;Ndufa13;Ndufa2;Ndufa3;Ndufa7;Ndufb3;Ndufb4;Ndufc1;Ndufs6;Ndufv3;mt-Nd3,1.792450620721271e-07,3.152775308014603e-05,cluster_tissue__C6__thymus,thymus,C6,condition,original,T2_up,BP,0.0001460842345064
GO:1901137,carbohydrate derivative biosynthetic process,9138,408,120,18,0.15,3.3595588235294116,Atp5e;Atp5k;Dpm3;Gnpda1;Ndufa1;Ndufa13;Ndufa2;Ndufa3;Ndufa7;Ndufb3;Ndufb4;Ndufc1;Ndufs6;Ndufv3;Ost4;Phlda1;Tmem258;mt-Nd3,5.569346225390371e-06,0.0007879414181487,cluster_tissue__C6__thymus,thymus,C6,condition,original,T2_up,BP,0.0036173268538248
GO:0046390,ribose phosphate biosynthetic process,9138,130,120,13,0.1083333333333333,7.615,Atp5e;Atp5k;Ndufa1;Ndufa13;Ndufa2;Ndufa3;Ndufa7;Ndufb3;Ndufb4;Ndufc1;Ndufs6;Ndufv3;mt-Nd3,1.2862215991232593e-08,2.5365848991194456e-06,cluster_tissue__C6__thymus,thymus,C6,condition,original,T2_up,BP,1.214658679293944e-05
GO:0006753,nucleoside phosphate metabolic process,9138,403,120,17,0.1416666666666666,3.2122828784119104,Atp5e;Atp5k;Gnpda1;Hspa1a;Hspa1b;Mttp;Ndufa1;Ndufa13;Ndufa2;Ndufa3;Ndufa7;Ndufb3;Ndufb4;Ndufc1;Ndufs6;Ndufv3;mt-Nd3,1.870770647095834e-05,0.0024846888512856,cluster_tissue__C6__thymus,thymus,C6,condition,original,T2_up,BP,0.0108692505366051
GO:0009260,ribonucleotide biosynthetic process,9138,124,120,13,0.1083333333333333,7.983467741935484,Atp5e;Atp5k;Ndufa1;Ndufa13;Ndufa2;Ndufa3;Ndufa7;Ndufb3;Ndufb4;Ndufc1;Ndufs6;Ndufv3;mt-Nd3,7.205963637714745e-09,1.5015946897758797e-06,cluster_tissue__C6__thymus,thymus,C6,condition,original,T2_up,BP,7.005185709691359e-06
GO:0009144,purine nucleoside triphosphate metabolic process,9138,164,120,16,0.1333333333333333,7.429268292682927,Atp5e;Atp5k;Hspa1a;Hspa1b;Mttp;Ndufa1;Ndufa13;Ndufa2;Ndufa3;Ndufa7;Ndufb3;Ndufb4;Ndufc1;Ndufs6;Ndufv3;mt-Nd3,3.440268270281951e-10,8.955706361197973e-08,cluster_tissue__C6__thymus,thymus,C6,condition,original,T2_up,BP,3.9976186071634884e-07
GO:0009259,ribonucleotide metabolic process,9138,217,120,16,0.1333333333333333,5.614746543778803,Atp5e;Atp5k;Hspa1a;Hspa1b;Mttp;Ndufa1;Ndufa13;Ndufa2;Ndufa3;Ndufa7;Ndufb3;Ndufb4;Ndufc1;Ndufs6;Ndufv3;mt-Nd3,2.0589330593711928e-08,3.828438957253635e-06,cluster_tissue__C6__thymus,thymus,C6,condition,original,T2_up,BP,1.8787701009306326e-05
GO:0042776,proton motive force-driven mitochondrial ATP synthesis,9138,63,120,13,0.1083333333333333,15.713492063492064,Atp5e;Atp5k;Ndufa1;Ndufa13;Ndufa2;Ndufa3;Ndufa7;Ndufb3;Ndufb4;Ndufc1;Ndufs6;Ndufv3;mt-Nd3,1.074603530131514e-12,6.357745249178084e-10,cluster_tissue__C6__thymus,thymus,C6,condition,original,T2_up,BP,1.8162875597860334e-09
GO:0006164,purine nucleotide biosynthetic process,9138,135,120,13,0.1083333333333333,7.332962962962963,Atp5e;Atp5k;Ndufa1;Ndufa13;Ndufa2;Ndufa3;Ndufa7;Ndufb3;Ndufb4;Ndufc1;Ndufs6;Ndufv3;mt-Nd3,2.0361391627004832e-08,3.828438957253635e-06,cluster_tissue__C6__thymus,thymus,C6,condition,original,T2_up,BP,1.8636875731851187e-05
GO:0009152,purine ribonucleotide biosynthetic process,9138,112,120,13,0.1083333333333333,8.838839285714286,Atp5e;Atp5k;Ndufa1;Ndufa13;Ndufa2;Ndufa3;Ndufa7;Ndufb3;Ndufb4;Ndufc1;Ndufs6;Ndufv3;mt-Nd3,2.036219867797138e-09,4.569558241249577e-07,cluster_tissue__C6__thymus,thymus,C6,condition,original,T2_up,BP,2.144150332577295e-06
GO:0009141,nucleoside triphosphate metabolic process,9138,166,120,16,0.1333333333333333,7.339759036144578,Atp5e;Atp5k;Hspa1a;Hspa1b;Mttp;Ndufa1;Ndufa13;Ndufa2;Ndufa3;Ndufa7;Ndufb3;Ndufb4;Ndufc1;Ndufs6;Ndufv3;mt-Nd3,4.12523726176833e-10,1.0325786192149345e-07,cluster_tissue__C6__thymus,thymus,C6,condition,original,T2_up,BP,4.765634288183582e-07
GO:0072521,purine-containing compound metabolic process,9138,355,120,16,0.1333333333333333,3.4321126760563376,Atp5e;Atp5k;Hspa1a;Hspa1b;Mttp;Ndufa1;Ndufa13;Ndufa2;Ndufa3;Ndufa7;Ndufb3;Ndufb4;Ndufc1;Ndufs6;Ndufv3;mt-Nd3,1.4935358316089165e-05,0.002024985665023,cluster_tissue__C6__thymus,thymus,C6,condition,original,T2_up,BP,0.0088503601189647
GO:0009205,purine ribonucleoside triphosphate metabolic process,9138,156,120,16,0.1333333333333333,7.81025641025641,Atp5e;Atp5k;Hspa1a;Hspa1b;Mttp;Ndufa1;Ndufa13;Ndufa2;Ndufa3;Ndufa7;Ndufb3;Ndufb4;Ndufc1;Ndufs6;Ndufv3;mt-Nd3,1.6198414438196066e-10,5.270964058189e-08,cluster_tissue__C6__thymus,thymus,C6,condition,original,T2_up,BP,1.999422048376737e-07
GO:0019693,ribose phosphate metabolic process,9138,224,120,16,0.1333333333333333,5.439285714285714,Atp5e;Atp5k;Hspa1a;Hspa1b;Mttp;Ndufa1;Ndufa13;Ndufa2;Ndufa3;Ndufa7;Ndufb3;Ndufb4;Ndufc1;Ndufs6;Ndufv3;mt-Nd3,3.2279367380464385e-08,5.835392303112838e-06,cluster_tissue__C6__thymus,thymus,C6,condition,original,T2_up,BP,2.87493189584918e-05
GO:0009206,purine ribonucleoside triphosphate biosynthetic process,9138,86,120,13,0.1083333333333333,11.511046511627908,Atp5e;Atp5k;Ndufa1;Ndufa13;Ndufa2;Ndufa3;Ndufa7;Ndufb3;Ndufb4;Ndufc1;Ndufs6;Ndufv3;mt-Nd3,6.94098350877959e-11,2.6571718044198577e-08,cluster_tissue__C6__thymus,thymus,C6,condition,original,T2_up,BP,8.919058869506266e-08
GO:0090407,organophosphate biosynthetic process,9138,424,120,16,0.1333333333333333,2.8735849056603775,Atp5e;Atp5k;Chka;Dpm3;Gnpda1;Ndufa1;Ndufa13;Ndufa2;Ndufa3;Ndufa7;Ndufb3;Ndufb4;Ndufc1;Ndufs6;Ndufv3;mt-Nd3,0.000126767536772,0.0161765319473004,cluster_tissue__C6__thymus,thymus,C6,condition,original,T2_up,BP,0.0573101006591498
GO:0072522,purine-containing compound biosynthetic process,9138,179,120,13,0.1083333333333333,5.530446927374302,Atp5e;Atp5k;Ndufa1;Ndufa13;Ndufa2;Ndufa3;Ndufa7;Ndufb3;Ndufb4;Ndufc1;Ndufs6;Ndufv3;mt-Nd3,5.707041063953153e-07,9.523441857489006e-05,cluster_tissue__C6__thymus,thymus,C6,condition,original,T2_up,BP,0.0004308873942787
GO:0006754,ATP biosynthetic process,9138,77,120,13,0.1083333333333333,12.856493506493509,Atp5e;Atp5k;Ndufa1;Ndufa13;Ndufa2;Ndufa3;Ndufa7;Ndufb3;Ndufb4;Ndufc1;Ndufs6;Ndufv3;mt-Nd3,1.6175411300801325e-11,7.519255481829644e-09,cluster_tissue__C6__thymus,thymus,C6,condition,original,T2_up,BP,2.2750658634962522e-08
GO:0009201,ribonucleoside triphosphate biosynthetic process,9138,94,120,13,0.1083333333333333,10.531382978723403,Atp5e;Atp5k;Ndufa1;Ndufa13;Ndufa2;Ndufa3;Ndufa7;Ndufb3;Ndufb4;Ndufc1;Ndufs6;Ndufv3;mt-Nd3,2.2000856097716166e-10,6.508253249269855e-08,cluster_tissue__C6__thymus,thymus,C6,condition,original,T2_up,BP,2.6604401084601704e-07
GO:0055086,nucleobase-containing small molecule metabolic process,9138,428,120,17,0.1416666666666666,3.0246495327102805,Atp5e;Atp5k;Gnpda1;Hspa1a;Hspa1b;Mttp;Ndufa1;Ndufa13;Ndufa2;Ndufa3;Ndufa7;Ndufb3;Ndufb4;Ndufc1;Ndufs6;Ndufv3;mt-Nd3,4.035594501611408e-05,0.0052527298032974,cluster_tissue__C6__thymus,thymus,C6,condition,original,T2_up,BP,0.021456379602723
GO:0009142,nucleoside triphosphate biosynthetic process,9138,94,120,13,0.1083333333333333,10.531382978723403,Atp5e;Atp5k;Ndufa1;Ndufa13;Ndufa2;Ndufa3;Ndufa7;Ndufb3;Ndufb4;Ndufc1;Ndufs6;Ndufv3;mt-Nd3,2.2000856097716166e-10,6.508253249269855e-08,cluster_tissue__C6__thymus,thymus,C6,condition,original,T2_up,BP,2.6604401084601704e-07
GO:0009145,purine nucleoside triphosphate biosynthetic process,9138,87,120,13,0.1083333333333333,11.37873563218391,Atp5e;Atp5k;Ndufa1;Ndufa13;Ndufa2;Ndufa3;Ndufa7;Ndufb3;Ndufb4;Ndufc1;Ndufs6;Ndufv3;mt-Nd3,8.071215805950934e-11,2.9181929147293716e-08,cluster_tissue__C6__thymus,thymus,C6,condition,original,T2_up,BP,1.0304621676649995e-07
GO:0006163,purine nucleotide metabolic process,9138,257,120,16,0.1333333333333333,4.740856031128405,Atp5e;Atp5k;Hspa1a;Hspa1b;Mttp;Ndufa1;Ndufa13;Ndufa2;Ndufa3;Ndufa7;Ndufb3;Ndufb4;Ndufc1;Ndufs6;Ndufv3;mt-Nd3,2.179741505131258e-07,3.73309413563006e-05,cluster_tissue__C6__thymus,thymus,C6,condition,original,T2_up,BP,0.0001762001153525
GO:1901293,nucleoside phosphate biosynthetic process,9138,229,120,14,0.1166666666666666,4.655458515283843,Atp5e;Atp5k;Gnpda1;Ndufa1;Ndufa13;Ndufa2;Ndufa3;Ndufa7;Ndufb3;Ndufb4;Ndufc1;Ndufs6;Ndufv3;mt-Nd3,1.646019381072964e-06,0.0002434612302732,cluster_tissue__C6__thymus,thymus,C6,condition,original,T2_up,BP,0.0011630593096562
GO:0009150,purine ribonucleotide metabolic process,9138,202,120,16,0.1333333333333333,6.031683168316832,Atp5e;Atp5k;Hspa1a;Hspa1b;Mttp;Ndufa1;Ndufa13;Ndufa2;Ndufa3;Ndufa7;Ndufb3;Ndufb4;Ndufc1;Ndufs6;Ndufv3;mt-Nd3,7.383378929445013e-09,1.5015946897758797e-06,cluster_tissue__C6__thymus,thymus,C6,condition,original,T2_up,BP,7.142644759862524e-06
GO:0015986,proton motive force-driven ATP synthesis,9138,67,120,13,0.1083333333333333,14.775373134328358,Atp5e;Atp5k;Ndufa1;Ndufa13;Ndufa2;Ndufa3;Ndufa7;Ndufb3;Ndufb4;Ndufc1;Ndufs6;Ndufv3;mt-Nd3,2.4926159376424237e-12,1.3518287101814074e-09,cluster_tissue__C6__thymus,thymus,C6,condition,original,T2_up,BP,3.997242228756024e-09
GO:0007283,spermatogenesis,9138,332,120,13,0.1083333333333333,2.981777108433735,Dazap1;Rpl30;Rpl34;Rpl35;Rpl35a;Rpl36;Rpl36a;Rpl37;Rpl37a;Rpl38;Rpl41;Rplp2;Uba52,0.000399307404714,0.0490319356580927,cluster_tissue__C6__thymus,thymus,C6,condition,original,T2_up,BP,0.1486652952564477
GO:0006412,translation,9138,383,120,23,0.1916666666666666,4.572976501305483,Cdk5rap3;Lars;Mrpl52;Rpl22;Rpl22l1;Rpl30;Rpl34;Rpl35;Rpl35a;Rpl36;Rpl36a;Rpl37;Rpl37a;Rpl38;Rpl39;Rpl41;Rplp2;Rps15a;Rps21;Rps26;Rps27;Rps28;Uba52,6.844981936967372e-10,1.5909693730637022e-07,cluster_tissue__C6__thymus,thymus,C6,condition,original,T2_up,BP,7.654902844802377e-07
GO:0002181,cytoplasmic translation,9138,194,120,20,0.1666666666666666,7.850515463917525,Cdk5rap3;Rpl22;Rpl22l1;Rpl30;Rpl34;Rpl35;Rpl35a;Rpl36;Rpl36a;Rpl37;Rpl37a;Rpl38;Rpl39;Rpl41;Rplp2;Rps15a;Rps21;Rps26;Rps28;Uba52,5.997940827854958e-13,4.879324863460007e-10,cluster_tissue__C6__thymus,thymus,C6,condition,original,T2_up,BP,1.0716104803755707e-09
GO:0160307,protein biosynthetic process,9138,383,120,23,0.1916666666666666,4.572976501305483,Cdk5rap3;Lars;Mrpl52;Rpl22;Rpl22l1;Rpl30;Rpl34;Rpl35;Rpl35a;Rpl36;Rpl36a;Rpl37;Rpl37a;Rpl38;Rpl39;Rpl41;Rplp2;Rps15a;Rps21;Rps26;Rps27;Rps28;Uba52,6.844981936967372e-10,1.5909693730637022e-07,cluster_tissue__C6__thymus,thymus,C6,condition,original,T2_up,BP,7.654902844802377e-07
GO:0006941,striated muscle contraction,9138,85,120,13,0.1083333333333333,11.646470588235292,Rpl30;Rpl34;Rpl35;Rpl35a;Rpl36;Rpl36a;Rpl37;Rpl37a;Rpl38;Rpl39;Rpl41;Rplp2;Uba52,5.956824703944302e-11,2.422938448329345e-08,cluster_tissue__C6__thymus,thymus,C6,condition,original,T2_up,BP,7.771931894654068e-08
GO:0140236,translation at presynapse,9138,47,120,15,0.125,24.303191489361705,Rpl22;Rpl34;Rpl35;Rpl35a;Rpl36;Rpl36a;Rpl37;Rpl37a;Rpl38;Rplp2;Rps15a;Rps26;Rps27;Rps28;Uba52,1.284462699928827e-17,4.009170695493099e-14,cluster_tissue__C6__thymus,thymus,C6,condition,original,T2_up,BP,4.63144554180155e-14
GO:0140241,translation at synapse,9138,48,120,15,0.125,23.796875,Rpl22;Rpl34;Rpl35;Rpl35a;Rpl36;Rpl36a;Rpl37;Rpl37a;Rpl38;Rplp2;Rps15a;Rps26;Rps27;Rps28;Uba52,1.8481118756114472e-17,4.009170695493099e-14,cluster_tissue__C6__thymus,thymus,C6,condition,original,T2_up,BP,6.430002714451927e-14
GO:0140242,translation at postsynapse,9138,48,120,15,0.125,23.796875,Rpl22;Rpl34;Rpl35;Rpl35a;Rpl36;Rpl36a;Rpl37;Rpl37a;Rpl38;Rplp2;Rps15a;Rps26;Rps27;Rps28;Uba52,1.8481118756114472e-17,4.009170695493099e-14,cluster_tissue__C6__thymus,thymus,C6,condition,original,T2_up,BP,6.430002714451927e-14
GO:1901740,negative regulation of myoblast fusion,9138,47,120,13,0.1083333333333333,21.06276595744681,Rpl30;Rpl34;Rpl35;Rpl35a;Rpl36;Rpl36a;Rpl37;Rpl37a;Rpl38;Rpl39;Rpl41;Rplp2;Uba52,1.7210934503089327e-14,2.2401752349221067e-11,cluster_tissue__C6__thymus,thymus,C6,condition,original,T2_up,BP,3.8350603223760254e-11
GO:1901739,regulation of myoblast fusion,9138,58,120,13,0.1083333333333333,17.06810344827586,Rpl30;Rpl34;Rpl35;Rpl35a;Rpl36;Rpl36a;Rpl37;Rpl37a;Rpl38;Rpl39;Rpl41;Rplp2;Uba52,3.4219113038351157e-13,3.1813998236227047e-10,cluster_tissue__C6__thymus,thymus,C6,condition,original,T2_up,BP,6.342240767582849e-10
GO:0060142,regulation of syncytium formation by plasma membrane fusion,9138,63,120,13,0.1083333333333333,15.713492063492064,Rpl30;Rpl34;Rpl35;Rpl35a;Rpl36;Rpl36a;Rpl37;Rpl37a;Rpl38;Rpl39;Rpl41;Rplp2;Uba52,1.074603530131514e-12,6.357745249178084e-10,cluster_tissue__C6__thymus,thymus,C6,condition,original,T2_up,BP,1.8162875597860334e-09
GO:0034242,negative regulation of syncytium formation by plasma membrane fusion,9138,48,120,13,0.1083333333333333,20.623958333333334,Rpl30;Rpl34;Rpl35;Rpl35a;Rpl36;Rpl36a;Rpl37;Rpl37a;Rpl38;Rpl39;Rpl41;Rplp2;Uba52,2.3346173490082243e-14,2.5322816178909208e-11,cluster_tissue__C6__thymus,thymus,C6,condition,original,T2_up,BP,5.087823892152912e-11
GO:0090084,negative regulation of inclusion body assembly,9138,10,120,3,0.025,22.845,Dnajb1;Hspa1a;Hspa1b,0.0002477916034356,0.0310120722146008,cluster_tissue__C6__thymus,thymus,C6,condition,original,T2_up,BP,0.1000156844510421
