unit_id,tissue,cluster,gene,gene_family,original_log2FC,original_FDR,detected_Ctrl,detected_T2,stable_unit,original_cells_in_stable_fraction,stable_log2FC,stable_FDR,QC_log2FC,QC_FDR,stable_QC_log2FC,stable_QC_FDR,tissue_log2FC,tissue_FDR,global_log2FC,global_FDR,same_direction_all,minimum_abs_log2FC,stable_support,QC_support,local_effect_contrast,matched_each_n,max_postmatch_QC_SMD,tier,present_in_legacy_DEG_tables
cluster_tissue__C4__spleen,spleen,C4,Hsph1,heat_shock,-2.1604598,0.0002202297952123,0.2602040816326532,0.0817307692307692,stable__spleen_S3,0.9752475247524752,-2.094602,3.3434700166513945e-05,-2.171919,0.0076749412636682,-2.3661714,0.0027858636496653,-1.6686287,5.65320122236029e-47,-0.84006685,1.080288439658138e-44,True,2.094602,True,True,True,143,0.1634711931257971,supported_candidate,True
cluster_tissue__C4__bone_marrow,bone_marrow,C4,Cd8b1,other,-1.8231897,0.0492693006396219,0.1516393442622951,0.0538116591928251,stable__bone_marrow_S1,0.987152034261242,-2.043359,0.0001020906649387,-2.7838488,0.0092251269132359,-2.4830172,2.257613114660276e-05,-1.2693448,0.0003799641320996,-0.38568282,0.0213363025312694,True,1.8231897,True,True,True,164,0.0733202144135154,supported_candidate,False
cluster_tissue__C4__bone_marrow,bone_marrow,C4,Hspa1b,heat_shock,1.7229332,3.356868076538724e-06,0.1598360655737705,0.4080717488789245,stable__bone_marrow_S1,0.987152034261242,1.6751707,5.213418125764367e-09,1.7156109,0.0006002839796586,1.8701316,3.467700871185816e-07,1.35683,1.9228329693932051e-34,0.8993622,2.2102789397654666e-49,True,1.6751707,True,True,True,164,0.0733202144135154,supported_candidate,True
cluster_tissue__C4__spleen,spleen,C4,Jun,other,1.7139053,5.0010364842157e-05,0.1836734693877552,0.4182692307692304,stable__spleen_S3,0.9752475247524752,1.5895288,6.38823857638654e-06,2.006818,0.0001393239396688,1.6513878,0.0005030404249599,1.2091312,1.981267171888293e-87,0.7262989,2.771397837711265e-76,True,1.5895288,True,True,True,143,0.1634711931257971,supported_candidate,True
cluster_tissue__C5-1__spleen,spleen,C5-1,Hspa1b,heat_shock,1.5778608,0.0092407716489705,0.0753138075313807,0.191304347826087,stable__spleen_S2,0.9023972602739726,1.7877009,0.0016620688550283,1.8273202,0.0200514695115599,1.8875415,0.0110032567991785,1.0930178,3.356580784866828e-18,0.8993622,2.2102789397654666e-49,True,1.5778608,True,True,True,196,0.143283264804741,supported_candidate,True
cluster_tissue__C4__bone_marrow,bone_marrow,C4,Hspa1a,heat_shock,1.5679016,0.0063298484042487,0.1188524590163934,0.2645739910313905,stable__bone_marrow_S1,0.987152034261242,1.7245115,1.2562351576537866e-05,1.6589985,0.0214029035668266,1.7801083,0.0003044945342611,1.072438,3.0809342336914533e-13,0.6180962,1.0268251574643465e-17,True,1.5679016,True,True,True,164,0.0733202144135154,supported_candidate,True
cluster_tissue__C4__bone_marrow,bone_marrow,C4,Ly6g5b,other,1.7080286,0.0486256934125841,0.040983606557377,0.1300448430493273,stable__bone_marrow_S1,0.987152034261242,1.4987717,0.0251738960043794,2.405375,0.0394074995704334,1.7104001,0.0709365707439631,0.18859851,0.1518908995754825,0.020764695,0.6858794375022544,True,1.4987717,True,True,True,164,0.0733202144135154,supported_candidate,False
cluster_tissue__C4__bone_marrow,bone_marrow,C4,Banp,other,-1.9363655,0.0300849890923754,0.1434426229508197,0.0448430493273542,stable__bone_marrow_S1,0.987152034261242,-1.4976472,0.0171545331606976,-2.3998115,0.0327910425848234,-1.599669,0.0444810634410431,-0.965239,1.998183436310107e-12,-0.9944728,3.4977102652236457e-35,True,1.4976472,True,True,True,164,0.0733202144135154,supported_candidate,True
cluster_tissue__C4__spleen,spleen,C4,Fosb,other,2.2827451,0.0068455177544471,0.0459183673469387,0.1778846153846154,stable__spleen_S3,0.9752475247524752,1.808829,0.0126308447422287,3.0916703,0.0093696159071613,1.3648458,0.4029954357032695,1.3531767,2.018782124229131e-43,0.80542433,8.637338507581633e-51,True,1.3648458,True,True,True,143,0.1634711931257971,supported_candidate,True
cluster_tissue__C4__bone_marrow,bone_marrow,C4,Hspbp1,heat_shock,1.730267,8.465139071371068e-05,0.110655737704918,0.3094170403587449,stable__bone_marrow_S1,0.987152034261242,1.3597502,7.449034543388816e-05,1.9038167,0.0029203867512777,1.2071041,0.0403373750498723,0.010382512,0.8591682834550066,-0.07053081,0.3701869407341133,True,1.2071041,True,True,True,164,0.0733202144135154,supported_candidate,False
cluster_tissue__C5-2__bone_marrow,bone_marrow,C5-2,Sfpq,other,-1.2365645,0.0014424005279938,0.7884615384615379,0.510416666666667,stable__bone_marrow_S3,1.0,-1.2100096,0.0010527765905529,-1.6439556,0.0190537128785157,-1.1805023,0.6414367830340146,-0.6192132,1.9416464875032084e-32,-0.6973443,3.722464098448951e-107,True,1.1805023,True,True,True,56,0.0699690113284383,supported_candidate,True
cluster_tissue__C4__bone_marrow,bone_marrow,C4,Itga4,other,-1.3351094,0.0091371180768795,0.2909836065573772,0.1390134529147982,stable__bone_marrow_S1,0.987152034261242,-1.1768631,0.0007842573251254,-1.7494624,0.0049205341952217,-1.3968751,0.0007725013025871,-0.4877044,0.0024996240721108,-0.23248273,0.1990572472813403,True,1.1768631,True,True,True,164,0.0733202144135154,supported_candidate,False
cluster_tissue__C4__bone_marrow,bone_marrow,C4,Dusp1,other,1.1479951,0.0003750960014484,0.3196721311475412,0.5246636771300459,stable__bone_marrow_S1,0.987152034261242,1.2622648,2.473752090496285e-07,1.1391159,0.0052157684314674,1.2872305,1.621289111478155e-05,0.82295877,7.862617408952039e-26,0.5274669,3.423529435761313e-29,True,1.1391159,True,True,True,164,0.0733202144135154,supported_candidate,True
cluster_tissue__C4__bone_marrow,bone_marrow,C4,Cdca4,other,1.5241959,0.0284961562335729,0.0737704918032786,0.1838565022421526,stable__bone_marrow_S1,0.987152034261242,0.97783464,0.0414701288681806,1.7996047,0.0418604591042106,1.4072132,0.0179940492920474,0.10234075,0.6045356811022595,0.044600468,0.6603278592396533,True,0.97783464,True,True,True,164,0.0733202144135154,supported_candidate,False
cluster_tissue__C4__bone_marrow,bone_marrow,C4,Capg,other,0.9112636,0.0044953491100349,0.3811475409836068,0.5964125560538129,stable__bone_marrow_S1,0.987152034261242,0.8864852,6.925172393806323e-05,0.8977135,0.0558427783430154,1.134126,2.347091730583306e-05,0.421042,0.0004743011184168,0.22970515,0.0002699812792596,True,0.8864852,True,True,True,164,0.0733202144135154,supported_candidate,False
cluster_tissue__C4__bone_marrow,bone_marrow,C4,Emb,other,-1.3364456,0.0110133621914894,0.2827868852459018,0.1345291479820628,stable__bone_marrow_S1,0.987152034261242,-0.8748585,0.0114494883374506,-1.725405,0.0052671731908709,-1.3392695,0.0002390455422198,-0.14653406,0.2451745286585973,-0.036893856,0.588496724416858,True,0.8748585,True,True,True,164,0.0733202144135154,supported_candidate,False
cluster_tissue__C4__bone_marrow,bone_marrow,C4,Cirbp,other,1.031901,0.0001562853503742,0.4098360655737708,0.6322869955156964,stable__bone_marrow_S1,0.987152034261242,0.9782396,1.155193093109642e-06,1.0402021,0.0027557231459515,0.8545604,0.0010041612006149,0.7189418,1.5235416308461823e-39,0.73812944,2.1306547763258656e-97,True,0.8545604,True,True,True,164,0.0733202144135154,supported_candidate,True
cluster_tissue__C4__bone_marrow,bone_marrow,C4,Gm4208,other,0.8475419,0.0387427004556216,0.3319672131147543,0.4977578475336333,stable__bone_marrow_S1,0.987152034261242,0.9947066,0.0011686637908418,1.0593537,0.0568808709970786,1.1483942,0.004698059066366,0.51530224,0.063005890502328,0.087033644,0.7065099849638729,True,0.8475419,True,True,True,164,0.0733202144135154,supported_candidate,False
cluster_tissue__C5-2__bone_marrow,bone_marrow,C5-2,Dynll1,other,-0.8576215,0.0178827726159466,0.7980769230769225,0.6666666666666664,stable__bone_marrow_S3,1.0,-0.79771394,0.0262280826892122,-1.3281318,0.0190537128785157,-1.2035688,0.0739696233790126,-0.5726543,1.0074012135235443e-32,-0.62129796,4.6276097260973376e-98,True,0.79771394,True,True,True,56,0.0699690113284383,supported_candidate,True
cluster_tissue__C4__bone_marrow,bone_marrow,C4,S100a4,other,0.9782244,0.000622965687224,0.540983606557377,0.7264573991031407,stable__bone_marrow_S1,0.987152034261242,0.8159065,0.0006480269349106,0.85589117,0.062021376706924,0.7919657,0.0201282841002241,0.31369096,7.248159395695618e-05,0.11259814,0.0892633055422024,True,0.7919657,True,True,True,164,0.0733202144135154,supported_candidate,False
cluster_tissue__C4__spleen,spleen,C4,Hsp90aa1,heat_shock,-0.7302767,0.0062051662037382,0.7806122448979569,0.6153846153846143,stable__spleen_S3,0.9752475247524752,-0.7656151,0.0004580541544742,-0.7460817,0.0793512342729993,-0.81068987,0.0173830538035836,-0.31670615,1.4576020676538276e-11,-0.09639588,0.0033132556528957,True,0.7302767,True,True,True,143,0.1634711931257971,supported_candidate,True
cluster_tissue__C4__bone_marrow,bone_marrow,C4,Ly6a,other,0.8171086,0.0333652446578311,0.4549180327868856,0.5919282511210775,stable__bone_marrow_S1,0.987152034261242,0.72253156,0.0035562194768528,1.1727686,0.0052157684314674,0.93161947,0.0008641725317656,0.11608508,0.0784403811554062,0.07435632,0.0541822031986398,True,0.72253156,True,True,True,164,0.0733202144135154,supported_candidate,False
cluster_tissue__C4__bone_marrow,bone_marrow,C4,S100a6,other,0.7267001,0.0001562853503742,0.8770491803278646,0.9237668161435,stable__bone_marrow_S1,0.987152034261242,0.8256164,6.199691247576584e-06,0.71169376,0.0043630158548949,0.76656127,0.0011168437895759,0.16585003,0.0030067713040799,-0.04879557,0.267694302360289,True,0.71169376,True,True,True,164,0.0733202144135154,supported_candidate,False
cluster_tissue__C4__bone_marrow,bone_marrow,C4,Btg2,other,0.70531505,0.0049434003166347,0.7295081967213091,0.852017937219733,stable__bone_marrow_S1,0.987152034261242,0.78497565,5.62392001119601e-06,0.7889458,0.0137389007558657,0.8792385,2.257613114660276e-05,0.40656123,2.0331033315524463e-15,0.32087716,4.786457409996762e-25,True,0.70531505,True,True,True,164,0.0733202144135154,supported_candidate,True
cluster_tissue__C4__bone_marrow,bone_marrow,C4,Tcf7,other,-0.8991752,0.0091371180768795,0.528688524590164,0.3542600896860993,stable__bone_marrow_S1,0.987152034261242,-0.68766874,0.0134934130514035,-1.0706884,0.0214029035668266,-1.0320094,0.0002503310665491,-0.2235084,0.0864962773198978,0.023271644,0.7647355280450113,True,0.68766874,True,True,True,164,0.0733202144135154,supported_candidate,False
cluster_tissue__C4__bone_marrow,bone_marrow,C4,Cd52,other,0.67134625,3.2042322283785397e-18,0.9959016393442566,1.0000000000000024,stable__bone_marrow_S1,0.987152034261242,0.71494704,1.7202192647598572e-23,0.733277,1.9382145924229573e-13,0.7912618,3.233247691656518e-20,0.40228155,1.8979929500859278e-112,0.37258404,2.3839789965717408e-250,True,0.67134625,True,True,True,164,0.0733202144135154,supported_candidate,True
cluster_tissue__C5-1__spleen,spleen,C5-1,Ndufb1-ps,respiratory_chain_or_mt,0.7118703,0.0044917262077039,0.4853556485355657,0.6840579710144896,stable__spleen_S2,0.9023972602739726,0.6948561,0.0072056656301092,0.82554764,0.0120319622897359,0.65672344,0.0977245657870012,0.4103009,2.670195295136927e-13,0.32975954,3.3001226673696554e-20,True,0.65672344,True,True,True,196,0.143283264804741,supported_candidate,False
cluster_tissue__C5-1__spleen,spleen,C5-1,Srsf5,other,0.77422005,2.312643628036389e-05,0.6234309623430958,0.8202898550724581,stable__spleen_S2,0.9023972602739726,0.63052976,0.0025874130829332,0.88774973,0.0001394312423921,0.6203959,0.049252984641723,0.41235396,4.284688841337789e-20,0.4187675,1.6178652064208234e-52,True,0.6203959,True,True,True,196,0.143283264804741,supported_candidate,True
cluster_tissue__C5-1__spleen,spleen,C5-1,Cd48,other,-0.70092976,0.0020837129860081,0.6443514644351458,0.4753623188405799,stable__spleen_S2,0.9023972602739726,-0.77018327,0.0002027810277242,-0.69994676,0.0575353010818959,-0.5570733,0.2066315595692468,-0.30950624,6.704303844649438e-11,-0.32102996,2.296348882428785e-28,True,0.5570733,True,True,True,196,0.143283264804741,supported_candidate,False
cluster_tissue__C4__bone_marrow,bone_marrow,C4,Atp5mpl,respiratory_chain_or_mt,0.74810785,0.0049321040427234,0.5163934426229511,0.6860986547085217,stable__bone_marrow_S1,0.987152034261242,0.7203568,0.0001853684446479,0.73193085,0.0671710214840841,0.5213885,0.1166252709921129,0.48328173,2.0032604873771254e-18,0.4179024,3.3103395755715166e-35,True,0.5213885,True,True,True,164,0.0733202144135154,supported_candidate,True
cluster_tissue__C5-1__spleen,spleen,C5-1,S100a11,other,0.53329134,0.0007950782279249,0.8577405857740557,0.930434782608688,stable__spleen_S2,0.9023972602739726,0.55782306,0.0001270503597094,0.54090536,0.0300693332833514,0.49128544,0.0375093939650732,0.27344364,1.086757849579147e-08,0.26874322,2.822308119120067e-24,True,0.49128544,True,True,True,196,0.143283264804741,supported_candidate,True
cluster_tissue__C4__bone_marrow,bone_marrow,C4,Sec11a,other,-0.56457365,0.0472437731288723,0.635245901639343,0.5336322869955168,stable__bone_marrow_S1,0.987152034261242,-0.4130432,0.0357904611385861,-0.74471885,0.033554206257769,-0.49796498,0.0686210747789733,-0.19402303,0.0002998189905752,-0.15201572,6.903514083618783e-07,True,0.4130432,True,True,True,164,0.0733202144135154,supported_candidate,False
cluster_tissue__C4__bone_marrow,bone_marrow,C4,Clta,other,-0.51291,0.0245337513974023,0.860655737704914,0.7533632286995533,stable__bone_marrow_S1,0.987152034261242,-0.3890175,0.0289454637639998,-0.60170496,0.037296193597435,-0.45922413,0.0785391239465689,-0.1714743,8.301267181594382e-06,-0.117172405,3.410298833076958e-07,True,0.3890175,True,True,True,164,0.0733202144135154,supported_candidate,False
cluster_tissue__C3__spleen,spleen,C3,S100a6,other,-0.31759942,0.0004481386961124,0.3678493845039786,0.3171685569026185,stable__spleen_S0,0.9951118631321676,-0.35416347,3.158630912617743e-05,-0.2870942,0.0168648782360004,-0.3800544,0.0002336842989047,0.0040514553,0.489720041339897,-0.04879557,0.267694302360289,True,0.2870942,True,True,True,2061,0.0575960695787255,supported_candidate,False
cluster_tissue__C4__bone_marrow,bone_marrow,C4,Rac2,other,0.28651986,0.0068463556921888,0.9877049180327812,0.995515695067267,stable__bone_marrow_S1,0.987152034261242,0.2535259,0.0045909626843448,0.2988215,0.0062639207992703,0.30988145,0.0027105853756811,0.02577871,0.6598832166805376,0.036760353,0.095841416359276,True,0.2535259,True,True,True,164,0.0733202144135154,supported_candidate,False
cluster_tissue__C3__spleen,spleen,C3,Fos,other,1.775818,1.386303899987273e-38,0.0604634322954382,0.1783339851388337,stable__spleen_S0,0.9951118631321676,1.817123,4.468110207797146e-41,1.9051281,3.407636959841718e-32,1.9379357,1.0730508552033348e-33,1.7351803,2.1394123887073122e-45,0.7660656,5.5545465787151485e-49,True,1.775818,True,True,False,2061,0.0575960695787255,supported_candidate,True
cluster_tissue__C3__spleen,spleen,C3,Hsph1,heat_shock,-1.636183,4.2355689321984115e-34,0.1810282404055017,0.068439577630035,stable__spleen_S0,0.9951118631321676,-1.672303,1.989757872785955e-36,-1.5420175,3.3106714305740364e-24,-1.5309637,1.2309731098995467e-24,-1.6686287,5.65320122236029e-47,-0.84006685,1.080288439658138e-44,True,1.5309637,True,True,False,2061,0.0575960695787255,supported_candidate,True
cluster_tissue__C3__spleen,spleen,C3,Fosb,other,1.3917809,9.178314268545583e-39,0.1140477914554664,0.2545952287837296,stable__spleen_S0,0.9951118631321676,1.4237218,9.644841634948706e-42,1.5080932,3.989121834541237e-34,1.4718984,1.968024778692829e-33,1.3531767,2.018782124229131e-43,0.80542433,8.637338507581633e-51,True,1.3917809,True,True,False,2061,0.0575960695787255,supported_candidate,True
cluster_tissue__C0__bone_marrow,bone_marrow,C0,Hspa1b,heat_shock,1.411347,1.5046569593856951e-25,0.1133043821555472,0.2287081339712905,stable__bone_marrow_S0,0.9829115293099718,1.3497132,5.449150693180785e-25,1.4357414,1.1567914219845307e-19,1.3880734,3.0390813883699753e-19,1.35683,1.9228329693932051e-34,0.8993622,2.2102789397654666e-49,True,1.3497132,True,True,False,1742,0.0561687506989313,supported_candidate,True
cluster_tissue__C5-1__spleen,spleen,C5-1,Jun,other,1.375917,1.0814240146454037e-07,0.3179916317991636,0.5681159420289845,stable__spleen_S2,0.9023972602739726,1.2893145,2.9685904589146014e-06,1.3682455,6.65546310541075e-05,1.5322962,4.958521819745419e-06,1.2091312,1.981267171888293e-87,0.7262989,2.771397837711265e-76,True,1.2893145,True,True,False,196,0.143283264804741,supported_candidate,True
cluster_tissue__C3__spleen,spleen,C3,Jun,other,1.2428119,4.3910379121289585e-77,0.4055032585083228,0.6245600312866781,stable__spleen_S0,0.9951118631321676,1.2375277,1.4366696178427163e-78,1.3634596,5.91881740787347e-70,1.3086023,2.23860390592866e-66,1.2091312,1.981267171888293e-87,0.7262989,2.771397837711265e-76,True,1.2375277,True,True,False,2061,0.0575960695787255,supported_candidate,True
cluster_tissue__C4__bone_marrow,bone_marrow,C4,Fosb,other,1.1377233,0.0038380715059066,0.2459016393442624,0.4260089686098663,stable__bone_marrow_S1,0.987152034261242,1.1067417,8.486728772343649e-05,1.1814138,0.0307912805814566,1.116845,0.0024744391661117,0.898831,5.196595994537063e-26,0.80542433,8.637338507581633e-51,True,1.1067417,True,True,False,164,0.0733202144135154,supported_candidate,True
cluster_tissue__C0__bone_marrow,bone_marrow,C0,Rhob,other,1.0469553,2.8509886658913004e-09,0.058033951835768,0.1119617224880386,stable__bone_marrow_S0,0.9829115293099718,0.9828168,7.897298741978295e-09,1.1810592,4.062943930977773e-08,1.1176049,3.3327616478126735e-08,0.9072963,1.8130462852605018e-10,0.74716693,1.3062000955791573e-19,True,0.9828168,True,True,False,1742,0.0561687506989313,supported_candidate,True
cluster_tissue__C3__spleen,spleen,C3,Banp,other,-0.97887623,1.7184663719350598e-11,0.1328747284576385,0.0715682440359794,stable__spleen_S0,0.9951118631321676,-0.99161315,3.767065076323221e-12,-1.0315709,2.0950447058094043e-10,-0.9705734,4.5458091952421806e-09,-1.0417297,1.3750249474472874e-16,-0.9944728,3.4977102652236457e-35,True,0.9705734,True,True,False,2061,0.0575960695787255,supported_candidate,True
cluster_tissue__C3__spleen,spleen,C3,Zc3h6,other,1.0105739,5.314048071509482e-11,0.0626357711803042,0.1184982401251461,stable__spleen_S0,0.9951118631321676,1.0145656,1.0779553320699808e-11,0.93770325,1.72421517727717e-07,1.0492376,2.422036770669478e-09,0.9982043,2.913125127294942e-14,0.80603164,1.4007183768652677e-22,True,0.93770325,True,True,False,2061,0.0575960695787255,supported_candidate,True
cluster_tissue__C3__spleen,spleen,C3,Hspa1b,heat_shock,1.0113032,1.9119865422943564e-11,0.0858073859522083,0.1486116542823614,stable__spleen_S0,0.9951118631321676,0.9877643,1.4549604837724863e-11,1.0623437,6.8261673718209855e-09,0.92450416,1.613269344753275e-07,1.0930178,3.356580784866828e-18,0.8993622,2.2102789397654666e-49,True,0.92450416,True,True,False,2061,0.0575960695787255,supported_candidate,True
cluster_tissue__C0__bone_marrow,bone_marrow,C0,Hsph1,heat_shock,-1.0265374,1.0166709544449306e-12,0.1587050927753659,0.0832535885167464,stable__bone_marrow_S0,0.9829115293099718,-0.9701497,1.6224815956409745e-12,-1.0302145,8.15500511398618e-10,-0.89319414,5.4695332299298094e-08,-0.9678987,1.1889154073196757e-15,-0.84006685,1.080288439658138e-44,True,0.89319414,True,True,False,1742,0.0561687506989313,supported_candidate,True
cluster_tissue__C0__bone_marrow,bone_marrow,C0,Fos,other,0.9321617,1.9678601639076222e-19,0.2092380576391642,0.3296650717703318,stable__bone_marrow_S0,0.9829115293099718,0.898157,6.6108409637213215e-19,0.9021004,1.61435333491621e-13,0.87506604,8.53143403458321e-13,0.90943456,1.5134722578322042e-23,0.7660656,5.5545465787151485e-49,True,0.87506604,True,True,False,1742,0.0561687506989313,supported_candidate,True
cluster_tissue__C3__spleen,spleen,C3,Ppp1r15a,other,0.86680037,2.500614391200646e-19,0.1853729181752338,0.2940946421587782,stable__spleen_S0,0.9951118631321676,0.87717944,1.91085584353681e-20,0.86545414,1.3459433353927052e-14,0.89616716,2.2898239809416504e-16,0.81026596,2.426293542729042e-21,0.46749574,3.825413327132183e-24,True,0.86545414,True,True,False,2061,0.0575960695787255,supported_candidate,True
cluster_tissue__C0__bone_marrow,bone_marrow,C0,Pink1,other,-0.96379524,8.269116700725437e-16,0.2171338333991326,0.1215311004784693,stable__bone_marrow_S0,0.9829115293099718,-0.9710753,7.212710573011519e-17,-0.92544293,1.0816788220840048e-11,-0.85163903,1.4881133246103218e-10,-0.9368352,1.25925605137342e-18,-0.7765426,1.3555688134177017e-33,True,0.85163903,True,True,False,1742,0.0561687506989313,supported_candidate,True
cluster_tissue__C0__bone_marrow,bone_marrow,C0,Fosl2,other,0.8550565,7.807633328071503e-07,0.0635609948677459,0.110526315789474,stable__bone_marrow_S0,0.9829115293099718,0.84921867,2.7646873010660125e-07,0.8481514,8.37573817281354e-05,1.081276,5.5926878497590996e-08,0.7346345,8.837654236352267e-07,0.4350329,4.435861230762881e-07,True,0.8481514,True,True,False,1742,0.0561687506989313,supported_candidate,False
cluster_tissue__C4__bone_marrow,bone_marrow,C4,Fos,other,1.1333468,0.0169606929508191,0.237704918032787,0.3946188340807182,stable__bone_marrow_S1,0.987152034261242,1.0096036,0.0018754323483262,1.2362552,0.0518411153244082,0.8438442,0.1300821837802921,0.90943456,1.5134722578322042e-23,0.7660656,5.5545465787151485e-49,True,0.8438442,True,True,False,164,0.0733202144135154,supported_candidate,True
cluster_tissue__C0__bone_marrow,bone_marrow,C0,Hspa1a,heat_shock,1.009667,3.508800840356739e-08,0.0943545203316229,0.1511961722488038,stable__bone_marrow_S0,0.9829115293099718,0.97181123,3.4521482292290764e-08,0.84283674,0.0008109519964376,0.90759236,5.151558905958888e-05,1.072438,3.0809342336914533e-13,0.6180962,1.0268251574643465e-17,True,0.84283674,True,True,False,1742,0.0561687506989313,supported_candidate,True
cluster_tissue__C4__spleen,spleen,C4,Cacybp,other,-0.8881635,0.030601474686312,0.4744897959183677,0.3076923076923077,stable__spleen_S3,0.9752475247524752,-0.92024106,0.001994056622537,-1.0614443,0.0481760936445876,-0.8331019,0.0888511176531893,-0.65151757,5.822958573465978e-27,-0.5380624,7.608130277508252e-44,True,0.8331019,True,True,False,143,0.1634711931257971,supported_candidate,True
cluster_tissue__C0__bone_marrow,bone_marrow,C0,Rpain,other,-0.87756103,1.4208331900099492e-06,0.112120015791552,0.0655502392344496,stable__bone_marrow_S0,0.9829115293099718,-0.89686495,4.019624763781148e-07,-0.820298,0.0001761720551906,-1.0241804,5.653368305626126e-07,-0.7715398,6.179357607669151e-07,-0.5705693,1.3830475678245838e-10,True,0.820298,True,True,False,1742,0.0561687506989313,supported_candidate,False
cluster_tissue__C3__spleen,spleen,C3,Lman2l,other,-0.9542033,7.958965071282392e-10,0.1151339608978994,0.0621822448181461,stable__spleen_S0,0.9951118631321676,-0.9028457,1.1081033117721983e-09,-0.8127954,8.80100056558717e-06,-0.82594675,7.228731469875976e-07,-0.8554603,3.6335764354548967e-10,-0.65185386,4.6802472010033954e-14,True,0.8127954,True,True,False,2061,0.0575960695787255,supported_candidate,True
cluster_tissue__C3__spleen,spleen,C3,Dnaja1,heat_shock,-0.85851437,5.897267346809355e-95,0.8714699493120819,0.7395385217051529,stable__spleen_S0,0.9951118631321676,-0.8437846,8.177988179384756e-95,-0.82105905,4.82414226758871e-66,-0.7938754,8.914797949653846e-63,-0.8439308,2.841486357692597e-118,-0.65962017,2.8381406556308378e-173,True,0.7938754,True,True,False,2061,0.0575960695787255,supported_candidate,True
cluster_tissue__C5-1__spleen,spleen,C5-1,Dynll1,other,-0.76903933,1.0814240146454037e-07,0.8326359832635957,0.7391304347826045,stable__spleen_S2,0.9023972602739726,-0.8700385,5.2777245257606385e-09,-0.78664124,6.650231410096443e-05,-0.82752234,1.0439173245166832e-05,-0.694676,7.168356788704209e-55,-0.62129796,4.6276097260973376e-98,True,0.76903933,True,True,False,196,0.143283264804741,supported_candidate,True
cluster_tissue__C0__bone_marrow,bone_marrow,C0,Fosb,other,0.8451535,2.04935447630869e-17,0.2309514409790775,0.3440191387559774,stable__bone_marrow_S0,0.9829115293099718,0.87796885,5.02585557071889e-20,0.7653756,1.0595764655088068e-10,0.83946776,4.274416917811804e-13,0.898831,5.196595994537063e-26,0.80542433,8.637338507581633e-51,True,0.7653756,True,True,False,1742,0.0561687506989313,supported_candidate,True
cluster_tissue__C5-1__spleen,spleen,C5-1,Dnaja1,heat_shock,-0.7633554,5.345700434593388e-09,0.9037656903765656,0.8231884057970957,stable__spleen_S2,0.9023972602739726,-0.8826979,1.1100992406396173e-11,-0.81379765,8.064578574082882e-06,-0.8343688,8.452221423842696e-07,-0.8439308,2.841486357692597e-118,-0.65962017,2.8381406556308378e-173,True,0.7633554,True,True,False,196,0.143283264804741,supported_candidate,True
cluster_tissue__C3__spleen,spleen,C3,Coq10b,other,0.80717444,1.6550980993010444e-18,0.1965966690803748,0.3062182244818129,stable__spleen_S0,0.9951118631321676,0.8322011,1.4349598239157598e-20,0.76450604,1.2182988726985038e-12,0.7628661,2.578349882399213e-13,0.74341893,1.0402169919625271e-19,0.5051922,1.6067533779585454e-26,True,0.7628661,True,True,False,2061,0.0575960695787255,supported_candidate,True
cluster_tissue__C3__spleen,spleen,C3,H1f0,other,0.7849868,2.1039316198674624e-08,0.1002896451846484,0.1564333202972225,stable__spleen_S0,0.9951118631321676,0.79429674,8.247500110682887e-09,0.76273954,6.6758274564981e-06,0.831317,4.833619619042817e-07,0.75821465,4.595490713273736e-10,0.6203557,1.7258218728220557e-17,True,0.76273954,True,True,False,2061,0.0575960695787255,supported_candidate,True
cluster_tissue__C0__bone_marrow,bone_marrow,C0,Dusp1,other,0.8035086,5.354025180746745e-19,0.3217528622187149,0.4421052631578895,stable__bone_marrow_S0,0.9829115293099718,0.7814034,3.8631066045367424e-19,0.80300695,2.060378562897146e-14,0.7613527,2.4635632770485124e-13,0.82295877,7.862617408952039e-26,0.5274669,3.423529435761313e-29,True,0.7613527,True,True,False,1742,0.0561687506989313,supported_candidate,True
cluster_tissue__C0__bone_marrow,bone_marrow,C0,Banp,other,-0.99511033,1.5635051538808883e-09,0.1275167785234905,0.0679425837320573,stable__bone_marrow_S0,0.9829115293099718,-0.9088049,3.8136403542945e-09,-0.9530008,4.473592344890576e-07,-0.76106894,3.2014889038469994e-05,-0.965239,1.998183436310107e-12,-0.9944728,3.4977102652236457e-35,True,0.76106894,True,True,False,1742,0.0561687506989313,supported_candidate,True
cluster_tissue__C3__spleen,spleen,C3,Cirbp,other,0.7634362,1.9650383240627423e-34,0.4170890658942748,0.5768478685960186,stable__spleen_S0,0.9951118631321676,0.7612747,2.230268180769272e-35,0.7841869,1.3837195025256495e-28,0.72980654,4.176364038774063e-26,0.721864,1.9532061588594954e-38,0.73812944,2.1306547763258656e-97,True,0.72980654,True,True,False,2061,0.0575960695787255,supported_candidate,True
cluster_tissue__C3__spleen,spleen,C3,Sfpq,other,-0.82932705,7.027313115263759e-50,0.6542360608254809,0.4865076261243617,stable__spleen_S0,0.9951118631321676,-0.8102416,3.6223015152440276e-49,-0.7623711,7.732219453165922e-32,-0.728329,1.4798843608499276e-30,-0.8022967,3.4131935772292923e-60,-0.6973443,3.722464098448951e-107,True,0.728329,True,True,False,2061,0.0575960695787255,supported_candidate,True
cluster_tissue__C3__spleen,spleen,C3,Junb,other,0.78085154,9.24392624306233e-53,0.6545981173062919,0.771607352366088,stable__spleen_S0,0.9951118631321676,0.7714149,7.361301757472239e-53,0.7220424,7.231192647946687e-37,0.7757105,4.836879575394084e-41,0.71783125,6.0272399550597215e-55,0.5800478,5.4152108656415976e-71,True,0.7220424,True,True,False,2061,0.0575960695787255,supported_candidate,True
cluster_tissue__C4__bone_marrow,bone_marrow,C4,Junb,other,0.787905,0.0037718296928873,0.6926229508196702,0.811659192825114,stable__bone_marrow_S1,0.987152034261242,0.7213197,0.0001500238417747,0.7881942,0.0480866683707623,0.7744363,0.0013433493518868,0.6283568,1.4688198441219534e-33,0.5800478,5.4152108656415976e-71,True,0.7213197,True,True,False,164,0.0733202144135154,supported_candidate,True
cluster_tissue__C4__spleen,spleen,C4,Dnaja1,heat_shock,-0.94828093,9.160594570299877e-08,0.8724489795918335,0.7644230769230753,stable__spleen_S3,0.9752475247524752,-0.7685521,2.4022692443748173e-06,-0.8831042,0.0002248002389172,-0.710536,0.002457759197887,-0.8439308,2.841486357692597e-118,-0.65962017,2.8381406556308378e-173,True,0.710536,True,True,False,143,0.1634711931257971,supported_candidate,True
cluster_tissue__C0__bone_marrow,bone_marrow,C0,Cirbp,other,0.70367557,3.2666299643296584e-30,0.5009869719699991,0.644019138755972,stable__bone_marrow_S0,0.9829115293099718,0.718287,2.3159279236317442e-33,0.7078421,1.996898967176652e-23,0.80143994,4.631763781693696e-31,0.7189418,1.5235416308461823e-39,0.73812944,2.1306547763258656e-97,True,0.70367557,True,True,False,1742,0.0561687506989313,supported_candidate,True
cluster_tissue__C3__spleen,spleen,C3,Hspa8,heat_shock,-0.700279,3.5017652649085273e-144,0.9811730629978154,0.9460305044975156,stable__spleen_S0,0.9951118631321676,-0.69672775,4.019590324470997e-146,-0.7019165,5.397152214571908e-108,-0.70141864,1.3653049830206882e-113,-0.6552534,2.287820616088788e-163,-0.53561807,2.2834761775262686e-266,True,0.69672775,True,True,False,2061,0.0575960695787255,supported_candidate,True
cluster_tissue__C3__spleen,spleen,C3,Phlda1,other,0.6970965,2.4751278706732247e-05,0.0658942795076032,0.104028157997653,stable__spleen_S0,0.9951118631321676,0.71786946,1.3130318853278177e-05,0.68453914,0.0015922257326563,0.7110945,0.000679331567921,0.7305425,3.990051756777361e-07,0.62710625,5.784262511744938e-13,True,0.68453914,True,True,False,2061,0.0575960695787255,supported_candidate,False
cluster_tissue__C3__spleen,spleen,C3,Ahsa2,other,-0.7229919,1.0842356558571456e-08,0.1766835626357697,0.11771607352366,stable__spleen_S0,0.9951118631321676,-0.7366084,3.5296590265900836e-09,-0.7617028,1.0097365979165889e-07,-0.68084395,5.662431800283578e-06,-0.71148515,1.4328876034894763e-10,-0.65517664,2.4724641495349988e-21,True,0.68084395,True,True,False,2061,0.0575960695787255,supported_candidate,False
cluster_tissue__C4__bone_marrow,bone_marrow,C4,Dynll1,other,-0.6812859,0.0034965718902614,0.766393442622948,0.6367713004484319,stable__bone_marrow_S1,0.987152034261242,-0.7373956,6.015632733002497e-06,-0.67487836,0.058246869394398,-0.8012062,0.000153369236136,-0.5726543,1.0074012135235443e-32,-0.62129796,4.6276097260973376e-98,True,0.67487836,True,True,False,164,0.0733202144135154,supported_candidate,True
cluster_tissue__C3__spleen,spleen,C3,Cd69,other,0.6835073,3.787595937390237e-12,0.2005792903692958,0.2874462260461463,stable__spleen_S0,0.9951118631321676,0.6728548,2.353487774305328e-12,0.7434652,1.93842527898454e-11,0.74178845,1.8606228709910756e-11,0.5623107,2.5860055397155963e-10,0.25025088,7.050022650216224e-06,True,0.6728548,True,True,False,2061,0.0575960695787255,supported_candidate,True
cluster_tissue__C5-1__spleen,spleen,C5-1,Junb,other,0.66849446,0.0027492930410028,0.6401673640167358,0.7449275362318798,stable__spleen_S2,0.9023972602739726,0.75538164,0.0002195002530533,0.7181116,0.0187280613669336,0.71845174,0.0115143288867702,0.71783125,6.0272399550597215e-55,0.5800478,5.4152108656415976e-71,True,0.66849446,True,True,False,196,0.143283264804741,supported_candidate,True
cluster_tissue__C3__spleen,spleen,C3,Leng9,other,0.67722917,7.013970568715173e-06,0.0763939174511223,0.1196714900273753,stable__spleen_S0,0.9951118631321676,0.6718683,5.254379104054896e-06,0.68603927,0.0002557793586671,0.664143,0.0001506284157565,0.6589571,3.086255247337249e-07,0.51994586,3.4600648933709596e-10,True,0.664143,True,True,False,2061,0.0575960695787255,supported_candidate,False
cluster_tissue__C3__spleen,spleen,C3,Dynll1,other,-0.70834243,6.261643245241168e-43,0.6955104996379351,0.5615956198670372,stable__spleen_S0,0.9951118631321676,-0.71407753,9.85380939759818e-45,-0.6553592,2.360469582956935e-28,-0.6613945,2.4257103700364818e-29,-0.694676,7.168356788704209e-55,-0.62129796,4.6276097260973376e-98,True,0.6553592,True,True,False,2061,0.0575960695787255,supported_candidate,True
cluster_tissue__C0__bone_marrow,bone_marrow,C0,Mxd4,other,-0.7052864,2.016276012723444e-36,0.7260165811290689,0.5856459330143463,stable__bone_marrow_S0,0.9829115293099718,-0.6537051,2.2615221494723464e-32,-0.7537652,8.30189046578212e-31,-0.67906547,1.1062283854568536e-25,-0.61186713,7.920422061750375e-32,-0.6301419,3.252039691884909e-84,True,0.6537051,True,True,False,1742,0.0561687506989313,supported_candidate,True
cluster_tissue__C3__spleen,spleen,C3,Dusp1,other,0.6711715,9.467480354931972e-11,0.1690803765387387,0.2475557293703545,stable__spleen_S0,0.9951118631321676,0.65274173,1.7103862446130171e-10,0.81611806,4.161388741620758e-12,0.70371944,2.4407317840851243e-09,0.6106315,6.789984285392749e-11,0.5274669,3.423529435761313e-29,True,0.65274173,True,True,False,2061,0.0575960695787255,supported_candidate,True
cluster_tissue__C3__spleen,spleen,C3,Pink1,other,-0.6791397,4.810176633367931e-09,0.1965966690803748,0.13179507235041,stable__spleen_S0,0.9951118631321676,-0.6823361,3.174495039878269e-09,-0.65220624,1.8584390015702228e-06,-0.6805925,4.797786336538523e-07,-0.70649093,5.02441650843666e-12,-0.7765426,1.3555688134177017e-33,True,0.65220624,True,True,False,2061,0.0575960695787255,supported_candidate,True
cluster_tissue__C0__bone_marrow,bone_marrow,C0,Gbp8,other,-0.686728,3.538386463516741e-08,0.225819186735098,0.1578947368421052,stable__bone_marrow_S0,0.9829115293099718,-0.74441016,1.4404971353284943e-10,-0.63360435,3.5505288546117026e-05,-0.64544547,1.0075604992315416e-05,-0.6420221,4.0944438050664844e-10,-0.47757822,3.4123677320511013e-15,True,0.63360435,True,True,False,1742,0.0561687506989313,supported_candidate,False
cluster_tissue__C0__bone_marrow,bone_marrow,C0,Junb,other,0.688427,6.52925195267534e-31,0.7193051717330966,0.8172248803827632,stable__bone_marrow_S0,0.9829115293099718,0.6526432,5.175575187168474e-30,0.6420328,2.729494024447434e-20,0.63303715,1.0825087791963412e-20,0.6283568,1.4688198441219534e-33,0.5800478,5.4152108656415976e-71,True,0.63303715,True,True,False,1742,0.0561687506989313,supported_candidate,True
cluster_tissue__C0__bone_marrow,bone_marrow,C0,Gm50240,other,0.74028605,1.639279623244568e-07,0.1073825503355709,0.1665071770334926,stable__bone_marrow_S0,0.9829115293099718,0.68001795,1.2308223835067831e-06,0.6313643,0.0006480402423489,0.71743804,4.317143750402536e-05,0.7702592,5.63840654584422e-10,0.6789673,2.8714470090903983e-16,True,0.6313643,True,True,False,1742,0.0561687506989313,supported_candidate,False
cluster_tissue__C0__bone_marrow,bone_marrow,C0,Gm33104,other,0.68650866,6.749808167406792e-05,0.0663245163837348,0.1062200956937802,stable__bone_marrow_S0,0.9829115293099718,0.69535977,2.64452313708121e-05,0.62950164,0.0049610490747309,0.8748489,1.2855421046349812e-05,0.6198624,2.7146587485729824e-05,0.39595273,0.0001207931993386,True,0.62950164,True,True,False,1742,0.0561687506989313,supported_candidate,False
cluster_tissue__C0__bone_marrow,bone_marrow,C0,Slc14a1,other,0.62595683,0.0001724745984679,0.0702724042637191,0.1095693779904309,stable__bone_marrow_S0,0.9829115293099718,0.67667955,1.6445262851192353e-05,0.68844956,0.0010835502188882,0.6950847,0.0001435097985232,0.63906866,1.4666610666115572e-05,0.78812355,2.7657726683156268e-17,True,0.62595683,True,True,False,1742,0.0561687506989313,supported_candidate,False
cluster_tissue__C3__spleen,spleen,C3,Mxd4,other,-0.6410356,5.8022011712381054e-30,0.6589427950760239,0.5263981228001572,stable__spleen_S0,0.9951118631321676,-0.62039965,3.8417321275721524e-29,-0.6885603,1.4095046445929784e-25,-0.6808006,2.356014734281047e-25,-0.6681541,1.670738686287153e-38,-0.6301419,3.252039691884909e-84,True,0.62039965,True,True,False,2061,0.0575960695787255,supported_candidate,True
cluster_tissue__C0__bone_marrow,bone_marrow,C0,Impact,other,0.60969037,2.306592457617584e-06,0.1397552309514416,0.1990430622009561,stable__bone_marrow_S0,0.9829115293099718,0.6570872,5.81381282093311e-08,0.61609125,0.0002491292564719,0.6382002,9.84476013012937e-05,0.5758074,1.5364082280262426e-07,0.36848435,1.7530210811890337e-07,True,0.60969037,True,True,False,1742,0.0561687506989313,supported_candidate,False
cluster_tissue__C3__spleen,spleen,C3,Cacybp,other,-0.65044856,5.149534715209938e-20,0.4413468501086119,0.3285099726241671,stable__spleen_S0,0.9951118631321676,-0.6570282,3.5850408180501326e-21,-0.60523957,3.702845115121189e-13,-0.6626556,1.8165793548537436e-16,-0.65151757,5.822958573465978e-27,-0.5380624,7.608130277508252e-44,True,0.60523957,True,True,False,2061,0.0575960695787255,supported_candidate,True
cluster_tissue__C4__spleen,spleen,C4,Hspa8,heat_shock,-0.668404,5.40645194172772e-10,0.9999999999999956,0.9663461538461516,stable__spleen_S3,0.9752475247524752,-0.6964498,4.338193910545381e-12,-0.5961882,5.876627940429711e-05,-0.7063341,4.864778266033356e-08,-0.6552534,2.287820616088788e-163,-0.53561807,2.2834761775262686e-266,True,0.5961882,True,True,False,143,0.1634711931257971,supported_candidate,True
cluster_tissue__C3__spleen,spleen,C3,mt-Nd3,respiratory_chain_or_mt,0.8223002,9.028569761188512e-31,0.3417813178855865,0.48885412592882,stable__spleen_S0,0.9951118631321676,0.83447915,6.207969201296011e-33,0.6116278,1.0550265212251853e-12,0.5949032,3.545334046411716e-12,0.79675835,1.6120514851454808e-39,0.7964912,2.1599622581650896e-94,True,0.5949032,True,True,False,2061,0.0575960695787255,supported_candidate,True
cluster_tissue__C0__bone_marrow,bone_marrow,C0,Nup35,other,-0.70568687,0.0001180316114001,0.1081721279115677,0.0688995215311003,stable__bone_marrow_S0,0.9829115293099718,-0.6362066,0.0003760849505986,-0.59003234,0.0185142911632234,-0.77565515,5.98719451821679e-05,-0.50008905,0.001957560710375,-0.3724425,0.0001099142814508,True,0.59003234,True,True,False,1742,0.0561687506989313,supported_candidate,False
cluster_tissue__C0__bone_marrow,bone_marrow,C0,Ppat,other,-0.71873033,7.270175131762372e-05,0.1235688906435063,0.0822966507177034,stable__bone_marrow_S0,0.9829115293099718,-0.66853255,0.0001011908542117,-0.58826005,0.0214941075106116,-0.6521798,0.0026610908647547,-0.5997689,9.385693465780324e-05,-0.39989707,1.229432638022172e-05,True,0.58826005,True,True,False,1742,0.0561687506989313,supported_candidate,False
cluster_tissue__C0__bone_marrow,bone_marrow,C0,Cd72,other,-0.7207282,3.235052131600815e-06,0.1527832609553896,0.1009569377990433,stable__bone_marrow_S0,0.9829115293099718,-0.5873047,6.790522687087889e-05,-0.6520881,0.000566541455812,-0.60408235,0.0005700765028291,-0.51882595,8.446008455684533e-05,-0.3002212,2.9962171978440063e-05,True,0.5873047,True,True,False,1742,0.0561687506989313,supported_candidate,False
cluster_tissue__C0__bone_marrow,bone_marrow,C0,mt-Nd3,respiratory_chain_or_mt,0.84964323,3.2666299643296584e-30,0.3446506119226235,0.4904306220095633,stable__bone_marrow_S0,0.9829115293099718,0.8656109,1.579663173794041e-33,0.5936853,4.117152600183116e-11,0.5866623,1.6004993076530162e-11,0.8513495,1.8096566161057207e-40,0.7964912,2.1599622581650896e-94,True,0.5866623,True,True,False,1742,0.0561687506989313,supported_candidate,True
cluster_tissue__C0__bone_marrow,bone_marrow,C0,Rgs2,other,0.60973626,1.963650598467948e-08,0.225819186735098,0.3014354066985619,stable__bone_marrow_S0,0.9829115293099718,0.5844306,3.0590282097901585e-08,0.58804303,1.1749078700082626e-05,0.59740436,1.520890958734519e-06,0.5197131,3.4352834587348134e-08,0.25596824,1.6534540555318795e-06,True,0.5844306,True,True,False,1742,0.0561687506989313,supported_candidate,True
cluster_tissue__C0__bone_marrow,bone_marrow,C0,Haghl,other,0.7248565,4.481581903904422e-05,0.0647453612317412,0.1047846889952156,stable__bone_marrow_S0,0.9829115293099718,0.70031077,3.825301381326053e-05,0.6277223,0.006977123652642,0.5802232,0.0143366768231892,0.5756019,0.0001610548010588,0.48934478,1.2808788014437204e-07,True,0.5802232,True,True,False,1742,0.0561687506989313,supported_candidate,False
cluster_tissue__C3__spleen,spleen,C3,Hspa1a,heat_shock,0.5947642,0.0033458127385392,0.0767559739319333,0.1059835745013683,stable__spleen_S0,0.9951118631321676,0.5776805,0.0042195555366453,0.6179293,0.0226750586924242,0.59107125,0.0230878600433872,0.6506258,3.49028146129065e-05,0.6180962,1.0268251574643465e-17,True,0.5776805,True,True,False,2061,0.0575960695787255,supported_candidate,True
cluster_tissue__C3__spleen,spleen,C3,Uchl3,other,-0.5985442,3.530558771609462e-08,0.2277335264301209,0.1634728197105975,stable__spleen_S0,0.9951118631321676,-0.57540375,6.22850548010526e-08,-0.56588763,1.2286659095698269e-05,-0.59259266,2.890474213658807e-06,-0.4483592,1.1450823845114682e-06,-0.38144892,2.1122016160322024e-11,True,0.56588763,True,True,False,2061,0.0575960695787255,supported_candidate,False
cluster_tissue__C0__bone_marrow,bone_marrow,C0,Smim4,other,0.56530815,2.0367826348951605e-06,0.1587050927753659,0.2234449760765537,stable__bone_marrow_S0,0.9829115293099718,0.5790043,3.000665217166501e-07,0.65146005,5.677884871676962e-06,0.5996556,1.4919360992548809e-05,0.5571331,1.580058664841556e-08,0.4540371,2.1258926298471162e-14,True,0.56530815,True,True,False,1742,0.0561687506989313,supported_candidate,False
cluster_tissue__C3__spleen,spleen,C3,Gm15472,other,0.5990831,6.387849539021644e-08,0.1426502534395356,0.2068830660930767,stable__spleen_S0,0.9951118631321676,0.5944529,3.4097740247851166e-08,0.5623843,3.246835772715202e-05,0.66332185,7.567714700541275e-08,0.5253404,1.0642657404985507e-07,0.5173524,1.88841168261745e-18,True,0.5623843,True,True,False,2061,0.0575960695787255,supported_candidate,False
cluster_tissue__C3__spleen,spleen,C3,Smim4,other,0.56967175,1.4404191206799914e-06,0.1303403330919615,0.1861556511536948,stable__spleen_S0,0.9951118631321676,0.6097082,9.220469122397383e-08,0.65013015,3.172194049929639e-06,0.56154007,9.2941464812027e-05,0.5668569,2.1214454852640563e-09,0.4540371,2.1258926298471162e-14,True,0.56154007,True,True,False,2061,0.0575960695787255,supported_candidate,False
cluster_tissue__C0__bone_marrow,bone_marrow,C0,Sfpq,other,-0.5991441,8.188370855044786e-24,0.6454796683774018,0.5253588516746345,stable__bone_marrow_S0,0.9829115293099718,-0.59417945,4.449956833904649e-25,-0.5672279,2.241224866010079e-15,-0.56093436,1.6048457570623863e-16,-0.6192132,1.9416464875032084e-32,-0.6973443,3.722464098448951e-107,True,0.56093436,True,True,False,1742,0.0561687506989313,supported_candidate,True
cluster_tissue__C4__spleen,spleen,C4,Gm10076,other,0.68495804,0.0040173738858121,0.739795918367345,0.8894230769230749,stable__spleen_S3,0.9752475247524752,0.66150254,0.0006777024056077,0.7440688,0.0461622570864232,0.5525485,0.2315691515321355,0.61688036,1.146857421429307e-52,0.5926142,1.5089228905367191e-120,True,0.5525485,True,True,False,143,0.1634711931257971,supported_candidate,True
cluster_tissue__C4__bone_marrow,bone_marrow,C4,Dnaja1,heat_shock,-0.6574697,0.0002316960289087,0.9098360655737658,0.811659192825114,stable__bone_marrow_S1,0.987152034261242,-0.5514418,5.500746257488028e-05,-0.5979639,0.0383738543976933,-0.65757537,0.0001543406608518,-0.56558543,5.953036175107771e-50,-0.65962017,2.8381406556308378e-173,True,0.5514418,True,True,False,164,0.0733202144135154,supported_candidate,True
cluster_tissue__C3__spleen,spleen,C3,Stip1,other,-0.64953065,7.72799659773333e-11,0.2610427226647331,0.1853734845522087,stable__spleen_S0,0.9951118631321676,-0.61555177,5.279861013451582e-10,-0.6571586,9.573175136232778e-09,-0.5479895,4.277818145674174e-06,-0.63135856,2.5635475388558463e-13,-0.574706,1.0953289027698747e-24,True,0.5479895,True,True,False,2061,0.0575960695787255,supported_candidate,False
cluster_tissue__C0__bone_marrow,bone_marrow,C0,Srprb,other,-0.6076519,0.0013633270955226,0.1133043821555472,0.0784688995215311,stable__bone_marrow_S0,0.9829115293099718,-0.5631472,0.0021617961526324,-0.54081786,0.0381151015605842,-0.6359308,0.0026771172529403,-0.5909377,0.0002278568436676,-0.45521513,1.6484773042912721e-07,True,0.54081786,True,True,False,1742,0.0561687506989313,supported_candidate,False
cluster_tissue__C4__spleen,spleen,C4,Atp5e,respiratory_chain_or_mt,0.55245453,0.007816246912265,0.87755102040816,0.9711538461538438,stable__spleen_S3,0.9752475247524752,0.5383975,0.0011638879925248,0.6687257,0.0010841805743692,0.6978869,0.0005030404249599,0.35473588,2.1189633943519228e-38,0.38492498,1.702759627363857e-96,True,0.5383975,True,True,False,143,0.1634711931257971,supported_candidate,True
cluster_tissue__C0__bone_marrow,bone_marrow,C0,Gm10076,other,0.5399631,2.129252842054871e-28,0.7086458744571407,0.8181818181818062,stable__bone_marrow_S0,0.9829115293099718,0.5557058,8.369584612728955e-32,0.5376275,4.1285091201454153e-22,0.5436033,1.3963812542563945e-23,0.56076735,1.686281714468334e-40,0.5926142,1.5089228905367191e-120,True,0.5376275,True,True,False,1742,0.0561687506989313,supported_candidate,True
cluster_tissue__C3__spleen,spleen,C3,Mmp9,other,0.53457487,9.73250966780522e-08,0.2085445329471379,0.2768869769260837,stable__spleen_S0,0.9951118631321676,0.5360512,6.324746231342e-08,0.5960477,1.494924855882946e-07,0.6060437,6.06295849261111e-08,0.4246454,2.828055094778744e-05,0.25482735,0.0003819673181388,True,0.53457487,True,True,False,2061,0.0575960695787255,supported_candidate,False
cluster_tissue__C3__spleen,spleen,C3,Fkbp4,other,-0.6120528,3.8155004851023803e-13,0.3454018826936965,0.2538130621822435,stable__spleen_S0,0.9951118631321676,-0.6288935,1.5105734253304792e-14,-0.5339628,7.922821965465055e-08,-0.5755986,2.859510307158061e-09,-0.58594066,4.0625795979671404e-16,-0.48429134,8.769168343873627e-27,True,0.5339628,True,True,False,2061,0.0575960695787255,supported_candidate,False
cluster_tissue__C3__spleen,spleen,C3,Gm11808,other,0.60914356,2.3206028237364787e-14,0.2744388124547402,0.3828705514274519,stable__spleen_S0,0.9951118631321676,0.60128695,1.447010688454399e-14,0.58411926,4.2435998520324045e-10,0.5335359,6.55967829927529e-09,0.57008976,7.392110899520617e-17,0.44990373,5.770884670160313e-26,True,0.5335359,True,True,False,2061,0.0575960695787255,supported_candidate,True
cluster_tissue__C3__spleen,spleen,C3,Polr2k,other,0.54991215,2.1463884506808917e-11,0.2679217958001422,0.3605788032850977,stable__spleen_S0,0.9951118631321676,0.5282733,5.4585849225863525e-11,0.5547,5.900565816142603e-09,0.5313841,1.3124420522079408e-08,0.4748463,6.10536912766989e-11,0.4170312,2.19104308998015e-19,True,0.5282733,True,True,False,2061,0.0575960695787255,supported_candidate,False
cluster_tissue__C0__bone_marrow,bone_marrow,C0,Safb,other,-0.60245687,1.7600761733675934e-11,0.3564942755625762,0.2631578947368401,stable__bone_marrow_S0,0.9829115293099718,-0.56061757,4.224408805858173e-11,-0.6187899,4.117740356710702e-09,-0.52812123,2.654378950074592e-07,-0.51751435,2.5669152716347395e-11,-0.51011163,1.5377103145702376e-27,True,0.52812123,True,True,False,1742,0.0561687506989313,supported_candidate,False
cluster_tissue__C3__spleen,spleen,C3,Gm9844,other,0.6481444,2.669757220259367e-07,0.1147719044170884,0.1701212358232295,stable__spleen_S0,0.9951118631321676,0.6478951,1.2590433750265594e-07,0.7105208,1.139822500439711e-06,0.5237003,0.0005829929045758,0.5288935,2.036390800322681e-06,0.5073158,7.790926823764307e-14,True,0.5237003,True,True,False,2061,0.0575960695787255,supported_candidate,False
cluster_tissue__C0__bone_marrow,bone_marrow,C0,Dnaja1,heat_shock,-0.55236924,3.17293426497744e-38,0.8882747729963981,0.8019138755980745,stable__bone_marrow_S0,0.9829115293099718,-0.5527781,8.607501261817108e-40,-0.5232615,1.2162205246206412e-24,-0.5315518,3.761269523838716e-27,-0.56558543,5.953036175107771e-50,-0.65962017,2.8381406556308378e-173,True,0.5232615,True,True,False,1742,0.0561687506989313,supported_candidate,True
cluster_tissue__C3__spleen,spleen,C3,Tmsb10,other,0.52447563,1.5257355628757773e-278,0.9989138305575544,0.999608916699322,stable__spleen_S0,0.9951118631321676,0.52156264,1.205565804018837e-282,0.53868324,1.0692112362308611e-219,0.54303265,4.691315745950498e-226,0.5148959,0.0,0.48103377,0.0,True,0.52156264,True,True,False,2061,0.0575960695787255,supported_candidate,True
cluster_tissue__C0__spleen,spleen,C0,Tmsb10,other,0.5437652,2.0008747147524724e-08,0.9999999999999986,0.9999999999999992,stable__spleen_S0,0.8594594594594595,0.52156264,1.205565804018837e-282,0.61876035,1.1697518526254193e-05,0.54303265,4.691315745950498e-226,0.5148959,0.0,0.48103377,0.0,True,0.52156264,True,True,False,55,0.1620679079563041,supported_candidate,True
cluster_tissue__C3__spleen,spleen,C3,Chordc1,other,-0.52002144,6.384204417809102e-10,0.3508327299058615,0.2729761439186532,stable__spleen_S0,0.9951118631321676,-0.5302839,1.294994234740758e-10,-0.53655195,4.857329656438207e-08,-0.5577467,5.316125281163113e-09,-0.54293716,5.731503526202274e-14,-0.4624074,2.7950277528667913e-23,True,0.52002144,True,True,False,2061,0.0575960695787255,supported_candidate,False
cluster_tissue__C0__bone_marrow,bone_marrow,C0,Srsf5,other,0.5254526,4.235631519333904e-26,0.6825898144492484,0.7899521531100364,stable__bone_marrow_S0,0.9829115293099718,0.51971537,5.4429176436183265e-27,0.54027283,1.435256269344915e-21,0.52757794,1.2389800109195486e-21,0.5216258,2.2586671633353336e-32,0.4187675,1.6178652064208234e-52,True,0.51971537,True,True,False,1742,0.0561687506989313,supported_candidate,True
cluster_tissue__C0__bone_marrow,bone_marrow,C0,Gbp6,other,-0.5525077,2.7972483228503164e-05,0.2045005921831831,0.1497607655502393,stable__bone_marrow_S0,0.9829115293099718,-0.5190725,4.731078735756767e-05,-0.55563766,0.0009244750407819,-0.5552345,0.0001695974505703,-0.45519423,4.397332992836946e-05,-0.38642564,1.8284334668100143e-08,True,0.5190725,True,True,False,1742,0.0561687506989313,supported_candidate,False
cluster_tissue__C3__spleen,spleen,C3,Smc2,other,-0.54377055,0.0001618623577936,0.1477190441708896,0.1067657411028544,stable__spleen_S0,0.9951118631321676,-0.5157002,0.0002707311588422,-0.557455,0.0013340496573047,-0.60308367,0.0001726392142348,-0.3907133,0.0063061760419814,-0.47053152,3.954450617834928e-10,True,0.5157002,True,True,False,2061,0.0575960695787255,supported_candidate,False
cluster_tissue__C3__spleen,spleen,C3,Gm10076,other,0.59585005,6.704990325811616e-37,0.677769732078196,0.8009385999218214,stable__spleen_S0,0.9951118631321676,0.58733255,1.2340788801222754e-36,0.51419663,4.6857251625796415e-21,0.5420398,2.1251426208440597e-24,0.61688036,1.146857421429307e-52,0.5926142,1.5089228905367191e-120,True,0.51419663,True,True,False,2061,0.0575960695787255,supported_candidate,True
cluster_tissue__C0__bone_marrow,bone_marrow,C0,Lyrm2,other,0.5133767,0.0003627217086469,0.1231741018555078,0.1688995215311002,stable__bone_marrow_S0,0.9829115293099718,0.5142457,0.0001347637009983,0.52153707,0.0026248621891247,0.52208847,0.0014197978255349,0.48594338,3.189883007624994e-05,0.33674785,7.371290510285729e-07,True,0.5133767,True,True,False,1742,0.0561687506989313,supported_candidate,False
cluster_tissue__C0__bone_marrow,bone_marrow,C0,Jun,other,0.6138494,8.479452752364815e-16,0.5294117647058816,0.6205741626794175,stable__bone_marrow_S0,0.9829115293099718,0.622158,2.4545208665462337e-17,0.513241,2.5674703154195692e-08,0.6071216,3.551167189722344e-12,0.57437205,1.6728081780964738e-17,0.7262989,2.771397837711265e-76,True,0.513241,True,True,False,1742,0.0561687506989313,supported_candidate,True
cluster_tissue__C0__bone_marrow,bone_marrow,C0,Dynll1,other,-0.5122348,5.287315885095674e-20,0.7031188314251635,0.600956937799035,stable__bone_marrow_S0,0.9829115293099718,-0.53125304,7.191372869903579e-23,-0.51616555,5.277092111945229e-15,-0.51960415,8.280454403072125e-16,-0.5726543,1.0074012135235443e-32,-0.62129796,4.6276097260973376e-98,True,0.5122348,True,True,False,1742,0.0561687506989313,supported_candidate,True
cluster_tissue__C4__spleen,spleen,C4,Tmsb10,other,0.51991326,3.4868752174754835e-20,0.9999999999999956,0.9999999999999976,stable__spleen_S3,0.9752475247524752,0.5111414,5.846371941432188e-23,0.52438056,2.902267686624035e-14,0.55144703,1.281968592159472e-16,0.5148959,0.0,0.48103377,0.0,True,0.5111414,True,True,False,143,0.1634711931257971,supported_candidate,True
cluster_tissue__C3__spleen,spleen,C3,Ifitm10,other,0.5206423,1.7897945936867036e-06,0.1517016654598106,0.2111849824012504,stable__spleen_S0,0.9951118631321676,0.5084818,2.6610716728770467e-06,0.6059404,2.7802153010524224e-06,0.5743091,5.358429369439249e-06,0.44908407,4.720214424132464e-06,0.35035905,1.986248931695566e-12,True,0.5084818,True,True,False,2061,0.0575960695787255,supported_candidate,False
cluster_tissue__C0__bone_marrow,bone_marrow,C0,Lxn,other,-0.5290007,0.0038441831656811,0.1164626924595346,0.0832535885167464,stable__bone_marrow_S0,0.9829115293099718,-0.5075177,0.0050680674792729,-0.5220412,0.0289165394649019,-0.56477976,0.0089648321792174,-0.48421478,0.0046557155321208,-0.48856762,4.748814903677932e-07,True,0.5075177,True,True,False,1742,0.0561687506989313,supported_candidate,False
cluster_tissue__C0__bone_marrow,bone_marrow,C0,Gm9844,other,0.5052223,0.0004585415593073,0.1227793130675094,0.1674641148325356,stable__bone_marrow_S0,0.9829115293099718,0.5491225,3.8522093095463015e-05,0.61320925,0.0004970666510709,0.5650308,0.0007924751073987,0.56670606,7.980058977151959e-07,0.5073158,7.790926823764307e-14,True,0.5052223,True,True,False,1742,0.0561687506989313,supported_candidate,False
cluster_tissue__C0__bone_marrow,bone_marrow,C0,Smc2,other,-0.50327444,0.0004621787428564,0.1563363600473754,0.1119617224880386,stable__bone_marrow_S0,0.9829115293099718,-0.5938623,1.4428548826356731e-05,-0.5462614,0.0016189079918364,-0.57848096,0.0004250546705551,-0.53103083,2.335871570359724e-05,-0.47053152,3.954450617834928e-10,True,0.50327444,True,True,False,1742,0.0561687506989313,supported_candidate,False
cluster_tissue__C0__bone_marrow,bone_marrow,C0,2810013P06Rik,other,0.5751884,3.430506803838894e-09,0.2293722858270838,0.3157894736842076,stable__bone_marrow_S0,0.9829115293099718,0.57988745,4.956291256078316e-10,0.5677619,1.153471697946592e-06,0.5009142,1.2855421046349812e-05,0.56201255,3.320229348642341e-11,0.44901037,1.9958632656388508e-17,True,0.5009142,True,True,False,1742,0.0561687506989313,supported_candidate,False
cluster_tissue__C3__spleen,spleen,C3,Cox17,respiratory_chain_or_mt,0.49526975,2.859858367110116e-13,0.4304851556842819,0.5283535393038727,stable__spleen_S0,0.9951118631321676,0.49728325,6.626350021185285e-14,0.54539,7.639641728558059e-13,0.50024146,2.1878384402425692e-11,0.47944427,6.893581506320392e-16,0.4465607,4.738126374280551e-31,True,0.49526975,True,True,False,2061,0.0575960695787255,supported_candidate,True
cluster_tissue__C0__bone_marrow,bone_marrow,C0,Chst2,other,-0.5539929,0.0013789692141043,0.1488353730754054,0.110526315789474,stable__bone_marrow_S0,0.9829115293099718,-0.6430434,1.572103786623383e-05,-0.4935595,0.027671545200114,-0.5696824,0.0031073857043724,-0.579766,5.471452308032229e-05,-0.58282036,1.3842842178703115e-09,True,0.4935595,True,True,False,1742,0.0561687506989313,supported_candidate,False
cluster_tissue__C3__spleen,spleen,C3,Atad2b,other,-0.52666867,3.687417124072448e-08,0.2624909485879771,0.1916308173640976,stable__spleen_S0,0.9951118631321676,-0.53169125,1.3072700194626982e-08,-0.4930221,3.767565889620018e-05,-0.50954753,6.865113332410334e-06,-0.51347136,6.030904483997678e-10,-0.3975122,2.881404830072759e-13,True,0.4930221,True,True,False,2061,0.0575960695787255,supported_candidate,False
cluster_tissue__C0__bone_marrow,bone_marrow,C0,Fcho2,other,-0.5246502,0.0001559832050163,0.2005527043031988,0.1516746411483254,stable__bone_marrow_S0,0.9829115293099718,-0.492867,0.0002233110145554,-0.57820445,0.0003602436850776,-0.5443646,0.0003987365850813,-0.38543123,0.0020106750108224,-0.4105009,1.5560944009546968e-11,True,0.492867,True,True,False,1742,0.0561687506989313,supported_candidate,False
cluster_tissue__C3__spleen,spleen,C3,Gm8369,other,0.6183959,1.871405814029956e-05,0.1118754525706004,0.1572154868987086,stable__spleen_S0,0.9951118631321676,0.5808387,2.8432726266761457e-05,0.5747781,0.0011422541334773,0.4924139,0.0045493725911832,0.50447047,2.402909457954218e-05,0.31995633,6.678524242300972e-05,True,0.4924139,True,True,False,2061,0.0575960695787255,supported_candidate,False
cluster_tissue__C3__spleen,spleen,C3,Kpna1,other,-0.5425928,0.0035014307553138,0.1104272266473564,0.0813453265545558,stable__spleen_S0,0.9951118631321676,-0.49829254,0.0086722260074157,-0.55610824,0.0100410806757449,-0.4916226,0.0357872965040107,-0.4554585,0.0078692652000604,-0.34266296,0.0001732581976701,True,0.4916226,True,True,False,2061,0.0575960695787255,supported_candidate,False
cluster_tissue__C4__bone_marrow,bone_marrow,C4,Atp5l,respiratory_chain_or_mt,0.48880255,0.0040759256808326,0.848360655737701,0.9237668161435,stable__bone_marrow_S1,0.987152034261242,0.572911,4.158294458941192e-06,0.7129458,0.0008691390747596,0.6285885,6.99844402318846e-05,0.29272398,5.2909139677653865e-15,0.30067176,6.291585289828129e-38,True,0.48880255,True,True,False,164,0.0733202144135154,supported_candidate,True
cluster_tissue__C3__spleen,spleen,C3,Chst2,other,-0.5496132,0.0018353626460391,0.1321506154960165,0.0993351583887364,stable__spleen_S0,0.9951118631321676,-0.5220679,0.0029420698940604,-0.54794574,0.0171007939701049,-0.4876139,0.031121052282794,-0.5612913,0.0005287772700465,-0.58282036,1.3842842178703115e-09,True,0.4876139,True,True,False,2061,0.0575960695787255,supported_candidate,False
cluster_tissue__C3__spleen,spleen,C3,2810013P06Rik,other,0.5053036,1.912607011102052e-06,0.1748732802317147,0.236605396949549,stable__spleen_S0,0.9951118631321676,0.54406244,1.527319808415459e-07,0.5564363,7.375980411688482e-06,0.48730847,0.0001971682774971,0.49389544,4.761186655871795e-08,0.44901037,1.9958632656388508e-17,True,0.48730847,True,True,False,2061,0.0575960695787255,supported_candidate,False
cluster_tissue__C0__bone_marrow,bone_marrow,C0,Coq10b,other,0.5607915,4.451865334010666e-10,0.2937228582708268,0.3842105263157853,stable__bone_marrow_S0,0.9829115293099718,0.6047131,2.9724106158879438e-12,0.48634282,7.471299657711101e-06,0.5357882,3.3324993337211456e-07,0.57989687,1.024679042934916e-13,0.5051922,1.6067533779585454e-26,True,0.48634282,True,True,False,1742,0.0561687506989313,supported_candidate,True
cluster_tissue__C3__spleen,spleen,C3,Cmc1,other,0.5185845,9.367689504553804e-10,0.2574221578566231,0.341806804849431,stable__spleen_S0,0.9951118631321676,0.48428953,8.330912400329473e-09,0.55912673,5.9380184039716805e-09,0.5044444,1.7075525191434537e-07,0.5139313,6.528516243642766e-13,0.3724922,4.484494895247819e-16,True,0.48428953,True,True,False,2061,0.0575960695787255,supported_candidate,False
cluster_tissue__C3__spleen,spleen,C3,Ubxn4,other,-0.5690083,1.6400469298283034e-17,0.4902244750180972,0.3903011341415699,stable__spleen_S0,0.9951118631321676,-0.5776601,1.998148477881797e-18,-0.48381415,4.60620670369856e-09,-0.53141326,1.3897711991620812e-11,-0.5664324,2.3058369615881e-22,-0.50048053,2.52491696348832e-40,True,0.48381415,True,True,False,2061,0.0575960695787255,supported_candidate,False
cluster_tissue__C0__bone_marrow,bone_marrow,C0,Zfp865,other,0.48252195,0.0020232312114249,0.1042242400315835,0.1425837320574164,stable__bone_marrow_S0,0.9829115293099718,0.4855633,0.0009813196318358,0.5163045,0.0104452260615989,0.5708479,0.0013738291817944,0.41937765,0.0014096901019807,0.34221634,1.671532672994179e-05,True,0.48252195,True,True,False,1742,0.0561687506989313,supported_candidate,False
cluster_tissue__C0__bone_marrow,bone_marrow,C0,Dpm3,other,0.52750534,4.9402083150357466e-11,0.3324121594946723,0.4373205741626743,stable__bone_marrow_S0,0.9829115293099718,0.4818361,5.658965065727476e-10,0.58162695,4.751673344181745e-10,0.5070513,3.894653720180305e-08,0.45688856,2.0707286090511853e-11,0.4183133,1.3948584086603337e-23,True,0.4818361,True,True,False,1742,0.0561687506989313,supported_candidate,False
cluster_tissue__C4__spleen,spleen,C4,Serf2,other,0.5015374,0.0001165427754496,0.9591836734693836,0.9951923076923052,stable__spleen_S3,0.9752475247524752,0.48151076,5.50632721477268e-06,0.48736477,0.0076749412636682,0.50651664,0.0002405494711684,0.27778116,1.622921484439779e-38,0.3011438,4.625690073443864e-94,True,0.48151076,True,True,False,143,0.1634711931257971,supported_candidate,True
cluster_tissue__C0__bone_marrow,bone_marrow,C0,Pik3r5,other,-0.47988567,0.0054589891442753,0.1377812870114495,0.103349282296651,stable__bone_marrow_S0,0.9829115293099718,-0.48958868,0.0038481516583001,-0.57213724,0.0037374939801619,-0.51368654,0.0097794715705754,-0.3697984,0.0224649156850665,-0.37096423,2.270804274587458e-05,True,0.47988567,True,True,False,1742,0.0561687506989313,supported_candidate,False
cluster_tissue__C4__bone_marrow,bone_marrow,C4,Cox7c,respiratory_chain_or_mt,0.5475115,0.0024459434513543,0.8032786885245868,0.9058295964125582,stable__bone_marrow_S1,0.987152034261242,0.5602074,4.289549519750493e-05,0.4796618,0.0696570794840685,0.5883011,0.0003242917986555,0.41054443,1.1076872292293362e-27,0.38573053,5.709697771009632e-62,True,0.4796618,True,True,False,164,0.0733202144135154,supported_candidate,True
cluster_tissue__C0__bone_marrow,bone_marrow,C0,Phlda1,other,0.5489192,0.0061367631190583,0.0777733912356891,0.1081339712918663,stable__bone_marrow_S0,0.9829115293099718,0.500291,0.00842447262238,0.4794296,0.0833453103482465,0.5076096,0.0380616372315586,0.4949482,0.0039825835973772,0.62710625,5.784262511744938e-13,True,0.4794296,True,True,False,1742,0.0561687506989313,supported_candidate,False
cluster_tissue__C0__bone_marrow,bone_marrow,C0,Gm15472,other,0.5228493,1.0270228495674724e-05,0.1788393209632856,0.2406698564593286,stable__bone_marrow_S0,0.9829115293099718,0.5982783,8.322429890929524e-08,0.47863236,0.0010912632443888,0.5536991,0.0001103928970305,0.6031205,1.4284217158342896e-09,0.5173524,1.88841168261745e-18,True,0.47863236,True,True,False,1742,0.0561687506989313,supported_candidate,False
cluster_tissue__C3__spleen,spleen,C3,Gm20069,other,0.47797838,9.17097900241795e-07,0.2121650977552479,0.2807978099335143,stable__spleen_S0,0.9951118631321676,0.48448202,3.851692043525673e-07,0.4805892,2.6500728906945565e-05,0.49344108,1.1150607701382766e-05,0.41430938,5.160108006689028e-06,0.37424445,1.6165422230761376e-08,True,0.47797838,True,True,False,2061,0.0575960695787255,supported_candidate,False
cluster_tissue__C4__bone_marrow,bone_marrow,C4,Tmsb10,other,0.47736186,1.0173119225829465e-23,0.9999999999999942,1.0000000000000024,stable__bone_marrow_S1,0.987152034261242,0.559358,6.30448391164028e-33,0.48788264,3.473192313533589e-17,0.5787309,8.474874302429627e-25,0.4827511,7.344498905290614e-244,0.48103377,0.0,True,0.47736186,True,True,False,164,0.0733202144135154,supported_candidate,True
cluster_tissue__C0__bone_marrow,bone_marrow,C0,Npepps,other,-0.4850566,0.0022385607685985,0.1377812870114495,0.1000000000000002,stable__bone_marrow_S0,0.9829115293099718,-0.47679833,0.0015493735344354,-0.5203794,0.0057736577078527,-0.4921723,0.0049666971098685,-0.51373094,0.0001610548010588,-0.3171426,0.0001085391830959,True,0.47679833,True,True,False,1742,0.0561687506989313,supported_candidate,False
cluster_tissue__C0__bone_marrow,bone_marrow,C0,Gm47283,other,0.5304535,3.330189505746542e-08,0.264113699170945,0.3416267942583698,stable__bone_marrow_S0,0.9829115293099718,0.47659454,5.720370409853399e-07,0.58228594,2.861501318538887e-07,0.5112344,4.056522729698512e-06,0.48949134,1.392164280565723e-09,0.50341594,5.089773535766872e-27,True,0.47659454,True,True,False,1742,0.0561687506989313,supported_candidate,False
cluster_tissue__C5-1__spleen,spleen,C5-1,Tmsb10,other,0.47615862,5.196967193306005e-16,0.9999999999999956,0.999999999999991,stable__spleen_S2,0.9023972602739726,0.5854578,6.886509977602693e-23,0.51709956,2.451552420034929e-12,0.5884042,9.750010726382982e-18,0.5148959,0.0,0.48103377,0.0,True,0.47615862,True,True,False,196,0.143283264804741,supported_candidate,True
cluster_tissue__C0__bone_marrow,bone_marrow,C0,Ahsa2,other,-0.6295989,2.6206288044524166e-06,0.1910777733912367,0.1334928229665075,stable__bone_marrow_S0,0.9829115293099718,-0.6154495,1.519007763375776e-06,-0.47806764,0.0075887929442018,-0.47060385,0.0052020284156109,-0.6401503,2.377509629336806e-08,-0.65517664,2.4724641495349988e-21,True,0.47060385,True,True,False,1742,0.0561687506989313,supported_candidate,False
cluster_tissue__C3__spleen,spleen,C3,Cox6c,respiratory_chain_or_mt,0.46900275,4.1700229683757565e-37,0.8323678493844937,0.901055924912058,stable__spleen_S0,0.9951118631321676,0.46839863,1.3217535949321454e-37,0.50837135,1.6515918348216108e-32,0.49818432,2.489371404244543e-32,0.45438296,8.916807447795777e-43,0.4236543,3.1492907837781007e-82,True,0.46839863,True,True,False,2061,0.0575960695787255,supported_candidate,True
cluster_tissue__C3__spleen,spleen,C3,Tubb4b,other,-0.55442,4.2093072565708295e-14,0.4250543084721169,0.3261634728197088,stable__spleen_S0,0.9951118631321676,-0.5666354,5.230432862166124e-15,-0.46665937,9.512462210336518e-08,-0.534311,5.599769943570985e-10,-0.51119465,1.1953631393312804e-15,-0.45192444,1.3583761637800311e-30,True,0.46665937,True,True,False,2061,0.0575960695787255,supported_candidate,False
cluster_tissue__C0__bone_marrow,bone_marrow,C0,Tmsb10,other,0.464508,2.181655292116724e-201,0.999605211211938,0.9995215311004632,stable__bone_marrow_S0,0.9829115293099718,0.47847053,1.7270635936581552e-207,0.49157536,4.366954646890821e-163,0.5087638,5.103962492930343e-168,0.4827511,7.344498905290614e-244,0.48103377,0.0,True,0.464508,True,True,False,1742,0.0561687506989313,supported_candidate,True
cluster_tissue__C0__bone_marrow,bone_marrow,C0,Tnfaip3,other,0.49034438,0.0086688703055994,0.0852743782076592,0.1162679425837324,stable__bone_marrow_S0,0.9829115293099718,0.46255523,0.0100518473183862,0.6434411,0.0039923557857706,0.50420237,0.0443612528309746,0.44759923,0.0056553794167865,0.086251795,0.2534218250158632,True,0.46255523,True,True,False,1742,0.0561687506989313,supported_candidate,False
cluster_tissue__C3__spleen,spleen,C3,Chd1,other,-0.50733465,3.7672515354951215e-09,0.3258508327299024,0.2526398122800143,stable__spleen_S0,0.9951118631321676,-0.49511403,5.179040407343597e-09,-0.46994585,5.790217017547487e-06,-0.4589226,7.276187214962193e-06,-0.49988574,4.195627894285841e-11,-0.43211466,1.552742637029098e-18,True,0.4589226,True,True,False,2061,0.0575960695787255,supported_candidate,False
cluster_tissue__C3__spleen,spleen,C3,Gm47283,other,0.4574701,1.4445122883464098e-06,0.238957277335262,0.3034806413766115,stable__spleen_S0,0.9951118631321676,0.48569816,1.924149779966583e-07,0.48062417,1.24373232794778e-05,0.49526975,7.628649241628771e-06,0.4962233,4.3122684057549287e-10,0.50341594,5.089773535766872e-27,True,0.4574701,True,True,False,2061,0.0575960695787255,supported_candidate,False
cluster_tissue__C0__bone_marrow,bone_marrow,C0,Mrps25,ribosome,-0.49181154,5.021991906612571e-05,0.236083695223057,0.1803827751196167,stable__bone_marrow_S0,0.9829115293099718,-0.45664972,0.0001356493427774,-0.4743235,0.0017053916117059,-0.54300255,6.311644093040023e-05,-0.45864764,1.1066243933783448e-05,-0.49557287,9.017185489316582e-17,True,0.45664972,True,True,False,1742,0.0561687506989313,supported_candidate,False
cluster_tissue__C4__spleen,spleen,C4,Rps21,ribosome,0.4957462,1.2045035807599342e-16,0.9948979591836692,0.9999999999999976,stable__spleen_S3,0.9752475247524752,0.4613009,4.788311884527052e-18,0.45624304,1.0036639766357071e-09,0.48958564,5.522024529684755e-12,0.37136027,1.93675916455478e-192,0.36888307,0.0,True,0.45624304,True,True,False,143,0.1634711931257971,supported_candidate,False
cluster_tissue__C4__bone_marrow,bone_marrow,C4,Cox6c,respiratory_chain_or_mt,0.517703,0.0043759817373575,0.8360655737704881,0.9327354260089707,stable__bone_marrow_S1,0.987152034261242,0.53609294,6.176981257725726e-05,0.4554155,0.0496661189413839,0.60391605,0.0001933271836986,0.42581797,5.721028398586725e-34,0.4236543,3.1492907837781007e-82,True,0.4554155,True,True,False,164,0.0733202144135154,supported_candidate,True
cluster_tissue__C3__spleen,spleen,C3,AY036118,other,-0.45538908,4.182710015248973e-08,0.3374366401158545,0.2631990614000768,stable__spleen_S0,0.9951118631321676,-0.48976812,1.6517490404316554e-09,-0.5017907,2.655314145848644e-07,-0.5622848,1.830470361599935e-09,-0.44304043,1.2558318581136314e-09,-0.4172176,4.5941781587935573e-20,True,0.45538908,True,True,False,2061,0.0575960695787255,supported_candidate,False
cluster_tissue__C0__bone_marrow,bone_marrow,C0,Terf1,other,-0.4808383,0.0005213922487547,0.1729174891433092,0.1267942583732062,stable__bone_marrow_S0,0.9829115293099718,-0.4608358,0.0004989804231417,-0.45494914,0.0087732546167748,-0.5182572,0.0005915093207485,-0.40504795,0.0007991102358587,-0.2546731,0.0005003670485021,True,0.45494914,True,True,False,1742,0.0561687506989313,supported_candidate,False
cluster_tissue__C0__bone_marrow,bone_marrow,C0,Spast,other,-0.58792746,0.0001800912115824,0.1385708645874463,0.0952153110047848,stable__bone_marrow_S0,0.9829115293099718,-0.6107906,7.052691909789418e-05,-0.5869759,0.0022324521195354,-0.4545739,0.0252243483682832,-0.5975382,7.086288175710246e-06,-0.47727054,2.24515332017141e-09,True,0.4545739,True,True,False,1742,0.0561687506989313,supported_candidate,False
cluster_tissue__C3__spleen,spleen,C3,Hspd1,heat_shock,-0.53434473,4.446949588921958e-13,0.4091238233164328,0.3214704732107921,stable__spleen_S0,0.9951118631321676,-0.5392984,1.1649147111170728e-13,-0.45404452,3.132841559961732e-07,-0.5307199,1.0333683768863924e-09,-0.48267648,3.239610697603696e-14,-0.43799165,4.480331419298823e-28,True,0.45404452,True,True,False,2061,0.0575960695787255,supported_candidate,False
cluster_tissue__C3__spleen,spleen,C3,Stx5a,other,-0.45616204,0.0001242582968005,0.2103548153511929,0.1642549863120836,stable__spleen_S0,0.9951118631321676,-0.4655977,5.8036168670417576e-05,-0.50372046,0.0001759315694682,-0.4534785,0.0015176804760069,-0.40946278,0.0001010100798325,-0.23465468,0.0006107651857926,True,0.4534785,True,True,False,2061,0.0575960695787255,supported_candidate,False
cluster_tissue__C3__spleen,spleen,C3,Cct6a,other,-0.4647225,1.5616480594295425e-08,0.3587979724837036,0.2843175596402018,stable__spleen_S0,0.9951118631321676,-0.45331326,2.199363504537688e-08,-0.45699897,3.7277931881626976e-06,-0.51405925,5.606025131881736e-08,-0.41954982,1.4911842438456484e-09,-0.3281632,1.064634443321236e-14,True,0.45331326,True,True,False,2061,0.0575960695787255,supported_candidate,False
cluster_tissue__C0__bone_marrow,bone_marrow,C0,Zc3h6,other,0.45300543,0.0200321012324215,0.0868535333596529,0.1157894736842109,stable__bone_marrow_S0,0.9829115293099718,0.5320249,0.0016475395935725,0.53664833,0.0293678115550619,0.48685083,0.0274139215558375,0.54801315,0.0001229575161744,0.80603164,1.4007183768652677e-22,True,0.45300543,True,True,False,1742,0.0561687506989313,supported_candidate,True
cluster_tissue__C3__spleen,spleen,C3,Ndufa7,respiratory_chain_or_mt,0.46007162,1.331686531729112e-15,0.5593772628529985,0.6621040281580168,stable__spleen_S0,0.9951118631321676,0.45297295,1.1021282581626382e-15,0.49658683,2.0532029524627565e-14,0.45341048,9.63388376087408e-13,0.44519958,1.1626123534005017e-18,0.4260028,7.35891262285114e-41,True,0.45297295,True,True,False,2061,0.0575960695787255,supported_candidate,True
cluster_tissue__C0__bone_marrow,bone_marrow,C0,Uchl3,other,-0.4934628,1.4287720515826589e-05,0.2597710225029624,0.2009569377990422,stable__bone_marrow_S0,0.9829115293099718,-0.45210668,7.418046955029675e-05,-0.55823445,2.2333191374581304e-05,-0.5193013,4.4061090906481104e-05,-0.42057785,2.1962459131640456e-05,-0.38144892,2.1122016160322024e-11,True,0.45210668,True,True,False,1742,0.0561687506989313,supported_candidate,False
cluster_tissue__C0__bone_marrow,bone_marrow,C0,Hspa8,heat_shock,-0.49382937,5.905475850419841e-73,0.9917094354519704,0.970813397129172,stable__bone_marrow_S0,0.9829115293099718,-0.46683094,8.372481986004579e-72,-0.4696233,2.7937635565360968e-49,-0.4509496,1.6682587644996897e-48,-0.47001836,1.7395642807821128e-84,-0.53561807,2.2834761775262686e-266,True,0.4509496,True,True,False,1742,0.0561687506989313,supported_candidate,True
cluster_tissue__C5-1__spleen,spleen,C5-1,Hcst,other,0.5108308,0.0006922346775167,0.8535564853556457,0.9130434782608622,stable__spleen_S2,0.9023972602739726,0.50068706,0.0023856618666998,0.5057143,0.0434990622744179,0.4494668,0.0789107971413108,0.35135114,3.3509537930287176e-31,0.35952878,5.913048069600413e-70,True,0.4494668,True,True,False,196,0.143283264804741,supported_candidate,True
cluster_tissue__C4__bone_marrow,bone_marrow,C4,Ndufa4,respiratory_chain_or_mt,0.44952834,0.0212810284048181,0.8770491803278646,0.9686098654708544,stable__bone_marrow_S1,0.987152034261242,0.5130089,0.0001339330088038,0.4471364,0.0932138480898693,0.55100095,0.0006319079128054,0.29875174,2.2845525909695293e-18,0.3137113,3.1510715015147017e-50,True,0.4471364,True,True,False,164,0.0733202144135154,supported_candidate,True
cluster_tissue__C4__spleen,spleen,C4,Cd52,other,0.5175693,1.4088973304911642e-10,0.9999999999999956,0.9999999999999976,stable__spleen_S3,0.9752475247524752,0.44671497,2.3777031824002236e-09,0.49860662,3.880496270714301e-06,0.49288484,2.0093640141675418e-07,0.36951882,4.701596911042714e-109,0.37258404,2.3839789965717408e-250,True,0.44671497,True,True,False,143,0.1634711931257971,supported_candidate,True
cluster_tissue__C3__bone_marrow,bone_marrow,C3,Tmsb10,other,0.44631168,3.490601699098922e-07,0.9999999999999978,0.9999999999999972,stable__bone_marrow_S0,0.9971509971509972,0.47847053,1.7270635936581552e-207,0.51225966,2.8494018907776056e-05,0.5087638,5.103962492930343e-168,0.4827511,7.344498905290614e-244,0.48103377,0.0,True,0.44631168,True,True,False,96,0.118021645167863,supported_candidate,True
cluster_tissue__C3__spleen,spleen,C3,Bmyc,other,-0.4589236,1.103333850487018e-05,0.23099203475742,0.1752053187328892,stable__spleen_S0,0.9951118631321676,-0.46363845,6.132013579033239e-06,-0.44510227,0.0003651533094096,-0.4968338,3.999689735597216e-05,-0.4634872,7.448874637968241e-07,-0.32588384,1.9935848364605995e-06,True,0.44510227,True,True,False,2061,0.0575960695787255,supported_candidate,False
cluster_tissue__C3__spleen,spleen,C3,Tmem258,other,0.44426957,5.829765138728852e-12,0.454742939898619,0.5549472037544043,stable__spleen_S0,0.9951118631321676,0.44897646,1.4656305495957985e-12,0.46140775,2.0950447058094043e-10,0.46790037,1.3384761093049088e-10,0.40855473,9.594181504678568e-13,0.40670407,1.4521461297696843e-28,True,0.44426957,True,True,False,2061,0.0575960695787255,supported_candidate,False
cluster_tissue__C0__bone_marrow,bone_marrow,C0,Ppp1r15a,other,0.53954107,6.345978982303787e-09,0.2795104619028836,0.3645933014354029,stable__bone_marrow_S0,0.9829115293099718,0.4939033,3.3530091454474306e-08,0.4432162,0.0001215106302779,0.5006229,2.747048453257244e-06,0.39283326,2.866413928011409e-06,0.46749574,3.825413327132183e-24,True,0.4432162,True,True,False,1742,0.0561687506989313,supported_candidate,True
cluster_tissue__C3__spleen,spleen,C3,Riox2,other,-0.4425478,0.016397066305284,0.1064446053584354,0.0809542432538127,stable__spleen_S0,0.9951118631321676,-0.45808554,0.0113936675999837,-0.47143683,0.0428559687041725,-0.54307437,0.0079255844478998,-0.45537388,0.0019803352363281,-0.38259935,1.153114108926276e-05,True,0.4425478,True,True,False,2061,0.0575960695787255,supported_candidate,False
cluster_tissue__C3__spleen,spleen,C3,Rpl10-ps3,ribosome,-0.45143032,7.426641758988198e-05,0.2063721940622719,0.1579976535001948,stable__spleen_S0,0.9951118631321676,-0.44181794,0.0001301520047294,-0.5159991,7.03491963951272e-05,-0.48410186,0.0003468609672556,-0.40423787,0.0001059090149251,-0.3958953,9.196702082385571e-10,True,0.44181794,True,True,False,2061,0.0575960695787255,supported_candidate,False
cluster_tissue__C3__spleen,spleen,C3,Plekha3,other,-0.44604343,0.0032022571170444,0.1393917451122366,0.1059835745013683,stable__spleen_S0,0.9951118631321676,-0.4436096,0.0029558001996614,-0.44328967,0.022895692163758,-0.44161388,0.0218101974434543,-0.4278125,0.0007424643372519,-0.21489514,0.0177106455776215,True,0.44161388,True,True,False,2061,0.0575960695787255,supported_candidate,False
cluster_tissue__C3__spleen,spleen,C3,Cdv3,other,-0.44084758,1.1899762507954405e-06,0.3073859522085413,0.2416894798592087,stable__spleen_S0,0.9951118631321676,-0.44503257,7.240761955368004e-07,-0.46770844,1.3472829957778756e-05,-0.44190902,3.642313152903621e-05,-0.4326955,4.3131524128891534e-08,-0.29196435,2.7500065843455767e-10,True,0.44084758,True,True,False,2061,0.0575960695787255,supported_candidate,False
cluster_tissue__C3__spleen,spleen,C3,Taf6,other,-0.4406939,0.0344659546861458,0.1017378711078924,0.0793899100508405,stable__spleen_S0,0.9951118631321676,-0.47991595,0.0127184660085985,-0.5204241,0.0302622102483054,-0.5598875,0.0115114021896322,-0.41677648,0.0168574835106944,-0.28469354,0.0142705258295342,True,0.4406939,True,True,False,2061,0.0575960695787255,supported_candidate,False
cluster_tissue__C3__spleen,spleen,C3,Rpl35,ribosome,0.46301338,4.269393282672448e-44,0.8830557566980339,0.936644505279681,stable__spleen_S0,0.9951118631321676,0.4711876,7.073512414754471e-46,0.4405429,4.281486309504086e-30,0.44190374,4.393583696321448e-31,0.4990737,8.962821013465895e-66,0.47097915,1.4228298385880277e-147,True,0.4405429,True,True,False,2061,0.0575960695787255,supported_candidate,False
cluster_tissue__C4__bone_marrow,bone_marrow,C4,Ly6c2,other,0.4404935,0.0011275366824071,0.9631147540983552,0.9820627802690608,stable__bone_marrow_S1,0.987152034261242,0.7667293,1.3586580854824153e-05,0.545627,0.0003514786955426,0.85549784,9.92279267448274e-05,0.28734973,4.4266167742822356e-08,-0.03140794,0.695677482062969,True,0.4404935,True,True,False,164,0.0733202144135154,supported_candidate,True
cluster_tissue__C5-1__spleen,spleen,C5-1,Gm10076,other,0.56920767,1.468184155902862e-05,0.8326359832635957,0.9246376811594128,stable__spleen_S2,0.9023972602739726,0.5669717,7.071816013527519e-06,0.44047084,0.060391735060661,0.50145745,0.0043981412308655,0.61688036,1.146857421429307e-52,0.5926142,1.5089228905367191e-120,True,0.44047084,True,True,False,196,0.143283264804741,supported_candidate,True
cluster_tissue__C4__bone_marrow,bone_marrow,C4,Snrpg,other,0.46977177,0.0071825017030752,0.8278688524590128,0.883408071748881,stable__bone_marrow_S1,0.987152034261242,0.5164796,9.327428038768234e-05,0.4401686,0.0763224021968806,0.58486915,0.0001933271836986,0.39398047,1.076702006275268e-24,0.41532955,3.5431437797746535e-73,True,0.4401686,True,True,False,164,0.0733202144135154,supported_candidate,True
cluster_tissue__C0__bone_marrow,bone_marrow,C0,Lgals3,other,0.43825644,0.0015703783009755,0.1512041058033959,0.196172248803827,stable__bone_marrow_S0,0.9829115293099718,0.4631173,0.0004714523852358,0.52816606,0.0021889507225732,0.5072631,0.004590093842527,0.3995162,0.0001606441843013,0.06462224,0.2475075285231527,True,0.43825644,True,True,False,1742,0.0561687506989313,supported_candidate,False
cluster_tissue__C0__bone_marrow,bone_marrow,C0,Atp5mpl,respiratory_chain_or_mt,0.47439787,2.098062993697177e-13,0.5227003553099093,0.6392344497607568,stable__bone_marrow_S0,0.9829115293099718,0.4705787,4.0882046863641167e-14,0.434704,8.551695793923774e-09,0.48976,1.3706584652144638e-11,0.48328173,2.0032604873771254e-18,0.4179024,3.3103395755715166e-35,True,0.434704,True,True,False,1742,0.0561687506989313,supported_candidate,True
cluster_tissue__C3__spleen,spleen,C3,Rsrp1,other,-0.45468795,1.2299417789265663e-20,0.7306299782766023,0.6448963629253199,stable__spleen_S0,0.9951118631321676,-0.46286303,9.626446619018097e-22,-0.43354806,1.290845701511684e-13,-0.43613157,1.9890030072489402e-14,-0.42598048,1.4836722177488224e-23,-0.3322162,4.5883554417372416e-33,True,0.43354806,True,True,False,2061,0.0575960695787255,supported_candidate,True
cluster_tissue__C3__spleen,spleen,C3,Tomm7,other,0.46536252,4.728271055268995e-16,0.5593772628529985,0.669534610872136,stable__spleen_S0,0.9951118631321676,0.46659318,1.321941286471816e-16,0.47378746,6.826899689665032e-13,0.4329116,1.518608028241516e-11,0.4545509,8.525078110454135e-20,0.41100898,1.996970127954304e-39,True,0.4329116,True,True,False,2061,0.0575960695787255,supported_candidate,True
cluster_tissue__C3__spleen,spleen,C3,Cct4,other,-0.4325648,1.346752727848258e-12,0.5427226647356924,0.46069612827532,stable__spleen_S0,0.9951118631321676,-0.43604168,3.9057290902841373e-13,-0.445527,4.594448290769216e-10,-0.45557195,9.238947048876583e-11,-0.3760561,3.999626150319666e-13,-0.3080307,5.2175473124522415e-20,True,0.4325648,True,True,False,2061,0.0575960695787255,supported_candidate,False
cluster_tissue__C3__spleen,spleen,C3,Pgp,other,-0.45974687,7.048185285745631e-08,0.3211440984793594,0.2479468126710976,stable__spleen_S0,0.9951118631321676,-0.49045295,4.6228682604131696e-09,-0.43657607,2.069928025450794e-05,-0.43212757,1.872954837991671e-05,-0.46525535,5.580217792073192e-10,-0.34613723,2.3757921783505528e-12,True,0.43212757,True,True,False,2061,0.0575960695787255,supported_candidate,False
cluster_tissue__C3__spleen,spleen,C3,Arhgef3,other,0.4593824,1.1975226579795582e-05,0.1839246922519898,0.2412983965584657,stable__spleen_S0,0.9951118631321676,0.4316331,2.359287969536563e-05,0.44435742,0.0005710283117942,0.4667292,0.0001028139439162,0.3210594,0.0004890677046483,0.16638237,0.0021508504991708,True,0.4316331,True,True,False,2061,0.0575960695787255,supported_candidate,False
cluster_tissue__C0__bone_marrow,bone_marrow,C0,Atp5e,respiratory_chain_or_mt,0.43080825,2.756591903905412e-34,0.9036715357283344,0.9612440191387416,stable__bone_marrow_S0,0.9829115293099718,0.4442482,3.7773411805936046e-38,0.4967227,1.6952252117482757e-33,0.4908848,3.604361304459419e-33,0.4470264,2.656649528827006e-49,0.38492498,1.702759627363857e-96,True,0.43080825,True,True,False,1742,0.0561687506989313,supported_candidate,True
cluster_tissue__C0__bone_marrow,bone_marrow,C0,Gem,other,0.4310885,0.014718718274536,0.0947493091196213,0.1258373205741632,stable__bone_marrow_S0,0.9829115293099718,0.43906778,0.0126288387594075,0.4296328,0.0658324513830874,0.55929065,0.0065387640826539,0.42204466,0.0074369435125464,0.274328,0.0013026809953397,True,0.4296328,True,True,False,1742,0.0561687506989313,supported_candidate,False
cluster_tissue__C0__bone_marrow,bone_marrow,C0,Smad7,other,0.5088748,1.2159932705953444e-09,0.3493880773786045,0.4397129186602819,stable__bone_marrow_S0,0.9829115293099718,0.53449184,3.8594010911153165e-11,0.42943615,4.848218307183078e-05,0.4988557,4.071576968012656e-07,0.5096272,5.008573994298676e-13,0.17839555,0.0001999554926382,True,0.42943615,True,True,False,1742,0.0561687506989313,supported_candidate,False
cluster_tissue__C3__spleen,spleen,C3,Snrpg,other,0.4508223,3.3653175934249125e-29,0.7726285300506784,0.8470864294095085,stable__spleen_S0,0.9951118631321676,0.45683622,1.3132927958780612e-30,0.42937353,6.281700948231642e-21,0.42924127,2.095226474184937e-21,0.45560682,2.893230045619886e-37,0.41532955,3.5431437797746535e-73,True,0.42924127,True,True,False,2061,0.0575960695787255,supported_candidate,True
cluster_tissue__C0__bone_marrow,bone_marrow,C0,H1f0,other,0.4276797,0.0025809323785619,0.1239636794315047,0.1645933014354065,stable__bone_marrow_S0,0.9829115293099718,0.49641243,0.0001096931632728,0.50598866,0.0029600746385787,0.5689578,0.0002118290295889,0.4979832,1.3148557397037682e-05,0.6203557,1.7258218728220557e-17,True,0.4276797,True,True,False,1742,0.0561687506989313,supported_candidate,True
cluster_tissue__C0__bone_marrow,bone_marrow,C0,Zcchc18,other,-0.58436453,7.329937070850831e-05,0.1527832609553896,0.1057416267942586,stable__bone_marrow_S0,0.9829115293099718,-0.49653494,0.0009881218987535,-0.46317464,0.015211605066733,-0.4263187,0.0286887317143938,-0.5652452,4.419498887263175e-05,-0.44777593,2.7770579070137712e-08,True,0.4263187,True,True,False,1742,0.0561687506989313,supported_candidate,False
cluster_tissue__C3__spleen,spleen,C3,Slc25a4,other,-0.43578148,0.0024256360928265,0.1774076755973917,0.1407899882675003,stable__spleen_S0,0.9951118631321676,-0.4325219,0.0018019229196463,-0.5012734,0.0018356694466179,-0.42587847,0.0073184056612195,-0.2733813,0.0216386610355491,-0.22884956,0.000195149603266,True,0.42587847,True,True,False,2061,0.0575960695787255,supported_candidate,False
cluster_tissue__C3__spleen,spleen,C3,2310039H08Rik,other,0.42487484,0.0047459162147507,0.0995655322230264,0.1325772389518961,stable__spleen_S0,0.9951118631321676,0.50421065,0.0002582234352599,0.4861116,0.0060070451795162,0.5824843,0.0005891734568493,0.47231412,3.502457519375287e-05,0.31561425,1.0857377013163005e-05,True,0.42487484,True,True,False,2061,0.0575960695787255,supported_candidate,False
cluster_tissue__C0__bone_marrow,bone_marrow,C0,Tmem33,other,-0.42821723,0.0042513969638084,0.1843663639952635,0.1459330143540671,stable__bone_marrow_S0,0.9829115293099718,-0.42410287,0.0043905300973452,-0.45244133,0.0086061566500755,-0.42512286,0.0196123246485258,-0.2771065,0.0721503236063711,-0.3165231,7.448206950758034e-06,True,0.42410287,True,True,False,1742,0.0561687506989313,supported_candidate,False
cluster_tissue__C3__spleen,spleen,C3,Scly,other,0.42589512,0.0077355486130918,0.0861694424330193,0.1161517403206878,stable__spleen_S0,0.9951118631321676,0.42342603,0.0056718924108847,0.4729428,0.01674914016183,0.4543883,0.0185639647264619,0.29504138,0.0381881256650814,0.29290557,0.0011958747730785,True,0.42342603,True,True,False,2061,0.0575960695787255,supported_candidate,False
cluster_tissue__C3__spleen,spleen,C3,Ndufa13,respiratory_chain_or_mt,0.4291748,4.168740441140629e-26,0.8026792179579916,0.8822839264763885,stable__spleen_S0,0.9951118631321676,0.42318395,1.2966956608595104e-25,0.45277697,6.926741596138134e-23,0.43555197,1.168890972879574e-20,0.42596987,1.0466425240135063e-31,0.38980582,5.216597149241861e-63,True,0.42318395,True,True,False,2061,0.0575960695787255,supported_candidate,True
cluster_tissue__C4__bone_marrow,bone_marrow,C4,Cox8a,respiratory_chain_or_mt,0.42254668,0.0012969163689203,0.95491803278688,1.0000000000000024,stable__bone_marrow_S1,0.987152034261242,0.4509813,7.449034543388816e-05,0.5327927,0.0012193097288176,0.48820737,0.0007227322832485,0.2948562,6.0323315296187505e-28,0.2853341,5.184522884062128e-65,True,0.42254668,True,True,False,164,0.0733202144135154,supported_candidate,True
cluster_tissue__C3__spleen,spleen,C3,Sdhaf1,other,0.48952857,1.8040848862427022e-09,0.2863866763215033,0.3742667188111047,stable__spleen_S0,0.9951118631321676,0.4844603,2.0790030877447598e-09,0.42232734,1.6120881013814794e-05,0.47587278,4.230424777041035e-07,0.42168543,1.581303458504843e-08,0.37305075,6.613329991302067e-13,True,0.42232734,True,True,False,2061,0.0575960695787255,supported_candidate,False
cluster_tissue__C3__spleen,spleen,C3,Paip1,other,-0.5198715,0.0003124444074294,0.1448225923244016,0.1059835745013683,stable__spleen_S0,0.9951118631321676,-0.5588715,4.952057296086294e-05,-0.4216432,0.0264411478191254,-0.527446,0.0026215990078159,-0.48146418,0.000214239876438,-0.34109864,3.353097927129296e-05,True,0.4216432,True,True,False,2061,0.0575960695787255,supported_candidate,False
cluster_tissue__C0__bone_marrow,bone_marrow,C0,Gm4258,other,0.6030468,0.001061537841698,0.0868535333596529,0.122966507177034,stable__bone_marrow_S0,0.9829115293099718,0.5695924,0.0006184190257082,0.54561013,0.0282072786963462,0.42134923,0.1126880301637265,0.49874586,0.0015940870230158,0.45835882,1.8463935745034413e-08,True,0.42134923,True,True,False,1742,0.0561687506989313,supported_candidate,False
cluster_tissue__C3__spleen,spleen,C3,Nsd1,other,-0.4553115,1.4327211167516697e-14,0.5756698044894936,0.4931560422369936,stable__spleen_S0,0.9951118631321676,-0.4358057,9.040768218446421e-14,-0.45449728,1.1978550757949338e-10,-0.4213398,1.4904691118706715e-09,-0.4877694,1.3851362074424836e-20,-0.40512067,1.7053501502724128e-29,True,0.4213398,True,True,False,2061,0.0575960695787255,supported_candidate,False
cluster_tissue__C3__spleen,spleen,C3,Cdkn2d,other,0.42088258,0.003065666107163,0.1238233164373635,0.159561986703167,stable__spleen_S0,0.9951118631321676,0.42080146,0.0024418984934914,0.43316463,0.0126280917157334,0.44466624,0.0066702983016845,0.38137224,0.0001604120621454,0.13927929,0.0101799023110962,True,0.42080146,True,True,False,2061,0.0575960695787255,supported_candidate,False
cluster_tissue__C3__spleen,spleen,C3,Klrb1c,other,0.42041522,1.689104760312169e-09,0.4869659666907981,0.5655064528744683,stable__spleen_S0,0.9951118631321676,0.4367642,1.2634666072200844e-10,0.49133477,6.757410120497752e-10,0.5059346,6.618884840402571e-11,0.31295452,3.796399261127807e-06,0.26863334,3.0839827415799124e-12,True,0.42041522,True,True,False,2061,0.0575960695787255,supported_candidate,True
cluster_tissue__C3__spleen,spleen,C3,Rnf168,other,-0.57629764,0.0007156820050262,0.1180304127443875,0.0840829096597572,stable__spleen_S0,0.9951118631321676,-0.54180413,0.0016658028548258,-0.59969664,0.0027055359997759,-0.4201643,0.0707731385020694,-0.52804565,0.0005684734626465,-0.30075902,0.0051544949238729,True,0.4201643,True,True,False,2061,0.0575960695787255,supported_candidate,False
cluster_tissue__C0__bone_marrow,bone_marrow,C0,Hspd1,heat_shock,-0.48265168,3.274684313448525e-09,0.4236083695223082,0.3387559808612407,stable__bone_marrow_S0,0.9829115293099718,-0.52385306,2.7511756282395134e-11,-0.4189321,3.5505288546117026e-05,-0.45976037,3.826864449716279e-06,-0.47870842,8.869298643338768e-12,-0.43799165,4.480331419298823e-28,True,0.4189321,True,True,False,1742,0.0561687506989313,supported_candidate,False
cluster_tissue__C3__spleen,spleen,C3,Cybc1,other,-0.44389546,0.0001866285118903,0.2092686459087599,0.1622995698083684,stable__spleen_S0,0.9951118631321676,-0.47816297,3.2872480359598635e-05,-0.41786575,0.0042529117451701,-0.4421257,0.0019945785381889,-0.4087363,0.0001262350153501,-0.32757658,1.2963677729590357e-07,True,0.41786575,True,True,False,2061,0.0575960695787255,supported_candidate,False
cluster_tissue__C5-1__spleen,spleen,C5-1,Hspa8,heat_shock,-0.5103961,1.5424645410297247e-09,0.9999999999999956,0.9855072463768028,stable__spleen_S2,0.9023972602739726,-0.43448716,4.5151964138484925e-08,-0.44579148,0.0010277373678857,-0.41741514,0.0001282396579758,-0.6552534,2.287820616088788e-163,-0.53561807,2.2834761775262686e-266,True,0.41741514,True,True,False,196,0.143283264804741,supported_candidate,True
cluster_tissue__C3__spleen,spleen,C3,Kif1b,other,-0.44077763,0.0257962649819232,0.1086169442433014,0.0852561595619864,stable__spleen_S0,0.9951118631321676,-0.41661078,0.0403811835224211,-0.467722,0.051770012199553,-0.44520143,0.0707731385020694,-0.48899126,0.0028204975371737,-0.45914504,8.431469259300331e-07,True,0.41661078,True,True,False,2061,0.0575960695787255,supported_candidate,False
cluster_tissue__C3__spleen,spleen,C3,Rbm10,other,-0.5132993,3.650833844170988e-05,0.1781317885590137,0.131403989049667,stable__spleen_S0,0.9951118631321676,-0.4813319,0.0001301520047294,-0.4161334,0.0126222437065805,-0.45736966,0.0044702943637347,-0.5123892,3.659673488259932e-06,-0.27299523,0.0003019945025218,True,0.4161334,True,True,False,2061,0.0575960695787255,supported_candidate,False
cluster_tissue__C3__spleen,spleen,C3,Bola1,other,0.4438026,2.828358030181357e-05,0.1893555394641548,0.2456003128666393,stable__spleen_S0,0.9951118631321676,0.41580707,8.043017506851382e-05,0.45793533,0.000323230188299,0.4991322,3.985666538953563e-05,0.42951724,2.4802088191591244e-06,0.36452156,3.8179106347870465e-10,True,0.41580707,True,True,False,2061,0.0575960695787255,supported_candidate,False
cluster_tissue__C0__bone_marrow,bone_marrow,C0,Kmt2a,other,-0.4326685,6.635132776402062e-10,0.5562574022897706,0.4698564593301378,stable__bone_marrow_S0,0.9829115293099718,-0.4427451,7.35744974000825e-11,-0.472069,8.516787946514837e-09,-0.41562235,5.653368305626126e-07,-0.45266998,1.1511736039505057e-13,-0.41420752,1.190867729332338e-30,True,0.41562235,True,True,False,1742,0.0561687506989313,supported_candidate,False
cluster_tissue__C0__bone_marrow,bone_marrow,C0,Tomm6,other,0.4208802,7.885560715887102e-13,0.6352151598894442,0.7368421052631474,stable__bone_marrow_S0,0.9829115293099718,0.4155984,2.5421681589963177e-13,0.47346517,4.041798397772396e-13,0.4943676,9.743719521731927e-15,0.401489,1.6133275922899598e-15,0.35970306,9.516707863142448e-33,True,0.4155984,True,True,False,1742,0.0561687506989313,supported_candidate,True
cluster_tissue__C0__bone_marrow,bone_marrow,C0,Crip1,other,0.41530782,1.9002575553362143e-25,0.8953809711803687,0.9344497607655362,stable__bone_marrow_S0,0.9829115293099718,0.47302675,1.7461717171898897e-30,0.48903927,1.0807089329871091e-26,0.59251475,2.3981406697279887e-35,0.4433085,1.0074012135235443e-32,0.2128561,1.0072805959739396e-10,True,0.41530782,True,True,False,1742,0.0561687506989313,supported_candidate,True
cluster_tissue__C0__bone_marrow,bone_marrow,C0,Luc7l,other,-0.4796338,6.162652981327925e-05,0.2214765100671153,0.166028708133971,stable__bone_marrow_S0,0.9829115293099718,-0.46913788,3.787112950954843e-05,-0.4148126,0.0086948617235621,-0.4644135,0.0008940955066969,-0.40475285,8.229440777000515e-05,-0.44830173,2.1155426300561023e-14,True,0.4148126,True,True,False,1742,0.0561687506989313,supported_candidate,False
cluster_tissue__C0__bone_marrow,bone_marrow,C0,Ndufb4,respiratory_chain_or_mt,0.41352192,7.284592345143996e-08,0.3841294907224658,0.4688995215310948,stable__bone_marrow_S0,0.9829115293099718,0.45139512,8.396073195065438e-10,0.4423721,6.600541617691537e-07,0.5263525,4.913735260140783e-10,0.43825558,2.241673992343696e-11,0.40943375,4.309045134630952e-25,True,0.41352192,True,True,False,1742,0.0561687506989313,supported_candidate,False
cluster_tissue__C0__bone_marrow,bone_marrow,C0,Cox6c,respiratory_chain_or_mt,0.43229085,9.650666224278243e-27,0.8476115278325662,0.9138755980861109,stable__bone_marrow_S0,0.9829115293099718,0.42951107,9.55717298479814e-28,0.4126167,1.1085999659158976e-18,0.46267992,3.913666008295653e-24,0.42581797,5.721028398586725e-34,0.4236543,3.1492907837781007e-82,True,0.4126167,True,True,False,1742,0.0561687506989313,supported_candidate,True
cluster_tissue__C0__bone_marrow,bone_marrow,C0,Pja2,other,0.41085267,0.0093736545027438,0.1259376233714968,0.1612440191387558,stable__bone_marrow_S0,0.9829115293099718,0.45119733,0.0029727547475305,0.43525317,0.040012782340149,0.45737627,0.0257005617143494,0.41880384,0.0024185691803467,0.2379836,0.0039740485180393,True,0.41085267,True,True,False,1742,0.0561687506989313,supported_candidate,False
cluster_tissue__C0__bone_marrow,bone_marrow,C0,Rpl35,ribosome,0.44933775,2.6733465758059565e-42,0.9048559020923296,0.9440191387559668,stable__bone_marrow_S0,0.9829115293099718,0.44066963,1.6981763327526856e-42,0.41236562,2.1262202787853412e-26,0.41014954,7.723331208789371e-26,0.44303694,5.561122185977413e-53,0.47097915,1.4228298385880277e-147,True,0.41014954,True,True,False,1742,0.0561687506989313,supported_candidate,False
cluster_tissue__C3__spleen,spleen,C3,Pcmt1,other,-0.42443144,8.473122971458234e-07,0.3262128892107134,0.2620258114978476,stable__spleen_S0,0.9951118631321676,-0.4604558,5.693423748970813e-08,-0.41001844,7.491799680985283e-05,-0.48213086,1.2822900768452931e-06,-0.39628273,1.2053316495978928e-07,-0.35106498,5.4794047917654195e-14,True,0.41001844,True,True,False,2061,0.0575960695787255,supported_candidate,False
cluster_tissue__C3__spleen,spleen,C3,Chuk,other,-0.44469792,0.0020289832366825,0.1571325126719756,0.1204536566288614,stable__spleen_S0,0.9951118631321676,-0.46559596,0.0012197374302508,-0.40961152,0.0326762208794055,-0.50059354,0.002222800156743,-0.41208228,0.0025335300847135,-0.24085802,0.0089544062297963,True,0.40961152,True,True,False,2061,0.0575960695787255,supported_candidate,False
cluster_tissue__C0__bone_marrow,bone_marrow,C0,Ndufa7,respiratory_chain_or_mt,0.4091943,1.7600761733675934e-11,0.5945519147256123,0.6842105263157799,stable__bone_marrow_S0,0.9829115293099718,0.4171565,1.4094812821863572e-12,0.410205,7.332355935352849e-09,0.41348255,6.13633351873906e-10,0.41296586,2.5479891361663016e-15,0.4260028,7.35891262285114e-41,True,0.4091943,True,True,False,1742,0.0561687506989313,supported_candidate,True
cluster_tissue__C3__spleen,spleen,C3,Rabep1,other,-0.45989177,0.0012931405987303,0.1469949312092676,0.1102854908095419,stable__spleen_S0,0.9951118631321676,-0.49502924,0.0003986698713152,-0.4085766,0.0210148444076275,-0.48131302,0.0029767947016486,-0.41599572,0.0011487307180083,-0.3414384,8.277483185816706e-06,True,0.4085766,True,True,False,2061,0.0575960695787255,supported_candidate,False
cluster_tissue__C3__spleen,spleen,C3,Sec61g,other,0.4116853,2.8823494353398286e-16,0.663649529326567,0.743449354712584,stable__spleen_S0,0.9951118631321676,0.40830094,1.166663259797323e-16,0.46649134,4.4224901132815183e-16,0.47603804,1.595085865665956e-16,0.39872128,1.5073943013725795e-18,0.3898663,1.1421317807019359e-39,True,0.40830094,True,True,False,2061,0.0575960695787255,supported_candidate,True
cluster_tissue__C3__spleen,spleen,C3,Stk39,other,-0.42924753,0.0068160035047805,0.1440984793627796,0.1126319906140003,stable__spleen_S0,0.9951118631321676,-0.40722376,0.0107351596081874,-0.45344707,0.0177497296397605,-0.42915827,0.0310300278213564,-0.42477572,0.0031916201062049,-0.45472515,7.3431503339538665e-09,True,0.40722376,True,True,False,2061,0.0575960695787255,supported_candidate,False
cluster_tissue__C0__bone_marrow,bone_marrow,C0,Leng9,other,0.47954112,0.0059524306216218,0.0908014212396371,0.123923444976077,stable__bone_marrow_S0,0.9829115293099718,0.4849888,0.0024976346464954,0.64429414,0.0013439656575551,0.4066481,0.0748035427501021,0.51432276,0.0002976498578175,0.51994586,3.4600648933709596e-10,True,0.4066481,True,True,False,1742,0.0561687506989313,supported_candidate,False
cluster_tissue__C0__bone_marrow,bone_marrow,C0,Smim26,other,0.40658098,0.012746021644825,0.1168574812475331,0.1507177033492823,stable__bone_marrow_S0,0.9829115293099718,0.4922159,0.0004237099343263,0.4558649,0.0278599293022327,0.4612323,0.0123003725892057,0.40514204,0.0007428058127705,0.31972235,6.044211688101746e-07,True,0.40658098,True,True,False,1742,0.0561687506989313,supported_candidate,False
cluster_tissue__C0__bone_marrow,bone_marrow,C0,Snhg3,other,0.4070298,0.0145659736909898,0.1109356494275567,0.1435406698564595,stable__bone_marrow_S0,0.9829115293099718,0.43181378,0.005349485938636,0.40655437,0.059628012600182,0.42202213,0.055603390962996,0.41999674,0.001105845759473,0.3231126,7.963590638594494e-06,True,0.40655437,True,True,False,1742,0.0561687506989313,supported_candidate,False
cluster_tissue__C3__spleen,spleen,C3,Hddc2,other,0.43458387,0.0003170477147449,0.1556842867487316,0.201798983183417,stable__spleen_S0,0.9951118631321676,0.40646234,0.0006726367539145,0.41988495,0.0048377501187867,0.42931506,0.0033429814841547,0.42937908,1.643006204051896e-05,0.32577807,3.1564843496705684e-08,True,0.40646234,True,True,False,2061,0.0575960695787255,supported_candidate,False
cluster_tissue__C3__spleen,spleen,C3,2310009A05Rik,other,0.4056554,0.0027159664447498,0.1328747284576385,0.1709034024247156,stable__spleen_S0,0.9951118631321676,0.44792235,0.0005337085901654,0.49225372,0.001861358350815,0.44934994,0.006463660661559,0.4712179,6.400621385523538e-06,0.41092822,1.0221817484258915e-10,True,0.4056554,True,True,False,2061,0.0575960695787255,supported_candidate,False
cluster_tissue__C0__bone_marrow,bone_marrow,C0,Zfhx2,other,-0.4842188,0.0083896504240857,0.1322542439794716,0.1000000000000002,stable__bone_marrow_S0,0.9829115293099718,-0.48158732,0.0064891701716857,-0.43073413,0.0808123888804976,-0.40554523,0.0945733546389885,-0.40188786,0.0099432910913483,-0.043176122,0.7662791634352274,True,0.40554523,True,True,False,1742,0.0561687506989313,supported_candidate,False
cluster_tissue__C0__bone_marrow,bone_marrow,C0,Rpl10-ps3,ribosome,-0.40752038,0.0114423830225476,0.168969601263325,0.1344497607655506,stable__bone_marrow_S0,0.9829115293099718,-0.40837756,0.0071607242887868,-0.40548465,0.0439450467358353,-0.4521913,0.0114335866042424,-0.41414666,0.0017951491486337,-0.3958953,9.196702082385571e-10,True,0.40548465,True,True,False,1742,0.0561687506989313,supported_candidate,False
cluster_tissue__C3__spleen,spleen,C3,Ubr2,other,-0.47141987,4.835952104376636e-07,0.3030412744388093,0.2389518967540073,stable__spleen_S0,0.9951118631321676,-0.45432574,7.870903106251882e-07,-0.4609483,6.21894210136044e-05,-0.40513882,0.0006422122163227,-0.45436916,1.3400522550891924e-08,-0.346346,8.693677226455539e-12,True,0.40513882,True,True,False,2061,0.0575960695787255,supported_candidate,False
cluster_tissue__C3__spleen,spleen,C3,Safb,other,-0.4886081,1.3571910325996462e-08,0.3497465604634285,0.2745404771216254,stable__spleen_S0,0.9951118631321676,-0.4673631,4.092440009306181e-08,-0.50195354,4.823612925684827e-07,-0.40488136,0.0001321317076848,-0.51362807,6.8977778447002006e-12,-0.51011163,1.5377103145702376e-27,True,0.40488136,True,True,False,2061,0.0575960695787255,supported_candidate,False
cluster_tissue__C3__spleen,spleen,C3,Hmgxb4,other,-0.40454635,0.0081134315155206,0.1484431571325116,0.1169339069221739,stable__spleen_S0,0.9951118631321676,-0.42264917,0.0049013760869565,-0.42978218,0.0209949996226655,-0.45487705,0.0108504855185323,-0.41550928,0.0015477763845088,-0.16306612,0.1148322794739991,True,0.40454635,True,True,False,2061,0.0575960695787255,supported_candidate,False
cluster_tissue__C0__bone_marrow,bone_marrow,C0,Taf7,other,0.4816863,1.1125724100545318e-05,0.1946308724832225,0.2588516746411464,stable__bone_marrow_S0,0.9829115293099718,0.4385599,3.380791321214268e-05,0.4147879,0.0026942783994176,0.4043309,0.0014229031644543,0.44427803,1.2915972338226622e-06,0.262734,1.163530768522068e-06,True,0.4043309,True,True,False,1742,0.0561687506989313,supported_candidate,False
cluster_tissue__C0__bone_marrow,bone_marrow,C0,Abcg1,other,-0.40712252,0.0016773145845785,0.2262139755230964,0.1789473684210522,stable__bone_marrow_S0,0.9829115293099718,-0.40431064,0.001195328990497,-0.43354315,0.0050149652834411,-0.45228684,0.0018460183155726,-0.3879842,0.0004773398960738,-0.16477919,0.0230649663584287,True,0.40431064,True,True,False,1742,0.0561687506989313,supported_candidate,False
cluster_tissue__C3__spleen,spleen,C3,Glmn,other,-0.41168734,0.018265486609553,0.1125995655322224,0.0868204927649586,stable__spleen_S0,0.9951118631321676,-0.40430176,0.0131918524708732,-0.46411473,0.028660107261927,-0.5046749,0.008151557918152,-0.405471,0.0058777802837779,-0.25411054,0.0064323994560068,True,0.40430176,True,True,False,2061,0.0575960695787255,supported_candidate,False
cluster_tissue__C3__spleen,spleen,C3,Nop14,other,-0.4639487,9.632218091447066e-05,0.2114409847936259,0.1650371529135698,stable__spleen_S0,0.9951118631321676,-0.43423146,0.0003505264067434,-0.40265843,0.009841222256718,-0.42429784,0.0031928092045424,-0.42912978,4.597287954022973e-05,-0.35204244,8.076986587770033e-08,True,0.40265843,True,True,False,2061,0.0575960695787255,supported_candidate,False
cluster_tissue__C0__bone_marrow,bone_marrow,C0,Cox20,respiratory_chain_or_mt,0.43307057,3.278299579386249e-06,0.2775365179628914,0.3531100478468864,stable__bone_marrow_S0,0.9829115293099718,0.402529,7.554586752687824e-06,0.46065128,3.576748872217188e-05,0.5254875,2.3479537799754723e-07,0.41262597,1.0292025085722053e-07,0.38567534,4.167260923732487e-17,True,0.402529,True,True,False,1742,0.0561687506989313,supported_candidate,False
cluster_tissue__C3__spleen,spleen,C3,Cox5b,respiratory_chain_or_mt,0.4090054,2.264635688346739e-15,0.6560463432295359,0.7438404380133271,stable__spleen_S0,0.9951118631321676,0.40247205,1.0398367450313964e-15,0.4664987,4.2476817120796775e-16,0.411251,1.1501399684687166e-13,0.37681168,4.59516245212111e-17,0.34580725,2.1355739632987218e-33,True,0.40247205,True,True,False,2061,0.0575960695787255,supported_candidate,True
cluster_tissue__C4__bone_marrow,bone_marrow,C4,Actg1,other,0.45770556,0.0003332107793318,0.9877049180327812,1.0000000000000024,stable__bone_marrow_S1,0.987152034261242,0.42224446,2.916141902738806e-05,0.47265828,0.0052157684314674,0.40226227,0.0012415923985235,0.24040407,1.832372067267729e-18,0.2145459,1.4135929245408674e-30,True,0.40226227,True,True,False,164,0.0733202144135154,supported_candidate,True
cluster_tissue__C4__bone_marrow,bone_marrow,C4,H3f3b,other,0.4021476,0.0004511635493992,0.979508196721306,0.995515695067267,stable__bone_marrow_S1,0.987152034261242,0.4018661,1.25394873283706e-05,0.48729554,0.0043156029048036,0.46195903,0.0001097987033949,0.37833065,3.3431483663637667e-59,0.31348985,1.3622230968244437e-95,True,0.4018661,True,True,False,164,0.0733202144135154,supported_candidate,True
cluster_tissue__C0__bone_marrow,bone_marrow,C0,H2afj,other,0.4010038,3.2231729754737344e-16,0.7579944729569367,0.8287081339712797,stable__bone_marrow_S0,0.9829115293099718,0.41952902,6.057465974951143e-19,0.4694158,1.0993741490516492e-16,0.49276015,8.398310385748785e-20,0.4130364,1.2605223847384705e-21,0.3285307,6.925954196073422e-31,True,0.4010038,True,True,False,1742,0.0561687506989313,supported_candidate,True
cluster_tissue__C3__spleen,spleen,C3,Ndufs6,respiratory_chain_or_mt,0.43600887,6.770279386517232e-09,0.3472121650977515,0.4298005475166186,stable__spleen_S0,0.9951118631321676,0.43682402,3.1840074110739835e-09,0.4072495,4.895583736227623e-06,0.40020248,2.8411523979132155e-06,0.42838025,3.085512858257504e-11,0.4137883,2.972762592818067e-24,True,0.40020248,True,True,False,2061,0.0575960695787255,supported_candidate,False
cluster_tissue__C3__spleen,spleen,C3,Snrpf,other,0.42360303,1.47981432488992e-15,0.6100651701665387,0.701212358232328,stable__spleen_S0,0.9951118631321676,0.42372772,5.482957418710116e-16,0.39992917,2.7506928660788784e-11,0.40909594,1.0502312667588414e-11,0.39742666,1.1203675042118037e-17,0.33059865,5.148878977921936e-29,True,0.39992917,True,True,False,2061,0.0575960695787255,supported_candidate,True
cluster_tissue__C3__spleen,spleen,C3,Zbtb11,other,-0.44058052,0.0034523860441233,0.1477190441708896,0.1138052405162294,stable__spleen_S0,0.9951118631321676,-0.47546232,0.0008573227219586,-0.43571264,0.0200991955185452,-0.39967838,0.0481474605003873,-0.41444224,0.0016580795307506,-0.3065625,0.0001075019860491,True,0.39967838,True,True,False,2061,0.0575960695787255,supported_candidate,False
cluster_tissue__C3__spleen,spleen,C3,Rab4a,other,-0.41345888,0.0197882097957018,0.1129616220130334,0.0872115760657016,stable__spleen_S0,0.9951118631321676,-0.3993598,0.0194679222766178,-0.40670586,0.056917749737655,-0.46031362,0.0186920314251532,-0.31197292,0.0389894533676021,-0.15813023,0.068652584244891,True,0.3993598,True,True,False,2061,0.0575960695787255,supported_candidate,False
cluster_tissue__C3__spleen,spleen,C3,Fcho2,other,-0.5136592,2.210167713897685e-06,0.2208544532947119,0.1646460696128267,stable__spleen_S0,0.9951118631321676,-0.5141653,1.0111221026763269e-06,-0.39842632,0.0041260859767512,-0.5126467,2.2298946565857247e-05,-0.4681034,9.474769805007398e-07,-0.4105009,1.5560944009546968e-11,True,0.39842632,True,True,False,2061,0.0575960695787255,supported_candidate,False
cluster_tissue__C0__bone_marrow,bone_marrow,C0,Smim8,other,0.40740693,0.0011898783749507,0.153178049743388,0.2009569377990422,stable__bone_marrow_S0,0.9829115293099718,0.40673777,0.0008396318291966,0.40172565,0.0136571278335383,0.3977695,0.0120862728957603,0.36365086,0.0003788168175346,0.3327143,6.275683483585099e-08,True,0.3977695,True,True,False,1742,0.0561687506989313,supported_candidate,False
cluster_tissue__C3__spleen,spleen,C3,Ubfd1,other,-0.40355954,0.0190893080149067,0.1212889210716865,0.0950332420805628,stable__spleen_S0,0.9951118631321676,-0.4036107,0.0178697283173357,-0.45482722,0.0229319188903725,-0.39750767,0.0766820402043784,-0.41815257,0.0033347363962304,-0.38417828,4.114998921226632e-06,True,0.39750767,True,True,False,2061,0.0575960695787255,supported_candidate,False
cluster_tissue__C0__bone_marrow,bone_marrow,C0,Abcb9,other,0.41778302,5.264437740432277e-05,0.2506908803789986,0.3167464114832506,stable__bone_marrow_S0,0.9829115293099718,0.41189066,3.0303101375501297e-05,0.4319189,0.0005999119229452,0.3971095,0.0011571183611821,0.40794718,4.9971560408206e-06,0.2963528,3.7906414349589445e-09,True,0.3971095,True,True,False,1742,0.0561687506989313,supported_candidate,False
cluster_tissue__C3__spleen,spleen,C3,Itgb1bp1,other,-0.40922773,0.0015023188498069,0.1918899348298318,0.1533046538912781,stable__spleen_S0,0.9951118631321676,-0.4190233,0.0007547077718863,-0.4348095,0.0049340885169236,-0.39683506,0.0101597475782994,-0.3879729,0.0001695518909981,-0.32609427,3.937417977581601e-08,True,0.39683506,True,True,False,2061,0.0575960695787255,supported_candidate,False
cluster_tissue__C3__spleen,spleen,C3,Fbxl6,other,-0.44776207,0.0020817526379726,0.1524257784214326,0.1173249902229169,stable__spleen_S0,0.9951118631321676,-0.39640933,0.0060370462286037,-0.48938635,0.0028690853781761,-0.5373612,0.0006777164049306,-0.27008384,0.0730436242945575,-0.20470847,0.0156771791247286,True,0.39640933,True,True,False,2061,0.0575960695787255,supported_candidate,False
cluster_tissue__C3__spleen,spleen,C3,Cops9,other,0.4307588,5.697033533239628e-09,0.3797972483707417,0.4614782948768061,stable__spleen_S0,0.9951118631321676,0.4218304,5.9671307002167115e-09,0.49264026,2.8614420771873524e-09,0.39640242,3.7777332820408927e-06,0.40399992,2.2325113098105918e-10,0.35474345,3.1009395026512946e-18,True,0.39640242,True,True,False,2061,0.0575960695787255,supported_candidate,False
cluster_tissue__C3__spleen,spleen,C3,Mgst2,other,0.3963039,7.549765368665457e-05,0.2262853005068769,0.2835353930387157,stable__spleen_S0,0.9951118631321676,0.40085045,3.905628826811861e-05,0.44955593,0.0001038419478744,0.42185476,0.0002057899961466,0.37861595,6.400621385523538e-06,0.3548935,8.803408453659613e-11,True,0.3963039,True,True,False,2061,0.0575960695787255,supported_candidate,False
cluster_tissue__C3__spleen,spleen,C3,Cox20,respiratory_chain_or_mt,0.3966343,9.076739402363216e-06,0.2700941346850082,0.3332029722330838,stable__spleen_S0,0.9951118631321676,0.39576054,4.335527940189457e-06,0.40300828,0.0001729251770815,0.41675377,3.44522080756292e-05,0.40428117,4.32954273387487e-08,0.38567534,4.167260923732487e-17,True,0.39576054,True,True,False,2061,0.0575960695787255,supported_candidate,False
cluster_tissue__C0__bone_marrow,bone_marrow,C0,Ppil1,other,-0.44403878,0.0045073239683191,0.1618634030793533,0.1248803827751201,stable__bone_marrow_S0,0.9829115293099718,-0.44137138,0.0027197021417969,-0.5223692,0.0041555554580064,-0.39565054,0.0350840219260168,-0.41436985,0.001539344363251,-0.16409543,0.0558626262342853,True,0.39565054,True,True,False,1742,0.0561687506989313,supported_candidate,False
cluster_tissue__C0__bone_marrow,bone_marrow,C0,Slfn1,other,-0.42666352,4.893361643016881e-07,0.4326885116462719,0.3588516746411446,stable__bone_marrow_S0,0.9829115293099718,-0.39337254,2.9601825934533324e-06,-0.4194953,3.3605288102817246e-05,-0.40338367,5.598410071899041e-05,-0.3973795,3.5088539235216086e-08,-0.3049404,4.869264480755448e-13,True,0.39337254,True,True,False,1742,0.0561687506989313,supported_candidate,False
cluster_tissue__C0__bone_marrow,bone_marrow,C0,Vti1a,other,0.41561586,0.0046157903593777,0.1310698776154763,0.1703349282296647,stable__bone_marrow_S0,0.9829115293099718,0.3931407,0.0043002702121422,0.48747167,0.0057145840482828,0.4271666,0.012770550517454,0.34336105,0.0063531870158003,0.25105563,0.0002414444475453,True,0.3931407,True,True,False,1742,0.0561687506989313,supported_candidate,False
cluster_tissue__C0__bone_marrow,bone_marrow,C0,Drosha,other,0.44802147,0.0188440385502059,0.1172522700355315,0.1492822966507178,stable__bone_marrow_S0,0.9829115293099718,0.47869468,0.0064140128766289,0.46275362,0.0590153564848817,0.39298707,0.1481627287952241,0.4648612,0.0034312515013987,0.36972558,1.7894175772329987e-06,True,0.39298707,True,True,False,1742,0.0561687506989313,supported_candidate,False
cluster_tissue__C3__spleen,spleen,C3,Ifrd1,other,-0.41034597,0.0111802832739427,0.1459087617668346,0.1161517403206878,stable__spleen_S0,0.9951118631321676,-0.42041725,0.0090349580310166,-0.39259166,0.0599906170959745,-0.43380988,0.0262186558089904,-0.38001657,0.0071709392649686,-0.2261763,0.0035144514343707,True,0.39259166,True,True,False,2061,0.0575960695787255,supported_candidate,False
cluster_tissue__C0__bone_marrow,bone_marrow,C0,2310009A05Rik,other,0.39689347,0.0024237208861949,0.1472562179234117,0.1909090909090902,stable__bone_marrow_S0,0.9829115293099718,0.41051477,0.0009827662413041,0.419295,0.0107428030474369,0.39238676,0.0128317448386975,0.40985885,0.0001666520117147,0.41092822,1.0221817484258915e-10,True,0.39238676,True,True,False,1742,0.0561687506989313,supported_candidate,False
cluster_tissue__C3__spleen,spleen,C3,Srsf5,other,0.39197195,1.2155352776194403e-14,0.66111513396089,0.7473601877200151,stable__spleen_S0,0.9951118631321676,0.4095692,3.861194508405274e-16,0.42239666,1.2184538736617008e-13,0.4705596,2.675128497031949e-16,0.41235396,4.284688841337789e-20,0.4187675,1.6178652064208234e-52,True,0.39197195,True,True,False,2061,0.0575960695787255,supported_candidate,True
cluster_tissue__C0__bone_marrow,bone_marrow,C0,Slc3a2,other,0.44842657,2.2636484047653253e-08,0.4022897749703933,0.4856459330143481,stable__bone_marrow_S0,0.9829115293099718,0.43294534,7.326562964872592e-09,0.39155343,0.000103051008154,0.41914785,1.7237417393681112e-06,0.40562004,3.3035216396908082e-09,0.33027995,2.873938407229503e-16,True,0.39155343,True,True,False,1742,0.0561687506989313,supported_candidate,False
cluster_tissue__C0__bone_marrow,bone_marrow,C0,Pspc1,other,-0.4678965,0.0024547459326637,0.163442558231347,0.1244019138755986,stable__bone_marrow_S0,0.9829115293099718,-0.41708454,0.0079168754025937,-0.4836742,0.0112423624723463,-0.39088842,0.0417256291638223,-0.41542843,0.0031059621302639,-0.30183542,0.0001408798750255,True,0.39088842,True,True,False,1742,0.0561687506989313,supported_candidate,False
cluster_tissue__C3__spleen,spleen,C3,Gusb,other,-0.40523708,0.009806313480364,0.1256335988414185,0.0958154086820489,stable__spleen_S0,0.9951118631321676,-0.3908633,0.0122595338675223,-0.4263509,0.0217700144737876,-0.46526182,0.0150091739862179,-0.28329414,0.0439356377599478,-0.15544592,0.1118738807460149,True,0.3908633,True,True,False,2061,0.0575960695787255,supported_candidate,False
cluster_tissue__C3__spleen,spleen,C3,Stk25,other,-0.39685866,0.018670245487109,0.1202027516292535,0.0934689088775905,stable__spleen_S0,0.9951118631321676,-0.39383778,0.0153335137249012,-0.4142312,0.0495090799840038,-0.39031652,0.06764784644989,-0.28273612,0.0783533621393447,-0.15655863,0.0978702391558462,True,0.39031652,True,True,False,2061,0.0575960695787255,supported_candidate,False
cluster_tissue__C0__bone_marrow,bone_marrow,C0,Uvrag,other,-0.39859393,0.0015853548880085,0.2376628503750507,0.1918660287081333,stable__bone_marrow_S0,0.9829115293099718,-0.41480157,0.0007047266123264,-0.44569856,0.0030587353559773,-0.39008537,0.0183467123651752,-0.35211027,0.0020274135701818,-0.37060246,1.0167705168261082e-09,True,0.39008537,True,True,False,1742,0.0561687506989313,supported_candidate,False
cluster_tissue__C3__spleen,spleen,C3,Ube2h,other,-0.3940317,1.536367488029776e-07,0.4322954380883369,0.3633163863902991,stable__spleen_S0,0.9951118631321676,-0.39755937,5.3664162180012324e-08,-0.40358096,5.344138342688461e-06,-0.3886812,1.0048324619807092e-05,-0.38050926,4.165045471466037e-09,-0.2929567,3.053299176387944e-12,True,0.3886812,True,True,False,2061,0.0575960695787255,supported_candidate,False
cluster_tissue__C3__spleen,spleen,C3,Cd52,other,0.38955486,2.999965578034716e-110,0.9992758870383656,0.999608916699322,stable__spleen_S0,0.9951118631321676,0.4003224,2.349922364201148e-116,0.3879208,8.102049259443877e-83,0.39174473,2.4160168876151133e-85,0.36951882,4.701596911042714e-109,0.37258404,2.3839789965717408e-250,True,0.3879208,True,True,False,2061,0.0575960695787255,supported_candidate,True
cluster_tissue__C3__spleen,spleen,C3,Lactb,other,-0.41328695,0.0026033025622173,0.1502534395365666,0.1145874071177155,stable__spleen_S0,0.9951118631321676,-0.4169718,0.0018913611340575,-0.46048248,0.0048186935084828,-0.3878506,0.0159492315671328,-0.33449054,0.0055909304479639,-0.25128204,0.0011144378270003,True,0.3878506,True,True,False,2061,0.0575960695787255,supported_candidate,False
cluster_tissue__C0__bone_marrow,bone_marrow,C0,Ctdsp2,other,-0.41312152,0.0013357275005895,0.2131859455191484,0.1679425837320571,stable__bone_marrow_S0,0.9829115293099718,-0.38749737,0.0025127511765778,-0.47512218,0.0018151787953831,-0.40273666,0.0109294565686875,-0.39753634,0.0003835300248845,-0.29302728,5.554876933539637e-06,True,0.38749737,True,True,False,1742,0.0561687506989313,supported_candidate,False
cluster_tissue__C5-1__spleen,spleen,C5-1,Srsf7,other,-0.4463724,0.0018419420113526,0.8828451882845156,0.8260869565217334,stable__spleen_S2,0.9023972602739726,-0.4907445,0.0012099671420924,-0.47392017,0.0575353010818959,-0.38748944,0.1630687227824003,-0.35201415,3.968091403973027e-20,-0.29907662,1.0804370908175041e-29,True,0.38748944,True,True,False,196,0.143283264804741,supported_candidate,False
cluster_tissue__C0__bone_marrow,bone_marrow,C0,Ncoa3,other,-0.38719672,0.0004203262073024,0.2818791946308741,0.2244019138755968,stable__bone_marrow_S0,0.9829115293099718,-0.40397653,0.0001143129893549,-0.42839724,0.0010590453010361,-0.4039686,0.0014280262753164,-0.36494806,0.0001561644249762,-0.2869975,1.949550866495996e-06,True,0.38719672,True,True,False,1742,0.0561687506989313,supported_candidate,False
cluster_tissue__C3__spleen,spleen,C3,Kmt5a,other,-0.4256131,0.0019555033819326,0.1777697320782027,0.1403989049667572,stable__spleen_S0,0.9951118631321676,-0.41514802,0.0018270158058535,-0.3869489,0.0302622102483054,-0.4632611,0.0026717641550623,-0.41255617,0.000192436360135,-0.4175468,1.403882771529797e-10,True,0.3869489,True,True,False,2061,0.0575960695787255,supported_candidate,False
cluster_tissue__C3__spleen,spleen,C3,Ywhag,other,-0.42196774,0.0027200568706714,0.1683562635771167,0.1329683222526392,stable__spleen_S0,0.9951118631321676,-0.38587642,0.0039604817049518,-0.48156893,0.0036502269004097,-0.40735427,0.0107620385078577,-0.25917467,0.0575728656191581,-0.16844606,0.0477078260621975,True,0.38587642,True,True,False,2061,0.0575960695787255,supported_candidate,False
cluster_tissue__C3__spleen,spleen,C3,Smarcc1,other,-0.45233816,0.0004261831105525,0.1879073135409108,0.1470473210793892,stable__spleen_S0,0.9951118631321676,-0.43516335,0.0007553153945547,-0.4257821,0.0054702212778238,-0.38567033,0.0223864084777466,-0.45306018,3.893373455647821e-05,-0.32478234,6.580708236681051e-07,True,0.38567033,True,True,False,2061,0.0575960695787255,supported_candidate,False
cluster_tissue__C0__bone_marrow,bone_marrow,C0,Uqcr11,respiratory_chain_or_mt,0.41571248,4.731854854667707e-08,0.3920252664824343,0.483732057416262,stable__bone_marrow_S0,0.9829115293099718,0.3853424,1.4255613807583565e-07,0.45726538,2.566721243279511e-07,0.4465328,1.1979090649875745e-07,0.3449329,1.942539719035937e-07,0.33520386,2.1417072330742145e-17,True,0.3853424,True,True,False,1742,0.0561687506989313,supported_candidate,False
cluster_tissue__C3__spleen,spleen,C3,Atp5md,respiratory_chain_or_mt,0.40242335,3.502991805615561e-11,0.5025343953656712,0.5909268674227706,stable__spleen_S0,0.9951118631321676,0.39196968,5.8101651612364536e-11,0.4288877,3.634576447361084e-10,0.38527843,7.781943989670389e-09,0.36084688,8.736966888234227e-12,0.32891017,3.587885747107567e-21,True,0.38527843,True,True,False,2061,0.0575960695787255,supported_candidate,True
cluster_tissue__C0__bone_marrow,bone_marrow,C0,Clip1,other,-0.3845643,0.0012720263597948,0.2649032767469419,0.2200956937799031,stable__bone_marrow_S0,0.9829115293099718,-0.38600463,0.0003967971452072,-0.40510705,0.0057751860571626,-0.4384912,0.0005700765028291,-0.41314775,1.9433233646020647e-05,-0.30834183,1.1961502155195118e-07,True,0.3845643,True,True,False,1742,0.0561687506989313,supported_candidate,False
cluster_tissue__C3__spleen,spleen,C3,Tmem208,other,-0.4595919,1.548308096280718e-08,0.3649529326574906,0.2878373093468893,stable__spleen_S0,0.9951118631321676,-0.43829763,3.950096435529532e-08,-0.3844662,0.0001505298638649,-0.40826443,2.164454180862958e-05,-0.37668446,4.560640225672096e-08,-0.30326054,7.435163563289e-11,True,0.3844662,True,True,False,2061,0.0575960695787255,supported_candidate,False
cluster_tissue__C3__spleen,spleen,C3,Med11,other,0.41081005,0.0114156552389024,0.1002896451846484,0.1302307391474378,stable__spleen_S0,0.9951118631321676,0.38442248,0.0153956171935679,0.40293783,0.054899538551012,0.5032494,0.0042055379371312,0.35127413,0.0081613918505494,0.043200254,0.5939364749099534,True,0.38442248,True,True,False,2061,0.0575960695787255,supported_candidate,False
cluster_tissue__C3__spleen,spleen,C3,D3Ertd751e,other,0.45416832,0.0062605742422965,0.0832729905865313,0.1126319906140003,stable__spleen_S0,0.9951118631321676,0.46390277,0.0041421882236267,0.3842422,0.0849877506610768,0.56539625,0.0028430596649199,0.47144917,0.0006622689353618,0.41429672,4.420919775929123e-06,True,0.3842422,True,True,False,2061,0.0575960695787255,supported_candidate,False
cluster_tissue__C3__spleen,spleen,C3,Arid4a,other,-0.42660835,7.130556084968309e-10,0.4876900796524201,0.4004692999608894,stable__spleen_S0,0.9951118631321676,-0.4401316,6.108100517379596e-11,-0.38258287,4.6460424002464296e-06,-0.44604075,1.74647362889333e-08,-0.46283513,4.529969182768704e-15,-0.43799925,6.071822672497928e-30,True,0.38258287,True,True,False,2061,0.0575960695787255,supported_candidate,False
cluster_tissue__C0__bone_marrow,bone_marrow,C0,Tma7,other,0.38314965,9.812793065036997e-19,0.8223450454006707,0.8980861244019005,stable__bone_marrow_S0,0.9829115293099718,0.4017349,1.650207931997572e-21,0.38242298,3.734000319075628e-15,0.42647076,3.1582748646284945e-18,0.3760283,2.673765038521793e-23,0.34967867,1.830697779833711e-50,True,0.38242298,True,True,False,1742,0.0561687506989313,supported_candidate,True
cluster_tissue__C3__spleen,spleen,C3,Mrpl52,ribosome,0.38298234,4.082269855672278e-09,0.5068790731354033,0.596010950332431,stable__spleen_S0,0.9951118631321676,0.38926563,1.124979775616937e-09,0.38240886,4.976456607979539e-07,0.3973565,5.1543483183876644e-08,0.363819,2.7045548646116576e-10,0.33127055,7.241057532259774e-20,True,0.38240886,True,True,False,2061,0.0575960695787255,supported_candidate,False
cluster_tissue__C0__bone_marrow,bone_marrow,C0,Fam204a,other,0.3867816,2.722423440743299e-05,0.3103039873667606,0.3842105263157853,stable__bone_marrow_S0,0.9829115293099718,0.39520916,5.940251078731789e-06,0.38233775,0.0008095084848565,0.43646267,2.2610555334823163e-05,0.42789787,2.8678732430624416e-08,0.2463656,6.052667339826083e-07,True,0.38233775,True,True,False,1742,0.0561687506989313,supported_candidate,False
cluster_tissue__C3__spleen,spleen,C3,Mrpl57,ribosome,0.41110352,4.775315661105198e-07,0.3233164373642254,0.3992960500586602,stable__spleen_S0,0.9951118631321676,0.38201502,2.1853545263765306e-06,0.48007438,1.3299054548221357e-07,0.46828556,2.889977905720019e-07,0.37277788,9.436449147525236e-08,0.32415923,1.7495480425228662e-14,True,0.38201502,True,True,False,2061,0.0575960695787255,supported_candidate,False
cluster_tissue__C3__spleen,spleen,C3,Actn2,other,0.4550927,0.0066705306345908,0.0785662563359883,0.1067657411028544,stable__spleen_S0,0.9951118631321676,0.44396865,0.0072113862699903,0.38195178,0.0948606840251761,0.5577787,0.0048647401821636,0.49602625,0.0006139186485908,0.40324888,0.000136009493792,True,0.38195178,True,True,False,2061,0.0575960695787255,supported_candidate,False
cluster_tissue__C3__spleen,spleen,C3,Kmt2a,other,-0.41097698,6.331877996105732e-12,0.5713251267197615,0.4915917090340214,stable__spleen_S0,0.9951118631321676,-0.41043103,2.085327995306302e-12,-0.40889657,1.827985919785955e-08,-0.38067544,8.635979488847613e-08,-0.44887045,1.5233215620031286e-17,-0.41420752,1.190867729332338e-30,True,0.38067544,True,True,False,2061,0.0575960695787255,supported_candidate,False
cluster_tissue__C3__spleen,spleen,C3,Rpl41,ribosome,0.40890577,5.304634803336382e-111,0.9938450398262004,0.9988267500978356,stable__spleen_S0,0.9951118631321676,0.4053881,1.2462184337221678e-111,0.39218062,2.7637641254229924e-77,0.37966356,5.4370953581452345e-76,0.4327803,8.209814291313829e-158,0.39760503,4.927576666652693e-302,True,0.37966356,True,True,False,2061,0.0575960695787255,supported_candidate,False
cluster_tissue__C0__bone_marrow,bone_marrow,C0,Rsrp1,other,-0.40560314,7.348351401485981e-13,0.7169364390051064,0.6349282296650631,stable__bone_marrow_S0,0.9829115293099718,-0.43189546,1.1578711092832083e-14,-0.37953272,5.8621901932765604e-08,-0.4055342,8.866707946701198e-09,-0.4098146,1.7208207299114731e-16,-0.3322162,4.5883554417372416e-33,True,0.37953272,True,True,False,1742,0.0561687506989313,supported_candidate,True
cluster_tissue__C0__bone_marrow,bone_marrow,C0,Tuba1a,other,-0.39633894,0.0002812157226735,0.2889853928148457,0.2358851674641133,stable__bone_marrow_S0,0.9829115293099718,-0.40127453,0.0001272776770833,-0.37930748,0.0069150543542337,-0.44158706,0.000214898373246,-0.44539806,7.097032240060524e-07,-0.35733846,1.1142849000207811e-10,True,0.37930748,True,True,False,1742,0.0561687506989313,supported_candidate,False
cluster_tissue__C0__bone_marrow,bone_marrow,C0,Raph1,other,0.42545635,0.0178557040348338,0.0959336754836166,0.1258373205741632,stable__bone_marrow_S0,0.9829115293099718,0.3789676,0.0353123488202908,0.4039935,0.0926734481690076,0.4620143,0.0409242549324026,0.4422374,0.0021303051829637,0.21049993,0.0498899702590462,True,0.3789676,True,True,False,1742,0.0561687506989313,supported_candidate,False
cluster_tissue__C3__spleen,spleen,C3,Lrch3,other,-0.39011008,0.0003043320656202,0.2606806661839221,0.2111849824012504,stable__spleen_S0,0.9951118631321676,-0.37864465,0.0002795373849118,-0.39563662,0.0022836701267212,-0.39856657,0.0012430958584115,-0.35996214,0.0001303512224106,-0.31450462,4.0430475271700576e-08,True,0.37864465,True,True,False,2061,0.0575960695787255,supported_candidate,False
cluster_tissue__C3__spleen,spleen,C3,Bola2,other,0.40056795,3.190648466672329e-07,0.3573497465604596,0.4321470473210769,stable__spleen_S0,0.9951118631321676,0.3968542,2.808652606437832e-07,0.40191624,8.694517553178657e-06,0.37743,4.212586136229784e-05,0.3770238,2.2917620934076533e-08,0.2816891,1.2898130979505559e-11,True,0.37743,True,True,False,2061,0.0575960695787255,supported_candidate,False
cluster_tissue__C3__spleen,spleen,C3,Cox6b1,respiratory_chain_or_mt,0.3835207,1.3256495425264649e-17,0.7494569152787743,0.8314430973797841,stable__spleen_S0,0.9951118631321676,0.37740523,1.2562531840641693e-17,0.3893435,1.83688441136071e-14,0.41228977,1.7685622985426716e-16,0.37077352,4.589404063943275e-22,0.34619012,2.2728856416286932e-45,True,0.37740523,True,True,False,2061,0.0575960695787255,supported_candidate,True
cluster_tissue__C0__bone_marrow,bone_marrow,C0,Galnt11,other,0.39301065,0.0201683854396816,0.122384524279511,0.1545454545454545,stable__bone_marrow_S0,0.9829115293099718,0.37615454,0.0152434618960884,0.4126868,0.0390275905563804,0.39951587,0.0464846660558105,0.35977185,0.0041334850987506,0.34967244,2.0794104494277265e-07,True,0.37615454,True,True,False,1742,0.0561687506989313,supported_candidate,False
cluster_tissue__C0__bone_marrow,bone_marrow,C0,Stk39,other,-0.42581788,0.0034207769991953,0.1808132649032777,0.1406698564593304,stable__bone_marrow_S0,0.9829115293099718,-0.49529883,0.0002017216368586,-0.37583944,0.0570459618125027,-0.37809402,0.0778801646119518,-0.4804472,9.696208013520098e-05,-0.45472515,7.3431503339538665e-09,True,0.37583944,True,True,False,1742,0.0561687506989313,supported_candidate,False
cluster_tissue__C3__spleen,spleen,C3,Mat2a,other,-0.37581152,2.0144480014728905e-05,0.3515568428674835,0.2976143918654657,stable__spleen_S0,0.9951118631321676,-0.39635178,3.855947564458763e-06,-0.43780833,2.700973159495209e-05,-0.38674405,0.0002359322958869,-0.3394794,1.064646566255166e-05,-0.21966307,1.397220520241714e-06,True,0.37581152,True,True,False,2061,0.0575960695787255,supported_candidate,False
cluster_tissue__C0__bone_marrow,bone_marrow,C0,Ndufaf8,respiratory_chain_or_mt,0.3756278,0.0001216617548425,0.2885906040268473,0.3540669856459294,stable__bone_marrow_S0,0.9829115293099718,0.4067625,7.106033445125388e-06,0.39772582,0.0005769050661645,0.42153612,0.0001334684269072,0.4095616,3.882865511607759e-07,0.40314248,4.497461218531957e-18,True,0.3756278,True,True,False,1742,0.0561687506989313,supported_candidate,False
cluster_tissue__C0__bone_marrow,bone_marrow,C0,Zfc3h1,other,-0.3896038,0.0250058008980271,0.1606790367153581,0.1296650717703353,stable__bone_marrow_S0,0.9829115293099718,-0.38881811,0.0222250750718022,-0.42848226,0.0465442749576399,-0.3754405,0.0973486830054605,-0.46218127,0.0007550149886036,-0.35511312,1.037695336734233e-06,True,0.3754405,True,True,False,1742,0.0561687506989313,supported_candidate,False
cluster_tissue__C0__bone_marrow,bone_marrow,C0,Trp53inp1,other,-0.3916379,0.0002381996739572,0.3028030003947906,0.2449760765550223,stable__bone_marrow_S0,0.9829115293099718,-0.39169452,0.0001423370059849,-0.37542233,0.0058480139670092,-0.40171024,0.0017349283748136,-0.33053684,0.000651927557888,-0.30618018,7.586001858405417e-08,True,0.37542233,True,True,False,1742,0.0561687506989313,supported_candidate,False
cluster_tissue__C0__bone_marrow,bone_marrow,C0,Mrpl9,ribosome,-0.40146685,3.2314221698420746e-05,0.3185945519147275,0.2550239234449742,stable__bone_marrow_S0,0.9829115293099718,-0.37531424,0.000103299378344,-0.39065504,0.0013721816070738,-0.43799272,9.13462585114196e-05,-0.3216557,0.0002675606125129,-0.15037361,0.0060371082755555,True,0.37531424,True,True,False,1742,0.0561687506989313,supported_candidate,False
cluster_tissue__C3__spleen,spleen,C3,Rfxap,other,-0.41999695,0.0011511542084407,0.1897175959449658,0.1505670707860767,stable__spleen_S0,0.9951118631321676,-0.39613014,0.0025033632522441,-0.37453187,0.0234466966338607,-0.41906488,0.0090551199150144,-0.4201604,0.0001299413110288,-0.30937308,1.6812289725567505e-06,True,0.37453187,True,True,False,2061,0.0575960695787255,supported_candidate,False
cluster_tissue__C3__spleen,spleen,C3,Cox14,respiratory_chain_or_mt,0.38278726,6.835506493309787e-08,0.4112961622012988,0.4931560422369936,stable__spleen_S0,0.9951118631321676,0.37347513,9.55999469270307e-08,0.3769769,5.463681548785126e-06,0.45012417,4.810131953723929e-09,0.38321164,3.555073722468709e-10,0.2614655,2.0840909833462407e-11,True,0.37347513,True,True,False,2061,0.0575960695787255,supported_candidate,False
cluster_tissue__C3__spleen,spleen,C3,Gm19585,other,0.37282106,8.765492353151865e-08,0.4699493120926811,0.5514274540477163,stable__spleen_S0,0.9951118631321676,0.38819447,1.0734147494864596e-08,0.4320233,2.3108981073786032e-08,0.43824697,8.23116229534448e-09,0.33120555,3.779988538943756e-07,0.28601563,5.016726135030192e-13,True,0.37282106,True,True,False,2061,0.0575960695787255,supported_candidate,False
cluster_tissue__C0__bone_marrow,bone_marrow,C0,Cox17,respiratory_chain_or_mt,0.372755,2.01117497289822e-06,0.427161468614294,0.5129186602870749,stable__bone_marrow_S0,0.9829115293099718,0.38870347,2.1727583476999054e-07,0.4094862,6.278079681497662e-06,0.44937795,2.4102148182626777e-07,0.40905857,4.18458623033738e-10,0.4465607,4.738126374280551e-31,True,0.372755,True,True,False,1742,0.0561687506989313,supported_candidate,True
cluster_tissue__C0__bone_marrow,bone_marrow,C0,Gbp9,other,-0.42541465,0.0005885462207856,0.2652980655349403,0.217224880382774,stable__bone_marrow_S0,0.9829115293099718,-0.3726178,0.0026649172130062,-0.39748573,0.0159995433009136,-0.38252568,0.0101266570310534,-0.38781843,0.0003417592435842,-0.32684284,6.692590111130903e-08,True,0.3726178,True,True,False,1742,0.0561687506989313,supported_candidate,False
cluster_tissue__C0__bone_marrow,bone_marrow,C0,Uqcc2,other,0.37223873,3.301503623456428e-07,0.4350572443742624,0.5153110047846825,stable__bone_marrow_S0,0.9829115293099718,0.37655056,7.472195076425116e-08,0.38476166,6.720498483625113e-06,0.46300974,8.397274993500067e-09,0.38093382,1.7823009634416684e-09,0.28293952,1.3395000182162382e-12,True,0.37223873,True,True,False,1742,0.0561687506989313,supported_candidate,False
cluster_tissue__C0__bone_marrow,bone_marrow,C0,H3f3b,other,0.3719823,1.0284631886021882e-49,0.9877615475719868,0.994736842105248,stable__bone_marrow_S0,0.9829115293099718,0.3930259,8.936893202266654e-55,0.38597453,4.022129005227284e-40,0.409743,1.257653966209173e-44,0.37833065,3.3431483663637667e-59,0.31348985,1.3622230968244437e-95,True,0.3719823,True,True,False,1742,0.0561687506989313,supported_candidate,True
cluster_tissue__C3__spleen,spleen,C3,Ddx60,other,0.4261436,0.0186966865186675,0.0908761766835623,0.1173249902229169,stable__spleen_S0,0.9951118631321676,0.41203895,0.0190258180620645,0.46718568,0.0324027937107214,0.3718823,0.1210808480221365,0.39470503,0.0055360498812925,0.26157743,0.0045459633136363,True,0.3718823,True,True,False,2061,0.0575960695787255,supported_candidate,False
cluster_tissue__C3__spleen,spleen,C3,Gins4,other,-0.4167456,0.0035504601798202,0.1401158580738586,0.1063746578021114,stable__spleen_S0,0.9951118631321676,-0.37162074,0.0107351596081874,-0.4468459,0.0072696010697441,-0.46068475,0.0041021370547347,-0.2829168,0.0480967998272723,-0.23752084,0.0034331183100915,True,0.37162074,True,True,False,2061,0.0575960695787255,supported_candidate,False
cluster_tissue__C3__spleen,spleen,C3,Dbi,other,0.37157023,2.523818183718792e-05,0.2921795800144793,0.3574501368791533,stable__spleen_S0,0.9951118631321676,0.37154236,1.9551905352691887e-05,0.38973218,0.0001505298638649,0.3872707,0.000122790965423,0.34207848,4.944191850571469e-06,0.2514725,3.344218649759435e-08,True,0.37154236,True,True,False,2061,0.0575960695787255,supported_candidate,False
cluster_tissue__C3__spleen,spleen,C3,Rrnad1,other,-0.48214066,0.0045643082373772,0.1151339608978994,0.0852561595619864,stable__spleen_S0,0.9951118631321676,-0.41423672,0.0198467512583793,-0.40175936,0.0677646703074028,-0.3709346,0.0859428620038708,-0.4920905,0.0009250449807275,-0.36463988,0.0005158654274168,True,0.3709346,True,True,False,2061,0.0575960695787255,supported_candidate,False
cluster_tissue__C4__bone_marrow,bone_marrow,C4,Ptpn18,other,0.37077594,0.0055122818090265,0.9631147540983552,0.986547085201796,stable__bone_marrow_S1,0.987152034261242,0.41157746,4.391097106886421e-05,0.42042586,0.0387936716520872,0.4647899,0.0002217084828069,0.24201666,4.1259034896033715e-21,0.2011995,4.891488153626314e-34,True,0.37077594,True,True,False,164,0.0733202144135154,supported_candidate,True
cluster_tissue__C3__spleen,spleen,C3,Anapc13,other,0.40432218,4.2525242486327286e-05,0.2175959449674129,0.2764958936253407,stable__spleen_S0,0.9951118631321676,0.382764,6.494102685642439e-05,0.41030622,0.0007586572639107,0.3706618,0.0016341861886398,0.38555416,3.911268815461546e-06,0.33902493,1.2260499108950915e-10,True,0.3706618,True,True,False,2061,0.0575960695787255,supported_candidate,False
cluster_tissue__C0__bone_marrow,bone_marrow,C0,Fkbp4,other,-0.44000775,8.676585393455679e-07,0.3576786419265714,0.2856459330143517,stable__bone_marrow_S0,0.9829115293099718,-0.42642754,8.659836559770621e-07,-0.37047732,0.0014340291283703,-0.45060617,8.869398465991383e-06,-0.45165056,2.103452807692997e-09,-0.48429134,8.769168343873627e-27,True,0.37047732,True,True,False,1742,0.0561687506989313,supported_candidate,False
cluster_tissue__C5-1__spleen,spleen,C5-1,Rpl41,ribosome,0.41726142,3.199082438881055e-20,0.9958158995815856,0.999999999999991,stable__spleen_S2,0.9023972602739726,0.45399374,2.900642459677995e-21,0.3703264,2.210027488525452e-10,0.42421752,5.154233451789876e-14,0.4327803,8.209814291313829e-158,0.39760503,4.927576666652693e-302,True,0.3703264,True,True,False,196,0.143283264804741,supported_candidate,False
cluster_tissue__C0__bone_marrow,bone_marrow,C0,Hcst,other,0.37030753,4.275314284143307e-28,0.9324911172522152,0.9550239234449616,stable__bone_marrow_S0,0.9829115293099718,0.3973695,1.2196377717333762e-29,0.39145803,8.906272043166601e-23,0.43648106,2.774690584291415e-26,0.40886497,8.24957060924607e-36,0.35952878,5.913048069600413e-70,True,0.37030753,True,True,False,1742,0.0561687506989313,supported_candidate,True
cluster_tissue__C3__spleen,spleen,C3,Cox7a2,respiratory_chain_or_mt,0.38570216,2.1920941738044408e-15,0.675959449674141,0.7567461869378498,stable__spleen_S0,0.9951118631321676,0.3885912,2.666981602959168e-16,0.40466002,1.397298090878872e-13,0.37024623,6.660943457920051e-12,0.3593902,4.16922309554344e-17,0.3509996,2.0726296129764096e-35,True,0.37024623,True,True,False,2061,0.0575960695787255,supported_candidate,True
cluster_tissue__C3__spleen,spleen,C3,Secisbp2,other,-0.42989,0.0008111924943874,0.1886314265025328,0.1474384043801322,stable__spleen_S0,0.9951118631321676,-0.45285335,0.0002346283907583,-0.3692914,0.0306130593755632,-0.45492956,0.0017268085178436,-0.38346097,0.0008514170169877,-0.25066227,0.0008335149397055,True,0.3692914,True,True,False,2061,0.0575960695787255,supported_candidate,False
cluster_tissue__C0__bone_marrow,bone_marrow,C0,Ifi47,other,-0.4368786,2.6401677686486475e-16,0.7627319384129171,0.674162679425828,stable__bone_marrow_S0,0.9829115293099718,-0.42601156,1.4130614189931706e-16,-0.45160374,6.981567506578195e-13,-0.36909685,2.6243956150087302e-09,-0.41935545,2.1428071716347512e-18,-0.364692,1.7892191069102235e-34,True,0.36909685,True,True,False,1742,0.0561687506989313,supported_candidate,True
cluster_tissue__C4__bone_marrow,bone_marrow,C4,Crip1,other,0.4659614,0.0017419338130971,0.9713114754098306,0.9910313901345316,stable__bone_marrow_S1,0.987152034261242,0.36900926,0.0037639368980153,0.47815022,0.0304385940467593,0.39752695,0.0076653978490473,0.4433085,1.0074012135235443e-32,0.2128561,1.0072805959739396e-10,True,0.36900926,True,True,False,164,0.0733202144135154,supported_candidate,True
cluster_tissue__C3__spleen,spleen,C3,Mrpl10,ribosome,0.42306706,0.009328998642226,0.0901520637219403,0.1192804067266322,stable__spleen_S0,0.9951118631321676,0.4152061,0.008481910857475,0.44493657,0.0306130593755632,0.3689985,0.0754264757479502,0.39257258,0.001272687804107,0.2751488,0.0002424510189672,True,0.3689985,True,True,False,2061,0.0575960695787255,supported_candidate,False
cluster_tissue__C0__bone_marrow,bone_marrow,C0,Egr1,other,0.4646607,0.0082300395659082,0.0714567706277144,0.1009569377990433,stable__bone_marrow_S0,0.9829115293099718,0.4040416,0.0121121207726583,0.379227,0.0916192575474528,0.36871848,0.0455927986808507,0.32997033,0.0235558222767662,0.06613117,0.2280274708131824,True,0.36871848,True,True,False,1742,0.0561687506989313,supported_candidate,False
cluster_tissue__C0__bone_marrow,bone_marrow,C0,Mpv17l2,other,0.3686035,0.0176774845048265,0.1334386103434668,0.1684210526315787,stable__bone_marrow_S0,0.9829115293099718,0.38621646,0.0065198964028096,0.40799636,0.0473510036339033,0.43442965,0.0175564393365876,0.35198393,0.0032240233561178,0.26991075,4.831510711275089e-05,True,0.3686035,True,True,False,1742,0.0561687506989313,supported_candidate,False
cluster_tissue__C3__spleen,spleen,C3,Rab11fip2,other,0.44494483,0.0048255531198137,0.0879797248370743,0.118107156824403,stable__spleen_S0,0.9951118631321676,0.47606546,0.0020628446339912,0.44234022,0.0252654385502144,0.36818144,0.0743098876505878,0.37815088,0.0047834520624944,0.35997412,2.3357916508060206e-06,True,0.36818144,True,True,False,2061,0.0575960695787255,supported_candidate,False
cluster_tissue__C0__bone_marrow,bone_marrow,C0,Slc16a6,other,0.39027265,6.987286407488734e-05,0.2617449664429545,0.3287081339712887,stable__bone_marrow_S0,0.9829115293099718,0.36765644,0.0001104017471863,0.44692263,0.0001571292838289,0.37929913,0.0008640117281939,0.39816004,2.3065001257471498e-06,0.22538005,5.343559043709039e-05,True,0.36765644,True,True,False,1742,0.0561687506989313,supported_candidate,False
cluster_tissue__C3__spleen,spleen,C3,Cox10,respiratory_chain_or_mt,0.36764672,0.0011363733481763,0.1788559015206357,0.2244818146265143,stable__spleen_S0,0.9951118631321676,0.3820627,0.0004864703724517,0.39956546,0.0037435710451365,0.3914919,0.003628387753574,0.34648892,0.0003900002566067,0.36992326,7.677119834102284e-09,True,0.36764672,True,True,False,2061,0.0575960695787255,supported_candidate,False
cluster_tissue__C3__spleen,spleen,C3,Ing1,other,-0.3681651,8.697742733525055e-06,0.3562635771180266,0.2968322252639796,stable__spleen_S0,0.9951118631321676,-0.36745438,7.551910689560912e-06,-0.3924689,6.5512533965334e-05,-0.42513317,7.276187214962193e-06,-0.3594861,9.87028892269357e-07,-0.27759,1.9438096321347012e-09,True,0.36745438,True,True,False,2061,0.0575960695787255,supported_candidate,False
cluster_tissue__C3__spleen,spleen,C3,Prpf18,other,-0.48949805,0.0019582737236339,0.1176683562635765,0.0848650762612433,stable__spleen_S0,0.9951118631321676,-0.50160843,0.0011962452848981,-0.3673658,0.0871501377851203,-0.46794966,0.0176427098432807,-0.4078064,0.006136501513463,-0.2474061,0.0075454963352319,True,0.3673658,True,True,False,2061,0.0575960695787255,supported_candidate,False
cluster_tissue__C3__spleen,spleen,C3,Spen,other,-0.38054106,0.0017438811604727,0.2262853005068769,0.1845913179507226,stable__spleen_S0,0.9951118631321676,-0.366633,0.0019782967773857,-0.38470268,0.0083537260291114,-0.37885043,0.007383751588441,-0.3940354,7.371404881232714e-05,-0.30440414,1.8510083097626669e-06,True,0.366633,True,True,False,2061,0.0575960695787255,supported_candidate,False
cluster_tissue__C3__spleen,spleen,C3,Tbc1d10a,other,-0.37764344,0.0139912572685263,0.1578566256335976,0.1278842393429795,stable__spleen_S0,0.9951118631321676,-0.38902327,0.0096084499427738,-0.36616445,0.0526349972173906,-0.4220121,0.0183647348731643,-0.32447442,0.0177575973284934,-0.32109973,9.785474644295542e-05,True,0.36616445,True,True,False,2061,0.0575960695787255,supported_candidate,False
cluster_tissue__C0__bone_marrow,bone_marrow,C0,Snrpg,other,0.39229396,5.354025180746745e-19,0.7887879984208094,0.8569377990430496,stable__bone_marrow_S0,0.9829115293099718,0.40063933,1.2836923955373483e-20,0.37597027,1.5736847349229337e-12,0.36540943,6.238226335871388e-13,0.39398047,1.076702006275268e-24,0.41532955,3.5431437797746535e-73,True,0.36540943,True,True,False,1742,0.0561687506989313,supported_candidate,True
cluster_tissue__C0__bone_marrow,bone_marrow,C0,Rest,other,-0.41530624,6.820830971174695e-05,0.3024082116067921,0.2435406698564577,stable__bone_marrow_S0,0.9829115293099718,-0.40333644,3.825301381326053e-05,-0.36478287,0.0073900505593558,-0.37402183,0.0033617322603138,-0.39797541,5.840873983049288e-06,-0.22699302,2.720474071556233e-05,True,0.36478287,True,True,False,1742,0.0561687506989313,supported_candidate,False
cluster_tissue__C5-1__spleen,spleen,C5-1,Ndufa13,respiratory_chain_or_mt,0.47704268,0.0023908103442249,0.8368200836820057,0.9246376811594128,stable__spleen_S2,0.9023972602739726,0.42459247,0.0059801389799491,0.46929416,0.065926622401334,0.36461526,0.1796011148189956,0.42596987,1.0466425240135063e-31,0.38980582,5.216597149241861e-63,True,0.36461526,True,True,False,196,0.143283264804741,supported_candidate,True
cluster_tissue__C0__bone_marrow,bone_marrow,C0,Fus,other,0.4172605,5.552739072156805e-17,0.7216739044610868,0.8081339712918543,stable__bone_marrow_S0,0.9829115293099718,0.38469183,3.940652255259818e-15,0.37707466,1.170535777605068e-10,0.36419675,9.701043596993744e-11,0.37589818,2.2590890104428116e-17,0.35463494,1.0656039872384536e-39,True,0.36419675,True,True,False,1742,0.0561687506989313,supported_candidate,True
cluster_tissue__C0__bone_marrow,bone_marrow,C0,Ndufa2,respiratory_chain_or_mt,0.36881527,4.200285275936269e-11,0.6541650217133659,0.738277511961712,stable__bone_marrow_S0,0.9829115293099718,0.4211669,3.096728406706234e-15,0.3641794,1.8205895741111263e-08,0.425737,7.751751567011613e-12,0.39709625,1.1538458436129184e-16,0.3871466,3.638919399477928e-39,True,0.3641794,True,True,False,1742,0.0561687506989313,supported_candidate,True
cluster_tissue__C3__spleen,spleen,C3,Ndufa3,respiratory_chain_or_mt,0.36358312,7.697237146687191e-09,0.5003620564808052,0.5799765350019634,stable__spleen_S0,0.9951118631321676,0.3786009,6.534294705784234e-10,0.4185783,3.6357617845250613e-09,0.3953396,1.8475489541121197e-08,0.35365835,1.2145574046965098e-10,0.34258625,7.752355886059593e-22,True,0.36358312,True,True,False,2061,0.0575960695787255,supported_candidate,False
cluster_tissue__C3__spleen,spleen,C3,Rgs14,other,-0.4073906,0.0034523860441233,0.1585807385952196,0.1224090731325767,stable__spleen_S0,0.9951118631321676,-0.38238978,0.0060370462286037,-0.40506172,0.0250658688467487,-0.3634549,0.0394135590071746,-0.41243207,0.0006139186485908,-0.33526567,9.666985112075373e-07,True,0.3634549,True,True,False,2061,0.0575960695787255,supported_candidate,False
cluster_tissue__C3__spleen,spleen,C3,Ube2g1,other,-0.38433945,0.0014870558245893,0.2099927588703819,0.1709034024247156,stable__spleen_S0,0.9951118631321676,-0.3731435,0.0018270158058535,-0.39726594,0.0074953341796027,-0.36286455,0.0155682071960419,-0.3997805,0.0001405664671377,-0.30238056,1.432198231129427e-06,True,0.36286455,True,True,False,2061,0.0575960695787255,supported_candidate,False
cluster_tissue__C3__spleen,spleen,C3,Rnf20,other,-0.418952,3.668148601904759e-05,0.2577842143374341,0.2053187328901045,stable__spleen_S0,0.9951118631321676,-0.41798338,2.4990038324498387e-05,-0.3625611,0.0084826374972783,-0.40068936,0.0009769476803744,-0.42555872,1.65449873853083e-06,-0.30349657,8.778529994003006e-08,True,0.3625611,True,True,False,2061,0.0575960695787255,supported_candidate,False
cluster_tissue__C0__bone_marrow,bone_marrow,C0,Ndufa13,respiratory_chain_or_mt,0.38444683,2.9326775491871536e-20,0.8148440584287017,0.8827751196172118,stable__bone_marrow_S0,0.9829115293099718,0.36595154,1.0695833249639526e-19,0.41329294,1.630464520094951e-17,0.36254972,4.902101766821347e-14,0.3711705,1.131575808948158e-24,0.38980582,5.216597149241861e-63,True,0.36254972,True,True,False,1742,0.0561687506989313,supported_candidate,True
cluster_tissue__C3__spleen,spleen,C3,Golga1,other,-0.3945355,0.0297533128101675,0.1104272266473564,0.0864294094642155,stable__spleen_S0,0.9951118631321676,-0.39592355,0.0260883646747102,-0.39347574,0.0905682975092727,-0.36200726,0.114864958612266,-0.45335534,0.0037426104750641,-0.41413283,1.5286417224944452e-05,True,0.36200726,True,True,False,2061,0.0575960695787255,supported_candidate,False
cluster_tissue__C3__spleen,spleen,C3,Nup50,other,-0.36715668,0.0030588073099117,0.2027516292541618,0.1658193195150559,stable__spleen_S0,0.9951118631321676,-0.3904931,0.0012371635553481,-0.4136951,0.0041688803342907,-0.36189017,0.0171009266725489,-0.33510378,0.0027913882168474,-0.2711931,4.2267845852388335e-05,True,0.36189017,True,True,False,2061,0.0575960695787255,supported_candidate,False
cluster_tissue__C0__bone_marrow,bone_marrow,C0,Gpbp1,other,-0.3828385,4.059468098754119e-06,0.4232135807343097,0.3550239234449724,stable__bone_marrow_S0,0.9829115293099718,-0.36517757,5.947894060979984e-06,-0.3738047,0.0002443422807336,-0.36049792,0.000224595558664,-0.349166,1.0514627777065292e-06,-0.28900066,3.679195297365893e-12,True,0.36049792,True,True,False,1742,0.0561687506989313,supported_candidate,False
cluster_tissue__C0__bone_marrow,bone_marrow,C0,Ndufa5,respiratory_chain_or_mt,0.384377,1.3239052832047335e-06,0.3624161073825525,0.4430622009569326,stable__bone_marrow_S0,0.9829115293099718,0.360171,2.6972017027572007e-06,0.39202562,2.911897361487029e-05,0.3810582,4.486243208347425e-05,0.32830793,2.2634791580937145e-06,0.26682064,9.894871384633556e-11,True,0.360171,True,True,False,1742,0.0561687506989313,supported_candidate,False
cluster_tissue__C3__spleen,spleen,C3,N4bp1,other,-0.360117,0.0174422033129301,0.1524257784214326,0.1228001564333197,stable__spleen_S0,0.9951118631321676,-0.37843734,0.0085088852064173,-0.37372962,0.0519703809761929,-0.36634862,0.0543754407077205,-0.37906617,0.0016624369151907,-0.36442918,3.038762573804796e-07,True,0.360117,True,True,False,2061,0.0575960695787255,supported_candidate,False
cluster_tissue__C0__bone_marrow,bone_marrow,C0,Rspry1,other,-0.3759534,0.0066284213183578,0.2143703118831437,0.1746411483253585,stable__bone_marrow_S0,0.9829115293099718,-0.35993683,0.00835472512197,-0.49255383,0.0014051158767671,-0.41611257,0.0127918096490978,-0.3033868,0.0203894610761675,-0.19881281,0.007013674642376,True,0.35993683,True,True,False,1742,0.0561687506989313,supported_candidate,False
cluster_tissue__C0__bone_marrow,bone_marrow,C0,Tmem258,other,0.35935488,6.723055136754278e-06,0.4307145677062798,0.5143540669856395,stable__bone_marrow_S0,0.9829115293099718,0.3814152,3.181293218953667e-07,0.38394314,3.5505288546117026e-05,0.4536565,6.295970857631039e-08,0.38745943,2.9398534857906027e-09,0.40670407,1.4521461297696843e-28,True,0.35935488,True,True,False,1742,0.0561687506989313,supported_candidate,False
cluster_tissue__C0__bone_marrow,bone_marrow,C0,Kdm5b,other,-0.35913643,0.0018144745461904,0.2581918673509687,0.2105263157894726,stable__bone_marrow_S0,0.9829115293099718,-0.36818045,0.0007522223794314,-0.4129104,0.0026942783994176,-0.39353144,0.0032752415926007,-0.3670819,0.0002074750851106,-0.24281871,6.594591810620741e-05,True,0.35913643,True,True,False,1742,0.0561687506989313,supported_candidate,False
cluster_tissue__C4__spleen,spleen,C4,Rpl37,ribosome,0.42544603,2.0909005279766946e-07,0.984693877551016,0.9999999999999976,stable__spleen_S3,0.9752475247524752,0.378583,3.857469359274536e-07,0.479388,2.668183865495103e-06,0.3590346,0.0045003007112431,0.3002045,5.227820603706942e-99,0.32852536,4.9382829911260943e-238,True,0.3590346,True,True,False,143,0.1634711931257971,supported_candidate,False
cluster_tissue__C3__spleen,spleen,C3,Uqcr11,respiratory_chain_or_mt,0.35988697,4.673599816718848e-06,0.3635047067342466,0.4364489636292505,stable__spleen_S0,0.9951118631321676,0.358147,2.721356337582984e-06,0.36733124,4.99980189310315e-05,0.38926908,5.660408907084325e-06,0.37083253,1.6094390918922894e-08,0.33520386,2.1417072330742145e-17,True,0.358147,True,True,False,2061,0.0575960695787255,supported_candidate,False
cluster_tissue__C0__bone_marrow,bone_marrow,C0,Sdf2,other,-0.4292901,7.837372117414466e-06,0.3359652585866581,0.2698564593301414,stable__bone_marrow_S0,0.9829115293099718,-0.42216665,5.947894060979984e-06,-0.38742176,0.001946197932615,-0.3578667,0.0042201138386241,-0.4190817,2.862737455159431e-07,-0.34238687,8.735234637987248e-13,True,0.3578667,True,True,False,1742,0.0561687506989313,supported_candidate,False
cluster_tissue__C0__bone_marrow,bone_marrow,C0,Magohb,other,0.49511534,0.0021476453990615,0.0892222660876434,0.1248803827751201,stable__bone_marrow_S0,0.9829115293099718,0.39008105,0.0150333837252748,0.55689394,0.005204373751507,0.35731918,0.116479408257999,0.36016497,0.0079761883818318,0.15413338,0.0502828243217524,True,0.35731918,True,True,False,1742,0.0561687506989313,supported_candidate,False
cluster_tissue__C4__bone_marrow,bone_marrow,C4,Atp5e,respiratory_chain_or_mt,0.3570989,0.0023772569574669,0.9508196721311424,0.9506726457399126,stable__bone_marrow_S1,0.987152034261242,0.4772387,4.905903509389423e-07,0.38195935,0.0038622250170235,0.45219508,0.0001374151443803,0.4470264,2.656649528827006e-49,0.38492498,1.702759627363857e-96,True,0.3570989,True,True,False,164,0.0733202144135154,supported_candidate,True
cluster_tissue__C3__spleen,spleen,C3,Fus,other,0.3569855,8.514447150010511e-15,0.7538015930485064,0.8255768478686374,stable__spleen_S0,0.9951118631321676,0.36617824,4.2447747655052756e-16,0.3802465,1.907306429544653e-13,0.44397473,4.419810797709299e-18,0.3259752,5.120554291404581e-15,0.35463494,1.0656039872384536e-39,True,0.3569855,True,True,False,2061,0.0575960695787255,supported_candidate,True
cluster_tissue__C0__bone_marrow,bone_marrow,C0,Cacybp,other,-0.4169673,2.547862758424797e-07,0.4287406237662877,0.3607655502392307,stable__bone_marrow_S0,0.9829115293099718,-0.41925067,8.098578380908248e-08,-0.3635688,0.000630901471639,-0.35662267,0.0004396906805831,-0.45573935,3.614545784897268e-11,-0.5380624,7.608130277508252e-44,True,0.35662267,True,True,False,1742,0.0561687506989313,supported_candidate,True
cluster_tissue__C3__spleen,spleen,C3,Man2a1,other,-0.5047363,0.0006918978442285,0.1354091238233155,0.0985529917872503,stable__spleen_S0,0.9951118631321676,-0.4950413,0.0008143539799469,-0.35639152,0.0657826434408182,-0.35724884,0.1048611772598954,-0.45382884,0.0005961315061355,-0.32150543,0.000191586187476,True,0.35639152,True,True,False,2061,0.0575960695787255,supported_candidate,False
cluster_tissue__C3__spleen,spleen,C3,Txlna,other,-0.37498015,0.0123680135953262,0.1484431571325116,0.118107156824403,stable__spleen_S0,0.9951118631321676,-0.3720197,0.0149080877099128,-0.3988568,0.0258052832937269,-0.355922,0.0685330745508099,-0.3768967,0.0040458049734228,-0.28534514,0.0004756707131335,True,0.355922,True,True,False,2061,0.0575960695787255,supported_candidate,False
cluster_tissue__C0__bone_marrow,bone_marrow,C0,Tmem248,other,0.3831944,0.0057977788078357,0.142913541255429,0.1837320574162674,stable__bone_marrow_S0,0.9829115293099718,0.35580137,0.0121119965003862,0.49804834,0.0015707095012207,0.40588275,0.0185280413163761,0.34581453,0.0046641241246441,0.26206294,0.0002744957532292,True,0.35580137,True,True,False,1742,0.0561687506989313,supported_candidate,False
cluster_tissue__C0__bone_marrow,bone_marrow,C0,Cox7c,respiratory_chain_or_mt,0.35567933,2.5422541994268164e-16,0.7911567311487996,0.8483253588516622,stable__bone_marrow_S0,0.9829115293099718,0.38109204,3.3855778036235297e-19,0.36104825,8.726398525944519e-13,0.3853576,1.9008228105487512e-15,0.41054443,1.1076872292293362e-27,0.38573053,5.709697771009632e-62,True,0.35567933,True,True,False,1742,0.0561687506989313,supported_candidate,True
cluster_tissue__C4__bone_marrow,bone_marrow,C4,Actb,other,0.37581688,6.283888649000686e-08,0.9999999999999942,1.0000000000000024,stable__bone_marrow_S1,0.987152034261242,0.35561064,8.254171751043343e-09,0.4244538,4.818221610182813e-06,0.3866676,4.515002904048644e-07,0.15911445,2.966774754006141e-24,0.15813306,9.67912953214926e-50,True,0.35561064,True,True,False,164,0.0733202144135154,supported_candidate,True
cluster_tissue__C0__bone_marrow,bone_marrow,C0,Arid4a,other,-0.4193581,6.016708572554665e-08,0.4919068298460354,0.4043062200956893,stable__bone_marrow_S0,0.9829115293099718,-0.40102226,1.3983950185975636e-07,-0.43418404,2.7550002307928915e-06,-0.3550548,0.0002632883639078,-0.42912006,8.776501462194072e-11,-0.43799925,6.071822672497928e-30,True,0.3550548,True,True,False,1742,0.0561687506989313,supported_candidate,False
cluster_tissue__C3__spleen,spleen,C3,Hcst,other,0.37824926,7.727458994551152e-31,0.9152787834902132,0.947594837700488,stable__spleen_S0,0.9951118631321676,0.37200758,1.8349652759812015e-31,0.37444672,3.012477428837512e-23,0.355031,6.656041632244688e-22,0.35135114,3.3509537930287176e-31,0.35952878,5.913048069600413e-70,True,0.355031,True,True,False,2061,0.0575960695787255,supported_candidate,True
cluster_tissue__C3__spleen,spleen,C3,Ndufb2,respiratory_chain_or_mt,0.35761175,0.0001645909379022,0.2787834902244722,0.334376222135313,stable__spleen_S0,0.9951118631321676,0.36352715,6.508985270034276e-05,0.4529545,1.7699351197509633e-05,0.35490087,0.0015721032070171,0.3321462,3.992772593592209e-05,0.30041593,4.6310354085217996e-10,True,0.35490087,True,True,False,2061,0.0575960695787255,supported_candidate,False
cluster_tissue__C0__bone_marrow,bone_marrow,C0,Gm42372,other,0.5120837,0.0006421396507929,0.1184366363995268,0.1617224880382773,stable__bone_marrow_S0,0.9829115293099718,0.40963414,0.0066410954819705,0.4090655,0.0733776916464956,0.35458758,0.0885276811221883,0.34038493,0.0183501855329824,0.10696788,0.2206803906467931,True,0.35458758,True,True,False,1742,0.0561687506989313,supported_candidate,False
cluster_tissue__C3__spleen,spleen,C3,Elob,other,0.36303115,1.9415950400391608e-20,0.7914554670528505,0.8474775127102516,stable__spleen_S0,0.9951118631321676,0.35457075,4.723951598417947e-20,0.40204263,1.933749484544447e-18,0.37542215,1.06458854057249e-17,0.37182572,1.610848783282203e-25,0.33469382,4.2237994186590557e-47,True,0.35457075,True,True,False,2061,0.0575960695787255,supported_candidate,True
cluster_tissue__C4__spleen,spleen,C4,Rpl39,ribosome,0.4131135,2.232363080343113e-07,0.9948979591836692,0.9999999999999976,stable__spleen_S3,0.9752475247524752,0.36319026,1.588368013604269e-07,0.36785975,0.0010841805743692,0.35442287,0.0002935085712935,0.33538502,1.7420292864743216e-120,0.32848302,4.956032648111409e-261,True,0.35442287,True,True,False,143,0.1634711931257971,supported_candidate,False
cluster_tissue__C3__spleen,spleen,C3,Runx3,other,-0.353828,3.785220058335549e-07,0.4952932657494512,0.4352757137270214,stable__spleen_S0,0.9951118631321676,-0.35434586,2.741715762587425e-07,-0.37072197,9.436333831354718e-06,-0.37275055,8.309860201173803e-06,-0.34204888,2.4317934601528394e-08,-0.21104643,1.5352515010809888e-07,True,0.353828,True,True,False,2061,0.0575960695787255,supported_candidate,False
cluster_tissue__C5-1__spleen,spleen,C5-1,Rpl35,ribosome,0.38861245,1.2285332142458496e-08,0.9958158995815856,0.9971014492753534,stable__spleen_S2,0.9023972602739726,0.3963034,6.2887183944692244e-09,0.35338104,9.016963620841569e-05,0.38593692,1.005250482938211e-05,0.4990737,8.962821013465895e-66,0.47097915,1.4228298385880277e-147,True,0.35338104,True,True,False,196,0.143283264804741,supported_candidate,False
cluster_tissue__C3__spleen,spleen,C3,Chmp2b,other,-0.37637758,0.0187822395221909,0.1498913830557556,0.1220179898318336,stable__spleen_S0,0.9951118631321676,-0.3555636,0.0251026506009744,-0.41212884,0.0404662830531378,-0.3529339,0.0957711680170394,-0.36040616,0.0075073146189133,-0.21260537,0.0120119660893834,True,0.3529339,True,True,False,2061,0.0575960695787255,supported_candidate,False
cluster_tissue__C4__bone_marrow,bone_marrow,C4,H2afz,other,-0.4573016,0.0029637680945159,0.9877049180327812,0.9417040358744416,stable__bone_marrow_S1,0.987152034261242,-0.3763645,0.0111654226778738,-0.5282976,0.0069269551284429,-0.35257006,0.1649199897635441,-0.24480893,8.458957330756412e-06,-0.22600636,4.2928502797095385e-15,True,0.35257006,True,True,False,164,0.0733202144135154,supported_candidate,False
cluster_tissue__C3__spleen,spleen,C3,Tomm6,other,0.36752012,6.472782469590221e-12,0.6270818247646558,0.7094251075479333,stable__spleen_S0,0.9951118631321676,0.35218266,2.7204346104812894e-11,0.41784358,3.3980309546377048e-12,0.37521228,4.729375656677961e-10,0.3480964,5.018504888694845e-13,0.35970306,9.516707863142448e-33,True,0.35218266,True,True,False,2061,0.0575960695787255,supported_candidate,True
cluster_tissue__C3__spleen,spleen,C3,Ppp1cc,other,-0.35094476,2.911186285426343e-08,0.5521361332367785,0.4802502933124728,stable__spleen_S0,0.9951118631321676,-0.36953655,2.1295467165134038e-09,-0.35127422,4.405397126816719e-06,-0.36251068,1.1439958028586229e-06,-0.34116003,4.042245327928568e-10,-0.21766466,4.912374461362252e-10,True,0.35094476,True,True,False,2061,0.0575960695787255,supported_candidate,False
cluster_tissue__C0__bone_marrow,bone_marrow,C0,Ndufs6,respiratory_chain_or_mt,0.3712118,5.829445629270053e-06,0.354520331622584,0.4291866028708084,stable__bone_marrow_S0,0.9829115293099718,0.38070408,7.422647743138602e-07,0.3848257,0.000103051008154,0.35090762,0.0001643162465606,0.40085524,5.044256737481512e-09,0.4137883,2.972762592818067e-24,True,0.35090762,True,True,False,1742,0.0561687506989313,supported_candidate,False
cluster_tissue__C3__spleen,spleen,C3,Tarbp2,other,-0.455976,0.0171202829016994,0.1100651701665454,0.0848650762612433,stable__spleen_S0,0.9951118631321676,-0.44102907,0.0133606164765398,-0.5369579,0.0200991955185452,-0.35082743,0.1265138266502163,-0.23572722,0.1998991603199314,-0.10858655,0.4538890582074275,True,0.35082743,True,True,False,2061,0.0575960695787255,supported_candidate,False
cluster_tissue__C0__bone_marrow,bone_marrow,C0,Sec61g,other,0.35063237,4.414523796671608e-09,0.6431109356494116,0.7229665071770233,stable__bone_marrow_S0,0.9829115293099718,0.38112393,1.3651948017940056e-11,0.37817273,4.551496242099092e-08,0.42080757,6.880508231641318e-11,0.40374437,1.273299074696434e-15,0.3898663,1.1421317807019359e-39,True,0.35063237,True,True,False,1742,0.0561687506989313,supported_candidate,True
cluster_tissue__C0__bone_marrow,bone_marrow,C0,Dnajc19,heat_shock,0.35039365,4.925085377448712e-05,0.3296486379786834,0.4033492822966462,stable__bone_marrow_S0,0.9829115293099718,0.3561141,1.8846156350768302e-05,0.42957443,1.3783359180145438e-05,0.44787383,1.961549312782663e-06,0.31232896,3.851224130207679e-05,0.26144394,1.1821227619907102e-09,True,0.35039365,True,True,False,1742,0.0561687506989313,supported_candidate,False
cluster_tissue__C0__bone_marrow,bone_marrow,C0,Kmt5a,other,-0.3799587,0.0203074362767998,0.1910777733912367,0.1578947368421052,stable__bone_marrow_S0,0.9829115293099718,-0.3499796,0.0169476566595931,-0.47142223,0.0086061566500755,-0.41898593,0.0094658257067301,-0.36236635,0.0040565191981395,-0.4175468,1.403882771529797e-10,True,0.3499796,True,True,False,1742,0.0561687506989313,supported_candidate,False
cluster_tissue__C3__spleen,spleen,C3,9130401M01Rik,other,-0.34970018,0.0398479930377622,0.1440984793627796,0.1192804067266322,stable__spleen_S0,0.9951118631321676,-0.37641582,0.0196363071905132,-0.3620734,0.0719115541986167,-0.3798543,0.055897616837282,-0.28431752,0.0840847605081703,-0.09479315,0.5723493679875841,True,0.34970018,True,True,False,2061,0.0575960695787255,supported_candidate,False
cluster_tissue__C0__bone_marrow,bone_marrow,C0,Cdk12,other,-0.41272518,3.8556260399596675e-08,0.4686142913541284,0.3889952153110005,stable__bone_marrow_S0,0.9829115293099718,-0.39007163,7.625469761688924e-08,-0.45460638,2.8488744548963084e-07,-0.34894514,0.0001914979929273,-0.40818536,4.1485651329906606e-10,-0.2563028,2.6405582413599954e-10,True,0.34894514,True,True,False,1742,0.0561687506989313,supported_candidate,False
cluster_tissue__C3__spleen,spleen,C3,Nsmce1,other,0.40546438,4.595635473348516e-05,0.248732802317159,0.3019163081736393,stable__spleen_S0,0.9951118631321676,0.3796301,0.0001205452403951,0.4314698,0.0002513920090209,0.34834105,0.0059619782499208,0.3300378,0.0002517079807972,0.24658199,1.986551057180912e-06,True,0.34834105,True,True,False,2061,0.0575960695787255,supported_candidate,False
cluster_tissue__C3__spleen,spleen,C3,Akirin2,other,-0.44016656,3.928639926658063e-06,0.2925416364952903,0.2307391474384031,stable__spleen_S0,0.9951118631321676,-0.45173633,1.1927631494235443e-06,-0.34822127,0.00668132355729,-0.44310787,8.490429242480399e-05,-0.44025394,8.961049162427281e-08,-0.32708353,1.825181307542029e-10,True,0.34822127,True,True,False,2061,0.0575960695787255,supported_candidate,False
cluster_tissue__C0__bone_marrow,bone_marrow,C0,Cenpb,other,0.34820205,0.0018421717515272,0.2341097512830648,0.2856459330143517,stable__bone_marrow_S0,0.9829115293099718,0.35555583,0.0008387199797701,0.35729003,0.0090757456358038,0.35945025,0.0100414619472955,0.3513324,0.0001663255419935,0.34104592,1.7263998297426538e-10,True,0.34820205,True,True,False,1742,0.0561687506989313,supported_candidate,False
cluster_tissue__C0__bone_marrow,bone_marrow,C0,Snhg8,other,0.38589892,1.4783459588557883e-05,0.313462297670748,0.3894736842105221,stable__bone_marrow_S0,0.9829115293099718,0.37887847,1.0732326964970767e-05,0.348195,0.0014274521804868,0.4050058,5.829351595265934e-05,0.38039663,3.805254010839217e-07,0.30998436,6.472036064943802e-13,True,0.348195,True,True,False,1742,0.0561687506989313,supported_candidate,False
cluster_tissue__C3__spleen,spleen,C3,Dpm3,other,0.3520152,5.6943311870479074e-05,0.3262128892107134,0.3828705514274519,stable__spleen_S0,0.9951118631321676,0.34796542,4.952057296086294e-05,0.37512398,0.0002721647413994,0.37577474,0.0001473530795823,0.4022027,1.1383161364193372e-08,0.4183133,1.3948584086603337e-23,True,0.34796542,True,True,False,2061,0.0575960695787255,supported_candidate,False
cluster_tissue__C3__spleen,spleen,C3,Ndufv3,respiratory_chain_or_mt,0.347866,2.4715011947486583e-09,0.5582910934105655,0.6335549472037697,stable__spleen_S0,0.9951118631321676,0.35390145,1.1398174144425426e-09,0.38146612,7.735171714055292e-09,0.37299103,7.045830658992018e-09,0.3638597,7.042951825598902e-13,0.35481265,1.453080848498661e-26,True,0.347866,True,True,False,2061,0.0575960695787255,supported_candidate,True
cluster_tissue__C3__spleen,spleen,C3,Fam76b,other,-0.38973707,0.0030383984848464,0.1864590876176668,0.1493938208838475,stable__spleen_S0,0.9951118631321676,-0.36666292,0.0050394949025671,-0.34720325,0.0459072079069193,-0.43461582,0.0034278628865513,-0.34186786,0.0036780683935557,-0.26150677,0.0002705313395732,True,0.34720325,True,True,False,2061,0.0575960695787255,supported_candidate,False
cluster_tissue__C0__bone_marrow,bone_marrow,C0,Kdm2b,other,0.41037133,0.0045838601376849,0.1306750888274779,0.1708133971291863,stable__bone_marrow_S0,0.9829115293099718,0.38377258,0.0080240066983588,0.34716508,0.0603883751466925,0.44995588,0.0127267222829119,0.33556828,0.0061664194166141,0.23376288,0.0001188853802278,True,0.34716508,True,True,False,1742,0.0561687506989313,supported_candidate,False
cluster_tissue__C3__spleen,spleen,C3,Tuba1a,other,-0.4010201,0.001312708644705,0.2146994931209249,0.1748142354321462,stable__spleen_S0,0.9951118631321676,-0.39583403,0.001094623152486,-0.3474889,0.0384481772871074,-0.3465492,0.0346786514793345,-0.31201833,0.0038532054461373,-0.35733846,1.1142849000207811e-10,True,0.3465492,True,True,False,2061,0.0575960695787255,supported_candidate,False
cluster_tissue__C4__spleen,spleen,C4,Rpl41,ribosome,0.395252,7.004605749433841e-09,0.9948979591836692,0.9999999999999976,stable__spleen_S3,0.9752475247524752,0.4010027,1.110458826181903e-11,0.34653845,0.0008693639330936,0.36078796,1.8024574233922605e-05,0.4327803,8.209814291313829e-158,0.39760503,4.927576666652693e-302,True,0.34653845,True,True,False,143,0.1634711931257971,supported_candidate,False
cluster_tissue__C3__spleen,spleen,C3,Cox7c,respiratory_chain_or_mt,0.3833862,1.0053007309105569e-19,0.7824040550325755,0.8506061791161965,stable__spleen_S0,0.9951118631321676,0.37845585,1.3403610022013497e-19,0.38379815,3.1275610791959118e-15,0.346497,7.126194574241052e-13,0.39080006,3.3689650847969613e-26,0.38573053,5.709697771009632e-62,True,0.346497,True,True,False,2061,0.0575960695787255,supported_candidate,True
cluster_tissue__C0__bone_marrow,bone_marrow,C0,Cd52,other,0.34607655,5.805964851271463e-85,0.9992104224239396,0.9999999999999848,stable__bone_marrow_S0,0.9829115293099718,0.3695142,2.183989502430108e-90,0.3686764,8.224910727356732e-71,0.40345907,1.3527806627428523e-77,0.40228155,1.8979929500859278e-112,0.37258404,2.3839789965717408e-250,True,0.34607655,True,True,False,1742,0.0561687506989313,supported_candidate,True
cluster_tissue__C3__spleen,spleen,C3,Hmgn2,other,0.37190112,1.430974605924087e-05,0.3207820419985484,0.3844348846304241,stable__spleen_S0,0.9951118631321676,0.3589756,2.730528315805208e-05,0.34594452,0.0013076897857349,0.37593356,0.0001717113847975,0.31239066,0.0001258479924017,0.25755376,1.9626343039431635e-07,True,0.34594452,True,True,False,2061,0.0575960695787255,supported_candidate,False
cluster_tissue__C0__bone_marrow,bone_marrow,C0,Ubxn4,other,-0.43222502,6.508375409474411e-09,0.4938807737860275,0.4057416267942538,stable__bone_marrow_S0,0.9829115293099718,-0.3747099,3.0466425522014535e-07,-0.352347,0.0002173090878638,-0.34589335,0.0001506565295351,-0.40439394,2.1406657004290502e-10,-0.50048053,2.52491696348832e-40,True,0.34589335,True,True,False,1742,0.0561687506989313,supported_candidate,False
cluster_tissue__C3__spleen,spleen,C3,Tmem203,other,0.3575022,0.0149222341613892,0.1002896451846484,0.1298396558466947,stable__spleen_S0,0.9951118631321676,0.3649069,0.0104001836719496,0.34573632,0.0690642982407273,0.42348427,0.0196791154802291,0.26142386,0.0354949507057542,0.27254844,9.477728176601084e-05,True,0.34573632,True,True,False,2061,0.0575960695787255,supported_candidate,False
cluster_tissue__C3__spleen,spleen,C3,Terf2ip,other,-0.34572864,0.0274193827174735,0.1386676321506146,0.1118498240125142,stable__spleen_S0,0.9951118631321676,-0.3541066,0.0217426714348652,-0.35641548,0.0612356883588078,-0.37941638,0.04439633702276,-0.33422878,0.0160869135171003,-0.27635232,0.000460341904297,True,0.34572864,True,True,False,2061,0.0575960695787255,supported_candidate,False
cluster_tissue__C3__spleen,spleen,C3,Romo1,other,0.38232297,2.112082292603391e-06,0.3580738595220816,0.4301916308173616,stable__spleen_S0,0.9951118631321676,0.3942139,4.980099157413692e-07,0.3892221,3.505574332011471e-05,0.3455163,0.0003241415743145,0.3880107,1.1482279365443496e-08,0.41302907,1.2824544110808653e-22,True,0.3455163,True,True,False,2061,0.0575960695787255,supported_candidate,False
cluster_tissue__C0__bone_marrow,bone_marrow,C0,Romo1,other,0.38641068,2.561926365614038e-06,0.3509672325305982,0.4325358851674591,stable__bone_marrow_S0,0.9829115293099718,0.3779838,2.225891345973092e-06,0.34492803,0.0008088585869043,0.41680282,1.2415698658336158e-05,0.4091689,1.0905927356455345e-08,0.41302907,1.2824544110808653e-22,True,0.34492803,True,True,False,1742,0.0561687506989313,supported_candidate,False
cluster_tissue__C3__spleen,spleen,C3,Upf3a,other,-0.36798486,0.0071744570031535,0.1777697320782027,0.1443097379741878,stable__spleen_S0,0.9951118631321676,-0.3890461,0.0030560604640916,-0.34485817,0.0449535141464359,-0.3783755,0.0245452185149894,-0.33067748,0.0103160767237552,-0.32921922,6.70284633475396e-06,True,0.34485817,True,True,False,2061,0.0575960695787255,supported_candidate,False
cluster_tissue__C3__spleen,spleen,C3,Atp5j2,respiratory_chain_or_mt,0.34465238,1.4327211167516697e-14,0.7610427226647264,0.8318341806805272,stable__spleen_S0,0.9951118631321676,0.34853792,4.571417919596895e-15,0.41314334,1.8018528575055423e-16,0.35567138,2.295628274919312e-12,0.344955,5.469926624861134e-18,0.32749146,4.081071474836032e-36,True,0.34465238,True,True,False,2061,0.0575960695787255,supported_candidate,True
cluster_tissue__C3__spleen,spleen,C3,Ndufa1,respiratory_chain_or_mt,0.36962005,8.3937051327555e-08,0.4366401158580689,0.5138834571763776,stable__spleen_S0,0.9951118631321676,0.36688468,5.81557694575392e-08,0.34464264,2.4137998259298967e-05,0.36729154,2.4154242284794643e-06,0.38272974,1.4183753211758786e-10,0.34667704,4.8200685339135456e-21,True,0.34464264,True,True,False,2061,0.0575960695787255,supported_candidate,False
cluster_tissue__C0__bone_marrow,bone_marrow,C0,Pvr,other,0.34794047,0.0305974273665481,0.1362021318594558,0.1698564593301432,stable__bone_marrow_S0,0.9829115293099718,0.34440547,0.0238949387724046,0.43883702,0.0215727521238498,0.40958142,0.0357996782159035,0.30068287,0.0333533599669756,0.06933557,0.4296421187525533,True,0.34440547,True,True,False,1742,0.0561687506989313,supported_candidate,False
cluster_tissue__C0__bone_marrow,bone_marrow,C0,Btla,other,0.3518275,0.01268035553221,0.1535728385313864,0.1923444976076548,stable__bone_marrow_S0,0.9829115293099718,0.38182122,0.0024687824651407,0.3443346,0.0622468009376832,0.44200364,0.0040513907042768,0.3608894,0.0024185691803467,0.24352036,0.0007679520326878,True,0.3443346,True,True,False,1742,0.0561687506989313,supported_candidate,False
cluster_tissue__C5-2__bone_marrow,bone_marrow,C5-2,Tmsb10,other,0.34734744,0.0003274139077652,0.9999999999999988,0.989583333333332,stable__bone_marrow_S3,1.0,0.34419176,0.0002498760153042,0.38633472,0.0725819429724503,0.41133246,0.0386079835102478,0.4827511,7.344498905290614e-244,0.48103377,0.0,True,0.34419176,True,True,False,56,0.0699690113284383,supported_candidate,True
cluster_tissue__C0__bone_marrow,bone_marrow,C0,Samsn1,other,0.35136566,0.0002114225308687,0.297670746150811,0.3636363636363598,stable__bone_marrow_S0,0.9829115293099718,0.35784745,6.728406990483905e-05,0.34394425,0.0035119162347976,0.39997607,0.0001319089311408,0.30867246,0.0002698187721494,0.2206671,1.1974367552293496e-05,True,0.34394425,True,True,False,1742,0.0561687506989313,supported_candidate,False
cluster_tissue__C0__bone_marrow,bone_marrow,C0,Parp14,other,-0.39529765,0.0001139585899546,0.3489932885906061,0.293301435406696,stable__bone_marrow_S0,0.9829115293099718,-0.37290254,0.0002007621360564,-0.34392592,0.0110930072703151,-0.34646347,0.0095500186535544,-0.3501566,8.626314716922994e-05,-0.22108667,3.899989935644503e-05,True,0.34392592,True,True,False,1742,0.0561687506989313,supported_candidate,False
cluster_tissue__C3__spleen,spleen,C3,Ndufa4,respiratory_chain_or_mt,0.3437635,2.634858991192193e-20,0.8569876900796418,0.9108330074306356,stable__spleen_S0,0.9951118631321676,0.35492483,2.6517445862192747e-22,0.3866536,2.4614040670823897e-19,0.3786494,1.697844994651383e-19,0.33770534,1.2099560329698396e-24,0.3137113,3.1510715015147017e-50,True,0.3437635,True,True,False,2061,0.0575960695787255,supported_candidate,True
cluster_tissue__C3__spleen,spleen,C3,Ndufb4,respiratory_chain_or_mt,0.34365973,6.684937848063755e-06,0.3870383779869617,0.4509190457567436,stable__spleen_S0,0.9951118631321676,0.35667872,1.9561889241599046e-06,0.40664592,1.1370626160651157e-06,0.4092276,1.1858949505602088e-06,0.3909438,1.0746384526436912e-09,0.40943375,4.309045134630952e-25,True,0.34365973,True,True,False,2061,0.0575960695787255,supported_candidate,False
cluster_tissue__C0__bone_marrow,bone_marrow,C0,Vps37a,other,-0.4261226,0.0052401494439243,0.1480457954994085,0.1110047846889955,stable__bone_marrow_S0,0.9829115293099718,-0.43209177,0.0057696117188722,-0.3434914,0.0836340997419133,-0.45357776,0.0136593262298319,-0.42562598,0.001747420622906,-0.4242568,6.2180636957162734e-09,True,0.3434914,True,True,False,1742,0.0561687506989313,supported_candidate,False
cluster_tissue__C3__spleen,spleen,C3,Enpp4,other,-0.37588105,0.0475915117562045,0.1100651701665454,0.0876026593664447,stable__spleen_S0,0.9951118631321676,-0.39040747,0.0342348824087026,-0.44422156,0.0478907979310702,-0.34329227,0.1486362721037155,-0.3200438,0.0743344160485816,-0.35275054,0.0002223512354303,True,0.34329227,True,True,False,2061,0.0575960695787255,supported_candidate,False
cluster_tissue__C0__bone_marrow,bone_marrow,C0,Cox7a2,respiratory_chain_or_mt,0.34310558,1.4957133584013536e-09,0.6837741808132435,0.7698564593301325,stable__bone_marrow_S0,0.9829115293099718,0.34937802,2.212284468644026e-10,0.3798936,3.0447447868646443e-09,0.376973,5.1977704402697744e-09,0.36228028,1.607183798405902e-13,0.3509996,2.0726296129764096e-35,True,0.34310558,True,True,False,1742,0.0561687506989313,supported_candidate,True
cluster_tissue__C0__bone_marrow,bone_marrow,C0,Rpl41,ribosome,0.3653104,1.0727287002280838e-79,0.995262534543956,0.9985645933014202,stable__bone_marrow_S0,0.9829115293099718,0.36724892,3.538102067946381e-81,0.34309733,7.783496798863461e-51,0.35674873,3.275949081559243e-51,0.36243817,4.79148677237223e-99,0.39760503,4.927576666652693e-302,True,0.34309733,True,True,False,1742,0.0561687506989313,supported_candidate,False
cluster_tissue__C4__bone_marrow,bone_marrow,C4,Hspa8,heat_shock,-0.45375383,6.679035573746056e-05,0.9959016393442566,0.9775784753363252,stable__bone_marrow_S1,0.987152034261242,-0.37364244,3.2299624527252135e-05,-0.45613882,0.0027557231459515,-0.34303278,0.0030702221662174,-0.47001836,1.7395642807821128e-84,-0.53561807,2.2834761775262686e-266,True,0.34303278,True,True,False,164,0.0733202144135154,supported_candidate,True
cluster_tissue__C3__spleen,spleen,C3,Rexo2,other,-0.3849495,5.867486833548499e-05,0.3124547429398954,0.2604614782948754,stable__spleen_S0,0.9951118631321676,-0.3905312,3.110255963865755e-05,-0.3429458,0.0053776296548429,-0.43158445,6.201102115282073e-05,-0.24281332,0.0040353396815738,-0.21853855,2.3897906449474723e-06,True,0.3429458,True,True,False,2061,0.0575960695787255,supported_candidate,False
cluster_tissue__C0__bone_marrow,bone_marrow,C0,Igtp,other,-0.3684569,1.0152468404857451e-05,0.4765100671140969,0.4148325358851628,stable__bone_marrow_S0,0.9829115293099718,-0.34286234,2.0396941367550625e-05,-0.37244764,0.0002750314628691,-0.350135,0.0003658648253384,-0.31448674,1.8086415348085646e-05,-0.2572808,1.4984255778138592e-08,True,0.34286234,True,True,False,1742,0.0561687506989313,supported_candidate,False
cluster_tissue__C3__spleen,spleen,C3,Cep350,other,-0.3750189,0.0001897898972529,0.2997827661115103,0.2491200625733268,stable__spleen_S0,0.9951118631321676,-0.3810519,9.86100423494088e-05,-0.34236422,0.0061881791664181,-0.41289064,0.0002958721413486,-0.4010293,2.698172041008429e-06,-0.3275465,5.415073655627534e-10,True,0.34236422,True,True,False,2061,0.0575960695787255,supported_candidate,False
cluster_tissue__C0__bone_marrow,bone_marrow,C0,Ivns1abp,other,-0.3844251,0.0066284213183578,0.2048953809711815,0.166028708133971,stable__bone_marrow_S0,0.9829115293099718,-0.34231877,0.0174572875503976,-0.41112268,0.0232077549514802,-0.36768582,0.0389188350966939,-0.29349676,0.0194712180539097,-0.24539047,0.0002316782932405,True,0.34231877,True,True,False,1742,0.0561687506989313,supported_candidate,False
cluster_tissue__C3__spleen,spleen,C3,Rab22a,other,-0.34994414,0.0123800751880346,0.1777697320782027,0.1450919045756739,stable__spleen_S0,0.9951118631321676,-0.3419167,0.0166324318928551,-0.40520144,0.0133158769322262,-0.37031713,0.034443596072074,-0.26128983,0.054841980187421,-0.19126587,0.0108713810177347,True,0.3419167,True,True,False,2061,0.0575960695787255,supported_candidate,False
cluster_tissue__C3__spleen,spleen,C3,Nol12,other,-0.42229372,0.0007156820050262,0.1864590876176668,0.145482987876417,stable__spleen_S0,0.9951118631321676,-0.43107805,0.000310386617395,-0.34107947,0.0496160939514665,-0.37272227,0.0161086258003609,-0.31381643,0.0060653103324199,-0.23497565,0.0011429361904689,True,0.34107947,True,True,False,2061,0.0575960695787255,supported_candidate,False
cluster_tissue__C3__spleen,spleen,C3,Sf3a3,other,-0.3447476,0.0006982735907766,0.2729905865314962,0.2272193977317156,stable__spleen_S0,0.9951118631321676,-0.34068143,0.000453719287466,-0.35155317,0.0047239635111303,-0.37584212,0.001310465213673,-0.2361355,0.0116469023753329,-0.18888038,0.0018613961269606,True,0.34068143,True,True,False,2061,0.0575960695787255,supported_candidate,False
cluster_tissue__C0__bone_marrow,bone_marrow,C0,Klf3,other,-0.38121638,0.0003227150234377,0.3201737070667212,0.2655502392344477,stable__bone_marrow_S0,0.9829115293099718,-0.39092734,0.0001355714049593,-0.3404008,0.0099791622269107,-0.38920543,0.0017730323395282,-0.42965364,4.950542548117104e-07,-0.18878937,4.0605261321479255e-05,True,0.3404008,True,True,False,1742,0.0561687506989313,supported_candidate,False
cluster_tissue__C3__spleen,spleen,C3,Nop10,other,0.34008178,3.0181833021138896e-11,0.666908037653866,0.7371920219006942,stable__spleen_S0,0.9951118631321676,0.34905308,6.026439644520688e-12,0.35299936,8.746836637781206e-10,0.38191673,3.4724885134486727e-11,0.33706534,3.4993148567044855e-14,0.3231364,1.2061139562952926e-28,True,0.34008178,True,True,False,2061,0.0575960695787255,supported_candidate,True
cluster_tissue__C0__bone_marrow,bone_marrow,C0,Rragc,other,-0.38081253,0.0246649483860091,0.1752862218712997,0.143062200956938,stable__bone_marrow_S0,0.9829115293099718,-0.33954522,0.0498804962075293,-0.38341475,0.0850210730222393,-0.41847116,0.0343513363778824,-0.331249,0.0190047911189395,-0.20849158,0.0127531288140222,True,0.33954522,True,True,False,1742,0.0561687506989313,supported_candidate,False
cluster_tissue__C3__spleen,spleen,C3,Atp5l,respiratory_chain_or_mt,0.35050783,5.369436670353215e-18,0.8117306299782666,0.869769260852609,stable__spleen_S0,0.9951118631321676,0.33929133,6.060052991122812e-17,0.3681128,3.694833639397104e-16,0.34118003,5.168142920043376e-14,0.31649017,3.8874293358171085e-18,0.30067176,6.291585289828129e-38,True,0.33929133,True,True,False,2061,0.0575960695787255,supported_candidate,True
cluster_tissue__C3__spleen,spleen,C3,Prpf4b,other,-0.47200605,4.6057785503207e-15,0.5829109341057136,0.4978490418459103,stable__spleen_S0,0.9951118631321676,-0.46688095,3.0909941322561317e-15,-0.40149835,3.5188430345158344e-08,-0.33921072,6.92753761789122e-06,-0.46914205,4.3136800467591393e-19,-0.41303927,3.189974737152313e-33,True,0.33921072,True,True,False,2061,0.0575960695787255,supported_candidate,True
cluster_tissue__C3__spleen,spleen,C3,Trappc13,other,-0.44905666,0.0226320960104965,0.1046343229543804,0.0809542432538127,stable__spleen_S0,0.9951118631321676,-0.45054674,0.0166939451426416,-0.4372666,0.078515710041236,-0.33855215,0.2113830477093441,-0.42474934,0.0119566945053962,-0.24238054,0.0407842399876059,True,0.33855215,True,True,False,2061,0.0575960695787255,supported_candidate,False
cluster_tissue__C3__spleen,spleen,C3,Qk,other,-0.38252893,0.0188078350548627,0.1422881969587246,0.1138052405162294,stable__spleen_S0,0.9951118631321676,-0.37746346,0.0194141422214036,-0.3544641,0.095316512776438,-0.3381462,0.1095468622359473,-0.3441001,0.0128246781653175,-0.2864666,0.0003315056385416,True,0.3381462,True,True,False,2061,0.0575960695787255,supported_candidate,False
cluster_tissue__C3__spleen,spleen,C3,Map11,other,-0.38610137,0.0091414598230892,0.1455467052860236,0.1149784904184586,stable__spleen_S0,0.9951118631321676,-0.37205487,0.0123100344177252,-0.3943054,0.0305214988679987,-0.33776492,0.091709189447307,-0.3463285,0.0101788895484443,-0.2339848,0.0054672494307577,True,0.33776492,True,True,False,2061,0.0575960695787255,supported_candidate,False
cluster_tissue__C3__spleen,spleen,C3,Galnt11,other,0.37216675,0.0133889698282364,0.1234612599565525,0.1548689870942503,stable__spleen_S0,0.9951118631321676,0.34156388,0.0270922294308239,0.40253595,0.0412718516002238,0.33731696,0.1074665874785839,0.39684522,0.0005233143920957,0.34967244,2.0794104494277265e-07,True,0.33731696,True,True,False,2061,0.0575960695787255,supported_candidate,False
cluster_tissue__C3__spleen,spleen,C3,Tmsb15b2,other,0.3816944,0.0080221923558758,0.1245474293989855,0.1587798201016809,stable__spleen_S0,0.9951118631321676,0.33695403,0.0220265304591311,0.3652208,0.0612720833417544,0.339222,0.0642340265316149,0.28119662,0.0328195320219275,0.18831584,0.0198809734641951,True,0.33695403,True,True,False,2061,0.0575960695787255,supported_candidate,False
cluster_tissue__C3__spleen,spleen,C3,Med29,other,0.34542537,0.001782095031139,0.1864590876176668,0.2315213140398893,stable__spleen_S0,0.9951118631321676,0.336636,0.0019173317027643,0.43899295,0.0006583697795032,0.36944973,0.0043148812621815,0.27691394,0.0046259064786168,0.14631388,0.0275631770293227,True,0.336636,True,True,False,2061,0.0575960695787255,supported_candidate,False
cluster_tissue__C0__bone_marrow,bone_marrow,C0,Ier2,other,0.421545,8.626918044159203e-08,0.4469009080142151,0.5210526315789408,stable__bone_marrow_S0,0.9829115293099718,0.44764617,2.172413857266124e-09,0.33581635,0.0010375124759159,0.4418987,4.919721794418597e-07,0.43492872,8.451139504464727e-11,0.19848412,1.5204042457161402e-06,True,0.33581635,True,True,False,1742,0.0561687506989313,supported_candidate,True
cluster_tissue__C3__spleen,spleen,C3,Krtcap2,other,0.333623,2.505994247664793e-10,0.664373642288189,0.7391474384044098,stable__spleen_S0,0.9951118631321676,0.3375374,1.473775149676435e-10,0.36668506,8.054049486859264e-10,0.36389512,5.348574272202611e-10,0.31785607,1.3775753926110191e-11,0.25222605,9.791036304467051e-17,True,0.333623,True,True,False,2061,0.0575960695787255,supported_candidate,True
cluster_tissue__C5-1__spleen,spleen,C5-1,Rps26,ribosome,0.3640115,2.8693397387765176e-10,0.9999999999999956,0.999999999999991,stable__spleen_S2,0.9023972602739726,0.3617272,5.145995425804916e-10,0.36858383,5.408633745057704e-07,0.33346394,1.075037074017635e-06,0.31433848,6.272174667618836e-59,0.29826385,3.585928056595056e-117,True,0.33346394,True,True,False,196,0.143283264804741,supported_candidate,False
cluster_tissue__C3__spleen,spleen,C3,Ccnd2,other,-0.38240993,9.935515493756277e-23,0.898624185372907,0.8494329292139672,stable__spleen_S0,0.9951118631321676,-0.3651323,3.297563485540444e-22,-0.39023656,1.6452154978440004e-17,-0.3331205,2.2764774537648508e-14,-0.36489996,7.505291813004926e-25,-0.3189416,5.9389298326204876e-46,True,0.3331205,True,True,False,2061,0.0575960695787255,supported_candidate,True
cluster_tissue__C3__bone_marrow,bone_marrow,C3,Cd52,other,0.33236882,0.0183571858374378,0.9999999999999978,0.9999999999999972,stable__bone_marrow_S0,0.9971509971509972,0.3695142,2.183989502430108e-90,0.47335023,0.0670907562010819,0.40345907,1.3527806627428523e-77,0.40228155,1.8979929500859278e-112,0.37258404,2.3839789965717408e-250,True,0.33236882,True,True,False,96,0.118021645167863,supported_candidate,True
cluster_tissue__C0__bone_marrow,bone_marrow,C0,Eci1,other,-0.45016244,0.0016033473640862,0.1796288985392824,0.1382775119617227,stable__bone_marrow_S0,0.9829115293099718,-0.38018507,0.0087285402962069,-0.41856602,0.0253386741907016,-0.33233562,0.0889522533921607,-0.36229372,0.0020391750307149,-0.27990723,9.477728176601084e-05,True,0.33233562,True,True,False,1742,0.0561687506989313,supported_candidate,False
cluster_tissue__C3__spleen,spleen,C3,Arpp19,other,0.3351727,5.39388838397119e-07,0.4811730629978221,0.5557293703558905,stable__spleen_S0,0.9951118631321676,0.35017517,1.2175235287075966e-07,0.3319223,2.33333338992976e-05,0.3578008,2.055057732756895e-06,0.3658011,3.555073722468709e-10,0.3464495,2.0814320813621744e-22,True,0.3319223,True,True,False,2061,0.0575960695787255,supported_candidate,False
cluster_tissue__C0__bone_marrow,bone_marrow,C0,Supt4a,other,-0.35607663,2.487690048848752e-12,0.7035136202131619,0.654066985645924,stable__bone_marrow_S0,0.9829115293099718,-0.3318535,1.3746178325701692e-11,-0.38978463,1.7605636487702952e-10,-0.35539502,2.119424476700565e-09,-0.31321344,3.361303460997377e-12,-0.15655977,2.6431106196133888e-08,True,0.3318535,True,True,False,1742,0.0561687506989313,supported_candidate,False
cluster_tissue__C3__spleen,spleen,C3,Mrps25,ribosome,-0.4668505,8.151428764303795e-05,0.2146994931209249,0.1693390692217434,stable__spleen_S0,0.9951118631321676,-0.47151342,3.449250761603055e-05,-0.3318034,0.0647962073879012,-0.420438,0.0043902633646484,-0.5106458,7.582940448922404e-08,-0.49557287,9.017185489316582e-17,True,0.3318034,True,True,False,2061,0.0575960695787255,supported_candidate,False
cluster_tissue__C0__bone_marrow,bone_marrow,C0,Ifitm10,other,0.33358118,0.000544788160006,0.2834583497828678,0.3459330143540635,stable__bone_marrow_S0,0.9829115293099718,0.3548978,9.215175948493548e-05,0.35912275,0.0032802197154541,0.33178434,0.0042783975065739,0.37507907,3.181187837436131e-06,0.35035905,1.986248931695566e-12,True,0.33178434,True,True,False,1742,0.0561687506989313,supported_candidate,False
cluster_tissue__C3__spleen,spleen,C3,Polb,other,-0.42976102,0.0025674250038257,0.1491672700941336,0.1149784904184586,stable__spleen_S0,0.9951118631321676,-0.43925008,0.0013163776763384,-0.33147278,0.0903081655571043,-0.45447713,0.0060904175380023,-0.36505648,0.004033017477474,-0.36192977,3.817569971772381e-06,True,0.33147278,True,True,False,2061,0.0575960695787255,supported_candidate,False
cluster_tissue__C3__spleen,spleen,C3,Rpl37a,ribosome,0.35581675,8.382869803202312e-155,0.9992758870383656,0.9992178333985788,stable__spleen_S0,0.9951118631321676,0.3581361,4.5368077123421e-158,0.33139613,2.4829333375487717e-104,0.33140278,5.51094557286119e-109,0.35831416,4.0155157404954703e-190,0.3578034,0.0,True,0.33139613,True,True,False,2061,0.0575960695787255,supported_candidate,False
cluster_tissue__C4__bone_marrow,bone_marrow,C4,Ly6e,other,0.33098298,0.0131743337120131,0.9836065573770436,0.995515695067267,stable__bone_marrow_S1,0.987152034261242,0.43397024,5.258313018186472e-06,0.38403326,0.0062639207992703,0.47317567,2.257613114660276e-05,0.14215054,2.1745395329439275e-09,0.09403267,1.8697517986045573e-09,True,0.33098298,True,True,False,164,0.0733202144135154,supported_candidate,False
cluster_tissue__C0__bone_marrow,bone_marrow,C0,Gimap7,other,-0.4319601,9.470508695447532e-17,0.8207658902486772,0.7473684210526209,stable__bone_marrow_S0,0.9829115293099718,-0.41290694,1.8598703165453887e-16,-0.35746405,7.869306150189325e-08,-0.33083525,1.1979090649875745e-07,-0.45329008,4.018704985077977e-20,-0.3959547,9.1689675938831e-33,True,0.33083525,True,True,False,1742,0.0561687506989313,supported_candidate,True
cluster_tissue__C3__spleen,spleen,C3,Pttg1ip,other,-0.3349807,0.0197559737302682,0.1694424330195497,0.1392256550645281,stable__spleen_S0,0.9951118631321676,-0.35428715,0.0104779553653206,-0.353144,0.0436793865123546,-0.3305282,0.0669339279145051,-0.29483303,0.0249499714814689,-0.2182815,0.0051768906113527,True,0.3305282,True,True,False,2061,0.0575960695787255,supported_candidate,False
cluster_tissue__C0__bone_marrow,bone_marrow,C0,Glipr1,other,-0.4240656,5.534865435435359e-05,0.3020134228187937,0.2411483253588501,stable__bone_marrow_S0,0.9829115293099718,-0.39165628,0.0001317446376969,-0.33028403,0.0270651811120684,-0.33594763,0.012417721403577,-0.34682027,0.0002675606125129,-0.30929822,2.381874088396206e-08,True,0.33028403,True,True,False,1742,0.0561687506989313,supported_candidate,False
cluster_tissue__C3__spleen,spleen,C3,Scaper,other,-0.49968448,0.0004689250906713,0.1484431571325116,0.110676574110285,stable__spleen_S0,0.9951118631321676,-0.4678683,0.0008548247972323,-0.462864,0.0077664628503778,-0.33025974,0.0767874748296083,-0.4506438,0.0003161382233264,-0.43582532,3.266547480152717e-09,True,0.33025974,True,True,False,2061,0.0575960695787255,supported_candidate,False
cluster_tissue__C3__spleen,spleen,C3,Slfn1,other,-0.37469968,2.6465048499034536e-05,0.3167994207096274,0.257723895189674,stable__spleen_S0,0.9951118631321676,-0.3840737,1.289003571258684e-05,-0.37977046,0.0003565360964077,-0.33023056,0.0029640106843834,-0.2786751,0.0001504667512171,-0.3049404,4.869264480755448e-13,True,0.33023056,True,True,False,2061,0.0575960695787255,supported_candidate,False
cluster_tissue__C3__spleen,spleen,C3,Fmc1,other,0.35101157,0.0094903509106792,0.1317885590152055,0.166601486116542,stable__spleen_S0,0.9951118631321676,0.33002272,0.0146361574826044,0.40147865,0.0224826815557289,0.41862607,0.0106743761564391,0.34467652,0.0008246042561515,0.29714182,3.875497103819419e-06,True,0.33002272,True,True,False,2061,0.0575960695787255,supported_candidate,False
cluster_tissue__C3__spleen,spleen,C3,Mtln,other,0.34828603,0.0064105985430964,0.1698044895003607,0.208447399296049,stable__spleen_S0,0.9951118631321676,0.33465692,0.0061235953448516,0.34823978,0.0324242490606642,0.32985842,0.0293639301587677,0.33236617,0.0009477240366673,0.35883328,1.4042669936840553e-08,True,0.32985842,True,True,False,2061,0.0575960695787255,supported_candidate,False
cluster_tissue__C3__spleen,spleen,C3,Atp5e,respiratory_chain_or_mt,0.33544102,5.3863262687505655e-28,0.9138305575669692,0.9429018380915708,stable__spleen_S0,0.9951118631321676,0.3297613,5.082145668315971e-28,0.36399162,4.393192358901232e-24,0.33201274,1.4483054599435685e-22,0.35473588,2.1189633943519228e-38,0.38492498,1.702759627363857e-96,True,0.3297613,True,True,False,2061,0.0575960695787255,supported_candidate,True
cluster_tissue__C3__spleen,spleen,C3,H3f3b,other,0.32935995,1.231227430876205e-39,0.9829833454018704,0.9933515838874322,stable__spleen_S0,0.9951118631321676,0.32968834,5.981124401119063e-41,0.3627281,3.095053265829982e-36,0.35416847,8.834577702562989e-36,0.30841476,3.4884778555697266e-44,0.31348985,1.3622230968244437e-95,True,0.32935995,True,True,False,2061,0.0575960695787255,supported_candidate,True
cluster_tissue__C3__spleen,spleen,C3,St13,other,-0.44395626,2.615818867524045e-08,0.3812454742939857,0.3113023073914727,stable__spleen_S0,0.9951118631321676,-0.41471308,1.2061148008354774e-07,-0.39337328,7.897985757464243e-05,-0.32931376,0.0013739579730533,-0.42475268,1.0995043322576235e-09,-0.32663602,1.303835619494753e-13,True,0.32931376,True,True,False,2061,0.0575960695787255,supported_candidate,False
cluster_tissue__C3__spleen,spleen,C3,Trim28,other,-0.44018927,0.0006813528363715,0.1745112237509037,0.1329683222526392,stable__spleen_S0,0.9951118631321676,-0.43129504,0.0007279371317695,-0.32921433,0.0690642982407273,-0.3536296,0.040993206589233,-0.3383126,0.007366511319129,-0.18369332,0.0236741177268301,True,0.32921433,True,True,False,2061,0.0575960695787255,supported_candidate,False
cluster_tissue__C3__spleen,spleen,C3,Nop53,other,-0.3289954,2.6433343951147666e-08,0.6187545257060028,0.5463433711380559,stable__spleen_S0,0.9951118631321676,-0.33352605,1.3791418587807715e-08,-0.38070995,6.45474761529843e-08,-0.36251858,4.3040074300275284e-07,-0.3264721,9.461315319060188e-11,-0.27648744,5.578929247023245e-19,True,0.3289954,True,True,False,2061,0.0575960695787255,supported_candidate,False
cluster_tissue__C0__bone_marrow,bone_marrow,C0,BE692007,other,-0.3288187,0.0301085073886543,0.1962100276352162,0.1617224880382773,stable__bone_marrow_S0,0.9829115293099718,-0.44361383,0.001263440405441,-0.395991,0.02087264121656,-0.41690454,0.017343348884843,-0.4256476,0.0005387376046507,-0.15742858,0.0469144985339066,True,0.3288187,True,True,False,1742,0.0561687506989313,supported_candidate,False
cluster_tissue__C3__spleen,spleen,C3,Ppp4r2,other,-0.36364657,2.411322246464096e-07,0.4380883417813129,0.3801329683222505,stable__spleen_S0,0.9951118631321676,-0.33375973,1.668130593182556e-06,-0.33732063,7.905227965459403e-05,-0.32860085,0.00015138113804,-0.35431662,7.632034812007482e-09,-0.33906493,5.411995642985305e-19,True,0.32860085,True,True,False,2061,0.0575960695787255,supported_candidate,False
cluster_tissue__C0__bone_marrow,bone_marrow,C0,Acin1,other,-0.388411,1.8972593278493263e-10,0.644690090801405,0.5641148325358778,stable__bone_marrow_S0,0.9829115293099718,-0.36130044,5.960058977826787e-10,-0.3638269,1.361373935844371e-06,-0.32849726,7.429743652487987e-06,-0.35084322,3.894848230319348e-11,-0.24459586,1.9371063266105628e-15,True,0.32849726,True,True,False,1742,0.0561687506989313,supported_candidate,False
cluster_tissue__C3__spleen,spleen,C3,Fgd3,other,-0.43828744,0.0083421875946646,0.1245474293989855,0.0950332420805628,stable__spleen_S0,0.9951118631321676,-0.39935642,0.0162826343664421,-0.4753554,0.0176128368492195,-0.32849044,0.1334910078610936,-0.40227848,0.0069132951180964,-0.28799456,0.0010669813067851,True,0.32849044,True,True,False,2061,0.0575960695787255,supported_candidate,False
cluster_tissue__C0__bone_marrow,bone_marrow,C0,Stip1,other,-0.48055437,6.231880353080803e-05,0.2491117252270049,0.1918660287081333,stable__bone_marrow_S0,0.9829115293099718,-0.43558025,0.0001948901694994,-0.47261858,0.0010899854237529,-0.3282149,0.0436416154003716,-0.41901702,9.549988004352612e-05,-0.574706,1.0953289027698747e-24,True,0.3282149,True,True,False,1742,0.0561687506989313,supported_candidate,False
cluster_tissue__C0__bone_marrow,bone_marrow,C0,Cox5b,respiratory_chain_or_mt,0.32781234,2.195456191165911e-09,0.6979865771811847,0.7722488038277401,stable__bone_marrow_S0,0.9829115293099718,0.33113268,4.4725461575623324e-10,0.3906847,9.81418099379888e-10,0.3981388,9.477684942164422e-11,0.3174442,9.153349365403804e-12,0.34580725,2.1355739632987218e-33,True,0.32781234,True,True,False,1742,0.0561687506989313,supported_candidate,True
cluster_tissue__C3__spleen,spleen,C3,Zfp622,other,-0.34050706,0.0002144943935518,0.3178855901520604,0.2671098944075074,stable__spleen_S0,0.9951118631321676,-0.32775408,0.0003273408211658,-0.34898812,0.002421421224072,-0.33773774,0.0032281670490559,-0.34003615,1.812773030735936e-05,-0.23464853,6.637046620140155e-06,True,0.32775408,True,True,False,2061,0.0575960695787255,supported_candidate,False
cluster_tissue__C0__bone_marrow,bone_marrow,C0,Ice1,other,-0.4205587,0.0049490160127796,0.1879194630872493,0.1497607655502393,stable__bone_marrow_S0,0.9829115293099718,-0.3430506,0.015119393292074,-0.44330323,0.013858286970285,-0.32738048,0.0602990358811478,-0.37478924,0.0019862525299762,-0.270117,0.000160362940184,True,0.32738048,True,True,False,1742,0.0561687506989313,supported_candidate,False
cluster_tissue__C0__bone_marrow,bone_marrow,C0,Smc3,other,-0.3462117,2.48297896109878e-05,0.4725621792341127,0.4076555023923399,stable__bone_marrow_S0,0.9829115293099718,-0.38484895,8.897875663427377e-07,-0.3328448,0.0011470681089937,-0.3272244,0.0014006032141293,-0.3972847,3.171900811338567e-09,-0.3604397,7.800836078187098e-20,True,0.3272244,True,True,False,1742,0.0561687506989313,supported_candidate,False
cluster_tissue__C0__bone_marrow,bone_marrow,C0,Ndufa3,respiratory_chain_or_mt,0.35919127,3.5351194428376017e-07,0.4954599289380212,0.5712918660287006,stable__bone_marrow_S0,0.9829115293099718,0.32709786,1.6128438663652122e-06,0.41458738,3.846281816710471e-07,0.43264455,2.4768811295438763e-08,0.3257693,1.478081707290425e-07,0.34258625,7.752355886059593e-22,True,0.32709786,True,True,False,1742,0.0561687506989313,supported_candidate,False
cluster_tissue__C4__bone_marrow,bone_marrow,C4,Hcst,other,0.32667333,0.0333652446578311,0.9508196721311424,0.9686098654708544,stable__bone_marrow_S1,0.987152034261242,0.5244613,3.935510271809362e-05,0.48286322,0.0053054066747992,0.5077043,0.0024961624528671,0.40886497,8.24957060924607e-36,0.35952878,5.913048069600413e-70,True,0.32667333,True,True,False,164,0.0733202144135154,supported_candidate,True
cluster_tissue__C3__spleen,spleen,C3,Cmip,other,-0.32591718,0.0303305046523109,0.1650977552498177,0.1368791552600697,stable__spleen_S0,0.9951118631321676,-0.3671429,0.0095956176064851,-0.37601116,0.038614068609878,-0.43592998,0.008053245053009,-0.32209876,0.012939823817035,-0.24352431,0.0017736611028884,True,0.32591718,True,True,False,2061,0.0575960695787255,supported_candidate,False
cluster_tissue__C0__bone_marrow,bone_marrow,C0,Slfn2,other,-0.3846876,1.1363849066903102e-14,0.8231346229766674,0.7507177033492716,stable__bone_marrow_S0,0.9829115293099718,-0.37832102,6.3224869017187895e-15,-0.32543856,5.4123969123878193e-08,-0.39416036,7.491084908908363e-12,-0.3566062,1.0468807201023283e-16,-0.25612214,4.592248231686618e-20,True,0.32543856,True,True,False,1742,0.0561687506989313,supported_candidate,True
cluster_tissue__C0__bone_marrow,bone_marrow,C0,Lsm7,other,0.3605261,0.0003793365359961,0.2424003158310317,0.3014354066985619,stable__bone_marrow_S0,0.9829115293099718,0.32508138,0.0008656400986685,0.508335,1.048944576552378e-05,0.42565858,0.0001692861484667,0.33843574,5.495327564134163e-05,0.2617298,5.4862287089037894e-08,True,0.32508138,True,True,False,1742,0.0561687506989313,supported_candidate,False
cluster_tissue__C3__spleen,spleen,C3,Vps37a,other,-0.4356756,0.0011363733481763,0.1603910209992746,0.1220179898318336,stable__spleen_S0,0.9951118631321676,-0.43779382,0.0008606748693688,-0.3527635,0.0537757219284461,-0.32470977,0.0735572028022565,-0.43351817,0.0002235332088721,-0.4242568,6.2180636957162734e-09,True,0.32470977,True,True,False,2061,0.0575960695787255,supported_candidate,False
cluster_tissue__C3__spleen,spleen,C3,Gmip,other,-0.3493851,0.0010118995879789,0.2509051412020251,0.2080563159953059,stable__spleen_S0,0.9951118631321676,-0.35463455,0.0005045030454963,-0.32465506,0.0206278105218311,-0.38357365,0.001599708775024,-0.3003965,0.0017618880944554,-0.120180875,0.1195988798591732,True,0.32465506,True,True,False,2061,0.0575960695787255,supported_candidate,False
cluster_tissue__C0__bone_marrow,bone_marrow,C0,Hnrnpul2,other,-0.36689502,3.591818838930844e-06,0.4603237268061615,0.387559808612436,stable__bone_marrow_S0,0.9829115293099718,-0.37708634,5.567056455499172e-07,-0.3601076,0.0003714459027768,-0.3239106,0.0010954929862128,-0.36859965,2.8094364690767187e-08,-0.26754647,1.0922623319015107e-10,True,0.3239106,True,True,False,1742,0.0561687506989313,supported_candidate,False
cluster_tissue__C3__spleen,spleen,C3,Rps21,ribosome,0.34585464,3.0220291355649013e-138,0.9985517740767434,1.000000000000065,stable__spleen_S0,0.9951118631321676,0.35901952,1.3250894747907805e-142,0.32366043,2.3185216957509356e-91,0.3242718,5.455458892667088e-91,0.37136027,1.93675916455478e-192,0.36888307,0.0,True,0.32366043,True,True,False,2061,0.0575960695787255,supported_candidate,False
cluster_tissue__C3__spleen,spleen,C3,Cct3,other,-0.33784643,3.313423292374175e-05,0.4044170890658898,0.3437622213531463,stable__spleen_S0,0.9951118631321676,-0.3574593,6.0607496012803096e-06,-0.3236587,0.0013340496573047,-0.37297595,0.0001132122655013,-0.30294713,5.961970783404359e-06,-0.2322884,7.871602098011505e-08,True,0.3236587,True,True,False,2061,0.0575960695787255,supported_candidate,False
cluster_tissue__C0__bone_marrow,bone_marrow,C0,Cd40lg,other,0.36062962,0.0063327881632812,0.1685748124753265,0.2105263157894726,stable__bone_marrow_S0,0.9829115293099718,0.32334602,0.0124039345615143,0.3446757,0.0468902920155853,0.40344593,0.0084456816073266,0.31769872,0.0051828964141486,0.29491633,6.876825035931165e-07,True,0.32334602,True,True,False,1742,0.0561687506989313,supported_candidate,False
cluster_tissue__C3__spleen,spleen,C3,Snx3,other,-0.3581685,2.292011892573529e-09,0.5575669804489435,0.4876808760265909,stable__spleen_S0,0.9951118631321676,-0.33674577,1.6688650932452976e-08,-0.36625397,2.688415679504915e-07,-0.32274085,5.68093605083532e-06,-0.33890027,3.997615594457201e-11,-0.2907212,5.911208110014834e-19,True,0.32274085,True,True,False,2061,0.0575960695787255,supported_candidate,False
cluster_tissue__C0__bone_marrow,bone_marrow,C0,Bhlhe40,other,0.3223224,0.0020841922401818,0.2601658112909608,0.3157894736842076,stable__bone_marrow_S0,0.9829115293099718,0.33951008,0.000635414780162,0.3652802,0.0032802197154541,0.38691,0.0011446501193133,0.35734895,7.0352146537243e-05,0.17166193,0.0046655964713414,True,0.3223224,True,True,False,1742,0.0561687506989313,supported_candidate,False
cluster_tissue__C0__bone_marrow,bone_marrow,C0,Cops9,other,0.35446295,1.959292304414236e-05,0.38807737860245,0.47368421052631,stable__bone_marrow_S0,0.9829115293099718,0.3299837,5.976430313398359e-05,0.32201287,0.0018338059550447,0.36204326,0.000188289770474,0.34210134,1.6022670882191051e-06,0.35474345,3.1009395026512946e-18,True,0.32201287,True,True,False,1742,0.0561687506989313,supported_candidate,False
cluster_tissue__C3__bone_marrow,bone_marrow,C3,Rpl37a,ribosome,0.35567534,1.1394703476638471e-05,0.9999999999999978,0.9999999999999972,stable__bone_marrow_S0,0.9971509971509972,0.34047842,1.4762133960673615e-114,0.38576514,0.0017994955316978,0.3218722,3.581865063831552e-75,0.33141747,1.7390118144039144e-129,0.3578034,0.0,True,0.3218722,True,True,False,96,0.118021645167863,supported_candidate,False
cluster_tissue__C3__spleen,spleen,C3,Ankrd12,other,-0.35844564,1.783028044638293e-07,0.5148443157132453,0.4614782948768061,stable__spleen_S0,0.9951118631321676,-0.3743921,2.3930564628538004e-08,-0.32179564,8.468037539318082e-05,-0.32384142,0.0001009924789481,-0.40117154,1.0938009860989963e-11,-0.3133376,2.9839777838875125e-15,True,0.32179564,True,True,False,2061,0.0575960695787255,supported_candidate,False
cluster_tissue__C0__bone_marrow,bone_marrow,C0,Ddx3x,other,0.34700698,0.0003346556362916,0.2716146861429151,0.3267942583732026,stable__bone_marrow_S0,0.9829115293099718,0.34143066,0.0002562309966418,0.3217866,0.006966884293212,0.3762915,0.0009331258763214,0.30549014,0.0003479258287269,0.19525832,9.291548828009526e-05,True,0.3217866,True,True,False,1742,0.0561687506989313,supported_candidate,False
cluster_tissue__C5-1__spleen,spleen,C5-1,Rps21,ribosome,0.37572792,3.199082438881055e-20,0.9999999999999956,0.999999999999991,stable__spleen_S2,0.9023972602739726,0.35044548,9.28059212270916e-20,0.39399642,1.4267872945229413e-14,0.32148787,2.338251895916074e-13,0.37136027,1.93675916455478e-192,0.36888307,0.0,True,0.32148787,True,True,False,196,0.143283264804741,supported_candidate,False
cluster_tissue__C0__bone_marrow,bone_marrow,C0,Ndufv3,respiratory_chain_or_mt,0.32116944,4.91725894199596e-07,0.5819186735096645,0.6559808612440101,stable__bone_marrow_S0,0.9829115293099718,0.37165186,4.5515302951433954e-10,0.39302957,5.0463203723793394e-08,0.45180342,1.4647140959917632e-11,0.34389064,5.42199492777976e-10,0.35481265,1.453080848498661e-26,True,0.32116944,True,True,False,1742,0.0561687506989313,supported_candidate,True
cluster_tissue__C0__bone_marrow,bone_marrow,C0,Polr2k,other,0.35407212,0.0002812157226735,0.269640742202923,0.3277511961722457,stable__bone_marrow_S0,0.9829115293099718,0.31968504,0.0005566936023957,0.47107643,1.6350715677896365e-05,0.4070989,0.0001506565295351,0.3400835,2.650361725852613e-05,0.4170312,2.19104308998015e-19,True,0.31968504,True,True,False,1742,0.0561687506989313,supported_candidate,False
cluster_tissue__C0__bone_marrow,bone_marrow,C0,Hddc2,other,0.36194712,0.002974707204131,0.1772601658112919,0.2244019138755968,stable__bone_marrow_S0,0.9829115293099718,0.3188357,0.0057440640326793,0.3302278,0.0587207493735278,0.36911407,0.0108587084714487,0.2859293,0.0063732817068878,0.32577807,3.1564843496705684e-08,True,0.3188357,True,True,False,1742,0.0561687506989313,supported_candidate,False
cluster_tissue__C0__bone_marrow,bone_marrow,C0,Ubl5,other,0.3187517,4.614939897433014e-12,0.7666798262929008,0.8220095693779784,stable__bone_marrow_S0,0.9829115293099718,0.32251534,3.824576598104059e-13,0.3556867,1.4806038559569527e-11,0.32950148,1.5262091516837363e-10,0.31914166,1.8018986844999543e-15,0.34595624,1.7530020103043888e-44,True,0.3187517,True,True,False,1742,0.0561687506989313,supported_candidate,True
cluster_tissue__C3__spleen,spleen,C3,C87436,other,0.3303565,0.0177917789477517,0.1404779145546696,0.1732499022291739,stable__spleen_S0,0.9951118631321676,0.32791057,0.0130480749228662,0.31855673,0.0843364505048268,0.45021325,0.0024983114642027,0.32336253,0.0024765298328613,0.23828873,0.0005847215316207,True,0.31855673,True,True,False,2061,0.0575960695787255,supported_candidate,False
cluster_tissue__C3__spleen,spleen,C3,Dbndd2,other,-0.37663925,0.0172910930613038,0.1448225923244016,0.1169339069221739,stable__spleen_S0,0.9951118631321676,-0.37252626,0.01656875894439,-0.36739206,0.0857980849392073,-0.3184896,0.1600532062257005,-0.43938303,0.0011008301642723,-0.26248592,0.0061346442319392,True,0.3184896,True,True,False,2061,0.0575960695787255,supported_candidate,False
cluster_tissue__C0__bone_marrow,bone_marrow,C0,Ep300,other,-0.3514426,0.0021124129651775,0.2893801816028442,0.2430622009569362,stable__bone_marrow_S0,0.9829115293099718,-0.34121358,0.0029581611682518,-0.31826326,0.0282072786963462,-0.35467276,0.0108699223104748,-0.35516202,0.0003456137404708,-0.17908806,0.0029995989863143,True,0.31826326,True,True,False,1742,0.0561687506989313,supported_candidate,False
cluster_tissue__C3__spleen,spleen,C3,Xcl1,other,0.31843504,2.334334884351672e-09,0.7320782041998463,0.7766914352757485,stable__spleen_S0,0.9951118631321676,0.31802815,1.1285376302938176e-09,0.34556365,5.813977829665958e-09,0.36159727,1.040817024701294e-09,0.16462252,0.0044474096533933,0.12593111,0.0003569895258011,True,0.31802815,True,True,False,2061,0.0575960695787255,supported_candidate,True
cluster_tissue__C3__spleen,spleen,C3,Desi2,other,-0.3894863,0.0002215342286787,0.244026068066616,0.1951505670707851,stable__spleen_S0,0.9951118631321676,-0.37300757,0.0002179296097656,-0.3249661,0.021820958163944,-0.3180279,0.0133178409399447,-0.37470886,2.7544119273749137e-05,-0.27931312,6.903514083618783e-07,True,0.3180279,True,True,False,2061,0.0575960695787255,supported_candidate,False
cluster_tissue__C4__spleen,spleen,C4,Rpl22,ribosome,0.4207831,6.794096208575876e-05,0.984693877551016,0.9999999999999976,stable__spleen_S3,0.9752475247524752,0.3364672,0.0002482992866806,0.39032444,0.0093696159071613,0.31791663,0.0605526410552751,0.27100644,1.0111186793784816e-58,0.26705778,2.755238080496741e-125,True,0.31791663,True,True,False,143,0.1634711931257971,supported_candidate,False
cluster_tissue__C3__spleen,spleen,C3,Wdr82,other,-0.37767404,0.0050617472256897,0.1900796524257768,0.1556511536957364,stable__spleen_S0,0.9951118631321676,-0.36706644,0.0050892723507927,-0.371175,0.0279702853044258,-0.31775928,0.058269325044808,-0.30903473,0.0118257135682483,-0.22799142,0.0022064419447652,True,0.31775928,True,True,False,2061,0.0575960695787255,supported_candidate,False
cluster_tissue__C5-1__spleen,spleen,C5-1,Rpl36a,ribosome,0.31737944,0.0001117092066054,0.9790794979079456,0.999999999999991,stable__spleen_S2,0.9023972602739726,0.41411966,5.864852202304825e-06,0.3226497,0.003624499946896,0.4039089,0.0005376777036071,0.3810758,6.86052496298132e-54,0.352392,1.832377791365622e-109,True,0.31737944,True,True,False,196,0.143283264804741,supported_candidate,False
cluster_tissue__C3__spleen,spleen,C3,Klf2,other,0.38636714,0.0360284360905248,0.1010137581462704,0.1255377395385211,stable__spleen_S0,0.9951118631321676,0.3776262,0.0268320868381544,0.47420093,0.0228360540913737,0.31682628,0.1733946521540285,0.21634273,0.0075073146189133,0.13036546,0.0197973401462979,True,0.31682628,True,True,False,2061,0.0575960695787255,supported_candidate,False
cluster_tissue__C0__bone_marrow,bone_marrow,C0,Nabp1,other,0.39706528,9.086918506222045e-06,0.349782866166603,0.420574162679421,stable__bone_marrow_S0,0.9829115293099718,0.41513067,1.0416861931425331e-06,0.31677553,0.0080429892782793,0.36582336,0.0008162119221912,0.42451546,4.0275883440304166e-08,0.30504978,4.794222295069832e-10,True,0.31677553,True,True,False,1742,0.0561687506989313,supported_candidate,False
cluster_tissue__C3__spleen,spleen,C3,Cenpb,other,0.34071025,0.0049853560442073,0.1850108616944228,0.2252639812280004,stable__spleen_S0,0.9951118631321676,0.3549258,0.0024017336288648,0.41203022,0.0037116364559401,0.3167161,0.0542968689600742,0.34865808,0.0002426943401527,0.34104592,1.7263998297426538e-10,True,0.3167161,True,True,False,2061,0.0575960695787255,supported_candidate,False
cluster_tissue__C0__bone_marrow,bone_marrow,C0,Snrpa,other,0.31642467,0.012037319602666,0.1819976312672729,0.2258373205741614,stable__bone_marrow_S0,0.9829115293099718,0.32193023,0.0068741039563474,0.32536086,0.0458262040178188,0.39253145,0.0066831942299411,0.3116803,0.0030067713040799,0.25817984,8.020323768915472e-06,True,0.31642467,True,True,False,1742,0.0561687506989313,supported_candidate,False
cluster_tissue__C3__spleen,spleen,C3,Med13,other,-0.32185182,0.0314914727588262,0.1806661839246907,0.152913570590535,stable__spleen_S0,0.9951118631321676,-0.3162935,0.0315126791986313,-0.32370472,0.095316512776438,-0.3634159,0.0404517614642974,-0.34812316,0.0037426104750641,-0.28557926,0.0001136772325897,True,0.3162935,True,True,False,2061,0.0575960695787255,supported_candidate,False
cluster_tissue__C0__bone_marrow,bone_marrow,C0,Nptn,other,-0.3631545,0.0001340835962367,0.3608369522305588,0.303349282296648,stable__bone_marrow_S0,0.9829115293099718,-0.3341299,0.0003032872607932,-0.37637103,0.0015870958479204,-0.31624892,0.0069963846460463,-0.28215888,0.000783317885716,-0.24699885,1.458178141488852e-07,True,0.31624892,True,True,False,1742,0.0561687506989313,supported_candidate,False
cluster_tissue__C0__bone_marrow,bone_marrow,C0,Flt3l,other,0.31802154,0.0034324369033584,0.2672720094749324,0.3167464114832506,stable__bone_marrow_S0,0.9829115293099718,0.31624037,0.003536686349609,0.3189587,0.0183984138307054,0.37450406,0.0031909720405684,0.29514748,0.0016446847117857,0.13123658,0.0451863086908104,True,0.31624037,True,True,False,1742,0.0561687506989313,supported_candidate,False
cluster_tissue__C0__bone_marrow,bone_marrow,C0,Jtb,other,-0.35387564,5.108307608476925e-05,0.393604421634428,0.334449760765547,stable__bone_marrow_S0,0.9829115293099718,-0.3175083,0.0002317744096569,-0.33152235,0.0032802197154541,-0.31622884,0.0043122486172717,-0.30117366,7.39948916489626e-05,-0.27833575,1.2173039710979992e-10,True,0.31622884,True,True,False,1742,0.0561687506989313,supported_candidate,False
cluster_tissue__C3__spleen,spleen,C3,Glipr1,other,-0.32704666,0.00557602954187,0.2632150615495991,0.2283926476339448,stable__spleen_S0,0.9951118631321676,-0.31607988,0.0055203883655733,-0.3223185,0.0326762208794055,-0.3324793,0.0215590805497716,-0.257717,0.0148988112567716,-0.30929822,2.381874088396206e-08,True,0.31607988,True,True,False,2061,0.0575960695787255,supported_candidate,False
cluster_tissue__C3__spleen,spleen,C3,Prdm2,other,-0.35563567,0.0078862300329438,0.2070963070238939,0.173640985529917,stable__spleen_S0,0.9951118631321676,-0.37520066,0.0029850418464679,-0.31591225,0.0754867019475421,-0.3279613,0.0740805458932451,-0.38561636,0.0005352308884421,-0.3415059,1.570484883179392e-07,True,0.31591225,True,True,False,2061,0.0575960695787255,supported_candidate,False
cluster_tissue__C3__spleen,spleen,C3,Smim27,other,0.31969693,0.0400761364345148,0.1042722664735694,0.1310129057489239,stable__spleen_S0,0.9951118631321676,0.35314837,0.0177458240178767,0.3743658,0.0743351020725371,0.3156252,0.12470037028239,0.4344704,0.0003936442318416,0.35292315,2.3477586272233077e-06,True,0.3156252,True,True,False,2061,0.0575960695787255,supported_candidate,False
cluster_tissue__C0__bone_marrow,bone_marrow,C0,AY036118,other,-0.32678097,0.0002675664864728,0.3466245558626156,0.2918660287081315,stable__bone_marrow_S0,0.9829115293099718,-0.31513572,0.0003196436534537,-0.43341798,0.0001074320821626,-0.3930373,0.0001389764191912,-0.35909486,3.5234109825853453e-06,-0.4172176,4.5941781587935573e-20,True,0.31513572,True,True,False,1742,0.0561687506989313,supported_candidate,False
cluster_tissue__C0__bone_marrow,bone_marrow,C0,Serf2,other,0.3140203,4.204097984588993e-31,0.969601263324062,0.9813397129186454,stable__bone_marrow_S0,0.9829115293099718,0.31973234,3.455698458454581e-32,0.34265402,3.7876047691079915e-28,0.34905225,2.587654691947356e-27,0.31555033,2.021710525467253e-38,0.3011438,4.625690073443864e-94,True,0.3140203,True,True,False,1742,0.0561687506989313,supported_candidate,True
cluster_tissue__C3__spleen,spleen,C3,Fnta,other,-0.35431793,0.0072323119279702,0.1889934829833438,0.1540868204927642,stable__spleen_S0,0.9951118631321676,-0.3436057,0.0081905046295649,-0.31386685,0.074229875098746,-0.326799,0.0481474605003873,-0.33641976,0.0039150237443847,-0.19360909,0.0050735836002506,True,0.31386685,True,True,False,2061,0.0575960695787255,supported_candidate,False
cluster_tissue__C3__spleen,spleen,C3,Churc1,other,0.32361373,4.29885025114465e-06,0.4779145546705231,0.557293703558863,stable__spleen_S0,0.9951118631321676,0.32974088,1.668130593182556e-06,0.34759584,9.839435327270265e-06,0.31346375,0.000137564102506,0.34641922,2.462009768875858e-09,0.31371808,5.987059731394903e-18,True,0.31346375,True,True,False,2061,0.0575960695787255,supported_candidate,False
cluster_tissue__C0__bone_marrow,bone_marrow,C0,Cox6b1,respiratory_chain_or_mt,0.31322408,1.5781261813785786e-12,0.7797078562968469,0.8401913875597963,stable__bone_marrow_S0,0.9829115293099718,0.32720786,1.84989969702594e-13,0.38668868,2.587005011076792e-14,0.34670246,1.1552869120987396e-11,0.35333657,2.5059701368670195e-19,0.34619012,2.2728856416286932e-45,True,0.31322408,True,True,False,1742,0.0561687506989313,supported_candidate,True
cluster_tissue__C0__bone_marrow,bone_marrow,C0,Lsm6,other,0.3130289,0.0001231461760835,0.3837347019344674,0.4612440191387504,stable__bone_marrow_S0,0.9829115293099718,0.33105358,1.7061468335895667e-05,0.31594205,0.001472294419743,0.33719367,0.0003662966188065,0.31403244,5.767278332229028e-06,0.18069781,3.24055592847022e-05,True,0.3130289,True,True,False,1742,0.0561687506989313,supported_candidate,False
cluster_tissue__C0__bone_marrow,bone_marrow,C0,Ubn1,other,-0.34504953,9.725552197651108e-05,0.411369917094357,0.3540669856459294,stable__bone_marrow_S0,0.9829115293099718,-0.35012418,4.3591087008303154e-05,-0.31292546,0.0078577997882048,-0.33016825,0.0028190728174792,-0.37530857,3.327768147427591e-07,-0.31259027,4.1458865358189625e-13,True,0.31292546,True,True,False,1742,0.0561687506989313,supported_candidate,False
cluster_tissue__C5-1__spleen,spleen,C5-1,Cox6c,respiratory_chain_or_mt,0.4554129,0.0004281803054198,0.8870292887029256,0.9420289855072383,stable__spleen_S2,0.9023972602739726,0.40791148,0.0049881102378766,0.38269335,0.083966230212583,0.31269613,0.1938642060696197,0.45438296,8.916807447795777e-43,0.4236543,3.1492907837781007e-82,True,0.31269613,True,True,False,196,0.143283264804741,supported_candidate,True
cluster_tissue__C5-1__spleen,spleen,C5-1,Rpl37a,ribosome,0.3444135,4.1242356185123605e-17,0.9999999999999956,0.999999999999991,stable__spleen_S2,0.9023972602739726,0.33926472,4.589875838875279e-16,0.36700156,2.451552420034929e-12,0.31267354,2.622275296884183e-09,0.35831416,4.0155157404954703e-190,0.3578034,0.0,True,0.31267354,True,True,False,196,0.143283264804741,supported_candidate,False
cluster_tissue__C3__spleen,spleen,C3,Smim8,other,0.34343675,0.00959103660923,0.1444605358435906,0.1791161517403198,stable__spleen_S0,0.9951118631321676,0.33500066,0.0087611948887865,0.3771267,0.0302622102483054,0.3126569,0.0615451071917399,0.35989454,0.0005588117578116,0.3327143,6.275683483585099e-08,True,0.3126569,True,True,False,2061,0.0575960695787255,supported_candidate,False
cluster_tissue__C0__bone_marrow,bone_marrow,C0,Ndufa1,respiratory_chain_or_mt,0.3384221,3.791101373559336e-06,0.4666403474141363,0.5397129186602801,stable__bone_marrow_S0,0.9829115293099718,0.31209406,1.20751210786297e-05,0.41592422,4.766151751974662e-07,0.32925868,9.38548376070551e-05,0.30295265,2.020741913068287e-06,0.34667704,4.8200685339135456e-21,True,0.31209406,True,True,False,1742,0.0561687506989313,supported_candidate,False
cluster_tissue__C3__spleen,spleen,C3,Uqcrb,respiratory_chain_or_mt,0.31196186,6.901024090284965e-10,0.6571325126719689,0.7203754399687404,stable__spleen_S0,0.9951118631321676,0.314952,3.2076115799163663e-10,0.32330504,3.1256132445012106e-08,0.3377995,4.1620777511587595e-09,0.27351645,5.803331927252511e-09,0.24601999,1.1068399881413971e-14,True,0.31196186,True,True,False,2061,0.0575960695787255,supported_candidate,True
cluster_tissue__C3__spleen,spleen,C3,Sesn3,other,-0.34812596,1.2020549979877837e-07,0.5296886314264964,0.4583496284708617,stable__spleen_S0,0.9951118631321676,-0.34592435,9.715581426775455e-08,-0.3118222,0.0001736488092411,-0.3500116,8.309860201173803e-06,-0.3623492,4.1363233192776974e-10,-0.2473995,6.10919829754977e-10,True,0.3118222,True,True,False,2061,0.0575960695787255,supported_candidate,False
cluster_tissue__C0__bone_marrow,bone_marrow,C0,Btg2,other,0.41964978,6.074989446583096e-13,0.7603632056849269,0.8138755980861125,stable__bone_marrow_S0,0.9829115293099718,0.3982795,3.082167197520457e-12,0.3117144,3.515333843397021e-05,0.3542025,6.039408421954104e-07,0.40656123,2.0331033315524463e-15,0.32087716,4.786457409996762e-25,True,0.3117144,True,True,False,1742,0.0561687506989313,supported_candidate,True
cluster_tissue__C3__spleen,spleen,C3,Resf1,other,-0.3112563,2.3335144496594376e-06,0.5553946415640775,0.5037152913570567,stable__spleen_S0,0.9951118631321676,-0.32669145,5.46726871203067e-07,-0.34097958,1.23271411763485e-05,-0.35540473,5.358429369439249e-06,-0.31026873,4.6227857953603787e-08,-0.19351904,3.270020836133199e-07,True,0.3112563,True,True,False,2061,0.0575960695787255,supported_candidate,False
cluster_tissue__C3__spleen,spleen,C3,Pet100,other,0.36244205,0.0006541449630734,0.2092686459087599,0.2592882283926462,stable__spleen_S0,0.9951118631321676,0.3112516,0.003582070471202,0.33616772,0.0180653864168418,0.344989,0.0064971890558017,0.32555008,0.0001929947774226,0.29240322,7.165599551467965e-08,True,0.3112516,True,True,False,2061,0.0575960695787255,supported_candidate,False
cluster_tissue__C0__bone_marrow,bone_marrow,C0,Prpf4b,other,-0.36552805,2.935708206615527e-07,0.5527043031977853,0.4875598086124342,stable__bone_marrow_S0,0.9829115293099718,-0.36975613,4.1765649962534084e-08,-0.31111062,0.0006217933088223,-0.33664244,6.471717674339669e-05,-0.3686893,4.667909118093902e-10,-0.41303927,3.189974737152313e-33,True,0.31111062,True,True,False,1742,0.0561687506989313,supported_candidate,True
cluster_tissue__C0__bone_marrow,bone_marrow,C0,Trim44,other,-0.35539788,0.0008336292263469,0.3181997631267291,0.2698564593301414,stable__bone_marrow_S0,0.9829115293099718,-0.33638385,0.0011446872566357,-0.32832542,0.0227027600717058,-0.3109788,0.0257005617143494,-0.35784602,6.577340220058182e-05,-0.25742385,1.111639064067101e-06,True,0.3109788,True,True,False,1742,0.0561687506989313,supported_candidate,False
cluster_tissue__C4__spleen,spleen,C4,Rps27,ribosome,0.3311603,3.0332713974482304e-08,0.9999999999999956,0.9999999999999976,stable__spleen_S3,0.9752475247524752,0.31076476,4.738412926020168e-09,0.31138226,5.876627940429711e-05,0.31786403,5.61517562659048e-06,0.28648838,9.403921138354995e-116,0.30966502,6.8417483640746074e-270,True,0.31076476,True,True,False,143,0.1634711931257971,supported_candidate,False
cluster_tissue__C3__spleen,spleen,C3,Uvrag,other,-0.4239942,6.539858605498696e-05,0.2552498189717571,0.2033633163863892,stable__spleen_S0,0.9951118631321676,-0.4108331,9.163202245591116e-05,-0.35156783,0.0159841504252696,-0.31072342,0.0280823466935578,-0.4168339,9.139737710797675e-06,-0.37060246,1.0167705168261082e-09,True,0.31072342,True,True,False,2061,0.0575960695787255,supported_candidate,False
cluster_tissue__C3__spleen,spleen,C3,Ubl5,other,0.31061488,1.3126132867845711e-14,0.7816799420709535,0.8240125146656649,stable__spleen_S0,0.9951118631321676,0.32597432,5.521245781069686e-16,0.33276245,5.982813143773888e-13,0.35481092,1.5709361208796564e-14,0.31361943,1.9882577013851926e-17,0.34595624,1.7530020103043888e-44,True,0.31061488,True,True,False,2061,0.0575960695787255,supported_candidate,True
cluster_tissue__C3__spleen,spleen,C3,Cox7b,respiratory_chain_or_mt,0.33032882,3.2169473010757446e-10,0.666908037653866,0.7379741885021804,stable__spleen_S0,0.9951118631321676,0.33130345,2.1969156130136062e-10,0.353773,5.340631931007988e-09,0.31060407,3.061776086771974e-07,0.32774335,2.377727637314882e-12,0.30064225,2.040389378501245e-25,True,0.31060407,True,True,False,2061,0.0575960695787255,supported_candidate,True
cluster_tissue__C3__spleen,spleen,C3,Ankrd10,other,-0.40674424,2.4945885354746245e-05,0.2679217958001422,0.2150958154086809,stable__spleen_S0,0.9951118631321676,-0.41240215,1.053142827022246e-05,-0.31052595,0.0206536980923374,-0.3128141,0.0103667313694692,-0.40583074,1.178909950539686e-06,-0.358496,2.5354071931995905e-11,True,0.31052595,True,True,False,2061,0.0575960695787255,supported_candidate,False
cluster_tissue__C3__spleen,spleen,C3,Hsp90ab1,heat_shock,-0.3181498,2.2686314732557737e-29,0.9764663287472723,0.96167383652724,stable__spleen_S0,0.9951118631321676,-0.32279986,1.3132927958780612e-30,-0.31005377,5.303982261086567e-22,-0.33064437,8.97945931635771e-24,-0.31727538,1.6469606655894771e-37,-0.23433754,3.3026788719338104e-47,True,0.31005377,True,True,False,2061,0.0575960695787255,supported_candidate,True
cluster_tissue__C0__bone_marrow,bone_marrow,C0,Slf2,other,-0.46181783,0.0066591359859881,0.1425187524674306,0.1076555023923448,stable__bone_marrow_S0,0.9829115293099718,-0.43173698,0.0137745337133515,-0.4972651,0.0143596428887939,-0.30999684,0.2374642395879207,-0.43555006,0.0046050001332554,-0.25590897,0.0054113403247485,True,0.30999684,True,True,False,1742,0.0561687506989313,supported_candidate,False
cluster_tissue__C3__spleen,spleen,C3,Sem1,other,0.30992696,9.319799114699528e-11,0.7480086893555303,0.8111067657411423,stable__spleen_S0,0.9951118631321676,0.31520942,2.0258853855302427e-11,0.35243496,2.19618398717754e-11,0.34076896,1.3308669170896274e-10,0.30813906,2.8210907008099925e-13,0.2929297,7.58156901139106e-28,True,0.30992696,True,True,False,2061,0.0575960695787255,supported_candidate,True
cluster_tissue__C0__bone_marrow,bone_marrow,C0,Eny2,other,0.3224296,0.0007346183388965,0.3130675088827496,0.3813397129186562,stable__bone_marrow_S0,0.9829115293099718,0.3091415,0.0007789705926715,0.37137172,0.0010375124759159,0.32256725,0.0042201138386241,0.28933918,0.0003244295068253,0.1874352,0.0001591089070079,True,0.3091415,True,True,False,1742,0.0561687506989313,supported_candidate,False
cluster_tissue__C3__spleen,spleen,C3,Ubtf,other,-0.30891266,0.0003184250120291,0.3910209992758827,0.3375048885412574,stable__spleen_S0,0.9951118631321676,-0.33029202,6.494102685642439e-05,-0.32925966,0.0014809683987549,-0.33295918,0.0010841080880474,-0.3410131,1.5876470673616242e-06,-0.24880725,7.017805525666046e-09,True,0.30891266,True,True,False,2061,0.0575960695787255,supported_candidate,False
cluster_tissue__C3__spleen,spleen,C3,Ndufb1-ps,respiratory_chain_or_mt,0.36710167,8.778505509466705e-09,0.4931209268645852,0.5670707860774408,stable__spleen_S0,0.9951118631321676,0.3848725,6.386741074159838e-10,0.30853426,2.782753907778399e-05,0.386713,5.031779118921674e-08,0.4103009,2.670195295136927e-13,0.32975954,3.3001226673696554e-20,True,0.30853426,True,True,False,2061,0.0575960695787255,supported_candidate,False
cluster_tissue__C3__spleen,spleen,C3,Emc8,other,-0.34450272,0.0234635237439046,0.1542360608254876,0.1255377395385211,stable__spleen_S0,0.9951118631321676,-0.37459666,0.0105729379534217,-0.34705138,0.0621119503945881,-0.30853406,0.1198658337058243,-0.32676965,0.0124777833915012,-0.18168461,0.0209350380656313,True,0.30853406,True,True,False,2061,0.0575960695787255,supported_candidate,False
cluster_tissue__C3__spleen,spleen,C3,Atp5j,respiratory_chain_or_mt,0.32591718,6.966868045987292e-14,0.7671976828385134,0.8290965975753254,stable__spleen_S0,0.9951118631321676,0.32358932,2.907000623902805e-14,0.3550238,6.63858994363266e-13,0.30842805,1.7324058191946745e-09,0.34016532,1.7319187577553693e-18,0.29724887,2.152735479957664e-30,True,0.30842805,True,True,False,2061,0.0575960695787255,supported_candidate,True
cluster_tissue__C3__spleen,spleen,C3,Srsf7,other,-0.3083264,9.677602382849978e-12,0.7762490948587885,0.7242862729761715,stable__spleen_S0,0.9951118631321676,-0.31860486,1.109980318727285e-12,-0.34671184,4.473571562472816e-11,-0.33568326,3.1351042644172826e-10,-0.35201415,3.968091403973027e-20,-0.29907662,1.0804370908175041e-29,True,0.3083264,True,True,False,2061,0.0575960695787255,supported_candidate,False
cluster_tissue__C3__spleen,spleen,C3,Cd40lg,other,0.31020826,0.0190018714845845,0.1741491672700927,0.2076652326945628,stable__spleen_S0,0.9951118631321676,0.32661375,0.0096630612137261,0.31583938,0.051727115351649,0.30813727,0.0612869719967711,0.33430964,0.0009433635501494,0.29491633,6.876825035931165e-07,True,0.30813727,True,True,False,2061,0.0575960695787255,supported_candidate,False
cluster_tissue__C3__spleen,spleen,C3,Gm20559,other,0.34328482,0.0106887802406222,0.1433743664011576,0.1787250684395767,stable__spleen_S0,0.9951118631321676,0.31510252,0.0127184660085985,0.33571622,0.045675177415873,0.3080994,0.0652596112580238,0.34250993,0.0004340934122436,0.20704919,0.0002219733008986,True,0.3080994,True,True,False,2061,0.0575960695787255,supported_candidate,False
cluster_tissue__C0__bone_marrow,bone_marrow,C0,Uqcr10,respiratory_chain_or_mt,0.33496234,3.035425413779772e-06,0.5005921831820007,0.5660287081339639,stable__bone_marrow_S0,0.9829115293099718,0.31244352,5.947894060979984e-06,0.35277328,3.3765491995162444e-05,0.30784577,0.000140978112204,0.3442506,5.801037764061729e-09,0.34958988,1.2694073504494091e-22,True,0.30784577,True,True,False,1742,0.0561687506989313,supported_candidate,False
cluster_tissue__C3__spleen,spleen,C3,Pop5,other,-0.31745622,7.304967052222784e-07,0.5275162925416303,0.4657802111849797,stable__spleen_S0,0.9951118631321676,-0.31081086,9.367202835932744e-07,-0.30782396,9.997824345710664e-05,-0.3638996,1.2717046047293625e-06,-0.32534468,2.310582957293173e-09,-0.26893753,2.699732363279896e-13,True,0.30782396,True,True,False,2061,0.0575960695787255,supported_candidate,False
cluster_tissue__C0__bone_marrow,bone_marrow,C0,Sorl1,other,0.3277334,0.00078894159098,0.3146466640347433,0.3708133971291827,stable__bone_marrow_S0,0.9829115293099718,0.327125,0.0005282245324238,0.35175303,0.0029599435070901,0.30775952,0.0127918096490978,0.31239194,0.0003447176191011,0.08566851,0.1852004426540038,True,0.30775952,True,True,False,1742,0.0561687506989313,supported_candidate,False
cluster_tissue__C3__spleen,spleen,C3,Ndufa2,respiratory_chain_or_mt,0.35830164,7.72799659773333e-11,0.6223750905141128,0.7023856081345573,stable__spleen_S0,0.9951118631321676,0.36235386,2.4665932723917247e-11,0.30745506,1.47727285672934e-06,0.3374102,1.2295485921770104e-07,0.38309225,4.936269690058985e-16,0.3871466,3.638919399477928e-39,True,0.30745506,True,True,False,2061,0.0575960695787255,supported_candidate,True
cluster_tissue__C3__spleen,spleen,C3,Gm26917,other,0.30732515,1.4086048210305589e-05,0.5333091962346064,0.5975752835354035,stable__spleen_S0,0.9951118631321676,0.32366222,2.787868512319139e-06,0.35752204,5.784353373523659e-06,0.312691,0.000104192862383,0.33572546,1.62067833310165e-08,0.29719365,7.066117533350737e-16,True,0.30732515,True,True,False,2061,0.0575960695787255,supported_candidate,False
cluster_tissue__C0__bone_marrow,bone_marrow,C0,Tmem256,other,0.33486485,0.0066352680490845,0.2013422818791957,0.2468899521531083,stable__bone_marrow_S0,0.9829115293099718,0.30726862,0.0111403926841688,0.38488042,0.011307619070119,0.4089443,0.0038766164838161,0.26916105,0.013188295071042,0.23813997,5.640527864006415e-05,True,0.30726862,True,True,False,1742,0.0561687506989313,supported_candidate,False
cluster_tissue__C3__spleen,spleen,C3,Ifi47,other,-0.32383692,7.72799659773333e-11,0.7172338884865952,0.6589753617520719,stable__spleen_S0,0.9951118631321676,-0.33637848,6.879000672067293e-12,-0.30718666,2.2648379492404426e-07,-0.32305425,2.46763462915002e-08,-0.34288073,7.999411442969191e-15,-0.364692,1.7892191069102235e-34,True,0.30718666,True,True,False,2061,0.0575960695787255,supported_candidate,True
cluster_tissue__C3__spleen,spleen,C3,Jund,other,0.30703032,7.076284482854869e-19,0.9246922519912992,0.9479859210012312,stable__spleen_S0,0.9951118631321676,0.31785148,1.9312565962971044e-20,0.34232667,1.4073826853131168e-17,0.36140156,7.227172634621063e-20,0.251857,2.1390635813764121e-13,0.19509463,1.4898278620869442e-19,True,0.30703032,True,True,False,2061,0.0575960695787255,supported_candidate,True
cluster_tissue__C0__bone_marrow,bone_marrow,C0,Tubb4b,other,-0.3943014,2.1688230062428406e-07,0.4974338728780134,0.4215311004784641,stable__bone_marrow_S0,0.9829115293099718,-0.38732868,1.8087303355599486e-07,-0.31710425,0.0023934706010915,-0.3069565,0.0027875006170089,-0.38826695,2.945607872938535e-09,-0.45192444,1.3583761637800311e-30,True,0.3069565,True,True,False,1742,0.0561687506989313,supported_candidate,False
cluster_tissue__C3__spleen,spleen,C3,Cntrl,other,-0.3581124,9.065770507304732e-06,0.4029688631426458,0.3394603050449727,stable__spleen_S0,0.9951118631321676,-0.35894042,5.484280379290004e-06,-0.3066749,0.0035168405485712,-0.36872375,0.0001130414180679,-0.37711474,4.6227857953603787e-08,-0.3339392,1.0531622140997928e-14,True,0.3066749,True,True,False,2061,0.0575960695787255,supported_candidate,False
cluster_tissue__C3__spleen,spleen,C3,Myo6,other,0.31510192,0.0417125033547639,0.1611151339608967,0.1885021509581531,stable__spleen_S0,0.9951118631321676,0.30644053,0.0491645137020654,0.44235983,0.0079477675271964,0.38917133,0.022254596726646,0.2317728,0.150877974426822,0.12925646,0.1937559279020173,True,0.30644053,True,True,False,2061,0.0575960695787255,supported_candidate,False
cluster_tissue__C0__bone_marrow,bone_marrow,C0,Cox7b,respiratory_chain_or_mt,0.30678678,2.5261682695794698e-08,0.6857481247532353,0.749282296650707,stable__bone_marrow_S0,0.9829115293099718,0.3059338,7.3638074575171854e-09,0.3100599,1.0045949696790783e-06,0.35036662,4.858505684368387e-09,0.28497484,1.4109159808382934e-09,0.30064225,2.040389378501245e-25,True,0.3059338,True,True,False,1742,0.0561687506989313,supported_candidate,True
cluster_tissue__C0__bone_marrow,bone_marrow,C0,Asap1,other,-0.34702587,0.0004823872230708,0.367548361626532,0.3162679425837291,stable__bone_marrow_S0,0.9829115293099718,-0.41132337,6.878891734848636e-06,-0.30451152,0.0282072786963462,-0.43503615,0.0001417933763854,-0.3916614,4.171064560693385e-06,-0.18929899,0.0004925582795064,True,0.30451152,True,True,False,1742,0.0561687506989313,supported_candidate,False
cluster_tissue__C3__spleen,spleen,C3,Map7d1,other,-0.3997196,0.0056204999005847,0.1698044895003607,0.1353148220570975,stable__spleen_S0,0.9951118631321676,-0.38139826,0.0098161282210158,-0.39966586,0.0251990578804969,-0.3040371,0.1436640218583218,-0.39520192,0.001517206613393,-0.28547892,7.349751256379259e-05,True,0.3040371,True,True,False,2061,0.0575960695787255,supported_candidate,False
cluster_tissue__C5-1__spleen,spleen,C5-1,Rpl35a,ribosome,0.30867532,1.6913416433699397e-12,0.9999999999999956,0.999999999999991,stable__spleen_S2,0.9023972602739726,0.30820403,1.1100992406396173e-11,0.30360702,1.7787942068268417e-07,0.3036119,4.064421812687695e-07,0.29870096,6.066500574036261e-106,0.29109868,2.996191478994977e-227,True,0.30360702,True,True,False,196,0.143283264804741,supported_candidate,False
cluster_tissue__C3__spleen,spleen,C3,Ndufb3,respiratory_chain_or_mt,0.30328476,1.2345926160835567e-05,0.4826212889210661,0.5561204536566337,stable__spleen_S0,0.9951118631321676,0.3172259,3.5703996281796884e-06,0.34397444,1.0363006417754134e-05,0.33041626,1.989445323417265e-05,0.31236574,1.3914080309028925e-07,0.28937688,1.1655234983105637e-15,True,0.30328476,True,True,False,2061,0.0575960695787255,supported_candidate,False
cluster_tissue__C0__bone_marrow,bone_marrow,C0,Chd1,other,-0.3606749,0.0013026096816785,0.3043821555467842,0.2559808612440173,stable__bone_marrow_S0,0.9829115293099718,-0.4104157,8.303837465208273e-05,-0.30193707,0.0474904611854062,-0.418615,0.0009128643871735,-0.41071033,7.357135362966829e-06,-0.43211466,1.552742637029098e-18,True,0.30193707,True,True,False,1742,0.0561687506989313,supported_candidate,False
cluster_tissue__C3__spleen,spleen,C3,Cdkn1b,other,-0.3562954,6.418644803157781e-06,0.4087617668356218,0.3441533046538894,stable__spleen_S0,0.9951118631321676,-0.35595378,3.5703996281796884e-06,-0.3015888,0.0047239635111303,-0.35168365,0.0002669525888532,-0.34950766,1.7291064513645845e-07,-0.31892735,1.851549598802523e-15,True,0.3015888,True,True,False,2061,0.0575960695787255,supported_candidate,False
cluster_tissue__C0__bone_marrow,bone_marrow,C0,Gtf2h5,other,0.3015095,0.001959911424049,0.3114883537307559,0.3693779904306181,stable__bone_marrow_S0,0.9829115293099718,0.33139357,0.0001481216428681,0.34030908,0.0031513492708715,0.36065444,0.0007990154985443,0.30623075,0.0001129367161153,0.18622015,0.0001949159028752,True,0.3015095,True,True,False,1742,0.0561687506989313,supported_candidate,False
cluster_tissue__C0__bone_marrow,bone_marrow,C0,Rps27,ribosome,0.30691814,1.1373181944555295e-84,0.997631267271946,0.9995215311004632,stable__bone_marrow_S0,0.9829115293099718,0.33421922,1.986464294707377e-92,0.3012149,1.557182968086881e-60,0.3259727,1.864613149045876e-62,0.3163262,3.4226746478643736e-100,0.30966502,6.8417483640746074e-270,True,0.3012149,True,True,False,1742,0.0561687506989313,supported_candidate,False
cluster_tissue__C3__spleen,spleen,C3,Ncor1,other,-0.30846754,2.386543660090315e-11,0.8037653874004246,0.7457958545170427,stable__spleen_S0,0.9951118631321676,-0.301141,1.6124996579148312e-11,-0.30218965,2.3108981073786032e-08,-0.30429256,1.0901271010957885e-08,-0.2804896,4.75985735921572e-13,-0.2172125,6.956194137071859e-18,True,0.301141,True,True,False,2061,0.0575960695787255,supported_candidate,False
cluster_tissue__C0__bone_marrow,bone_marrow,C0,Dut,other,-0.41401866,0.0018791898643182,0.2297670746150822,0.1846889952153104,stable__bone_marrow_S0,0.9829115293099718,-0.36930627,0.0087724984806343,-0.3810607,0.0370443704526187,-0.301134,0.1233603913588825,-0.27955738,0.02958537512335,-0.103032686,0.248037524818945,True,0.301134,True,True,False,1742,0.0561687506989313,supported_candidate,False
cluster_tissue__C0__bone_marrow,bone_marrow,C0,Cd48,other,-0.38914564,3.160827185537755e-13,0.6948282668771978,0.6291866028708049,stable__bone_marrow_S0,0.9829115293099718,-0.3575068,1.612049994517179e-11,-0.30104962,4.064048741274507e-06,-0.3104235,1.6140966479353763e-06,-0.3041317,1.516745367899179e-10,-0.32102996,2.296348882428785e-28,True,0.30104962,True,True,False,1742,0.0561687506989313,supported_candidate,False
cluster_tissue__C3__spleen,spleen,C3,Asb2,other,0.30269954,2.350334301611373e-05,0.463432295438083,0.5299178725068452,stable__spleen_S0,0.9951118631321676,0.30094153,1.9305697571162955e-05,0.34324613,2.393778496081981e-05,0.3252031,5.111942045588615e-05,0.17035009,0.0369493708355253,0.14689949,0.008031375622255,True,0.30094153,True,True,False,2061,0.0575960695787255,supported_candidate,False
cluster_tissue__C3__spleen,spleen,C3,Mphosph10,other,-0.3409676,0.0015300481337468,0.2693700217233862,0.2260461478294865,stable__spleen_S0,0.9951118631321676,-0.32510215,0.00254076555811,-0.313613,0.0302622102483054,-0.30056193,0.0301510319004484,-0.28368315,0.0027983382468547,-0.17031538,0.0038006260755407,True,0.30056193,True,True,False,2061,0.0575960695787255,supported_candidate,False
cluster_tissue__C0__bone_marrow,bone_marrow,C0,Mrps18c,ribosome,0.31642377,0.0013861374540255,0.279905250690882,0.3368421052631546,stable__bone_marrow_S0,0.9829115293099718,0.29986447,0.0014611075211421,0.35522205,0.0028920076124365,0.32029632,0.0044624626065343,0.22595859,0.0099217641973551,0.24154536,9.19803899300594e-07,True,0.29986447,True,True,False,1742,0.0561687506989313,supported_candidate,False
cluster_tissue__C0__bone_marrow,bone_marrow,C0,Atp5j2,respiratory_chain_or_mt,0.29982665,1.6625510726215155e-09,0.7627319384129171,0.8253588516746291,stable__bone_marrow_S0,0.9829115293099718,0.30271077,2.927385277997354e-10,0.34731817,1.678705388413107e-09,0.3256361,8.424305476978953e-08,0.32333896,7.245339858507625e-14,0.32749146,4.081071474836032e-36,True,0.29982665,True,True,False,1742,0.0561687506989313,supported_candidate,True
cluster_tissue__C0__bone_marrow,bone_marrow,C0,Baz1b,other,-0.3224788,0.0002723251141561,0.4086063955783681,0.3526315789473648,stable__bone_marrow_S0,0.9829115293099718,-0.3252766,0.0001341219674977,-0.3003457,0.0083024539385121,-0.29957348,0.0075850943516085,-0.3149759,4.166850001344418e-05,-0.28786588,4.2704681931185255e-11,True,0.29957348,True,True,False,1742,0.0561687506989313,supported_candidate,False
cluster_tissue__C0__bone_marrow,bone_marrow,C0,Rpl9-ps6,ribosome,-0.30714485,0.0148630354631066,0.2712198973549167,0.2325358851674627,stable__bone_marrow_S0,0.9829115293099718,-0.29952225,0.0165559008747494,-0.35524732,0.013858286970285,-0.32560843,0.0282124811297147,-0.3266065,0.0014630169350381,-0.2865365,1.0942354846713057e-07,True,0.29952225,True,True,False,1742,0.0561687506989313,supported_candidate,False
cluster_tissue__C3__spleen,spleen,C3,Tma7,other,0.2998408,1.3663604588105468e-12,0.8066618392469126,0.8619475948377467,stable__spleen_S0,0.9951118631321676,0.29940614,9.898061090234217e-13,0.3194467,3.362255991605922e-11,0.3044917,3.5270453352917073e-10,0.33129838,5.125493707842368e-19,0.34967867,1.830697779833711e-50,True,0.29940614,True,True,False,2061,0.0575960695787255,supported_candidate,True
cluster_tissue__C0__bone_marrow,bone_marrow,C0,Dusp2,other,0.33831504,3.741761334570451e-05,0.4721673904461143,0.546889952153103,stable__bone_marrow_S0,0.9829115293099718,0.317486,3.706144116418793e-05,0.31663206,0.0017203334214906,0.29936382,0.0014923288234154,0.32160223,3.002692416360615e-06,0.17200978,1.1976471975196391e-05,True,0.29936382,True,True,False,1742,0.0561687506989313,supported_candidate,False
cluster_tissue__C3__spleen,spleen,C3,Mirt1,other,0.31058758,0.0028529284943848,0.24185372918175,0.2913570590535768,stable__spleen_S0,0.9951118631321676,0.29926363,0.0039172086849824,0.32445213,0.0149089114586441,0.31777576,0.0130638216024038,0.28129804,0.0011779327386629,0.32661033,5.370276269263367e-09,True,0.29926363,True,True,False,2061,0.0575960695787255,supported_candidate,False
cluster_tissue__C0__bone_marrow,bone_marrow,C0,Ppwd1,other,0.39488176,0.0321575521701677,0.0979076194236087,0.1263157894736847,stable__bone_marrow_S0,0.9829115293099718,0.360142,0.0415679650498149,0.41980258,0.0819922931441325,0.29924995,0.2488950622513569,0.30200735,0.0469964943350142,0.2974941,0.000123453158962,True,0.29924995,True,True,False,1742,0.0561687506989313,supported_candidate,False
cluster_tissue__C3__spleen,spleen,C3,Uqcr10,respiratory_chain_or_mt,0.32481626,7.653964579277128e-06,0.45510499637943,0.5263981228001572,stable__spleen_S0,0.9951118631321676,0.33953854,1.3261576178648566e-06,0.29991826,0.0004584322565855,0.29906583,0.0003705089219079,0.38463035,8.702631569379587e-11,0.34958988,1.2694073504494091e-22,True,0.29906583,True,True,False,2061,0.0575960695787255,supported_candidate,False
cluster_tissue__C5-1__spleen,spleen,C5-1,Rpl39,ribosome,0.3516988,2.277424317500205e-16,0.9999999999999956,0.999999999999991,stable__spleen_S2,0.9023972602739726,0.33080658,3.5153538825600784e-15,0.31412745,4.658165251172513e-09,0.29890782,1.7591614737432588e-07,0.33538502,1.7420292864743216e-120,0.32848302,4.956032648111409e-261,True,0.29890782,True,True,False,196,0.143283264804741,supported_candidate,False
cluster_tissue__C0__bone_marrow,bone_marrow,C0,Acyp1,other,0.29890686,0.0123256345895318,0.2404263718910396,0.2851674641148302,stable__bone_marrow_S0,0.9829115293099718,0.30498454,0.005932503279424,0.30247894,0.059628012600182,0.31640053,0.0282851922914409,0.31273368,0.0008051990624366,0.23653176,9.0266350358765e-06,True,0.29890686,True,True,False,1742,0.0561687506989313,supported_candidate,False
cluster_tissue__C3__spleen,spleen,C3,Zfp706,other,-0.30511582,7.408848898717983e-06,0.5141202027516233,0.4544387954634311,stable__spleen_S0,0.9951118631321676,-0.29867882,7.0034609511058455e-06,-0.30636975,0.0002637040888079,-0.30544233,0.0001340929480301,-0.26940748,2.036390800322681e-06,-0.20410459,3.176545825776726e-09,True,0.29867882,True,True,False,2061,0.0575960695787255,supported_candidate,False
cluster_tissue__C0__bone_marrow,bone_marrow,C0,Rps21,ribosome,0.32658437,1.4545406009400734e-104,0.999605211211938,0.9995215311004632,stable__bone_marrow_S0,0.9829115293099718,0.34027645,3.74681950972036e-108,0.2983709,3.7723117309194505e-66,0.32260388,5.9934539433868285e-68,0.33115837,5.769074060611808e-125,0.36888307,0.0,True,0.2983709,True,True,False,1742,0.0561687506989313,supported_candidate,False
cluster_tissue__C0__bone_marrow,bone_marrow,C0,Gm11808,other,0.3788802,2.561529220246733e-05,0.3304382155546802,0.3909090909090866,stable__bone_marrow_S0,0.9829115293099718,0.363023,3.4303943539917164e-05,0.354319,0.0016058813720306,0.29830816,0.0117796930616914,0.36066136,3.333797550427654e-06,0.44990373,5.770884670160313e-26,True,0.29830816,True,True,False,1742,0.0561687506989313,supported_candidate,True
cluster_tissue__C0__bone_marrow,bone_marrow,C0,Ndufs5,respiratory_chain_or_mt,0.29734856,9.509161123680043e-05,0.447690485590212,0.5100478468899458,stable__bone_marrow_S0,0.9829115293099718,0.32965806,2.1375112841570155e-06,0.33583045,0.0001334057029459,0.36751407,6.827160244463207e-06,0.2842698,1.046775522697047e-05,0.25302356,6.284833301207841e-11,True,0.29734856,True,True,False,1742,0.0561687506989313,supported_candidate,False
cluster_tissue__C3__spleen,spleen,C3,Hdlbp,other,-0.363707,0.0009234775014504,0.240767559739317,0.1971059835745003,stable__spleen_S0,0.9951118631321676,-0.37010247,0.0006224628939925,-0.3365805,0.0172861274778666,-0.29716897,0.0529770228651714,-0.3113926,0.0018909747126403,-0.20523642,0.0011719410022952,True,0.29716897,True,True,False,2061,0.0575960695787255,supported_candidate,False
cluster_tissue__C0__bone_marrow,bone_marrow,C0,Cdkn1b,other,-0.30048728,0.0003104611795757,0.4769048559020953,0.4258373205741578,stable__bone_marrow_S0,0.9829115293099718,-0.3038152,0.0001355714049593,-0.29859883,0.0050435713572911,-0.29705828,0.0035211405601295,-0.3547159,1.0376449631498217e-07,-0.31892735,1.851549598802523e-15,True,0.29705828,True,True,False,1742,0.0561687506989313,supported_candidate,False
cluster_tissue__C0__bone_marrow,bone_marrow,C0,Rpl37a,ribosome,0.31516775,6.6727185610042324e-102,0.999605211211938,0.9985645933014202,stable__bone_marrow_S0,0.9829115293099718,0.34047842,1.4762133960673615e-114,0.29693082,2.210622975283956e-67,0.3218722,3.581865063831552e-75,0.33141747,1.7390118144039144e-129,0.3578034,0.0,True,0.29693082,True,True,False,1742,0.0561687506989313,supported_candidate,False
cluster_tissue__C0__bone_marrow,bone_marrow,C0,Rpl37,ribosome,0.33101058,6.672380445037059e-74,0.9968416896959492,0.9990430622009416,stable__bone_marrow_S0,0.9829115293099718,0.35189223,6.456270214672083e-79,0.2957293,1.1435304045275717e-45,0.3249738,5.0028812331451086e-49,0.32647,2.114763753228868e-84,0.32852536,4.9382829911260943e-238,True,0.2957293,True,True,False,1742,0.0561687506989313,supported_candidate,False
cluster_tissue__C3__spleen,spleen,C3,Slc39a6,other,-0.36385584,0.0307858678146483,0.1241853729181745,0.0989440750879933,stable__spleen_S0,0.9951118631321676,-0.32861462,0.039866204126467,-0.45105863,0.0160735059547775,-0.29511073,0.1590244641176847,-0.26953915,0.0944607657305564,-0.14622672,0.1977413493379077,True,0.29511073,True,True,False,2061,0.0575960695787255,supported_candidate,False
cluster_tissue__C3__spleen,spleen,C3,Cyth1,other,-0.30590266,0.018900417785896,0.233526430123097,0.2025811497849031,stable__spleen_S0,0.9951118631321676,-0.30589914,0.015323393334267,-0.36644256,0.0162753313813976,-0.2942734,0.0707731385020694,-0.33217362,0.0011487307180083,-0.18652374,0.0051485142012607,True,0.2942734,True,True,False,2061,0.0575960695787255,supported_candidate,False
cluster_tissue__C3__spleen,spleen,C3,Psmc5,other,-0.29426706,0.0003043320656202,0.3769007965242537,0.3281188893234241,stable__spleen_S0,0.9951118631321676,-0.2957663,0.00024683294658,-0.29885125,0.0032647524222366,-0.3306728,0.0009403574360998,-0.24579617,0.0006090277863041,-0.13409105,0.0053344726567319,True,0.29426706,True,True,False,2061,0.0575960695787255,supported_candidate,False
cluster_tissue__C3__spleen,spleen,C3,Ndufc1,respiratory_chain_or_mt,0.2942501,0.0015424042730243,0.3215061549601704,0.3730934689088755,stable__spleen_S0,0.9951118631321676,0.30089894,0.0006725431657894,0.34412843,0.0009015580890715,0.35024062,0.0004917593874368,0.3364549,5.130233231271113e-06,0.34488985,1.2333795438901763e-14,True,0.2942501,True,True,False,2061,0.0575960695787255,supported_candidate,False
cluster_tissue__C0__bone_marrow,bone_marrow,C0,Atp5md,respiratory_chain_or_mt,0.29416108,7.270175131762372e-05,0.4919068298460354,0.5492822966507106,stable__bone_marrow_S0,0.9829115293099718,0.337464,7.034187138313757e-07,0.35326612,2.373566556986028e-05,0.4246457,4.383668781021092e-08,0.330361,4.834296470679882e-08,0.32891017,3.587885747107567e-21,True,0.29416108,True,True,False,1742,0.0561687506989313,supported_candidate,True
cluster_tissue__C3__spleen,spleen,C3,Dnajc8,heat_shock,0.29770285,3.397291225063292e-05,0.456553222302674,0.5260070394994141,stable__spleen_S0,0.9951118631321676,0.29435918,2.668097978658472e-05,0.29326904,0.0004500708124418,0.3099552,0.0001360972787187,0.28805935,3.405421869608805e-06,0.24188393,6.178895570394453e-11,True,0.29326904,True,True,False,2061,0.0575960695787255,supported_candidate,False
cluster_tissue__C3__spleen,spleen,C3,Pdk1,other,0.29297277,0.0383995544523124,0.1567704561911646,0.1873289010559239,stable__spleen_S0,0.9951118631321676,0.29386443,0.0320743754371201,0.31952915,0.0634483978076907,0.2952951,0.1110071213468704,0.38260925,0.0001059090149251,0.30180135,4.802240322876791e-06,True,0.29297277,True,True,False,2061,0.0575960695787255,supported_candidate,False
cluster_tissue__C0__bone_marrow,bone_marrow,C0,Hif1a,other,0.32059175,0.0032860372504353,0.2491117252270049,0.3038277511961695,stable__bone_marrow_S0,0.9829115293099718,0.29283702,0.0084137441563329,0.30856013,0.0269059418753771,0.3041838,0.0269000346226007,0.26881793,0.0070854423438877,0.18163261,0.0028649965307131,True,0.29283702,True,True,False,1742,0.0561687506989313,supported_candidate,False
cluster_tissue__C0__bone_marrow,bone_marrow,C0,Chic2,other,-0.29467994,0.0015693153138265,0.3963679431504169,0.3449760765550205,stable__bone_marrow_S0,0.9829115293099718,-0.33241498,0.0001410202273679,-0.29277518,0.0194234789895275,-0.33912206,0.0023413369488992,-0.3642225,1.400671324704494e-06,-0.16692221,0.0011738908242814,True,0.29277518,True,True,False,1742,0.0561687506989313,supported_candidate,False
cluster_tissue__C0__bone_marrow,bone_marrow,C0,Tomm7,other,0.312092,5.635703414367871e-07,0.6044216344255715,0.6755980861243925,stable__bone_marrow_S0,0.9829115293099718,0.31950828,6.57230330687534e-08,0.2923953,0.0001184435459677,0.35174587,2.449791346874533e-07,0.30476925,1.046656813766814e-08,0.41100898,1.996970127954304e-39,True,0.2923953,True,True,False,1742,0.0561687506989313,supported_candidate,True
cluster_tissue__C3__spleen,spleen,C3,Ccng1,other,-0.33913422,0.0106887802406222,0.1994931209268628,0.1662104028157989,stable__spleen_S0,0.9951118631321676,-0.34329244,0.009000630144289,-0.3512617,0.0345543224424336,-0.2922337,0.0968392634386239,-0.36613107,0.0008063225372356,-0.24111028,0.0006088588390137,True,0.2922337,True,True,False,2061,0.0575960695787255,supported_candidate,False
cluster_tissue__C0__bone_marrow,bone_marrow,C0,Arpp19,other,0.2961183,3.616413426638375e-05,0.5092775365179648,0.5708133971291791,stable__bone_marrow_S0,0.9829115293099718,0.29180378,2.2162666813950836e-05,0.3271062,4.841755746544393e-05,0.35397962,2.949589590872844e-06,0.32137543,1.0449465943776795e-07,0.3464495,2.0814320813621744e-22,True,0.29180378,True,True,False,1742,0.0561687506989313,supported_candidate,False
cluster_tissue__C4__bone_marrow,bone_marrow,C4,Rpl41,ribosome,0.2911575,3.214905701422772e-06,0.9999999999999942,1.0000000000000024,stable__bone_marrow_S1,0.987152034261242,0.3617045,8.265579742378461e-11,0.29237506,0.0003514786955426,0.38217083,1.5752794959177854e-07,0.36243817,4.79148677237223e-99,0.39760503,4.927576666652693e-302,True,0.2911575,True,True,False,164,0.0733202144135154,supported_candidate,False
cluster_tissue__C0__bone_marrow,bone_marrow,C0,Nsd1,other,-0.2934528,0.0001231461760835,0.5463876825898114,0.493779904306214,stable__bone_marrow_S0,0.9829115293099718,-0.3401338,5.252427808768195e-06,-0.2909608,0.0038325809465194,-0.29411724,0.0065940855743478,-0.3802826,2.378418044551022e-09,-0.40512067,1.7053501502724128e-29,True,0.2909608,True,True,False,1742,0.0561687506989313,supported_candidate,False
cluster_tissue__C0__bone_marrow,bone_marrow,C0,Baz1a,other,-0.38180813,0.0003278357975576,0.3150414528227417,0.2636363636363616,stable__bone_marrow_S0,0.9829115293099718,-0.35522476,0.0005545378159038,-0.4471326,0.0004557840427511,-0.29074314,0.0433514011706641,-0.37592104,1.4378253259006576e-05,-0.36490467,1.1500424934532365e-13,True,0.29074314,True,True,False,1742,0.0561687506989313,supported_candidate,False
cluster_tissue__C0__bone_marrow,bone_marrow,C0,Itgb1bp1,other,-0.34678662,0.00802629891168,0.2317410185550743,0.1904306220095687,stable__bone_marrow_S0,0.9829115293099718,-0.34526876,0.0055579891687624,-0.37978533,0.0151030984473353,-0.290459,0.0799192210633224,-0.31489235,0.0040565191981395,-0.32609427,3.937417977581601e-08,True,0.290459,True,True,False,1742,0.0561687506989313,supported_candidate,False
cluster_tissue__C3__spleen,spleen,C3,Krr1,other,-0.3381033,0.0099671849325614,0.1600289645184636,0.1267109894407503,stable__spleen_S0,0.9951118631321676,-0.31682074,0.0179823723172531,-0.41752917,0.0052739967562746,-0.29036468,0.0766864279796811,-0.2794769,0.0297312271498009,-0.1726475,0.0287021428402148,True,0.29036468,True,True,False,2061,0.0575960695787255,supported_candidate,False
cluster_tissue__C3__spleen,spleen,C3,Bola3,other,0.33566234,0.0010362157678454,0.2614047791455441,0.3116933906922157,stable__spleen_S0,0.9951118631321676,0.3230762,0.0013586462895301,0.40083575,0.0005055625383199,0.29032978,0.0291909593585307,0.3501544,1.5661795441042245e-05,0.3079394,2.7744424931649206e-10,True,0.29032978,True,True,False,2061,0.0575960695787255,supported_candidate,False
cluster_tissue__C0__bone_marrow,bone_marrow,C0,Psmd6,other,-0.33697313,0.0012058530767236,0.3012238452427969,0.2535885167464097,stable__bone_marrow_S0,0.9829115293099718,-0.31104907,0.0025257012395148,-0.35096142,0.0076349807822011,-0.29030934,0.0448087936162027,-0.28898,0.0009740926124724,-0.2155112,4.857719205132352e-05,True,0.29030934,True,True,False,1742,0.0561687506989313,supported_candidate,False
cluster_tissue__C3__spleen,spleen,C3,Zbtb1,other,-0.39679515,0.0002278874833555,0.23099203475742,0.1826359014470073,stable__spleen_S0,0.9951118631321676,-0.41092807,7.366898003086205e-05,-0.3750014,0.0040353981754481,-0.28991145,0.051933109968365,-0.37602052,5.325148563366036e-05,-0.29955116,1.4419969472868652e-06,True,0.28991145,True,True,False,2061,0.0575960695787255,supported_candidate,False
cluster_tissue__C0__bone_marrow,bone_marrow,C0,Cebpz,other,0.2925011,0.0179950569624472,0.2289774970390853,0.2708133971291845,stable__bone_marrow_S0,0.9829115293099718,0.28980267,0.0158959588516679,0.30871674,0.0418857584208785,0.30072424,0.0476784522192881,0.28386748,0.0046345476670177,0.1987965,0.0003548550807004,True,0.28980267,True,True,False,1742,0.0561687506989313,supported_candidate,False
cluster_tissue__C3__spleen,spleen,C3,Crip1,other,0.30560178,3.2119060861880547e-05,0.4800868935553891,0.5365662886194781,stable__spleen_S0,0.9951118631321676,0.28916287,4.786440801542225e-05,0.35427916,1.726616240242989e-05,0.3230493,6.737050200691935e-05,0.32077053,4.481548923079849e-07,0.2128561,1.0072805959739396e-10,True,0.28916287,True,True,False,2061,0.0575960695787255,supported_candidate,True
cluster_tissue__C3__spleen,spleen,C3,Ppp2cb,other,-0.3998749,0.0195374479882709,0.1107892831281674,0.0852561595619864,stable__spleen_S0,0.9951118631321676,-0.40802503,0.018557171553599,-0.37735668,0.0916132458220203,-0.2887471,0.2325738035924774,-0.4339937,0.0029537119527454,-0.2715686,0.0058074537692389,True,0.2887471,True,True,False,2061,0.0575960695787255,supported_candidate,False
cluster_tissue__C3__spleen,spleen,C3,Ptbp1,other,0.29736114,0.0033285956093637,0.2744388124547402,0.3281188893234241,stable__spleen_S0,0.9951118631321676,0.31750253,0.0012367111948696,0.28856978,0.0198357179990055,0.35845542,0.0012943183940277,0.29709914,0.0002560739565144,0.18155047,0.0003490434423904,True,0.28856978,True,True,False,2061,0.0575960695787255,supported_candidate,False
cluster_tissue__C3__spleen,spleen,C3,Unc50,other,-0.30212423,0.0069934716669683,0.2708182476466302,0.2326945639421184,stable__spleen_S0,0.9951118631321676,-0.2884249,0.0082906440595598,-0.2958763,0.0400318843297332,-0.37009084,0.0022026257304826,-0.21273161,0.0425849908194057,-0.17161795,0.0095415559217816,True,0.2884249,True,True,False,2061,0.0575960695787255,supported_candidate,False
cluster_tissue__C3__spleen,spleen,C3,Actg1,other,0.2918992,2.285001221085612e-17,0.9561911658218564,0.978881501759937,stable__spleen_S0,0.9951118631321676,0.28824598,4.9239670753894576e-17,0.3284222,8.134344367116831e-16,0.32317618,2.750946106506313e-15,0.27255926,9.885898845293508e-20,0.2145459,1.4135929245408674e-30,True,0.28824598,True,True,False,2061,0.0575960695787255,supported_candidate,True
cluster_tissue__C3__spleen,spleen,C3,Rpl36a,ribosome,0.34986022,3.5593178286492374e-36,0.9558291093410451,0.9796636683614232,stable__spleen_S0,0.9951118631321676,0.3644396,1.5765931935337186e-39,0.2880793,2.164599242252533e-19,0.32623455,1.977186999452819e-22,0.3810758,6.86052496298132e-54,0.352392,1.832377791365622e-109,True,0.2880793,True,True,False,2061,0.0575960695787255,supported_candidate,False
cluster_tissue__C0__bone_marrow,bone_marrow,C0,Gramd1a,other,-0.35508612,0.0001666794438678,0.3762337149624973,0.3153110047846861,stable__bone_marrow_S0,0.9829115293099718,-0.3362809,0.0003386796269657,-0.2880737,0.0324241088816417,-0.3147617,0.0088272251872138,-0.30352646,0.000346373268581,-0.18616423,6.333740510194585e-05,True,0.2880737,True,True,False,1742,0.0561687506989313,supported_candidate,False
cluster_tissue__C3__spleen,spleen,C3,Macf1,other,-0.35030565,4.0909256435972776e-08,0.5506879073135345,0.4837700430191603,stable__spleen_S0,0.9951118631321676,-0.35238555,2.3273129229791056e-08,-0.2878696,0.0005181064138253,-0.32544723,3.388057461370799e-05,-0.34638786,2.7045548646116576e-10,-0.37656075,4.9693029488446076e-29,True,0.2878696,True,True,False,2061,0.0575960695787255,supported_candidate,True
cluster_tissue__C0__bone_marrow,bone_marrow,C0,Ankrd10,other,-0.3149129,0.0117709449374171,0.2672720094749324,0.2258373205741614,stable__bone_marrow_S0,0.9829115293099718,-0.3653858,0.0012019700068187,-0.28785738,0.085649487280276,-0.3299232,0.0241542153288827,-0.3685034,0.0002410369652612,-0.358496,2.5354071931995905e-11,True,0.28785738,True,True,False,1742,0.0561687506989313,supported_candidate,False
cluster_tissue__C0__bone_marrow,bone_marrow,C0,Cntrl,other,-0.31921962,0.0005654230210353,0.3963679431504169,0.3435406698564559,stable__bone_marrow_S0,0.9829115293099718,-0.28705347,0.0012966622010325,-0.31847072,0.0077613020161759,-0.2974998,0.0106124257337544,-0.3307124,1.6412616592009338e-05,-0.3339392,1.0531622140997928e-14,True,0.28705347,True,True,False,1742,0.0561687506989313,supported_candidate,False
cluster_tissue__C3__spleen,spleen,C3,Atp5mpl,respiratory_chain_or_mt,0.3495055,7.868716957274024e-08,0.5152063721940563,0.5905357841220275,stable__spleen_S0,0.9951118631321676,0.36463672,1.08890465291799e-08,0.2862162,0.0003665587119805,0.34146506,4.142051927261594e-06,0.37338492,2.3538206404740917e-11,0.4179024,3.3103395755715166e-35,True,0.2862162,True,True,False,2061,0.0575960695787255,supported_candidate,True
cluster_tissue__C0__bone_marrow,bone_marrow,C0,Ptp4a3,other,0.29026023,0.0075329556928801,0.2720094749309135,0.3191387559808583,stable__bone_marrow_S0,0.9829115293099718,0.286119,0.0063848072983485,0.35448557,0.005204373751507,0.3026571,0.0214533070358529,0.254359,0.0075699830285849,0.19084767,0.0002539234303236,True,0.286119,True,True,False,1742,0.0561687506989313,supported_candidate,False
cluster_tissue__C3__spleen,spleen,C3,Cct8,other,-0.31563535,4.901822573718472e-07,0.5217233888486543,0.4657802111849797,stable__spleen_S0,0.9951118631321676,-0.2914485,2.40754391048887e-06,-0.2860039,0.0003788556115713,-0.28578088,0.0002213484333484,-0.22120737,7.364934900840723e-05,-0.21503606,3.195041616066293e-10,True,0.28578088,True,True,False,2061,0.0575960695787255,supported_candidate,False
cluster_tissue__C0__bone_marrow,bone_marrow,C0,Lamtor4,other,0.3349426,2.538129168009878e-07,0.5428345834978261,0.6177033492822883,stable__bone_marrow_S0,0.9829115293099718,0.28550643,1.0659282153806174e-05,0.30722418,4.781866190359608e-05,0.30518004,4.075652778817382e-05,0.33248582,5.034350652106454e-09,0.22634463,4.0227008626922026e-10,True,0.28550643,True,True,False,1742,0.0561687506989313,supported_candidate,False
cluster_tissue__C0__bone_marrow,bone_marrow,C0,Rpl36,ribosome,0.30102742,1.4009408042161022e-70,0.9972364784839476,0.9976076555023772,stable__bone_marrow_S0,0.9829115293099718,0.30681795,2.2130574789853148e-73,0.28548628,7.607421102793203e-47,0.2908413,1.00651633975409e-46,0.32284266,6.531886190229775e-92,0.33858314,1.2010686044871607e-250,True,0.28548628,True,True,False,1742,0.0561687506989313,supported_candidate,False
cluster_tissue__C0__bone_marrow,bone_marrow,C0,Uqcrq,respiratory_chain_or_mt,0.3081774,7.806936877886827e-06,0.5657323332017314,0.6306220095693694,stable__bone_marrow_S0,0.9829115293099718,0.3353949,1.3732452311083737e-07,0.28523305,0.0004970666510709,0.34437734,2.2384578398629787e-06,0.34697774,1.088503855464482e-09,0.29725,9.639194947976028e-18,True,0.28523305,True,True,False,1742,0.0561687506989313,supported_candidate,False
cluster_tissue__C3__spleen,spleen,C3,Ddx10,other,-0.2915179,0.014480846113296,0.2226647356987669,0.187719984356667,stable__spleen_S0,0.9951118631321676,-0.29956582,0.0092678675865908,-0.28492463,0.0612720833417544,-0.3115438,0.0255279514512319,-0.27691898,0.0068674824269361,-0.14953013,0.0342377483641291,True,0.28492463,True,True,False,2061,0.0575960695787255,supported_candidate,False
cluster_tissue__C0__bone_marrow,bone_marrow,C0,9930111J21Rik2,other,-0.3482729,1.2042827283152225e-05,0.4804579549940811,0.4143540669856412,stable__bone_marrow_S0,0.9829115293099718,-0.32802665,3.611735984669098e-05,-0.28409934,0.0074662395958827,-0.31981584,0.0020802573138515,-0.3271082,2.713549881983251e-06,-0.15876432,0.0001960133866867,True,0.28409934,True,True,False,1742,0.0561687506989313,supported_candidate,False
cluster_tissue__C4__spleen,spleen,C4,Myl6,other,0.32119036,0.0413305731824189,0.9897959183673426,0.9999999999999976,stable__spleen_S3,0.9752475247524752,0.2839406,0.0490381725811778,0.33789495,0.0713921673167724,0.39633825,0.0079580443820325,0.20194493,4.7143226405802913e-23,0.122662425,2.9438980130362466e-17,True,0.2839406,True,True,False,143,0.1634711931257971,supported_candidate,True
cluster_tissue__C5-1__spleen,spleen,C5-1,Hsp90ab1,heat_shock,-0.2837323,0.0002274122499439,0.9958158995815856,0.9971014492753534,stable__spleen_S2,0.9023972602739726,-0.426688,8.394667551409276e-07,-0.3193449,0.001471102709217,-0.44867867,5.9362155001707926e-05,-0.31727538,1.6469606655894771e-37,-0.23433754,3.3026788719338104e-47,True,0.2837323,True,True,False,196,0.143283264804741,supported_candidate,True
cluster_tissue__C0__bone_marrow,bone_marrow,C0,Nop53,other,-0.3161017,1.4128503839966748e-07,0.6217923410974997,0.5703349282296576,stable__bone_marrow_S0,0.9829115293099718,-0.28359956,2.072286613403081e-06,-0.3633906,5.676578767748528e-07,-0.32229415,1.019870420801987e-05,-0.27255592,1.833754217135531e-07,-0.27648744,5.578929247023245e-19,True,0.28359956,True,True,False,1742,0.0561687506989313,supported_candidate,False
cluster_tissue__C5-1__spleen,spleen,C5-1,Rps27,ribosome,0.28345355,4.806491337966131e-10,0.9999999999999956,0.999999999999991,stable__spleen_S2,0.9023972602739726,0.31934282,8.670066149055744e-10,0.2944325,1.3384091064706136e-06,0.34993544,1.8409489375966819e-07,0.28648838,9.403921138354995e-116,0.30966502,6.8417483640746074e-270,True,0.28345355,True,True,False,196,0.143283264804741,supported_candidate,False
cluster_tissue__C0__bone_marrow,bone_marrow,C0,Mrpl33,ribosome,0.29079014,9.722631093010296e-05,0.5144097907619436,0.5842105263157817,stable__bone_marrow_S0,0.9829115293099718,0.3145152,7.670592102758777e-06,0.28324553,0.0015228930174527,0.3253721,0.0001093024833951,0.33016375,5.383896384702353e-08,0.24933821,1.03319044210356e-11,True,0.28324553,True,True,False,1742,0.0561687506989313,supported_candidate,False
cluster_tissue__C5-1__spleen,spleen,C5-1,Atp5e,respiratory_chain_or_mt,0.3337193,0.0124885516429159,0.9456066945606656,0.962318840579702,stable__spleen_S2,0.9023972602739726,0.33916873,0.0118502662000703,0.40045413,0.0121449484992389,0.2832116,0.1699878546723645,0.35473588,2.1189633943519228e-38,0.38492498,1.702759627363857e-96,True,0.2832116,True,True,False,196,0.143283264804741,supported_candidate,True
cluster_tissue__C0__bone_marrow,bone_marrow,C0,Psmd2,other,-0.36399594,0.000599156076249,0.3083300434267685,0.2521531100478451,stable__bone_marrow_S0,0.9829115293099718,-0.33288506,0.0007971797266649,-0.28601322,0.0622468009376832,-0.28319246,0.0311408337628707,-0.30038795,0.0008706051846179,-0.14348835,0.0200160880440113,True,0.28319246,True,True,False,1742,0.0561687506989313,supported_candidate,False
cluster_tissue__C0__bone_marrow,bone_marrow,C0,Baz2a,other,-0.3017126,0.0084182434507692,0.2838531385708662,0.2387559808612425,stable__bone_marrow_S0,0.9829115293099718,-0.28298715,0.0170046308530246,-0.2834906,0.0616833383084599,-0.2959802,0.0436416154003716,-0.22220428,0.0578602991708787,-0.08725251,0.2840926823637738,True,0.28298715,True,True,False,1742,0.0561687506989313,supported_candidate,False
cluster_tissue__C3__spleen,spleen,C3,Fyco1,other,0.38195875,0.0040955740657822,0.1191165821868205,0.1560422369964795,stable__spleen_S0,0.9951118631321676,0.3369863,0.0113389877577783,0.41792372,0.0098094328068112,0.2825517,0.1164242200851467,0.2742293,0.0152341990312541,0.24752356,0.0005490293236139,True,0.2825517,True,True,False,2061,0.0575960695787255,supported_candidate,False
cluster_tissue__C3__spleen,spleen,C3,Smc3,other,-0.32040608,4.262004121123433e-05,0.4308472121650929,0.3734845522096185,stable__spleen_S0,0.9951118631321676,-0.32510564,1.5331157150694533e-05,-0.28251928,0.0064315328201973,-0.30635965,0.0010060526620336,-0.3541568,4.32954273387487e-08,-0.3604397,7.800836078187098e-20,True,0.28251928,True,True,False,2061,0.0575960695787255,supported_candidate,False
cluster_tissue__C0__bone_marrow,bone_marrow,C0,Lsm5,other,0.3067263,0.000294467210766,0.3884721673904485,0.4555023923444922,stable__bone_marrow_S0,0.9829115293099718,0.31662112,8.038956642616638e-05,0.28209138,0.0093470291380885,0.36326635,8.703723493797301e-05,0.3314084,3.002692416360615e-06,0.2876374,3.761220020256843e-12,True,0.28209138,True,True,False,1742,0.0561687506989313,supported_candidate,False
cluster_tissue__C4__bone_marrow,bone_marrow,C4,Rpl36,ribosome,0.28173074,0.0001562853503742,0.9959016393442566,1.0000000000000024,stable__bone_marrow_S1,0.987152034261242,0.33480358,8.08446309492765e-08,0.30849224,0.0015122893934664,0.35475406,1.3792797904761209e-05,0.32284266,6.531886190229775e-92,0.33858314,1.2010686044871607e-250,True,0.28173074,True,True,False,164,0.0733202144135154,supported_candidate,False
cluster_tissue__C3__spleen,spleen,C3,Ndufb7,respiratory_chain_or_mt,0.28170156,1.0000889295496089e-07,0.6368573497465528,0.6961282753226675,stable__spleen_S0,0.9951118631321676,0.29626527,1.0734147494864596e-08,0.3021077,1.0428665970830957e-06,0.31397384,2.0218417154571685e-07,0.2686661,1.8339097005817552e-08,0.2499646,6.696718963677126e-17,True,0.28170156,True,True,False,2061,0.0575960695787255,supported_candidate,False
cluster_tissue__C3__spleen,spleen,C3,Ywhab,other,-0.30500007,2.8189528099765174e-07,0.5992034757422087,0.5439968713335972,stable__spleen_S0,0.9951118631321676,-0.3115856,7.082978678274293e-08,-0.28168792,0.0001332835796503,-0.29559103,2.9364967361237828e-05,-0.27821627,5.035454239072871e-08,-0.22208358,3.5360866852561285e-13,True,0.28168792,True,True,False,2061,0.0575960695787255,supported_candidate,False
cluster_tissue__C3__spleen,spleen,C3,Stim2,other,-0.35032025,0.0155157634309725,0.1705286024619827,0.1392256550645281,stable__spleen_S0,0.9951118631321676,-0.35201365,0.0150439409618516,-0.4011731,0.0183254160046143,-0.28148848,0.1794625304723035,-0.3816861,0.0025081314058013,-0.24697556,0.0050249896653191,True,0.28148848,True,True,False,2061,0.0575960695787255,supported_candidate,False
cluster_tissue__C3__spleen,spleen,C3,Nr3c1,other,-0.31701952,3.5591658915446653e-06,0.5488776249094794,0.4845522096206464,stable__spleen_S0,0.9951118631321676,-0.305796,5.140841038186524e-06,-0.32644215,8.881369171482843e-05,-0.28088123,0.0012818212303807,-0.38473508,4.195627894285841e-11,-0.3061196,6.57949125804134e-16,True,0.28088123,True,True,False,2061,0.0575960695787255,supported_candidate,False
cluster_tissue__C3__spleen,spleen,C3,Gimap7,other,-0.31120846,1.5484913703206079e-13,0.8551774076755868,0.8134532655456009,stable__spleen_S0,0.9951118631321676,-0.31261683,1.1172875338913806e-13,-0.28725198,6.4113150483394595e-09,-0.28075132,1.6666456922270336e-08,-0.41767892,2.613386094159675e-22,-0.3959547,9.1689675938831e-33,True,0.28075132,True,True,False,2061,0.0575960695787255,supported_candidate,True
cluster_tissue__C0__bone_marrow,bone_marrow,C0,Ndufc1,respiratory_chain_or_mt,0.2807071,0.0027094734803073,0.313462297670748,0.3693779904306181,stable__bone_marrow_S0,0.9829115293099718,0.31018782,0.0003025136693596,0.3408656,0.0021169833173261,0.37053654,0.0002572530917835,0.31297028,4.483555320638968e-05,0.34488985,1.2333795438901763e-14,True,0.2807071,True,True,False,1742,0.0561687506989313,supported_candidate,False
cluster_tissue__C3__spleen,spleen,C3,Pcnp,other,-0.28607213,0.0011272317878211,0.3559015206372156,0.3128666405944449,stable__spleen_S0,0.9951118631321676,-0.29780352,0.0005010884866367,-0.2806206,0.0146834413830616,-0.30650255,0.0023086500988583,-0.27224618,0.0004032237379552,-0.25060555,3.8386851997212716e-08,True,0.2806206,True,True,False,2061,0.0575960695787255,supported_candidate,False
cluster_tissue__C0__bone_marrow,bone_marrow,C0,Tspan14,other,-0.3948596,0.0089305131715912,0.1827872088432698,0.1468899521531101,stable__bone_marrow_S0,0.9829115293099718,-0.34192654,0.024260997786374,-0.39915472,0.0378282301400018,-0.279984,0.1927468185820167,-0.2980555,0.0315298453351622,-0.17928024,0.0346688889048855,True,0.279984,True,True,False,1742,0.0561687506989313,supported_candidate,False
cluster_tissue__C3__spleen,spleen,C3,Zbtb8os,other,0.295085,0.0025061481972083,0.2722664735698742,0.3222526398122782,stable__spleen_S0,0.9951118631321676,0.30219728,0.0014231182937705,0.2799599,0.0217491341170451,0.3841912,0.0002359322958869,0.2827543,0.0003694620297497,0.1505497,0.0033360045200024,True,0.2799599,True,True,False,2061,0.0575960695787255,supported_candidate,False
cluster_tissue__C3__spleen,spleen,C3,Polr2i,other,0.28159916,0.0436494972334959,0.1636495293265737,0.1939773171685559,stable__spleen_S0,0.9951118631321676,0.27974644,0.0346637494665289,0.29582176,0.0896302177022252,0.29487866,0.0814426561383032,0.24417013,0.0254389148292808,0.23229477,0.0001479019152865,True,0.27974644,True,True,False,2061,0.0575960695787255,supported_candidate,False
cluster_tissue__C3__spleen,spleen,C3,Pin1,other,-0.34795174,0.0011363733481763,0.2693700217233862,0.2252639812280004,stable__spleen_S0,0.9951118631321676,-0.34739038,0.0008400463948686,-0.27953637,0.0691407799007665,-0.37639078,0.0031859062140789,-0.31161353,0.0006778742412984,-0.18700491,0.0011841031965082,True,0.27953637,True,True,False,2061,0.0575960695787255,supported_candidate,False
cluster_tissue__C0__bone_marrow,bone_marrow,C0,Stx4a,other,-0.34207526,0.0043574137528557,0.2806948282668788,0.2349282296650703,stable__bone_marrow_S0,0.9829115293099718,-0.3121573,0.0082261345961344,-0.36729458,0.0117096967970995,-0.27930978,0.0776420987789678,-0.31935105,0.0009268593527206,-0.20283628,0.0003515482631919,True,0.27930978,True,True,False,1742,0.0561687506989313,supported_candidate,False
cluster_tissue__C4__spleen,spleen,C4,Rpl37a,ribosome,0.36904112,2.6794350174904946e-08,0.9999999999999956,0.9999999999999976,stable__spleen_S3,0.9752475247524752,0.34375167,2.352436737476199e-09,0.34849277,0.0001393239396688,0.27929905,0.0010923808546827,0.35831416,4.0155157404954703e-190,0.3578034,0.0,True,0.27929905,True,True,False,143,0.1634711931257971,supported_candidate,False
cluster_tissue__C3__spleen,spleen,C3,Cox8a,respiratory_chain_or_mt,0.2792343,9.828969807156576e-21,0.9561911658218564,0.9796636683614232,stable__spleen_S0,0.9951118631321676,0.28636327,1.1142377443686204e-21,0.30097416,2.6505235259974373e-18,0.2940055,8.280792022899385e-18,0.2611451,3.9576672429351364e-24,0.2853341,5.184522884062128e-65,True,0.2792343,True,True,False,2061,0.0575960695787255,supported_candidate,True
cluster_tissue__C0__bone_marrow,bone_marrow,C0,Mrpl52,ribosome,0.31416988,2.48297896109878e-05,0.4986182392420086,0.5732057416267867,stable__bone_marrow_S0,0.9829115293099718,0.31771204,5.688450564790855e-06,0.2990479,0.0008681870466695,0.27916095,0.0009051897633441,0.2913173,5.104310014393231e-06,0.33127055,7.241057532259774e-20,True,0.27916095,True,True,False,1742,0.0561687506989313,supported_candidate,False
cluster_tissue__C3__spleen,spleen,C3,Rpl39,ribosome,0.31780556,2.0903192813375328e-85,0.9967414916726884,0.999608916699322,stable__spleen_S0,0.9951118631321676,0.31799832,4.408469383393059e-86,0.27898434,9.466277087821396e-49,0.28104937,1.4396692158607012e-48,0.33538502,1.7420292864743216e-120,0.32848302,4.956032648111409e-261,True,0.27898434,True,True,False,2061,0.0575960695787255,supported_candidate,False
cluster_tissue__C3__spleen,spleen,C3,Tmem147,other,-0.29476327,0.0281219611527617,0.1973207820419968,0.1681658193195142,stable__spleen_S0,0.9951118631321676,-0.2789103,0.0339994813069928,-0.29412606,0.0926117956236204,-0.2883132,0.08235281194393,-0.2465698,0.033053016509136,-0.1396025,0.0636406637715822,True,0.2789103,True,True,False,2061,0.0575960695787255,supported_candidate,False
cluster_tissue__C3__spleen,spleen,C3,Tmx3,other,-0.31940237,0.0050579420173033,0.24909485879797,0.2123582323034795,stable__spleen_S0,0.9951118631321676,-0.28383845,0.0114226772310931,-0.27889773,0.0837781441295763,-0.2883111,0.0433299817740725,-0.29607555,0.0032269034244664,-0.24652453,4.517972332656374e-05,True,0.27889773,True,True,False,2061,0.0575960695787255,supported_candidate,False
cluster_tissue__C3__spleen,spleen,C3,Ndufaf8,respiratory_chain_or_mt,0.2788664,0.0042929179213067,0.2813178855901492,0.3292921392256532,stable__spleen_S0,0.9951118631321676,0.296941,0.0014288411762552,0.34606358,0.0017339522767834,0.2840745,0.0161086258003609,0.3326555,1.511228334245854e-05,0.40314248,4.497461218531957e-18,True,0.2788664,True,True,False,2061,0.0575960695787255,supported_candidate,False
cluster_tissue__C3__spleen,spleen,C3,Uqcrq,respiratory_chain_or_mt,0.27856404,3.753777503927497e-05,0.5383779869659604,0.5964020336331741,stable__spleen_S0,0.9951118631321676,0.2843395,2.0517163365213647e-05,0.2806969,0.0003677289677727,0.30648404,7.13756695196178e-05,0.25362402,2.5272835674778652e-05,0.29725,9.639194947976028e-18,True,0.27856404,True,True,False,2061,0.0575960695787255,supported_candidate,False
cluster_tissue__C3__spleen,spleen,C3,Cnot6l,other,-0.2785508,8.142008829995856e-05,0.4927588703837742,0.4403597966366811,stable__spleen_S0,0.9951118631321676,-0.28896558,2.437512504960543e-05,-0.28597474,0.0008455308746616,-0.2786699,0.001170376189264,-0.27083382,1.3943026225902089e-06,-0.23367472,6.185126793239164e-11,True,0.2785508,True,True,False,2061,0.0575960695787255,supported_candidate,False
cluster_tissue__C3__spleen,spleen,C3,Tk2,other,0.2784131,0.0235603486894643,0.1643736422881957,0.1998435666797017,stable__spleen_S0,0.9951118631321676,0.2838214,0.0182545586486252,0.3321305,0.0258052832937269,0.38572353,0.0041716314859489,0.2489751,0.0196670219460654,0.21474321,0.0019365181325205,True,0.2784131,True,True,False,2061,0.0575960695787255,supported_candidate,False
cluster_tissue__C0__bone_marrow,bone_marrow,C0,Ost4,other,0.2893134,1.3088821679877472e-06,0.6000789577575895,0.6535885167464025,stable__bone_marrow_S0,0.9829115293099718,0.27827,1.7037055083955654e-06,0.33110535,8.036550183074982e-07,0.32191685,7.033480978826191e-07,0.27091175,1.775027526498673e-07,0.2669529,2.4027484378962802e-17,True,0.27827,True,True,False,1742,0.0561687506989313,supported_candidate,False
cluster_tissue__C3__spleen,spleen,C3,Rpl36,ribosome,0.30811998,1.8208496532008336e-80,0.9971035481534994,0.999608916699322,stable__spleen_S0,0.9951118631321676,0.31021738,2.266760379559114e-81,0.28359956,2.1319944232525425e-49,0.27813244,1.0756381439028405e-50,0.31390917,6.019864542988808e-101,0.33858314,1.2010686044871607e-250,True,0.27813244,True,True,False,2061,0.0575960695787255,supported_candidate,False
cluster_tissue__C0__bone_marrow,bone_marrow,C0,Gnai3,other,-0.28372797,0.0076054191953148,0.3403079352546408,0.2961722488038252,stable__bone_marrow_S0,0.9829115293099718,-0.29043168,0.0055034661387687,-0.33219355,0.008975155821203,-0.2780931,0.0451797521524133,-0.24235147,0.0105386638011605,-0.25001976,7.33587341732235e-07,True,0.2780931,True,True,False,1742,0.0561687506989313,supported_candidate,False
cluster_tissue__C3__spleen,spleen,C3,Armc1,other,-0.32122153,0.0117577999860641,0.2161477190441689,0.1826359014470073,stable__spleen_S0,0.9951118631321676,-0.30437756,0.0184360649732917,-0.3049301,0.0743498507083311,-0.27774644,0.1136388047958044,-0.32676777,0.0018244401845707,-0.2850733,7.796474194858547e-06,True,0.27774644,True,True,False,2061,0.0575960695787255,supported_candidate,False
cluster_tissue__C0__bone_marrow,bone_marrow,C0,Scand1,other,0.27769333,2.087511071547486e-06,0.7050927753651554,0.7808612440191275,stable__bone_marrow_S0,0.9829115293099718,0.29792142,6.57230330687534e-08,0.32861015,5.676957216937124e-07,0.2977929,2.4970430813813896e-06,0.27631986,3.827739966550868e-08,0.2428806,1.3598697998282282e-16,True,0.27769333,True,True,False,1742,0.0561687506989313,supported_candidate,True
cluster_tissue__C0__bone_marrow,bone_marrow,C0,Sec61b,other,0.28223988,3.1755553053051304e-08,0.7552309514409481,0.8100478468899404,stable__bone_marrow_S0,0.9829115293099718,0.27746966,1.82079560152597e-08,0.3006406,6.24155479523892e-07,0.28817666,7.557503834439285e-07,0.2460683,1.0351398992605364e-08,0.23607036,2.976820754372323e-20,True,0.27746966,True,True,False,1742,0.0561687506989313,supported_candidate,False
cluster_tissue__C3__spleen,spleen,C3,Irgm1,other,-0.29854375,0.025633170596981,0.2212165097755229,0.1924129839655837,stable__spleen_S0,0.9951118631321676,-0.2931264,0.0230511680918319,-0.35821298,0.0198475967561308,-0.2771833,0.1164242200851467,-0.2257283,0.0674323053988782,-0.17693087,0.0179585920110006,True,0.2771833,True,True,False,2061,0.0575960695787255,supported_candidate,False
cluster_tissue__C0__bone_marrow,bone_marrow,C0,Ier3ip1,other,0.27706525,0.0009179110576466,0.4500592183182025,0.5162679425837255,stable__bone_marrow_S0,0.9829115293099718,0.30377257,5.7772046342397525e-05,0.27899444,0.0056726966099669,0.3433409,0.000115484001089,0.32606882,1.0505220250376486e-06,0.27077883,4.561643924869668e-12,True,0.27706525,True,True,False,1742,0.0561687506989313,supported_candidate,False
cluster_tissue__C3__spleen,spleen,C3,Kdelr1,other,-0.2766096,0.0096343083445147,0.2813178855901492,0.2420805631599518,stable__spleen_S0,0.9951118631321676,-0.29389316,0.0045839829668674,-0.27802023,0.0429096094864301,-0.30416736,0.0191544678459763,-0.22705479,0.0137303756853302,-0.22993544,1.464038996474053e-05,True,0.2766096,True,True,False,2061,0.0575960695787255,supported_candidate,False
cluster_tissue__C0__bone_marrow,bone_marrow,C0,Churc1,other,0.27756873,0.0002555847121609,0.5238847216739044,0.5909090909090831,stable__bone_marrow_S0,0.9829115293099718,0.27642027,0.0001317446376969,0.3099452,0.0005101766152267,0.32909817,4.674384238310189e-05,0.259318,4.59146557247022e-05,0.31371808,5.987059731394903e-18,True,0.27642027,True,True,False,1742,0.0561687506989313,supported_candidate,False
cluster_tissue__C3__spleen,spleen,C3,H2afj,other,0.2764143,2.411322246464096e-07,0.7049239681390211,0.7594837700430516,stable__spleen_S0,0.9951118631321676,0.28344023,7.754439744396956e-08,0.28419182,4.05726320521899e-06,0.29698384,1.1439958028586229e-06,0.2847055,2.094746556892649e-09,0.3285307,6.925954196073422e-31,True,0.2764143,True,True,False,2061,0.0575960695787255,supported_candidate,True
cluster_tissue__C3__spleen,spleen,C3,Socs2,other,-0.45172969,5.750514983915316e-07,0.3381607530774765,0.2682831443097365,stable__spleen_S0,0.9951118631321676,-0.4440771,4.018151220955637e-07,-0.31281167,0.0111796827103783,-0.27601254,0.023165616264743,-0.49900797,5.912715951096011e-10,-0.28225,2.5448878442396894e-08,True,0.27601254,True,True,False,2061,0.0575960695787255,supported_candidate,False
cluster_tissue__C0__bone_marrow,bone_marrow,C0,Slc38a2,other,0.29975486,1.3002105547971076e-05,0.5831030398736596,0.6334928229664986,stable__bone_marrow_S0,0.9829115293099718,0.282646,1.9963715772982136e-05,0.28336954,0.0008097573944811,0.2758795,0.0003914115719986,0.25648898,3.302371211532691e-05,0.18229891,2.5240034771681336e-06,True,0.2758795,True,True,False,1742,0.0561687506989313,supported_candidate,False
cluster_tissue__C3__spleen,spleen,C3,Wapl,other,-0.2769554,0.0001242582968005,0.4793627805937671,0.4247164646069589,stable__spleen_S0,0.9951118631321676,-0.28022295,8.739986360627401e-05,-0.31701988,0.0002671610030659,-0.27552485,0.0024997387084452,-0.27705148,4.865457754119882e-06,-0.27333596,1.9899432389367204e-12,True,0.27552485,True,True,False,2061,0.0575960695787255,supported_candidate,False
cluster_tissue__C0__bone_marrow,bone_marrow,C0,Mirt1,other,0.36332253,0.0082300395659082,0.1614686142913549,0.2014354066985637,stable__bone_marrow_S0,0.9829115293099718,0.31893852,0.018559748411023,0.39538684,0.029030520415841,0.27519682,0.198352578327476,0.35367987,0.0013232762889648,0.32661033,5.370276269263367e-09,True,0.27519682,True,True,False,1742,0.0561687506989313,supported_candidate,False
cluster_tissue__C3__spleen,spleen,C3,Smc4,other,-0.31412086,0.0011272317878211,0.3062997827661083,0.2588971450919032,stable__spleen_S0,0.9951118631321676,-0.32761964,0.0004620382806246,-0.27504507,0.0297706192946598,-0.3715655,0.0004340858356898,-0.32616907,0.0001189166826251,-0.30027613,2.2690556325016377e-08,True,0.27504507,True,True,False,2061,0.0575960695787255,supported_candidate,False
cluster_tissue__C3__spleen,spleen,C3,Rpl9-ps6,ribosome,-0.28467697,0.0094529903158692,0.2762490948587952,0.2405162299569795,stable__spleen_S0,0.9951118631321676,-0.29974476,0.0044917639982433,-0.27467743,0.0560753055281709,-0.33961704,0.0077678171496893,-0.27860916,0.0018909747126403,-0.2865365,1.0942354846713057e-07,True,0.27467743,True,True,False,2061,0.0575960695787255,supported_candidate,False
cluster_tissue__C3__spleen,spleen,C3,Mllt10,other,-0.2899615,0.0088370248597325,0.2624909485879771,0.2233085647242851,stable__spleen_S0,0.9951118631321676,-0.27465653,0.0132692196437007,-0.37012213,0.0031233801408128,-0.32832655,0.0106743761564391,-0.23165424,0.0221988792598427,-0.09620276,0.187409059118577,True,0.27465653,True,True,False,2061,0.0575960695787255,supported_candidate,False
cluster_tissue__C0__bone_marrow,bone_marrow,C0,Ndufb2,respiratory_chain_or_mt,0.27463037,0.0099988441344528,0.29293328069483,0.3421052631578913,stable__bone_marrow_S0,0.9829115293099718,0.30676517,0.0014888214018332,0.2751367,0.0359556261923443,0.34400055,0.0038766164838161,0.33014277,6.944086508752409e-05,0.30041593,4.6310354085217996e-10,True,0.27463037,True,True,False,1742,0.0561687506989313,supported_candidate,False
cluster_tissue__C3__spleen,spleen,C3,Rpl37,ribosome,0.31032726,1.4133515049457814e-81,0.9989138305575544,0.999608916699322,stable__spleen_S0,0.9951118631321676,0.29803327,2.266760379559114e-81,0.2745528,5.925990428631013e-51,0.28101262,3.808959741987415e-56,0.3002045,5.227820603706942e-99,0.32852536,4.9382829911260943e-238,True,0.2745528,True,True,False,2061,0.0575960695787255,supported_candidate,False
cluster_tissue__C3__spleen,spleen,C3,Isg15,other,0.28386405,0.0072375148231364,0.2965242577842113,0.3425889714509171,stable__spleen_S0,0.9951118631321676,0.27432302,0.0069321941332273,0.2770989,0.0419663541013352,0.28217074,0.02904494381042,0.30617148,0.0006672767808282,0.20415047,0.0007516568925937,True,0.27432302,True,True,False,2061,0.0575960695787255,supported_candidate,False
cluster_tissue__C0__bone_marrow,bone_marrow,C0,Mrpl57,ribosome,0.2885405,0.0011496214428285,0.3632056849585494,0.4258373205741578,stable__bone_marrow_S0,0.9829115293099718,0.2775582,0.0017706954411699,0.32557726,0.001888544038628,0.2739122,0.0148931448096013,0.30570263,3.234203443365066e-05,0.32415923,1.7495480425228662e-14,True,0.2739122,True,True,False,1742,0.0561687506989313,supported_candidate,False
cluster_tissue__C0__bone_marrow,bone_marrow,C0,Bola3,other,0.33849898,0.0008145052928139,0.2759573628108978,0.3330143540669824,stable__bone_marrow_S0,0.9829115293099718,0.36441502,0.0001065713466214,0.27386987,0.0472238991461578,0.33688742,0.0061963547588277,0.3203104,0.00011682978439,0.3079394,2.7744424931649206e-10,True,0.27386987,True,True,False,1742,0.0561687506989313,supported_candidate,False
cluster_tissue__C3__spleen,spleen,C3,Dexi,other,-0.2736562,0.0439931407672937,0.2143374366401139,0.1853734845522087,stable__spleen_S0,0.9951118631321676,-0.28423214,0.031676608142986,-0.32633498,0.0527438364494835,-0.27765778,0.1010640024400784,-0.31604585,0.0046259064786168,-0.14081964,0.0809403199349117,True,0.2736562,True,True,False,2061,0.0575960695787255,supported_candidate,False
cluster_tissue__C3__spleen,spleen,C3,Taf7,other,0.2947682,0.0158742734763859,0.1734250543084707,0.2127493156042226,stable__spleen_S0,0.9951118631321676,0.29389116,0.0136054282450706,0.27356485,0.0790593937808697,0.41578934,0.0019072551986437,0.23670658,0.0175130843321968,0.262734,1.163530768522068e-06,True,0.27356485,True,True,False,2061,0.0575960695787255,supported_candidate,False
cluster_tissue__C4__spleen,spleen,C4,Rpl38,ribosome,0.33852443,1.1934918729795998e-06,0.9999999999999956,0.9999999999999976,stable__spleen_S3,0.9752475247524752,0.27350682,5.743392565433483e-06,0.34830013,0.0001393239396688,0.27519414,0.0006852759279361,0.24992257,4.912071438491712e-79,0.25972018,2.792940765275288e-168,True,0.27350682,True,True,False,143,0.1634711931257971,supported_candidate,False
cluster_tissue__C3__spleen,spleen,C3,Ube2q2,other,-0.34642068,0.0093590659267799,0.1774076755973917,0.1439186546734447,stable__spleen_S0,0.9951118631321676,-0.34010983,0.0121479535630109,-0.29249182,0.0962176980362893,-0.27341986,0.1677711023553918,-0.34820154,0.0035616307515331,-0.25882998,0.0002948226866737,True,0.27341986,True,True,False,2061,0.0575960695787255,supported_candidate,False
cluster_tissue__C0__bone_marrow,bone_marrow,C0,Snrpb2,other,0.31533033,0.0100041024562236,0.1989735491512052,0.2435406698564577,stable__bone_marrow_S0,0.9829115293099718,0.29434425,0.0104063553778308,0.3891275,0.0064961604169305,0.272797,0.0771084029015784,0.28630668,0.0047476447543191,0.25424707,8.449418346128779e-06,True,0.272797,True,True,False,1742,0.0561687506989313,supported_candidate,False
cluster_tissue__C3__spleen,spleen,C3,Mrps21,ribosome,0.27258348,0.0006970841036172,0.3729181752353326,0.4274540477121603,stable__spleen_S0,0.9951118631321676,0.28557363,0.0001836274013462,0.31298822,0.0005229532132468,0.31476998,0.000296163188949,0.30303946,4.720214424132464e-06,0.25557145,3.4157670144316186e-10,True,0.27258348,True,True,False,2061,0.0575960695787255,supported_candidate,False
cluster_tissue__C0__bone_marrow,bone_marrow,C0,Gbp7,other,-0.27250874,0.0012680696665677,0.4792735886300859,0.4234449760765502,stable__bone_marrow_S0,0.9829115293099718,-0.29634684,0.0001917018013521,-0.28088754,0.0094596505731784,-0.3208611,0.0009407022105429,-0.26642585,0.0002633628502944,-0.19925514,3.1862558359537408e-06,True,0.27250874,True,True,False,1742,0.0561687506989313,supported_candidate,False
cluster_tissue__C0__bone_marrow,bone_marrow,C0,Oip5os1,other,-0.3017982,0.0001666794438678,0.4796683774180843,0.4177033492822919,stable__bone_marrow_S0,0.9829115293099718,-0.29124817,0.0001990347884563,-0.28208703,0.0072494123787306,-0.27240443,0.0073343674456819,-0.29998258,1.068110670531232e-05,-0.33655125,2.008706773446764e-17,True,0.27240443,True,True,False,1742,0.0561687506989313,supported_candidate,False
cluster_tissue__C3__spleen,spleen,C3,Acin1,other,-0.2812354,8.27285803850509e-07,0.6375814627081748,0.5862338678138532,stable__spleen_S0,0.9951118631321676,-0.27184734,1.373589039184791e-06,-0.32128358,1.964517687819508e-06,-0.31473854,2.0834413406390523e-06,-0.243633,4.758709303014392e-07,-0.24459586,1.9371063266105628e-15,True,0.27184734,True,True,False,2061,0.0575960695787255,supported_candidate,False
cluster_tissue__C4__spleen,spleen,C4,Rps19,ribosome,0.36443153,0.0004599417756147,0.9948979591836692,0.9999999999999976,stable__spleen_S3,0.9752475247524752,0.30272093,0.001994056622537,0.31481656,0.0564203922989271,0.27177975,0.1800055789307343,0.22939381,7.607552359514236e-51,0.19386986,1.1693009061822032e-74,True,0.27177975,True,True,False,143,0.1634711931257971,supported_candidate,False
cluster_tissue__C3__spleen,spleen,C3,Ddx23,other,-0.29434428,0.0235920409227424,0.2099927588703819,0.1798983183418059,stable__spleen_S0,0.9951118631321676,-0.27163488,0.0410103939039393,-0.32979318,0.0370299099112824,-0.3169728,0.0337144178105117,-0.2917627,0.0090269431458135,-0.14042905,0.0655540537974467,True,0.27163488,True,True,False,2061,0.0575960695787255,supported_candidate,False
cluster_tissue__C0__bone_marrow,bone_marrow,C0,Odc1,other,0.37725502,0.0022628867458964,0.176470588235295,0.2244019138755968,stable__bone_marrow_S0,0.9829115293099718,0.340855,0.0026649172130062,0.37518504,0.0196471134905923,0.27158463,0.087076738109214,0.34908265,0.0004817211293076,0.18746465,0.0025904116402825,True,0.27158463,True,True,False,1742,0.0561687506989313,supported_candidate,False
cluster_tissue__C0__bone_marrow,bone_marrow,C0,Fkbp2,other,0.27156287,0.0295357052783115,0.2289774970390853,0.2693779904306199,stable__bone_marrow_S0,0.9829115293099718,0.29153016,0.0128794709206742,0.35218516,0.0174541866767367,0.37344927,0.0074611537303409,0.30229348,0.0031515322720329,0.181492,0.0034358890924993,True,0.27156287,True,True,False,1742,0.0561687506989313,supported_candidate,False
cluster_tissue__C0__bone_marrow,bone_marrow,C0,Sap18,other,0.27152914,0.0065073995316161,0.3284642716146881,0.3827751196172207,stable__bone_marrow_S0,0.9829115293099718,0.27943027,0.0028221606613166,0.36115333,0.0014766444763069,0.35216677,0.0008021617576161,0.27965176,0.0005384866874557,0.1839014,0.0002670093336907,True,0.27152914,True,True,False,1742,0.0561687506989313,supported_candidate,False
cluster_tissue__C0__bone_marrow,bone_marrow,C0,Snx2,other,-0.31372324,0.0144996969722481,0.2585866561389671,0.2200956937799031,stable__bone_marrow_S0,0.9829115293099718,-0.28087208,0.0270006513048096,-0.34889027,0.0246245451452125,-0.27136794,0.091058491215121,-0.26462266,0.0118158603567058,-0.07377386,0.3873592843842377,True,0.27136794,True,True,False,1742,0.0561687506989313,supported_candidate,False
cluster_tissue__C4__spleen,spleen,C4,H3f3b,other,0.27104026,0.0246097359706873,0.9948979591836692,0.9951923076923052,stable__spleen_S3,0.9752475247524752,0.28480008,0.0025518453206689,0.31672484,0.0497528019938752,0.31627622,0.007197972819618,0.30841476,3.4884778555697266e-44,0.31348985,1.3622230968244437e-95,True,0.27104026,True,True,False,143,0.1634711931257971,supported_candidate,True
cluster_tissue__C0__bone_marrow,bone_marrow,C0,Bloc1s2,other,-0.34823123,0.0105540078340916,0.2112120015791563,0.1732057416267939,stable__bone_marrow_S0,0.9829115293099718,-0.2708428,0.0470732375721304,-0.37194568,0.0294152264601276,-0.27439818,0.1139352042043813,-0.3246454,0.0034987665933609,-0.25115985,9.477728176601084e-05,True,0.2708428,True,True,False,1742,0.0561687506989313,supported_candidate,False
cluster_tissue__C5-1__spleen,spleen,C5-1,Serf2,other,0.3487719,0.0004265066621449,0.9916317991631756,0.9971014492753534,stable__spleen_S2,0.9023972602739726,0.2939463,0.0028965207509125,0.36260548,0.0116828960204389,0.27073705,0.0971139233624996,0.27778116,1.622921484439779e-38,0.3011438,4.625690073443864e-94,True,0.27073705,True,True,False,196,0.143283264804741,supported_candidate,True
cluster_tissue__C3__spleen,spleen,C3,Rtraf,other,-0.2859482,7.868716957274024e-08,0.6875452570600931,0.6323816973015404,stable__spleen_S0,0.9951118631321676,-0.26979002,2.297425260038969e-07,-0.32740885,3.249733755680991e-07,-0.33506265,2.0472296827593265e-08,-0.21676174,3.9760608400831083e-07,-0.14019042,1.687927428589893e-06,True,0.26979002,True,True,False,2061,0.0575960695787255,supported_candidate,False
cluster_tissue__C3__spleen,spleen,C3,Dnajc19,heat_shock,0.2957049,0.0006398686232629,0.3034033309196203,0.3656628861947574,stable__spleen_S0,0.9951118631321676,0.29603902,0.0003505264067434,0.2694031,0.0146588500299679,0.29169413,0.0041266300163384,0.25811327,0.0003892377835431,0.26144394,1.1821227619907102e-09,True,0.2694031,True,True,False,2061,0.0575960695787255,supported_candidate,False
cluster_tissue__C3__spleen,spleen,C3,Dpf2,other,-0.30847457,0.0125935030669592,0.2125271542360589,0.1795072350410628,stable__spleen_S0,0.9951118631321676,-0.26943487,0.0268226054341501,-0.28242084,0.0718335616438034,-0.26922518,0.0760243375518464,-0.27345103,0.0125011703033047,-0.18522833,0.0075262149010271,True,0.26922518,True,True,False,2061,0.0575960695787255,supported_candidate,False
cluster_tissue__C0__bone_marrow,bone_marrow,C0,Mob3a,other,-0.33240232,0.0009332285050893,0.38057639163048,0.3272727272727241,stable__bone_marrow_S0,0.9829115293099718,-0.26896805,0.0105281084238581,-0.38067582,0.0012470224485405,-0.32574415,0.0054184574219899,-0.26517415,0.0032240233561178,-0.29362574,1.6733343330534274e-08,True,0.26896805,True,True,False,1742,0.0561687506989313,supported_candidate,False
cluster_tissue__C3__spleen,spleen,C3,Fxr1,other,-0.36009887,0.0002528785849569,0.3059377262852973,0.2585060617911601,stable__spleen_S0,0.9951118631321676,-0.37269035,0.0001323191489232,-0.26888868,0.0537757219284461,-0.35146323,0.0047227194007564,-0.3683719,2.066784720206244e-05,-0.24978296,1.3492222816692532e-05,True,0.26888868,True,True,False,2061,0.0575960695787255,supported_candidate,False
cluster_tissue__C0__bone_marrow,bone_marrow,C0,Tbca,other,0.2683881,7.721765131833819e-05,0.5941571259376139,0.6588516746411393,stable__bone_marrow_S0,0.9829115293099718,0.2801469,1.202449065223136e-05,0.3134055,2.9147128325674608e-05,0.30818242,2.435873439455479e-05,0.26060268,5.304809903858673e-06,0.23772451,2.2080750681966584e-12,True,0.2683881,True,True,False,1742,0.0561687506989313,supported_candidate,False
cluster_tissue__C3__spleen,spleen,C3,Fam50a,other,-0.28677696,0.0072592009106039,0.2621288921071661,0.2236996480250281,stable__spleen_S0,0.9951118631321676,-0.29115596,0.0053741482183867,-0.2680293,0.052799507591981,-0.35551745,0.0028411547228914,-0.29300937,0.0012246256690304,-0.15968376,0.0111037325603347,True,0.2680293,True,True,False,2061,0.0575960695787255,supported_candidate,False
cluster_tissue__C3__spleen,spleen,C3,Rnpepl1,other,-0.34469515,0.0082563253053563,0.1955104996379418,0.1611263199061392,stable__spleen_S0,0.9951118631321676,-0.31446475,0.0123891792481227,-0.37082928,0.0171007939701049,-0.2680078,0.1249743080886496,-0.19199228,0.1412467352351021,-0.10901449,0.1757402879028567,True,0.2680078,True,True,False,2061,0.0575960695787255,supported_candidate,False
cluster_tissue__C3__spleen,spleen,C3,Slc3a2,other,0.29605225,0.0006834708804446,0.3493845039826175,0.40438013296832,stable__spleen_S0,0.9951118631321676,0.2679529,0.001879392056376,0.29465142,0.004523818944725,0.3144975,0.0014695046337709,0.2778585,0.0001545273186379,0.33027995,2.873938407229503e-16,True,0.2679529,True,True,False,2061,0.0575960695787255,supported_candidate,False
cluster_tissue__C0__bone_marrow,bone_marrow,C0,Pcmt1,other,-0.3476758,0.0003051391450952,0.333991314646666,0.2722488038277491,stable__bone_marrow_S0,0.9829115293099718,-0.28888693,0.0021016560733099,-0.32669944,0.0093157288186891,-0.2678542,0.0282124811297147,-0.2906255,0.0005343735022408,-0.35106498,5.4794047917654195e-14,True,0.2678542,True,True,False,1742,0.0561687506989313,supported_candidate,False
cluster_tissue__C3__spleen,spleen,C3,Cd72,other,-0.35160944,0.0004220033834081,0.3044895003620533,0.2557684786859587,stable__spleen_S0,0.9951118631321676,-0.33211088,0.0008835143889824,-0.37240615,0.0020696836618835,-0.26778474,0.0560972888972718,-0.31575385,0.0008138357042212,-0.3002212,2.9962171978440063e-05,True,0.26778474,True,True,False,2061,0.0575960695787255,supported_candidate,False
cluster_tissue__C3__spleen,spleen,C3,Mbd3,other,-0.31756786,0.0010852514345526,0.3211440984793594,0.278842393429799,stable__spleen_S0,0.9951118631321676,-0.3099675,0.0015875905175539,-0.30812097,0.0109251693193481,-0.26729837,0.048809390169645,-0.31547272,0.0001217861660381,-0.23948169,1.7257850435342856e-06,True,0.26729837,True,True,False,2061,0.0575960695787255,supported_candidate,False
cluster_tissue__C3__spleen,spleen,C3,Gbp8,other,-0.34606227,0.0030951466156259,0.2248370745836329,0.1845913179507226,stable__spleen_S0,0.9951118631321676,-0.3404822,0.003013620082906,-0.27654055,0.0949241800725713,-0.2672779,0.0826717448259084,-0.34934852,0.0007401200470519,-0.47757822,3.4123677320511013e-15,True,0.2672779,True,True,False,2061,0.0575960695787255,supported_candidate,False
cluster_tissue__C3__spleen,spleen,C3,Msl1,other,-0.30502978,0.0071744570031535,0.2780593772628502,0.2405162299569795,stable__spleen_S0,0.9951118631321676,-0.28309417,0.0146106004809941,-0.29472122,0.048038556551775,-0.2672121,0.0921100857169843,-0.31383383,0.0010528539939665,-0.2863539,1.599617840416405e-06,True,0.2672121,True,True,False,2061,0.0575960695787255,supported_candidate,False
cluster_tissue__C0__bone_marrow,bone_marrow,C0,Traf3ip3,other,-0.3414423,2.3137633182209523e-05,0.4595341492301647,0.3937799043062158,stable__bone_marrow_S0,0.9829115293099718,-0.27786726,0.0005891293198303,-0.38461667,7.431985864758881e-05,-0.26674896,0.012770550517454,-0.2951014,2.5239856094313017e-05,-0.24230634,2.937825555926681e-09,True,0.26674896,True,True,False,1742,0.0561687506989313,supported_candidate,False
cluster_tissue__C3__spleen,spleen,C3,Pcbd2,other,0.2667183,0.0222752759005947,0.1853729181752338,0.2221353148220559,stable__spleen_S0,0.9951118631321676,0.28779292,0.0113389877577783,0.3108843,0.0339006902816242,0.34791026,0.0129781158815397,0.28787065,0.002079446832134,0.2529355,1.3029390216364204e-05,True,0.2667183,True,True,False,2061,0.0575960695787255,supported_candidate,False
cluster_tissue__C3__spleen,spleen,C3,Inpp4b,other,-0.28031874,6.460495057553994e-08,0.7244750181028152,0.6714900273758515,stable__spleen_S0,0.9951118631321676,-0.2667102,1.4740856245277478e-07,-0.27442968,2.517506944915227e-05,-0.26676214,1.7538695483911148e-05,-0.31496665,1.627113703561859e-11,-0.15952788,1.1712042148100053e-07,True,0.2667102,True,True,False,2061,0.0575960695787255,supported_candidate,False
cluster_tissue__C3__spleen,spleen,C3,Gimap1os,other,0.27103552,0.0081084895780945,0.2577842143374341,0.3042628079780977,stable__spleen_S0,0.9951118631321676,0.26652196,0.0075185594673726,0.3463542,0.0021418888723602,0.3225041,0.0043555841951478,0.22231859,0.0116299882807595,0.19269915,0.0005505311075874,True,0.26652196,True,True,False,2061,0.0575960695787255,supported_candidate,False
cluster_tissue__C3__spleen,spleen,C3,Btg2,other,0.2968446,1.321081846402187e-07,0.667632150615488,0.7164646069613093,stable__spleen_S0,0.9951118631321676,0.2958878,1.0736406428779952e-07,0.2664847,0.0001038419478744,0.29468995,6.919068640409948e-06,0.26106155,1.5266311668930042e-07,0.32087716,4.786457409996762e-25,True,0.2664847,True,True,False,2061,0.0575960695787255,supported_candidate,True
cluster_tissue__C0__bone_marrow,bone_marrow,C0,Igbp1,other,-0.2873625,0.0101976468251442,0.3308330043426786,0.2894736842105239,stable__bone_marrow_S0,0.9829115293099718,-0.26648244,0.0147903597836026,-0.30815807,0.0333240284583502,-0.3156406,0.0150305666663995,-0.20662116,0.0380408892535706,-0.14947362,0.0068084158364011,True,0.26648244,True,True,False,1742,0.0561687506989313,supported_candidate,False
cluster_tissue__C0__bone_marrow,bone_marrow,C0,Fam120a,other,-0.3073015,0.0136817311292091,0.2479273588630097,0.208133971291865,stable__bone_marrow_S0,0.9829115293099718,-0.26637444,0.0298180957027513,-0.3306386,0.0343420349999897,-0.29814607,0.037522117918165,-0.3207639,0.0018615357713907,-0.1900466,0.0047595889142366,True,0.26637444,True,True,False,1742,0.0561687506989313,supported_candidate,False
cluster_tissue__C0__bone_marrow,bone_marrow,C0,Rab6b,other,-0.3864509,0.0214970271543483,0.1444926964074227,0.1124401913875602,stable__bone_marrow_S0,0.9829115293099718,-0.34405094,0.0260231802675118,-0.38072872,0.0945577371952524,-0.26588807,0.2068064682925618,-0.2860135,0.0485856736254888,-0.23007907,0.0048166069302062,True,0.26588807,True,True,False,1742,0.0561687506989313,supported_candidate,False
cluster_tissue__C0__bone_marrow,bone_marrow,C0,Atp5l,respiratory_chain_or_mt,0.27819645,6.056269720496537e-10,0.8310303987366348,0.8789473684210396,stable__bone_marrow_S0,0.9829115293099718,0.26579115,5.212876365610318e-10,0.2745805,5.63660202964212e-07,0.32075438,7.226304319494416e-11,0.29272398,5.2909139677653865e-15,0.30067176,6.291585289828129e-38,True,0.26579115,True,True,False,1742,0.0561687506989313,supported_candidate,True
cluster_tissue__C3__spleen,spleen,C3,Psmc6,other,-0.29171225,0.0008099348555101,0.3685734974656006,0.3210793899100491,stable__spleen_S0,0.9951118631321676,-0.29758957,0.0005067751438517,-0.28739914,0.0106069082921278,-0.26495737,0.0194122063564451,-0.28890812,7.665201231098617e-05,-0.18125673,0.0001918681225346,True,0.26495737,True,True,False,2061,0.0575960695787255,supported_candidate,False
cluster_tissue__C0__bone_marrow,bone_marrow,C0,Padi2,other,0.26495367,0.0219164046083167,0.2633241215949482,0.3071770334928202,stable__bone_marrow_S0,0.9829115293099718,0.2837712,0.008753099598701,0.29470614,0.0426960820408984,0.30474868,0.0243509018388585,0.26367685,0.0077901795635289,0.1477417,0.0235608837932082,True,0.26495367,True,True,False,1742,0.0561687506989313,supported_candidate,False
cluster_tissue__C0__bone_marrow,bone_marrow,C0,Gm26917,other,0.27203402,0.0010119717365048,0.5136202131859469,0.5760765550239159,stable__bone_marrow_S0,0.9829115293099718,0.30357617,6.773078920125562e-05,0.26434642,0.0092102864244887,0.30197972,0.0007348113249054,0.30634683,4.251892919059937e-06,0.29719365,7.066117533350737e-16,True,0.26434642,True,True,False,1742,0.0561687506989313,supported_candidate,False
cluster_tissue__C3__spleen,spleen,C3,Ubn1,other,-0.34220433,1.8789383306363577e-05,0.4026068066618348,0.341806804849431,stable__spleen_S0,0.9951118631321676,-0.3885001,6.084328448471905e-07,-0.26429662,0.0150850544009144,-0.36203876,0.0001928607898506,-0.3756818,4.560640225672096e-08,-0.31259027,4.1458865358189625e-13,True,0.26429662,True,True,False,2061,0.0575960695787255,supported_candidate,False
cluster_tissue__C0__bone_marrow,bone_marrow,C0,Chordc1,other,-0.39196628,4.88961407035838e-05,0.3414923016186361,0.282296650717701,stable__bone_marrow_S0,0.9829115293099718,-0.37194005,9.468859193056308e-05,-0.334922,0.0088716152430566,-0.26424408,0.0640635628687539,-0.41521338,4.663878666738773e-07,-0.4624074,2.7950277528667913e-23,True,0.26424408,True,True,False,1742,0.0561687506989313,supported_candidate,False
cluster_tissue__C0__bone_marrow,bone_marrow,C0,Sltm,other,-0.3174182,5.104942375865563e-05,0.4986182392420086,0.4511961722487985,stable__bone_marrow_S0,0.9829115293099718,-0.29558915,0.0001126948970909,-0.26408744,0.0110930072703151,-0.26773155,0.0070496677202504,-0.31371891,2.46822284049483e-06,-0.27053398,8.074460628714129e-13,True,0.26408744,True,True,False,1742,0.0561687506989313,supported_candidate,False
cluster_tissue__C3__spleen,spleen,C3,Rab10,other,-0.30264443,0.0005072285068083,0.3805213613323637,0.334376222135313,stable__spleen_S0,0.9951118631321676,-0.2639735,0.0024975104640411,-0.3629283,0.0002970404959875,-0.3006122,0.0037451132226819,-0.2318232,0.0030088909514131,-0.21479605,1.0142246577601216e-06,True,0.2639735,True,True,False,2061,0.0575960695787255,supported_candidate,False
cluster_tissue__C4__bone_marrow,bone_marrow,C4,Rpl5,ribosome,-0.31670007,3.107738398991617e-08,0.9999999999999942,1.0000000000000024,stable__bone_marrow_S1,0.987152034261242,-0.2636984,6.267664858828473e-10,-0.32946268,1.0291233163753975e-05,-0.29532993,6.383187470329152e-09,-0.25374386,8.752387372372154e-61,-0.2116643,8.985892557002097e-117,True,0.2636984,True,True,False,164,0.0733202144135154,supported_candidate,False
cluster_tissue__C5-1__spleen,spleen,C5-1,Rpl38,ribosome,0.2718172,2.8160598915317485e-08,0.9999999999999956,0.999999999999991,stable__spleen_S2,0.9023972602739726,0.2757063,2.7881677355024838e-08,0.26334268,0.000103823755674,0.2828317,5.506101699045591e-06,0.24992257,4.912071438491712e-79,0.25972018,2.792940765275288e-168,True,0.26334268,True,True,False,196,0.143283264804741,supported_candidate,False
cluster_tissue__C0__bone_marrow,bone_marrow,C0,Ppp1r10,other,0.28590444,0.0175883599415552,0.2649032767469419,0.3052631578947341,stable__bone_marrow_S0,0.9829115293099718,0.2910211,0.0097396948143165,0.30408698,0.0404933289401403,0.26301926,0.1002586758758194,0.24254797,0.0145692854571754,0.15413633,0.007520583301513,True,0.26301926,True,True,False,1742,0.0561687506989313,supported_candidate,False
cluster_tissue__C3__spleen,spleen,C3,Ttc9c,other,-0.36676204,0.0493361860369307,0.1209268645908755,0.0981619084865072,stable__spleen_S0,0.9951118631321676,-0.3692291,0.0436786227053848,-0.4367384,0.0419924957973411,-0.2629327,0.3724188538797545,-0.3539916,0.0263313825745966,-0.27123636,0.0064739006428159,True,0.2629327,True,True,False,2061,0.0575960695787255,supported_candidate,False
cluster_tissue__C3__spleen,spleen,C3,Snhg8,other,0.31175068,0.0007348209349854,0.2740767559739292,0.3300743058271393,stable__spleen_S0,0.9951118631321676,0.29885623,0.0010148645070006,0.26263714,0.0271078879637662,0.3002439,0.0072300031343947,0.3531301,1.3943026225902089e-06,0.30998436,6.472036064943802e-13,True,0.26263714,True,True,False,2061,0.0575960695787255,supported_candidate,False
cluster_tissue__C0__bone_marrow,bone_marrow,C0,Rb1cc1,other,-0.30335265,0.0046722986378559,0.3324121594946723,0.2870813397129163,stable__bone_marrow_S0,0.9829115293099718,-0.2779397,0.0086201928871729,-0.26355055,0.0733677772544201,-0.26253995,0.0508602828646715,-0.26815456,0.0036361329851585,-0.22050594,2.807662900400116e-05,True,0.26253995,True,True,False,1742,0.0561687506989313,supported_candidate,False
cluster_tissue__C3__spleen,spleen,C3,Lsm5,other,0.26251128,0.0033458127385392,0.3537291817523496,0.4082909659757505,stable__spleen_S0,0.9951118631321676,0.26883548,0.0013414611738318,0.28400636,0.0072488930454245,0.34442094,0.0001620717462538,0.2746669,9.711586579000198e-05,0.2876374,3.761220020256843e-12,True,0.26251128,True,True,False,2061,0.0575960695787255,supported_candidate,False
cluster_tissue__C3__spleen,spleen,C3,Atp5k,respiratory_chain_or_mt,0.26716682,0.0016097110301834,0.4015206372194018,0.4497457958545144,stable__spleen_S0,0.9951118631321676,0.26868102,0.0009336306195752,0.28663763,0.0038499434833688,0.26243713,0.0077916899565489,0.31494835,2.649434284433429e-06,0.29690382,3.645448043922997e-13,True,0.26243713,True,True,False,2061,0.0575960695787255,supported_candidate,False
cluster_tissue__C0__bone_marrow,bone_marrow,C0,Snrpf,other,0.2620875,2.2569310046436326e-05,0.6470588235293953,0.7028708133971193,stable__bone_marrow_S0,0.9829115293099718,0.29058984,9.195972295254528e-07,0.33721223,5.44341507195804e-07,0.32253462,1.2498110871929577e-06,0.277857,7.960871208174602e-08,0.33059865,5.148878977921936e-29,True,0.2620875,True,True,False,1742,0.0561687506989313,supported_candidate,True
cluster_tissue__C3__spleen,spleen,C3,Nr1h2,other,-0.29035014,0.02139577251848,0.230267921795798,0.201798983183417,stable__spleen_S0,0.9951118631321676,-0.3079411,0.0131918524708732,-0.2754875,0.0923856819112197,-0.2618809,0.1409186482982906,-0.31329134,0.0018665737747305,-0.22887659,0.0002144024427261,True,0.2618809,True,True,False,2061,0.0575960695787255,supported_candidate,False
cluster_tissue__C4__bone_marrow,bone_marrow,C4,Myl6,other,0.26159143,0.0082739811995243,0.9999999999999942,0.995515695067267,stable__bone_marrow_S1,0.987152034261242,0.33801123,1.25394873283706e-05,0.31874102,0.0214029035668266,0.4007639,0.0001724215223429,0.10411416,1.8864659883274656e-06,0.122662425,2.9438980130362466e-17,True,0.26159143,True,True,False,164,0.0733202144135154,supported_candidate,True
cluster_tissue__C3__spleen,spleen,C3,Hnrnph3,other,-0.33291706,0.002263418791222,0.2686459087617642,0.2252639812280004,stable__spleen_S0,0.9951118631321676,-0.30140814,0.0053911366831736,-0.2926382,0.0360970303064567,-0.2615796,0.0522183073795394,-0.34901294,0.0001558031903489,-0.26385826,1.799467309144874e-05,True,0.2615796,True,True,False,2061,0.0575960695787255,supported_candidate,False
cluster_tissue__C3__spleen,spleen,C3,Abhd8,other,-0.2722878,0.0002948703521826,0.446053584359155,0.4000782166601463,stable__spleen_S0,0.9951118631321676,-0.2671007,0.0003481283797726,-0.26145914,0.0050730828065361,-0.29771772,0.0012385448900735,-0.2447441,0.0002727119933175,-0.14458379,0.0009455446883446,True,0.26145914,True,True,False,2061,0.0575960695787255,supported_candidate,False
cluster_tissue__C0__bone_marrow,bone_marrow,C0,Arid4b,other,-0.30747187,0.000134646282935,0.4867745756020559,0.4234449760765502,stable__bone_marrow_S0,0.9829115293099718,-0.32936597,1.7584760773976314e-05,-0.28026047,0.0097275424366379,-0.26135233,0.0148599490253007,-0.32171893,3.3886102715650266e-06,-0.25215274,7.802751544495866e-11,True,0.26135233,True,True,False,1742,0.0561687506989313,supported_candidate,False
cluster_tissue__C0__bone_marrow,bone_marrow,C0,S100a11,other,0.2609808,2.345174829918567e-07,0.8274772996446494,0.876555023923432,stable__bone_marrow_S0,0.9829115293099718,0.27086088,4.447410883773118e-08,0.26854482,2.0867792367887905e-05,0.27381593,2.4121511973454114e-06,0.29062694,5.777646218822622e-12,0.26874322,2.822308119120067e-24,True,0.2609808,True,True,False,1742,0.0561687506989313,supported_candidate,True
cluster_tissue__C3__spleen,spleen,C3,Serf2,other,0.26875097,1.4305917116260242e-28,0.9746560463432172,0.9843566679703406,stable__spleen_S0,0.9951118631321676,0.2608105,3.927801606810749e-28,0.29151717,3.0335200730492787e-25,0.2725924,1.2190301479170428e-22,0.27778116,1.622921484439779e-38,0.3011438,4.625690073443864e-94,True,0.2608105,True,True,False,2061,0.0575960695787255,supported_candidate,True
cluster_tissue__C0__bone_marrow,bone_marrow,C0,Sugt1,other,-0.32387885,0.0001139585899546,0.4315041452822766,0.3760765550239194,stable__bone_marrow_S0,0.9829115293099718,-0.31003487,0.0001272776770833,-0.30006456,0.006940863199144,-0.2604752,0.0225225639944107,-0.28163216,6.231329703015603e-05,-0.23274097,1.4274941918378592e-08,True,0.2604752,True,True,False,1742,0.0561687506989313,supported_candidate,False
cluster_tissue__C3__spleen,spleen,C3,Son,other,0.26226175,2.5257890284844542e-08,0.7729905865314894,0.8240125146656649,stable__spleen_S0,0.9951118631321676,0.26287693,2.6038571195752177e-08,0.260076,2.6324915962138417e-06,0.31326082,4.892858768149831e-09,0.24093431,1.1416864064473132e-08,0.26745448,2.7647536089276363e-24,True,0.260076,True,True,False,2061,0.0575960695787255,supported_candidate,False
cluster_tissue__C0__bone_marrow,bone_marrow,C0,Gbp4,other,-0.32257593,0.0004180620000456,0.4046585076983838,0.3550239234449724,stable__bone_marrow_S0,0.9829115293099718,-0.3152483,0.0002742214861155,-0.26007456,0.0453876481932948,-0.2930953,0.0145031523263999,-0.26976967,0.0012289863652954,-0.1865048,0.0002503307744263,True,0.26007456,True,True,False,1742,0.0561687506989313,supported_candidate,False
cluster_tissue__C0__bone_marrow,bone_marrow,C0,Cox8a,respiratory_chain_or_mt,0.25948623,3.084016546753394e-19,0.958941966048106,0.9770334928229516,stable__bone_marrow_S0,0.9829115293099718,0.27652386,1.650207931997572e-21,0.27176645,1.530101150905291e-16,0.30650455,3.37207140543912e-19,0.2948562,6.0323315296187505e-28,0.2853341,5.184522884062128e-65,True,0.25948623,True,True,False,1742,0.0561687506989313,supported_candidate,True
cluster_tissue__C0__bone_marrow,bone_marrow,C0,Elob,other,0.2591942,9.210848032591195e-10,0.8278720884326478,0.8688995215310876,stable__bone_marrow_S0,0.9829115293099718,0.26747686,6.617827444224113e-11,0.28425482,3.5887632738244723e-09,0.32392895,9.978012656581466e-12,0.28922987,3.046541798566236e-15,0.33469382,4.2237994186590557e-47,True,0.2591942,True,True,False,1742,0.0561687506989313,supported_candidate,True
cluster_tissue__C3__spleen,spleen,C3,Lpar6,other,-0.31767026,3.274686854960308e-06,0.5137581462708123,0.4520922956589728,stable__spleen_S0,0.9951118631321676,-0.32245442,1.778763896837254e-06,-0.28498545,0.0010107611843355,-0.2590781,0.0042034992473802,-0.33555743,5.9408376922037535e-08,-0.24983935,2.5869187075162118e-09,True,0.2590781,True,True,False,2061,0.0575960695787255,supported_candidate,False
cluster_tissue__C0__bone_marrow,bone_marrow,C0,Macf1,other,-0.3124862,1.5274154698019931e-06,0.6016581129095829,0.5526315789473613,stable__bone_marrow_S0,0.9829115293099718,-0.28686813,7.144647813078365e-06,-0.3095997,0.0001532304808782,-0.2590324,0.0020802573138515,-0.35492918,1.3823597515138544e-10,-0.37656075,4.9693029488446076e-29,True,0.2590324,True,True,False,1742,0.0561687506989313,supported_candidate,True
cluster_tissue__C3__spleen,spleen,C3,Dusp2,other,0.25916538,0.0011394226774188,0.458363504706729,0.5138834571763776,stable__spleen_S0,0.9951118631321676,0.25878915,0.000914137709485,0.2879173,0.0019012487102839,0.28908974,0.0021216444540573,0.16689152,0.0259064101284994,0.17200978,1.1976471975196391e-05,True,0.25878915,True,True,False,2061,0.0575960695787255,supported_candidate,False
cluster_tissue__C3__spleen,spleen,C3,Iws1,other,-0.25870627,0.021467982301242,0.24185372918175,0.2072741493938198,stable__spleen_S0,0.9951118631321676,-0.2687522,0.0152717154334933,-0.27085677,0.0500705635954372,-0.27321663,0.045717117813931,-0.3032328,0.0017078969002917,-0.153735,0.020588806138459,True,0.25870627,True,True,False,2061,0.0575960695787255,supported_candidate,False
cluster_tissue__C0__bone_marrow,bone_marrow,C0,Mcl1,other,-0.2664842,5.066609008112171e-06,0.7019344650611684,0.653110047846881,stable__bone_marrow_S0,0.9829115293099718,-0.25869673,5.670218784198453e-06,-0.26563293,0.0006480402423489,-0.2859318,5.09192836560107e-05,-0.22735359,5.800916954893254e-06,-0.2607222,1.4712818559902454e-18,True,0.25869673,True,True,False,1742,0.0561687506989313,supported_candidate,False
cluster_tissue__C3__spleen,spleen,C3,Rsl24d1,other,-0.25839248,0.0230670912572014,0.2548877624909461,0.2233085647242851,stable__spleen_S0,0.9951118631321676,-0.27623475,0.0112841452306362,-0.2718464,0.0690642982407273,-0.2715622,0.0697192794335846,-0.29402593,0.0013284474844674,-0.19002454,0.0009712461249048,True,0.25839248,True,True,False,2061,0.0575960695787255,supported_candidate,False
cluster_tissue__C0__bone_marrow,bone_marrow,C0,Ndufb1-ps,respiratory_chain_or_mt,0.29097044,0.0001409573055363,0.4926964074220323,0.5559808612440119,stable__bone_marrow_S0,0.9829115293099718,0.27368274,0.0001891483197275,0.2580794,0.0105764395920907,0.2852854,0.0009863889294778,0.3111584,3.805254010839217e-07,0.32975954,3.3001226673696554e-20,True,0.2580794,True,True,False,1742,0.0561687506989313,supported_candidate,False
cluster_tissue__C0__bone_marrow,bone_marrow,C0,Hikeshi,other,-0.32298082,0.0135452905712055,0.2195025661271232,0.1803827751196167,stable__bone_marrow_S0,0.9829115293099718,-0.32655722,0.0142780133184014,-0.3103097,0.0643920443914248,-0.25794455,0.1854415282151238,-0.35519984,0.0016901321608254,-0.31285167,9.537465336179732e-07,True,0.25794455,True,True,False,1742,0.0561687506989313,supported_candidate,False
cluster_tissue__C3__spleen,spleen,C3,Rps27,ribosome,0.28277665,6.272573579630848e-88,0.9989138305575544,0.9992178333985788,stable__spleen_S0,0.9951118631321676,0.2801837,3.4358145789933016e-91,0.26457205,4.575849114423787e-56,0.25755677,3.8674405801009275e-60,0.28648838,9.403921138354995e-116,0.30966502,6.8417483640746074e-270,True,0.25755677,True,True,False,2061,0.0575960695787255,supported_candidate,False
cluster_tissue__C0__bone_marrow,bone_marrow,C0,Rpl39,ribosome,0.28277862,3.83552325658662e-68,0.9992104224239396,0.9976076555023772,stable__bone_marrow_S0,0.9829115293099718,0.30677444,1.1943924572796434e-73,0.25752038,2.8887345724015724e-41,0.27004203,2.1692284045610279e-41,0.29626995,6.777967926178586e-87,0.32848302,4.956032648111409e-261,True,0.25752038,True,True,False,1742,0.0561687506989313,supported_candidate,False
cluster_tissue__C0__bone_marrow,bone_marrow,C0,Smg6,other,-0.25739875,0.035786837855269,0.2964863797868158,0.261244019138754,stable__bone_marrow_S0,0.9829115293099718,-0.28973544,0.0178285029476655,-0.27374545,0.0816872477130231,-0.27775234,0.0904054349358899,-0.27187514,0.0131873240822921,-0.269504,8.752822529314077e-07,True,0.25739875,True,True,False,1742,0.0561687506989313,supported_candidate,False
cluster_tissue__C0__bone_marrow,bone_marrow,C0,Mtln,other,0.37154365,0.0090030015554482,0.1697591788393218,0.208133971291865,stable__bone_marrow_S0,0.9829115293099718,0.35747147,0.0092575055628449,0.36863124,0.0381409467112998,0.25698197,0.2077369223320384,0.372999,0.0027709403411693,0.35883328,1.4042669936840553e-08,True,0.25698197,True,True,False,1742,0.0561687506989313,supported_candidate,False
cluster_tissue__C0__bone_marrow,bone_marrow,C0,Rpl36al,ribosome,0.28289318,1.7559969849358334e-17,0.936439005132199,0.9641148325358706,stable__bone_marrow_S0,0.9829115293099718,0.2763333,9.110672408511604e-17,0.27807814,3.28516039917729e-13,0.25690183,1.6995229973395815e-11,0.27220994,9.807182139963885e-19,0.25561413,2.783062136689048e-49,True,0.25690183,True,True,False,1742,0.0561687506989313,supported_candidate,False
cluster_tissue__C0__bone_marrow,bone_marrow,C0,Pstpip1,other,-0.2905284,0.0003836087899406,0.4867745756020559,0.4325358851674591,stable__bone_marrow_S0,0.9829115293099718,-0.28588104,0.000238167479202,-0.2836775,0.0086948617235621,-0.25686452,0.0143176119873411,-0.24042174,0.0007696055573124,-0.22739904,9.334013997842741e-08,True,0.25686452,True,True,False,1742,0.0561687506989313,supported_candidate,False
cluster_tissue__C3__spleen,spleen,C3,Ssu72,other,0.2588615,0.0018987671325817,0.4424330195510449,0.4990222917481395,stable__spleen_S0,0.9951118631321676,0.25630647,0.0015839329758456,0.31110555,0.0006929607126565,0.2610909,0.0059656925494904,0.2602002,8.687248865271248e-05,0.20021462,7.322402744717627e-07,True,0.25630647,True,True,False,2061,0.0575960695787255,supported_candidate,False
cluster_tissue__C0__bone_marrow,bone_marrow,C0,Arf3,other,-0.28731105,0.0178557040348338,0.2747729964469025,0.2358851674641133,stable__bone_marrow_S0,0.9829115293099718,-0.25621048,0.0215878672298747,-0.27486694,0.0807977239440815,-0.29595,0.0311408337628707,-0.25383556,0.0102384913959424,-0.14390919,0.0206091185178993,True,0.25621048,True,True,False,1742,0.0561687506989313,supported_candidate,False
cluster_tissue__C5-1__spleen,spleen,C5-1,Rps6,ribosome,-0.2558746,1.7939306262077804e-07,0.9999999999999956,0.999999999999991,stable__spleen_S2,0.9023972602739726,-0.27023926,6.2887183944692244e-09,-0.26579237,5.065618790392919e-05,-0.26204073,9.281255266239735e-06,-0.18738672,1.9507630434405937e-36,-0.18097721,2.2408414328478397e-77,True,0.2558746,True,True,False,196,0.143283264804741,supported_candidate,False
cluster_tissue__C0__bone_marrow,bone_marrow,C0,Atp5j,respiratory_chain_or_mt,0.25545478,5.529141965730234e-07,0.7954994078167816,0.8531100478468774,stable__bone_marrow_S0,0.9829115293099718,0.26473054,1.8087303355599486e-07,0.30245674,1.7440550719249418e-07,0.3295928,9.257849063852234e-09,0.28203964,1.5867208040987727e-10,0.29724887,2.152735479957664e-30,True,0.25545478,True,True,False,1742,0.0561687506989313,supported_candidate,True
cluster_tissue__C5-1__spleen,spleen,C5-1,Rpl36,ribosome,0.28212446,2.8160598915317485e-08,0.9958158995815856,0.999999999999991,stable__spleen_S2,0.9023972602739726,0.34796944,6.852259432370333e-11,0.25515077,0.0006670145654045,0.34610385,3.821353450618077e-07,0.31390917,6.019864542988808e-101,0.33858314,1.2010686044871607e-250,True,0.25515077,True,True,False,196,0.143283264804741,supported_candidate,False
cluster_tissue__C3__spleen,spleen,C3,Cct2,other,-0.25502628,5.933855156580024e-05,0.5669804489500295,0.5213140398904967,stable__spleen_S0,0.9951118631321676,-0.26976842,1.1942721360036153e-05,-0.31857657,3.1924789222897174e-05,-0.3045102,4.347524653676956e-05,-0.24866624,1.2652678234729746e-06,-0.21030386,1.9333217435275568e-11,True,0.25502628,True,True,False,2061,0.0575960695787255,supported_candidate,False
cluster_tissue__C0__bone_marrow,bone_marrow,C0,Rala,other,-0.37055022,0.0008724671376614,0.2720094749309135,0.2205741626794246,stable__bone_marrow_S0,0.9829115293099718,-0.30333346,0.0076969798330713,-0.37188524,0.0092560776822939,-0.25486398,0.0956027096552605,-0.24159762,0.0217098355286319,-0.16007102,0.0079623210912977,True,0.25486398,True,True,False,1742,0.0561687506989313,supported_candidate,False
cluster_tissue__C5-1__spleen,spleen,C5-1,H3f3b,other,0.27821657,0.0133445644948157,0.9958158995815856,0.9971014492753534,stable__spleen_S2,0.9023972602739726,0.254683,0.0471473561142035,0.40843204,0.001471102709217,0.29824218,0.0351104826056738,0.30841476,3.4884778555697266e-44,0.31348985,1.3622230968244437e-95,True,0.254683,True,True,False,196,0.143283264804741,supported_candidate,True
cluster_tissue__C3__spleen,spleen,C3,N6amt1,other,0.30871442,0.0338592245258689,0.1292541636495285,0.1579976535001948,stable__spleen_S0,0.9951118631321676,0.3301852,0.0198939192401725,0.34645066,0.0570037080590097,0.25422958,0.215716790934967,0.36673424,0.0007187168557995,0.2841896,8.147195555457041e-06,True,0.25422958,True,True,False,2061,0.0575960695787255,supported_candidate,False
cluster_tissue__C3__spleen,spleen,C3,Jtb,other,-0.2688965,0.0028769770213937,0.3689355539464116,0.3222526398122782,stable__spleen_S0,0.9951118631321676,-0.29659256,0.0006643726851615,-0.33124274,0.0015069289685733,-0.25420746,0.0313552502963911,-0.2487804,0.0009177157579445,-0.27833575,1.2173039710979992e-10,True,0.25420746,True,True,False,2061,0.0575960695787255,supported_candidate,False
cluster_tissue__C3__spleen,spleen,C3,Txnl4a,other,-0.2546973,0.0472426872421069,0.2552498189717571,0.2291748142354309,stable__spleen_S0,0.9951118631321676,-0.25392896,0.039866204126467,-0.27904552,0.0916132458220203,-0.285325,0.0743098876505878,-0.17672366,0.1299578300801937,-0.16289583,0.0095080356645775,True,0.25392896,True,True,False,2061,0.0575960695787255,supported_candidate,False
cluster_tissue__C0__bone_marrow,bone_marrow,C0,Rpl5,ribosome,-0.2647878,1.0284631886021882e-49,0.9988156336359412,0.996650717703334,stable__bone_marrow_S0,0.9829115293099718,-0.2532626,5.2462729426137555e-50,-0.29659405,8.51507287731341e-45,-0.2796258,3.455275267047412e-45,-0.25374386,8.752387372372154e-61,-0.2116643,8.985892557002097e-117,True,0.2532626,True,True,False,1742,0.0561687506989313,supported_candidate,False
cluster_tissue__C3__spleen,spleen,C3,Phf23,other,-0.38851953,0.0028270480362694,0.1911658218682098,0.1540868204927642,stable__spleen_S0,0.9951118631321676,-0.39240614,0.0020970997441168,-0.4039037,0.0111796827103783,-0.25322074,0.2014551959614336,-0.37845886,0.000709482958403,-0.27683717,7.377599470593304e-05,True,0.25322074,True,True,False,2061,0.0575960695787255,supported_candidate,False
cluster_tissue__C3__spleen,spleen,C3,Rpl35a,ribosome,0.28039122,7.81677757837488e-73,0.9989138305575544,0.9984356667970926,stable__spleen_S0,0.9951118631321676,0.27387843,5.918872592481057e-74,0.25311288,6.667244797210954e-44,0.25825587,2.1646729806906862e-47,0.29870096,6.066500574036261e-106,0.29109868,2.996191478994977e-227,True,0.25311288,True,True,False,2061,0.0575960695787255,supported_candidate,False
cluster_tissue__C3__spleen,spleen,C3,Yy1,other,-0.32295674,5.341710322683034e-06,0.4811730629978221,0.41845913179507,stable__spleen_S0,0.9951118631321676,-0.336572,1.21352332922155e-06,-0.25292987,0.008780575736766,-0.30028668,0.0007892944500879,-0.33676332,2.7574879823630663e-08,-0.27641475,5.233371341475253e-13,True,0.25292987,True,True,False,2061,0.0575960695787255,supported_candidate,False
cluster_tissue__C3__spleen,spleen,C3,Chd9,other,-0.38930684,0.0011511542084407,0.2186821144098459,0.1771607352366045,stable__spleen_S0,0.9951118631321676,-0.36332092,0.0025033632522441,-0.31439942,0.048038556551775,-0.25268564,0.1755713844284079,-0.34498966,0.0010225857249427,-0.3238884,1.1870916009300204e-06,True,0.25268564,True,True,False,2061,0.0575960695787255,supported_candidate,False
cluster_tissue__C5-1__spleen,spleen,C5-1,Rpl5,ribosome,-0.28578117,7.530801165923259e-11,0.9958158995815856,0.999999999999991,stable__spleen_S2,0.9023972602739726,-0.252639,6.005516572267956e-10,-0.33957437,4.5585240852975935e-09,-0.26038006,1.8409489375966819e-07,-0.1943594,1.2501617179814613e-43,-0.2116643,8.985892557002097e-117,True,0.252639,True,True,False,196,0.143283264804741,supported_candidate,False
cluster_tissue__C3__spleen,spleen,C3,Ccdc47,other,-0.25850034,0.0099806631011884,0.3124547429398954,0.2737583105201393,stable__spleen_S0,0.9951118631321676,-0.25235057,0.0131918524708732,-0.28913715,0.0202837706566783,-0.2835961,0.0194122063564451,-0.25581244,0.0030259583764098,-0.19064784,0.0008992249593179,True,0.25235057,True,True,False,2061,0.0575960695787255,supported_candidate,False
cluster_tissue__C3__spleen,spleen,C3,Mrpl23,ribosome,0.3055223,1.2998444149931546e-05,0.462708182476461,0.529135705905359,stable__spleen_S0,0.9951118631321676,0.2833352,4.786440801542225e-05,0.35819528,4.895583736227623e-06,0.25233787,0.0035493318722386,0.29030097,2.142259202274058e-06,0.20541881,8.460524784481518e-08,True,0.25233787,True,True,False,2061,0.0575960695787255,supported_candidate,False
cluster_tissue__C3__spleen,spleen,C3,Mcl1,other,-0.2811245,2.112082292603391e-06,0.6372194062273638,0.5831052014079083,stable__spleen_S0,0.9951118631321676,-0.27554005,2.4269363083615632e-06,-0.25826788,0.0011299041000358,-0.25202483,0.0010481967221399,-0.2831967,1.7665267078823144e-08,-0.2607222,1.4712818559902454e-18,True,0.25202483,True,True,False,2061,0.0575960695787255,supported_candidate,False
cluster_tissue__C3__spleen,spleen,C3,Rbx1,other,0.27122223,2.873523554935108e-07,0.6864590876176601,0.7454047712162996,stable__spleen_S0,0.9951118631321676,0.2750129,2.336990940600459e-07,0.25157952,7.60227961867513e-05,0.2947499,1.1439958028586229e-06,0.30586138,1.5682888442640583e-11,0.22459672,3.621889024483027e-14,True,0.25157952,True,True,False,2061,0.0575960695787255,supported_candidate,False
cluster_tissue__C3__spleen,spleen,C3,Uba52,other,0.27258393,1.9642126798850042e-08,0.7577842143374274,0.8146265154478303,stable__spleen_S0,0.9951118631321676,0.2691113,1.5128496844058483e-08,0.25153592,9.89791586092743e-06,0.27777573,4.871487265837823e-07,0.3026087,2.2875992538725717e-14,0.27749702,3.781973218359641e-30,True,0.25153592,True,True,False,2061,0.0575960695787255,supported_candidate,True
cluster_tissue__C3__spleen,spleen,C3,Ctnnb1,other,-0.303102,0.0029661814162782,0.2983345401882663,0.2565506452874448,stable__spleen_S0,0.9951118631321676,-0.29434484,0.0034815915305549,-0.28588295,0.0324027937107214,-0.25098658,0.0755502090213766,-0.27057388,0.0022289189302489,-0.26529863,6.660171043252502e-07,True,0.25098658,True,True,False,2061,0.0575960695787255,supported_candidate,False
cluster_tissue__C0__bone_marrow,bone_marrow,C0,Rnf111,other,-0.26547974,0.0346723866617524,0.2609553888669577,0.2277511961722474,stable__bone_marrow_S0,0.9829115293099718,-0.2508969,0.0425746018545821,-0.29918227,0.0605619823286806,-0.3170405,0.0284979650046017,-0.25242162,0.0198533058332202,-0.18690203,0.0030309086724437,True,0.2508969,True,True,False,1742,0.0561687506989313,supported_candidate,False
cluster_tissue__C3__spleen,spleen,C3,Ndufa5,respiratory_chain_or_mt,0.25026608,0.0025319229344907,0.3957277335264257,0.4481814626515422,stable__spleen_S0,0.9951118631321676,0.26963305,0.0006502320832214,0.28872102,0.0019009134390545,0.29503202,0.0011422785715673,0.20729572,0.0062609930738901,0.26682064,9.894871384633556e-11,True,0.25026608,True,True,False,2061,0.0575960695787255,supported_candidate,False
cluster_tissue__C0__bone_marrow,bone_marrow,C0,Nr3c1,other,-0.25016057,0.0022628867458964,0.5432293722858245,0.503827751196166,stable__bone_marrow_S0,0.9829115293099718,-0.27671075,0.0003129036733835,-0.27243692,0.0090688024463618,-0.2645834,0.0093966101259479,-0.29206872,2.1831330055501943e-05,-0.3061196,6.57949125804134e-16,True,0.25016057,True,True,False,1742,0.0561687506989313,supported_candidate,False
cluster_tissue__C5-2__bone_marrow,bone_marrow,C5-2,Shld1,other,-1.9108474,0.0308223888621354,0.3461538461538462,0.1145833333333333,stable__bone_marrow_S3,1.0,-2.00737,0.0142411232993058,-2.8255773,0.3422514657847674,-2.9247324,0.2396121811370297,0.11440438,0.4856501883033362,0.14190945,0.0663744510877391,True,1.9108474,True,False,True,56,0.0699690113284383,sensitivity_or_small_group,False
cluster_tissue__C4__bone_marrow,bone_marrow,C4,Actn1,other,-2.2685654,0.0445860034558158,0.1024590163934426,0.0224215246636771,stable__bone_marrow_S1,0.987152034261242,-1.5604475,0.012595534100916,-2.7248428,0.1742448197682355,-1.8515134,0.0107443549355825,-0.855966,0.0228906970157584,-0.4202386,0.0250671341506452,True,1.5604475,True,False,True,164,0.0733202144135154,sensitivity_or_small_group,False
cluster_tissue__C4__spleen,spleen,C4,Eloa,other,-1.6087576,0.030601474686312,0.2244897959183675,0.0913461538461538,stable__spleen_S3,0.9752475247524752,-1.45568,0.0051496111059419,-1.5257127,0.2420684770455138,-1.6399804,0.018002912571644,-0.1391635,0.3944868498164925,-0.15101852,0.0335073425851469,True,1.45568,True,False,True,143,0.1634711931257971,sensitivity_or_small_group,False
cluster_tissue__C4__spleen,spleen,C4,Pitpnm2,other,1.7988302,0.0285285402702591,0.0612244897959183,0.1875,stable__spleen_S3,0.9752475247524752,1.4509758,0.0749153354802867,1.6567191,0.2389177854307481,2.0014093,0.0237732455303305,-0.04560189,0.954872696569432,-0.02212464,0.9366910467732222,True,1.4509758,False,False,True,143,0.1634711931257971,sensitivity_or_small_group,False
cluster_tissue__C5-1__spleen,spleen,C5-1,Bop1,other,-1.2351687,0.0285201128649885,0.1966527196652721,0.0927536231884058,stable__spleen_S2,0.9023972602739726,-1.3225788,0.0092071686374807,-1.2786344,0.1870121164458125,-1.79308,0.0134072293304209,-0.17926568,0.2729677016834307,-0.086661145,0.5281433334763878,True,1.2351687,True,False,True,196,0.143283264804741,sensitivity_or_small_group,False
cluster_tissue__C5-1__spleen,spleen,C5-1,Vps13c,other,-1.4755687,0.0075570066606949,0.1757322175732218,0.0695652173913043,stable__spleen_S2,0.9023972602739726,-1.3928262,0.0330244842623661,-1.3219953,0.2690768168781711,-1.2305338,0.3038591687975818,-0.16706865,0.4427564399360637,-0.10303844,0.4500643560666749,True,1.2305338,True,False,True,196,0.143283264804741,sensitivity_or_small_group,False
cluster_tissue__C4__bone_marrow,bone_marrow,C4,Tsc22d2,other,1.4515803,0.0219684323742998,0.0983606557377049,0.2197309417040361,stable__bone_marrow_S1,0.987152034261242,1.2436764,0.0107348620975507,1.0594515,0.5524730713541086,1.1933972,0.0949166450337129,0.41740534,0.0018172496428663,0.1801271,0.0282295045887915,True,1.0594515,True,False,True,164,0.0733202144135154,sensitivity_or_small_group,False
cluster_tissue__C5-1__spleen,spleen,C5-1,Spty2d1,other,1.2734379,0.0406374525917737,0.0920502092050208,0.2028985507246377,stable__spleen_S2,0.9023972602739726,1.1478772,0.0464963429846083,1.0417969,0.510636481488067,1.1874235,0.0919618630233597,0.42130345,0.0001257578161897,0.29467377,2.184775217598061e-06,True,1.0417969,True,False,True,196,0.143283264804741,sensitivity_or_small_group,False
cluster_tissue__C4__bone_marrow,bone_marrow,C4,Upf3a,other,-1.6463923,0.0067245701211993,0.2090163934426231,0.0762331838565022,stable__bone_marrow_S1,0.987152034261242,-0.9741993,0.1322294747995286,-1.1830372,0.5048649718787912,-0.9912226,0.3014840552117149,-0.3964784,0.0026223795723727,-0.32921922,6.70284633475396e-06,True,0.9741993,False,False,True,164,0.0733202144135154,sensitivity_or_small_group,False
cluster_tissue__C4__bone_marrow,bone_marrow,C4,Arl3,other,-2.7374399,0.0067901731541781,0.1147540983606557,0.0179372197309417,stable__bone_marrow_S1,0.987152034261242,-1.2857434,0.1456788326470145,-2.422789,0.0763224021968806,-0.9405049,0.6091971635965141,-0.30532843,0.2282290430179739,-0.22469844,0.1434738822968392,True,0.9405049,False,True,True,164,0.0733202144135154,sensitivity_or_small_group,False
cluster_tissue__C5-1__spleen,spleen,C5-1,Kctd13,other,1.7367665,0.0298856488065777,0.0502092050209204,0.1420289855072464,stable__spleen_S2,0.9023972602739726,0.97464687,0.3545237940789418,1.6265398,0.3809366430548974,0.9321482,0.601875102267943,0.36916912,0.0025467702424923,0.29113695,0.0003111342932065,True,0.9321482,False,False,True,196,0.143283264804741,sensitivity_or_small_group,False
cluster_tissue__C4__bone_marrow,bone_marrow,C4,Rce1,other,-1.2894622,0.04686077927454,0.2131147540983608,0.0986547085201793,stable__bone_marrow_S1,0.987152034261242,-0.9178712,0.1249510683450938,-1.2829038,0.2424713177035019,-0.9668334,0.3014840552117149,-0.29274443,0.0644226775653539,-0.16761708,0.0868951184780413,True,0.9178712,False,False,True,164,0.0733202144135154,sensitivity_or_small_group,False
cluster_tissue__C5-1__spleen,spleen,C5-1,Zfp873,other,-1.8762468,0.0201792162023047,0.104602510460251,0.0289855072463768,stable__spleen_S2,0.9023972602739726,-1.2757636,0.3278153364201027,-1.7351171,0.245474922828204,-0.9171961,0.7767887859371861,-0.40428466,0.1797048360653344,-0.14034636,0.6254224995342345,True,0.9171961,False,False,True,196,0.143283264804741,sensitivity_or_small_group,False
cluster_tissue__C4__bone_marrow,bone_marrow,C4,Gzmb,other,0.9054515,0.0364585167832146,0.2868852459016395,0.4394618834080726,stable__bone_marrow_S1,0.987152034261242,1.0667939,0.0001354281967124,0.88598293,0.1482443951429467,1.4500917,2.257613114660276e-05,0.42384103,0.0137621712195284,0.07558025,0.6442905906642742,True,0.88598293,True,False,True,164,0.0733202144135154,sensitivity_or_small_group,False
cluster_tissue__C5-1__spleen,spleen,C5-1,Baz1a,other,-0.81729794,0.0492877562186203,0.3807531380753144,0.2579710144927537,stable__spleen_S2,0.9023972602739726,-0.76144665,0.0756337510619534,-0.91284615,0.2431589479796718,-0.7400808,0.3439935115201785,-0.30780962,0.0004254809462172,-0.36490467,1.1500424934532365e-13,True,0.7400808,False,False,True,196,0.143283264804741,sensitivity_or_small_group,False
cluster_tissue__C4__bone_marrow,bone_marrow,C4,Secisbp2,other,-1.2342571,0.0387427004556216,0.2213114754098362,0.0941704035874439,stable__bone_marrow_S1,0.987152034261242,-0.72161484,0.253075764954023,-1.379322,0.0656423327536223,-0.7114532,0.4446834487122449,-0.22232838,0.145172923183036,-0.25066227,0.0008335149397055,True,0.7114532,False,True,True,164,0.0733202144135154,sensitivity_or_small_group,False
cluster_tissue__C5-1__spleen,spleen,C5-1,Tmem165,other,-0.8287506,0.0468690340744065,0.3347280334728038,0.2173913043478262,stable__spleen_S2,0.9023972602739726,-0.78798056,0.0369135034694831,-0.6879724,0.5017027077158591,-0.9155632,0.1136196364396323,-0.26887006,0.0290286519119037,-0.30146918,3.074087954897144e-06,True,0.6879724,True,False,True,196,0.143283264804741,sensitivity_or_small_group,False
cluster_tissue__C4__bone_marrow,bone_marrow,C4,Evi2a,other,1.3107649,0.0245337513974023,0.0901639344262295,0.2197309417040361,stable__bone_marrow_S1,0.987152034261242,0.76125467,0.1522155591028348,2.1819727,0.0049205341952217,0.67514926,0.4639476457768729,0.04124195,0.7732230429222544,0.026088942,0.6597284754085321,True,0.67514926,False,True,True,164,0.0733202144135154,sensitivity_or_small_group,False
cluster_tissue__C4__bone_marrow,bone_marrow,C4,Arid4a,other,-0.6857517,0.0472437731288723,0.5163934426229511,0.3811659192825119,stable__bone_marrow_S1,0.987152034261242,-0.66760767,0.0108321678850939,-0.73395365,0.1669552984768448,-1.0043561,0.000572316782425,-0.42912006,8.776501462194072e-11,-0.43799925,6.071822672497928e-30,True,0.66760767,True,False,True,164,0.0733202144135154,sensitivity_or_small_group,False
cluster_tissue__C4__bone_marrow,bone_marrow,C4,Atp1b3,other,-0.6915711,0.005581806384663,0.6721311475409819,0.5829596412556066,stable__bone_marrow_S1,0.987152034261242,-0.6823925,0.0002687395728618,-0.64389247,0.1244358992002268,-0.8812056,6.99844402318846e-05,-0.14698423,0.2146256501990021,-0.12859505,0.009936232066104,True,0.64389247,True,False,True,164,0.0733202144135154,sensitivity_or_small_group,False
cluster_tissue__C5-1__spleen,spleen,C5-1,Pdk1,other,0.9160902,0.0475074622684293,0.1799163179916318,0.310144927536232,stable__spleen_S2,0.9023972602739726,0.7713392,0.0873507956157037,0.7491636,0.4921144567846048,0.6404953,0.4882111748174318,0.38260925,0.0001059090149251,0.30180135,4.802240322876791e-06,True,0.6404953,False,False,True,196,0.143283264804741,sensitivity_or_small_group,False
cluster_tissue__C4__bone_marrow,bone_marrow,C4,Macf1,other,-0.62443304,0.0300849890923754,0.7008196721311455,0.5829596412556066,stable__bone_marrow_S1,0.987152034261242,-0.67894846,0.0008015321771584,-0.6371135,0.1702358256813854,-0.80060655,0.0009092408146929,-0.35492918,1.3823597515138544e-10,-0.37656075,4.9693029488446076e-29,True,0.62443304,True,False,True,164,0.0733202144135154,sensitivity_or_small_group,True
cluster_tissue__C4__bone_marrow,bone_marrow,C4,Cbx1,other,-1.0117632,0.0158118926108415,0.3770491803278691,0.2242152466367716,stable__bone_marrow_S1,0.987152034261242,-0.72012335,0.0497963625760399,-0.79523057,0.3062846279180067,-0.60779846,0.3608370215472188,-0.20010541,0.0408810337583139,-0.12654753,0.0192850053427202,True,0.60779846,True,False,True,164,0.0733202144135154,sensitivity_or_small_group,False
cluster_tissue__C4__bone_marrow,bone_marrow,C4,Hipk1,other,-0.8294346,0.0492693006396219,0.4508196721311479,0.300448430493274,stable__bone_marrow_S1,0.987152034261242,-0.5905925,0.1270957273532519,-1.0192134,0.0446144018694881,-0.5904484,0.3589867338858951,-0.25088444,0.0010354601033565,-0.1783473,0.0001283952665077,True,0.5904484,False,True,True,164,0.0733202144135154,sensitivity_or_small_group,False
cluster_tissue__C4__bone_marrow,bone_marrow,C4,Pnn,other,-0.6473086,0.0312750255438892,0.6557377049180313,0.4932735426008979,stable__bone_marrow_S1,0.987152034261242,-0.58973855,0.0102212819129109,-0.72265106,0.1384573127281184,-0.6127758,0.0454801203186347,-0.27900276,1.8864659883274656e-06,-0.24301957,1.0647148061998244e-13,True,0.58973855,True,False,True,164,0.0733202144135154,sensitivity_or_small_group,False
cluster_tissue__C3__bone_marrow,bone_marrow,C3,mt-Nd3,respiratory_chain_or_mt,1.2155504,0.0183571858374378,0.2923728813559318,0.4869565217391307,stable__bone_marrow_S0,0.9971509971509972,0.8656109,1.579663173794041e-33,0.99284,0.5699043386605243,0.5866623,1.6004993076530162e-11,0.8513495,1.8096566161057207e-40,0.7964912,2.1599622581650896e-94,True,0.5866623,True,False,True,96,0.118021645167863,sensitivity_or_small_group,True
cluster_tissue__C4__bone_marrow,bone_marrow,C4,Lamtor4,other,0.66721654,0.0278301062986035,0.491803278688525,0.627802690582961,stable__bone_marrow_S1,0.987152034261242,0.7455081,0.0001868619907574,0.58004713,0.3255229049842099,0.9598047,8.0787150481953e-05,0.33248582,5.034350652106454e-09,0.22634463,4.0227008626922026e-10,True,0.58004713,True,False,True,164,0.0733202144135154,sensitivity_or_small_group,False
cluster_tissue__C5-2__bone_marrow,bone_marrow,C5-2,Cox7c,respiratory_chain_or_mt,0.7009115,0.0097793108237462,0.8846153846153837,0.9791666666666652,stable__bone_marrow_S3,1.0,0.6411778,0.013779420009999,0.70150054,0.4339107817527697,0.57337254,0.8756586485050307,0.41054443,1.1076872292293362e-27,0.38573053,5.709697771009632e-62,True,0.57337254,True,False,True,56,0.0699690113284383,sensitivity_or_small_group,True
cluster_tissue__C5-2__bone_marrow,bone_marrow,C5-2,Gm10076,other,0.8995805,0.0111755293056071,0.7307692307692304,0.874999999999999,stable__bone_marrow_S3,1.0,0.82457775,0.0179280255100016,0.77237403,0.8279673799750231,0.5385124,0.8756586485050307,0.56076735,1.686281714468334e-40,0.5926142,1.5089228905367191e-120,True,0.5385124,True,False,True,56,0.0699690113284383,sensitivity_or_small_group,True
cluster_tissue__C4__bone_marrow,bone_marrow,C4,Cox17,respiratory_chain_or_mt,0.6754445,0.0472437731288723,0.463114754098361,0.6188340807174901,stable__bone_marrow_S1,0.987152034261242,0.53000766,0.0681634248703176,0.8061022,0.0526630053352911,0.6254305,0.0769952081848351,0.40905857,4.18458623033738e-10,0.4465607,4.738126374280551e-31,True,0.53000766,False,True,True,164,0.0733202144135154,sensitivity_or_small_group,True
cluster_tissue__C3__bone_marrow,bone_marrow,C3,Dynll1,other,-0.99141455,0.0183571858374378,0.6991525423728799,0.5043478260869567,stable__bone_marrow_S0,0.9971509971509972,-0.53125304,7.191372869903579e-23,-1.0640442,0.2783424165706437,-0.51960415,8.280454403072125e-16,-0.5726543,1.0074012135235443e-32,-0.62129796,4.6276097260973376e-98,True,0.51960415,True,False,True,96,0.118021645167863,sensitivity_or_small_group,True
cluster_tissue__C4__bone_marrow,bone_marrow,C4,Atox1,other,0.7116332,0.02357850707462,0.4672131147540987,0.6053811659192838,stable__bone_marrow_S1,0.987152034261242,0.4983436,0.0664984060421897,0.8685213,0.0243828360377474,0.51030594,0.1931153257334508,0.2727141,9.687487229081817e-06,0.24094154,1.3017197519803131e-10,True,0.4983436,False,True,True,164,0.0733202144135154,sensitivity_or_small_group,False
cluster_tissue__C5-1__spleen,spleen,C5-1,Aen,other,-1.1293546,0.021657163666391,0.2343096234309625,0.1188405797101449,stable__spleen_S2,0.9023972602739726,-0.94460493,0.0657019672387633,-1.056347,0.3140933535543191,-0.49821678,0.7281030165800814,0.004150118,0.9752846369191264,-0.14855586,0.1544900340059923,True,0.49821678,False,False,True,196,0.143283264804741,sensitivity_or_small_group,False
cluster_tissue__C5-1__spleen,spleen,C5-1,Ywhah,other,-0.55615294,0.0452887374373547,0.6066945606694558,0.4956521739130437,stable__spleen_S2,0.9023972602739726,-0.57744914,0.0369135034694831,-0.4923222,0.4609900037429843,-0.5332188,0.3652419850249478,-0.12937494,0.1255755176524805,-0.15716368,0.0001485649940723,True,0.4923222,True,False,True,196,0.143283264804741,sensitivity_or_small_group,False
cluster_tissue__C2__bone_marrow,bone_marrow,C2,Tmsb10,other,1.4069936,0.0451873581542652,0.7692307692307685,0.9253731343283592,stable__bone_marrow_S0,0.5103448275862069,0.47847053,1.7270635936581552e-207,0.9745454,0.7901664164402612,0.5087638,5.103962492930343e-168,0.4827511,7.344498905290614e-244,0.48103377,0.0,True,0.47847053,True,False,True,35,0.1040674552457112,sensitivity_or_small_group,True
cluster_tissue__C5-1__spleen,spleen,C5-1,Xcl1,other,-1.4612092,0.0311657114847012,0.1297071129707112,0.0463768115942029,stable__spleen_S2,0.9023972602739726,-0.41082415,0.5118315730970336,-1.2667713,0.4609900037429843,-0.45156103,0.7497081023966609,0.16462252,0.0044474096533933,0.12593111,0.0003569895258011,True,0.41082415,False,False,True,196,0.143283264804741,sensitivity_or_small_group,True
cluster_tissue__C5-1__spleen,spleen,C5-1,Ndufv3,respiratory_chain_or_mt,0.63497084,0.0007145497784505,0.6234309623430958,0.7623188405797056,stable__spleen_S2,0.9023972602739726,0.48964432,0.0193091899735968,0.4072995,0.4405018142169261,0.3700843,0.4667529020469436,0.3638597,7.042951825598902e-13,0.35481265,1.453080848498661e-26,True,0.3700843,True,False,True,196,0.143283264804741,sensitivity_or_small_group,True
cluster_tissue__C3__bone_marrow,bone_marrow,C3,Uqcrq,respiratory_chain_or_mt,0.85825765,0.0414616547426264,0.4957627118644058,0.6869565217391296,stable__bone_marrow_S0,0.9971509971509972,0.3353949,1.3732452311083737e-07,0.63920844,0.7657177475665983,0.34437734,2.2384578398629787e-06,0.34697774,1.088503855464482e-09,0.29725,9.639194947976028e-18,True,0.3353949,True,False,True,96,0.118021645167863,sensitivity_or_small_group,False
cluster_tissue__C5-1__spleen,spleen,C5-1,Il7r,other,0.5143346,0.004692917300638,0.8786610878661056,0.9362318840579632,stable__spleen_S2,0.9023972602739726,0.52657473,0.0083987694436178,0.3264062,0.5481096948584,0.46710008,0.1796011148189956,0.07394703,0.3270508287352123,0.09512669,0.0523913925422239,True,0.3264062,True,False,True,196,0.143283264804741,sensitivity_or_small_group,False
cluster_tissue__C2__bone_marrow,bone_marrow,C2,Rps27,ribosome,1.5644432,0.0193675091201085,0.6538461538461535,0.8507462686567171,stable__bone_marrow_S0,0.5103448275862069,0.33421922,1.986464294707377e-92,1.2246909,0.7901664164402612,0.3259727,1.864613149045876e-62,0.3163262,3.4226746478643736e-100,0.30966502,6.8417483640746074e-270,True,0.3259727,True,False,True,35,0.1040674552457112,sensitivity_or_small_group,False
cluster_tissue__C4__spleen,spleen,C4,Uba52,other,0.60006213,0.0046989298621276,0.749999999999998,0.8269230769230751,stable__spleen_S3,0.9752475247524752,0.38634336,0.1177354583181462,0.7227575,0.0046046441436894,0.32518008,0.5326952367669314,0.3026087,2.2875992538725717e-14,0.27749702,3.781973218359641e-30,True,0.32518008,False,True,True,143,0.1634711931257971,sensitivity_or_small_group,True
cluster_tissue__C4__spleen,spleen,C4,Tax1bp1,other,-0.6173483,0.030601474686312,0.7448979591836715,0.6490384615384603,stable__spleen_S3,0.9752475247524752,-0.44836956,0.230377196923824,-0.43105757,0.5967427597863093,-0.31144914,0.7468966416486298,-0.11594191,0.0577254899375548,-0.1343632,1.5119521720132029e-05,True,0.31144914,False,False,True,143,0.1634711931257971,sensitivity_or_small_group,False
cluster_tissue__C3__bone_marrow,bone_marrow,C3,Relch,other,1.5767686,0.023672025251894,0.1144067796610169,0.2956521739130436,stable__bone_marrow_S0,0.9971509971509972,0.31847608,0.0373751992077665,1.131592,0.7458988723793099,0.3012092,0.1765948193626111,0.29613218,0.0194093219240184,0.17642468,0.0163364941852529,True,0.3012092,True,False,True,96,0.118021645167863,sensitivity_or_small_group,False
cluster_tissue__C4__spleen,spleen,C4,Dnajc15,heat_shock,-0.50175816,0.0413305731824189,0.8163265306122423,0.7692307692307676,stable__spleen_S3,0.9752475247524752,-0.49424508,0.0347866640931784,-0.54018074,0.1148301294879265,-0.26754916,0.679049956387798,-0.2306715,2.597835179151341e-05,-0.19996075,3.305872904338919e-09,True,0.26754916,True,False,True,143,0.1634711931257971,sensitivity_or_small_group,False
cluster_tissue__C4__bone_marrow,bone_marrow,C4,Ankrd11,other,-0.5079763,0.0393634435182253,0.7950819672131115,0.699551569506728,stable__bone_marrow_S1,0.987152034261242,-0.3656793,0.1111998461394007,-0.2468264,0.7034337787149432,-0.31879807,0.4162460387221156,-0.14443381,0.0118570762717667,-0.15449943,1.5964792676194463e-08,True,0.2468264,False,False,True,164,0.0733202144135154,sensitivity_or_small_group,False
cluster_tissue__C2__bone_marrow,bone_marrow,C2,Rps15a,ribosome,1.4954896,0.0451873581542652,0.7564102564102557,0.9402985074626876,stable__bone_marrow_S0,0.5103448275862069,0.26146784,9.326432596909537e-67,1.0374116,0.7901664164402612,0.23042683,1.376518232594451e-37,0.26570892,1.7142705346592282e-81,0.27745357,4.3952437421181617e-250,True,0.23042683,True,False,True,35,0.1040674552457112,sensitivity_or_small_group,False
cluster_tissue__C5-1__bone_marrow,bone_marrow,C5-1,mt-Nd2,respiratory_chain_or_mt,0.67086655,0.0343218415063416,0.9193548387096768,0.9529411764705872,stable__bone_marrow_S1,0.6363636363636364,0.34917092,0.0034052952221883,0.19777575,0.9450920949031228,0.20617118,0.5504118987442836,0.34527117,1.3276819166790555e-30,0.31089267,1.7733268524027312e-64,True,0.19777575,True,False,True,57,0.1082618853515033,sensitivity_or_small_group,True
cluster_tissue__C5-1__bone_marrow,bone_marrow,C5-1,mt-Cytb,respiratory_chain_or_mt,0.5772517,6.597409376625103e-05,0.9999999999999992,0.9999999999999988,stable__bone_marrow_S1,0.6363636363636364,0.31589845,1.2345211704635696e-05,0.27323422,0.8286246893737925,0.19737926,0.1163630291645338,0.22070505,5.881480868776675e-41,0.24755041,1.083747569828899e-120,True,0.19737926,True,False,True,57,0.1082618853515033,sensitivity_or_small_group,True
cluster_tissue__C0__bone_marrow,bone_marrow,C0,Cd7,other,-0.39874387,0.033099888540616,0.1184366363995268,0.0904306220095695,stable__bone_marrow_S0,0.9829115293099718,-0.5378728,0.00137091359068,-0.19394287,0.4909816782162583,-0.27538162,0.2396133393251016,-0.109749846,0.3548554826403236,-0.14719221,0.0138193298517836,True,0.19394287,True,False,True,1742,0.0561687506989313,sensitivity_or_small_group,False
cluster_tissue__C3__bone_marrow,bone_marrow,C3,Araf,other,1.4158756,0.0243878893412666,0.1567796610169491,0.3478260869565219,stable__bone_marrow_S0,0.9971509971509972,0.12320925,0.474733198882154,1.7349081,0.2648992693381689,0.16826797,0.4698310558479529,0.12721251,0.3904379147977041,0.01052365,0.8706499208369213,True,0.12320925,False,False,True,96,0.118021645167863,sensitivity_or_small_group,False
cluster_tissue__C3__bone_marrow,bone_marrow,C3,Rpl6,ribosome,-0.3382084,0.0080219131207887,0.9999999999999978,0.9999999999999972,stable__bone_marrow_S0,0.9971509971509972,-0.10015401,2.1009322994482937e-08,-0.31176823,0.4090208784135834,-0.12710148,5.520841046713923e-10,-0.08693851,3.058603376367773e-09,-0.050953615,6.766368499908455e-11,True,0.10015401,False,False,True,96,0.118021645167863,sensitivity_or_small_group,False
cluster_tissue__C5-1__spleen,spleen,C5-1,Nkg7,other,-0.9925036,0.0324219665332469,0.3305439330543938,0.2028985507246377,stable__spleen_S2,0.9023972602739726,-0.30599877,0.6413409963899612,-0.82314044,0.510636481488067,-0.045196865,0.9422414584530489,-0.25565732,6.968101086260151e-07,-0.20555161,7.428105748356652e-13,True,0.045196865,False,False,True,196,0.143283264804741,sensitivity_or_small_group,False
cluster_tissue__C5-1__bone_marrow,bone_marrow,C5-1,mt-Co3,respiratory_chain_or_mt,0.5278384,0.0001041753049704,0.9999999999999992,0.9999999999999988,stable__bone_marrow_S1,0.6363636363636364,0.21728098,0.0010858173278552,0.10641749,0.9997698367871908,-0.0040797186,0.9238427750039656,0.18581085,1.1177314747813392e-37,0.20629409,1.5475618183768823e-99,False,0.0040797186,False,False,True,57,0.1082618853515033,sensitivity_or_small_group,True
cluster_tissue__C5-1__spleen,spleen,C5-1,Hsph1,heat_shock,-1.6466548,3.818278456759809e-05,0.2594142259414229,0.1014492753623188,stable__spleen_S2,0.9023972602739726,-1.6642519,4.398503944107156e-05,-1.2544777,0.1351814576532151,-1.4268885,0.0393055282273494,-1.6686287,5.65320122236029e-47,-0.84006685,1.080288439658138e-44,True,1.2544777,True,False,False,196,0.143283264804741,sensitivity_or_small_group,True
cluster_tissue__C6__thymus,thymus,C6,Zc3h6,other,1.0587647,0.0001982018372611,0.0505297473512631,0.1021159153633856,stable__thymus_S1,0.4109766637856525,1.3643926,0.0104050989095497,0.93411916,0.0122432324414257,1.1799603,0.1122557950597885,1.0677466,5.229536009745016e-05,0.80603164,1.4007183768652677e-22,True,0.93411916,False,True,False,931,0.0658367056218701,sensitivity_or_small_group,True
cluster_tissue__C6__thymus,thymus,C6,Cirbp,other,0.93458784,1.4849944030426315e-22,0.3879380603096998,0.5869365225390911,stable__thymus_S1,0.4109766637856525,0.854077,2.467308806612266e-07,0.88933814,5.881751783945668e-16,0.84511757,3.983624268471275e-05,0.93635947,9.126436725923452e-24,0.73812944,2.1306547763258656e-97,True,0.84511757,False,True,False,931,0.0658367056218701,sensitivity_or_small_group,True
cluster_tissue__C6__thymus,thymus,C6,Cish,other,-0.8177949,0.0001330452280661,0.1792991035044829,0.1103955841766331,stable__thymus_S1,0.4109766637856525,-0.8744481,0.1943613782807732,-0.783114,0.002187554816829,-0.9376995,0.3047166937233409,-0.73833066,0.0004457442760795,-0.05093478,0.612740957796504,True,0.783114,False,True,False,931,0.0658367056218701,sensitivity_or_small_group,False
cluster_tissue__C6__thymus,thymus,C6,Stip1,other,-0.84115875,4.445426734920738e-08,0.3056234718826415,0.2014719411223558,stable__thymus_S1,0.4109766637856525,-0.9496927,0.0011830994921574,-0.9167483,6.371777063644199e-08,-0.7659637,0.1570876115302027,-0.79872465,6.340374688029571e-08,-0.574706,1.0953289027698747e-24,True,0.7659637,False,True,False,931,0.0658367056218701,sensitivity_or_small_group,False
cluster_tissue__C4__spleen,spleen,C4,Cirbp,other,0.8926967,0.0307653818335652,0.3316326530612247,0.5192307692307685,stable__spleen_S3,0.9752475247524752,0.78092736,0.0394419371450228,0.82099336,0.4192682474008186,0.7471,0.3298288180578163,0.721864,1.9532061588594954e-38,0.73812944,2.1306547763258656e-97,True,0.7471,True,False,False,143,0.1634711931257971,sensitivity_or_small_group,True
cluster_tissue__C6__thymus,thymus,C6,Rhob,other,0.73508507,1.3188274889676127e-06,0.2200488997555018,0.3238270469181224,stable__thymus_S1,0.4109766637856525,0.9023092,0.0004911250787075,0.80609,4.764007498492878e-06,0.8434675,0.0118733322364772,0.7266495,1.046862128808325e-06,0.74716693,1.3062000955791573e-19,True,0.73508507,False,True,False,931,0.0658367056218701,sensitivity_or_small_group,True
cluster_tissue__C6__thymus,thymus,C6,Aen,other,-0.7120266,0.0018309323524762,0.1727791361043198,0.113155473781049,stable__thymus_S1,0.4109766637856525,-0.91031784,0.103048784338634,-0.6960542,0.0139017808949106,-0.8224658,0.3995441653824887,-0.5857213,0.0070381026213279,-0.14855586,0.1544900340059923,True,0.6960542,False,True,False,931,0.0658367056218701,sensitivity_or_small_group,False
cluster_tissue__C6__thymus,thymus,C6,Ubfd1,other,-0.7850363,0.000634506388359,0.1703341483292587,0.1085556577736892,stable__thymus_S1,0.4109766637856525,-0.6917217,0.3188878728547193,-0.86236584,0.0006406278195144,-0.7844308,0.3185660272759753,-0.7248651,0.0012200726236609,-0.38417828,4.114998921226632e-06,True,0.6917217,False,True,False,931,0.0658367056218701,sensitivity_or_small_group,False
cluster_tissue__C5-1__spleen,spleen,C5-1,Mxd4,other,-0.73174435,0.0414803274677949,0.4644351464435154,0.3478260869565219,stable__spleen_S2,0.9023972602739726,-0.6901559,0.0821809728330238,-0.8509295,0.0991755059627276,-0.8416905,0.1247826792618467,-0.6681541,1.670738686287153e-38,-0.6301419,3.252039691884909e-84,True,0.6901559,False,True,False,196,0.143283264804741,sensitivity_or_small_group,True
cluster_tissue__C6__thymus,thymus,C6,Ephx1,other,0.746846,0.0020442920553584,0.1010594947025265,0.1591536338546463,stable__thymus_S1,0.4109766637856525,0.8159716,0.3879019384612779,0.85546017,0.0015592077496471,0.6867061,0.61008956902436,0.55019677,0.0247822269882897,0.14603207,0.1471672845633643,True,0.6867061,False,True,False,931,0.0658367056218701,sensitivity_or_small_group,False
cluster_tissue__C6__thymus,thymus,C6,Hspa1b,heat_shock,0.8862846,2.4260281930294256e-16,0.5721271393643005,0.7000919963201371,stable__thymus_S1,0.4109766637856525,0.6633536,1.6507890861718168e-06,0.89214283,3.5885537522527293e-13,0.6984733,9.750460824839554e-06,0.8649295,4.021533799890581e-16,0.8993622,2.2102789397654666e-49,True,0.6633536,False,True,False,931,0.0658367056218701,sensitivity_or_small_group,True
cluster_tissue__C4__spleen,spleen,C4,Sfpq,other,-0.8536009,0.0071951869848691,0.6377551020408154,0.461538461538461,stable__spleen_S3,0.9752475247524752,-0.9250429,0.0002863118448207,-0.63361204,0.5543026023490515,-0.6909605,0.2696939309312223,-0.8022967,3.4131935772292923e-60,-0.6973443,3.722464098448951e-107,True,0.63361204,True,False,False,143,0.1634711931257971,sensitivity_or_small_group,True
cluster_tissue__C5-1__spleen,spleen,C5-1,Cirbp,other,0.820926,0.0016239197079291,0.3849372384937244,0.5884057971014479,stable__spleen_S2,0.9023972602739726,0.6563532,0.0162626319640871,0.6296075,0.3159270612514294,0.76834995,0.0336006837056755,0.721864,1.9532061588594954e-38,0.73812944,2.1306547763258656e-97,True,0.6296075,True,False,False,196,0.143283264804741,sensitivity_or_small_group,True
cluster_tissue__C0__spleen,spleen,C0,Hspa8,heat_shock,-0.628637,0.0465383838082431,0.9999999999999986,0.9772727272727266,stable__spleen_S0,0.8594594594594595,-0.69672775,4.019590324470997e-146,-0.68965507,0.3792209484279563,-0.70141864,1.3653049830206882e-113,-0.6552534,2.287820616088788e-163,-0.53561807,2.2834761775262686e-266,True,0.628637,True,False,False,55,0.1620679079563041,sensitivity_or_small_group,True
cluster_tissue__C6__thymus,thymus,C6,Ifitm2,other,-0.95160306,1.4912782950872097e-05,0.1695191524042383,0.09475620975161,stable__thymus_S1,0.4109766637856525,-0.8148311,0.040114877049718,-0.98593754,6.055947548672549e-05,-0.6163171,0.3330943936234846,-1.0126604,1.296689287114163e-06,-0.57445425,0.0003705554453843,True,0.6163171,False,True,False,931,0.0658367056218701,sensitivity_or_small_group,False
cluster_tissue__C6__thymus,thymus,C6,Gm8369,other,0.68327296,0.0035171243402013,0.1173594132029341,0.1766329346826132,stable__thymus_S1,0.4109766637856525,0.6046735,0.4664341940472705,0.7365055,0.0083543005033332,0.81160885,0.3330943936234846,0.6622525,0.004735029616492,0.31995633,6.678524242300972e-05,True,0.6046735,False,True,False,931,0.0658367056218701,sensitivity_or_small_group,False
cluster_tissue__C6__thymus,thymus,C6,Gnpda1,other,0.59498876,0.0272999622233064,0.0920945395273023,0.1361545538178476,stable__thymus_S1,0.4109766637856525,1.042111,0.0358746090753826,0.72592264,0.0126051719915449,0.966496,0.23447513549178,0.55690485,0.0472474374474337,0.053776402,0.6370695189365074,True,0.59498876,False,True,False,931,0.0658367056218701,sensitivity_or_small_group,False
cluster_tissue__C6__thymus,thymus,C6,Dynll1,other,-0.63042825,2.4107797739130527e-14,0.714751426242857,0.6025758969641137,stable__thymus_S1,0.4109766637856525,-0.7503034,1.6825142435509185e-07,-0.5912943,1.177101613617514e-09,-0.7099565,6.850959208040555e-05,-0.55361146,2.435234815220136e-11,-0.62129796,4.6276097260973376e-98,True,0.5912943,False,True,False,931,0.0658367056218701,sensitivity_or_small_group,True
cluster_tissue__C6__thymus,thymus,C6,Slc11a2,other,-0.58995575,0.0119308420381493,0.1629991850040753,0.1113155473781051,stable__thymus_S1,0.4109766637856525,-0.75159717,0.2006219014567027,-0.7896411,0.0013356227168877,-0.63471967,0.5869326214631246,-0.5382419,0.0221462926984187,-0.20145403,0.0233923235072952,True,0.58995575,False,True,False,931,0.0658367056218701,sensitivity_or_small_group,False
cluster_tissue__C6__thymus,thymus,C6,Srprb,other,-0.58288586,0.0435709217999022,0.1426242868785658,0.1021159153633856,stable__thymus_S1,0.4109766637856525,-0.77934986,0.3493381217692543,-0.6339863,0.0563883714920072,-0.726662,0.5869326214631246,-0.55938536,0.026290394364464,-0.45521513,1.6484773042912721e-07,True,0.58288586,False,True,False,931,0.0658367056218701,sensitivity_or_small_group,False
cluster_tissue__C6__thymus,thymus,C6,Osbpl8,other,-0.6495932,0.0055617134669123,0.164629176854116,0.1094756209751612,stable__thymus_S1,0.4109766637856525,-0.62935716,0.4266440083214966,-0.5814177,0.0457142111431775,-0.64917904,0.5477309507089427,-0.6424041,0.0024976629384777,-0.14969245,0.0983157785839587,True,0.5814177,False,True,False,931,0.0658367056218701,sensitivity_or_small_group,False
cluster_tissue__C6__thymus,thymus,C6,Sdf2l1,other,-0.58129436,0.0014239780057737,0.2387938060309705,0.1683532658693657,stable__thymus_S1,0.4109766637856525,-0.642068,0.1142977601061462,-0.61820877,0.0033213202092345,-0.6609077,0.1569501758734678,-0.55031353,0.0016769844926227,-0.04009181,0.5972043160610337,True,0.58129436,False,True,False,931,0.0658367056218701,sensitivity_or_small_group,False
cluster_tissue__C6__thymus,thymus,C6,Sfpq,other,-0.6359429,5.190900458435154e-15,0.7204563977179993,0.5841766329346754,stable__thymus_S1,0.4109766637856525,-0.5779029,0.0002308593701069,-0.66358215,8.501021575666191e-13,-0.615919,0.0004763527034925,-0.61447537,5.712778902503562e-15,-0.6973443,3.722464098448951e-107,True,0.5779029,False,True,False,931,0.0658367056218701,sensitivity_or_small_group,True
cluster_tissue__C4__spleen,spleen,C4,Dynll1,other,-0.6436644,0.0489583098019726,0.7295918367346921,0.6201923076923066,stable__spleen_S3,0.9752475247524752,-0.6911416,0.0029826128705894,-0.6975475,0.2234538623406812,-0.5759098,0.1927401254463782,-0.694676,7.168356788704209e-55,-0.62129796,4.6276097260973376e-98,True,0.5759098,True,False,False,143,0.1634711931257971,sensitivity_or_small_group,True
cluster_tissue__C5-1__spleen,spleen,C5-1,Nsd1,other,-0.58600146,0.0330763194809414,0.6485355648535558,0.5217391304347825,stable__spleen_S2,0.9023972602739726,-0.7260976,0.0012085190758198,-0.56141007,0.3908043789251716,-0.759689,0.0179512303811116,-0.4877694,1.3851362074424836e-20,-0.40512067,1.7053501502724128e-29,True,0.56141007,True,False,False,196,0.143283264804741,sensitivity_or_small_group,False
cluster_tissue__C6__thymus,thymus,C6,Safb,other,-0.57900375,8.511822362346569e-05,0.3553382233088846,0.2658693652253915,stable__thymus_S1,0.4109766637856525,-0.6487428,0.0257033373733541,-0.56099224,0.001213230492813,-0.83582443,0.0081838875794256,-0.4942845,0.0008958841078014,-0.51011163,1.5377103145702376e-27,True,0.56099224,False,True,False,931,0.0658367056218701,sensitivity_or_small_group,False
cluster_tissue__C6__thymus,thymus,C6,Riox2,other,-0.56889117,0.0378741380108617,0.1564792176039122,0.113155473781049,stable__thymus_S1,0.4109766637856525,-0.7081301,0.1780033761454832,-0.6009585,0.0723864772653444,-0.5583353,0.5869326214631246,-0.40984336,0.141828951412008,-0.38259935,1.153114108926276e-05,True,0.5583353,False,True,False,931,0.0658367056218701,sensitivity_or_small_group,False
cluster_tissue__C6__thymus,thymus,C6,Lars,other,0.54714984,0.0024961898793495,0.1540342298288511,0.2217111315547386,stable__thymus_S1,0.4109766637856525,0.5933228,0.1309227759824143,0.54488695,0.021102867241873,0.6216554,0.2220367603912069,0.5071897,0.0032820462010411,0.19580956,0.0027362144907986,True,0.54488695,False,True,False,931,0.0658367056218701,sensitivity_or_small_group,False
cluster_tissue__C6__thymus,thymus,C6,Dleu2,other,0.68969005,0.0006446439888094,0.1361043194784028,0.2042318307267716,stable__thymus_S1,0.4109766637856525,0.6584881,0.3025769662310317,0.69529134,0.0073100145096498,0.5432623,0.6095030471276346,0.56850624,0.0012745882141718,0.23138657,0.0002234247478855,True,0.5432623,False,True,False,931,0.0658367056218701,sensitivity_or_small_group,False
cluster_tissue__C6__thymus,thymus,C6,Gm10076,other,0.59702283,6.306396366263083e-27,0.8296658516707226,0.914443422263094,stable__thymus_S1,0.4109766637856525,0.54280585,3.871253489793699e-09,0.57066923,9.252348902614788e-20,0.573744,1.3098321377552236e-06,0.6046425,6.0742713652325384e-27,0.5926142,1.5089228905367191e-120,True,0.54280585,False,True,False,931,0.0658367056218701,sensitivity_or_small_group,True
cluster_tissue__C6__thymus,thymus,C6,Mapkapk3,other,-0.5362488,0.0101625000530167,0.2330888345558278,0.1711131554737816,stable__thymus_S1,0.4109766637856525,-0.6958485,0.0894742516035773,-0.55926824,0.0286178867591555,-0.7889902,0.1122557950597885,-0.51237506,0.0144899289491112,-0.2113135,0.0154478721688481,True,0.5362488,False,True,False,931,0.0658367056218701,sensitivity_or_small_group,False
cluster_tissue__C6__thymus,thymus,C6,Trp53inp1,other,-0.5329686,0.0038848658479142,0.2697636511817449,0.2014719411223558,stable__thymus_S1,0.4109766637856525,-0.56977576,0.271984493556539,-0.6190388,0.0043257904186155,-0.66628295,0.3330943936234846,-0.3855041,0.0375636556371433,-0.30618018,7.586001858405417e-08,True,0.5329686,False,True,False,931,0.0658367056218701,sensitivity_or_small_group,False
cluster_tissue__C3__bone_marrow,bone_marrow,C3,Dnaja1,heat_shock,-0.74057883,0.0414616547426264,0.8389830508474558,0.7130434782608686,stable__bone_marrow_S0,0.9971509971509972,-0.5527781,8.607501261817108e-40,-0.86308265,0.2790947761878459,-0.5315518,3.761269523838716e-27,-0.56558543,5.953036175107771e-50,-0.65962017,2.8381406556308378e-173,True,0.5315518,True,False,False,96,0.118021645167863,sensitivity_or_small_group,True
cluster_tissue__C6__thymus,thymus,C6,Pink1,other,-0.6299749,0.0043818721373637,0.1996740016299923,0.1389144434222634,stable__thymus_S1,0.4109766637856525,-0.88198435,0.0372397502361225,-0.5275504,0.07952694185645,-0.98382175,0.0373445550212498,-0.6032351,0.0037478979303662,-0.7765426,1.3555688134177017e-33,True,0.5275504,False,True,False,931,0.0658367056218701,sensitivity_or_small_group,True
cluster_tissue__C6__thymus,thymus,C6,Ublcp1,other,0.55883455,0.0324265445378846,0.1067644661776692,0.1517939282428707,stable__thymus_S1,0.4109766637856525,0.5511919,0.4534025238107139,0.5153069,0.1691166565087249,0.6686357,0.4709604855137683,0.55785286,0.0191230661446149,0.24453904,0.0037362857235731,True,0.5153069,False,False,False,931,0.0658367056218701,sensitivity_or_small_group,False
cluster_tissue__C6__thymus,thymus,C6,Ahsa2,other,-0.5244944,0.0408745197489251,0.1727791361043198,0.1278748850046001,stable__thymus_S1,0.4109766637856525,-0.65053636,0.240817299353459,-0.55081815,0.0732682040021947,-0.50917745,0.6224085186335525,-0.50568175,0.049340541144037,-0.65517664,2.4724641495349988e-21,True,0.50917745,False,True,False,931,0.0658367056218701,sensitivity_or_small_group,False
cluster_tissue__C6__thymus,thymus,C6,Ormdl1,other,-0.5677426,0.0133673912207215,0.1841890790546051,0.1333946642134318,stable__thymus_S1,0.4109766637856525,-0.51782256,0.4884241011582456,-0.50650823,0.1151504103833782,-0.5107801,0.6633629903052106,-0.552039,0.0090974825916451,-0.28883716,4.582278189342142e-05,True,0.50650823,False,False,False,931,0.0658367056218701,sensitivity_or_small_group,False
cluster_tissue__C6__thymus,thymus,C6,Phlda1,other,0.70222455,0.0077873076573236,0.0831295843520782,0.1315547378104879,stable__thymus_S1,0.4109766637856525,0.5047576,0.5780270548568649,0.7964877,0.011061159471838,0.71359515,0.5139159820038658,0.72052747,0.0033526637295331,0.62710625,5.784262511744938e-13,True,0.5047576,False,True,False,931,0.0658367056218701,sensitivity_or_small_group,False
cluster_tissue__C6__thymus,thymus,C6,Gm47283,other,0.55774695,2.9395590732565937e-06,0.3528932355338235,0.4599816007359663,stable__thymus_S1,0.4109766637856525,0.79780865,0.0001217745844482,0.50106215,0.0005133515092468,0.6708215,0.0270102360538706,0.56651556,2.55778690160686e-07,0.50341594,5.089773535766872e-27,True,0.50106215,False,True,False,931,0.0658367056218701,sensitivity_or_small_group,False
cluster_tissue__C6__thymus,thymus,C6,Smarca2,other,-0.51633954,0.0003892580373929,0.325998370008151,0.2391904323827056,stable__thymus_S1,0.4109766637856525,-0.63830537,0.0565347743134822,-0.5010243,0.0030658660940893,-0.6716888,0.1311284080983596,-0.5002549,0.0004607451358089,-0.19237825,0.001099960368018,True,0.5010243,False,True,False,931,0.0658367056218701,sensitivity_or_small_group,False
cluster_tissue__C6__thymus,thymus,C6,Smc2,other,-0.5500783,0.0473306517783078,0.1499592502037492,0.1067157313707453,stable__thymus_S1,0.4109766637856525,-0.50068426,0.625571913512282,-0.5831184,0.0942307831377634,-0.6059125,0.6626745852767421,-0.5297087,0.0443423919097706,-0.47053152,3.954450617834928e-10,True,0.50068426,False,True,False,931,0.0658367056218701,sensitivity_or_small_group,False
cluster_tissue__C6__thymus,thymus,C6,Sgta,other,-0.5445114,0.0057782383341809,0.2200488997555018,0.1600735970561182,stable__thymus_S1,0.4109766637856525,-0.653842,0.1160019780220958,-0.49919087,0.0553002518295471,-0.58859223,0.3909460603402949,-0.4130716,0.0355272309572669,-0.23798431,0.0010192068525976,True,0.49919087,False,True,False,931,0.0658367056218701,sensitivity_or_small_group,False
cluster_tissue__C6__thymus,thymus,C6,Mxd4,other,-0.5311747,1.7991751162782518e-10,0.6927465362673083,0.5933762649493945,stable__thymus_S1,0.4109766637856525,-0.54921186,0.0003090557699078,-0.49368116,7.024719532769594e-07,-0.5556081,0.0030082088603879,-0.5304617,1.3253956548401596e-10,-0.6301419,3.252039691884909e-84,True,0.49368116,False,True,False,931,0.0658367056218701,sensitivity_or_small_group,True
cluster_tissue__C6__thymus,thymus,C6,Selenoi,other,-0.65150553,0.0356469871789669,0.1051344743276284,0.0671573137074516,stable__thymus_S1,0.4109766637856525,-0.5065169,0.6486666217624365,-0.60564584,0.1777059950686472,-0.49326545,0.73752556822376,-0.47163785,0.0876245687118577,-0.14622688,0.2637747170136489,True,0.49326545,False,False,False,931,0.0658367056218701,sensitivity_or_small_group,False
cluster_tissue__C6__thymus,thymus,C6,Vav3,other,-0.5870353,0.007031787085676,0.2078239608801961,0.1499540018399268,stable__thymus_S1,0.4109766637856525,-0.64417684,0.2455463201679867,-0.49245492,0.0994072168358596,-0.64515895,0.3520504970985693,-0.5677088,0.0056255962570296,-0.28102776,1.1162693466011608e-05,True,0.49245492,False,True,False,931,0.0658367056218701,sensitivity_or_small_group,False
cluster_tissue__C6__thymus,thymus,C6,Kmt5a,other,-0.50919086,0.0077140169315892,0.2616136919315411,0.1987120515179399,stable__thymus_S1,0.4109766637856525,-0.48843578,0.3793153911262726,-0.5897404,0.003870712647725,-0.50624985,0.4693047242570192,-0.54137546,0.0036205064575118,-0.4175468,1.403882771529797e-10,True,0.48843578,False,True,False,931,0.0658367056218701,sensitivity_or_small_group,False
cluster_tissue__C6__thymus,thymus,C6,Fbrs,other,-0.58621454,0.029576842168824,0.1507742461287696,0.1057957681692734,stable__thymus_S1,0.4109766637856525,-0.8349344,0.1722816436981271,-0.48596197,0.1878429111075895,-0.66357017,0.6028465263117527,-0.5928213,0.0176956243513228,-0.3588919,1.1079675443327466e-05,True,0.48596197,False,False,False,931,0.0658367056218701,sensitivity_or_small_group,False
cluster_tissue__C6__thymus,thymus,C6,mt-Nd3,respiratory_chain_or_mt,0.69203496,1.1868006346289945e-12,0.4254278728606372,0.5758969641214281,stable__thymus_S1,0.4109766637856525,0.79330975,1.6290147550347549e-06,0.48224503,0.000111391638771,0.5879091,0.0184802022621375,0.65387416,5.102158156354137e-12,0.7964912,2.1599622581650896e-94,True,0.48224503,False,True,False,931,0.0658367056218701,sensitivity_or_small_group,True
cluster_tissue__C6__thymus,thymus,C6,Slc7a6os,other,0.6713448,0.0151725282706141,0.0831295843520782,0.1278748850046001,stable__thymus_S1,0.4109766637856525,0.48962212,0.6383417025919852,0.626552,0.11546501456625,0.4749708,0.7226336839107591,0.5714182,0.0116127927045733,0.09909507,0.3011614630436234,True,0.4749708,False,False,False,931,0.0658367056218701,sensitivity_or_small_group,False
cluster_tissue__C6__thymus,thymus,C6,Fcho2,other,-0.4715871,0.0160499151860119,0.2811735941320302,0.2244710211591544,stable__thymus_S1,0.4109766637856525,-0.51987773,0.2027022825472721,-0.565206,0.0067152951948916,-0.62102866,0.2161269772470778,-0.3605554,0.0672942349201235,-0.4105009,1.5560944009546968e-11,True,0.4715871,False,True,False,931,0.0658367056218701,sensitivity_or_small_group,False
cluster_tissue__C6__thymus,thymus,C6,Rpl35,ribosome,0.48033538,5.7424041003304546e-39,0.9698451507742182,0.9898804047837914,stable__thymus_S1,0.4109766637856525,0.51459664,1.231727158059811e-19,0.46934357,1.124438858727987e-28,0.5313411,1.654562036612474e-15,0.47459492,7.018588698914398e-35,0.47097915,1.4228298385880277e-147,True,0.46934357,False,True,False,931,0.0658367056218701,sensitivity_or_small_group,False
cluster_tissue__C5-1__spleen,spleen,C5-1,Sfpq,other,-0.6631767,0.0007674981051127,0.7154811715481157,0.5855072463768103,stable__spleen_S2,0.9023972602739726,-0.64171135,0.0017758693510792,-0.57871896,0.1351814576532151,-0.469088,0.2765541822667997,-0.8022967,3.4131935772292923e-60,-0.6973443,3.722464098448951e-107,True,0.469088,True,False,False,196,0.143283264804741,sensitivity_or_small_group,True
cluster_tissue__C6__thymus,thymus,C6,4930486L24Rik,other,0.506941,0.012776981975686,0.1458842705786473,0.2023919043238277,stable__thymus_S1,0.4109766637856525,0.46651906,0.5875701389997207,0.5878442,0.0096473310372204,0.54748005,0.6633629903052106,0.46565384,0.0129267465820912,0.28434607,0.0001521380402962,True,0.46651906,False,True,False,931,0.0658367056218701,sensitivity_or_small_group,False
cluster_tissue__C4__bone_marrow,bone_marrow,C4,Cox5b,respiratory_chain_or_mt,0.4810167,0.0393634435182253,0.7377049180327844,0.8295964125560558,stable__bone_marrow_S1,0.987152034261242,0.5204873,0.0007019789034655,0.46452776,0.2008787413150876,0.51633847,0.0093294289704402,0.3174442,9.153349365403804e-12,0.34580725,2.1355739632987218e-33,True,0.46452776,True,False,False,164,0.0733202144135154,sensitivity_or_small_group,True
cluster_tissue__C6__thymus,thymus,C6,Anapc13,other,0.46095324,0.0116232983566862,0.2013039934800331,0.2631094756209758,stable__thymus_S1,0.4109766637856525,0.6073544,0.1422338427975292,0.4917314,0.021102867241873,0.5678648,0.3520504970985693,0.44674858,0.00804517761208,0.33902493,1.2260499108950915e-10,True,0.46095324,False,True,False,931,0.0658367056218701,sensitivity_or_small_group,False
cluster_tissue__C6__thymus,thymus,C6,Tomm7,other,0.5373316,2.6895554925920175e-10,0.5452322738386298,0.6540938362465412,stable__thymus_S1,0.4109766637856525,0.45786354,0.0051104821487395,0.55198663,1.9226997647834515e-08,0.5545928,0.0029319154219275,0.5679317,7.933232962362719e-12,0.41100898,1.996970127954304e-39,True,0.45786354,False,True,False,931,0.0658367056218701,sensitivity_or_small_group,True
cluster_tissue__C6__thymus,thymus,C6,Smap2,other,-0.47843793,8.271854508950323e-05,0.4792176039119822,0.3909843606255724,stable__thymus_S1,0.4109766637856525,-0.47978207,0.1014907627312983,-0.4574654,0.0016233330497632,-0.56879085,0.0846216607070763,-0.3144264,0.0229288372717544,-0.20520407,7.931271454254334e-07,True,0.4574654,False,True,False,931,0.0658367056218701,sensitivity_or_small_group,False
cluster_tissue__C4__bone_marrow,bone_marrow,C4,mt-Nd3,respiratory_chain_or_mt,0.80440503,0.0085218328124308,0.4098360655737708,0.5695067264574003,stable__bone_marrow_S1,0.987152034261242,0.7828377,0.0005579570229645,0.6202564,0.3383992935081367,0.4562275,0.4166343388775524,0.8513495,1.8096566161057207e-40,0.7964912,2.1599622581650896e-94,True,0.4562275,True,False,False,164,0.0733202144135154,sensitivity_or_small_group,True
cluster_tissue__C6__thymus,thymus,C6,Mpp7,other,0.5175705,0.0057163924481516,0.1695191524042383,0.2345906163753458,stable__thymus_S1,0.4109766637856525,0.4551061,0.5866630537736002,0.52553135,0.0192281181866331,0.55242586,0.654974646259832,0.35464782,0.0353648617334987,0.23919956,0.0006973884497375,True,0.4551061,False,True,False,931,0.0658367056218701,sensitivity_or_small_group,False
cluster_tissue__C6__thymus,thymus,C6,Cdk5rap3,other,0.44673434,0.003552464875174,0.2738386308068468,0.3560257589696395,stable__thymus_S1,0.4109766637856525,0.47244647,0.2589629926260904,0.50367916,0.0034375526220609,0.6069596,0.2003214886481319,0.44591135,0.0021539434427558,0.121205494,0.021370900192107,True,0.44673434,False,True,False,931,0.0658367056218701,sensitivity_or_small_group,False
cluster_tissue__C6__thymus,thymus,C6,Gpr171,other,-0.48133942,0.0040239892801191,0.2836185819070913,0.215271389144435,stable__thymus_S1,0.4109766637856525,-0.492132,0.1574383056910855,-0.572121,0.002705858200913,-0.4467276,0.4303056938727451,-0.4198885,0.0154800565965165,-0.179621,0.0154050633589234,True,0.4467276,False,True,False,931,0.0658367056218701,sensitivity_or_small_group,False
cluster_tissue__C6__thymus,thymus,C6,Gpr68,other,-0.45476007,0.0084514848865022,0.2909535452322747,0.2253909843606264,stable__thymus_S1,0.4109766637856525,-0.54409605,0.128640185443552,-0.48003888,0.0187686352737438,-0.44506598,0.4709604855137683,-0.42913228,0.0134980402061764,-0.21933396,0.0020399309594246,True,0.44506598,False,True,False,931,0.0658367056218701,sensitivity_or_small_group,False
cluster_tissue__C6__thymus,thymus,C6,Ndufaf8,respiratory_chain_or_mt,0.5887745,1.5942365434292687e-05,0.2738386308068468,0.3725850965961341,stable__thymus_S1,0.4109766637856525,0.44351456,0.265333658101947,0.63477373,5.645160511741351e-05,0.55326575,0.2069066561708021,0.57990444,1.007427021823798e-05,0.40314248,4.497461218531957e-18,True,0.44351456,False,True,False,931,0.0658367056218701,sensitivity_or_small_group,False
cluster_tissue__C0__spleen,spleen,C0,Rpl35,ribosome,0.7109658,0.0396598242883067,0.8865979381443289,0.9772727272727266,stable__spleen_S0,0.8594594594594595,0.4711876,7.073512414754471e-46,0.71735746,0.8119220304361899,0.44190374,4.393583696321448e-31,0.4990737,8.962821013465895e-66,0.47097915,1.4228298385880277e-147,True,0.44190374,True,False,False,55,0.1620679079563041,sensitivity_or_small_group,False
cluster_tissue__C6__thymus,thymus,C6,Nr2c2ap,other,-0.48722515,0.0210673119013613,0.2371638141809297,0.1830726770929168,stable__thymus_S1,0.4109766637856525,-0.52609074,0.3196814035441523,-0.44059724,0.1222728151288795,-0.58725584,0.41317490552499,-0.43394983,0.0392241198533229,-0.16618657,0.0396035158536945,True,0.44059724,False,False,False,931,0.0658367056218701,sensitivity_or_small_group,False
cluster_tissue__C6__thymus,thymus,C6,Plcxd2,other,0.49155605,0.0240616934345626,0.1866340668296663,0.2419503219871214,stable__thymus_S1,0.4109766637856525,0.4348628,0.5959349179457949,0.5213292,0.040919059748069,0.62497383,0.4693047242570192,0.37622777,0.0692540793632995,0.24670352,0.0013462969562736,True,0.4348628,False,True,False,931,0.0658367056218701,sensitivity_or_small_group,False
cluster_tissue__C6__thymus,thymus,C6,Dnaja1,heat_shock,-0.46692353,4.3440425189710294e-16,0.9511002444987507,0.9080036798527906,stable__thymus_S1,0.4109766637856525,-0.50930196,3.2498346618941965e-08,-0.43371862,1.1556492311357075e-10,-0.45638302,2.882967630134849e-05,-0.41626284,1.733084756558911e-13,-0.65962017,2.8381406556308378e-173,True,0.43371862,False,True,False,931,0.0658367056218701,sensitivity_or_small_group,True
cluster_tissue__C6__thymus,thymus,C6,Pdzd8,other,-0.6799703,0.0012235484923074,0.2135289323553388,0.1481140754369829,stable__thymus_S1,0.4109766637856525,-0.43336385,0.5807565411912526,-0.671281,0.007799652778926,-0.4770304,0.6596564444735746,-0.5994894,0.0033000052234882,-0.12206955,0.1233235420271941,True,0.43336385,False,True,False,931,0.0658367056218701,sensitivity_or_small_group,False
cluster_tissue__C6__thymus,thymus,C6,Tmem165,other,-0.6391958,0.0006350353447919,0.2510187449062762,0.1784728610855571,stable__thymus_S1,0.4109766637856525,-0.43243027,0.4078872275297632,-0.7395124,0.0004041780129453,-0.55410033,0.3520504970985693,-0.5125791,0.0034111414009549,-0.30146918,3.074087954897144e-06,True,0.43243027,False,True,False,931,0.0658367056218701,sensitivity_or_small_group,False
cluster_tissue__C6__thymus,thymus,C6,Mxd1,other,0.42570317,0.0187417011665229,0.242053789731052,0.3063477460901559,stable__thymus_S1,0.4109766637856525,0.47956958,0.382774267723719,0.5205386,0.0074718403974232,0.45189086,0.6095030471276346,0.39957735,0.0275309824206792,0.31341827,0.0005083778207365,True,0.42570317,False,True,False,931,0.0658367056218701,sensitivity_or_small_group,False
cluster_tissue__C6__thymus,thymus,C6,Klrc1,other,-0.46961457,0.029576842168824,0.19478402607987,0.1407543698252073,stable__thymus_S1,0.4109766637856525,-0.46023637,0.4238217640533903,-0.423488,0.1162669527244932,-0.5225398,0.4904742702865081,-0.5559883,0.0052182784872256,0.004354311,0.8852774997921639,True,0.423488,False,False,False,931,0.0658367056218701,sensitivity_or_small_group,False
cluster_tissue__C6__thymus,thymus,C6,Ndufb3,respiratory_chain_or_mt,0.4460266,5.782613412208358e-05,0.4286878565607187,0.5400183992640233,stable__thymus_S1,0.4109766637856525,0.5116065,0.0213245603494822,0.42070106,0.0014359033087224,0.55564123,0.0412758936733575,0.3860408,0.0002021884677432,0.28937688,1.1655234983105637e-15,True,0.42070106,False,True,False,931,0.0658367056218701,sensitivity_or_small_group,False
cluster_tissue__C6__thymus,thymus,C6,Ormdl3,other,-0.5044267,0.0257992989916654,0.2347188264058686,0.1830726770929168,stable__thymus_S1,0.4109766637856525,-0.63933444,0.1520879601509041,-0.41577902,0.2062224246677933,-0.54885817,0.5180806950864947,-0.50229424,0.0116127927045733,-0.26230434,2.0389232409179037e-05,True,0.41577902,False,False,False,931,0.0658367056218701,sensitivity_or_small_group,False
cluster_tissue__C6__thymus,thymus,C6,Glipr2,other,-0.52160186,0.0035689946792936,0.2754686226568875,0.2060717571297155,stable__thymus_S1,0.4109766637856525,-0.41914856,0.3911634196061808,-0.6302531,0.0015592077496471,-0.4118136,0.5345204029740659,-0.5707465,0.0004470323699776,-0.16355398,0.0165584210792011,True,0.4118136,False,True,False,931,0.0658367056218701,sensitivity_or_small_group,False
cluster_tissue__C6__thymus,thymus,C6,Cxcr6,other,-0.42749113,3.786660841472836e-09,0.9005704971474907,0.8261269549217899,stable__thymus_S1,0.4109766637856525,-0.52321273,1.6292280162909947e-05,-0.4115531,5.241263016689596e-06,-0.5074572,0.0009689007342831,-0.30472746,9.81204991412872e-05,-0.039743014,0.3228874150138236,True,0.4115531,False,True,False,931,0.0658367056218701,sensitivity_or_small_group,True
cluster_tissue__C0__bone_marrow,bone_marrow,C0,Skil,other,0.5191458,0.0022628867458964,0.0919857876036324,0.1277511961722492,stable__bone_marrow_S0,0.9829115293099718,0.48238933,0.0015863885608507,0.41034153,0.1007744414531729,0.48760208,0.0137991402367591,0.48786533,0.0003270116749855,0.2226172,0.0024688604764691,True,0.41034153,True,False,False,1742,0.0561687506989313,sensitivity_or_small_group,False
cluster_tissue__C5-1__bone_marrow,bone_marrow,C5-1,Tmsb10,other,0.40965196,0.028812833343725,0.9999999999999992,0.9999999999999988,stable__bone_marrow_S1,0.6363636363636364,0.559358,6.30448391164028e-33,0.47323596,0.6751905342845869,0.5787309,8.474874302429627e-25,0.4827511,7.344498905290614e-244,0.48103377,0.0,True,0.40965196,True,False,False,57,0.1082618853515033,sensitivity_or_small_group,True
cluster_tissue__C6__thymus,thymus,C6,Ubxn4,other,-0.51883674,2.22999051298962e-06,0.5387123064384672,0.4323827046918088,stable__thymus_S1,0.4109766637856525,-0.40915522,0.1780033761454832,-0.5261324,2.7578810176441508e-05,-0.45883,0.2110675811286044,-0.5523924,1.8027989608960898e-07,-0.50048053,2.52491696348832e-40,True,0.40915522,False,True,False,931,0.0658367056218701,sensitivity_or_small_group,False
cluster_tissue__C6__thymus,thymus,C6,Ebna1bp2,other,-0.4430088,0.0012235484923074,0.4156479217603926,0.3376264949402012,stable__thymus_S1,0.4109766637856525,-0.48866832,0.122257647728778,-0.4087235,0.0202968282131249,-0.5233055,0.2060568223720756,-0.40561146,0.0024065191929895,-0.2514265,8.271495293086919e-08,True,0.4087235,False,True,False,931,0.0658367056218701,sensitivity_or_small_group,False
cluster_tissue__C4__spleen,spleen,C4,Srsf7,other,-0.52260697,0.027824150144807,0.87755102040816,0.8028846153846136,stable__spleen_S3,0.9752475247524752,-0.48401496,0.035819538953377,-0.4942441,0.3718501621124087,-0.4073996,0.535404468758953,-0.35201415,3.968091403973027e-20,-0.29907662,1.0804370908175041e-29,True,0.4073996,True,False,False,143,0.1634711931257971,sensitivity_or_small_group,False
cluster_tissue__C6__thymus,thymus,C6,Rdh14,other,-0.624895,0.0225452413668066,0.1434392828035862,0.0984360625574978,stable__thymus_S1,0.4109766637856525,-0.6701307,0.3943186617320473,-0.4067787,0.3874535186134165,-0.610371,0.6700492977866755,-0.62087214,0.0244082146769489,-0.14524566,0.1463773907651622,True,0.4067787,False,False,False,931,0.0658367056218701,sensitivity_or_small_group,False
cluster_tissue__C6__thymus,thymus,C6,Hspa1a,heat_shock,0.6211388,3.107888518571012e-05,0.4710676446617784,0.5574977000919897,stable__thymus_S1,0.4109766637856525,0.4026268,0.2891722061722666,0.68432456,6.076075494838908e-05,0.42241457,0.3698661810449539,0.5973647,3.783546119128211e-05,0.6180962,1.0268251574643465e-17,True,0.4026268,False,True,False,931,0.0658367056218701,sensitivity_or_small_group,True
cluster_tissue__C6__thymus,thymus,C6,Tmsb10,other,0.42200157,2.193149699378401e-89,0.99999999999997,0.9999999999999823,stable__thymus_S1,0.4109766637856525,0.40244022,1.033561472052117e-36,0.42970014,3.0762440158349237e-71,0.45043024,1.571907259760278e-33,0.3990265,3.008283437235136e-77,0.48103377,0.0,True,0.40244022,False,True,False,931,0.0658367056218701,sensitivity_or_small_group,True
cluster_tissue__C6__thymus,thymus,C6,Foxn3,other,0.40030885,0.0006652543982294,0.4213528932355353,0.5160993560257534,stable__thymus_S1,0.4109766637856525,0.44232544,0.0930959276474914,0.42403498,0.0022821420092052,0.44475406,0.2396072385873085,0.36766282,0.0007127562851972,0.18183444,1.229432638022172e-05,True,0.40030885,False,True,False,931,0.0658367056218701,sensitivity_or_small_group,False
cluster_tissue__C6__thymus,thymus,C6,Izumo1r,other,0.6206633,0.0003079605798766,0.1890790546047274,0.2704691812327511,stable__thymus_S1,0.4109766637856525,0.39831233,0.7746004625915789,0.563742,0.0103043379244216,0.47892287,0.8143882163051699,0.5076399,0.0022591726901983,0.09285081,0.1253790989221593,True,0.39831233,False,True,False,931,0.0658367056218701,sensitivity_or_small_group,False
cluster_tissue__C6__thymus,thymus,C6,Snx3,other,-0.4300781,5.744909460440345e-06,0.5998370008149915,0.5059797608095623,stable__thymus_S1,0.4109766637856525,-0.6864461,4.706013512859512e-06,-0.39456835,0.0011700388597395,-0.67379045,0.0004489891778815,-0.38677114,4.766072871075591e-05,-0.2907212,5.911208110014834e-19,True,0.39456835,False,True,False,931,0.0658367056218701,sensitivity_or_small_group,False
cluster_tissue__C3__spleen,spleen,C3,Rpain,other,-0.5851227,0.0007192098549975,0.1097031136857344,0.0770434102463822,stable__spleen_S0,0.9951118631321676,-0.5798571,0.0006450274869175,-0.39312977,0.1396604437011059,-0.598343,0.002801355716512,-0.50427246,0.0010002086062149,-0.5705693,1.3830475678245838e-10,True,0.39312977,True,False,False,2061,0.0575960695787255,sensitivity_or_small_group,False
cluster_tissue__C0__spleen,spleen,C0,Cd52,other,0.43650746,0.0006529315606756,0.9999999999999986,0.9999999999999992,stable__spleen_S0,0.8594594594594595,0.4003224,2.349922364201148e-116,0.46938607,0.1268985136559753,0.39174473,2.4160168876151133e-85,0.36951882,4.701596911042714e-109,0.37258404,2.3839789965717408e-250,True,0.39174473,True,False,False,55,0.1620679079563041,sensitivity_or_small_group,True
cluster_tissue__C6__thymus,thymus,C6,Arpp19,other,0.40538013,0.0001065719278441,0.4865525672371656,0.5740570377184843,stable__thymus_S1,0.4109766637856525,0.42864585,0.0481901827082501,0.38846305,0.0025334383780808,0.3909861,0.2583192843592478,0.3701155,0.0002735334057044,0.3464495,2.0814320813621744e-22,True,0.38846305,False,True,False,931,0.0658367056218701,sensitivity_or_small_group,False
cluster_tissue__C6__thymus,thymus,C6,Tubb4b,other,-0.46084645,5.885271663818207e-05,0.5395273023634876,0.4581416743330225,stable__thymus_S1,0.4109766637856525,-0.38742593,0.2238104124106058,-0.441282,0.0016558839899284,-0.42224136,0.3117203073343032,-0.40615112,0.0004495377880669,-0.45192444,1.3583761637800311e-30,True,0.38742593,False,True,False,931,0.0658367056218701,sensitivity_or_small_group,False
cluster_tissue__C6__thymus,thymus,C6,Urm1,other,-0.5195593,0.0483124395477848,0.1662591687041568,0.1214351425942965,stable__thymus_S1,0.4109766637856525,-0.8152434,0.1411853137043399,-0.38601744,0.3639949596089831,-0.7802953,0.3446708249243422,-0.35959616,0.2074434495101361,-0.22886817,0.0181737517530103,True,0.38601744,False,False,False,931,0.0658367056218701,sensitivity_or_small_group,False
cluster_tissue__C4__bone_marrow,bone_marrow,C4,Ier2,other,0.68355125,0.0387427004556216,0.55327868852459,0.6905829596412572,stable__bone_marrow_S1,0.987152034261242,0.45724785,0.1401473347293489,0.5800942,0.3438740147216115,0.38504496,0.4498877409442421,0.43492872,8.451139504464727e-11,0.19848412,1.5204042457161402e-06,True,0.38504496,False,False,False,164,0.0733202144135154,sensitivity_or_small_group,True
cluster_tissue__C3__spleen,spleen,C3,Plekha1,other,-0.44252542,0.0224448377639687,0.1053584359160024,0.0809542432538127,stable__spleen_S0,0.9951118631321676,-0.39641607,0.0413023675076489,-0.3936399,0.1402584950468842,-0.38099718,0.1258080845938249,-0.3739532,0.0286151242807308,-0.18822291,0.1148714324975341,True,0.38099718,True,False,False,2061,0.0575960695787255,sensitivity_or_small_group,False
cluster_tissue__C6__thymus,thymus,C6,Zbtb11,other,-0.49703363,0.0311377001285877,0.1833740831295847,0.1333946642134318,stable__thymus_S1,0.4109766637856525,-0.38070923,0.6302224270321656,-0.3899419,0.2792582359977836,-0.4038904,0.7020061593052356,-0.31325668,0.2255871457553504,-0.3065625,0.0001075019860491,True,0.38070923,False,False,False,931,0.0658367056218701,sensitivity_or_small_group,False
cluster_tissue__C6__thymus,thymus,C6,Rps21,ribosome,0.40032956,2.985292953432356e-92,0.9991850040749498,0.9999999999999823,stable__thymus_S1,0.4109766637856525,0.3801312,2.6947132259199345e-36,0.38584948,1.5158599810086669e-68,0.4000251,5.235112269353663e-32,0.41579795,1.1456084670374158e-78,0.36888307,0.0,True,0.3801312,False,True,False,931,0.0658367056218701,sensitivity_or_small_group,False
cluster_tissue__C6__thymus,thymus,C6,Banp,other,-0.9017959,0.0001330452280661,0.1564792176039122,0.0929162833486661,stable__thymus_S1,0.4109766637856525,-0.493463,0.5886562141715218,-0.9558875,0.0005105942172331,-0.3797404,0.7703816528798905,-0.9753492,1.0360893692812348e-05,-0.9944728,3.4977102652236457e-35,True,0.3797404,False,True,False,931,0.0658367056218701,sensitivity_or_small_group,True
cluster_tissue__C6__thymus,thymus,C6,Nop14,other,-0.4456584,0.027197193430999,0.2762836185819079,0.2217111315547386,stable__thymus_S1,0.4109766637856525,-0.37707007,0.5431611791500595,-0.5329624,0.0126051719915449,-0.41630274,0.61459652929893,-0.35251203,0.0978953598405664,-0.35204244,8.076986587770033e-08,True,0.37707007,False,True,False,931,0.0658367056218701,sensitivity_or_small_group,False
cluster_tissue__C0__bone_marrow,bone_marrow,C0,Ints11,other,-0.46120003,0.0032237481372135,0.1598894591393612,0.1215311004784693,stable__bone_marrow_S0,0.9829115293099718,-0.47829607,0.0012731796924067,-0.37678877,0.1021889011897236,-0.41913196,0.0266544645998219,-0.4624911,0.0003570624019672,-0.32499075,1.4384326760980536e-05,True,0.37678877,True,False,False,1742,0.0561687506989313,sensitivity_or_small_group,False
cluster_tissue__C0__bone_marrow,bone_marrow,C0,Atxn3,other,-0.5417719,0.0109219622676574,0.1010659297275961,0.0727272727272726,stable__bone_marrow_S0,0.9829115293099718,-0.4732054,0.0182400887662601,-0.4586165,0.1460679899118387,-0.37619957,0.1908568239138755,-0.3736814,0.0557530975618007,-0.2554927,0.0121406289848428,True,0.37619957,True,False,False,1742,0.0561687506989313,sensitivity_or_small_group,False
cluster_tissue__C6__thymus,thymus,C6,Luc7l,other,-0.6486509,0.0002253301365382,0.2526487367563169,0.1757129714811413,stable__thymus_S1,0.4109766637856525,-0.46494552,0.4683401018915719,-0.6216193,0.0033213202092345,-0.37598214,0.6771182892120969,-0.6550761,0.0002467367424175,-0.44830173,2.1155426300561023e-14,True,0.37598214,False,True,False,931,0.0658367056218701,sensitivity_or_small_group,False
cluster_tissue__C6__thymus,thymus,C6,Chordc1,other,-0.37546217,0.0178199475940205,0.4026079869600666,0.3413063477460888,stable__thymus_S1,0.4109766637856525,-0.5098842,0.1151472178428771,-0.4069333,0.03235900970019,-0.53456056,0.1833859564753149,-0.3973396,0.0085991682765418,-0.4624074,2.7950277528667913e-23,True,0.37546217,False,True,False,931,0.0658367056218701,sensitivity_or_small_group,False
cluster_tissue__C0__bone_marrow,bone_marrow,C0,1700017B05Rik,other,0.37473428,0.0388818764738417,0.1042242400315835,0.133014354066986,stable__bone_marrow_S0,0.9829115293099718,0.39767307,0.0146654980795945,0.37530264,0.1398246906398209,0.43604454,0.0388369006588115,0.3859773,0.0080862156040381,0.18524437,0.0406680140448537,True,0.37473428,True,False,False,1742,0.0561687506989313,sensitivity_or_small_group,False
cluster_tissue__C6__thymus,thymus,C6,Arid4a,other,-0.44432366,0.0002883756353473,0.4930725346373286,0.4057037718491231,stable__thymus_S1,0.4109766637856525,-0.3726346,0.3801744449570132,-0.4974851,0.0004783829364889,-0.52398896,0.1333635746580891,-0.4130594,0.0006250857996038,-0.43799925,6.071822672497928e-30,True,0.3726346,False,True,False,931,0.0658367056218701,sensitivity_or_small_group,False
cluster_tissue__C6__thymus,thymus,C6,Ifi27l2a,other,0.44418353,8.410699425835135e-05,0.7131214343928164,0.7672493100275871,stable__thymus_S1,0.4109766637856525,0.37143227,0.2891722061722666,0.51700795,2.469868325012872e-05,0.4194657,0.2989286826767799,0.41511363,0.0003587907978185,0.20664558,3.403463927240254e-06,True,0.37143227,False,True,False,931,0.0658367056218701,sensitivity_or_small_group,True
cluster_tissue__C5-1__spleen,spleen,C5-1,Cacybp,other,-0.5777895,0.0389242590552008,0.5732217573221758,0.4492753623188408,stable__spleen_S2,0.9023972602739726,-0.5090121,0.1363772508487092,-0.46485937,0.5456293501486384,-0.37036252,0.6397009586283103,-0.65151757,5.822958573465978e-27,-0.5380624,7.608130277508252e-44,True,0.37036252,False,False,False,196,0.143283264804741,sensitivity_or_small_group,True
cluster_tissue__C6__thymus,thymus,C6,Nptn,other,-0.42331427,0.0160499151860119,0.3414832925835382,0.2805887764489422,stable__thymus_S1,0.4109766637856525,-0.3700739,0.4534025238107139,-0.47598168,0.0193583056146445,-0.44096103,0.441418827660206,-0.31664103,0.0744281436154162,-0.24699885,1.458178141488852e-07,True,0.3700739,False,True,False,931,0.0658367056218701,sensitivity_or_small_group,False
cluster_tissue__C5-2__bone_marrow,bone_marrow,C5-2,Rpl37,ribosome,0.36855182,0.0237495084438197,0.990384615384614,0.9999999999999986,stable__bone_marrow_S3,1.0,0.4003597,0.0036424030467568,0.40943113,0.8020956287760166,0.4744661,0.2799124384208882,0.32647,2.114763753228868e-84,0.32852536,4.9382829911260943e-238,True,0.36855182,True,False,False,56,0.0699690113284383,sensitivity_or_small_group,False
cluster_tissue__C6__thymus,thymus,C6,Dynll2,other,-0.48101446,0.0062180821752803,0.3039934800326008,0.2419503219871214,stable__thymus_S1,0.4109766637856525,-0.42267904,0.4753873421223016,-0.3926608,0.111057015205852,-0.3684533,0.6734441095383418,-0.4416443,0.0083826802383999,-0.26746526,2.947669794370905e-07,True,0.3684533,False,False,False,931,0.0658367056218701,sensitivity_or_small_group,False
cluster_tissue__C6__thymus,thymus,C6,Cenpb,other,0.3684125,0.0338620256537362,0.2469437652811743,0.3100275988960436,stable__thymus_S1,0.4109766637856525,0.5157559,0.0960984753560188,0.39402273,0.0576165124689996,0.66477394,0.0610755490966051,0.36588356,0.0197321525407228,0.34104592,1.7263998297426538e-10,True,0.3684125,False,True,False,931,0.0658367056218701,sensitivity_or_small_group,False
cluster_tissue__C6__thymus,thymus,C6,Btg2,other,0.39732087,1.1654167260829527e-07,0.878565607171942,0.916283348666038,stable__thymus_S1,0.4109766637856525,0.36869285,0.0125968741064409,0.39380327,1.9743601703691457e-06,0.36599916,0.037383380757144,0.3775568,2.3113574431567717e-07,0.32087716,4.786457409996762e-25,True,0.36599916,False,True,False,931,0.0658367056218701,sensitivity_or_small_group,True
cluster_tissue__C3__spleen,spleen,C3,Fiz1,other,-0.43135166,0.008556709275175,0.1256335988414185,0.0962064919827919,stable__spleen_S0,0.9951118631321676,-0.40090737,0.0149547269109185,-0.37022075,0.1082380305344176,-0.36579683,0.0804606054079067,-0.37292275,0.0117650815839366,-0.19612497,0.0966683427921208,True,0.36579683,True,False,False,2061,0.0575960695787255,sensitivity_or_small_group,False
cluster_tissue__C3__spleen,spleen,C3,Lcmt1,other,-0.49699008,0.0087016285940255,0.1031860970311364,0.0770434102463822,stable__spleen_S0,0.9951118631321676,-0.47927895,0.0092678675865908,-0.36576346,0.1587387020665939,-0.39394853,0.1304652266166951,-0.39544275,0.0305191760995861,-0.29018116,0.0060348031034631,True,0.36576346,True,False,False,2061,0.0575960695787255,sensitivity_or_small_group,False
cluster_tissue__C6__thymus,thymus,C6,Cox17,respiratory_chain_or_mt,0.36526835,0.0037077528908038,0.386308068459659,0.4664213431462697,stable__thymus_S1,0.4109766637856525,0.4918175,0.0191017572584511,0.40520513,0.003870712647725,0.6180218,0.0032463965425551,0.41529608,0.0002959365856392,0.4465607,4.738126374280551e-31,True,0.36526835,False,True,False,931,0.0658367056218701,sensitivity_or_small_group,True
cluster_tissue__C0__bone_marrow,bone_marrow,C0,Pak6,other,-0.38180923,0.0456276714019126,0.1287011448874858,0.1019138755980864,stable__bone_marrow_S0,0.9829115293099718,-0.3940107,0.03298124559384,-0.39409783,0.1194453476771826,-0.3640465,0.1161727380692069,-0.39968726,0.0235405263176504,-0.3239589,0.0017463392517955,True,0.3640465,True,False,False,1742,0.0561687506989313,sensitivity_or_small_group,False
cluster_tissue__C6__thymus,thymus,C6,Pop5,other,-0.3654822,0.0062180821752803,0.4621026894865542,0.3965041398344039,stable__thymus_S1,0.4109766637856525,-0.6228282,0.0050203554400114,-0.3635536,0.0336992337486527,-0.5787367,0.077867745368832,-0.33415326,0.0176956243513228,-0.26893753,2.699732363279896e-13,True,0.3635536,False,True,False,931,0.0658367056218701,sensitivity_or_small_group,False
cluster_tissue__C6__thymus,thymus,C6,Ldlrap1,other,-0.6801512,0.0184183946200392,0.1336593317033416,0.0892364305427784,stable__thymus_S1,0.4109766637856525,-0.363054,0.6773941936388713,-0.715976,0.0338097204565796,-0.4079843,0.7226336839107591,-0.60189706,0.0306028877347811,-0.3931451,0.0037475908269262,True,0.363054,False,True,False,931,0.0658367056218701,sensitivity_or_small_group,False
cluster_tissue__C6__thymus,thymus,C6,Macf1,other,-0.46151015,1.2203108555986425e-07,0.6935615321923286,0.6126954921803048,stable__thymus_S1,0.4109766637856525,-0.3619122,0.1058313092370114,-0.4535614,1.4196377794825442e-05,-0.40348604,0.1361986109694127,-0.46599123,3.5986496440997374e-07,-0.37656075,4.9693029488446076e-29,True,0.3619122,False,True,False,931,0.0658367056218701,sensitivity_or_small_group,True
cluster_tissue__C6__thymus,thymus,C6,Tmem258,other,0.4293395,3.760835254710534e-05,0.4531377343113301,0.5400183992640233,stable__thymus_S1,0.4109766637856525,0.53312093,0.0069215576579251,0.36171272,0.0055452910868577,0.5253939,0.0610755490966051,0.4049734,7.07136442890927e-05,0.40670407,1.4521461297696843e-28,True,0.36171272,False,True,False,931,0.0658367056218701,sensitivity_or_small_group,False
cluster_tissue__C0__bone_marrow,bone_marrow,C0,Mcm3,other,-0.46220553,0.0485481137409201,0.1140939597315441,0.0899521531100479,stable__bone_marrow_S0,0.9829115293099718,-0.50011057,0.0177801478386588,-0.36021432,0.3107535575221732,-0.4367136,0.1543322798595006,-0.34675094,0.1427185312265192,-0.20220321,0.1281401411978342,True,0.36021432,True,False,False,1742,0.0561687506989313,sensitivity_or_small_group,False
cluster_tissue__C6__thymus,thymus,C6,Ndufb4,respiratory_chain_or_mt,0.37223083,0.0031767633540718,0.3960880195599036,0.4783808647654047,stable__thymus_S1,0.4109766637856525,0.38774845,0.2402196546953364,0.35995275,0.021102867241873,0.41901332,0.3596105781172228,0.3813837,0.001301844142685,0.40943375,4.309045134630952e-25,True,0.35995275,False,True,False,931,0.0658367056218701,sensitivity_or_small_group,False
cluster_tissue__C6__thymus,thymus,C6,Pdrg1,other,-0.35865903,0.0131730573059532,0.4083129584352092,0.3459061637534484,stable__thymus_S1,0.4109766637856525,-0.50164956,0.0546180666540145,-0.3634585,0.0410442602111534,-0.4614089,0.2955119136164054,-0.3145696,0.0475394557268353,-0.22982194,6.756770743166636e-07,True,0.35865903,False,True,False,931,0.0658367056218701,sensitivity_or_small_group,False
cluster_tissue__C6__thymus,thymus,C6,Fus,other,0.3686263,4.28717320853819e-06,0.7269763651181619,0.8178472861085426,stable__thymus_S1,0.4109766637856525,0.45293382,0.0022709902571288,0.39478454,1.866889266693096e-05,0.35784918,0.229842109035762,0.34639508,1.2374190012204774e-05,0.35463494,1.0656039872384536e-39,True,0.35784918,False,True,False,931,0.0658367056218701,sensitivity_or_small_group,True
cluster_tissue__C6__thymus,thymus,C6,Tmem33,other,-0.4955294,0.0373196586965385,0.2045639771801146,0.1563937442502304,stable__thymus_S1,0.4109766637856525,-0.39701334,0.5914763037488652,-0.61399966,0.0139164067325989,-0.35778394,0.7226336839107591,-0.42896095,0.0568794331544247,-0.3165231,7.448206950758034e-06,True,0.35778394,False,True,False,931,0.0658367056218701,sensitivity_or_small_group,False
cluster_tissue__C6__thymus,thymus,C6,Ndufc1,respiratory_chain_or_mt,0.3576484,0.021887548435183,0.2876935615321932,0.3578656853725834,stable__thymus_S1,0.4109766637856525,0.47840133,0.165016897028532,0.47743726,0.0041778482203908,0.47609812,0.3330943936234846,0.42161015,0.0029287190068456,0.34488985,1.2333795438901763e-14,True,0.3576484,False,True,False,931,0.0658367056218701,sensitivity_or_small_group,False
cluster_tissue__C0__bone_marrow,bone_marrow,C0,Ccdc186,other,-0.44909465,0.0339352767317277,0.1129095933675488,0.0866028708133972,stable__bone_marrow_S0,0.9829115293099718,-0.47670832,0.0140123043614003,-0.3575965,0.2691146145406347,-0.4952391,0.039002584329518,-0.43162236,0.008770481051073,-0.31146443,0.0013429412460962,True,0.3575965,True,False,False,1742,0.0561687506989313,sensitivity_or_small_group,False
cluster_tissue__C4__bone_marrow,bone_marrow,C4,Gm10076,other,0.48819026,0.0048288129459465,0.8319672131147504,0.8878923766816165,stable__bone_marrow_S1,0.987152034261242,0.515248,0.0003082661491567,0.35617507,0.3438740147216115,0.5869411,0.0008657942100027,0.56076735,1.686281714468334e-40,0.5926142,1.5089228905367191e-120,True,0.35617507,True,False,False,164,0.0733202144135154,sensitivity_or_small_group,True
cluster_tissue__C3__spleen,spleen,C3,Ccdc171,other,-0.48465756,0.0091489613606149,0.1089790007241124,0.0817364098552989,stable__spleen_S0,0.9951118631321676,-0.5311256,0.0034505244577078,-0.35612515,0.2249523928744329,-0.44970882,0.0727048944258011,-0.55103564,0.0003750976429445,-0.39832827,0.0004277449853572,True,0.35612515,True,False,False,2061,0.0575960695787255,sensitivity_or_small_group,False
cluster_tissue__C6__thymus,thymus,C6,Rpl10-ps3,ribosome,-0.42134735,0.0386421986467329,0.2567237163814188,0.2005519779208838,stable__thymus_S1,0.4109766637856525,-0.35542077,0.5787648833598997,-0.43970042,0.086225278316063,-0.41781855,0.61459652929893,-0.4134258,0.0390945552993501,-0.3958953,9.196702082385571e-10,True,0.35542077,False,True,False,931,0.0658367056218701,sensitivity_or_small_group,False
cluster_tissue__C3__spleen,spleen,C3,Mob1b,other,-0.40774664,0.0325745711646869,0.1075307748008684,0.0840829096597572,stable__spleen_S0,0.9951118631321676,-0.35491568,0.0667794581357412,-0.53744364,0.0081226002141589,-0.42304394,0.0546987866799097,-0.30493817,0.0764350130415046,-0.12996328,0.3184392694652189,True,0.35491568,False,True,False,2061,0.0575960695787255,sensitivity_or_small_group,False
cluster_tissue__C6__thymus,thymus,C6,Sept11,other,-0.46761155,5.907222696144179e-05,0.507742461287695,0.4084636614535389,stable__thymus_S1,0.4109766637856525,-0.43024826,0.1586608409599612,-0.4787404,0.0004479236208297,-0.35482037,0.53338293374353,-0.5091552,5.0449305348858006e-06,-0.171064,0.0023235731579759,True,0.35482037,False,True,False,931,0.0658367056218701,sensitivity_or_small_group,False
cluster_tissue__C6__thymus,thymus,C6,Ndufa2,respiratory_chain_or_mt,0.35479924,4.1931232695058327e-05,0.6397718011409873,0.7276908923642946,stable__thymus_S1,0.4109766637856525,0.3855628,0.0232450221814734,0.39460862,6.145809790977934e-05,0.4250275,0.0501448527879138,0.39027518,1.7150880502628692e-06,0.3871466,3.638919399477928e-39,True,0.35479924,False,True,False,931,0.0658367056218701,sensitivity_or_small_group,True
cluster_tissue__C3__spleen,spleen,C3,Tmem191c,other,-0.44709358,0.0093062627001499,0.1191165821868205,0.0903402424716461,stable__spleen_S0,0.9951118631321676,-0.45363247,0.0086544414738282,-0.35471335,0.1148283324741736,-0.3966262,0.0743098876505878,-0.37349635,0.0175403456802851,-0.29469058,0.0020991773093919,True,0.35471335,True,False,False,2061,0.0575960695787255,sensitivity_or_small_group,False
cluster_tissue__C6__thymus,thymus,C6,Ebp,other,-0.37083712,0.0146740810555143,0.3545232273838642,0.294388224471021,stable__thymus_S1,0.4109766637856525,-0.4707654,0.1943613782807732,-0.3525787,0.0795325548116229,-0.45416516,0.4476740090145692,-0.33984348,0.0359058841478692,-0.18173657,0.0001424860132998,True,0.3525787,False,True,False,931,0.0658367056218701,sensitivity_or_small_group,False
cluster_tissue__C6__thymus,thymus,C6,Dpm3,other,0.35123345,0.0089636127932859,0.3634881825590884,0.4425022999079999,stable__thymus_S1,0.4109766637856525,0.5125472,0.0236401169217493,0.35715508,0.0314903362221179,0.5023375,0.10959174051008,0.38608897,0.0011144708580642,0.4183133,1.3948584086603337e-23,True,0.35123345,False,True,False,931,0.0658367056218701,sensitivity_or_small_group,False
cluster_tissue__C6__thymus,thymus,C6,Rpl41,ribosome,0.37459058,3.8204561214850846e-60,0.9983700081499296,0.9999999999999823,stable__thymus_S1,0.4109766637856525,0.3507642,7.585154464726682e-25,0.37468994,1.3177612483289307e-46,0.3603314,5.036362078610829e-19,0.391603,5.207547650114725e-54,0.39760503,4.927576666652693e-302,True,0.3507642,False,True,False,931,0.0658367056218701,sensitivity_or_small_group,False
cluster_tissue__C5-2__bone_marrow,bone_marrow,C5-2,Rpl22,ribosome,0.35616958,0.0039387839390418,0.990384615384614,0.989583333333332,stable__bone_marrow_S3,1.0,0.3634926,0.0016110632679946,0.34990075,0.8647046999372922,0.3677401,0.7980186157544148,0.23014177,7.821226446135703e-37,0.26705778,2.755238080496741e-125,True,0.34990075,True,False,False,56,0.0699690113284383,sensitivity_or_small_group,False
cluster_tissue__C0__bone_marrow,bone_marrow,C0,Prrc1,other,0.39272287,0.0471153946159611,0.0809317015396765,0.1062200956937802,stable__bone_marrow_S0,0.9829115293099718,0.41959524,0.0302927375726893,0.34945115,0.2032167269372705,0.4696623,0.0552164576241602,0.35028028,0.0517864433306902,-0.019438572,0.9640821039612778,True,0.34945115,True,False,False,1742,0.0561687506989313,sensitivity_or_small_group,False
cluster_tissue__C3__spleen,spleen,C3,Ap1g1,other,-0.356958,0.0297533128101675,0.1325126719768275,0.1059835745013683,stable__spleen_S0,0.9951118631321676,-0.37764224,0.0150424052473005,-0.34907603,0.1024275412157882,-0.45689508,0.0140813441688958,-0.4341956,0.000908161423612,-0.32309216,5.8746432245915326e-05,True,0.34907603,True,False,False,2061,0.0575960695787255,sensitivity_or_small_group,False
cluster_tissue__C6__thymus,thymus,C6,Clec2i,other,0.4657327,0.0340301623323041,0.1426242868785658,0.1950321987120521,stable__thymus_S1,0.4109766637856525,0.5322255,0.4307006350695848,0.4838971,0.0722633427467163,0.34821942,0.73752556822376,0.3657539,0.0278504691600653,-0.08050359,0.2562239013284506,True,0.34821942,False,True,False,931,0.0658367056218701,sensitivity_or_small_group,False
cluster_tissue__C5-2__bone_marrow,bone_marrow,C5-2,Rpl36,ribosome,0.3891332,0.0003274139077652,0.990384615384614,0.9999999999999986,stable__bone_marrow_S3,1.0,0.40952808,5.4304280096497286e-05,0.34613633,0.8020956287760166,0.40844044,0.479970264908337,0.32284266,6.531886190229775e-92,0.33858314,1.2010686044871607e-250,True,0.34613633,True,False,False,56,0.0699690113284383,sensitivity_or_small_group,False
cluster_tissue__C6__thymus,thymus,C6,Gdi1,other,-0.51154846,0.049355457833189,0.175224123879381,0.1306347746090159,stable__thymus_S1,0.4109766637856525,-0.39911646,0.6383417025919852,-0.41041523,0.2596231228044037,-0.34585413,0.7703816528798905,-0.49186644,0.060285754278351,-0.21640283,0.0138729980239236,True,0.34585413,False,False,False,931,0.0658367056218701,sensitivity_or_small_group,False
cluster_tissue__C6__thymus,thymus,C6,Hspa8,heat_shock,-0.34556744,1.6761957971999686e-26,0.9934800325998075,0.993560257589679,stable__thymus_S1,0.4109766637856525,-0.42719403,3.835253628316001e-18,-0.3513437,1.3485553419327248e-21,-0.39281103,3.920154551462324e-12,-0.35917693,9.066540744627404e-28,-0.53561807,2.2834761775262686e-266,True,0.34556744,False,True,False,931,0.0658367056218701,sensitivity_or_small_group,True
cluster_tissue__C4__bone_marrow,bone_marrow,C4,Cox6b1,respiratory_chain_or_mt,0.4436229,0.0352965377924192,0.8114754098360621,0.8968609865470873,stable__bone_marrow_S1,0.987152034261242,0.47205654,0.0019325861752752,0.4583722,0.1384573127281184,0.3446076,0.222225907125997,0.35333657,2.5059701368670195e-19,0.34619012,2.2728856416286932e-45,True,0.3446076,True,False,False,164,0.0733202144135154,sensitivity_or_small_group,True
cluster_tissue__C3__spleen,spleen,C3,Osbp,other,-0.3899097,0.0250307444177189,0.1335988414192605,0.1079389910050836,stable__spleen_S0,0.9951118631321676,-0.37495306,0.0315390213240182,-0.34360287,0.1639932101274702,-0.39338556,0.0758709305378101,-0.40952712,0.0047928025776809,-0.29307985,0.0009100813814365,True,0.34360287,True,False,False,2061,0.0575960695787255,sensitivity_or_small_group,False
cluster_tissue__C6__thymus,thymus,C6,Chd1,other,-0.38958517,0.0138391223308338,0.362673186634068,0.2971481140754368,stable__thymus_S1,0.4109766637856525,-0.42852038,0.361986821490787,-0.38437167,0.041971839564537,-0.34318227,0.6424446170232686,-0.3458407,0.0254890869921546,-0.43211466,1.552742637029098e-18,True,0.34318227,False,True,False,931,0.0658367056218701,sensitivity_or_small_group,False
cluster_tissue__C3__bone_marrow,bone_marrow,C3,Rpl41,ribosome,0.34137642,0.0296997008509295,0.9957627118644046,0.9999999999999972,stable__bone_marrow_S0,0.9971509971509972,0.36724892,3.538102067946381e-81,0.36920708,0.5529725741780381,0.35674873,3.275949081559243e-51,0.36243817,4.79148677237223e-99,0.39760503,4.927576666652693e-302,True,0.34137642,True,False,False,96,0.118021645167863,sensitivity_or_small_group,False
cluster_tissue__C6__thymus,thymus,C6,Hspa5,heat_shock,-0.34278294,6.444642069006273e-05,0.8239608801955803,0.7580496780128679,stable__thymus_S1,0.4109766637856525,-0.4887937,0.0008433114193814,-0.3402086,0.0012384014248486,-0.41113847,0.1045723771153484,-0.31159315,0.0004286579705032,-0.16954651,5.654181856356717e-09,True,0.3402086,False,True,False,931,0.0658367056218701,sensitivity_or_small_group,False
cluster_tissue__C6__thymus,thymus,C6,Mob3a,other,-0.41525668,0.0433648624378058,0.308883455582723,0.2520699172033128,stable__thymus_S1,0.4109766637856525,-0.45538867,0.3911634196061808,-0.33819568,0.3175784810232075,-0.40213463,0.6094748914443772,-0.33635348,0.1390727240320096,-0.29362574,1.6733343330534274e-08,True,0.33819568,False,False,False,931,0.0658367056218701,sensitivity_or_small_group,False
cluster_tissue__C0__bone_marrow,bone_marrow,C0,Rabgap1,other,-0.3953467,0.0163782191670182,0.1602842479273596,0.1267942583732062,stable__bone_marrow_S0,0.9829115293099718,-0.3365906,0.0579194025009899,-0.4799038,0.0109960489784223,-0.36724332,0.0951752678036534,-0.302513,0.0630234512226125,-0.17708917,0.0846887321311997,True,0.3365906,False,True,False,1742,0.0561687506989313,sensitivity_or_small_group,False
cluster_tissue__C6__thymus,thymus,C6,Ccl5,other,-0.5958086,1.143523079384575e-05,0.634066829665845,0.5289788408463603,stable__thymus_S1,0.4109766637856525,-0.33607313,0.5167089045443145,-0.6184414,9.0915651527578e-05,-0.35548645,0.6314142519073642,-0.6367389,5.069764529082301e-07,-0.17639107,0.0063064525574545,True,0.33607313,False,True,False,931,0.0658367056218701,sensitivity_or_small_group,True
cluster_tissue__C3__spleen,spleen,C3,Cldnd1,other,-0.41129938,0.0277755411171991,0.1028240405503254,0.0793899100508405,stable__spleen_S0,0.9951118631321676,-0.4288166,0.020673108701689,-0.33599353,0.2422371184164984,-0.44009343,0.0697192794335846,-0.41190684,0.01140288094223,-0.43538642,1.5712192239842872e-08,True,0.33599353,True,False,False,2061,0.0575960695787255,sensitivity_or_small_group,False
cluster_tissue__C6__thymus,thymus,C6,Rpl37,ribosome,0.35554567,1.061603110674161e-56,0.9991850040749498,0.9999999999999823,stable__thymus_S1,0.4109766637856525,0.34690708,3.811574066777903e-24,0.3384982,7.249706656794575e-41,0.3359798,3.803873667062495e-17,0.3829918,9.240300471774256e-53,0.32852536,4.9382829911260943e-238,True,0.3359798,False,True,False,931,0.0658367056218701,sensitivity_or_small_group,False
cluster_tissue__C5-1__bone_marrow,bone_marrow,C5-1,Rpl36,ribosome,0.40638086,0.0192106422889267,0.991935483870967,0.9882352941176458,stable__bone_marrow_S1,0.6363636363636364,0.33480358,8.08446309492765e-08,0.44006222,0.202087470563791,0.35475406,1.3792797904761209e-05,0.32284266,6.531886190229775e-92,0.33858314,1.2010686044871607e-250,True,0.33480358,True,False,False,57,0.1082618853515033,sensitivity_or_small_group,False
cluster_tissue__C0__bone_marrow,bone_marrow,C0,Mrs2,other,0.41090664,0.0378315694909318,0.0769838136596923,0.1028708133971294,stable__bone_marrow_S0,0.9829115293099718,0.38557127,0.0331639009986679,0.33444792,0.2353284787248935,0.5641292,0.0099064414817964,0.29073274,0.0856876419347325,0.1889558,0.0405628075591507,True,0.33444792,True,False,False,1742,0.0561687506989313,sensitivity_or_small_group,False
cluster_tissue__C6__thymus,thymus,C6,Romo1,other,0.38324282,0.0062180821752803,0.3129584352078249,0.3909843606255724,stable__thymus_S1,0.4109766637856525,0.33422345,0.3941625742756642,0.35936433,0.046241063555814,0.43500185,0.3658435184843099,0.47670808,9.424303157860917e-05,0.41302907,1.2824544110808653e-22,True,0.33422345,False,True,False,931,0.0658367056218701,sensitivity_or_small_group,False
cluster_tissue__C6__thymus,thymus,C6,Churc1,other,0.33366296,0.0119390742635298,0.3969030154849239,0.4710211591536293,stable__thymus_S1,0.4109766637856525,0.44719428,0.1898374967585881,0.40468025,0.0047920173279666,0.46094036,0.3185660272759753,0.4055655,0.0004286579705032,0.31371808,5.987059731394903e-18,True,0.33366296,False,True,False,931,0.0658367056218701,sensitivity_or_small_group,False
cluster_tissue__C6__thymus,thymus,C6,Mia2,other,-0.46397758,0.0002921111982133,0.4441727791361059,0.3569457221711115,stable__thymus_S1,0.4109766637856525,-0.3335285,0.373989257083042,-0.50698495,0.0005557455596049,-0.36663303,0.4693047242570192,-0.46241617,0.0002791800952983,-0.18494536,0.0005358825092377,True,0.3335285,False,True,False,931,0.0658367056218701,sensitivity_or_small_group,False
cluster_tissue__C6__thymus,thymus,C6,Ndufa7,respiratory_chain_or_mt,0.38357428,6.44124703761439e-05,0.5925020374898086,0.678932842686283,stable__thymus_S1,0.4109766637856525,0.47598287,0.0107614495887193,0.33334944,0.0064066124610945,0.57233304,0.0058701279057053,0.41122994,2.4508099261124933e-06,0.4260028,7.35891262285114e-41,True,0.33334944,False,True,False,931,0.0658367056218701,sensitivity_or_small_group,True
cluster_tissue__C6__thymus,thymus,C6,Atrx,other,-0.3330845,0.000256119453028,0.7220863895680399,0.6586936522539008,stable__thymus_S1,0.4109766637856525,-0.37363678,0.0353362725215187,-0.3666671,0.0004521801290414,-0.40876168,0.0401116532628192,-0.37994346,3.7368549448868e-05,-0.2760297,3.3822631542470623e-20,True,0.3330845,False,True,False,931,0.0658367056218701,sensitivity_or_small_group,False
cluster_tissue__C0__bone_marrow,bone_marrow,C0,Hist1h1c,other,0.4024706,0.0290938463169754,0.0781681800236876,0.1052631578947371,stable__bone_marrow_S0,0.9829115293099718,0.41182455,0.0230020179352831,0.33288413,0.2225025868481883,0.35176763,0.1765948193626111,0.33997822,0.0469964943350142,0.19853622,0.0203506351625767,True,0.33288413,True,False,False,1742,0.0561687506989313,sensitivity_or_small_group,False
cluster_tissue__C6__thymus,thymus,C6,Tmod3,other,-0.411487,0.0023544077856596,0.4213528932355353,0.3523459061637519,stable__thymus_S1,0.4109766637856525,-0.33251032,0.4097539683360752,-0.39609104,0.0220024021068096,-0.3854211,0.4606759606366749,-0.37250683,0.008319380383064,-0.23290214,1.9929774126064962e-07,True,0.33251032,False,True,False,931,0.0658367056218701,sensitivity_or_small_group,False
cluster_tissue__C0__bone_marrow,bone_marrow,C0,Pip4k2a,other,-0.3847305,0.0345882573915179,0.1579155151993691,0.1277511961722492,stable__bone_marrow_S0,0.9829115293099718,-0.33136654,0.0785943225513883,-0.41970703,0.0590153564848817,-0.4217619,0.0457562415035088,-0.34398884,0.0268215394992226,-0.22614194,0.0058349040070326,True,0.33136654,False,True,False,1742,0.0561687506989313,sensitivity_or_small_group,False
cluster_tissue__C6__thymus,thymus,C6,B3gnt2,other,-0.376561,0.0129285504064675,0.3610431947840273,0.2953081876724929,stable__thymus_S1,0.4109766637856525,-0.78610754,0.0002629318319267,-0.33058143,0.1130107935004833,-0.7214279,0.0176228524561155,-0.35474995,0.0157002213676854,-0.23337229,5.2338297108407016e-05,True,0.33058143,False,False,False,931,0.0658367056218701,sensitivity_or_small_group,False
cluster_tissue__C6__thymus,thymus,C6,St3gal4,other,-0.6661943,0.0050622436462728,0.1564792176039122,0.1011959521619137,stable__thymus_S1,0.4109766637856525,-0.32953185,0.6828853863721935,-0.49327642,0.1649434452370465,-0.36902004,0.7474602268204411,-0.6342559,0.004095325359249,-0.34802064,1.0246923540036516e-05,True,0.32953185,False,False,False,931,0.0658367056218701,sensitivity_or_small_group,False
cluster_tissue__C0__bone_marrow,bone_marrow,C0,Mapk8ip3,other,-0.38328925,0.0483642129659147,0.1369917094354527,0.1100478468899525,stable__bone_marrow_S0,0.9829115293099718,-0.40803263,0.0370404601364049,-0.32903755,0.2157874193723487,-0.5101269,0.0143366768231892,-0.3211331,0.0860662476905705,-0.16281103,0.1519170010153217,True,0.32903755,True,False,False,1742,0.0561687506989313,sensitivity_or_small_group,False
cluster_tissue__C3__spleen,spleen,C3,Wdr48,other,-0.4355017,0.0100373241533087,0.1057204923968134,0.0786077434493544,stable__spleen_S0,0.9951118631321676,-0.4443649,0.0068206030593293,-0.32793647,0.1222221915257066,-0.43761894,0.024216302686818,-0.502404,0.0002707406145406,-0.36411303,1.9994566053828876e-05,True,0.32793647,True,False,False,2061,0.0575960695787255,sensitivity_or_small_group,False
cluster_tissue__C6__thymus,thymus,C6,Atp5k,respiratory_chain_or_mt,0.32628617,0.0160499151860119,0.4237978810105964,0.4820607175712924,stable__thymus_S1,0.4109766637856525,0.4046032,0.2186107912525838,0.3855089,0.0067347203984791,0.42576206,0.3330943936234846,0.39093146,0.0008343794071945,0.29690382,3.645448043922997e-13,True,0.32628617,False,True,False,931,0.0658367056218701,sensitivity_or_small_group,False
cluster_tissue__C5-2__bone_marrow,bone_marrow,C5-2,Rpl39,ribosome,0.3769867,9.509153423118258e-05,0.9999999999999988,0.9999999999999986,stable__bone_marrow_S3,1.0,0.37922058,1.3562599748177828e-05,0.32614535,0.1965500086646009,0.34808806,0.0739696233790126,0.29626995,6.777967926178586e-87,0.32848302,4.956032648111409e-261,True,0.32614535,True,False,False,56,0.0699690113284383,sensitivity_or_small_group,False
cluster_tissue__C3__spleen,spleen,C3,Slc9a8,other,0.4660636,0.004094902100753,0.0930485155684283,0.124755572937035,stable__spleen_S0,0.9951118631321676,0.4896913,0.0016272294203876,0.32485607,0.1818148116577162,0.45625952,0.0244586937822813,0.4370309,0.0009177157579445,0.25061724,0.001407657496579,True,0.32485607,True,False,False,2061,0.0575960695787255,sensitivity_or_small_group,False
cluster_tissue__C0__bone_marrow,bone_marrow,C0,Plekho2,other,0.34367412,0.0247632430064084,0.1259376233714968,0.1588516746411482,stable__bone_marrow_S0,0.9829115293099718,0.34343535,0.0202470352049575,0.32472754,0.1121704523487106,0.33614704,0.0708615188190851,0.37383837,0.003024652075121,0.2529004,0.0010309408224351,True,0.32472754,True,False,False,1742,0.0561687506989313,sensitivity_or_small_group,False
cluster_tissue__C0__spleen,spleen,C0,Rps21,ribosome,0.46026853,0.0006529315606756,0.9999999999999986,0.9999999999999992,stable__spleen_S0,0.8594594594594595,0.35901952,1.3250894747907805e-142,0.41681954,0.3792209484279563,0.3242718,5.455458892667088e-91,0.37136027,1.93675916455478e-192,0.36888307,0.0,True,0.3242718,True,False,False,55,0.1620679079563041,sensitivity_or_small_group,False
cluster_tissue__C6__thymus,thymus,C6,Rexo2,other,-0.37174705,0.0078682355162381,0.4433577832110855,0.3633854645814149,stable__thymus_S1,0.4109766637856525,-0.32312995,0.4534025238107139,-0.37344003,0.0292016669340733,-0.33136314,0.5869326214631246,-0.32698867,0.0267167436114358,-0.21853855,2.3897906449474723e-06,True,0.32312995,False,True,False,931,0.0658367056218701,sensitivity_or_small_group,False
cluster_tissue__C6__thymus,thymus,C6,Fyn,other,-0.3349597,0.0088869920901025,0.5142624286878575,0.4434222631094718,stable__thymus_S1,0.4109766637856525,-0.32477894,0.3943186617320473,-0.37352458,0.0127240749801753,-0.32208642,0.5345204029740659,-0.38371024,0.0016769844926227,-0.170264,2.962459520264996e-06,True,0.32208642,False,True,False,931,0.0658367056218701,sensitivity_or_small_group,False
cluster_tissue__C5-1__spleen,spleen,C5-1,Nop10,other,0.48317584,0.0075570066606949,0.7447698744769857,0.8231884057970957,stable__spleen_S2,0.9023972602739726,0.32370383,0.2274610825335177,0.58389056,0.0082633069466874,0.32038248,0.5169928295273573,0.33706534,3.4993148567044855e-14,0.3231364,1.2061139562952926e-28,True,0.32038248,False,True,False,196,0.143283264804741,sensitivity_or_small_group,True
cluster_tissue__C3__spleen,spleen,C3,Psmd5,other,-0.32773718,0.0453980507583475,0.1350470673425045,0.1102854908095419,stable__spleen_S0,0.9951118631321676,-0.40713695,0.0077388967282182,-0.31963906,0.1197035465068295,-0.4775492,0.0081279740265199,-0.43307686,0.0009015745110863,-0.33506307,5.426674898905552e-05,True,0.31963906,True,False,False,2061,0.0575960695787255,sensitivity_or_small_group,False
cluster_tissue__C0__bone_marrow,bone_marrow,C0,Ptpn12,other,0.43259403,0.0104140783835953,0.0911962100276355,0.123923444976077,stable__bone_marrow_S0,0.9829115293099718,0.31937796,0.0634352482147592,0.36216232,0.1377864091839307,0.35946742,0.1046703790888482,0.35031107,0.0167835577680502,0.15642545,0.0911786256853802,True,0.31937796,False,False,False,1742,0.0561687506989313,sensitivity_or_small_group,False
cluster_tissue__C3__spleen,spleen,C3,Wrn,other,-0.33351162,0.0282490429310119,0.1618392469225187,0.1329683222526392,stable__spleen_S0,0.9951118631321676,-0.3519129,0.0198245916312345,-0.31901646,0.1072172656829146,-0.3689666,0.0419457426294865,-0.31397882,0.0271969306260127,-0.26540333,0.0004426094754688,True,0.31901646,True,False,False,2061,0.0575960695787255,sensitivity_or_small_group,False
cluster_tissue__C6__thymus,thymus,C6,Ifitm10,other,0.353207,0.0155415675450816,0.3960880195599036,0.4829806807727643,stable__thymus_S1,0.4109766637856525,0.55632925,0.0194288222480171,0.3185975,0.1040015341736164,0.5163936,0.1636362354267489,0.3092798,0.0355272309572669,0.35035905,1.986248931695566e-12,True,0.3185975,False,False,False,931,0.0658367056218701,sensitivity_or_small_group,False
cluster_tissue__C6__thymus,thymus,C6,Ndufa1,respiratory_chain_or_mt,0.3264817,0.0078877292304729,0.4563977180114116,0.5308187672493041,stable__thymus_S1,0.4109766637856525,0.3179662,0.3943186617320473,0.3246714,0.0237027918326471,0.4221084,0.2432234974592626,0.37691143,0.0004495377880669,0.34667704,4.8200685339135456e-21,True,0.3179662,False,True,False,931,0.0658367056218701,sensitivity_or_small_group,False
cluster_tissue__C6__thymus,thymus,C6,Klrb1c,other,0.31758544,0.0001779666828527,0.6821515892420441,0.7414903403863734,stable__thymus_S1,0.4109766637856525,0.39671922,0.0146601507962063,0.36457238,0.0001005165652886,0.40563878,0.0714175017908793,0.23409548,0.0170276922382749,0.26863334,3.0839827415799124e-12,True,0.31758544,False,True,False,931,0.0658367056218701,sensitivity_or_small_group,True
cluster_tissue__C6__thymus,thymus,C6,Sptssa,other,-0.31730697,0.0002974659709438,0.7204563977179993,0.6632934682612603,stable__thymus_S1,0.4109766637856525,-0.33650595,0.130426244415895,-0.32806882,0.0015130166593054,-0.37742323,0.1885054547666172,-0.1565743,0.1596872683268397,-0.064971015,0.0173352079266371,True,0.31730697,False,True,False,931,0.0658367056218701,sensitivity_or_small_group,False
cluster_tissue__C3__spleen,spleen,C3,Tada1,other,-0.4008709,0.0123420356436788,0.1383055756698036,0.1091122409073128,stable__spleen_S0,0.9951118631321676,-0.4308606,0.0049013760869565,-0.31724268,0.1772340674274048,-0.3531095,0.0802385699487073,-0.41852403,0.00206237992492,-0.21198444,0.0338352942274972,True,0.31724268,True,False,False,2061,0.0575960695787255,sensitivity_or_small_group,False
cluster_tissue__C3__spleen,spleen,C3,Tbc1d22b,other,-0.41396773,0.0312929749435372,0.1017378711078924,0.0789988267500975,stable__spleen_S0,0.9951118631321676,-0.4134279,0.0307538561509604,-0.3170365,0.2422371184164984,-0.4179271,0.0709694603053242,-0.41370162,0.0134444807699444,-0.19875553,0.0886109893554282,True,0.3170365,True,False,False,2061,0.0575960695787255,sensitivity_or_small_group,False
cluster_tissue__C3__bone_marrow,bone_marrow,C3,Rps27,ribosome,0.3627796,0.0003753906962788,0.9915254237288114,0.9999999999999972,stable__bone_marrow_S0,0.9971509971509972,0.33421922,1.986464294707377e-92,0.3168007,0.2790947761878459,0.3259727,1.864613149045876e-62,0.3163262,3.4226746478643736e-100,0.30966502,6.8417483640746074e-270,True,0.3168007,True,False,False,96,0.118021645167863,sensitivity_or_small_group,False
cluster_tissue__C6__thymus,thymus,C6,Elob,other,0.32944888,2.271093932541889e-06,0.7872860635696658,0.8491260349585878,stable__thymus_S1,0.4109766637856525,0.3779408,0.0018343151542658,0.3163156,0.0001271799715737,0.37873894,0.0347198709418388,0.3695969,5.707668855147432e-08,0.33469382,4.2237994186590557e-47,True,0.3163156,False,True,False,931,0.0658367056218701,sensitivity_or_small_group,True
cluster_tissue__C6__thymus,thymus,C6,Klf4,other,0.43504444,0.0131730573059532,0.181744091279544,0.2456301747930092,stable__thymus_S1,0.4109766637856525,0.31527323,0.448920452368475,0.57620174,0.0031080649918672,0.31775802,0.5869326214631246,0.44812256,0.0047119958175338,0.5619937,5.8488815729929066e-08,True,0.31527323,False,True,False,931,0.0658367056218701,sensitivity_or_small_group,False
cluster_tissue__C3__spleen,spleen,C3,Irak4,other,-0.39089862,0.0436494972334959,0.1097031136857344,0.0872115760657016,stable__spleen_S0,0.9951118631321676,-0.37666592,0.0553686303167931,-0.31526056,0.2632789397942021,-0.4786108,0.0282273225238134,-0.4196911,0.0069132951180964,-0.22485481,0.0257068584045076,True,0.31526056,False,False,False,2061,0.0575960695787255,sensitivity_or_small_group,False
cluster_tissue__C0__bone_marrow,bone_marrow,C0,Enpp4,other,-0.42213276,0.0320630494761595,0.1227793130675094,0.0952153110047848,stable__bone_marrow_S0,0.9829115293099718,-0.3471477,0.0932678646541641,-0.31513363,0.2818832651788663,-0.31736344,0.2697777385954258,-0.33069474,0.0614033569406236,-0.35275054,0.0002223512354303,True,0.31513363,False,False,False,1742,0.0561687506989313,sensitivity_or_small_group,False
cluster_tissue__C6__thymus,thymus,C6,Atp5e,respiratory_chain_or_mt,0.31500518,8.625444892825595e-10,0.9176854115729176,0.9466421343146112,stable__thymus_S1,0.4109766637856525,0.38898137,1.902279597521711e-07,0.33074015,1.1177459772277256e-08,0.43302917,2.3760136156425465e-07,0.32022786,6.586324064240444e-10,0.38492498,1.702759627363857e-96,True,0.31500518,False,True,False,931,0.0658367056218701,sensitivity_or_small_group,True
cluster_tissue__C6__thymus,thymus,C6,Cmc1,other,0.46985942,0.0015735040973235,0.2852485737571321,0.3569457221711115,stable__thymus_S1,0.4109766637856525,0.41871408,0.3981824846471676,0.42061242,0.0310088835838052,0.31464,0.7118522591107456,0.4855421,0.0003963632204933,0.3724922,4.484494895247819e-16,True,0.31464,False,True,False,931,0.0658367056218701,sensitivity_or_small_group,False
cluster_tissue__C6__thymus,thymus,C6,Rpl37a,ribosome,0.36409166,3.1376795981328816e-81,0.9991850040749498,0.9999999999999823,stable__thymus_S1,0.4109766637856525,0.32753307,7.331450178777765e-30,0.35094166,1.1171747792183856e-60,0.31375825,1.9294726212797036e-20,0.38106075,3.82202683335444e-75,0.3578034,0.0,True,0.31375825,False,True,False,931,0.0658367056218701,sensitivity_or_small_group,False
cluster_tissue__C0__bone_marrow,bone_marrow,C0,Traf3ip2,other,-0.39399385,0.0370244747294437,0.1231741018555078,0.0956937799043064,stable__bone_marrow_S0,0.9829115293099718,-0.35344136,0.0649783224951142,-0.38966638,0.1086438492949502,-0.31353873,0.2269990270353564,-0.3355402,0.0506938492142626,-0.1906391,0.0826400330881665,True,0.31353873,False,False,False,1742,0.0561687506989313,sensitivity_or_small_group,False
cluster_tissue__C5-1__spleen,spleen,C5-1,Eef1g,other,-0.3158067,0.0421064820231551,0.9707112970711256,0.9391304347826008,stable__spleen_S2,0.9023972602739726,-0.36054102,0.0209538882255486,-0.31345114,0.3107694275202391,-0.33376142,0.3652419850249478,-0.12115182,0.0025081314058013,-0.12158738,4.611346696428241e-08,True,0.31345114,True,False,False,196,0.143283264804741,sensitivity_or_small_group,False
cluster_tissue__C3__spleen,spleen,C3,Parp10,other,-0.33852345,0.0432445455989172,0.1357711803041265,0.1102854908095419,stable__spleen_S0,0.9951118631321676,-0.33440104,0.0454929332950059,-0.3130078,0.1734949280344752,-0.34826547,0.0965887258095397,-0.30134347,0.0543873620850921,-0.14397946,0.2038167565337269,True,0.3130078,True,False,False,2061,0.0575960695787255,sensitivity_or_small_group,False
cluster_tissue__C6__thymus,thymus,C6,Srsf9,other,-0.36411867,0.0167808227530295,0.4327628361858206,0.3707451701931902,stable__thymus_S1,0.4109766637856525,-0.49596137,0.0801342981163689,-0.36440316,0.0572590082450377,-0.31255934,0.6291105566759198,-0.33272457,0.0254890869921546,-0.2441352,3.9482059661272816e-08,True,0.31255934,False,True,False,931,0.0658367056218701,sensitivity_or_small_group,False
cluster_tissue__C6__thymus,thymus,C6,Ankrd12,other,-0.3123717,0.0254543904648048,0.530562347188264,0.4691812327506855,stable__thymus_S1,0.4109766637856525,-0.34690824,0.4117978614944077,-0.3763545,0.0160319570211322,-0.45610055,0.2611076521215369,-0.31217003,0.0259003660339931,-0.3133376,2.9839777838875125e-15,True,0.3123717,False,True,False,931,0.0658367056218701,sensitivity_or_small_group,False
cluster_tissue__C6__thymus,thymus,C6,Dazap1,other,0.35642114,0.016869769527172,0.3504482477587624,0.4167433302667861,stable__thymus_S1,0.4109766637856525,0.31206375,0.5780270548568649,0.38891578,0.0298639746460943,0.3873495,0.5671033732779626,0.41142738,0.0016076885281304,0.20590924,2.4492066411132424e-05,True,0.31206375,False,True,False,931,0.0658367056218701,sensitivity_or_small_group,False
cluster_tissue__C0__bone_marrow,bone_marrow,C0,Dapp1,other,0.44034058,0.0287766519704022,0.078562968811686,0.1047846889952156,stable__bone_marrow_S0,0.9829115293099718,0.36085364,0.0890078032922974,0.63351166,0.0059577739919851,0.31204736,0.3213462438899804,0.42140114,0.0072787929617642,0.28246123,0.0009378005300558,True,0.31204736,False,True,False,1742,0.0561687506989313,sensitivity_or_small_group,False
cluster_tissue__C3__spleen,spleen,C3,Scaf1,other,-0.36872247,0.0224448377639687,0.1375814627081815,0.1095033242080558,stable__spleen_S0,0.9951118631321676,-0.31171763,0.0524445635042269,-0.31995407,0.132497390463873,-0.33804396,0.0969825587918128,-0.2535069,0.1404574033814079,-0.17242579,0.0987760032824871,True,0.31171763,False,False,False,2061,0.0575960695787255,sensitivity_or_small_group,False
cluster_tissue__C0__bone_marrow,bone_marrow,C0,Golga3,other,-0.4192639,0.0277074178116281,0.1144887485195425,0.0870813397129187,stable__bone_marrow_S0,0.9829115293099718,-0.33207113,0.1064301128388547,-0.35364494,0.1872762723607924,-0.31080994,0.2338406061987603,-0.33430257,0.0614033569406236,-0.25008327,0.0110715875706828,True,0.31080994,False,False,False,1742,0.0561687506989313,sensitivity_or_small_group,False
cluster_tissue__C6__thymus,thymus,C6,Nabp1,other,0.44175524,0.0093727956297134,0.2713936430317856,0.3413063477460888,stable__thymus_S1,0.4109766637856525,0.31079414,0.6090985397018039,0.4286974,0.0475238359253781,0.42058992,0.6060721615836545,0.43797055,0.0023468859346107,0.30504978,4.794222295069832e-10,True,0.31079414,False,True,False,931,0.0658367056218701,sensitivity_or_small_group,False
cluster_tissue__C0__bone_marrow,bone_marrow,C0,Ubqln1,other,-0.3319713,0.024704292366592,0.1871298855112524,0.154066985645933,stable__bone_marrow_S0,0.9829115293099718,-0.3666826,0.0057743740411153,-0.3106955,0.1514934108608983,-0.3216286,0.055912938895017,-0.36003873,0.0022221475744354,-0.261891,0.0003204724324323,True,0.3106955,True,False,False,1742,0.0561687506989313,sensitivity_or_small_group,False
cluster_tissue__C6__thymus,thymus,C6,Cacybp,other,-0.448515,5.52234645609896e-06,0.5908720456397679,0.4931002759889554,stable__thymus_S1,0.4109766637856525,-0.3866474,0.130426244415895,-0.35482392,0.0068852465898508,-0.3103902,0.5139159820038658,-0.4682428,1.5926956885067091e-06,-0.5380624,7.608130277508252e-44,True,0.3103902,False,True,False,931,0.0658367056218701,sensitivity_or_small_group,True
cluster_tissue__C0__bone_marrow,bone_marrow,C0,Galnt2,other,-0.39353678,0.0215739512283207,0.1519936833793927,0.1191387559808617,stable__bone_marrow_S0,0.9829115293099718,-0.3627578,0.0369364874607748,-0.31035092,0.236120193244432,-0.5004125,0.0064150132977292,-0.30992427,0.0451562624187164,-0.21031089,0.0101428556415838,True,0.31035092,True,False,False,1742,0.0561687506989313,sensitivity_or_small_group,False
cluster_tissue__C0__bone_marrow,bone_marrow,C0,Rab11fip2,other,0.44146505,0.0152211007726573,0.0935649427556261,0.1244019138755986,stable__bone_marrow_S0,0.9829115293099718,0.36704803,0.041740513023852,0.3554319,0.1910577684492807,0.3095933,0.2290539283247054,0.36882913,0.0148036597965629,0.35997412,2.3357916508060206e-06,True,0.3095933,True,False,False,1742,0.0561687506989313,sensitivity_or_small_group,False
cluster_tissue__C6__thymus,thymus,C6,Rpl36,ribosome,0.38008425,5.3726543442229975e-55,0.9926650366747872,0.9999999999999823,stable__thymus_S1,0.4109766637856525,0.30859137,1.0874159873396044e-17,0.3756684,1.4712728766233295e-40,0.31393257,8.666911931992029e-14,0.4182067,3.5923839968892313e-53,0.33858314,1.2010686044871607e-250,True,0.30859137,False,True,False,931,0.0658367056218701,sensitivity_or_small_group,False
cluster_tissue__C0__bone_marrow,bone_marrow,C0,Rangap1,other,-0.38455525,0.0057609157797199,0.2131859455191484,0.1732057416267939,stable__bone_marrow_S0,0.9829115293099718,-0.33832774,0.0162556231865001,-0.31595233,0.1030870373660678,-0.30817828,0.1014998822045015,-0.35945043,0.0017809333266046,-0.31109908,1.59977662827636e-06,True,0.30817828,True,False,False,1742,0.0561687506989313,sensitivity_or_small_group,False
cluster_tissue__C0__spleen,spleen,C0,Rpl37a,ribosome,0.30794093,0.0465383838082431,0.9999999999999986,0.9999999999999992,stable__spleen_S0,0.8594594594594595,0.3581361,4.5368077123421e-158,0.35989177,0.2160721438038694,0.33140278,5.51094557286119e-109,0.35831416,4.0155157404954703e-190,0.3578034,0.0,True,0.30794093,True,False,False,55,0.1620679079563041,sensitivity_or_small_group,False
cluster_tissue__C3__spleen,spleen,C3,Thap11,other,-0.3281634,0.0398479930377622,0.1455467052860236,0.1192804067266322,stable__spleen_S0,0.9951118631321676,-0.3372872,0.0288290104853965,-0.30720705,0.160752877154562,-0.33872718,0.0804606054079067,-0.34123054,0.0117787600835822,-0.24734117,0.0051678931821967,True,0.30720705,True,False,False,2061,0.0575960695787255,sensitivity_or_small_group,False
cluster_tissue__C6__thymus,thymus,C6,Jtb,other,-0.3921774,0.0079897977562268,0.4091279543602296,0.339466421343145,stable__thymus_S1,0.4109766637856525,-0.40051255,0.3981824846471676,-0.35339063,0.0838192245487877,-0.30647978,0.7064236307831157,-0.29964525,0.048576538104782,-0.27833575,1.2173039710979992e-10,True,0.30647978,False,True,False,931,0.0658367056218701,sensitivity_or_small_group,False
cluster_tissue__C6__thymus,thymus,C6,Wwp2,other,0.6219341,0.0076120558540094,0.0994295028524858,0.1517939282428707,stable__thymus_S1,0.4109766637856525,0.39158297,0.6557658912439086,0.5325498,0.0994072168358596,0.3062408,0.8143882163051699,0.4704059,0.0292526939202709,0.05735823,0.3934136909394348,True,0.3062408,False,True,False,931,0.0658367056218701,sensitivity_or_small_group,False
cluster_tissue__C6__thymus,thymus,C6,Rps27,ribosome,0.33136398,1.6896541360663562e-54,0.9975550122249092,0.9999999999999823,stable__thymus_S1,0.4109766637856525,0.30502388,1.9977325019817613e-21,0.33905095,7.015948417957147e-46,0.31303203,5.269672918287964e-17,0.33916518,5.5340444280390986e-49,0.30966502,6.8417483640746074e-270,True,0.30502388,False,True,False,931,0.0658367056218701,sensitivity_or_small_group,False
cluster_tissue__C0__bone_marrow,bone_marrow,C0,Gm47664,other,0.3770199,0.0380134891557931,0.0998815633636008,0.1277511961722492,stable__bone_marrow_S0,0.9829115293099718,0.377562,0.0356259628114084,0.30476987,0.2156521094938389,0.3795887,0.0948954686739746,0.4187901,0.0032578685527065,0.23699011,0.0008236289815122,True,0.30476987,True,False,False,1742,0.0561687506989313,sensitivity_or_small_group,False
cluster_tissue__C6__thymus,thymus,C6,Hspa14,heat_shock,-0.43244246,0.0209066466287634,0.272208638956806,0.214351425942963,stable__thymus_S1,0.4109766637856525,-0.30408037,0.6518459772277754,-0.40277705,0.1349281481174045,-0.4615125,0.5399886157688024,-0.33918893,0.0753030248506623,-0.15983301,0.0166992796384514,True,0.30408037,False,False,False,931,0.0658367056218701,sensitivity_or_small_group,False
cluster_tissue__C0__bone_marrow,bone_marrow,C0,Pold2,other,0.43776846,0.0143886317270031,0.0935649427556261,0.123923444976077,stable__bone_marrow_S0,0.9829115293099718,0.43742475,0.0134487773750994,0.39758846,0.1015281145092885,0.30394918,0.3149652940738575,0.35852918,0.0244526859447921,0.30226767,0.0003019945025218,True,0.30394918,True,False,False,1742,0.0561687506989313,sensitivity_or_small_group,False
cluster_tissue__C0__bone_marrow,bone_marrow,C0,Zbtb44,other,-0.45468464,0.0329688095490556,0.1148835373075409,0.0880382775119618,stable__bone_marrow_S0,0.9829115293099718,-0.32989112,0.1890494345268414,-0.5330845,0.0311976028878785,-0.30310622,0.3981371286599974,-0.2684699,0.2555855872338742,-0.076335885,0.6207909717589425,True,0.30310622,False,True,False,1742,0.0561687506989313,sensitivity_or_small_group,False
cluster_tissue__C6__thymus,thymus,C6,Pdcd5,other,0.45267075,0.0001330452280661,0.3740831295843533,0.474701011959517,stable__thymus_S1,0.4109766637856525,0.3904285,0.2183731564808934,0.48728478,0.0003959715915335,0.30252028,0.6136343455548621,0.4226523,0.00018164859534,0.0442574,0.4702370271016443,True,0.30252028,False,True,False,931,0.0658367056218701,sensitivity_or_small_group,False
cluster_tissue__C0__bone_marrow,bone_marrow,C0,Reep3,other,-0.4383384,0.0132115710359578,0.1377812870114495,0.1052631578947371,stable__bone_marrow_S0,0.9829115293099718,-0.42141315,0.0132884434926134,-0.3181185,0.2179011318999167,-0.30088288,0.1864726899483129,-0.42600286,0.0046824623382437,-0.21647555,0.0404381671858221,True,0.30088288,True,False,False,1742,0.0561687506989313,sensitivity_or_small_group,False
cluster_tissue__C6__thymus,thymus,C6,Cox5b,respiratory_chain_or_mt,0.3004231,0.0024823978425551,0.6577017114914344,0.7405703771849015,stable__thymus_S1,0.4109766637856525,0.32463136,0.1116620538962425,0.3578026,0.0005094159252586,0.40478912,0.0568383697466471,0.3441037,0.0001043521998996,0.34580725,2.1355739632987218e-33,True,0.3004231,False,True,False,931,0.0658367056218701,sensitivity_or_small_group,True
cluster_tissue__C0__bone_marrow,bone_marrow,C0,Ccdc6,other,-0.5102509,0.0209657261915894,0.1002763521515993,0.0741626794258372,stable__bone_marrow_S0,0.9829115293099718,-0.4108608,0.0669885091059929,-0.46187478,0.1427568417278368,-0.30028862,0.3718625501201975,-0.36997756,0.0656242504185319,-0.28613248,0.0110205501298036,True,0.30028862,False,False,False,1742,0.0561687506989313,sensitivity_or_small_group,False
cluster_tissue__C6__thymus,thymus,C6,2410006H16Rik,other,0.3498928,0.0009866369878785,0.5973920130399305,0.6853725850965864,stable__thymus_S1,0.4109766637856525,0.35395494,0.240817299353459,0.32551482,0.0102947554745839,0.3001445,0.5869326214631246,0.33779633,0.0016017550570629,0.14632043,0.0012683286424165,True,0.3001445,False,True,False,931,0.0658367056218701,sensitivity_or_small_group,False
cluster_tissue__C3__spleen,spleen,C3,Proser1,other,-0.38014477,0.0451672588446035,0.1075307748008684,0.0852561595619864,stable__spleen_S0,0.9951118631321676,-0.36285388,0.0642236550997022,-0.29851377,0.2693529833909934,-0.33992758,0.1979535296531694,-0.37226176,0.021635403834949,-0.13239942,0.2931909445590044,True,0.29851377,False,False,False,2061,0.0575960695787255,sensitivity_or_small_group,False
cluster_tissue__C6__thymus,thymus,C6,Prex1,other,-0.31351912,0.0176900018051948,0.5012224938875324,0.4480220791168314,stable__thymus_S1,0.4109766637856525,-0.31280136,0.4664341940472705,-0.2982827,0.1033379421932933,-0.38561955,0.4051855592567621,-0.29920042,0.0372686771483529,-0.06287076,0.1825514167063384,True,0.2982827,False,False,False,931,0.0658367056218701,sensitivity_or_small_group,False
cluster_tissue__C6__thymus,thymus,C6,Fos,other,0.50396675,6.700031630205009e-05,0.5191524042379795,0.6228150873964959,stable__thymus_S1,0.4109766637856525,0.298281,0.4949481363676821,0.613135,1.479239913755738e-05,0.31844705,0.6314142519073642,0.4841581,4.469947856587971e-05,0.7660656,5.5545465787151485e-49,True,0.298281,False,True,False,931,0.0658367056218701,sensitivity_or_small_group,True
cluster_tissue__C3__spleen,spleen,C3,Gm2000,other,0.3876983,0.012219187973307,0.1082548877624904,0.138834571763785,stable__spleen_S0,0.9951118631321676,0.38124064,0.0122968799389442,0.3330916,0.1092618918567154,0.29814172,0.1615395670470747,0.41005227,0.0004399878362367,0.35952508,8.778529994003006e-08,True,0.29814172,True,False,False,2061,0.0575960695787255,sensitivity_or_small_group,False
cluster_tissue__C3__spleen,spleen,C3,Kctd13,other,0.31281632,0.0437439181448319,0.0916002896451843,0.1165428236214308,stable__spleen_S0,0.9951118631321676,0.3591044,0.0152951223170754,0.29810214,0.1157503608092487,0.42323986,0.0144875425453967,0.36916912,0.0025467702424923,0.29113695,0.0003111342932065,True,0.29810214,True,False,False,2061,0.0575960695787255,sensitivity_or_small_group,False
cluster_tissue__C6__thymus,thymus,C6,Sertad2,other,0.43439075,0.0123292812190454,0.2273838630806852,0.2888684452621895,stable__thymus_S1,0.4109766637856525,0.29767776,0.6090985397018039,0.3887355,0.0975275550369311,0.37665865,0.6633629903052106,0.40636715,0.0127864826639574,0.07260878,0.3003413858366879,True,0.29767776,False,True,False,931,0.0658367056218701,sensitivity_or_small_group,False
cluster_tissue__C6__thymus,thymus,C6,Baz1a,other,-0.40354225,0.0029207118478659,0.4205378973105149,0.3422263109475608,stable__thymus_S1,0.4109766637856525,-0.29750195,0.4940182781232046,-0.4509654,0.0039558783863417,-0.29838905,0.660178545649151,-0.45634198,0.0005039766825804,-0.36490467,1.1500424934532365e-13,True,0.29750195,False,True,False,931,0.0658367056218701,sensitivity_or_small_group,False
cluster_tissue__C3__spleen,spleen,C3,Tbc1d20,other,-0.3248319,0.030877293752166,0.1766835626357697,0.1490027375831045,stable__spleen_S0,0.9951118631321676,-0.34921318,0.018569419852297,-0.29746592,0.1430533031998971,-0.35297322,0.0524874641746017,-0.36712798,0.0027729919976036,-0.17719202,0.0376974618648816,True,0.29746592,True,False,False,2061,0.0575960695787255,sensitivity_or_small_group,False
cluster_tissue__C6__thymus,thymus,C6,Snrpg,other,0.297179,6.105969489856828e-08,0.8500407497962307,0.8822447102115769,stable__thymus_S1,0.4109766637856525,0.3359969,0.0045499879418188,0.30629575,1.2815774881555595e-06,0.38767546,0.0024641371257521,0.35199222,3.8818759302059285e-10,0.41532955,3.5431437797746535e-73,True,0.297179,False,True,False,931,0.0658367056218701,sensitivity_or_small_group,True
cluster_tissue__C5-1__spleen,spleen,C5-1,Cd52,other,0.33287734,0.0075570066606949,0.9999999999999956,0.991304347826078,stable__spleen_S2,0.9023972602739726,0.34016368,0.0008788470191444,0.29655126,0.2633317923642198,0.3283096,0.0393055282273494,0.36951882,4.701596911042714e-109,0.37258404,2.3839789965717408e-250,True,0.29655126,True,False,False,196,0.143283264804741,sensitivity_or_small_group,True
cluster_tissue__C3__spleen,spleen,C3,2410004B18Rik,other,-0.37886754,0.0206891162074558,0.1350470673425045,0.1071568244035975,stable__spleen_S0,0.9951118631321676,-0.35858276,0.0327540958452172,-0.34159574,0.122218594841066,-0.2957816,0.1749560087916084,-0.39159495,0.0040542589437144,-0.30050585,0.0002420428761723,True,0.2957816,True,False,False,2061,0.0575960695787255,sensitivity_or_small_group,False
cluster_tissue__C3__spleen,spleen,C3,Btbd1,other,-0.3454258,0.0105317718692576,0.2251991310644439,0.1908486507626114,stable__spleen_S0,0.9951118631321676,-0.33677903,0.0149375923927496,-0.29548827,0.102649841621698,-0.30535892,0.1046473002481201,-0.3300068,0.0038293953437809,-0.21042188,0.0020583459635367,True,0.29548827,True,False,False,2061,0.0575960695787255,sensitivity_or_small_group,False
cluster_tissue__C6__thymus,thymus,C6,Cd52,other,0.29479444,7.662656813291122e-36,0.99999999999997,0.9999999999999823,stable__thymus_S1,0.4109766637856525,0.32696804,6.8956434833382524e-18,0.3070806,2.5241186278325427e-31,0.323909,1.1921174050663234e-13,0.315964,1.5389541070491322e-32,0.37258404,2.3839789965717408e-250,True,0.29479444,False,True,False,931,0.0658367056218701,sensitivity_or_small_group,True
cluster_tissue__C3__spleen,spleen,C3,Osbpl8,other,-0.3451193,0.0294028163829782,0.1393917451122366,0.1122409073132572,stable__spleen_S0,0.9951118631321676,-0.29403502,0.0553340449901646,-0.39241824,0.0471324983358285,-0.4200844,0.0106743761564391,-0.17381777,0.3239934608611559,-0.14969245,0.0983157785839587,True,0.29403502,False,True,False,2061,0.0575960695787255,sensitivity_or_small_group,False
cluster_tissue__C0__bone_marrow,bone_marrow,C0,Scaper,other,-0.5119347,0.0019358748273218,0.142913541255429,0.1052631578947371,stable__bone_marrow_S0,0.9829115293099718,-0.5492939,0.0002999045339288,-0.29365328,0.3191651236556393,-0.46740204,0.0197469628178514,-0.5189093,7.15522692924224e-05,-0.43582532,3.266547480152717e-09,True,0.29365328,True,False,False,1742,0.0561687506989313,sensitivity_or_small_group,False
cluster_tissue__C6__thymus,thymus,C6,Hcst,other,0.29404473,3.255205368348007e-07,0.9095354523227144,0.9402023919043078,stable__thymus_S1,0.4109766637856525,0.29485357,0.0025839881858899,0.2934208,3.535327173539378e-06,0.3155865,0.0058701279057053,0.2991529,5.644371282972104e-07,0.35952878,5.913048069600413e-70,True,0.2934208,False,True,False,931,0.0658367056218701,sensitivity_or_small_group,True
cluster_tissue__C6__thymus,thymus,C6,Sec61g,other,0.31070417,0.000634506388359,0.6356968215158857,0.6890524379024741,stable__thymus_S1,0.4109766637856525,0.503317,0.0006857969931415,0.2930399,0.0059031153344361,0.48764247,0.0054939216336264,0.29076397,0.0008500506725424,0.3898663,1.1421317807019359e-39,True,0.2930399,False,True,False,931,0.0658367056218701,sensitivity_or_small_group,True
cluster_tissue__C0__bone_marrow,bone_marrow,C0,Birc3,other,0.36249003,0.0290562357388494,0.1097512830635614,0.1406698564593304,stable__bone_marrow_S0,0.9829115293099718,0.3875738,0.0141858157805541,0.30101722,0.1872762723607924,0.29208082,0.244801230641765,0.31762677,0.0281584455891296,0.3046039,8.302138852033892e-05,True,0.29208082,True,False,False,1742,0.0561687506989313,sensitivity_or_small_group,False
cluster_tissue__C0__bone_marrow,bone_marrow,C0,Chd9,other,-0.35021436,0.0328597297716176,0.1962100276352162,0.165071770334928,stable__bone_marrow_S0,0.9829115293099718,-0.33058688,0.0473521054607928,-0.2914493,0.2155632100963576,-0.30278662,0.1419830606457365,-0.3255692,0.0165051251015629,-0.3238884,1.1870916009300204e-06,True,0.2914493,True,False,False,1742,0.0561687506989313,sensitivity_or_small_group,False
cluster_tissue__C3__spleen,spleen,C3,I730030J21Rik,other,0.3751999,0.0066119999144938,0.1238233164373635,0.1583887368009378,stable__spleen_S0,0.9951118631321676,0.41242468,0.0013985275023637,0.29077706,0.1503365742765295,0.4634,0.0033170792492437,0.39141297,0.0007333091681325,0.31847614,0.000840184594222,True,0.29077706,True,False,False,2061,0.0575960695787255,sensitivity_or_small_group,False
cluster_tissue__C0__bone_marrow,bone_marrow,C0,Tapt1,other,-0.41031876,0.0420431901283597,0.1125148045795504,0.0866028708133972,stable__bone_marrow_S0,0.9829115293099718,-0.28989667,0.1699108296422553,-0.3528262,0.2462405116156787,-0.29687706,0.2898291564641398,-0.26188648,0.1546138311194072,-0.12816595,0.3227583503938295,True,0.28989667,False,False,False,1742,0.0561687506989313,sensitivity_or_small_group,False
cluster_tissue__C0__bone_marrow,bone_marrow,C0,Rc3h1,other,-0.35256717,0.0186804999408299,0.1697591788393218,0.1354066985645936,stable__bone_marrow_S0,0.9829115293099718,-0.30604866,0.0515557746620181,-0.41625303,0.0333240284583502,-0.28937188,0.1585640125165409,-0.29231605,0.0312641555535036,-0.21788266,0.0036219682988201,True,0.28937188,False,True,False,1742,0.0561687506989313,sensitivity_or_small_group,False
cluster_tissue__C3__spleen,spleen,C3,Pik3ip1,other,-0.32363418,0.0312358349672174,0.1817523533671237,0.1533046538912781,stable__spleen_S0,0.9951118631321676,-0.3040281,0.0393119126475529,-0.28915572,0.1611362637868129,-0.36280423,0.0274571499282374,-0.20322286,0.1793455663490387,-0.26025215,0.0006088588390137,True,0.28915572,True,False,False,2061,0.0575960695787255,sensitivity_or_small_group,False
cluster_tissue__C0__bone_marrow,bone_marrow,C0,Tbpl1,other,-0.38514733,0.0185747892805633,0.1508093170153975,0.1181818181818186,stable__bone_marrow_S0,0.9829115293099718,-0.41301486,0.0123437149888669,-0.28900984,0.2188933782335333,-0.42621568,0.0369743046847983,-0.37854224,0.0071006910700972,-0.22987673,0.0077292600417876,True,0.28900984,True,False,False,1742,0.0561687506989313,sensitivity_or_small_group,False
cluster_tissue__C0__bone_marrow,bone_marrow,C0,Zfp593,other,0.33603495,0.0171327184966409,0.1543624161073833,0.1923444976076548,stable__bone_marrow_S0,0.9829115293099718,0.29361984,0.0457618624349668,0.28887826,0.1194453476771826,0.30601814,0.12547943966494,0.27651173,0.0258061576932391,0.17999682,0.0055941964953615,True,0.28887826,True,False,False,1742,0.0561687506989313,sensitivity_or_small_group,False
cluster_tissue__C0__bone_marrow,bone_marrow,C0,Psme4,other,0.34628525,0.039082155832798,0.0959336754836166,0.1248803827751201,stable__bone_marrow_S0,0.9829115293099718,0.28875798,0.0869659702265738,0.40755332,0.0613628957933681,0.37642696,0.0801873236956124,0.24076726,0.1074345891555686,0.04588426,0.4642649684502719,True,0.28875798,False,True,False,1742,0.0561687506989313,sensitivity_or_small_group,False
cluster_tissue__C6__thymus,thymus,C6,Bax,other,-0.31794348,0.004740603379279,0.6161369193153979,0.5574977000919897,stable__thymus_S1,0.4109766637856525,-0.31987253,0.265333658101947,-0.28821412,0.0663007117489606,-0.38158968,0.2281098901778109,-0.25980088,0.0326967209513571,-0.1731766,3.717307552772462e-07,True,0.28821412,False,True,False,931,0.0658367056218701,sensitivity_or_small_group,False
cluster_tissue__C6__thymus,thymus,C6,Cldnd1,other,-0.48268878,0.0178217320048893,0.2330888345558278,0.1747930082796693,stable__thymus_S1,0.4109766637856525,-0.38265583,0.433488284745075,-0.49811006,0.042515839400583,-0.28765237,0.7118522591107456,-0.5363963,0.0034408779775283,-0.43538642,1.5712192239842872e-08,True,0.28765237,False,True,False,931,0.0658367056218701,sensitivity_or_small_group,False
cluster_tissue__C5-2__bone_marrow,bone_marrow,C5-2,Rpl37a,ribosome,0.28712055,0.0007379461267407,0.9999999999999988,0.9999999999999986,stable__bone_marrow_S3,1.0,0.2926696,0.0003115858239341,0.31281194,0.2239691716780332,0.2990952,0.208079555474598,0.33141747,1.7390118144039144e-129,0.3578034,0.0,True,0.28712055,True,False,False,56,0.0699690113284383,sensitivity_or_small_group,False
cluster_tissue__C3__spleen,spleen,C3,Nus1,other,-0.3383167,0.0205309883170253,0.1748732802317147,0.145482987876417,stable__spleen_S0,0.9951118631321676,-0.31419045,0.0320743754371201,-0.28688648,0.150110124849293,-0.30737844,0.0975826470527184,-0.35182208,0.002642075696412,-0.2829831,4.512636683499375e-05,True,0.28688648,True,False,False,2061,0.0575960695787255,sensitivity_or_small_group,False
cluster_tissue__C3__spleen,spleen,C3,Pitpnb,other,-0.3683196,0.007982235304329,0.1705286024619827,0.1380524051622989,stable__spleen_S0,0.9951118631321676,-0.3677282,0.0073569445795833,-0.28657445,0.1554915615507861,-0.3605436,0.0384719420735971,-0.42870066,0.0001704175061336,-0.2535721,0.0004009593522417,True,0.28657445,True,False,False,2061,0.0575960695787255,sensitivity_or_small_group,False
cluster_tissue__C5-2__bone_marrow,bone_marrow,C5-2,Rpl34,ribosome,0.37716314,0.0001767478039384,0.990384615384614,0.9999999999999986,stable__bone_marrow_S3,1.0,0.4093833,1.29838118079763e-05,0.315753,0.7422345926660978,0.2863959,0.7980186157544148,0.24615791,2.995089409907951e-66,0.28002626,2.482069042748498e-225,True,0.2863959,True,False,False,56,0.0699690113284383,sensitivity_or_small_group,False
cluster_tissue__C3__spleen,spleen,C3,Gm4258,other,0.40092415,0.0234635237439046,0.0825488776249093,0.1079389910050836,stable__spleen_S0,0.9951118631321676,0.39859,0.0227122810112185,0.28482112,0.2720540216141832,0.35470763,0.1208875186235629,0.42643505,0.0005588117578116,0.45835882,1.8463935745034413e-08,True,0.28482112,True,False,False,2061,0.0575960695787255,sensitivity_or_small_group,False
cluster_tissue__C3__spleen,spleen,C3,Spty2d1,other,0.3650758,0.0094999920341546,0.1415640839971026,0.1767696519358614,stable__spleen_S0,0.9951118631321676,0.39514205,0.0038316181724229,0.2839763,0.2020596701820978,0.37101763,0.0463644141040014,0.42130345,0.0001257578161897,0.29467377,2.184775217598061e-06,True,0.2839763,True,False,False,2061,0.0575960695787255,sensitivity_or_small_group,False
cluster_tissue__C6__thymus,thymus,C6,Klf6,other,0.37261078,0.0002635110337538,0.6878565607171864,0.7479300827966768,stable__thymus_S1,0.4109766637856525,0.28394237,0.2923692931633073,0.44547343,7.66461129114411e-05,0.30987543,0.4303056938727451,0.35318133,0.0004495377880669,0.15840827,0.0027491290008109,True,0.28394237,False,True,False,931,0.0658367056218701,sensitivity_or_small_group,True
cluster_tissue__C6__thymus,thymus,C6,Synj2bp,other,-0.357573,0.0483124395477848,0.3512632436837827,0.3008279668813244,stable__thymus_S1,0.4109766637856525,-0.31044632,0.5130598066287768,-0.3463453,0.1456496479435334,-0.28375587,0.6626745852767421,-0.27077618,0.1297441215295541,-0.1727822,0.0010784621475868,True,0.28375587,False,False,False,931,0.0658367056218701,sensitivity_or_small_group,False
cluster_tissue__C3__spleen,spleen,C3,Mpv17l2,other,0.30136672,0.0417700050068082,0.1212889210716865,0.1490027375831045,stable__spleen_S0,0.9951118631321676,0.28203827,0.0582036149301275,0.29294503,0.1317397736183825,0.31576395,0.1024757173140003,0.2833565,0.0152838960414916,0.26991075,4.831510711275089e-05,True,0.28203827,False,False,False,2061,0.0575960695787255,sensitivity_or_small_group,False
cluster_tissue__C0__bone_marrow,bone_marrow,C0,Zfp36,other,0.39226738,0.0024295652809248,0.2163442558231358,0.261244019138754,stable__bone_marrow_S0,0.9829115293099718,0.3742233,0.0044103687356142,0.281313,0.1502867313526643,0.29422307,0.1129427713351608,0.3766745,0.0003300528089802,0.1854446,0.001539376392692,True,0.281313,True,False,False,1742,0.0561687506989313,sensitivity_or_small_group,False
cluster_tissue__C6__thymus,thymus,C6,Tmem208,other,-0.3977331,0.0144339181927185,0.3773431132844349,0.3155473781048751,stable__thymus_S1,0.4109766637856525,-0.28383875,0.5866630537736002,-0.53391,0.0015580212680683,-0.280307,0.6735077558664607,-0.3397945,0.0433578409302586,-0.30326054,7.435163563289e-11,True,0.280307,False,True,False,931,0.0658367056218701,sensitivity_or_small_group,False
cluster_tissue__C6__thymus,thymus,C6,Trmt6,other,0.462893,0.0473954018729548,0.1369193154034232,0.1867525298988046,stable__thymus_S1,0.4109766637856525,0.28022218,0.7738055142527848,0.3279807,0.3821474945710791,0.47930843,0.6282887452935836,0.44136888,0.0503910365865981,0.2269778,0.0025866159114332,True,0.28022218,False,False,False,931,0.0658367056218701,sensitivity_or_small_group,False
cluster_tissue__C3__spleen,spleen,C3,Sgpp1,other,-0.3281531,0.0237559352084585,0.1545981173062986,0.124755572937035,stable__spleen_S0,0.9951118631321676,-0.33280537,0.0175576247424792,-0.28006542,0.1451343793433898,-0.31829888,0.0791174923403927,-0.28715235,0.0295376573386774,-0.21807298,0.0099798317314638,True,0.28006542,True,False,False,2061,0.0575960695787255,sensitivity_or_small_group,False
cluster_tissue__C0__bone_marrow,bone_marrow,C0,Spsb3,other,-0.3025415,0.0346723866617524,0.2273983418870916,0.1918660287081333,stable__bone_marrow_S0,0.9829115293099718,-0.28711888,0.037521144690941,-0.2790771,0.1533154681943331,-0.29348946,0.0900459926365416,-0.25693274,0.0401228548074142,-0.23996298,0.0002557171481238,True,0.2790771,True,False,False,1742,0.0561687506989313,sensitivity_or_small_group,False
cluster_tissue__C6__thymus,thymus,C6,Rpl35a,ribosome,0.3184983,2.1004278720949936e-55,0.9991850040749498,0.9999999999999823,stable__thymus_S1,0.4109766637856525,0.27886814,5.983713971957288e-21,0.29265645,2.6673338911463594e-38,0.27947593,1.1367543720091718e-16,0.32722816,2.570594987605616e-52,0.29109868,2.996191478994977e-227,True,0.27886814,False,True,False,931,0.0658367056218701,sensitivity_or_small_group,False
cluster_tissue__C0__bone_marrow,bone_marrow,C0,Fam49a,other,-0.39762607,0.0363625227071805,0.1362021318594558,0.1076555023923448,stable__bone_marrow_S0,0.9829115293099718,-0.3028434,0.1129484122909344,-0.37682042,0.1313613085524171,-0.2783824,0.2390498155692538,-0.29465792,0.076058729678914,-0.11809512,0.3306138182657963,True,0.2783824,False,False,False,1742,0.0561687506989313,sensitivity_or_small_group,False
cluster_tissue__C6__thymus,thymus,C6,Atp5mpl,respiratory_chain_or_mt,0.33980888,0.0006758244649296,0.5794621026894834,0.6550137994480131,stable__thymus_S1,0.4109766637856525,0.3256688,0.1872679674033507,0.27832904,0.0284440281330979,0.36620364,0.2967379909085407,0.3824145,3.66976888534766e-05,0.4179024,3.3103395755715166e-35,True,0.27832904,False,True,False,931,0.0658367056218701,sensitivity_or_small_group,True
cluster_tissue__C4__bone_marrow,bone_marrow,C4,Rpl35,ribosome,0.3760121,0.0444326633203608,0.9508196721311424,0.995515695067267,stable__bone_marrow_S1,0.987152034261242,0.42156988,0.0003391827761812,0.2775766,0.506571321295734,0.37058523,0.0155029568746802,0.44303694,5.561122185977413e-53,0.47097915,1.4228298385880277e-147,True,0.2775766,True,False,False,164,0.0733202144135154,sensitivity_or_small_group,False
cluster_tissue__C3__spleen,spleen,C3,Fnbp4,other,-0.3299091,0.0066763025231586,0.244026068066616,0.2072741493938198,stable__spleen_S0,0.9951118631321676,-0.31137708,0.0112706307631516,-0.2757759,0.1033794021139906,-0.28857726,0.0636808827719695,-0.31913546,0.0025687567133373,-0.27114257,2.793004984428541e-05,True,0.2757759,True,False,False,2061,0.0575960695787255,sensitivity_or_small_group,False
cluster_tissue__C0__bone_marrow,bone_marrow,C0,Pip4p1,other,-0.32869527,0.0349811416960231,0.1831819976312682,0.1507177033492823,stable__bone_marrow_S0,0.9829115293099718,-0.294016,0.0693613617214154,-0.32531554,0.1039634949213857,-0.27576217,0.2282779431346843,-0.2666465,0.0721503236063711,-0.2468946,0.0004650165738487,True,0.27576217,False,False,False,1742,0.0561687506989313,sensitivity_or_small_group,False
cluster_tissue__C3__spleen,spleen,C3,Hat1,other,-0.34657344,0.018900417785896,0.1622013034033297,0.1329683222526392,stable__spleen_S0,0.9951118631321676,-0.27540627,0.0809904464918559,-0.34319177,0.0596633835005664,-0.28553286,0.1423601024867164,-0.34739387,0.00845564370737,-0.26890695,0.0010670545345412,True,0.27540627,False,True,False,2061,0.0575960695787255,sensitivity_or_small_group,False
cluster_tissue__C3__spleen,spleen,C3,Fbrs,other,-0.35795617,0.0289499667589591,0.1498913830557556,0.1231912397340628,stable__spleen_S0,0.9951118631321676,-0.33632898,0.042386272767798,-0.3051737,0.1631862421048171,-0.27520433,0.2084646811681607,-0.32984966,0.0241336116041772,-0.3588919,1.1079675443327466e-05,True,0.27520433,True,False,False,2061,0.0575960695787255,sensitivity_or_small_group,False
cluster_tissue__C3__spleen,spleen,C3,Chchd4,other,-0.36857358,0.0475915117562045,0.1071687183200574,0.0848650762612433,stable__spleen_S0,0.9951118631321676,-0.35454255,0.0491645137020654,-0.37304866,0.1152763603905142,-0.27508333,0.2409332537123212,-0.36284208,0.0190946413661767,-0.29234684,0.0027941809333247,True,0.27508333,True,False,False,2061,0.0575960695787255,sensitivity_or_small_group,False
cluster_tissue__C6__thymus,thymus,C6,Serf2,other,0.2771098,3.244929358867278e-14,0.9804400977994824,0.9889604415823194,stable__thymus_S1,0.4109766637856525,0.3038666,5.2982842081093175e-08,0.2743031,1.5954032303036315e-10,0.29542834,9.878706336060614e-07,0.3179329,3.752024079895078e-15,0.3011438,4.625690073443864e-94,True,0.2743031,False,True,False,931,0.0658367056218701,sensitivity_or_small_group,True
cluster_tissue__C6__thymus,thymus,C6,Gm12216,other,-0.6069473,0.007031787085676,0.181744091279544,0.1241950321987123,stable__thymus_S1,0.4109766637856525,-0.41927826,0.5845132140756117,-0.40643698,0.2496227196067832,-0.27413133,0.8194246951403956,-0.5828109,0.0052216012049114,-0.07133886,0.394185801997039,True,0.27413133,False,False,False,931,0.0658367056218701,sensitivity_or_small_group,False
cluster_tissue__C6__thymus,thymus,C6,Cr1l,other,-0.41686398,0.009586835842978,0.3846780766096183,0.3210671573137066,stable__thymus_S1,0.4109766637856525,-0.44031066,0.3510378077575126,-0.33346277,0.1536823076136889,-0.2736046,0.7475512068755362,-0.3889318,0.0120715878550085,-0.19986428,5.919332045287236e-05,True,0.2736046,False,False,False,931,0.0658367056218701,sensitivity_or_small_group,False
cluster_tissue__C6__thymus,thymus,C6,Lsm6,other,0.2728669,0.0412504178802562,0.4172779136104334,0.4701011959521574,stable__thymus_S1,0.4109766637856525,0.35834864,0.2473765908745036,0.2783983,0.1130107935004833,0.45880878,0.1826696411690257,0.2991182,0.0107130393478969,0.18069781,3.24055592847022e-05,True,0.2728669,False,False,False,931,0.0658367056218701,sensitivity_or_small_group,False
cluster_tissue__C3__spleen,spleen,C3,Elf4,other,-0.2949577,0.0398011498402453,0.1904417089065878,0.1619084865076253,stable__spleen_S0,0.9951118631321676,-0.29875037,0.0368888106061038,-0.28925896,0.1363825526653232,-0.2708893,0.1540664875483777,-0.28499123,0.0232796113398708,-0.20156507,0.0057087384504304,True,0.2708893,True,False,False,2061,0.0575960695787255,sensitivity_or_small_group,False
cluster_tissue__C0__bone_marrow,bone_marrow,C0,Ireb2,other,0.40040076,0.019246306388036,0.0840900118436639,0.1133971291866032,stable__bone_marrow_S0,0.9829115293099718,0.28966105,0.0846536141883739,0.3562833,0.1522405335431514,0.270619,0.2230006572171227,0.19977644,0.1929215075857993,0.1721831,0.0297327093516632,True,0.270619,False,False,False,1742,0.0561687506989313,sensitivity_or_small_group,False
cluster_tissue__C3__spleen,spleen,C3,Arhgap10,other,-0.35265973,0.0305436361244966,0.1325126719768275,0.1067657411028544,stable__spleen_S0,0.9951118631321676,-0.38571787,0.0138236863270465,-0.27046528,0.2530980186092011,-0.40574697,0.0332135518478655,-0.31154618,0.0486043428518553,-0.19108652,0.0795594228885798,True,0.27046528,True,False,False,2061,0.0575960695787255,sensitivity_or_small_group,False
cluster_tissue__C0__bone_marrow,bone_marrow,C0,2410004B18Rik,other,-0.38773757,0.0329086527548579,0.1397552309514416,0.1100478468899525,stable__bone_marrow_S0,0.9829115293099718,-0.37883782,0.0319011026547834,-0.3333159,0.2345491558892721,-0.27000183,0.2861996343929743,-0.28796187,0.1027371109820826,-0.30050585,0.0002420428761723,True,0.27000183,True,False,False,1742,0.0561687506989313,sensitivity_or_small_group,False
cluster_tissue__C6__thymus,thymus,C6,Cluap1,other,0.6224605,0.0181190861745108,0.0896495517522412,0.1361545538178476,stable__thymus_S1,0.4109766637856525,0.37020063,0.6518459772277754,0.70932716,0.0187871479517554,0.26985908,0.8020213185331178,0.56968725,0.0165821813619552,0.14456694,0.053586679796318,True,0.26985908,False,True,False,931,0.0658367056218701,sensitivity_or_small_group,False
cluster_tissue__C3__spleen,spleen,C3,Zfc3h1,other,-0.29748267,0.0416837929170516,0.1625633598841407,0.1357059053578406,stable__spleen_S0,0.9951118631321676,-0.26938114,0.0600799370599561,-0.2699663,0.1591362444516043,-0.33606732,0.0434724116587744,-0.35247815,0.002642075696412,-0.35511312,1.037695336734233e-06,True,0.26938114,False,False,False,2061,0.0575960695787255,sensitivity_or_small_group,False
cluster_tissue__C0__bone_marrow,bone_marrow,C0,Ythdf1,other,-0.3440804,0.0452228182145643,0.1685748124753265,0.1387559808612443,stable__bone_marrow_S0,0.9829115293099718,-0.31033975,0.078250496942653,-0.2918431,0.2550376533448533,-0.2688629,0.2661697302593608,-0.33720142,0.0241310622624208,-0.22958381,0.0063764607494309,True,0.2688629,False,False,False,1742,0.0561687506989313,sensitivity_or_small_group,False
cluster_tissue__C0__bone_marrow,bone_marrow,C0,Tbc1d10a,other,-0.3610847,0.0438351491028987,0.1598894591393612,0.1301435406698569,stable__bone_marrow_S0,0.9829115293099718,-0.3747249,0.0276178910080322,-0.26878673,0.3609712412817714,-0.28045648,0.3096488725980009,-0.33866894,0.0305562677171723,-0.32109973,9.785474644295542e-05,True,0.26878673,True,False,False,1742,0.0561687506989313,sensitivity_or_small_group,False
cluster_tissue__C6__thymus,thymus,C6,Uqcrq,respiratory_chain_or_mt,0.2729389,0.0227858292252397,0.5484922575387111,0.6145354185832487,stable__thymus_S1,0.4109766637856525,0.41655758,0.0801342981163689,0.268571,0.0527745659236211,0.5078285,0.0363366126175215,0.3093054,0.0027244843656537,0.29725,9.639194947976028e-18,True,0.268571,False,True,False,931,0.0658367056218701,sensitivity_or_small_group,False
cluster_tissue__C6__thymus,thymus,C6,Rps15a,ribosome,0.29250956,4.7217916603052674e-55,0.9991850040749498,0.9999999999999823,stable__thymus_S1,0.4109766637856525,0.27482432,2.2409175300710946e-22,0.2741077,3.5964029092170062e-37,0.26812536,1.2213527038185476e-15,0.29190055,1.2565010957958219e-48,0.27745357,4.3952437421181617e-250,True,0.26812536,False,True,False,931,0.0658367056218701,sensitivity_or_small_group,False
cluster_tissue__C3__spleen,spleen,C3,Med1,other,-0.33675978,0.0042193911301941,0.241129616220128,0.201407899882674,stable__spleen_S0,0.9951118631321676,-0.33730322,0.0038949500085705,-0.26792458,0.1188761532914783,-0.29198658,0.0697192794335846,-0.28408062,0.0111766576142752,-0.10373755,0.2116643207033701,True,0.26792458,True,False,False,2061,0.0575960695787255,sensitivity_or_small_group,False
cluster_tissue__C0__bone_marrow,bone_marrow,C0,Atad2b,other,-0.31349555,0.0246861767089976,0.2289774970390853,0.1947368421052624,stable__bone_marrow_S0,0.9829115293099718,-0.3422433,0.0077727953350452,-0.26762554,0.1910202355855536,-0.29214936,0.0939601806736176,-0.40268353,0.0001586764713654,-0.3975122,2.881404830072759e-13,True,0.26762554,True,False,False,1742,0.0561687506989313,sensitivity_or_small_group,False
cluster_tissue__C0__bone_marrow,bone_marrow,C0,Sdhaf1,other,0.38285398,0.0009179110576466,0.2171338333991326,0.2679425837320554,stable__bone_marrow_S0,0.9829115293099718,0.36221942,0.0010034436056684,0.26707572,0.1577330562009551,0.35314235,0.0205645328297041,0.3320921,0.0009646739880406,0.37305075,6.613329991302067e-13,True,0.26707572,True,False,False,1742,0.0561687506989313,sensitivity_or_small_group,False
cluster_tissue__C6__thymus,thymus,C6,Rbm5,other,-0.26957127,0.0487664592143116,0.5370823145884266,0.4710211591536293,stable__thymus_S1,0.4109766637856525,-0.27032724,0.4584224443687811,-0.28369105,0.086225278316063,-0.26697308,0.61459652929893,-0.25264123,0.0649116063631514,-0.21012153,5.927798613792881e-09,True,0.26697308,False,True,False,931,0.0658367056218701,sensitivity_or_small_group,False
cluster_tissue__C6__thymus,thymus,C6,Rpl39,ribosome,0.3659049,1.0867328279170911e-62,0.9975550122249092,0.9999999999999823,stable__thymus_S1,0.4109766637856525,0.31373924,1.4115965802099245e-25,0.3328721,5.343003705721249e-42,0.26694703,1.4101551196100595e-14,0.3733139,1.6332174684268536e-53,0.32848302,4.956032648111409e-261,True,0.26694703,False,True,False,931,0.0658367056218701,sensitivity_or_small_group,False
cluster_tissue__C0__bone_marrow,bone_marrow,C0,Stam2,other,-0.42306995,0.0390855506078214,0.1042242400315835,0.0789473684210526,stable__bone_marrow_S0,0.9829115293099718,-0.38897362,0.054686657031763,-0.26670372,0.4167689715752769,-0.29694265,0.2974432712514913,-0.41880965,0.0137621712195284,-0.17731547,0.083233450963697,True,0.26670372,False,False,False,1742,0.0561687506989313,sensitivity_or_small_group,False
cluster_tissue__C0__bone_marrow,bone_marrow,C0,Srgap2,other,-0.38318568,0.0159551816615809,0.1460718515594164,0.1124401913875602,stable__bone_marrow_S0,0.9829115293099718,-0.42377687,0.0061495404378377,-0.26647946,0.2243768826049321,-0.34148976,0.0925312674695884,-0.44105792,0.0010214387801602,-0.23543663,0.0072125495061946,True,0.26647946,True,False,False,1742,0.0561687506989313,sensitivity_or_small_group,False
cluster_tissue__C3__bone_marrow,bone_marrow,C3,Rps21,ribosome,0.26640806,0.023672025251894,0.9957627118644046,0.9999999999999972,stable__bone_marrow_S0,0.9971509971509972,0.34027645,3.74681950972036e-108,0.3138777,0.2648992693381689,0.32260388,5.9934539433868285e-68,0.33115837,5.769074060611808e-125,0.36888307,0.0,True,0.26640806,True,False,False,96,0.118021645167863,sensitivity_or_small_group,False
cluster_tissue__C5-2__bone_marrow,bone_marrow,C5-2,Rpl41,ribosome,0.32894984,0.0014424005279938,0.9999999999999988,0.9999999999999986,stable__bone_marrow_S3,1.0,0.34197018,0.000490118726683,0.26634067,0.7422345926660978,0.2824907,0.5454920374184956,0.36243817,4.79148677237223e-99,0.39760503,4.927576666652693e-302,True,0.26634067,True,False,False,56,0.0699690113284383,sensitivity_or_small_group,False
cluster_tissue__C3__spleen,spleen,C3,Mtf2,other,-0.3177459,0.0200245174145801,0.1792179580014467,0.1474384043801322,stable__spleen_S0,0.9951118631321676,-0.26536334,0.0603498907687877,-0.30783856,0.0837781441295763,-0.34966323,0.0264052882149083,-0.28138644,0.0228999634141922,-0.118897654,0.1603889619270256,True,0.26536334,False,True,False,2061,0.0575960695787255,sensitivity_or_small_group,False
cluster_tissue__C6__thymus,thymus,C6,Gimap9,other,-0.29350087,0.0168774510129219,0.5900570497147476,0.5262189512419445,stable__thymus_S1,0.4109766637856525,-0.26411107,0.4700092168497402,-0.2729386,0.1034308624877464,-0.4393209,0.1333635746580891,-0.24038489,0.0786946655994417,-0.12707637,0.0001228825942632,True,0.26411107,False,False,False,931,0.0658367056218701,sensitivity_or_small_group,False
cluster_tissue__C3__spleen,spleen,C3,Nip7,other,-0.27846548,0.0406453642106842,0.2045619116582168,0.1744231521314031,stable__spleen_S0,0.9951118631321676,-0.28394848,0.0364605718221795,-0.28779674,0.1080410445526754,-0.26377472,0.1484588603742744,-0.24208911,0.0515056569087436,-0.20752308,0.0020633300673007,True,0.26377472,True,False,False,2061,0.0575960695787255,sensitivity_or_small_group,False
cluster_tissue__C0__bone_marrow,bone_marrow,C0,Alkbh2,other,-0.41143712,0.0291922389022401,0.1283063560994873,0.1000000000000002,stable__bone_marrow_S0,0.9829115293099718,-0.38818553,0.0421922626116686,-0.262826,0.3669564593359631,-0.34118536,0.12547943966494,-0.4162642,0.0130192973414327,-0.19525883,0.0488820943102572,True,0.262826,True,False,False,1742,0.0561687506989313,sensitivity_or_small_group,False
cluster_tissue__C6__thymus,thymus,C6,Fcer1g,other,-0.40054476,0.0181190861745108,0.3871230643846794,0.3183072677092909,stable__thymus_S1,0.4109766637856525,-0.27790257,0.5845132140756117,-0.46270955,0.0129372052588825,-0.2622475,0.7226336839107591,-0.4691387,0.001961574541012,-0.13793556,0.0440970602799617,True,0.2622475,False,True,False,931,0.0658367056218701,sensitivity_or_small_group,False
cluster_tissue__C6__thymus,thymus,C6,Arl4c,other,-0.4990826,1.8450770337598959e-10,0.7913610431947674,0.7065317387304405,stable__thymus_S1,0.4109766637856525,-0.32324713,0.0205772951873056,-0.5457579,4.3566096358437156e-10,-0.26207668,0.2583192843592478,-0.4979297,1.325499258281098e-10,-0.24085626,1.6262419347288565e-12,True,0.26207668,False,True,False,931,0.0658367056218701,sensitivity_or_small_group,True
cluster_tissue__C3__spleen,spleen,C3,Traf2,other,-0.33767483,0.0068972118739174,0.2078204199855159,0.1716855690262017,stable__spleen_S0,0.9951118631321676,-0.3499807,0.0040125407425821,-0.26154155,0.1321728920513523,-0.31276166,0.0576979062824599,-0.3151584,0.0045285357707585,-0.2419636,0.0013091962861963,True,0.26154155,True,False,False,2061,0.0575960695787255,sensitivity_or_small_group,False
cluster_tissue__C6__thymus,thymus,C6,Yipf4,other,-0.37200066,0.0448208208012885,0.3048084759576211,0.2465501379944811,stable__thymus_S1,0.4109766637856525,-0.26012078,0.6870782126384848,-0.3774305,0.0964729290677208,-0.34864303,0.6700492977866755,-0.29729855,0.1171047801158331,-0.22317214,3.324738216307328e-05,True,0.26012078,False,True,False,931,0.0658367056218701,sensitivity_or_small_group,False
cluster_tissue__C6__thymus,thymus,C6,Fgfr1op2,other,-0.33472505,0.0123279603208613,0.5036674816625933,0.4480220791168314,stable__thymus_S1,0.4109766637856525,-0.25964776,0.5162630140054737,-0.33148202,0.0486077870983577,-0.27579072,0.61459652929893,-0.2877528,0.0372686771483529,-0.09751691,0.0325000387925255,True,0.25964776,False,True,False,931,0.0658367056218701,sensitivity_or_small_group,False
cluster_tissue__C6__thymus,thymus,C6,Prrc2b,other,-0.35365486,0.0247563994669103,0.3985330073349647,0.3339466421343135,stable__thymus_S1,0.4109766637856525,-0.29264337,0.4880744830202067,-0.3742321,0.0493678649758102,-0.25927576,0.6754858698669692,-0.38659886,0.0069320465939775,-0.07195145,0.2623676711200201,True,0.25927576,False,True,False,931,0.0658367056218701,sensitivity_or_small_group,False
cluster_tissue__C6__thymus,thymus,C6,Rps26,ribosome,0.2907286,4.517529265053611e-30,0.9975550122249092,0.9981600735970386,stable__thymus_S1,0.4109766637856525,0.30433297,3.6746929451805163e-13,0.25903893,2.768368708694136e-19,0.33751705,2.1431156692831478e-12,0.30569077,4.8941459863485075e-28,0.29826385,3.585928056595056e-117,True,0.25903893,False,True,False,931,0.0658367056218701,sensitivity_or_small_group,False
cluster_tissue__C6__thymus,thymus,C6,Ptges3,other,-0.30446902,0.0284957284640405,0.5289323553382234,0.4728610855565732,stable__thymus_S1,0.4109766637856525,-0.3160576,0.4450955419451343,-0.30110112,0.1055612206218022,-0.25860813,0.6970494402949355,-0.31515703,0.0159287152771823,-0.24930404,2.497018370630599e-10,True,0.25860813,False,False,False,931,0.0658367056218701,sensitivity_or_small_group,False
cluster_tissue__C0__bone_marrow,bone_marrow,C0,Kmt2b,other,-0.29849517,0.0400324890734513,0.2451638373470207,0.2124401913875587,stable__bone_marrow_S0,0.9829115293099718,-0.25817624,0.0780688173085985,-0.29960746,0.1564570422308401,-0.29526553,0.1077663345673985,-0.26947847,0.0274930471551195,-0.29232982,1.1307890484862354e-06,True,0.25817624,False,False,False,1742,0.0561687506989313,sensitivity_or_small_group,False
cluster_tissue__C0__bone_marrow,bone_marrow,C0,Ddx47,other,-0.30468354,0.036670545388594,0.2321358073430727,0.1990430622009561,stable__bone_marrow_S0,0.9829115293099718,-0.25763986,0.0901055597199199,-0.34978095,0.0662335808075246,-0.30051833,0.1005757718640716,-0.20303929,0.1511469303085052,-0.12890704,0.080930302537698,True,0.25763986,False,True,False,1742,0.0561687506989313,sensitivity_or_small_group,False
cluster_tissue__C6__thymus,thymus,C6,Vim,other,-0.36087307,0.0001740875117165,0.7758761206193813,0.7157313707451597,stable__thymus_S1,0.4109766637856525,-0.2584588,0.3191244420203449,-0.33096468,0.0073349036246937,-0.25763488,0.4693047242570192,-0.4103081,1.2662102614358091e-05,-0.15062538,0.0546686452001479,True,0.25763488,False,True,False,931,0.0658367056218701,sensitivity_or_small_group,True
cluster_tissue__C0__spleen,spleen,C0,Rps27,ribosome,0.35565755,0.0200556338103604,0.9999999999999986,0.9999999999999992,stable__spleen_S0,0.8594594594594595,0.2801837,3.4358145789933016e-91,0.36628944,0.4611036728863826,0.25755677,3.8674405801009275e-60,0.28648838,9.403921138354995e-116,0.30966502,6.8417483640746074e-270,True,0.25755677,True,False,False,55,0.1620679079563041,sensitivity_or_small_group,False
cluster_tissue__C0__bone_marrow,bone_marrow,C0,Mapkap1,other,-0.3091879,0.0463917441784828,0.1954204500592193,0.164114832535885,stable__bone_marrow_S0,0.9829115293099718,-0.35575956,0.0114849354338027,-0.25745794,0.2657730345071808,-0.34875175,0.0587913433186285,-0.36176932,0.0031515322720329,-0.21631733,0.0047942335123113,True,0.25745794,True,False,False,1742,0.0561687506989313,sensitivity_or_small_group,False
cluster_tissue__C6__thymus,thymus,C6,Rpl30,ribosome,0.2811038,4.8271357056822966e-49,0.9991850040749498,0.9999999999999823,stable__thymus_S1,0.4109766637856525,0.27109548,5.936736250574296e-23,0.26607278,2.653982187653947e-36,0.2571205,3.758877607811441e-16,0.30286202,3.1844433585532822e-46,0.25956607,1.405881656888413e-237,True,0.2571205,False,True,False,931,0.0658367056218701,sensitivity_or_small_group,False
cluster_tissue__C6__thymus,thymus,C6,Mycbp2,other,-0.27830282,0.004740603379279,0.6837815810920848,0.6283348666053274,stable__thymus_S1,0.4109766637856525,-0.4340619,0.03692582593595,-0.2570939,0.0478954912138698,-0.49247062,0.0522427958061522,-0.17654577,0.1554669429109421,-0.17456739,1.4386347949954331e-08,True,0.2570939,False,True,False,931,0.0658367056218701,sensitivity_or_small_group,False
cluster_tissue__C0__bone_marrow,bone_marrow,C0,Mafg,other,0.36484215,0.0436431124960459,0.0943545203316229,0.1215311004784693,stable__bone_marrow_S0,0.9829115293099718,0.3894241,0.0124687005511935,0.2557597,0.3513547653079035,0.3418727,0.1040216992278682,0.32416466,0.0183548324794607,0.15993665,0.0307504625733938,True,0.2557597,True,False,False,1742,0.0561687506989313,sensitivity_or_small_group,False
cluster_tissue__C0__bone_marrow,bone_marrow,C0,Cox10,respiratory_chain_or_mt,0.3739702,0.0254058468142526,0.109356494275563,0.1401913875598088,stable__bone_marrow_S0,0.9829115293099718,0.26328376,0.0965579233292336,0.36824772,0.1000023902848961,0.25568208,0.2392713916723857,0.29658455,0.0222127360076831,0.36992326,7.677119834102284e-09,True,0.25568208,False,False,False,1742,0.0561687506989313,sensitivity_or_small_group,False
cluster_tissue__C6__thymus,thymus,C6,Snrpf,other,0.26896268,0.003578721867598,0.6748166259168612,0.7276908923642946,stable__thymus_S1,0.4109766637856525,0.29416054,0.1501337236652446,0.29225755,0.007326689648253,0.2535486,0.5345204029740659,0.27200535,0.0017802426163076,0.33059865,5.148878977921936e-29,True,0.2535486,False,True,False,931,0.0658367056218701,sensitivity_or_small_group,True
cluster_tissue__C6__thymus,thymus,C6,Mrpl52,ribosome,0.29536232,0.021887548435183,0.4784026079869618,0.5510579576816863,stable__thymus_S1,0.4109766637856525,0.25336647,0.5167089045443145,0.35293254,0.0156829054644821,0.39814857,0.2668442241775521,0.3030859,0.0116127927045733,0.33127055,7.241057532259774e-20,True,0.25336647,False,True,False,931,0.0658367056218701,sensitivity_or_small_group,False
cluster_tissue__C6__thymus,thymus,C6,Nop10,other,0.2697691,0.0035591542879778,0.6821515892420441,0.7359705611775419,stable__thymus_S1,0.4109766637856525,0.2533389,0.3513994130239604,0.3448955,0.000375467478766,0.32888842,0.3003914980121354,0.30455226,0.0004233896212118,0.3231364,1.2061139562952926e-28,True,0.2533389,False,True,False,931,0.0658367056218701,sensitivity_or_small_group,True
cluster_tissue__C6__thymus,thymus,C6,Ndufa3,respiratory_chain_or_mt,0.3111033,0.0189269509326832,0.4498777506112486,0.5188592456301692,stable__thymus_S1,0.4109766637856525,0.34918767,0.3648272199744032,0.30625615,0.0549935805756726,0.25293326,0.7224615458000031,0.3316727,0.0055301616803795,0.34258625,7.752355886059593e-22,True,0.25293326,False,True,False,931,0.0658367056218701,sensitivity_or_small_group,False
cluster_tissue__C0__bone_marrow,bone_marrow,C0,Spty2d1,other,0.3127214,0.047172750334499,0.1741018555073045,0.2090909090909081,stable__bone_marrow_S0,0.9829115293099718,0.25245342,0.1004323260577705,0.25986072,0.2211483029142464,0.27486676,0.1743676799363736,0.28274456,0.0250283243613593,0.29467377,2.184775217598061e-06,True,0.25245342,False,False,False,1742,0.0561687506989313,sensitivity_or_small_group,False
cluster_tissue__C6__thymus,thymus,C6,Sem1,other,0.2615729,0.0029145678271441,0.7440912795435887,0.8049678012879358,stable__thymus_S1,0.4109766637856525,0.28278074,0.1422338427975292,0.25227156,0.021102867241873,0.31038913,0.2255455394505644,0.320572,3.849742839648007e-05,0.2929297,7.58156901139106e-28,True,0.25227156,False,True,False,931,0.0658367056218701,sensitivity_or_small_group,True
cluster_tissue__C0__bone_marrow,bone_marrow,C0,Usf1,other,-0.2749214,0.0239571361859625,0.2558231346229782,0.2133971291866018,stable__bone_marrow_S0,0.9829115293099718,-0.2842069,0.0146896161894819,-0.25183532,0.1362983897673388,-0.26840684,0.0780188345350405,-0.3178964,0.0011904792202935,-0.23703136,6.860064488087343e-05,True,0.25183532,True,False,False,1742,0.0561687506989313,sensitivity_or_small_group,False
cluster_tissue__C6__thymus,thymus,C6,Rpl34,ribosome,0.31525937,1.2034501270433433e-51,0.9975550122249092,0.9999999999999823,stable__thymus_S1,0.4109766637856525,0.2515261,5.905677965503971e-19,0.30873415,2.7912139439344407e-37,0.25940645,2.1903546709628222e-16,0.31623414,2.0332532674064348e-49,0.28002626,2.482069042748498e-225,True,0.2515261,False,True,False,931,0.0658367056218701,sensitivity_or_small_group,False
cluster_tissue__C6__thymus,thymus,C6,Snrpe,other,0.28342348,0.0005713094645153,0.7253463732681212,0.779208831646722,stable__thymus_S1,0.4109766637856525,0.2541649,0.3290298354296258,0.25127995,0.0192281181866331,0.26787278,0.4709604855137683,0.31915715,2.2903156143936784e-05,0.2869976,1.36657199591841e-25,True,0.25127995,False,True,False,931,0.0658367056218701,sensitivity_or_small_group,False
cluster_tissue__C6__thymus,thymus,C6,Ndufa13,respiratory_chain_or_mt,0.27299142,0.0001777025710981,0.7986960065199503,0.8528058877644755,stable__thymus_S1,0.4109766637856525,0.26847276,0.1116620538962425,0.28525788,0.0005882472136829,0.25123322,0.290704671240903,0.3392145,5.895084732741768e-07,0.38980582,5.216597149241861e-63,True,0.25123322,False,True,False,931,0.0658367056218701,sensitivity_or_small_group,True
cluster_tissue__C3__spleen,spleen,C3,Tmem33,other,-0.35828334,0.0091394576359312,0.1705286024619827,0.1372702385608128,stable__spleen_S0,0.9951118631321676,-0.37501857,0.0043064651404359,-0.28763354,0.120294120350658,-0.25110683,0.1860067976168017,-0.30933368,0.0119509389606509,-0.3165231,7.448206950758034e-06,True,0.25110683,True,False,False,2061,0.0575960695787255,sensitivity_or_small_group,False
cluster_tissue__C3__spleen,spleen,C3,Tpgs1,other,-0.31729892,0.0350593792968144,0.1527878349022436,0.1263199061400072,stable__spleen_S0,0.9951118631321676,-0.29826623,0.0461096035522374,-0.25105166,0.195974608148339,-0.26617128,0.1826317963884486,-0.17170663,0.3009311719019023,-0.14218304,0.1434738822968392,True,0.25105166,True,False,False,2061,0.0575960695787255,sensitivity_or_small_group,False
cluster_tissue__C0__bone_marrow,bone_marrow,C0,Amz2,other,0.33990586,0.0355170805323722,0.1192262139755236,0.1507177033492823,stable__bone_marrow_S0,0.9829115293099718,0.29509288,0.0574790280563603,0.4187415,0.0486164251271462,0.25011548,0.2725013881428831,0.3120615,0.0196011529727008,0.2821754,0.0001258651908168,True,0.25011548,False,True,False,1742,0.0561687506989313,sensitivity_or_small_group,False
cluster_tissue__C3__spleen,spleen,C3,Oip5os1,other,-0.32488152,1.123088874249048e-05,0.4366401158580689,0.3828705514274519,stable__spleen_S0,0.9951118631321676,-0.30160376,3.811936921704119e-05,-0.28301105,0.0037144906112959,-0.24998353,0.0156326267499762,-0.33752754,1.2053316495978928e-07,-0.33655125,2.008706773446764e-17,True,0.24998353,True,True,False,2061,0.0575960695787255,sensitivity_or_small_group,False
cluster_tissue__C6__thymus,thymus,C6,Ywhae,other,-0.277303,0.0393009774307422,0.5044824775876137,0.451701931922719,stable__thymus_S1,0.4109766637856525,-0.30457893,0.3943186617320473,-0.24983035,0.1760292654141385,-0.2959354,0.5869326214631246,-0.29614612,0.0203026233955209,-0.24208584,8.544118162000973e-10,True,0.24983035,False,False,False,931,0.0658367056218701,sensitivity_or_small_group,False
cluster_tissue__C3__spleen,spleen,C3,Adipor2,other,-0.259491,0.0369308289195126,0.231716147719042,0.2033633163863892,stable__spleen_S0,0.9951118631321676,-0.24954931,0.043674610006869,-0.26911017,0.0980759121839641,-0.27875978,0.0707731385020694,-0.18291673,0.1393986428276165,-0.15137278,0.0304747490253405,True,0.24954931,False,True,False,2061,0.0575960695787255,sensitivity_or_small_group,False
cluster_tissue__C0__bone_marrow,bone_marrow,C0,Atrx,other,-0.25211307,0.0001083646984773,0.6881168574812255,0.6363636363636277,stable__bone_marrow_S0,0.9829115293099718,-0.24924478,3.481603451452844e-05,-0.26595125,0.000866581441949,-0.2862142,8.105791209466521e-05,-0.258086,1.0883500570867423e-06,-0.2760297,3.3822631542470623e-20,True,0.24924478,False,True,False,1742,0.0561687506989313,sensitivity_or_small_group,False
cluster_tissue__C0__bone_marrow,bone_marrow,C0,Krtcap2,other,0.26166022,1.2095479604764664e-05,0.6912751677852125,0.7521531100478361,stable__bone_marrow_S0,0.9829115293099718,0.24922854,2.4349394619914515e-05,0.24997883,0.0003861616982255,0.2619811,7.645517958837138e-05,0.22955167,1.4378253259006576e-05,0.25222605,9.791036304467051e-17,True,0.24922854,False,False,False,1742,0.0561687506989313,sensitivity_or_small_group,True
cluster_tissue__C3__spleen,spleen,C3,Pcbp1,other,-0.26352686,1.2703009461417918e-05,0.5648081100651635,0.518576456785295,stable__spleen_S0,0.9951118631321676,-0.24921177,2.990795515607033e-05,-0.2707537,0.000301642858265,-0.25393733,0.0010481967221399,-0.23718286,4.770646517516102e-06,-0.16066638,3.074087954897144e-06,True,0.24921177,False,True,False,2061,0.0575960695787255,sensitivity_or_small_group,False
cluster_tissue__C4__spleen,spleen,C4,Rplp2,ribosome,0.2853741,1.938838148114265e-07,0.9999999999999956,0.9999999999999976,stable__spleen_S3,0.9752475247524752,0.24917065,4.1086202860125634e-07,0.32489,1.0683022944578152e-05,0.2528423,0.0005513169378065,0.22565542,2.957605310972837e-78,0.24843892,9.704103481703934e-181,True,0.24917065,False,True,False,143,0.1634711931257971,sensitivity_or_small_group,True
cluster_tissue__C0__bone_marrow,bone_marrow,C0,Swt1,other,-0.27706063,0.0351463486823135,0.2589814449269655,0.2244019138755968,stable__bone_marrow_S0,0.9829115293099718,-0.24881034,0.0630310477495537,-0.35161352,0.0205053274305902,-0.2989445,0.0640635628687539,-0.20106345,0.0938881312189635,-0.12146311,0.0473521301271604,True,0.24881034,False,True,False,1742,0.0561687506989313,sensitivity_or_small_group,False
cluster_tissue__C0__bone_marrow,bone_marrow,C0,Eif3b,other,-0.28551188,0.0115810883731252,0.2925384919068315,0.2540669856459312,stable__bone_marrow_S0,0.9829115293099718,-0.24854143,0.0355945874295904,-0.25073916,0.118206732890117,-0.2629965,0.0876017545749927,-0.16496225,0.1475792698269376,-0.19605826,0.0008687777788425,True,0.24854143,False,False,False,1742,0.0561687506989313,sensitivity_or_small_group,False
cluster_tissue__C3__spleen,spleen,C3,Sdf2,other,-0.3408382,0.0003579578062073,0.3200579290369264,0.2678920610089935,stable__spleen_S0,0.9951118631321676,-0.33310866,0.0002904429118112,-0.3183379,0.0091597677387589,-0.24809636,0.0524874641746017,-0.31359214,0.0001180105860903,-0.34238687,8.735234637987248e-13,True,0.24809636,True,True,False,2061,0.0575960695787255,sensitivity_or_small_group,False
cluster_tissue__C0__bone_marrow,bone_marrow,C0,Acap2,other,-0.33223584,0.0385707397929224,0.1839715752072651,0.154066985645933,stable__bone_marrow_S0,0.9829115293099718,-0.24802761,0.1590833173139203,-0.31830725,0.1373975049736152,-0.26085722,0.238260359715116,-0.25583792,0.0960545631243967,-0.26085812,0.0003962410912201,True,0.24802761,False,False,False,1742,0.0561687506989313,sensitivity_or_small_group,False
cluster_tissue__C3__spleen,spleen,C3,Psmd11,other,-0.25556698,0.0048229918397688,0.3587979724837036,0.3159953070003893,stable__spleen_S0,0.9951118631321676,-0.26148814,0.0037369531820843,-0.24783315,0.0302622102483054,-0.2737345,0.0140813441688958,-0.27860153,0.0001754714534564,-0.18778767,5.807557299902452e-05,True,0.24783315,True,False,False,2061,0.0575960695787255,sensitivity_or_small_group,False
cluster_tissue__C3__spleen,spleen,C3,Ost4,other,0.25329503,8.436280916116058e-05,0.5651701665459745,0.6233867813844488,stable__spleen_S0,0.9951118631321676,0.25109148,9.076481293264384e-05,0.26730034,0.0002671610030659,0.24781196,0.0014002827663003,0.2686686,1.106454051326591e-06,0.2669529,2.4027484378962802e-17,True,0.24781196,True,True,False,2061,0.0575960695787255,sensitivity_or_small_group,False
cluster_tissue__C0__bone_marrow,bone_marrow,C0,Rpp21,other,0.2750644,0.018439051154681,0.2739834188709056,0.3205741626794228,stable__bone_marrow_S0,0.9829115293099718,0.31466767,0.0022222261498963,0.24778178,0.1661226940252043,0.3002772,0.0281452003286525,0.29773152,0.0010627921779264,0.26443207,4.6296379941210185e-08,True,0.24778178,True,False,False,1742,0.0561687506989313,sensitivity_or_small_group,False
cluster_tissue__C3__spleen,spleen,C3,Cd96,other,0.27324274,0.0080522642473669,0.2798696596669052,0.3222526398122782,stable__spleen_S0,0.9951118631321676,0.28835878,0.0031067445567444,0.24750741,0.0643180934104297,0.31487778,0.0063962457707941,0.268806,0.0012125974343775,0.24072011,4.439109775129426e-06,True,0.24750741,True,False,False,2061,0.0575960695787255,sensitivity_or_small_group,False
cluster_tissue__C3__spleen,spleen,C3,Vav3,other,-0.3403137,0.0038694713396672,0.23823316437364,0.1998435666797017,stable__spleen_S0,0.9951118631321676,-0.34494996,0.0034815915305549,-0.2474531,0.1611032546317576,-0.29789984,0.0702777861745225,-0.3965016,0.0001105474266259,-0.28102776,1.1162693466011608e-05,True,0.2474531,True,False,False,2061,0.0575960695787255,sensitivity_or_small_group,False
cluster_tissue__C3__spleen,spleen,C3,Zc3h18,other,-0.32747766,0.003206899418071,0.249818971759592,0.2072741493938198,stable__spleen_S0,0.9951118631321676,-0.34461993,0.0010529398107786,-0.24741857,0.1182218340414431,-0.27596548,0.0564938867150687,-0.35944697,0.0001156740496112,-0.23302712,0.0001836645409492,True,0.24741857,True,False,False,2061,0.0575960695787255,sensitivity_or_small_group,False
cluster_tissue__C0__bone_marrow,bone_marrow,C0,Rab35,other,-0.30337748,0.022214488156477,0.2451638373470207,0.2090909090909081,stable__bone_marrow_S0,0.9829115293099718,-0.26134652,0.0435268452410728,-0.24711671,0.2047258038112158,-0.25730637,0.1161727380692069,-0.29035178,0.0060143687122495,-0.17444734,0.0133996984885267,True,0.24711671,True,False,False,1742,0.0561687506989313,sensitivity_or_small_group,False
cluster_tissue__C6__thymus,thymus,C6,Tfdp2,other,-0.5121245,0.0455977214638576,0.1475142624286881,0.1030358785648575,stable__thymus_S1,0.4109766637856525,-0.24678949,0.7907547046756137,-0.73746926,0.0031239057544687,-0.3235468,0.7555635110111087,-0.330637,0.1864097576570479,-0.28782663,0.0020712351442808,True,0.24678949,False,True,False,931,0.0658367056218701,sensitivity_or_small_group,False
cluster_tissue__C3__spleen,spleen,C3,Sbno1,other,-0.30422473,3.629289544205142e-05,0.4402606806661789,0.3875635510363686,stable__spleen_S0,0.9951118631321676,-0.28441426,0.0001124964947818,-0.24655452,0.0151716994871597,-0.27893674,0.001830714064104,-0.29282945,4.9639604431964e-06,-0.17440534,3.731428388564096e-05,True,0.24655452,True,False,False,2061,0.0575960695787255,sensitivity_or_small_group,False
cluster_tissue__C0__bone_marrow,bone_marrow,C0,Dtymk,other,0.39403087,0.0047881988503768,0.1369917094354527,0.1779904306220091,stable__bone_marrow_S0,0.9829115293099718,0.36637932,0.0032063594757802,0.24654607,0.2483350818779275,0.43234843,0.0046717624437348,0.27757117,0.0223383909586531,0.16496696,0.0135869271368718,True,0.24654607,True,False,False,1742,0.0561687506989313,sensitivity_or_small_group,False
cluster_tissue__C0__bone_marrow,bone_marrow,C0,Ddx46,other,-0.25371486,0.0007106522927841,0.5278326095538881,0.4765550239234392,stable__bone_marrow_S0,0.9829115293099718,-0.2786866,0.00011034341596,-0.2462323,0.0129764204618142,-0.2746799,0.0026817579550919,-0.2891314,4.883188406331916e-06,-0.26146248,8.06453547808138e-13,True,0.2462323,True,False,False,1742,0.0561687506989313,sensitivity_or_small_group,False
cluster_tissue__C6__thymus,thymus,C6,Itgae,other,-0.32454422,0.0281524884931409,0.4629176854115746,0.3919043238270444,stable__thymus_S1,0.4109766637856525,-0.24606453,0.5787648833598997,-0.3986957,0.0144692869155706,-0.2745518,0.6626745852767421,-0.36704466,0.0062082073065009,-0.28349742,0.0116854239286267,True,0.24606453,False,True,False,931,0.0658367056218701,sensitivity_or_small_group,False
cluster_tissue__C3__spleen,spleen,C3,Meaf6,other,-0.35056576,0.0402575801077387,0.1234612599565525,0.0993351583887364,stable__spleen_S0,0.9951118631321676,-0.35762206,0.0357022254821659,-0.24598745,0.2986566003798453,-0.4147481,0.0359239232788777,-0.30397287,0.0663282001527103,-0.15883823,0.1774040634072118,True,0.24598745,True,False,False,2061,0.0575960695787255,sensitivity_or_small_group,False
cluster_tissue__C3__spleen,spleen,C3,Rpl34,ribosome,0.27937478,1.2265348788483146e-80,0.9978276611151214,1.000000000000065,stable__spleen_S0,0.9951118631321676,0.2831429,9.689523150444565e-84,0.24954726,1.7923021854329758e-48,0.24567921,3.9691832616019546e-48,0.28943333,3.6601196404768057e-106,0.28002626,2.482069042748498e-225,True,0.24567921,True,False,False,2061,0.0575960695787255,sensitivity_or_small_group,False
cluster_tissue__C3__spleen,spleen,C3,Snrpe,other,0.28085655,2.059958155823875e-07,0.681390296886306,0.7481423543215013,stable__spleen_S0,0.9951118631321676,0.28833053,5.2296687525533636e-08,0.27927136,3.172194049929639e-06,0.2454896,4.0557710668713234e-05,0.30860928,3.895191533992305e-12,0.2869976,1.36657199591841e-25,True,0.2454896,True,True,False,2061,0.0575960695787255,sensitivity_or_small_group,False
cluster_tissue__C3__spleen,spleen,C3,Prkcsh,other,-0.27056342,0.0369413991754944,0.229543808834176,0.2010168165819309,stable__spleen_S0,0.9951118631321676,-0.2758212,0.0304987127951229,-0.24511172,0.1602060873932777,-0.3071636,0.0546974812540885,-0.23835438,0.0470040584019871,-0.20464608,0.0018567294844759,True,0.24511172,True,False,False,2061,0.0575960695787255,sensitivity_or_small_group,False
cluster_tissue__C3__spleen,spleen,C3,Yipf4,other,-0.31003657,0.0021051754324756,0.2889210716871803,0.2483378959718407,stable__spleen_S0,0.9951118631321676,-0.28736266,0.0038831827283805,-0.32302386,0.0091879152373419,-0.24462064,0.0813695608851171,-0.26741385,0.0024510084197018,-0.22317214,3.324738216307328e-05,True,0.24462064,True,True,False,2061,0.0575960695787255,sensitivity_or_small_group,False
cluster_tissue__C3__spleen,spleen,C3,Entr1,other,-0.33265948,0.0176588315057205,0.1857349746560448,0.1560422369964795,stable__spleen_S0,0.9951118631321676,-0.30293784,0.0317732345766784,-0.30469117,0.1167658171223826,-0.24401076,0.2361120607485055,-0.34743875,0.0029535203884689,-0.25463265,0.0003962410912201,True,0.24401076,True,False,False,2061,0.0575960695787255,sensitivity_or_small_group,False
cluster_tissue__C6__thymus,thymus,C6,AY036118,other,-0.41347122,0.0071055152623299,0.4286878565607187,0.362465501379943,stable__thymus_S1,0.4109766637856525,-0.24378999,0.6818641041040394,-0.39549604,0.0580895014626331,-0.34683105,0.6626745852767421,-0.4692873,0.000755053872572,-0.4172176,4.5941781587935573e-20,True,0.24378999,False,True,False,931,0.0658367056218701,sensitivity_or_small_group,False
cluster_tissue__C5-1__bone_marrow,bone_marrow,C5-1,Rpl37a,ribosome,0.3284003,0.0309365411962905,0.991935483870967,0.9999999999999988,stable__bone_marrow_S1,0.6363636363636364,0.26607263,1.155193093109642e-06,0.36884993,0.202087470563791,0.24348253,0.0001259293253219,0.33141747,1.7390118144039144e-129,0.3578034,0.0,True,0.24348253,True,False,False,57,0.1082618853515033,sensitivity_or_small_group,False
cluster_tissue__C5-1__spleen,spleen,C5-1,Rps15a,ribosome,0.2814578,2.3573717855638478e-11,0.9999999999999956,0.999999999999991,stable__spleen_S2,0.9023972602739726,0.27998328,6.562032693292283e-11,0.27437666,8.125853322814765e-07,0.2433443,1.0439173245166832e-05,0.2804396,1.7420292864743216e-120,0.27745357,4.3952437421181617e-250,True,0.2433443,True,True,False,196,0.143283264804741,sensitivity_or_small_group,False
cluster_tissue__C3__spleen,spleen,C3,Dido1,other,-0.3638634,0.0014355820272015,0.236422881969585,0.1971059835745003,stable__spleen_S0,0.9951118631321676,-0.325134,0.0050469125734383,-0.27569443,0.0866030437319386,-0.24319217,0.1395902536029227,-0.2926963,0.00607812642682,-0.21109205,0.002319393864233,True,0.24319217,True,True,False,2061,0.0575960695787255,sensitivity_or_small_group,False
cluster_tissue__C5-1__spleen,spleen,C5-1,Rpl22,ribosome,0.26104856,4.727840790004357e-06,0.9999999999999956,0.999999999999991,stable__spleen_S2,0.9023972602739726,0.33868077,1.2542573193939193e-08,0.24310914,0.0019427159579961,0.33672732,4.739205598197532e-05,0.27100644,1.0111186793784816e-58,0.26705778,2.755238080496741e-125,True,0.24310914,True,False,False,196,0.143283264804741,sensitivity_or_small_group,False
cluster_tissue__C0__bone_marrow,bone_marrow,C0,Bod1l,other,-0.26757726,0.0005628588388843,0.5302013422818783,0.4784688995215252,stable__bone_marrow_S0,0.9829115293099718,-0.28289255,0.0001496840916141,-0.24285993,0.027671545200114,-0.28712025,0.001877635189233,-0.27171785,2.1613204947218245e-05,-0.19960915,1.7361695630114937e-07,True,0.24285993,True,False,False,1742,0.0561687506989313,sensitivity_or_small_group,False
cluster_tissue__C3__spleen,spleen,C3,Smc1a,other,-0.32252017,2.4751278706732247e-05,0.448950036205643,0.3922565506452852,stable__spleen_S0,0.9951118631321676,-0.34709,3.1585606767115524e-06,-0.24256831,0.0211585422455772,-0.24897416,0.0133307828595889,-0.31765422,1.0305433248633027e-06,-0.19192247,3.6832337257768177e-06,True,0.24256831,True,False,False,2061,0.0575960695787255,sensitivity_or_small_group,False
cluster_tissue__C6__thymus,thymus,C6,Cox6c,respiratory_chain_or_mt,0.27578673,9.040923153477068e-05,0.8304808475957429,0.8859245630174646,stable__thymus_S1,0.4109766637856525,0.24230652,0.1723716863505252,0.27316046,0.0013651881561629,0.31983203,0.0570131698463279,0.34607965,1.6078130086353349e-07,0.4236543,3.1492907837781007e-82,True,0.24230652,False,True,False,931,0.0658367056218701,sensitivity_or_small_group,True
cluster_tissue__C4__spleen,spleen,C4,Rpl35a,ribosome,0.33843964,1.8703359860073984e-06,0.9999999999999956,0.9999999999999976,stable__spleen_S3,0.9752475247524752,0.3103698,3.857469359274536e-07,0.30444214,0.004717304623298,0.24199738,0.0084295926761939,0.29870096,6.066500574036261e-106,0.29109868,2.996191478994977e-227,True,0.24199738,True,True,False,143,0.1634711931257971,sensitivity_or_small_group,False
cluster_tissue__C6__thymus,thymus,C6,Tma7,other,0.33218023,1.390957593117688e-07,0.8060309698451332,0.8684452621894981,stable__thymus_S1,0.4109766637856525,0.24173161,0.0947954374256611,0.36292443,2.126207394499288e-07,0.2732257,0.229842109035762,0.3356617,7.476460538381509e-08,0.34967867,1.830697779833711e-50,True,0.24173161,False,True,False,931,0.0658367056218701,sensitivity_or_small_group,True
cluster_tissue__C3__spleen,spleen,C3,Sltm,other,-0.30300173,1.9445268648176832e-05,0.5076031860970253,0.4485725459522853,stable__spleen_S0,0.9951118631321676,-0.29226232,3.9536567345394496e-05,-0.26033196,0.0055235929040466,-0.24114485,0.0094848150478946,-0.30119902,6.547312692234917e-07,-0.27053398,8.074460628714129e-13,True,0.24114485,True,True,False,2061,0.0575960695787255,sensitivity_or_small_group,False
cluster_tissue__C0__bone_marrow,bone_marrow,C0,Atf7ip,other,-0.25473982,0.0061421649184205,0.4117647058823555,0.3698564593301396,stable__bone_marrow_S0,0.9829115293099718,-0.24085821,0.0093952527852571,-0.27085188,0.0196471134905923,-0.28293732,0.0109294565686875,-0.25215596,0.0018963851966751,-0.13835922,0.0026585859364681,True,0.24085821,False,True,False,1742,0.0561687506989313,sensitivity_or_small_group,False
cluster_tissue__C3__spleen,spleen,C3,Mta3,other,-0.32887366,0.0050202287555618,0.241491672700939,0.2037543996871323,stable__spleen_S0,0.9951118631321676,-0.32151744,0.0052189618072353,-0.28551644,0.0606244912705433,-0.24033955,0.1462579996901578,-0.29983053,0.0029608879584348,-0.23203088,0.0005635534465136,True,0.24033955,True,True,False,2061,0.0575960695787255,sensitivity_or_small_group,False
cluster_tissue__C3__spleen,spleen,C3,Impa1,other,-0.27121195,0.0154073001087279,0.2737146994931182,0.2409073132577226,stable__spleen_S0,0.9951118631321676,-0.2554154,0.0231076534983688,-0.27222148,0.0623478510836999,-0.24003097,0.1208875186235629,-0.24341054,0.0162299653697725,-0.18130508,0.0029995989863143,True,0.24003097,True,True,False,2061,0.0575960695787255,sensitivity_or_small_group,False
cluster_tissue__C3__spleen,spleen,C3,Arhgef6,other,-0.28319186,0.0012072146440762,0.3852280955829067,0.3363316386390282,stable__spleen_S0,0.9951118631321676,-0.28618884,0.0007038806034565,-0.24286805,0.0520261048379963,-0.23967971,0.0457297513457634,-0.28040648,0.0001259569713013,-0.21530826,3.952234687873159e-06,True,0.23967971,True,False,False,2061,0.0575960695787255,sensitivity_or_small_group,False
cluster_tissue__C4__bone_marrow,bone_marrow,C4,Rpl37a,ribosome,0.27224866,3.66287614357316e-05,0.9999999999999942,1.0000000000000024,stable__bone_marrow_S1,0.987152034261242,0.26607263,1.155193093109642e-06,0.23967017,0.0141969659864598,0.24348253,0.0001259293253219,0.33141747,1.7390118144039144e-129,0.3578034,0.0,True,0.23967017,True,False,False,164,0.0733202144135154,sensitivity_or_small_group,False
cluster_tissue__C3__spleen,spleen,C3,Top2b,other,-0.25977036,0.0007988970963965,0.4326574945691479,0.3793508017207644,stable__spleen_S0,0.9951118631321676,-0.24216233,0.0018505074836495,-0.23960462,0.0204181062983058,-0.24671465,0.0097117669991575,-0.27679905,1.334130580133035e-05,-0.19223966,1.738607429965103e-06,True,0.23960462,False,False,False,2061,0.0575960695787255,sensitivity_or_small_group,False
cluster_tissue__C3__spleen,spleen,C3,Tpst2,other,-0.29228133,8.476934460814158e-05,0.444605358435911,0.3969495502542019,stable__spleen_S0,0.9951118631321676,-0.29671505,5.727564972347117e-05,-0.25330344,0.0097874055456613,-0.23947771,0.0169561724296373,-0.24929857,0.00010408712236,-0.19219054,8.806892453879985e-07,True,0.23947771,True,True,False,2061,0.0575960695787255,sensitivity_or_small_group,False
cluster_tissue__C3__spleen,spleen,C3,Bdp1,other,-0.35893458,0.0021090931707324,0.244026068066616,0.2041454829878753,stable__spleen_S0,0.9951118631321676,-0.32785287,0.0049013760869565,-0.28767788,0.0731991908471811,-0.23937055,0.1622544575246393,-0.37185287,9.634945388997965e-05,-0.36117256,8.246257970367005e-10,True,0.23937055,True,True,False,2061,0.0575960695787255,sensitivity_or_small_group,False
cluster_tissue__C3__spleen,spleen,C3,Vps26a,other,-0.3613917,0.0251324062125653,0.1249094858797965,0.0981619084865072,stable__spleen_S0,0.9951118631321676,-0.32573733,0.0400608536014423,-0.2674296,0.2194414727154232,-0.23889455,0.2567738802150286,-0.26473394,0.0856905599628313,-0.24539943,0.0053924675485629,True,0.23889455,True,False,False,2061,0.0575960695787255,sensitivity_or_small_group,False
cluster_tissue__C0__bone_marrow,bone_marrow,C0,Ccnd2,other,-0.2647835,4.287517376512514e-12,0.9534149230161288,0.9258373205741488,stable__bone_marrow_S0,0.9829115293099718,-0.23872358,1.0042583138547119e-10,-0.2715582,6.250860888202748e-10,-0.25201836,2.912581263307146e-09,-0.219376,8.834410632256149e-11,-0.3189416,5.9389298326204876e-46,True,0.23872358,False,True,False,1742,0.0561687506989313,sensitivity_or_small_group,True
cluster_tissue__C4__spleen,spleen,C4,Rpl36,ribosome,0.30259886,0.0017342049323857,0.9897959183673426,0.9999999999999976,stable__spleen_S3,0.9752475247524752,0.27614135,0.0004540091628524,0.29411393,0.0897695330608525,0.23864609,0.1193911951007817,0.31390917,6.019864542988808e-101,0.33858314,1.2010686044871607e-250,True,0.23864609,True,True,False,143,0.1634711931257971,sensitivity_or_small_group,False
cluster_tissue__C3__spleen,spleen,C3,Hnrnpu,other,-0.31367815,5.623704113374996e-11,0.7726285300506784,0.7172467735627955,stable__spleen_S0,0.9951118631321676,-0.33075964,2.634369814881913e-12,-0.2384004,8.804347887145175e-05,-0.2843724,4.543658964614206e-07,-0.3179007,2.8424164769255284e-14,-0.2221525,1.434360707854975e-17,True,0.2384004,True,False,False,2061,0.0575960695787255,sensitivity_or_small_group,False
cluster_tissue__C3__spleen,spleen,C3,Sept11,other,-0.28617743,0.025380966563685,0.1944243301955088,0.1622995698083684,stable__spleen_S0,0.9951118631321676,-0.3074387,0.010264851726388,-0.23831347,0.1561662424514562,-0.29817763,0.0451950063688642,-0.11595732,0.3502931503753102,-0.171064,0.0023235731579759,True,0.23831347,True,False,False,2061,0.0575960695787255,sensitivity_or_small_group,False
cluster_tissue__C0__bone_marrow,bone_marrow,C0,Sh3glb1,other,-0.2592298,0.0001330107155808,0.5937623371496156,0.547846889952146,stable__bone_marrow_S0,0.9829115293099718,-0.2633204,5.759645542222334e-05,-0.23820895,0.0053552144787765,-0.24951504,0.0033662791101991,-0.26231995,4.281131449334058e-06,-0.20035574,6.6875247037183406e-09,True,0.23820895,True,False,False,1742,0.0561687506989313,sensitivity_or_small_group,False
cluster_tissue__C3__spleen,spleen,C3,Akt2,other,-0.34179515,0.024207603707906,0.1582186821144086,0.1290574892452086,stable__spleen_S0,0.9951118631321676,-0.28848964,0.0573782600266632,-0.3517959,0.0701263369887164,-0.23799504,0.2553708340287335,-0.18875101,0.2501831670570694,-0.024257254,0.8701913432844371,True,0.23799504,False,True,False,2061,0.0575960695787255,sensitivity_or_small_group,False
cluster_tissue__C0__bone_marrow,bone_marrow,C0,Mrpl24,ribosome,-0.29954448,0.0005502961931573,0.4315041452822766,0.378468899521527,stable__bone_marrow_S0,0.9829115293099718,-0.3266219,6.502825816339062e-05,-0.23791762,0.0535960981750867,-0.31536037,0.0025910710425241,-0.31991988,6.483290076837984e-06,-0.2742335,2.311637626085771e-11,True,0.23791762,True,False,False,1742,0.0561687506989313,sensitivity_or_small_group,False
cluster_tissue__C0__bone_marrow,bone_marrow,C0,Frmd8,other,-0.31938264,0.018439051154681,0.2380576391630491,0.2019138755980852,stable__bone_marrow_S0,0.9829115293099718,-0.31425172,0.0152434618960884,-0.25758415,0.176636033101786,-0.2378563,0.2366772244800677,-0.2348552,0.0730469749958222,-0.15011047,0.0257037736498206,True,0.2378563,True,False,False,1742,0.0561687506989313,sensitivity_or_small_group,False
cluster_tissue__C3__spleen,spleen,C3,Hsp90aa1,heat_shock,-0.27867016,8.35383210928123e-07,0.6469949312092609,0.6050058662495226,stable__spleen_S0,0.9951118631321676,-0.27071515,1.359693572237668e-06,-0.23783116,0.0019009134390545,-0.28025183,3.1223568847005865e-05,-0.31670615,1.4576020676538276e-11,-0.09639588,0.0033132556528957,True,0.23783116,True,False,False,2061,0.0575960695787255,sensitivity_or_small_group,True
cluster_tissue__C0__bone_marrow,bone_marrow,C0,Rpl36a,ribosome,0.27812415,2.056433700150468e-21,0.9617054875640946,0.9775119617224732,stable__bone_marrow_S0,0.9829115293099718,0.2933206,1.2374451691299075e-24,0.24836846,5.354330862421082e-13,0.23742972,1.3754408025153958e-11,0.30089575,2.413316819252245e-31,0.352392,1.832377791365622e-109,True,0.23742972,True,False,False,1742,0.0561687506989313,sensitivity_or_small_group,False
cluster_tissue__C6__thymus,thymus,C6,Herc6,other,0.47684827,0.0481256709594226,0.1491442542787288,0.197792088316468,stable__thymus_S1,0.4109766637856525,0.27542952,0.8340953591577176,0.413216,0.24198181852309,0.23722997,0.9036376180446808,0.51635456,0.0119024783181576,0.07765632,0.3269881272178012,True,0.23722997,False,False,False,931,0.0658367056218701,sensitivity_or_small_group,False
cluster_tissue__C3__spleen,spleen,C3,Ctdsp2,other,-0.26820078,0.0455982573438613,0.1926140477914538,0.166992569417285,stable__spleen_S0,0.9951118631321676,-0.2822802,0.0266964395186828,-0.23714185,0.1985073801665822,-0.283311,0.0709498446541181,-0.28852352,0.0083769213966977,-0.29302728,5.554876933539637e-06,True,0.23714185,True,False,False,2061,0.0575960695787255,sensitivity_or_small_group,False
cluster_tissue__C0__bone_marrow,bone_marrow,C0,Pgp,other,-0.27310568,0.0221088436701332,0.3118831425187543,0.2755980861243997,stable__bone_marrow_S0,0.9829115293099718,-0.26225537,0.024260997786374,-0.2551111,0.1178046353262775,-0.23705319,0.1458444463874967,-0.26019618,0.0094341589584861,-0.34613723,2.3757921783505528e-12,True,0.23705319,True,False,False,1742,0.0561687506989313,sensitivity_or_small_group,False
cluster_tissue__C0__bone_marrow,bone_marrow,C0,Neat1,other,0.27539235,0.0066284213183578,0.3446506119226235,0.3956937799043019,stable__bone_marrow_S0,0.9829115293099718,0.2851091,0.0020435656532894,0.23700778,0.0901472025872651,0.30159137,0.0075544304730569,0.24965084,0.0021261534582166,0.10478642,0.0321872829281438,True,0.23700778,True,False,False,1742,0.0561687506989313,sensitivity_or_small_group,False
cluster_tissue__C0__bone_marrow,bone_marrow,C0,Ppp4r2,other,-0.27234843,0.0007215474816022,0.457954994078171,0.4043062200956893,stable__bone_marrow_S0,0.9829115293099718,-0.29714307,8.12630024364765e-05,-0.26225397,0.0132371234295506,-0.23650251,0.0257212142626895,-0.28104797,2.72070035461148e-05,-0.33906493,5.411995642985305e-19,True,0.23650251,True,True,False,1742,0.0561687506989313,sensitivity_or_small_group,False
cluster_tissue__C6__thymus,thymus,C6,Dnajb1,heat_shock,0.33664787,0.0105846224101473,0.5973920130399305,0.6660533578656761,stable__thymus_S1,0.4109766637856525,0.23627736,0.5130598066287768,0.2877103,0.1074540144283882,0.27229053,0.6094748914443772,0.29373166,0.0261819479756489,0.0112525895,0.7836717428625178,True,0.23627736,False,False,False,931,0.0658367056218701,sensitivity_or_small_group,False
cluster_tissue__C3__spleen,spleen,C3,Snrpb2,other,0.26501492,0.0405240378692904,0.1973207820419968,0.2307391474384031,stable__spleen_S0,0.9951118631321676,0.2760391,0.0251026506009744,0.23624828,0.1820504267767125,0.25498164,0.1181712130256558,0.26163298,0.0094551036543547,0.25424707,8.449418346128779e-06,True,0.23624828,True,False,False,2061,0.0575960695787255,sensitivity_or_small_group,False
cluster_tissue__C3__spleen,spleen,C3,Slirp,other,0.36274728,0.0032022571170444,0.1462708182476456,0.1873289010559239,stable__spleen_S0,0.9951118631321676,0.38513932,0.0010851742286523,0.23622079,0.2029050064820426,0.3317949,0.0292372421034025,0.36519423,0.0002863948171874,0.3352445,1.0798634803134988e-07,True,0.23622079,True,False,False,2061,0.0575960695787255,sensitivity_or_small_group,False
cluster_tissue__C0__bone_marrow,bone_marrow,C0,Srsf7,other,-0.3089528,2.2499147685468747e-08,0.70153967627317,0.6406698564593214,stable__bone_marrow_S0,0.9829115293099718,-0.30558848,9.97105233428244e-09,-0.23569392,0.0007874145010302,-0.29026037,1.4919360992548809e-05,-0.31741104,3.286521097424496e-11,-0.29907662,1.0804370908175041e-29,True,0.23569392,True,False,False,1742,0.0561687506989313,sensitivity_or_small_group,False
cluster_tissue__C3__spleen,spleen,C3,Mylip,other,-0.27028874,0.0039670535793056,0.3508327299058615,0.3073914743840421,stable__spleen_S0,0.9951118631321676,-0.26191714,0.0037369531820843,-0.23895863,0.0616838165953516,-0.23563595,0.0445804601399414,-0.2656251,0.0010804005210979,-0.16172318,0.0014768587093202,True,0.23563595,True,False,False,2061,0.0575960695787255,sensitivity_or_small_group,False
cluster_tissue__C0__bone_marrow,bone_marrow,C0,Trim12c,other,-0.26403585,0.0197094118742805,0.347019344650614,0.3100478468899493,stable__bone_marrow_S0,0.9829115293099718,-0.25933182,0.0184705044254466,-0.30021998,0.0310555053702201,-0.23563096,0.1559587203081239,-0.31095877,0.0003972378177436,-0.22657454,1.453176228610699e-05,True,0.23563096,True,True,False,1742,0.0561687506989313,sensitivity_or_small_group,False
cluster_tissue__C3__spleen,spleen,C3,Pgs1,other,-0.29356024,0.011231935961371,0.2592324402606781,0.2217442315213129,stable__spleen_S0,0.9951118631321676,-0.26287323,0.0261742632670937,-0.28657484,0.0599176532431104,-0.23557861,0.1490588600501017,-0.22554432,0.0316658044960005,-0.15494697,0.0231568299732446,True,0.23557861,True,True,False,2061,0.0575960695787255,sensitivity_or_small_group,False
cluster_tissue__C0__bone_marrow,bone_marrow,C0,Smarcb1,other,-0.3293051,0.0264656237472831,0.189498618239243,0.1555023923444976,stable__bone_marrow_S0,0.9829115293099718,-0.27284414,0.0772812713717605,-0.23489062,0.3177790223021868,-0.23874788,0.2453395427400299,-0.2010563,0.1800251543005554,-0.08109749,0.4564440529919361,True,0.23489062,False,False,False,1742,0.0561687506989313,sensitivity_or_small_group,False
cluster_tissue__C0__bone_marrow,bone_marrow,C0,Zcchc7,other,0.291537,0.0008610299353338,0.3632056849585494,0.4258373205741578,stable__bone_marrow_S0,0.9829115293099718,0.25828323,0.0021589390843559,0.30551794,0.0045707978450506,0.23450151,0.0330637568095312,0.26504114,0.0003370364958309,0.2108069,6.634749931203792e-07,True,0.23450151,True,True,False,1742,0.0561687506989313,sensitivity_or_small_group,False
cluster_tissue__C4__spleen,spleen,C4,Rps26,ribosome,0.33554104,0.0001968449056253,0.9948979591836692,0.9999999999999976,stable__spleen_S3,0.9752475247524752,0.27241024,0.0043500930361005,0.23433368,0.2115083805768357,0.27371937,0.0155145893589868,0.31433848,6.272174667618836e-59,0.29826385,3.585928056595056e-117,True,0.23433368,True,False,False,143,0.1634711931257971,sensitivity_or_small_group,False
cluster_tissue__C0__bone_marrow,bone_marrow,C0,Zfp36l2,other,0.27169245,1.487792824798131e-06,0.780892222660842,0.8349282296650595,stable__bone_marrow_S0,0.9829115293099718,0.2604866,1.656342976285501e-06,0.2519358,0.0005568817859857,0.23407601,0.0003732554495386,0.22970773,4.770836395731601e-06,0.12825394,0.0002126152828689,True,0.23407601,True,True,False,1742,0.0561687506989313,sensitivity_or_small_group,False
cluster_tissue__C3__spleen,spleen,C3,Pold4,other,-0.2521776,0.0062568142545613,0.3515568428674835,0.3093468908877574,stable__spleen_S0,0.9951118631321676,-0.2580452,0.003577066691272,-0.23384105,0.0552622812921039,-0.2761121,0.0118654609546301,-0.2035182,0.0128202186461842,-0.15110658,0.0027482956060541,True,0.23384105,True,False,False,2061,0.0575960695787255,sensitivity_or_small_group,False
cluster_tissue__C6__thymus,thymus,C6,Mrps25,ribosome,-0.60706896,0.0025690689240352,0.2127139364303184,0.1490340386384548,stable__thymus_S1,0.4109766637856525,-0.2949368,0.6546397497478055,-0.59326726,0.0141924651231402,-0.23382677,0.8143882163051699,-0.55238646,0.0046174218326618,-0.49557287,9.017185489316582e-17,True,0.23382677,False,True,False,931,0.0658367056218701,sensitivity_or_small_group,False
cluster_tissue__C0__bone_marrow,bone_marrow,C0,Msl1,other,-0.2616631,0.0391735762359593,0.2846427161468631,0.2464114832535868,stable__bone_marrow_S0,0.9829115293099718,-0.29643768,0.014676516802497,-0.26635048,0.1230725447348847,-0.2337862,0.1893460782473006,-0.29367566,0.0057037801311553,-0.2863539,1.599617840416405e-06,True,0.2337862,True,False,False,1742,0.0561687506989313,sensitivity_or_small_group,False
cluster_tissue__C6__thymus,thymus,C6,Ndufa4,respiratory_chain_or_mt,0.26832065,6.338454606375971e-06,0.8638956805215762,0.9015639374424872,stable__thymus_S1,0.4109766637856525,0.23343992,0.0257033373733541,0.32870832,7.316038152020587e-07,0.33520004,0.0025973682586391,0.26736462,1.1760156010440768e-05,0.3137113,3.1510715015147017e-50,True,0.23343992,False,True,False,931,0.0658367056218701,sensitivity_or_small_group,True
cluster_tissue__C3__spleen,spleen,C3,Prf1,other,-0.26316598,0.0472514387428654,0.2132512671976809,0.1838091513492364,stable__spleen_S0,0.9951118631321676,-0.25526753,0.0535223367662489,-0.2425245,0.1820504267767125,-0.23334096,0.1867116400282364,-0.24332196,0.0424393557310616,-0.104166314,0.2073549712124409,True,0.23334096,False,False,False,2061,0.0575960695787255,sensitivity_or_small_group,False
cluster_tissue__C6__thymus,thymus,C6,Grb2,other,-0.28332683,0.029576842168824,0.5468622656886705,0.4774609015639328,stable__thymus_S1,0.4109766637856525,-0.2851909,0.4052810289564071,-0.23288311,0.2538416825641024,-0.295599,0.553503261264518,-0.24105704,0.0753030248506623,-0.2565885,3.5360866852561285e-13,True,0.23288311,False,False,False,931,0.0658367056218701,sensitivity_or_small_group,False
cluster_tissue__C0__bone_marrow,bone_marrow,C0,Ormdl1,other,-0.36494064,0.0242034335384796,0.1650217133833407,0.1325358851674645,stable__bone_marrow_S0,0.9829115293099718,-0.27727458,0.0765759036143666,-0.27324823,0.2519692518445364,-0.23257078,0.2738881343584793,-0.2963477,0.0260392090987391,-0.28883716,4.582278189342142e-05,True,0.23257078,False,False,False,1742,0.0561687506989313,sensitivity_or_small_group,False
cluster_tissue__C3__spleen,spleen,C3,Mrpl32,ribosome,-0.325838,0.0018946520765925,0.2686459087617642,0.2276104810324587,stable__spleen_S0,0.9951118631321676,-0.29135928,0.0063776960185703,-0.30904835,0.0375208383363942,-0.23239696,0.1320569852948848,-0.21833685,0.0289345214041823,-0.1733968,0.0025918162645649,True,0.23239696,True,True,False,2061,0.0575960695787255,sensitivity_or_small_group,False
cluster_tissue__C3__spleen,spleen,C3,Ehmt1,other,-0.3557312,0.0079505569031614,0.1897175959449658,0.1552600703949934,stable__spleen_S0,0.9951118631321676,-0.3091002,0.0233081154422696,-0.28509286,0.126460236977162,-0.23239271,0.227548982865964,-0.3586577,0.0016137420290345,-0.29235214,2.8041487342637187e-05,True,0.23239271,True,False,False,2061,0.0575960695787255,sensitivity_or_small_group,False
cluster_tissue__C6__thymus,thymus,C6,Csnk2a2,other,-0.41781405,0.0205743761733007,0.3243683781581102,0.2667893284268635,stable__thymus_S1,0.4109766637856525,-0.3353634,0.5431611791500595,-0.4899254,0.013635778182118,-0.23236553,0.7790186246443607,-0.4179234,0.0191230661446149,-0.22670202,0.0001136772325897,True,0.23236553,False,True,False,931,0.0658367056218701,sensitivity_or_small_group,False
cluster_tissue__C5-2__bone_marrow,bone_marrow,C5-2,Rpl35a,ribosome,0.3152429,0.0221588775925898,0.990384615384614,0.989583333333332,stable__bone_marrow_S3,1.0,0.31711298,0.0142411232993058,0.24521443,0.8647046999372922,0.23220879,0.8756586485050307,0.2639561,1.0640001664201536e-72,0.29109868,2.996191478994977e-227,True,0.23220879,True,False,False,56,0.0699690113284383,sensitivity_or_small_group,False
cluster_tissue__C0__bone_marrow,bone_marrow,C0,Rpl35a,ribosome,0.25472334,3.4208629673956024e-63,0.999605211211938,0.9980861244018988,stable__bone_marrow_S0,0.9829115293099718,0.27718258,1.910294748999637e-69,0.23189664,2.8887345724015724e-41,0.26207232,3.7580558145981713e-44,0.2639561,1.0640001664201536e-72,0.29109868,2.996191478994977e-227,True,0.23189664,True,False,False,1742,0.0561687506989313,sensitivity_or_small_group,False
cluster_tissue__C0__bone_marrow,bone_marrow,C0,Tmem165,other,-0.29752338,0.049145370943108,0.2135807343071468,0.1813397129186598,stable__bone_marrow_S0,0.9829115293099718,-0.2899929,0.0434338776008578,-0.26297083,0.2268418752485959,-0.23154268,0.2732296418320588,-0.23939446,0.081490936498805,-0.30146918,3.074087954897144e-06,True,0.23154268,True,False,False,1742,0.0561687506989313,sensitivity_or_small_group,False
cluster_tissue__C0__bone_marrow,bone_marrow,C0,Cmip,other,-0.32715034,0.0398785949541596,0.1863403079352556,0.155023923444976,stable__bone_marrow_S0,0.9829115293099718,-0.29678634,0.0772812713717605,-0.2312922,0.3891843501712865,-0.28926462,0.186063006266432,-0.3040025,0.0342654598630797,-0.24352431,0.0017736611028884,True,0.2312922,False,False,False,1742,0.0561687506989313,sensitivity_or_small_group,False
cluster_tissue__C3__bone_marrow,bone_marrow,C3,Rpl38,ribosome,0.32281762,0.0029726198749195,0.9999999999999978,0.9999999999999972,stable__bone_marrow_S0,0.9971509971509972,0.23605195,1.584936936557167e-45,0.30655923,0.3072424636909475,0.23127349,1.0738817137461725e-30,0.23624542,6.758230990141023e-56,0.25972018,2.792940765275288e-168,True,0.23127349,False,False,False,96,0.118021645167863,sensitivity_or_small_group,False
cluster_tissue__C6__thymus,thymus,C6,Rps28,ribosome,0.25859824,8.31040759289453e-24,0.9951100244498482,0.9990800367985104,stable__thymus_S1,0.4109766637856525,0.23049402,1.9166214734223623e-10,0.23632325,6.363095184875229e-16,0.24221428,3.1278108392979723e-08,0.27811325,1.2180456149208125e-21,0.24925166,1.435523247322756e-111,True,0.23049402,False,False,False,931,0.0658367056218701,sensitivity_or_small_group,False
cluster_tissue__C6__thymus,thymus,C6,Bdp1,other,-0.41834944,0.045577725166359,0.295843520782397,0.2419503219871214,stable__thymus_S1,0.4109766637856525,-0.2767936,0.6782681496481313,-0.28840184,0.4568538386399097,-0.23029803,0.8507325039198548,-0.41461152,0.0355272309572669,-0.36117256,8.246257970367005e-10,True,0.23029803,False,False,False,931,0.0658367056218701,sensitivity_or_small_group,False
cluster_tissue__C3__spleen,spleen,C3,Ebpl,other,-0.3560237,0.0088147789624464,0.1813902968863127,0.1490027375831045,stable__spleen_S0,0.9951118631321676,-0.336967,0.0130182048429609,-0.23017742,0.2474452604094522,-0.27170625,0.1449150751039581,-0.25644836,0.0531176455343773,-0.18547577,0.0140905484518232,True,0.23017742,True,False,False,2061,0.0575960695787255,sensitivity_or_small_group,False
cluster_tissue__C3__spleen,spleen,C3,Triobp,other,-0.36238274,0.0186966865186675,0.1473569876900786,0.11771607352366,stable__spleen_S0,0.9951118631321676,-0.29575777,0.0676196214357006,-0.31118876,0.1280501314173405,-0.22985852,0.3360948535286253,-0.27260348,0.0525374113621334,-0.18924055,0.0186468950411658,True,0.22985852,False,False,False,2061,0.0575960695787255,sensitivity_or_small_group,False
cluster_tissue__C3__spleen,spleen,C3,Rad50,other,-0.25313482,0.0270152499336966,0.2505430847212141,0.2178333985138823,stable__spleen_S0,0.9951118631321676,-0.22954957,0.0449682885154101,-0.24424878,0.0937598001497022,-0.24114761,0.0612696481286222,-0.25820583,0.008726885758728,-0.20104894,0.0005767425359651,True,0.22954957,False,False,False,2061,0.0575960695787255,sensitivity_or_small_group,False
cluster_tissue__C6__thymus,thymus,C6,Prpf4b,other,-0.4145181,3.760835254710534e-05,0.641401792991028,0.5501379944802144,stable__thymus_S1,0.4109766637856525,-0.3332134,0.2489541809280788,-0.3622041,0.0039430227177399,-0.22930017,0.6753477884754072,-0.4019902,6.825617819548345e-05,-0.41303927,3.189974737152313e-33,True,0.22930017,False,True,False,931,0.0658367056218701,sensitivity_or_small_group,True
cluster_tissue__C3__spleen,spleen,C3,Snrpa,other,0.28593397,0.0195374479882709,0.1701665459811717,0.2057098161908476,stable__spleen_S0,0.9951118631321676,0.31310555,0.0086544414738282,0.2292592,0.1892850894332837,0.35285896,0.0127711963599094,0.3220518,0.0007270295253794,0.25817984,8.020323768915472e-06,True,0.2292592,True,False,False,2061,0.0575960695787255,sensitivity_or_small_group,False
cluster_tissue__C0__bone_marrow,bone_marrow,C0,Stxbp3,other,-0.38889626,0.0213064388645811,0.1610738255033565,0.1287081339712923,stable__bone_marrow_S0,0.9829115293099718,-0.349643,0.0378546129889067,-0.3633644,0.1028428042112437,-0.22925688,0.3536643255260911,-0.33218184,0.0208411775616879,-0.27186894,0.0003531471062666,True,0.22925688,True,False,False,1742,0.0561687506989313,sensitivity_or_small_group,False
cluster_tissue__C6__thymus,thymus,C6,Gbp8,other,-0.5777022,0.004740603379279,0.2298288508557463,0.1692732290708377,stable__thymus_S1,0.4109766637856525,-0.22863556,0.8374563524233787,-0.7312163,0.0005728419875658,-0.3327247,0.7545860726817549,-0.47067213,0.0260893531510433,-0.47757822,3.4123677320511013e-15,True,0.22863556,False,True,False,931,0.0658367056218701,sensitivity_or_small_group,False
cluster_tissue__C0__bone_marrow,bone_marrow,C0,Tpd52l2,other,-0.3448742,0.029090211082427,0.2084484800631673,0.1775119617224876,stable__bone_marrow_S0,0.9829115293099718,-0.3482558,0.0236311882336144,-0.30744913,0.180349021213448,-0.22824396,0.3454330869474158,-0.31333703,0.0194712180539097,-0.22176412,0.0020655830321259,True,0.22824396,True,False,False,1742,0.0561687506989313,sensitivity_or_small_group,False
cluster_tissue__C0__bone_marrow,bone_marrow,C0,Mrpl15,ribosome,-0.26310056,0.0151821061715306,0.323726806158707,0.2818181818181795,stable__bone_marrow_S0,0.9829115293099718,-0.29659963,0.0026649172130062,-0.2536827,0.0718289883763577,-0.2278181,0.1208758046455451,-0.28188232,0.001105845759473,-0.18909107,0.0001861850724896,True,0.2278181,True,True,False,1742,0.0561687506989313,sensitivity_or_small_group,False
cluster_tissue__C3__spleen,spleen,C3,Lyrm2,other,0.3020308,0.0398479930377622,0.1328747284576385,0.1622995698083684,stable__spleen_S0,0.9951118631321676,0.2709933,0.0551607893934902,0.22767869,0.277972319741639,0.2574648,0.1884764762177617,0.26901513,0.0183734972625745,0.33674785,7.371290510285729e-07,True,0.22767869,False,False,False,2061,0.0575960695787255,sensitivity_or_small_group,False
cluster_tissue__C0__bone_marrow,bone_marrow,C0,Prdm2,other,-0.31240556,0.035763725087675,0.2021318594551925,0.1669856459330141,stable__bone_marrow_S0,0.9829115293099718,-0.25734243,0.0869659702265738,-0.34605724,0.0566845908542401,-0.2276578,0.2585007370828107,-0.28481084,0.0299209205003855,-0.3415059,1.570484883179392e-07,True,0.2276578,False,True,False,1742,0.0561687506989313,sensitivity_or_small_group,False
cluster_tissue__C4__spleen,spleen,C4,Rps12,ribosome,0.27419975,0.0094914492492213,0.9999999999999956,0.9999999999999976,stable__spleen_S3,0.9752475247524752,0.22751093,0.0344108102729748,0.24177185,0.3718501621124087,0.22929147,0.3204668654457828,0.20567097,2.212273804685441e-50,0.17366529,6.31225304748265e-63,True,0.22751093,False,False,False,143,0.1634711931257971,sensitivity_or_small_group,False
cluster_tissue__C3__spleen,spleen,C3,Rps26,ribosome,0.27029905,5.6222580988583234e-37,0.9902244750180904,0.9937426671881752,stable__spleen_S0,0.9951118631321676,0.26804546,1.2891608965701032e-37,0.2533144,5.520890824897324e-23,0.2273508,8.392939400062228e-21,0.31433848,6.272174667618836e-59,0.29826385,3.585928056595056e-117,True,0.2273508,True,True,False,2061,0.0575960695787255,sensitivity_or_small_group,False
cluster_tissue__C0__bone_marrow,bone_marrow,C0,Grap,other,-0.31474215,0.0003793365359961,0.4058428740623791,0.3497607655502357,stable__bone_marrow_S0,0.9829115293099718,-0.3034037,0.0005226315640903,-0.28769827,0.0131823520626914,-0.22703557,0.0892674903621086,-0.26964036,0.0007819042371604,-0.08818707,0.1165264062886897,True,0.22703557,True,True,False,1742,0.0561687506989313,sensitivity_or_small_group,False
cluster_tissue__C0__bone_marrow,bone_marrow,C0,Ccnl2,other,-0.2696388,0.0051815572220349,0.3857086458744595,0.3392344497607622,stable__bone_marrow_S0,0.9829115293099718,-0.2761437,0.0059240786066827,-0.22699356,0.1008830988369521,-0.30395985,0.0144727776137185,-0.2788871,0.0008332597008886,-0.17114855,0.0004124775959279,True,0.22699356,True,False,False,1742,0.0561687506989313,sensitivity_or_small_group,False
cluster_tissue__C6__thymus,thymus,C6,Atp6v0b,other,-0.28227824,0.0474322395871538,0.4824775876120637,0.4259429622815053,stable__thymus_S1,0.4109766637856525,-0.30160174,0.4706524214647153,-0.22643074,0.3261733428015359,-0.25101146,0.6743693666464182,-0.22025642,0.2108286491491127,-0.16224231,0.0001424860132998,True,0.22643074,False,False,False,931,0.0658367056218701,sensitivity_or_small_group,False
cluster_tissue__C3__spleen,spleen,C3,Gar1,other,-0.33158523,0.0085456188389618,0.2118030412744369,0.1759874853343753,stable__spleen_S0,0.9951118631321676,-0.32885686,0.0081323361948822,-0.22861475,0.2613844617385826,-0.22628224,0.2205604765420642,-0.23939826,0.0461980189576464,-0.22827883,0.0004752773641576,True,0.22628224,True,False,False,2061,0.0575960695787255,sensitivity_or_small_group,False
cluster_tissue__C0__bone_marrow,bone_marrow,C0,Eefsec,other,0.4230034,0.0231325614331128,0.0825108566916702,0.110526315789474,stable__bone_marrow_S0,0.9829115293099718,0.33426774,0.0522078394955814,0.35228577,0.1918248194740718,0.22607528,0.4106041809119861,0.24825239,0.1145991930612373,0.26520762,0.0020681424332424,True,0.22607528,False,False,False,1742,0.0561687506989313,sensitivity_or_small_group,False
cluster_tissue__C6__thymus,thymus,C6,Hnrnpa2b1,other,-0.31407988,3.027305546797161e-08,0.933985330073324,0.8988040478380714,stable__thymus_S1,0.4109766637856525,-0.24787427,0.1160019780220958,-0.266382,0.0001060936828269,-0.22531033,0.4203028109328957,-0.30003667,1.7978081255147657e-07,-0.20318685,4.8200685339135456e-21,True,0.22531033,False,True,False,931,0.0658367056218701,sensitivity_or_small_group,False
cluster_tissue__C0__bone_marrow,bone_marrow,C0,Kdelr1,other,-0.30250072,0.0101491333582317,0.3055665219107795,0.271291866028706,stable__bone_marrow_S0,0.9829115293099718,-0.29867962,0.0093050503052149,-0.22526538,0.2381527526105194,-0.27321148,0.0746900674220177,-0.28023303,0.0043181745187929,-0.22993544,1.464038996474053e-05,True,0.22526538,True,False,False,1742,0.0561687506989313,sensitivity_or_small_group,False
cluster_tissue__C3__spleen,spleen,C3,Mif4gd,other,-0.32348147,0.0033603455521881,0.248732802317159,0.2072741493938198,stable__spleen_S0,0.9951118631321676,-0.2948814,0.0074277411936283,-0.22502138,0.1505170414428484,-0.2420304,0.097337343701347,-0.29477018,0.002659990365697,-0.21688007,0.0009834809689136,True,0.22502138,True,False,False,2061,0.0575960695787255,sensitivity_or_small_group,False
cluster_tissue__C3__spleen,spleen,C3,Glg1,other,-0.28663418,0.0234175630502005,0.2215785662563339,0.1888932342588962,stable__spleen_S0,0.9951118631321676,-0.29024792,0.0198939192401725,-0.22493516,0.240424424549373,-0.305132,0.0491021459382996,-0.26879683,0.0150132436936416,-0.20450944,0.0013026809953397,True,0.22493516,True,False,False,2061,0.0575960695787255,sensitivity_or_small_group,False
cluster_tissue__C0__bone_marrow,bone_marrow,C0,Akap8l,other,-0.26521596,0.0133411077931066,0.3355704697986597,0.2894736842105239,stable__bone_marrow_S0,0.9829115293099718,-0.31017864,0.0014337387174841,-0.22488575,0.1757935669858758,-0.24644148,0.0947509210213094,-0.28090838,0.0012895607070898,-0.26650748,4.02747756394992e-08,True,0.22488575,True,False,False,1742,0.0561687506989313,sensitivity_or_small_group,False
cluster_tissue__C3__spleen,spleen,C3,Ywhae,other,-0.25809264,0.001990047196403,0.4207096307023849,0.3730934689088755,stable__spleen_S0,0.9951118631321676,-0.2655875,0.0009336306195752,-0.22481783,0.0459827472779242,-0.27706233,0.0048853622172764,-0.25963643,0.0001087805963961,-0.24208584,8.544118162000973e-10,True,0.22481783,True,False,False,2061,0.0575960695787255,sensitivity_or_small_group,False
cluster_tissue__C3__spleen,spleen,C3,Eif4e,other,-0.28409266,0.0238546079366057,0.243664011585805,0.2139225655064517,stable__spleen_S0,0.9951118631321676,-0.2825821,0.0232103483346837,-0.22451858,0.2530980186092011,-0.2636025,0.1110071213468704,-0.20294628,0.1036065624550209,-0.18035084,0.0059337239869569,True,0.22451858,True,False,False,2061,0.0575960695787255,sensitivity_or_small_group,False
cluster_tissue__C0__bone_marrow,bone_marrow,C0,Esco1,other,-0.26180464,0.0241344417219061,0.3308330043426786,0.2909090909090884,stable__bone_marrow_S0,0.9829115293099718,-0.26125786,0.0234061693790817,-0.27574557,0.0599589589719458,-0.22439304,0.1542486975722506,-0.23415507,0.0225141525005896,-0.2584524,2.5638618852087695e-07,True,0.22439304,True,True,False,1742,0.0561687506989313,sensitivity_or_small_group,False
cluster_tissue__C0__bone_marrow,bone_marrow,C0,Akirin2,other,-0.2809813,0.0160305261085941,0.303197789182789,0.2636363636363616,stable__bone_marrow_S0,0.9829115293099718,-0.2755883,0.0146896161894819,-0.2243035,0.2097661676211297,-0.22616038,0.1562813953318421,-0.27498752,0.0038475327736978,-0.32708353,1.825181307542029e-10,True,0.2243035,True,False,False,1742,0.0561687506989313,sensitivity_or_small_group,False
cluster_tissue__C3__spleen,spleen,C3,Kmt2b,other,-0.32020673,0.0040586194215434,0.2668356263577092,0.2260461478294865,stable__spleen_S0,0.9951118631321676,-0.30446836,0.0049081347328574,-0.2917416,0.058668757808751,-0.22413182,0.1979810744295953,-0.33018532,0.0003934907765843,-0.29232982,1.1307890484862354e-06,True,0.22413182,True,True,False,2061,0.0575960695787255,sensitivity_or_small_group,False
cluster_tissue__C3__spleen,spleen,C3,Ahsa1,other,-0.2630252,0.0094999920341546,0.2943519188993453,0.257723895189674,stable__spleen_S0,0.9951118631321676,-0.26101878,0.0096630612137261,-0.22406343,0.1122760317075113,-0.25016332,0.0582772033573926,-0.30845043,0.0001925733041828,-0.099914216,0.0809195344241052,True,0.22406343,True,False,False,2061,0.0575960695787255,sensitivity_or_small_group,False
cluster_tissue__C6__thymus,thymus,C6,Ndufs6,respiratory_chain_or_mt,0.42435062,0.0015988150415625,0.3439282803585993,0.4333026678932807,stable__thymus_S1,0.4109766637856525,0.35182604,0.4354302946259194,0.434774,0.0062974218037784,0.22391787,0.7808630469308019,0.38130018,0.0031749478111673,0.4137883,2.972762592818067e-24,True,0.22391787,False,True,False,931,0.0658367056218701,sensitivity_or_small_group,False
cluster_tissue__C3__spleen,spleen,C3,Rps15a,ribosome,0.26094627,1.9524340973560145e-88,0.9996379435191765,0.999608916699322,stable__spleen_S0,0.9951118631321676,0.26710242,7.780384079646931e-92,0.22380555,1.4707085156719448e-49,0.23386481,2.906183026107954e-56,0.2804396,1.7420292864743216e-120,0.27745357,4.3952437421181617e-250,True,0.22380555,True,False,False,2061,0.0575960695787255,sensitivity_or_small_group,False
cluster_tissue__C0__bone_marrow,bone_marrow,C0,Ebp,other,-0.26502386,0.0097670715816906,0.3458349782866187,0.2990430622009543,stable__bone_marrow_S0,0.9829115293099718,-0.2928735,0.0023904823276879,-0.22313733,0.1522405335431514,-0.23490363,0.1031620906182222,-0.18869966,0.0428240979290679,-0.18173657,0.0001424860132998,True,0.22313733,True,False,False,1742,0.0561687506989313,sensitivity_or_small_group,False
cluster_tissue__C6__thymus,thymus,C6,Gm15472,other,0.38851422,0.0374145954883478,0.2477587612061947,0.3008279668813244,stable__thymus_S1,0.4109766637856525,0.3082168,0.6773941936388713,0.40252957,0.0679118103791981,0.22274949,0.8711719540009147,0.38525668,0.0383752716242408,0.5173524,1.88841168261745e-18,True,0.22274949,False,True,False,931,0.0658367056218701,sensitivity_or_small_group,False
cluster_tissue__C6__thymus,thymus,C6,Ubl5,other,0.4313349,1.881128036358123e-09,0.7277913610431822,0.8215271389144303,stable__thymus_S1,0.4109766637856525,0.28611365,0.1412958001296567,0.43929875,1.5017892535486597e-07,0.2224019,0.4693047242570192,0.47238293,1.2710392587811332e-11,0.34595624,1.7530020103043888e-44,True,0.2224019,False,True,False,931,0.0658367056218701,sensitivity_or_small_group,True
cluster_tissue__C3__spleen,spleen,C3,Rbbp7,other,-0.28136143,0.0056277949571394,0.3099203475742184,0.2663277278060212,stable__spleen_S0,0.9951118631321676,-0.26193082,0.0106920179287444,-0.25299156,0.0578403576601699,-0.22227894,0.1052290569160366,-0.21592903,0.0193712600684164,-0.17112632,0.002126816263841,True,0.22227894,True,True,False,2061,0.0575960695787255,sensitivity_or_small_group,False
cluster_tissue__C3__spleen,spleen,C3,Srpk1,other,-0.27119923,1.5510794536466353e-05,0.6046343229543737,0.5436057880328541,stable__spleen_S0,0.9951118631321676,-0.2748035,7.661256696368434e-06,-0.29824734,6.298741990174533e-05,-0.22216594,0.0057283725653175,-0.25057378,7.448874637968241e-07,-0.23143245,1.3262082530782818e-13,True,0.22216594,True,True,False,2061,0.0575960695787255,sensitivity_or_small_group,False
cluster_tissue__C3__spleen,spleen,C3,Ebna1bp2,other,-0.2766955,0.0042193911301941,0.3186097031136824,0.2807978099335143,stable__spleen_S0,0.9951118631321676,-0.29432467,0.0017472722352526,-0.22205397,0.109154403744628,-0.31075007,0.0064971890558017,-0.23281085,0.0062625876728666,-0.2514265,8.271495293086919e-08,True,0.22205397,True,False,False,2061,0.0575960695787255,sensitivity_or_small_group,False
cluster_tissue__C0__bone_marrow,bone_marrow,C0,Uba52,other,0.25427505,3.301503623456428e-07,0.7789182787208502,0.8272727272727152,stable__bone_marrow_S0,0.9829115293099718,0.25889903,5.6150880604773536e-08,0.22200613,0.0007505790171975,0.22381842,9.84476013012937e-05,0.24948184,5.366855802379435e-09,0.27749702,3.781973218359641e-30,True,0.22200613,True,False,False,1742,0.0561687506989313,sensitivity_or_small_group,True
cluster_tissue__C6__thymus,thymus,C6,Rpl22,ribosome,0.25515908,5.262149787032814e-21,0.9959250203748684,0.9990800367985104,stable__thymus_S1,0.4109766637856525,0.22185953,3.8297234071810286e-08,0.2462729,1.359872861682904e-15,0.23874754,3.6429528765359777e-06,0.30797163,4.4240528315511884e-24,0.26705778,2.755238080496741e-125,True,0.22185953,False,False,False,931,0.0658367056218701,sensitivity_or_small_group,False
cluster_tissue__C6__thymus,thymus,C6,Fgl2,other,-0.25991222,0.0115470486813594,0.7049714751426132,0.6688132474700919,stable__thymus_S1,0.4109766637856525,-0.22175772,0.4260866599235366,-0.254002,0.0618182592626362,-0.31271383,0.291459303782345,-0.2736128,0.00804517761208,-0.06843657,0.2469657436817603,True,0.22175772,False,True,False,931,0.0658367056218701,sensitivity_or_small_group,False
cluster_tissue__C3__spleen,spleen,C3,Suds3,other,-0.3205603,0.0011740710582667,0.3012309920347543,0.2585060617911601,stable__spleen_S0,0.9951118631321676,-0.29943624,0.0025033632522441,-0.22137934,0.1379464094668195,-0.31925657,0.0076093985404551,-0.28620943,0.0009177157579445,-0.22704624,2.132577211420682e-05,True,0.22137934,True,False,False,2061,0.0575960695787255,sensitivity_or_small_group,False
cluster_tissue__C0__bone_marrow,bone_marrow,C0,Gm20559,other,0.27156523,0.0291653685634706,0.2372680615870522,0.2808612440191365,stable__bone_marrow_S0,0.9829115293099718,0.28438002,0.0140230009829695,0.23803386,0.1786913939778687,0.22068402,0.1980017739015917,0.23763531,0.019901129162691,0.20704919,0.0002219733008986,True,0.22068402,True,False,False,1742,0.0561687506989313,sensitivity_or_small_group,False
cluster_tissue__C3__spleen,spleen,C3,Dhx9,other,-0.25875494,0.0140898887715763,0.3048515568428643,0.2690653109112226,stable__spleen_S0,0.9951118631321676,-0.2453175,0.0178699337020137,-0.25477183,0.0577404748827267,-0.22019577,0.1191782156138355,-0.27090052,0.0017616699269282,-0.2201532,1.711479585908775e-05,True,0.22019577,False,True,False,2061,0.0575960695787255,sensitivity_or_small_group,False
cluster_tissue__C4__spleen,spleen,C4,Rps15a,ribosome,0.3186344,2.5087526808012217e-05,0.9948979591836692,0.9999999999999976,stable__spleen_S3,0.9752475247524752,0.27391553,7.172066405962304e-06,0.30266812,0.0093696159071613,0.22005087,0.0618735648202002,0.2804396,1.7420292864743216e-120,0.27745357,4.3952437421181617e-250,True,0.22005087,True,True,False,143,0.1634711931257971,sensitivity_or_small_group,False
cluster_tissue__C3__spleen,spleen,C3,Wac,other,-0.25087047,0.0091950580671104,0.3624185372918136,0.3269456394211949,stable__spleen_S0,0.9951118631321676,-0.2642902,0.004657569103471,-0.21980092,0.1197035465068295,-0.21985996,0.0921100857169843,-0.26332408,0.0009549838087263,-0.20524171,2.672671825964749e-05,True,0.21980092,True,False,False,2061,0.0575960695787255,sensitivity_or_small_group,False
cluster_tissue__C3__spleen,spleen,C3,Itsn2,other,-0.25551575,0.0095882235815084,0.3399710354815315,0.3054360578803268,stable__spleen_S0,0.9951118631321676,-0.24995223,0.0114651456046933,-0.2193001,0.1024275412157882,-0.24913284,0.0511374872750164,-0.27376992,0.0012252538196022,-0.2209898,1.9162723887722565e-05,True,0.2193001,False,False,False,2061,0.0575960695787255,sensitivity_or_small_group,False
cluster_tissue__C3__spleen,spleen,C3,Rpl30,ribosome,0.25513938,1.7150792002236004e-88,0.9999999999999876,1.000000000000065,stable__spleen_S0,0.9951118631321676,0.25751752,3.328828544875435e-91,0.23162,1.4765096943323082e-54,0.21924534,3.495041750002594e-52,0.2644828,1.566936522275843e-115,0.25956607,1.405881656888413e-237,True,0.21924534,True,False,False,2061,0.0575960695787255,sensitivity_or_small_group,False
cluster_tissue__C4__bone_marrow,bone_marrow,C4,Rpl7,ribosome,-0.2591712,0.0024459434513543,0.9999999999999942,0.9910313901345316,stable__bone_marrow_S1,0.987152034261242,-0.21909913,1.8515553093858224e-05,-0.30345884,0.0024780677136748,-0.22355731,0.0007725013025871,-0.16352582,1.833573446600924e-29,-0.1331401,7.906737426641014e-51,True,0.21909913,False,True,False,164,0.0733202144135154,sensitivity_or_small_group,False
cluster_tissue__C3__spleen,spleen,C3,Tmf1,other,-0.3148734,0.0081134315155206,0.232440260680664,0.1943684004692989,stable__spleen_S0,0.9951118631321676,-0.32170507,0.0055203883655733,-0.30035895,0.050147699443037,-0.21824475,0.186643164339177,-0.37825102,0.0001323949792101,-0.25629637,1.23787951113245e-05,True,0.21824475,True,True,False,2061,0.0575960695787255,sensitivity_or_small_group,False
cluster_tissue__C3__spleen,spleen,C3,Exosc4,other,-0.26592812,0.0149222341613892,0.2704561911658192,0.2338678138443476,stable__spleen_S0,0.9951118631321676,-0.21815665,0.0531541752753912,-0.28648236,0.0277600795969179,-0.24791692,0.0714604266736792,-0.18654138,0.0632224415950693,-0.07482696,0.32112503098492,True,0.21815665,False,True,False,2061,0.0575960695787255,sensitivity_or_small_group,False
cluster_tissue__C0__bone_marrow,bone_marrow,C0,Txndc15,other,-0.35932067,0.0361430394085902,0.1713383339913155,0.1401913875598088,stable__bone_marrow_S0,0.9829115293099718,-0.3356448,0.0522078394955814,-0.3335819,0.1345010829191571,-0.21741977,0.4240592169554718,-0.30879238,0.0402304677365164,-0.16550785,0.0476803859702354,True,0.21741977,False,False,False,1742,0.0561687506989313,sensitivity_or_small_group,False
cluster_tissue__C6__thymus,thymus,C6,Rpl38,ribosome,0.25984144,2.6342090775090373e-30,0.9951100244498482,0.9999999999999823,stable__thymus_S1,0.4109766637856525,0.2250498,4.736684075878849e-12,0.23039949,5.27946119516943e-18,0.21733172,1.0923758890358233e-07,0.3173163,7.450762581144311e-29,0.25972018,2.792940765275288e-168,True,0.21733172,False,False,False,931,0.0658367056218701,sensitivity_or_small_group,False
cluster_tissue__C3__spleen,spleen,C3,Psip1,other,-0.28726098,3.397291225063292e-05,0.5159304851556783,0.4614782948768061,stable__spleen_S0,0.9951118631321676,-0.29569766,1.1262631485200057e-05,-0.22801057,0.018326974897351,-0.21683067,0.0182407815623259,-0.29613718,4.645981875525945e-07,-0.2425812,5.60458740492092e-11,True,0.21683067,True,False,False,2061,0.0575960695787255,sensitivity_or_small_group,False
cluster_tissue__C0__bone_marrow,bone_marrow,C0,Pgam1,other,-0.27618006,0.0076926286319926,0.3541255428345856,0.3129186602870785,stable__bone_marrow_S0,0.9829115293099718,-0.2456173,0.0189542531849403,-0.24175559,0.0970961689199525,-0.21673116,0.1532857923618612,-0.21860588,0.0190047911189395,-0.13353096,0.0092198579895117,True,0.21673116,False,False,False,1742,0.0561687506989313,sensitivity_or_small_group,False
cluster_tissue__C3__spleen,spleen,C3,Lsm1,other,-0.31021953,0.0026708143312481,0.2903692976104243,0.2491200625733268,stable__spleen_S0,0.9951118631321676,-0.27126145,0.0095950407336113,-0.22915913,0.1319854437489787,-0.2166545,0.1110071213468704,-0.23209246,0.0146054057989748,-0.21463005,5.7252940500615416e-05,True,0.2166545,True,False,False,2061,0.0575960695787255,sensitivity_or_small_group,False
cluster_tissue__C0__bone_marrow,bone_marrow,C0,Cdv3,other,-0.27943277,0.0106106493834035,0.3241215949467054,0.2827751196172225,stable__bone_marrow_S0,0.9829115293099718,-0.28284642,0.0068428139554681,-0.25924522,0.0751280309372511,-0.21654214,0.1462573294910879,-0.26250383,0.0034232614657484,-0.29196435,2.7500065843455767e-10,True,0.21654214,True,True,False,1742,0.0561687506989313,sensitivity_or_small_group,False
cluster_tissue__C4__spleen,spleen,C4,Rpl27,ribosome,0.27009732,0.0003357678422295,0.9999999999999956,0.9999999999999976,stable__spleen_S3,0.9752475247524752,0.27020887,2.0080771600934023e-05,0.21593253,0.0793512342729993,0.22247154,0.0348320899863139,0.20926417,3.223084686847357e-58,0.21278806,3.9233207587582896e-123,True,0.21593253,True,False,False,143,0.1634711931257971,sensitivity_or_small_group,False
cluster_tissue__C3__spleen,spleen,C3,Ralbp1,other,-0.2520286,0.0035728787607664,0.4246922519913059,0.3797418850215074,stable__spleen_S0,0.9951118631321676,-0.24476416,0.0049453905625073,-0.28387207,0.00668132355729,-0.21554501,0.0783866420656738,-0.24671271,0.0006693475205368,-0.19166563,1.0067229084703417e-05,True,0.21554501,False,True,False,2061,0.0575960695787255,sensitivity_or_small_group,False
cluster_tissue__C3__spleen,spleen,C3,Ctdspl2,other,-0.31052664,0.0292702644844952,0.1842867487328008,0.1548689870942503,stable__spleen_S0,0.9951118631321676,-0.34327945,0.0110921374032056,-0.21551104,0.3323679270777548,-0.3478205,0.0441055250953274,-0.29945987,0.013672922947416,-0.13993107,0.0969874450324163,True,0.21551104,True,False,False,2061,0.0575960695787255,sensitivity_or_small_group,False
cluster_tissue__C3__spleen,spleen,C3,Rpp21,other,0.26770884,0.0068205337484606,0.2595944967414891,0.3050449745795838,stable__spleen_S0,0.9951118631321676,0.2614326,0.0083051044094434,0.29246396,0.0177288986819914,0.21541916,0.1198658337058243,0.286343,0.0002524606821153,0.26443207,4.6296379941210185e-08,True,0.21541916,True,True,False,2061,0.0575960695787255,sensitivity_or_small_group,False
cluster_tissue__C0__bone_marrow,bone_marrow,C0,Rab5if,other,-0.26540706,0.0022163421861075,0.4465061192262167,0.399521531100474,stable__bone_marrow_S0,0.9829115293099718,-0.2611614,0.0018990785046931,-0.21533594,0.0933259277091774,-0.23764037,0.0462435415933304,-0.2550968,0.0003880650749887,-0.18569288,1.0097939983795275e-05,True,0.21533594,True,False,False,1742,0.0561687506989313,sensitivity_or_small_group,False
cluster_tissue__C3__spleen,spleen,C3,Suz12,other,-0.25428188,0.0149762638285865,0.2824040550325822,0.2456003128666393,stable__spleen_S0,0.9951118631321676,-0.26535907,0.0095535577684804,-0.21530405,0.1167658171223826,-0.27971464,0.0240034783276099,-0.23875576,0.0124909882593859,-0.13567054,0.0257769387521111,True,0.21530405,True,False,False,2061,0.0575960695787255,sensitivity_or_small_group,False
cluster_tissue__C0__bone_marrow,bone_marrow,C0,Snrpe,other,0.2570635,1.4511579420890864e-06,0.7011448874851717,0.7550239234449653,stable__bone_marrow_S0,0.9829115293099718,0.23753107,8.883750555412232e-06,0.21511345,0.000957104332912,0.23069388,0.0002291427847077,0.24319856,3.283076222596225e-07,0.2869976,1.36657199591841e-25,True,0.21511345,False,False,False,1742,0.0561687506989313,sensitivity_or_small_group,False
cluster_tissue__C6__thymus,thymus,C6,S100a11,other,0.29643378,6.138902813585585e-09,0.9421352893235272,0.9678012879484652,stable__thymus_S1,0.4109766637856525,0.21502666,0.128640185443552,0.31129774,4.403611253982258e-08,0.2913766,0.0551534127450194,0.32092872,9.09569422772096e-09,0.26874322,2.822308119120067e-24,True,0.21502666,False,True,False,931,0.0658367056218701,sensitivity_or_small_group,True
cluster_tissue__C3__spleen,spleen,C3,0610012G03Rik,other,-0.28311232,0.0037386991011778,0.3124547429398954,0.2710207274149379,stable__spleen_S0,0.9951118631321676,-0.2704184,0.0058455341685043,-0.272537,0.0366649878951362,-0.2148536,0.1411906984065166,-0.21321161,0.0111766576142752,-0.11596794,0.038664072819826,True,0.2148536,True,True,False,2061,0.0575960695787255,sensitivity_or_small_group,False
cluster_tissue__C3__spleen,spleen,C3,Rps6ka3,ribosome,-0.26038533,0.0362297362678286,0.246922519913104,0.2182244818146254,stable__spleen_S0,0.9951118631321676,-0.26734942,0.0248931346079365,-0.21471523,0.218311853772472,-0.24359725,0.1347999043367947,-0.20294663,0.0833124680438652,-0.103001535,0.2323852453296822,True,0.21471523,True,False,False,2061,0.0575960695787255,sensitivity_or_small_group,False
cluster_tissue__C4__spleen,spleen,C4,Rplp1,ribosome,0.27871037,5.0010364842157e-05,0.9999999999999956,0.9999999999999976,stable__spleen_S3,0.9752475247524752,0.22356182,0.0001210208090055,0.24159509,0.0792877542113623,0.21381344,0.0309192411659055,0.24228995,4.631426286866559e-98,0.2032562,1.3258258315053422e-147,True,0.21381344,False,False,False,143,0.1634711931257971,sensitivity_or_small_group,True
cluster_tissue__C0__bone_marrow,bone_marrow,C0,Ing1,other,-0.31181353,0.0008665524421358,0.3947887879984232,0.3425837320574129,stable__bone_marrow_S0,0.9829115293099718,-0.27140954,0.0033778387934305,-0.25038698,0.068556043625277,-0.21376048,0.1099160218503812,-0.264777,0.0013799517425907,-0.27759,1.9438096321347012e-09,True,0.21376048,True,True,False,1742,0.0561687506989313,sensitivity_or_small_group,False
cluster_tissue__C3__spleen,spleen,C3,Ppm1k,other,-0.3181398,0.0499293999096105,0.1361332367849375,0.111067657411028,stable__spleen_S0,0.9951118631321676,-0.27902284,0.0801081709777182,-0.2772476,0.2102627532177393,-0.21333672,0.3132570943899228,-0.25594482,0.0689889789234988,-0.15300392,0.0839623489133248,True,0.21333672,False,False,False,2061,0.0575960695787255,sensitivity_or_small_group,False
cluster_tissue__C0__bone_marrow,bone_marrow,C0,Clk1,other,0.2640454,0.0042004087251918,0.424397947098305,0.4818181818181759,stable__bone_marrow_S0,0.9829115293099718,0.24158521,0.0059780598025651,0.24419868,0.0415129872752226,0.21332994,0.0704087909483338,0.22344784,0.0036446268448869,0.13644418,0.0019915350301697,True,0.21332994,False,False,False,1742,0.0561687506989313,sensitivity_or_small_group,False
cluster_tissue__C0__bone_marrow,bone_marrow,C0,Runx3,other,-0.254723,0.0076811940441673,0.4228187919463113,0.3822966507176992,stable__bone_marrow_S0,0.9829115293099718,-0.24342008,0.0103773585118612,-0.2370099,0.0761271810599846,-0.21318404,0.0923901367170101,-0.19979964,0.0222015811538266,-0.21104643,1.5352515010809888e-07,True,0.21318404,False,False,False,1742,0.0561687506989313,sensitivity_or_small_group,False
cluster_tissue__C3__spleen,spleen,C3,Dnmt1,other,-0.25449303,0.0466349141720755,0.229905865314987,0.201407899882674,stable__spleen_S0,0.9951118631321676,-0.30071,0.0133738439275525,-0.21314701,0.2298561453866223,-0.23227786,0.1818254616416453,-0.34129757,0.0009433635501494,-0.26087725,2.0607519555566292e-05,True,0.21314701,True,False,False,2061,0.0575960695787255,sensitivity_or_small_group,False
cluster_tissue__C3__spleen,spleen,C3,Esco1,other,-0.29672465,0.001223344315369,0.3388848660390985,0.2894016425498615,stable__spleen_S0,0.9951118631321676,-0.27480668,0.0027439853793644,-0.25823167,0.0416188318217627,-0.21199949,0.1049747326084779,-0.30045694,0.0001209432777336,-0.2584524,2.5638618852087695e-07,True,0.21199949,True,True,False,2061,0.0575960695787255,sensitivity_or_small_group,False
cluster_tissue__C0__spleen,spleen,C0,Rpl5,ribosome,-0.31070974,0.0465383838082431,0.9896907216494832,0.9999999999999992,stable__spleen_S0,0.8594594594594595,-0.21171957,3.914602559511904e-42,-0.364583,0.4611036728863826,-0.25664306,5.07505259064528e-46,-0.1943594,1.2501617179814613e-43,-0.2116643,8.985892557002097e-117,True,0.21171957,False,False,False,55,0.1620679079563041,sensitivity_or_small_group,False
cluster_tissue__C0__bone_marrow,bone_marrow,C0,Cd160,other,-0.38224828,0.0002346917410407,0.377812870114491,0.3205741626794228,stable__bone_marrow_S0,0.9829115293099718,-0.35548535,0.0003173281806366,-0.28430182,0.0691256186971334,-0.21068142,0.2071244344871042,-0.38738263,7.631396660963343e-06,-0.2411265,7.07217272930508e-08,True,0.21068142,True,True,False,1742,0.0561687506989313,sensitivity_or_small_group,False
cluster_tissue__C3__spleen,spleen,C3,Arid4b,other,-0.2604072,0.0002733278691832,0.4887762490948532,0.4364489636292505,stable__spleen_S0,0.9951118631321676,-0.25634894,0.0002457634201392,-0.21040532,0.0342263478108849,-0.2681287,0.0016644528852268,-0.24893184,4.2967313456617633e-05,-0.25215274,7.802751544495866e-11,True,0.21040532,True,False,False,2061,0.0575960695787255,sensitivity_or_small_group,False
cluster_tissue__C3__spleen,spleen,C3,Fubp1,other,-0.30174252,7.30524591256922e-07,0.6281679942070888,0.5670707860774408,stable__spleen_S0,0.9951118631321676,-0.28889474,1.1927631494235443e-06,-0.21032564,0.0184146514282778,-0.24470347,0.0009646066472995,-0.2947278,4.066682497018678e-09,-0.2398341,5.01917982581799e-14,True,0.21032564,True,False,False,2061,0.0575960695787255,sensitivity_or_small_group,False
cluster_tissue__C6__thymus,thymus,C6,Cox8a,respiratory_chain_or_mt,0.29294604,2.545245178150652e-11,0.9584352078239337,0.9797608095676004,stable__thymus_S1,0.4109766637856525,0.21022937,0.0647822401480695,0.3622119,1.7567736944732362e-13,0.32728323,0.0015079272901043,0.31881946,2.5163201577620144e-11,0.2853341,5.184522884062128e-65,True,0.21022937,False,True,False,931,0.0658367056218701,sensitivity_or_small_group,True
cluster_tissue__C3__spleen,spleen,C3,Irf1,other,-0.25673977,8.436280916116058e-05,0.5311368573497404,0.481423543214702,stable__spleen_S0,0.9951118631321676,-0.25056508,9.855701391578572e-05,-0.21491736,0.0187036096069597,-0.21015123,0.0206556558039431,-0.32031068,7.632034812007482e-09,-0.24118204,1.5222536040227151e-10,True,0.21015123,True,False,False,2061,0.0575960695787255,sensitivity_or_small_group,False
cluster_tissue__C3__spleen,spleen,C3,Seh1l,other,-0.3449643,0.0409412537546465,0.1412020275162916,0.1165428236214308,stable__spleen_S0,0.9951118631321676,-0.31809673,0.0474413344743377,-0.32525826,0.1549568543334155,-0.21003196,0.3886154548664593,-0.23689637,0.1541624115860274,-0.040404215,0.946348304584474,True,0.21003196,True,False,False,2061,0.0575960695787255,sensitivity_or_small_group,False
cluster_tissue__C3__spleen,spleen,C3,Rcor1,other,-0.27199662,0.0425100400195699,0.2009413468501068,0.1720766523269448,stable__spleen_S0,0.9951118631321676,-0.26509273,0.0488646082068081,-0.20930801,0.2922600143913357,-0.25022075,0.1488740178168956,-0.25715572,0.0264370054479156,-0.20336428,0.0039821316813359,True,0.20930801,True,False,False,2061,0.0575960695787255,sensitivity_or_small_group,False
cluster_tissue__C3__spleen,spleen,C3,Adamts10,other,-0.32453606,0.0097057330772601,0.2020275162925398,0.166601486116542,stable__spleen_S0,0.9951118631321676,-0.32715407,0.0086722260074157,-0.30793148,0.0565939857023967,-0.209298,0.2857791914775943,-0.3693431,0.0004428859613173,-0.20280075,0.0065325731756665,True,0.209298,True,True,False,2061,0.0575960695787255,sensitivity_or_small_group,False
cluster_tissue__C3__spleen,spleen,C3,Baz1b,other,-0.28299809,0.0008487255414188,0.3931933381607487,0.3433711380524032,stable__spleen_S0,0.9951118631321676,-0.25583407,0.0022408886220143,-0.20927808,0.0914146394947269,-0.2113635,0.0680293754081619,-0.28823298,3.447772920954817e-05,-0.28786588,4.2704681931185255e-11,True,0.20927808,True,False,False,2061,0.0575960695787255,sensitivity_or_small_group,False
cluster_tissue__C3__spleen,spleen,C3,Smc5,other,-0.296504,0.0166871837289962,0.2136133236784919,0.1802894016425489,stable__spleen_S0,0.9951118631321676,-0.27635023,0.0224100958328866,-0.2897106,0.064709073043569,-0.20889564,0.244941802821633,-0.27268976,0.0136161370613937,-0.15976505,0.0394165782802805,True,0.20889564,True,True,False,2061,0.0575960695787255,sensitivity_or_small_group,False
cluster_tissue__C6__thymus,thymus,C6,Dapk2,other,-0.6963591,0.0083747109376886,0.1466992665036677,0.0965961361545539,stable__thymus_S1,0.4109766637856525,-0.5156336,0.5686943547889892,-0.539734,0.1714092123282221,-0.20882872,0.927938564608596,-0.697725,0.0052253358134504,-0.45939592,0.0001319299266161,True,0.20882872,False,False,False,931,0.0658367056218701,sensitivity_or_small_group,False
cluster_tissue__C6__thymus,thymus,C6,Arpc4,other,-0.26637697,0.0363691028190771,0.5493072534637314,0.496780128794843,stable__thymus_S1,0.4109766637856525,-0.25985143,0.5327008425997578,-0.20821251,0.2826489555048299,-0.3242916,0.5465054069483072,-0.23751368,0.0864017167878347,-0.15385242,1.679230703225561e-05,True,0.20821251,False,False,False,931,0.0658367056218701,sensitivity_or_small_group,False
cluster_tissue__C3__spleen,spleen,C3,Pdcl3,other,-0.25783345,0.0139523450963548,0.3044895003620533,0.2753226437231115,stable__spleen_S0,0.9951118631321676,-0.24777493,0.0170097735443821,-0.20790187,0.1505170414428484,-0.21439666,0.1542298626561955,-0.2642701,0.00206237992492,-0.24491975,1.4894228720739752e-06,True,0.20790187,False,False,False,2061,0.0575960695787255,sensitivity_or_small_group,False
cluster_tissue__C3__bone_marrow,bone_marrow,C3,Rplp2,ribosome,0.29159823,0.0328438808987428,0.9915254237288114,0.9913043478260845,stable__bone_marrow_S0,0.9971509971509972,0.24387775,7.913586503435652e-53,0.255494,0.7458988723793099,0.20765652,1.9370848898484856e-26,0.24078839,7.033625606241419e-63,0.24843892,9.704103481703934e-181,True,0.20765652,False,False,False,96,0.118021645167863,sensitivity_or_small_group,True
cluster_tissue__C0__bone_marrow,bone_marrow,C0,Fnbp4,other,-0.34374207,0.0080902655278022,0.2467429924990144,0.2076555023923435,stable__bone_marrow_S0,0.9829115293099718,-0.32353774,0.0160368924541463,-0.20757867,0.3604958024773197,-0.2615575,0.1691539600623684,-0.30151138,0.013304381256565,-0.27114257,2.793004984428541e-05,True,0.20757867,True,False,False,1742,0.0561687506989313,sensitivity_or_small_group,False
cluster_tissue__C6__thymus,thymus,C6,Zfand6,other,-0.39550173,0.0064421035402732,0.4311328443357798,0.3597056117755272,stable__thymus_S1,0.4109766637856525,-0.2068112,0.6743559615178056,-0.4382476,0.0073349036246937,-0.2936997,0.61459652929893,-0.2799374,0.0785036476138186,-0.1242522,0.0135982657145714,True,0.2068112,False,True,False,931,0.0658367056218701,sensitivity_or_small_group,False
cluster_tissue__C0__bone_marrow,bone_marrow,C0,Grb2,other,-0.279791,4.8207266903735625e-05,0.5467824713778098,0.4971291866028646,stable__bone_marrow_S0,0.9829115293099718,-0.25538766,0.0002163365410256,-0.27862898,0.0011686225567329,-0.20672658,0.032539614422249,-0.25925526,2.245569608109149e-05,-0.2565885,3.5360866852561285e-13,True,0.20672658,True,True,False,1742,0.0561687506989313,sensitivity_or_small_group,False
cluster_tissue__C0__bone_marrow,bone_marrow,C0,St3gal6,other,-0.26117533,0.0101211147655742,0.401105408606398,0.3617224880382738,stable__bone_marrow_S0,0.9829115293099718,-0.2710626,0.0035864601780448,-0.26357475,0.0458440878470483,-0.20607322,0.1293750076037911,-0.3043294,0.0001287778178413,-0.21128996,1.0747147428041989e-06,True,0.20607322,True,True,False,1742,0.0561687506989313,sensitivity_or_small_group,False
cluster_tissue__C3__spleen,spleen,C3,Cdk9,other,-0.26066923,0.0069644909447165,0.3519188993482945,0.3101290574892435,stable__spleen_S0,0.9951118631321676,-0.25850472,0.0064262282811964,-0.22473249,0.1007702383946533,-0.2059543,0.1265138266502163,-0.21970846,0.0083526499565961,-0.16254258,0.0008735924888787,True,0.2059543,True,False,False,2061,0.0575960695787255,sensitivity_or_small_group,False
cluster_tissue__C6__thymus,thymus,C6,Ndufv3,respiratory_chain_or_mt,0.39620996,0.0007405772027164,0.4343928280358614,0.5280588776448883,stable__thymus_S1,0.4109766637856525,0.24997386,0.5291589467386232,0.3496663,0.0192281181866331,0.20584488,0.7226336839107591,0.37277514,0.0004462428674864,0.35481265,1.453080848498661e-26,True,0.20584488,False,True,False,931,0.0658367056218701,sensitivity_or_small_group,True
cluster_tissue__C3__spleen,spleen,C3,Luc7l,other,-0.3447335,0.0038343845989112,0.2150615496017359,0.1755964020336323,stable__spleen_S0,0.9951118631321676,-0.3195238,0.0060502959746529,-0.3358941,0.0300377368954833,-0.20575172,0.258790415102651,-0.41420162,1.7225573441092305e-05,-0.44830173,2.1155426300561023e-14,True,0.20575172,True,True,False,2061,0.0575960695787255,sensitivity_or_small_group,False
cluster_tissue__C0__bone_marrow,bone_marrow,C0,Cnot6l,other,-0.26545617,0.0008473673366586,0.5140150019739452,0.4684210526315733,stable__bone_marrow_S0,0.9829115293099718,-0.2053095,0.0137660970788998,-0.36333165,7.615056155675717e-05,-0.2657379,0.0092054360734024,-0.22721651,0.000651927557888,-0.23367472,6.185126793239164e-11,True,0.2053095,False,True,False,1742,0.0561687506989313,sensitivity_or_small_group,False
cluster_tissue__C3__spleen,spleen,C3,Ddx46,other,-0.26983878,8.707263915620223e-05,0.5224475018102763,0.4716464606961256,stable__spleen_S0,0.9951118631321676,-0.29209462,1.2272579954919796e-05,-0.20492244,0.0367285068269439,-0.24105245,0.0068244769639258,-0.28648737,1.0340851981735063e-06,-0.26146248,8.06453547808138e-13,True,0.20492244,True,False,False,2061,0.0575960695787255,sensitivity_or_small_group,False
cluster_tissue__C6__thymus,thymus,C6,Chrac1,other,0.33092475,0.0361973289095512,0.3357783211083955,0.4084636614535389,stable__thymus_S1,0.4109766637856525,0.24378014,0.6870782126384848,0.3532255,0.0679118103791981,0.20462807,0.8407702342804378,0.36010602,0.0089112671400105,0.15679374,0.0013298266793888,True,0.20462807,False,True,False,931,0.0658367056218701,sensitivity_or_small_group,False
cluster_tissue__C6__thymus,thymus,C6,Slc25a4,other,-0.40486476,0.0014239780057737,0.5044824775876137,0.4388224471021122,stable__thymus_S1,0.4109766637856525,-0.35478076,0.3173795829073365,-0.42697287,0.0034495540795994,-0.20396875,0.7679461643193807,-0.33325857,0.0096017824270944,-0.22884956,0.000195149603266,True,0.20396875,False,True,False,931,0.0658367056218701,sensitivity_or_small_group,False
cluster_tissue__C3__spleen,spleen,C3,Grpel1,other,-0.25374088,0.0032022571170444,0.3689355539464116,0.3257723895189657,stable__spleen_S0,0.9951118631321676,-0.24932328,0.0028749794182477,-0.26067677,0.0173413404478417,-0.20354743,0.0941410279402406,-0.16361415,0.0253822690213538,-0.17652434,7.376183058228635e-05,True,0.20354743,False,True,False,2061,0.0575960695787255,sensitivity_or_small_group,False
cluster_tissue__C3__spleen,spleen,C3,Zcchc18,other,-0.3681332,0.0094999920341546,0.1915278783490208,0.1583887368009378,stable__spleen_S0,0.9951118631321676,-0.37098435,0.010264851726388,-0.35699144,0.0616838165953516,-0.20302212,0.4768070640250909,-0.4184543,0.0009396287990527,-0.44777593,2.7770579070137712e-08,True,0.20302212,True,True,False,2061,0.0575960695787255,sensitivity_or_small_group,False
cluster_tissue__C0__bone_marrow,bone_marrow,C0,Tardbp,other,-0.29911166,0.0081701129658968,0.2897749703908426,0.2454545454545438,stable__bone_marrow_S0,0.9829115293099718,-0.20263357,0.0887408241907776,-0.3193721,0.0256283748935984,-0.22158873,0.1117128376756195,-0.18378524,0.0711620474741065,-0.23377366,8.568153784098194e-06,True,0.20263357,False,True,False,1742,0.0561687506989313,sensitivity_or_small_group,False
cluster_tissue__C5-1__bone_marrow,bone_marrow,C5-1,Tpt1,other,-0.2536415,0.0284746636692013,0.9999999999999992,0.9999999999999988,stable__bone_marrow_S1,0.6363636363636364,-0.20259072,3.06233051748589e-11,-0.22961102,0.8286246893737925,-0.21156189,3.6946465328765763e-09,-0.14356852,9.251722923545081e-54,-0.11447003,1.5005146450088372e-84,True,0.20259072,False,False,False,57,0.1082618853515033,sensitivity_or_small_group,False
cluster_tissue__C3__spleen,spleen,C3,Rsl1d1,other,-0.2651102,0.0016005560870238,0.3902968863142607,0.3480641376613199,stable__spleen_S0,0.9951118631321676,-0.28599295,0.0004576209614737,-0.22763352,0.0441511673534261,-0.20210826,0.1097853916660271,-0.28274146,6.167275088471373e-05,-0.21797787,3.121208581845513e-07,True,0.20210826,True,False,False,2061,0.0575960695787255,sensitivity_or_small_group,False
cluster_tissue__C0__bone_marrow,bone_marrow,C0,Nelfb,other,-0.33196002,0.0093941409356302,0.2499013028030018,0.2090909090909081,stable__bone_marrow_S0,0.9829115293099718,-0.31324005,0.0124444506592501,-0.20181233,0.3703927731349087,-0.22257714,0.2840439276322305,-0.25801542,0.0210805314086823,-0.21250618,0.0006106229902638,True,0.20181233,True,False,False,1742,0.0561687506989313,sensitivity_or_small_group,False
cluster_tissue__C3__spleen,spleen,C3,Cfap20,other,-0.3652601,0.0430593920055558,0.1031860970311364,0.0801720766523266,stable__spleen_S0,0.9951118631321676,-0.38637483,0.0280128139999011,-0.20116262,0.4513661906006516,-0.31442532,0.1488740178168956,-0.2995328,0.0569114328869982,-0.15588458,0.205544803660633,True,0.20116262,True,False,False,2061,0.0575960695787255,sensitivity_or_small_group,False
cluster_tissue__C3__spleen,spleen,C3,Tmem176b,other,-0.32675996,0.0268416509540516,0.2262853005068769,0.194759483770042,stable__spleen_S0,0.9951118631321676,-0.29315305,0.0547959599429961,-0.20088324,0.4052416625559475,-0.23210055,0.3318548085891581,-0.31822515,0.0104623497184105,-0.12887104,0.065856719111752,True,0.20088324,False,False,False,2061,0.0575960695787255,sensitivity_or_small_group,False
cluster_tissue__C3__spleen,spleen,C3,Letm1,other,-0.32910857,0.02260752210013,0.1622013034033297,0.1325772389518961,stable__spleen_S0,0.9951118631321676,-0.33796644,0.0166897412164721,-0.20035551,0.3754961951009524,-0.24305458,0.2254179814763965,-0.2737918,0.0480967998272723,-0.24863158,0.0013470774752452,True,0.20035551,True,False,False,2061,0.0575960695787255,sensitivity_or_small_group,False
cluster_tissue__C5-2__bone_marrow,bone_marrow,C5-2,Rps15a,ribosome,0.3119659,0.0003274139077652,0.9999999999999988,0.989583333333332,stable__bone_marrow_S3,1.0,0.3380373,3.657091307911392e-05,0.2056046,0.8647046999372922,0.2000869,0.8756586485050307,0.26570892,1.7142705346592282e-81,0.27745357,4.3952437421181617e-250,True,0.2000869,True,False,False,56,0.0699690113284383,sensitivity_or_small_group,False
cluster_tissue__C0__bone_marrow,bone_marrow,C0,Psip1,other,-0.26307842,0.0007185116957596,0.5377023292538473,0.4818181818181759,stable__bone_marrow_S0,0.9829115293099718,-0.24050112,0.0019723178968953,-0.23787668,0.0289967849549649,-0.1996647,0.0714070873456532,-0.23395029,0.0005994022103827,-0.2425812,5.60458740492092e-11,True,0.1996647,False,False,False,1742,0.0561687506989313,sensitivity_or_small_group,False
cluster_tissue__C3__spleen,spleen,C3,Mea1,other,0.25462422,0.0190893080149067,0.2519913106444581,0.2948768087602643,stable__spleen_S0,0.9951118631321676,0.24361588,0.0219487890790897,0.19934574,0.201005731471705,0.23830055,0.0730692168746788,0.2033588,0.0294420332660643,0.0676386,0.2924004001571955,True,0.19934574,False,False,False,2061,0.0575960695787255,sensitivity_or_small_group,False
cluster_tissue__C3__spleen,spleen,C3,Rexo4,other,-0.32567123,0.0415868929614225,0.1622013034033297,0.1368791552600697,stable__spleen_S0,0.9951118631321676,-0.3220106,0.0400608536014423,-0.33543706,0.0905110034974059,-0.19906674,0.4204307982046184,-0.29388663,0.0371644806089334,-0.22535709,0.0034179939781934,True,0.19906674,True,True,False,2061,0.0575960695787255,sensitivity_or_small_group,False
cluster_tissue__C5-2__bone_marrow,bone_marrow,C5-2,Rpl38,ribosome,0.29600444,0.0111755293056071,0.9999999999999988,0.9999999999999986,stable__bone_marrow_S3,1.0,0.32201648,0.0030012050416376,0.21872154,0.8647046999372922,0.19874413,0.8756586485050307,0.23624542,6.758230990141023e-56,0.25972018,2.792940765275288e-168,True,0.19874413,True,False,False,56,0.0699690113284383,sensitivity_or_small_group,False
cluster_tissue__C6__thymus,thymus,C6,Crlf2,other,0.35425094,0.0038835961723968,0.4009779951100258,0.4783808647654047,stable__thymus_S1,0.4109766637856525,0.19850034,0.7264043649976318,0.38558924,0.0051901840862384,0.3651923,0.5298105120136567,0.34737712,0.0026142544722774,0.055985387,0.3090682514385456,True,0.19850034,False,True,False,931,0.0658367056218701,sensitivity_or_small_group,False
cluster_tissue__C3__spleen,spleen,C3,Pip4p1,other,-0.28040296,0.0493361860369307,0.1792179580014467,0.1513492373875628,stable__spleen_S0,0.9951118631321676,-0.30540872,0.0243486818068375,-0.20680839,0.3296660530971594,-0.19819202,0.3273765875043231,-0.31618315,0.0089296518684079,-0.2468946,0.0004650165738487,True,0.19819202,True,False,False,2061,0.0575960695787255,sensitivity_or_small_group,False
cluster_tissue__C3__spleen,spleen,C3,Cd7,other,-0.3085451,0.0049708416795515,0.2961622013034003,0.2545952287837296,stable__spleen_S0,0.9951118631321676,-0.28868628,0.0070873956099252,-0.31015885,0.0212104096805812,-0.19796088,0.2478086208952834,-0.20785087,0.0181339674299035,-0.14719221,0.0138193298517836,True,0.19796088,True,True,False,2061,0.0575960695787255,sensitivity_or_small_group,False
cluster_tissue__C4__bone_marrow,bone_marrow,C4,mt-Cytb,respiratory_chain_or_mt,0.38144952,1.2222876967540652e-05,0.9999999999999942,1.0000000000000024,stable__bone_marrow_S1,0.987152034261242,0.31589845,1.2345211704635696e-05,0.24883784,0.091566857622106,0.19737926,0.1163630291645338,0.22070505,5.881480868776675e-41,0.24755041,1.083747569828899e-120,True,0.19737926,True,False,False,164,0.0733202144135154,sensitivity_or_small_group,True
cluster_tissue__C0__bone_marrow,bone_marrow,C0,Dnajc2,heat_shock,-0.28778854,0.0024385777820002,0.4125542834583523,0.3679425837320536,stable__bone_marrow_S0,0.9829115293099718,-0.25484172,0.0080240066983588,-0.2917226,0.0179782541132913,-0.19688468,0.1907430620949145,-0.24003756,0.0038505082689552,-0.24573939,4.4229070981273026e-08,True,0.19688468,True,True,False,1742,0.0561687506989313,sensitivity_or_small_group,False
cluster_tissue__C0__bone_marrow,bone_marrow,C0,Trnt1,other,-0.36607867,0.0393060811505029,0.1515988945913943,0.1224880382775124,stable__bone_marrow_S0,0.9829115293099718,-0.30406624,0.0932678646541641,-0.30614004,0.1873595165983609,-0.19643266,0.4897897950157094,-0.2785561,0.0803322833618648,-0.18959197,0.0353384441759403,True,0.19643266,False,False,False,1742,0.0561687506989313,sensitivity_or_small_group,False
cluster_tissue__C0__bone_marrow,bone_marrow,C0,Bdp1,other,-0.31967175,0.0178477267106259,0.2510856691669971,0.2133971291866018,stable__bone_marrow_S0,0.9829115293099718,-0.34243116,0.0099099143025636,-0.30298558,0.0940832264873042,-0.19623023,0.463765814359766,-0.32918254,0.004356860908251,-0.36117256,8.246257970367005e-10,True,0.19623023,True,True,False,1742,0.0561687506989313,sensitivity_or_small_group,False
cluster_tissue__C3__spleen,spleen,C3,Ncoa3,other,-0.26774377,0.0392025586006656,0.2121650977552479,0.181071568244035,stable__spleen_S0,0.9951118631321676,-0.2758333,0.0277558880225448,-0.19612356,0.3625956906281515,-0.32836413,0.0258183677959189,-0.21601059,0.0705731061522192,-0.2869975,1.949550866495996e-06,True,0.19612356,True,False,False,2061,0.0575960695787255,sensitivity_or_small_group,False
cluster_tissue__C3__spleen,spleen,C3,Ppp1r13b,other,-0.28942212,0.0460941344972218,0.1607530774800857,0.1333594055533822,stable__spleen_S0,0.9951118631321676,-0.26952437,0.0518497613268365,-0.19519112,0.3542223792228787,-0.2190228,0.2431822311762106,-0.286188,0.0185785853226738,-0.21662933,0.0022517233855723,True,0.19519112,False,False,False,2061,0.0575960695787255,sensitivity_or_small_group,False
cluster_tissue__C0__bone_marrow,bone_marrow,C0,Tnfrsf25,other,-0.34269586,0.0040414985033717,0.2806948282668788,0.2339712918660272,stable__bone_marrow_S0,0.9829115293099718,-0.281846,0.0185514853078204,-0.19519109,0.3504392342226439,-0.24559166,0.1411904975958187,-0.24725676,0.0229239887829716,-0.15064718,0.017651508529238,True,0.19519109,True,False,False,1742,0.0561687506989313,sensitivity_or_small_group,False
cluster_tissue__C3__spleen,spleen,C3,Stim1,other,-0.25455356,0.0252807968277536,0.2907313540912353,0.2592882283926462,stable__spleen_S0,0.9951118631321676,-0.23072888,0.0384314747295472,-0.26871383,0.0684947584784312,-0.19467078,0.2042396163756187,-0.21495874,0.0292046747774452,-0.19215558,0.000762668283579,True,0.19467078,False,True,False,2061,0.0575960695787255,sensitivity_or_small_group,False
cluster_tissue__C0__bone_marrow,bone_marrow,C0,Gon4l,other,-0.2564199,0.0125568238418113,0.3588630082905667,0.3157894736842076,stable__bone_marrow_S0,0.9829115293099718,-0.28226748,0.0038989218973975,-0.20432876,0.1740169156082218,-0.19454667,0.2073936902829504,-0.2939946,0.0005099579497312,-0.23227553,1.8863785098631055e-06,True,0.19454667,True,False,False,1742,0.0561687506989313,sensitivity_or_small_group,False
cluster_tissue__C6__thymus,thymus,C6,Uba52,other,0.2798942,8.979529394492331e-07,0.8696006519967184,0.9015639374424872,stable__thymus_S1,0.4109766637856525,0.20961943,0.1217189115047169,0.28131178,7.180617434103413e-05,0.19448511,0.3444848495937295,0.26257858,8.550683461153215e-06,0.27749702,3.781973218359641e-30,True,0.19448511,False,True,False,931,0.0658367056218701,sensitivity_or_small_group,True
cluster_tissue__C3__spleen,spleen,C3,Ftsj3,other,-0.3075255,0.0405652619060902,0.1517016654598106,0.1251466562377781,stable__spleen_S0,0.9951118631321676,-0.27404144,0.0720749411288663,-0.33884194,0.0696900741979005,-0.19443384,0.3658658800750173,-0.19235471,0.1958130433218368,-0.1961173,0.0137632367166938,True,0.19443384,False,True,False,2061,0.0575960695787255,sensitivity_or_small_group,False
cluster_tissue__C0__bone_marrow,bone_marrow,C0,Ola1,other,-0.26574343,0.0060992088845195,0.3782076589024895,0.3330143540669824,stable__bone_marrow_S0,0.9829115293099718,-0.27248514,0.0033468743599607,-0.2404231,0.0671704372324748,-0.19431531,0.1707389073976464,-0.24176937,0.0032142521628571,-0.15947539,0.0011892314327182,True,0.19431531,True,False,False,1742,0.0561687506989313,sensitivity_or_small_group,False
cluster_tissue__C0__bone_marrow,bone_marrow,C0,Sh2d3c,other,-0.25957286,0.0182683532757691,0.3328069482826707,0.2928229665071745,stable__bone_marrow_S0,0.9829115293099718,-0.26299387,0.0154276722244565,-0.1943131,0.2818832651788663,-0.22818471,0.1363084311564587,-0.25314406,0.0094578014533498,-0.20381925,0.0004748215666285,True,0.1943131,True,False,False,1742,0.0561687506989313,sensitivity_or_small_group,False
cluster_tissue__C0__bone_marrow,bone_marrow,C0,Dpm1,other,0.2912311,0.0001394380934783,0.4326885116462719,0.5043062200956875,stable__bone_marrow_S0,0.9829115293099718,0.27720618,0.0001621388537913,0.26209304,0.0059351744854666,0.19380122,0.0605854147351804,0.23144718,0.0008045211885657,0.15560022,0.000174241585802,True,0.19380122,True,True,False,1742,0.0561687506989313,sensitivity_or_small_group,False
cluster_tissue__C0__bone_marrow,bone_marrow,C0,Lamtor3,other,-0.27670422,0.049145370943108,0.2443742597710239,0.2090909090909081,stable__bone_marrow_S0,0.9829115293099718,-0.21672514,0.127012597584434,-0.20662983,0.3479583194932272,-0.1933838,0.3405254040726507,-0.25222418,0.020746794933966,-0.10846363,0.1101067700377275,True,0.1933838,False,False,False,1742,0.0561687506989313,sensitivity_or_small_group,False
cluster_tissue__C0__bone_marrow,bone_marrow,C0,Zkscan3,other,-0.2687239,0.0438939856107413,0.259376233714964,0.2258373205741614,stable__bone_marrow_S0,0.9829115293099718,-0.24896196,0.0536459497352037,-0.19302277,0.3467255824933976,-0.2095852,0.2353629800718522,-0.2152299,0.0815324292519282,-0.13204461,0.0417778290639952,True,0.19302277,False,False,False,1742,0.0561687506989313,sensitivity_or_small_group,False
cluster_tissue__C3__spleen,spleen,C3,Tspan13,other,0.2730447,0.0086582699613376,0.237509051412018,0.2807978099335143,stable__spleen_S0,0.9951118631321676,0.2882866,0.0044468009091003,0.19282909,0.2038329264583727,0.297236,0.0195837802211331,0.2208993,0.0193267959733382,0.11365028,0.0995211703821157,True,0.19282909,True,False,False,2061,0.0575960695787255,sensitivity_or_small_group,False
cluster_tissue__C6__thymus,thymus,C6,Ppp4r2,other,-0.4439356,6.686706014867095e-05,0.5232273838630811,0.4195032198712019,stable__thymus_S1,0.4109766637856525,-0.19216046,0.6765637004320776,-0.42640576,0.0018189587295153,-0.23089682,0.7064236307831157,-0.42253426,0.0001317175998274,-0.33906493,5.411995642985305e-19,True,0.19216046,False,True,False,931,0.0658367056218701,sensitivity_or_small_group,False
cluster_tissue__C0__bone_marrow,bone_marrow,C0,Sp3,other,-0.2788866,0.0182683532757691,0.3087248322147669,0.2684210526315769,stable__bone_marrow_S0,0.9829115293099718,-0.23883747,0.0510836582895282,-0.23997791,0.1612685657787771,-0.19147795,0.2645532558745558,-0.27264392,0.0059008610026028,-0.23922612,1.369299027805238e-05,True,0.19147795,False,False,False,1742,0.0561687506989313,sensitivity_or_small_group,False
cluster_tissue__C3__spleen,spleen,C3,Mtch1,other,-0.3243214,0.0026923222179328,0.248732802317159,0.2068830660930767,stable__spleen_S0,0.9951118631321676,-0.27965504,0.0117798311596516,-0.24535821,0.1181686942939066,-0.19132477,0.244824037364184,-0.25788656,0.0116469023753329,-0.15067758,0.0219440144954998,True,0.19132477,True,False,False,2061,0.0575960695787255,sensitivity_or_small_group,False
cluster_tissue__C3__spleen,spleen,C3,Pnn,other,-0.27064928,2.7061237805945376e-06,0.6502534395365599,0.599530700039119,stable__spleen_S0,0.9951118631321676,-0.27597383,1.030451392884786e-06,-0.19102451,0.017492153845572,-0.20641479,0.0091847865631866,-0.27951425,9.774492793169528e-09,-0.24301957,1.0647148061998244e-13,True,0.19102451,True,False,False,2061,0.0575960695787255,sensitivity_or_small_group,False
cluster_tissue__C6__thymus,thymus,C6,Nt5c,other,-0.27316213,0.0245395140963907,0.6030969845150728,0.5473781048757986,stable__thymus_S1,0.4109766637856525,-0.1928897,0.6773941936388713,-0.19810942,0.3332693746882734,-0.1902223,0.7645232459602898,-0.25118145,0.049340541144037,-0.12015531,0.0018325821009769,True,0.1902223,False,False,False,931,0.0658367056218701,sensitivity_or_small_group,False
cluster_tissue__C3__spleen,spleen,C3,Ptges3,other,-0.27031454,0.0006428968009015,0.443881245474289,0.3946030504497436,stable__spleen_S0,0.9951118631321676,-0.27411312,0.0003887399890888,-0.20914747,0.0754867019475421,-0.18998566,0.1043986676368821,-0.29058754,7.990079368725601e-06,-0.24930404,2.497018370630599e-10,True,0.18998566,True,False,False,2061,0.0575960695787255,sensitivity_or_small_group,False
cluster_tissue__C5-2__bone_marrow,bone_marrow,C5-2,Rps28,ribosome,0.27332735,0.0237495084438197,0.9999999999999988,0.9999999999999986,stable__bone_marrow_S3,1.0,0.26534164,0.0355712188804795,0.18988806,0.8647046999372922,0.26255772,0.7980186157544148,0.22457422,4.589487956961989e-34,0.24925166,1.435523247322756e-111,True,0.18988806,True,False,False,56,0.0699690113284383,sensitivity_or_small_group,False
cluster_tissue__C0__bone_marrow,bone_marrow,C0,Slc25a28,other,-0.3906808,0.0116676703539355,0.1966048164232146,0.1622009569377989,stable__bone_marrow_S0,0.9829115293099718,-0.35265648,0.0303243446996096,-0.2958775,0.223807178369338,-0.18971366,0.6052720131454292,-0.39127448,0.0046682926960834,-0.26889175,0.0005240748064381,True,0.18971366,True,False,False,1742,0.0561687506989313,sensitivity_or_small_group,False
cluster_tissue__C3__spleen,spleen,C3,Nfat5,other,-0.2797155,0.0468504863402815,0.1900796524257768,0.1619084865076253,stable__spleen_S0,0.9951118631321676,-0.26488212,0.0494541861926721,-0.25255075,0.2075922173200255,-0.18960255,0.3773823758141211,-0.23880951,0.0635437212815688,-0.15691245,0.0769256195035689,True,0.18960255,True,False,False,2061,0.0575960695787255,sensitivity_or_small_group,False
cluster_tissue__C4__bone_marrow,bone_marrow,C4,Naca,other,-0.29680762,0.0035540234674647,0.9999999999999942,0.995515695067267,stable__bone_marrow_S1,0.987152034261242,-0.21211219,0.0004080343603916,-0.34273976,0.0141969659864598,-0.18905807,0.0336893187416088,-0.16518693,1.4520055870513447e-16,-0.12022338,1.9202029647384007e-25,True,0.18905807,False,True,False,164,0.0733202144135154,sensitivity_or_small_group,False
cluster_tissue__C0__bone_marrow,bone_marrow,C0,Zmat2,other,0.26051164,0.0099614652238028,0.336754836162655,0.3894736842105221,stable__bone_marrow_S0,0.9829115293099718,0.25040784,0.0094953013756662,0.18885979,0.2243768826049321,0.27456918,0.0183467123651752,0.23020613,0.00599143843873,0.20881885,2.808177205086968e-06,True,0.18885979,True,False,False,1742,0.0561687506989313,sensitivity_or_small_group,False
cluster_tissue__C0__bone_marrow,bone_marrow,C0,Wapl,other,-0.25068295,0.0047819193457934,0.4705882352941206,0.4282296650717654,stable__bone_marrow_S0,0.9829115293099718,-0.22837189,0.0086756055748421,-0.22435194,0.0876488641051566,-0.18773273,0.1532857923618612,-0.2787396,0.0001010977780205,-0.27333596,1.9899432389367204e-12,True,0.18773273,False,False,False,1742,0.0561687506989313,sensitivity_or_small_group,False
cluster_tissue__C3__spleen,spleen,C3,Atp6v1h,other,-0.32507762,0.010873914156527,0.2070963070238939,0.1728588189284309,stable__spleen_S0,0.9951118631321676,-0.29943025,0.0179094597351825,-0.18762587,0.4035103646610333,-0.18971094,0.3240636095320937,-0.24302003,0.0459910959989913,-0.1351057,0.0671470796332181,True,0.18762587,True,False,False,2061,0.0575960695787255,sensitivity_or_small_group,False
cluster_tissue__C6__thymus,thymus,C6,Gm19585,other,0.29670355,0.029576842168824,0.4531377343113301,0.5133394664213377,stable__thymus_S1,0.4109766637856525,0.262572,0.5730081563863965,0.28727978,0.1283303805686318,0.1868223,0.7871211655512713,0.29931608,0.0252037283196746,0.28601563,5.016726135030192e-13,True,0.1868223,False,False,False,931,0.0658367056218701,sensitivity_or_small_group,False
cluster_tissue__C3__spleen,spleen,C3,Map2k7,other,-0.35868883,0.0379173018311233,0.1401158580738586,0.1145874071177155,stable__spleen_S0,0.9951118631321676,-0.36536682,0.0288290104853965,-0.3698685,0.0963226934927724,-0.18639168,0.532701160096648,-0.24445188,0.1996302712213783,-0.2425672,0.0104586593198793,True,0.18639168,True,True,False,2061,0.0575960695787255,sensitivity_or_small_group,False
cluster_tissue__C4__spleen,spleen,C4,mt-Nd1,respiratory_chain_or_mt,0.46386746,0.0036619164265081,0.9642857142857102,0.990384615384613,stable__spleen_S3,0.9752475247524752,0.42789587,0.0006777024056077,0.3151981,0.6275072706008628,0.18637784,0.7468966416486298,0.34521043,8.916807447795777e-43,0.3039421,2.8310086141516997e-71,True,0.18637784,True,False,False,143,0.1634711931257971,sensitivity_or_small_group,True
cluster_tissue__C6__thymus,thymus,C6,Rpl22l1,ribosome,0.25893936,2.063331867758496e-07,0.9380603096984256,0.9530818767249146,stable__thymus_S1,0.4109766637856525,0.18584983,0.1277944842848145,0.23464207,5.6436373579747696e-05,0.24230368,0.1174463934122393,0.26653224,6.182966577737547e-07,0.20365523,1.2036959998190098e-18,True,0.18584983,False,False,False,931,0.0658367056218701,sensitivity_or_small_group,False
cluster_tissue__C3__spleen,spleen,C3,Golga4,other,-0.25359797,0.0260147805533215,0.2849384503982592,0.2542041454829865,stable__spleen_S0,0.9951118631321676,-0.25565526,0.0233343980195883,-0.18577597,0.2993517262300921,-0.20213647,0.2170458036916357,-0.29350877,0.0024421559671381,-0.18299714,0.0047019515208757,True,0.18577597,True,False,False,2061,0.0575960695787255,sensitivity_or_small_group,False
cluster_tissue__C3__spleen,spleen,C3,Trim33,other,-0.28962424,0.0254784305073342,0.1922519913106428,0.1603441533046531,stable__spleen_S0,0.9951118631321676,-0.25783527,0.0384314747295472,-0.31701654,0.0447010530550366,-0.18546747,0.2862514627366999,-0.3240711,0.0013781310248244,-0.27550507,1.153114108926276e-05,True,0.18546747,True,True,False,2061,0.0575960695787255,sensitivity_or_small_group,False
cluster_tissue__C0__bone_marrow,bone_marrow,C0,Gspt1,other,-0.27000177,0.0029717939928878,0.4121594946703539,0.3688995215310966,stable__bone_marrow_S0,0.9829115293099718,-0.27617276,0.0011580352889185,-0.23446694,0.0700653379740725,-0.1853221,0.1604825404145118,-0.24481298,0.0013630241367392,-0.21789005,1.5929543959755218e-07,True,0.1853221,True,False,False,1742,0.0561687506989313,sensitivity_or_small_group,False
cluster_tissue__C3__spleen,spleen,C3,Tmem106b,other,-0.27908388,0.0076052895162233,0.2686459087617642,0.2287837309346879,stable__spleen_S0,0.9951118631321676,-0.25979048,0.0131705386165115,-0.25929868,0.0584486832730644,-0.18501516,0.2021652826741787,-0.2884656,0.0022916119078743,-0.21960956,0.0003541319872891,True,0.18501516,True,True,False,2061,0.0575960695787255,sensitivity_or_small_group,False
cluster_tissue__C6__thymus,thymus,C6,H2afj,other,0.27715057,0.0073702064183741,0.6927465362673083,0.769089236430531,stable__thymus_S1,0.4109766637856525,0.18375914,0.6302224270321656,0.28956458,0.0077293178626748,0.20608616,0.6626745852767421,0.29150155,0.0014285182382453,0.3285307,6.925954196073422e-31,True,0.18375914,False,True,False,931,0.0658367056218701,sensitivity_or_small_group,True
cluster_tissue__C3__spleen,spleen,C3,Orai1,other,-0.2682244,0.0050877084858991,0.3425054308472085,0.2983965584669518,stable__spleen_S0,0.9951118631321676,-0.23141636,0.0182545586486252,-0.18334897,0.2175120185957789,-0.22437426,0.1098321086531089,-0.28570455,0.0004340934122436,-0.25449213,7.2168383384693e-07,True,0.18334897,False,False,False,2061,0.0575960695787255,sensitivity_or_small_group,False
cluster_tissue__C5-1__spleen,spleen,C5-1,mt-Nd3,respiratory_chain_or_mt,0.62744266,0.0127539276236107,0.5271966527196659,0.6260869565217371,stable__spleen_S2,0.9023972602739726,0.5189279,0.1157218657592039,0.26152405,0.8287375042535421,0.18310478,0.8913798138824348,0.79675835,1.6120514851454808e-39,0.7964912,2.1599622581650896e-94,True,0.18310478,False,False,False,196,0.143283264804741,sensitivity_or_small_group,True
cluster_tissue__C3__spleen,spleen,C3,Gbp6,other,-0.34814116,0.005820459685049,0.2056480811006499,0.1697301525224864,stable__spleen_S0,0.9951118631321676,-0.32851416,0.0091524426250939,-0.28901193,0.1064365609960031,-0.18302222,0.3648101311258725,-0.3651244,0.0012036287766856,-0.38642564,1.8284334668100143e-08,True,0.18302222,True,False,False,2061,0.0575960695787255,sensitivity_or_small_group,False
cluster_tissue__C0__bone_marrow,bone_marrow,C0,Yy1,other,-0.2626333,0.0014264517663131,0.4978286616660118,0.4478468899521478,stable__bone_marrow_S0,0.9829115293099718,-0.245425,0.002016513289307,-0.26081914,0.0190118438672937,-0.18242641,0.1383007993828777,-0.24748017,0.0004157001103877,-0.27641475,5.233371341475253e-13,True,0.18242641,False,True,False,1742,0.0561687506989313,sensitivity_or_small_group,False
cluster_tissue__C6__thymus,thymus,C6,Rplp2,ribosome,0.27306634,4.999901831982249e-40,0.9967400162998888,0.9999999999999823,stable__thymus_S1,0.4109766637856525,0.18583335,3.2379114391647985e-10,0.24673983,9.436090568784929e-25,0.18183021,1.830203032095061e-07,0.3120671,2.830258287609626e-38,0.24843892,9.704103481703934e-181,True,0.18183021,False,False,False,931,0.0658367056218701,sensitivity_or_small_group,True
cluster_tissue__C5-1__spleen,spleen,C5-1,Grcc10,other,0.39719725,0.0042857395813672,0.8953974895397456,0.9478260869565136,stable__spleen_S2,0.9023972602739726,0.26322237,0.2374673046623626,0.42403668,0.025214690523529,0.18181236,0.7315004713113182,0.23740903,3.6951388975264733e-09,0.24402398,9.358336124451396e-23,True,0.18181236,False,True,False,196,0.143283264804741,sensitivity_or_small_group,True
cluster_tissue__C0__bone_marrow,bone_marrow,C0,Orai1,other,-0.3573734,0.0010123487518674,0.3181997631267291,0.2679425837320554,stable__bone_marrow_S0,0.9829115293099718,-0.28141356,0.0081751769039373,-0.34450826,0.0135598858845652,-0.18126974,0.2756739403850219,-0.2844225,0.0020391750307149,-0.25449213,7.2168383384693e-07,True,0.18126974,True,True,False,1742,0.0561687506989313,sensitivity_or_small_group,False
cluster_tissue__C0__bone_marrow,bone_marrow,C0,Ciao1,other,-0.4345138,0.0049575678097137,0.1594946703513628,0.122966507177034,stable__bone_marrow_S0,0.9829115293099718,-0.31395996,0.0602327781081228,-0.3499285,0.104179144504012,-0.18121861,0.5163199077302446,-0.24415609,0.0854734069998445,-0.16419806,0.0533738822280092,True,0.18121861,False,False,False,1742,0.0561687506989313,sensitivity_or_small_group,False
cluster_tissue__C4__spleen,spleen,C4,mt-Cytb,respiratory_chain_or_mt,0.38893571,4.776143622014194e-05,0.9999999999999956,0.9951923076923052,stable__spleen_S3,0.9752475247524752,0.364856,3.3434700166513945e-05,0.18045437,0.6107458395016003,0.21666156,0.3770420845299641,0.2703842,2.618428022293484e-63,0.24755041,1.083747569828899e-120,True,0.18045437,True,False,False,143,0.1634711931257971,sensitivity_or_small_group,True
cluster_tissue__C6__thymus,thymus,C6,Rpl36a,ribosome,0.34910735,3.776358152022293e-26,0.984515077424584,0.993560257589679,stable__thymus_S1,0.4109766637856525,0.2447579,2.882381678618816e-07,0.31897038,3.3112518063212435e-16,0.1799488,0.0009717981313311,0.37889108,1.6104412096622447e-24,0.352392,1.832377791365622e-109,True,0.1799488,False,True,False,931,0.0658367056218701,sensitivity_or_small_group,False
cluster_tissue__C6__thymus,thymus,C6,Srsf5,other,0.25121608,0.0038743737524033,0.7783211083944422,0.8353265869365091,stable__thymus_S1,0.4109766637856525,0.18766618,0.4884241011582456,0.20126851,0.1266622336496728,0.17974463,0.6626745852767421,0.23144417,0.0049278229746507,0.4187675,1.6178652064208234e-52,True,0.17974463,False,False,False,931,0.0658367056218701,sensitivity_or_small_group,True
cluster_tissue__C0__bone_marrow,bone_marrow,C0,AI467606,other,-0.26329842,0.0130636618724858,0.3529411764705903,0.3129186602870785,stable__bone_marrow_S0,0.9829115293099718,-0.22552222,0.0483094633633792,-0.19442333,0.263875160214749,-0.17929335,0.3253206470677462,-0.2519424,0.0074765636697731,-0.21338801,4.863099766374225e-05,True,0.17929335,False,False,False,1742,0.0561687506989313,sensitivity_or_small_group,False
cluster_tissue__C0__bone_marrow,bone_marrow,C0,Pitpna,other,-0.28576857,5.709227879041468e-06,0.6569285432293545,0.5961722488038198,stable__bone_marrow_S0,0.9829115293099718,-0.24658409,7.264377487641743e-05,-0.2196562,0.018539462846346,-0.17791964,0.0613486109758438,-0.21344756,0.0001562195375998,-0.21098153,1.2898130979505559e-11,True,0.17791964,False,False,False,1742,0.0561687506989313,sensitivity_or_small_group,False
cluster_tissue__C0__bone_marrow,bone_marrow,C0,Mgst2,other,0.2814502,0.0246861767089976,0.2195025661271232,0.2593301435406679,stable__bone_marrow_S0,0.9829115293099718,0.31500486,0.0056218672582375,0.17790924,0.3941184442783506,0.33024257,0.0209815842309189,0.31685874,0.0015542672195836,0.3548935,8.803408453659613e-11,True,0.17790924,True,False,False,1742,0.0561687506989313,sensitivity_or_small_group,False
cluster_tissue__C0__bone_marrow,bone_marrow,C0,Polr2e,other,-0.27076796,0.001440371001684,0.4555862613501805,0.4090909090909045,stable__bone_marrow_S0,0.9829115293099718,-0.24635856,0.0029096672298561,-0.21113627,0.0948613942647633,-0.17723757,0.1733199058207412,-0.23350729,0.0005387292832931,-0.17957745,3.3665448015309885e-06,True,0.17723757,False,False,False,1742,0.0561687506989313,sensitivity_or_small_group,False
cluster_tissue__C6__thymus,thymus,C6,Ost4,other,0.25145277,0.0098565369300458,0.6487367563162109,0.7056117755289686,stable__thymus_S1,0.4109766637856525,0.17700799,0.5871878358024747,0.26278174,0.0215774017945441,0.24046884,0.5392700385822987,0.25999916,0.0048199239593412,0.2669529,2.4027484378962802e-17,True,0.17700799,False,True,False,931,0.0658367056218701,sensitivity_or_small_group,False
cluster_tissue__C0__bone_marrow,bone_marrow,C0,Ppp2ca,other,-0.2536489,0.0003973232732456,0.5578365574417641,0.5071770334928166,stable__bone_marrow_S0,0.9829115293099718,-0.25126055,0.000273544810573,-0.29035443,0.0008396450845078,-0.17673188,0.107665930268752,-0.23365843,0.0001629548798962,-0.1779153,1.3709436467358025e-06,True,0.17673188,True,True,False,1742,0.0561687506989313,sensitivity_or_small_group,False
cluster_tissue__C3__spleen,spleen,C3,Dcaf1,other,-0.34067172,0.0398166789703564,0.1129616220130334,0.0887759092686739,stable__spleen_S0,0.9951118631321676,-0.3458188,0.0375240114651868,-0.17671247,0.4651209979253389,-0.27412796,0.2410549116651925,-0.25004643,0.1426201039993099,-0.16374859,0.0883736304224976,True,0.17671247,True,False,False,2061,0.0575960695787255,sensitivity_or_small_group,False
cluster_tissue__C3__spleen,spleen,C3,Fndc3a,other,-0.33998471,0.0352798860223604,0.1495293265749446,0.1235823230348058,stable__spleen_S0,0.9951118631321676,-0.30768844,0.0482173063000788,-0.2801352,0.2020432358743595,-0.1765011,0.4897620852030656,-0.31854826,0.0228089883830454,-0.20503145,0.0213363025312694,True,0.1765011,True,False,False,2061,0.0575960695787255,sensitivity_or_small_group,False
cluster_tissue__C6__thymus,thymus,C6,Rcn1,other,-0.52493644,0.0318234600838163,0.1825590872045644,0.1352345906163757,stable__thymus_S1,0.4109766637856525,-0.30274427,0.7108943643200041,-0.30315557,0.4791402117787231,-0.17648491,0.904177571272609,-0.48800677,0.0363836884629376,-0.3482304,1.1755458967437162e-06,True,0.17648491,False,False,False,931,0.0658367056218701,sensitivity_or_small_group,False
cluster_tissue__C6__thymus,thymus,C6,Atox1,other,0.27667814,0.0356469871789669,0.4816625916870433,0.5344986200551918,stable__thymus_S1,0.4109766637856525,0.17637439,0.6773941936388713,0.32398564,0.0259113469546664,0.20761324,0.7226336839107591,0.27309316,0.0344139656320747,0.24094154,1.3017197519803131e-10,True,0.17637439,False,True,False,931,0.0658367056218701,sensitivity_or_small_group,False
cluster_tissue__C3__spleen,spleen,C3,Rab18,other,-0.27250412,0.0078277056481401,0.2856625633598812,0.2483378959718407,stable__spleen_S0,0.9951118631321676,-0.25124276,0.0135377767406372,-0.2082799,0.1638841815993133,-0.1762837,0.2757404064201148,-0.23757893,0.0103035507473464,-0.15063322,0.0086110488285588,True,0.1762837,True,False,False,2061,0.0575960695787255,sensitivity_or_small_group,False
cluster_tissue__C6__thymus,thymus,C6,Itgb7,other,-0.27847302,0.0207914611348404,0.634066829665845,0.5749770009199562,stable__thymus_S1,0.4109766637856525,-0.17587274,0.6773941936388713,-0.314093,0.0231778594884739,-0.19495185,0.7226336839107591,-0.24597666,0.0739965025364701,0.031041846,0.5297356317260304,True,0.17587274,False,True,False,931,0.0658367056218701,sensitivity_or_small_group,False
cluster_tissue__C0__bone_marrow,bone_marrow,C0,Wac,other,-0.25357926,0.0144234961341398,0.3659692064745383,0.324401913875595,stable__bone_marrow_S0,0.9829115293099718,-0.21966715,0.0353123488202908,-0.175631,0.2789900230630938,-0.1946805,0.1707400628654588,-0.2875823,0.0005395462228113,-0.20524171,2.672671825964749e-05,True,0.175631,False,False,False,1742,0.0561687506989313,sensitivity_or_small_group,False
cluster_tissue__C6__thymus,thymus,C6,Fam89b,other,-0.3559936,0.0378741380108617,0.3406682966585178,0.2824287028518861,stable__thymus_S1,0.4109766637856525,-0.24540469,0.6743559615178056,-0.29468387,0.1962582896825346,-0.17474174,0.864562797412351,-0.34557348,0.049340541144037,-0.24001288,3.984304705266281e-06,True,0.17474174,False,False,False,931,0.0658367056218701,sensitivity_or_small_group,False
cluster_tissue__C3__spleen,spleen,C3,Tmem176a,other,-0.31433833,0.0161820433671422,0.232440260680664,0.1982792334767295,stable__spleen_S0,0.9951118631321676,-0.29751274,0.0222744353258922,-0.21209414,0.2854457145394433,-0.17451504,0.4006266049725897,-0.32093486,0.003147825774343,-0.12565488,0.0671498683449389,True,0.17451504,True,False,False,2061,0.0575960695787255,sensitivity_or_small_group,False
cluster_tissue__C0__bone_marrow,bone_marrow,C0,Cxcr3,other,-0.27059296,4.744755171680179e-12,0.8965653375443638,0.8684210526315661,stable__bone_marrow_S0,0.9829115293099718,-0.24301355,4.5832478050873517e-10,-0.2749676,1.3071115492949922e-08,-0.17427057,0.0005955832354357,-0.21225187,1.580058664841556e-08,-0.20166577,1.4420519455578246e-13,True,0.17427057,False,True,False,1742,0.0561687506989313,sensitivity_or_small_group,False
cluster_tissue__C6__thymus,thymus,C6,Ccnd2,other,-0.29656106,1.7780217071247647e-05,0.9274653626731614,0.8804047838086331,stable__thymus_S1,0.4109766637856525,-0.1882765,0.4032424863310026,-0.2793394,0.0023134146745463,-0.17410183,0.6121115882395276,-0.32548895,9.91531438910752e-07,-0.3189416,5.9389298326204876e-46,True,0.17410183,False,True,False,931,0.0658367056218701,sensitivity_or_small_group,True
cluster_tissue__C3__spleen,spleen,C3,Ccr9,other,-0.27372414,0.0061751211773364,0.3834178131788517,0.3406335549472019,stable__spleen_S0,0.9951118631321676,-0.25768203,0.0093893016752272,-0.17189234,0.2714219259840122,-0.20961127,0.1366125830031054,-0.31227994,0.0003642854012775,-0.18852809,0.0203456994357054,True,0.17189234,True,False,False,2061,0.0575960695787255,sensitivity_or_small_group,False
cluster_tissue__C0__bone_marrow,bone_marrow,C0,Taf12,other,-0.28437373,0.0391735762359593,0.2447690485590223,0.2090909090909081,stable__bone_marrow_S0,0.9829115293099718,-0.24240099,0.1034257152409235,-0.21812132,0.2779422368670387,-0.17095245,0.4808066201874752,-0.24521661,0.0442467932897505,-0.16379039,0.0192971495725306,True,0.17095245,False,False,False,1742,0.0561687506989313,sensitivity_or_small_group,False
cluster_tissue__C6__thymus,thymus,C6,Abhd17a,other,-0.3130446,0.0211217788737388,0.4824775876120637,0.4222631094756177,stable__thymus_S1,0.4109766637856525,-0.21338744,0.6518459772277754,-0.2535857,0.1931116141791959,-0.16874792,0.8020213185331178,-0.22545174,0.139792245822493,-0.104421265,0.0346688889048855,True,0.16874792,False,False,False,931,0.0658367056218701,sensitivity_or_small_group,False
cluster_tissue__C6__thymus,thymus,C6,Cd48,other,-0.36337385,2.5222398850657837e-05,0.7375713121434261,0.655933762649485,stable__thymus_S1,0.4109766637856525,-0.23575552,0.4078872275297632,-0.3130537,0.0043257904186155,-0.16848128,0.7047386791995127,-0.40403008,1.366817584542482e-06,-0.32102996,2.296348882428785e-28,True,0.16848128,False,True,False,931,0.0658367056218701,sensitivity_or_small_group,False
cluster_tissue__C6__thymus,thymus,C6,Nme2,other,-0.26104307,5.908493784569142e-05,0.9070904645476532,0.8804047838086331,stable__thymus_S1,0.4109766637856525,-0.23341767,0.1303168305613189,-0.33456025,1.397526211704568e-05,-0.16755167,0.6626745852767421,-0.16916172,0.0108413900863453,-0.120282724,2.8495446754018027e-05,True,0.16755167,False,True,False,931,0.0658367056218701,sensitivity_or_small_group,False
cluster_tissue__C0__bone_marrow,bone_marrow,C0,Cct7,other,-0.2595394,0.0005656146419519,0.5874457165416417,0.5320574162679358,stable__bone_marrow_S0,0.9829115293099718,-0.24333124,0.0006996252019618,-0.23316881,0.029030520415841,-0.16607681,0.1919007187221265,-0.17728667,0.0072882537651816,-0.10787304,0.0045801069206753,True,0.16607681,False,False,False,1742,0.0561687506989313,sensitivity_or_small_group,False
cluster_tissue__C6__thymus,thymus,C6,Mcl1,other,-0.269298,0.0034999724950199,0.7180114099429383,0.6798528058877549,stable__thymus_S1,0.4109766637856525,-0.3348999,0.0863273122209815,-0.1657671,0.3423261670968311,-0.20793656,0.5869326214631246,-0.23138002,0.0142213402925551,-0.2607222,1.4712818559902454e-18,True,0.1657671,False,False,False,931,0.0658367056218701,sensitivity_or_small_group,False
cluster_tissue__C3__spleen,spleen,C3,Ormdl3,other,-0.26897958,0.0281219611527617,0.246560463432293,0.2166601486116531,stable__spleen_S0,0.9951118631321676,-0.23855576,0.0667794581357412,-0.18159762,0.3634044059092485,-0.1656068,0.416179656199072,-0.2601131,0.0134444807699444,-0.26230434,2.0389232409179037e-05,True,0.1656068,False,False,False,2061,0.0575960695787255,sensitivity_or_small_group,False
cluster_tissue__C5-2__bone_marrow,bone_marrow,C5-2,Rplp2,ribosome,0.31331673,0.0002936701164756,0.9999999999999988,0.9999999999999986,stable__bone_marrow_S3,1.0,0.32793912,3.657091307911392e-05,0.16307423,0.8647046999372922,0.16857138,0.8756586485050307,0.24078839,7.033625606241419e-63,0.24843892,9.704103481703934e-181,True,0.16307423,True,False,False,56,0.0699690113284383,sensitivity_or_small_group,True
cluster_tissue__C3__spleen,spleen,C3,Arl4d,other,-0.26189983,0.0083421875946646,0.3229543808834144,0.2815799765350004,stable__spleen_S0,0.9951118631321676,-0.23853059,0.0164174832613466,-0.20600957,0.153509350310791,-0.16288677,0.2902240675616502,-0.30212328,0.0002524606821153,-0.19114728,0.0003320293416577,True,0.16288677,False,False,False,2061,0.0575960695787255,sensitivity_or_small_group,False
cluster_tissue__C3__spleen,spleen,C3,Nae1,other,-0.26510352,0.0319789932944176,0.2233888486603889,0.1924129839655837,stable__spleen_S0,0.9951118631321676,-0.22397748,0.0833973629180797,-0.23137206,0.168536584279539,-0.16247447,0.39731507471704,-0.17515013,0.1497868319505217,-0.14814536,0.0276829658535301,True,0.16247447,False,False,False,2061,0.0575960695787255,sensitivity_or_small_group,False
cluster_tissue__C3__bone_marrow,bone_marrow,C3,Rpsa,ribosome,-0.25915325,0.0183571858374378,0.9999999999999978,0.9999999999999972,stable__bone_marrow_S0,0.9971509971509972,-0.1623281,1.4284712658524495e-28,-0.276387,0.2648992693381689,-0.19775343,8.044274733360176e-33,-0.14293627,5.5793082416617805e-25,-0.117292166,2.0046575787341615e-35,True,0.1623281,False,False,False,96,0.118021645167863,sensitivity_or_small_group,False
cluster_tissue__C3__spleen,spleen,C3,Ppp6c,other,-0.28097257,0.0177917789477517,0.23461259956553,0.2002346499804448,stable__spleen_S0,0.9951118631321676,-0.28256178,0.0153956171935679,-0.16211942,0.4054189284447674,-0.23282723,0.1436640218583218,-0.2823427,0.0049084652970004,-0.19257623,0.001423295637896,True,0.16211942,True,False,False,2061,0.0575960695787255,sensitivity_or_small_group,False
cluster_tissue__C4__bone_marrow,bone_marrow,C4,Rpl7a,ribosome,-0.2636521,0.005581806384663,0.9959016393442566,0.995515695067267,stable__bone_marrow_S1,0.987152034261242,-0.18938504,0.0003253476563761,-0.24728177,0.0518411153244082,-0.16199315,0.0162750134335948,-0.18804233,9.153921670822527e-27,-0.1283846,1.2099634663812384e-30,True,0.16199315,False,False,False,164,0.0733202144135154,sensitivity_or_small_group,False
cluster_tissue__C0__bone_marrow,bone_marrow,C0,Itpkb,other,0.2725713,0.004829147622925,0.3793920252664847,0.4349282296650667,stable__bone_marrow_S0,0.9829115293099718,0.22638865,0.0159853529479375,0.2168651,0.1241902861367088,0.16093092,0.2093140627737538,0.20660543,0.0151290622585394,0.13803813,0.0047829438206206,True,0.16093092,False,False,False,1742,0.0561687506989313,sensitivity_or_small_group,False
cluster_tissue__C6__thymus,thymus,C6,Lars2,other,-0.43534735,0.0035760088297254,0.3920130399348017,0.3183072677092909,stable__thymus_S1,0.4109766637856525,-0.16030602,0.8216859358614028,-0.49882725,0.0033213202092345,-0.33246067,0.6401969494926816,-0.4747711,0.0006903139095131,-0.113286644,0.0959021215377276,True,0.16030602,False,True,False,931,0.0658367056218701,sensitivity_or_small_group,False
cluster_tissue__C3__spleen,spleen,C3,Rhoc,other,-0.30146575,0.0197472836762007,0.2183200579290349,0.1853734845522087,stable__spleen_S0,0.9951118631321676,-0.26813716,0.0368943504550208,-0.27872598,0.1064365609960031,-0.15669723,0.4530156387434043,-0.3608552,0.0005509015341208,-0.16861747,0.0302774126197832,True,0.15669723,True,False,False,2061,0.0575960695787255,sensitivity_or_small_group,False
cluster_tissue__C6__thymus,thymus,C6,Oip5os1,other,-0.36936417,0.0054747961214772,0.4661776691116561,0.3974241030358759,stable__thymus_S1,0.4109766637856525,-0.18076926,0.7856730298899808,-0.31993678,0.0747389244780603,-0.15656252,0.8794869161088449,-0.40254846,0.0014770471346537,-0.33655125,2.008706773446764e-17,True,0.15656252,False,True,False,931,0.0658367056218701,sensitivity_or_small_group,False
cluster_tissue__C0__bone_marrow,bone_marrow,C0,Dnajc3,heat_shock,-0.273151,2.4034156831946796e-05,0.617844453217516,0.558851674641141,stable__bone_marrow_S0,0.9829115293099718,-0.22678001,0.0003689630437257,-0.2661352,0.0009236526834718,-0.1560517,0.0880246472862467,-0.24122733,1.8553966989897735e-05,-0.22876556,2.6969206721423856e-12,True,0.1560517,False,True,False,1742,0.0561687506989313,sensitivity_or_small_group,False
cluster_tissue__C6__thymus,thymus,C6,Atp1b3,other,-0.2811194,0.0215685371910207,0.5916870415647882,0.5308187672493041,stable__thymus_S1,0.4109766637856525,-0.15420206,0.7282533665118712,-0.33741772,0.0108454412764717,-0.20510632,0.7020061593052356,-0.31555775,0.0056625469823114,-0.12859505,0.009936232066104,True,0.15420206,False,True,False,931,0.0658367056218701,sensitivity_or_small_group,False
cluster_tissue__C3__spleen,spleen,C3,Cox19,respiratory_chain_or_mt,-0.3121856,0.0397209257951381,0.1477190441708896,0.1200625733281183,stable__spleen_S0,0.9951118631321676,-0.28331864,0.061942205117197,-0.16057606,0.5108980708545171,-0.15067421,0.5109928196730424,-0.23323503,0.1149174205133592,-0.18429244,0.0339962195808732,True,0.15067421,False,False,False,2061,0.0575960695787255,sensitivity_or_small_group,False
cluster_tissue__C3__spleen,spleen,C3,mt-Nd1,respiratory_chain_or_mt,0.3563059,2.7274991576158228e-33,0.9442433019550932,0.958154086820552,stable__spleen_S0,0.9951118631321676,0.3719834,2.5055614768341452e-36,0.15887289,1.1449589912534862e-05,0.14923906,6.772814233869298e-06,0.34521043,8.916807447795777e-43,0.3039421,2.8310086141516997e-71,True,0.14923906,True,False,False,2061,0.0575960695787255,sensitivity_or_small_group,True
cluster_tissue__C3__spleen,spleen,C3,Erbin,other,-0.2567762,0.0257947073396532,0.2675597393193312,0.236605396949549,stable__spleen_S0,0.9951118631321676,-0.26053217,0.0238112130325314,-0.1608316,0.37587174339468,-0.14909343,0.4803516386516989,-0.29030406,0.0020727969791144,-0.22459404,8.009320531400344e-05,True,0.14909343,True,False,False,2061,0.0575960695787255,sensitivity_or_small_group,False
cluster_tissue__C3__spleen,spleen,C3,Brwd1,other,-0.28330284,0.0285666828054682,0.2121650977552479,0.1814626515447781,stable__spleen_S0,0.9951118631321676,-0.25297144,0.0562369557720931,-0.14821875,0.4806831009713725,-0.17455414,0.3986328718478775,-0.27509108,0.0169402513313804,-0.13977657,0.0913897290522911,True,0.14821875,False,False,False,2061,0.0575960695787255,sensitivity_or_small_group,False
cluster_tissue__C0__bone_marrow,bone_marrow,C0,Dnm2,other,-0.2508157,0.0236678145062482,0.313462297670748,0.2741626794258351,stable__bone_marrow_S0,0.9829115293099718,-0.19791469,0.0943010442113537,-0.16991048,0.3385353030610207,-0.14623648,0.4177187014897117,-0.19108503,0.0520516702132702,-0.16689141,0.0028269493470907,True,0.14623648,False,False,False,1742,0.0561687506989313,sensitivity_or_small_group,False
cluster_tissue__C6__thymus,thymus,C6,Tagln2,other,-0.34000424,1.4513212316687516e-05,0.8182559087204381,0.757129714811396,stable__thymus_S1,0.4109766637856525,-0.20668836,0.4351150939054286,-0.3134842,0.0011149023183326,-0.13914073,0.7226336839107591,-0.27114975,0.0011661130372329,-0.09461866,0.0026552179992402,True,0.13914073,False,True,False,931,0.0658367056218701,sensitivity_or_small_group,False
cluster_tissue__C3__spleen,spleen,C3,Rb1cc1,other,-0.26714402,0.0073677949529018,0.3211440984793594,0.2815799765350004,stable__spleen_S0,0.9951118631321676,-0.25548345,0.0121349992004607,-0.13841417,0.4262574719374059,-0.17572345,0.2930319074428246,-0.22895928,0.0106842952823152,-0.22050594,2.807662900400116e-05,True,0.13841417,True,False,False,2061,0.0575960695787255,sensitivity_or_small_group,False
cluster_tissue__C6__thymus,thymus,C6,Arl6ip5,other,-0.27872786,0.0003418253401228,0.7832110839445642,0.7405703771849015,stable__thymus_S1,0.4109766637856525,-0.18562095,0.4534025238107139,-0.2694439,0.0037723777436167,-0.1372728,0.7226336839107591,-0.27134398,0.0009018094060147,-0.10995775,0.0002593131668828,True,0.1372728,False,True,False,931,0.0658367056218701,sensitivity_or_small_group,False
cluster_tissue__C6__thymus,thymus,C6,Trf,other,0.54687214,0.006726184958002,0.1524042379788104,0.2134314627414911,stable__thymus_S1,0.4109766637856525,0.4800765,0.5167089045443145,0.46919054,0.1264001632004182,0.1348423,0.9485033141280133,0.44700024,0.0238297342739232,0.16942593,0.1365451571281378,True,0.1348423,False,False,False,931,0.0658367056218701,sensitivity_or_small_group,False
cluster_tissue__C3__spleen,spleen,C3,Ppm1h,other,-0.25451538,0.0387216205779606,0.2168718320057909,0.1857645678529517,stable__spleen_S0,0.9951118631321676,-0.23810937,0.0518497613268365,-0.15401345,0.4455242670014301,-0.13319302,0.4644971364065771,-0.26154128,0.0139349254773222,-0.13699211,0.0642576544855927,True,0.13319302,False,False,False,2061,0.0575960695787255,sensitivity_or_small_group,False
cluster_tissue__C6__thymus,thymus,C6,Gm2682,other,-0.30491337,0.0019426996104555,0.7375713121434261,0.6835326586936425,stable__thymus_S1,0.4109766637856525,-0.12978587,0.7946192629571484,-0.34277737,0.0024282728263532,-0.13585947,0.8471612407852612,-0.3067194,0.0017954910216499,-0.16684853,3.2086072889296526e-08,True,0.12978587,False,True,False,931,0.0658367056218701,sensitivity_or_small_group,False
cluster_tissue__C6__thymus,thymus,C6,Gm11808,other,0.34627748,0.0079995884385728,0.3985330073349647,0.4728610855565732,stable__thymus_S1,0.4109766637856525,0.2588238,0.5780270548568649,0.36259195,0.0152274447587759,0.1288877,0.8961117186087915,0.37346295,0.0017819814526327,0.44990373,5.770884670160313e-26,True,0.1288877,False,True,False,931,0.0658367056218701,sensitivity_or_small_group,True
cluster_tissue__C4__bone_marrow,bone_marrow,C4,mt-Nd2,respiratory_chain_or_mt,0.39004567,0.0136788923328457,0.9344262295081918,0.9596412556053836,stable__bone_marrow_S1,0.987152034261242,0.34917092,0.0034052952221883,0.12485006,0.7632072193700014,0.20617118,0.5504118987442836,0.34527117,1.3276819166790555e-30,0.31089267,1.7733268524027312e-64,True,0.12485006,True,False,False,164,0.0733202144135154,sensitivity_or_small_group,True
cluster_tissue__C0__bone_marrow,bone_marrow,C0,Ppp1r35,other,-0.27747414,0.017383372285153,0.2625345440189514,0.2196172248803816,stable__bone_marrow_S0,0.9829115293099718,-0.21484077,0.0581486120240446,-0.29818386,0.0407791317873384,-0.12068408,0.4356588954527171,-0.23604275,0.0159821937628919,-0.20284869,0.0008125133822629,True,0.12068408,False,True,False,1742,0.0561687506989313,sensitivity_or_small_group,False
cluster_tissue__C6__thymus,thymus,C6,Ubtf,other,-0.3168446,0.0174353950321302,0.4914425427872879,0.440662373505056,stable__thymus_S1,0.4109766637856525,-0.11789692,0.818312984311276,-0.32651916,0.0451650219901526,-0.16823536,0.7920064785378198,-0.2549819,0.0737816650270357,-0.24880725,7.017805525666046e-09,True,0.11789692,False,True,False,931,0.0658367056218701,sensitivity_or_small_group,False
cluster_tissue__C6__thymus,thymus,C6,Dusp1,other,0.38180828,0.0073985575488718,0.6829665851670644,0.7506899724010926,stable__thymus_S1,0.4109766637856525,-0.11732744,0.8374563524233787,0.4415366,0.0051901840862384,-0.13101041,0.8750273344353382,0.40000042,0.0020624993489842,0.5274669,3.423529435761313e-29,False,0.11732744,False,True,False,931,0.0658367056218701,sensitivity_or_small_group,True
cluster_tissue__C6__thymus,thymus,C6,Uqcr10,respiratory_chain_or_mt,0.25912267,0.038731959647309,0.500407497962512,0.5703771849125966,stable__thymus_S1,0.4109766637856525,0.116676144,0.832404108977877,0.25288507,0.132718313278551,0.1682384,0.8143882163051699,0.28866845,0.0085991682765418,0.34958988,1.2694073504494091e-22,True,0.116676144,False,False,False,931,0.0658367056218701,sensitivity_or_small_group,False
cluster_tissue__C3__spleen,spleen,C3,Zfp800,other,-0.30289412,0.0030166791852993,0.3095582910934074,0.2675009777082504,stable__spleen_S0,0.9951118631321676,-0.29335222,0.0041174876145304,-0.263817,0.0759704793730195,-0.11561332,0.6047259013051677,-0.2595537,0.0047928025776809,-0.22693336,4.129945634906472e-05,True,0.11561332,True,True,False,2061,0.0575960695787255,sensitivity_or_small_group,False
cluster_tissue__C6__thymus,thymus,C6,Fubp1,other,-0.26221973,0.0191850716468485,0.6454767726161296,0.5979760809567541,stable__thymus_S1,0.4109766637856525,-0.26287583,0.3943186617320473,-0.28777567,0.036685571353833,-0.11355278,0.8143882163051699,-0.23029122,0.0529277586495247,-0.2398341,5.01917982581799e-14,True,0.11355278,False,True,False,931,0.0658367056218701,sensitivity_or_small_group,False
cluster_tissue__C5-2__bone_marrow,bone_marrow,C5-2,Rpl26,ribosome,0.25625703,0.0308223888621354,0.9999999999999988,0.9999999999999986,stable__bone_marrow_S3,1.0,0.24817143,0.0351200770306485,0.10999935,0.8647046999372922,0.12921755,0.8756586485050307,0.07831957,9.696208013520098e-05,0.09008253,4.802213566268201e-17,True,0.10999935,False,False,False,56,0.0699690113284383,sensitivity_or_small_group,False
cluster_tissue__C0__bone_marrow,bone_marrow,C0,Mysm1,other,-0.2812543,0.0238182308757587,0.279905250690882,0.2430622009569362,stable__bone_marrow_S0,0.9829115293099718,-0.17404951,0.2433745624375863,-0.22717972,0.2074000708754927,-0.10970847,0.6402568613903539,-0.18126689,0.1411741675536547,-0.1544092,0.0230130267290876,True,0.10970847,False,False,False,1742,0.0561687506989313,sensitivity_or_small_group,False
cluster_tissue__C0__bone_marrow,bone_marrow,C0,Gadd45gip1,other,-0.2696563,0.0044370663510609,0.3920252664824343,0.3440191387559774,stable__bone_marrow_S0,0.9829115293099718,-0.1919794,0.0646340009193172,-0.15899998,0.3283787275367973,-0.104777046,0.5441652765712215,-0.18988852,0.0359695924980838,-0.14753966,0.0023761173306224,True,0.104777046,False,False,False,1742,0.0561687506989313,sensitivity_or_small_group,False
cluster_tissue__C3__spleen,spleen,C3,Emsy,other,-0.2567063,0.0281219611527617,0.2223026792179559,0.1892843175596392,stable__spleen_S0,0.9951118631321676,-0.2289165,0.0459120419471404,-0.2513015,0.1235758112211285,-0.10400333,0.5571591828038887,-0.2604878,0.0101788895484443,-0.22473557,0.0003261283010277,True,0.10400333,False,False,False,2061,0.0575960695787255,sensitivity_or_small_group,False
cluster_tissue__C6__thymus,thymus,C6,Kif2a,other,-0.33854362,0.0457314152289452,0.3268133659331714,0.2686292548298073,stable__thymus_S1,0.4109766637856525,-0.16481522,0.7438880387993329,-0.22242145,0.4699433736694716,-0.103526816,0.8780893643633366,-0.394865,0.0094661907932667,-0.1687731,0.0028883646077551,True,0.103526816,False,False,False,931,0.0658367056218701,sensitivity_or_small_group,False
cluster_tissue__C3__spleen,spleen,C3,Apol7e,other,-0.3478265,0.0325745711646869,0.1459087617668346,0.1200625733281183,stable__spleen_S0,0.9951118631321676,-0.31214148,0.0553024837711181,-0.097814,0.8000731218486942,-0.2835823,0.1755713844284079,-0.33453688,0.0167831659485635,-0.17929196,0.0746155448665741,True,0.097814,False,False,False,2061,0.0575960695787255,sensitivity_or_small_group,False
cluster_tissue__C6__thymus,thymus,C6,Tmem14c,other,-0.42293504,0.0002985871477413,0.5354523227383859,0.4553817847286067,stable__thymus_S1,0.4109766637856525,-0.24288313,0.5787648833598997,-0.34891173,0.034758136118838,-0.09758581,0.9292351152630944,-0.33828485,0.0048356010396821,-0.18236779,1.831785281871473e-06,True,0.09758581,False,True,False,931,0.0658367056218701,sensitivity_or_small_group,False
cluster_tissue__C6__thymus,thymus,C6,Klrk1,other,-0.27363613,0.0263074845496433,0.7628361858190561,0.7129714811407439,stable__thymus_S1,0.4109766637856525,-0.09486705,0.6562696826189429,-0.30859435,0.036855262715894,-0.14452793,0.61459652929893,-0.3783416,0.0003587907978185,-0.084597796,0.1741350919936718,True,0.09486705,False,True,False,931,0.0658367056218701,sensitivity_or_small_group,True
cluster_tissue__C6__thymus,thymus,C6,Glmn,other,-0.60240674,0.0328488086005495,0.1409942950285251,0.0975160993560259,stable__thymus_S1,0.4109766637856525,-0.13784507,0.9426348305815756,-0.53983104,0.1470039978426598,0.09146557,0.9670303666573352,-0.49657777,0.0764177622158281,-0.25411054,0.0064323994560068,False,0.09146557,False,False,False,931,0.0658367056218701,sensitivity_or_small_group,False
cluster_tissue__C6__thymus,thymus,C6,Pcif1,other,0.3790139,0.0470578335309383,0.2265688671556648,0.2851885924563018,stable__thymus_S1,0.4109766637856525,0.14765877,0.8216859358614028,0.51444775,0.0107872073391694,0.087896645,0.9481618631214576,0.40671083,0.0137762008497624,0.21891013,8.761381572271826e-05,True,0.087896645,False,True,False,931,0.0658367056218701,sensitivity_or_small_group,False
cluster_tissue__C3__spleen,spleen,C3,mt-Cytb,respiratory_chain_or_mt,0.2862837,2.7645405801785576e-49,0.9902244750180904,0.9882675009777716,stable__spleen_S0,0.9951118631321676,0.2845319,2.0204044332017945e-51,0.107953824,9.833395092922045e-08,0.08321399,5.072472989836274e-07,0.2703842,2.618428022293484e-63,0.24755041,1.083747569828899e-120,True,0.08321399,True,False,False,2061,0.0575960695787255,sensitivity_or_small_group,True
cluster_tissue__C3__spleen,spleen,C3,mt-Nd2,respiratory_chain_or_mt,0.30952546,2.206134259907658e-21,0.9330195510499522,0.947594837700488,stable__spleen_S0,0.9951118631321676,0.31404445,2.5844539935033788e-22,0.12204211,0.0273427009264849,0.08229079,0.0665740199375867,0.27633578,8.165096286058872e-25,0.31089267,1.7733268524027312e-64,True,0.08229079,True,False,False,2061,0.0575960695787255,sensitivity_or_small_group,True
cluster_tissue__C6__thymus,thymus,C6,Pcmt1,other,-0.36669764,0.0318118372915753,0.3602281988590069,0.305427782888684,stable__thymus_S1,0.4109766637856525,-0.21345177,0.7856730298899808,-0.34690797,0.1487460852753652,-0.071659885,0.9946221869741162,-0.38369173,0.0165762945457907,-0.35106498,5.4794047917654195e-14,True,0.071659885,False,False,False,931,0.0658367056218701,sensitivity_or_small_group,False
cluster_tissue__C6__thymus,thymus,C6,Drap1,other,-0.2516675,0.0312834605597966,0.664221678891597,0.6099356025758891,stable__thymus_S1,0.4109766637856525,-0.17646542,0.7376419626112346,-0.20915677,0.2510731850420075,-0.07143768,0.9669664374342116,-0.2274157,0.0614224129937568,-0.14588177,1.673047214049677e-06,True,0.07143768,False,False,False,931,0.0658367056218701,sensitivity_or_small_group,False
cluster_tissue__C6__thymus,thymus,C6,Cct6a,other,-0.32377306,0.0124347190431754,0.5036674816625933,0.429622815087393,stable__thymus_S1,0.4109766637856525,-0.28110534,0.5072869569234566,-0.35455284,0.0161945319243898,-0.06805855,0.9527184141772814,-0.3187281,0.0154800565965165,-0.3281632,1.064634443321236e-14,True,0.06805855,False,True,False,931,0.0658367056218701,sensitivity_or_small_group,False
cluster_tissue__C6__thymus,thymus,C6,Slc3a2,other,0.29185417,0.0137939098604033,0.5550122249388737,0.633854645814159,stable__thymus_S1,0.4109766637856525,0.114533104,0.8216859358614028,0.3017,0.0336992337486527,0.06798232,0.9376732072421752,0.33664984,0.0013082647940561,0.33027995,2.873938407229503e-16,True,0.06798232,False,True,False,931,0.0658367056218701,sensitivity_or_small_group,False
cluster_tissue__C6__thymus,thymus,C6,Gdi2,other,0.27679345,0.0127133441407936,0.6593317033414751,0.7295308187672385,stable__thymus_S1,0.4109766637856525,0.06419979,0.9213840936244848,0.33269772,0.0054538444307269,0.0794618,0.927938564608596,0.28123972,0.0059472939829142,0.09292391,0.0421224153029285,True,0.06419979,False,True,False,931,0.0658367056218701,sensitivity_or_small_group,False
cluster_tissue__C0__bone_marrow,bone_marrow,C0,mt-Nd2,respiratory_chain_or_mt,0.34563452,1.479364485362636e-24,0.900908014212346,0.9119617224880248,stable__bone_marrow_S0,0.9829115293099718,0.35791588,6.830739924120226e-27,0.06296525,0.0460771926651326,0.090329945,0.0066025879167001,0.34527117,1.3276819166790555e-30,0.31089267,1.7733268524027312e-64,True,0.06296525,True,False,False,1742,0.0561687506989313,sensitivity_or_small_group,True
cluster_tissue__C6__thymus,thymus,C6,Sik1,other,0.78343093,0.0011372651086647,0.0847595762021189,0.1407543698252073,stable__thymus_S1,0.4109766637856525,0.3309136,0.745928417872863,0.824036,0.005333885273482,0.060745455,0.9745667256380762,0.69105643,0.0016769844926227,0.7449574,8.537975426657725e-11,True,0.060745455,False,True,False,931,0.0658367056218701,sensitivity_or_small_group,False
cluster_tissue__C6__thymus,thymus,C6,Chka,other,0.48774722,0.029576842168824,0.1303993480032601,0.180312787488501,stable__thymus_S1,0.4109766637856525,0.043964945,0.9850463539124772,0.5626976,0.0284824702408641,0.050686516,0.9844793379432872,0.49742243,0.0180627255492425,0.2899016,0.0100280832508709,True,0.043964945,False,True,False,931,0.0658367056218701,sensitivity_or_small_group,False
cluster_tissue__C5-1__spleen,spleen,C5-1,mt-Nd2,respiratory_chain_or_mt,0.38024065,0.0001021228780601,0.9539748953974856,0.9652173913043396,stable__spleen_S2,0.9023972602739726,0.10957523,0.2307991679760616,-0.038029086,1.0,0.06099845,0.8493181075008529,0.27633578,8.165096286058872e-25,0.31089267,1.7733268524027312e-64,False,0.038029086,False,False,False,196,0.143283264804741,sensitivity_or_small_group,True
cluster_tissue__C4__bone_marrow,bone_marrow,C4,mt-Nd1,respiratory_chain_or_mt,0.3465938,0.0048689817571371,0.9713114754098306,0.9820627802690608,stable__bone_marrow_S1,0.987152034261242,0.3051859,0.0032716021150305,0.15033378,0.5957404879017336,0.03652855,0.8653516547749599,0.27932808,1.6439954690465628e-25,0.3039421,2.8310086141516997e-71,True,0.03652855,True,False,False,164,0.0733202144135154,sensitivity_or_small_group,True
cluster_tissue__C4__spleen,spleen,C4,mt-Co2,respiratory_chain_or_mt,0.26592913,0.0159191351427449,0.9948979591836692,0.9951923076923052,stable__spleen_S3,0.9752475247524752,0.23308578,0.0080318866751638,0.08183085,0.8878585794547346,-0.035724614,1.0,0.17066586,2.60985316056649e-35,0.15129957,6.02750761842215e-67,False,0.035724614,False,False,False,143,0.1634711931257971,sensitivity_or_small_group,True
cluster_tissue__C6__thymus,thymus,C6,Emp3,other,-0.30601802,0.0039097507559226,0.7538712306438325,0.6770929162833391,stable__thymus_S1,0.4109766637856525,0.034614462,0.9421358383366576,-0.30725676,0.0136342690785707,0.086755835,0.8862729299736465,-0.29419258,0.0036205064575118,-0.08905439,0.0736646327765725,False,0.034614462,False,True,False,931,0.0658367056218701,sensitivity_or_small_group,False
cluster_tissue__C5-1__spleen,spleen,C5-1,mt-Co3,respiratory_chain_or_mt,0.25852782,9.097313529653448e-07,0.9958158995815856,0.9942028985507158,stable__spleen_S2,0.9023972602739726,0.07400255,0.0043341749768125,-0.0495447,0.9433782535792978,-0.032527193,0.9540747478469448,0.22070746,2.1083915974179497e-49,0.20629409,1.5475618183768823e-99,False,0.032527193,False,False,False,196,0.143283264804741,sensitivity_or_small_group,True
cluster_tissue__C6__thymus,thymus,C6,Lrrfip1,other,-0.2636468,0.0094384122845413,0.6723716381418002,0.6310947562097432,stable__thymus_S1,0.4109766637856525,-0.028698856,0.9875330216636896,-0.2090149,0.1266622336496728,0.033823136,0.9893305457466368,-0.25758642,0.0168213029240966,-0.09443995,0.0046104377317756,False,0.028698856,False,False,False,931,0.0658367056218701,sensitivity_or_small_group,False
cluster_tissue__C6__thymus,thymus,C6,Erg28,other,-0.4568738,0.0256131573961415,0.2542787286063577,0.1959521619135241,stable__thymus_S1,0.4109766637856525,-0.135234,0.9153742046358284,-0.31018397,0.4122604069453982,0.022632625,0.9893305457466368,-0.36436716,0.0753030248506623,-0.08033525,0.2584349754678133,False,0.022632625,False,False,False,931,0.0658367056218701,sensitivity_or_small_group,False
cluster_tissue__C5-1__spleen,spleen,C5-1,mt-Cytb,respiratory_chain_or_mt,0.25869903,1.8876576569088605e-06,0.9999999999999956,0.9884057971014404,stable__spleen_S2,0.9023972602739726,0.084456824,0.0017870396519729,-0.020456396,0.8042768243519448,-0.014405955,0.7071477675314719,0.2703842,2.618428022293484e-63,0.24755041,1.083747569828899e-120,False,0.014405955,False,False,False,196,0.143283264804741,sensitivity_or_small_group,True
cluster_tissue__C6__thymus,thymus,C6,Dnajc2,heat_shock,-0.3429968,0.0185137613091256,0.4930725346373286,0.4139834406623704,stable__thymus_S1,0.4109766637856525,-0.15177746,0.8054580110142309,-0.3780949,0.0271582109540091,0.013445429,1.0,-0.34167945,0.0123091668019997,-0.24573939,4.4229070981273026e-08,False,0.013445429,False,True,False,931,0.0658367056218701,sensitivity_or_small_group,False
cluster_tissue__C6__thymus,thymus,C6,Polr2e,other,-0.26435667,0.027536160517026,0.5427872860635689,0.5013799448022027,stable__thymus_S1,0.4109766637856525,-0.14717142,0.7537317577619956,-0.30208623,0.0271582109540091,-0.00476884,1.0,-0.19180219,0.1630211355314937,-0.17957745,3.3665448015309885e-06,True,0.00476884,False,True,False,931,0.0658367056218701,sensitivity_or_small_group,False
cluster_tissue__C4__bone_marrow,bone_marrow,C4,mt-Co3,respiratory_chain_or_mt,0.2524995,0.0040734143712381,0.9918032786885188,1.0000000000000024,stable__bone_marrow_S1,0.987152034261242,0.21728098,0.0010858173278552,0.07571227,0.7113662756169474,-0.0040797186,0.9238427750039656,0.18581085,1.1177314747813392e-37,0.20629409,1.5475618183768823e-99,False,0.0040797186,False,False,False,164,0.0733202144135154,sensitivity_or_small_group,True
cluster_tissue__C0__bone_marrow,bone_marrow,C0,mt-Nd1,respiratory_chain_or_mt,0.3126526,2.056433700150468e-21,0.9324911172522152,0.9435406698564452,stable__bone_marrow_S0,0.9829115293099718,0.2944024,1.98888486342269e-21,0.05934202,0.1389347451543505,0.002356736,0.4699613610276879,0.27932808,1.6439954690465628e-25,0.3039421,2.8310086141516997e-71,True,0.002356736,True,False,False,1742,0.0561687506989313,sensitivity_or_small_group,True
cluster_tissue__C5-1__spleen,spleen,C5-1,mt-Nd1,respiratory_chain_or_mt,0.3375874,0.0006544764638555,0.9665271966527156,0.9739130434782524,stable__spleen_S2,0.9023972602739726,0.17560787,0.0901885679627833,0.0018954475,0.9552899664508366,-0.018974027,0.9615459054583256,0.34521043,8.916807447795777e-43,0.3039421,2.8310086141516997e-71,False,0.0018954475,False,False,False,196,0.143283264804741,sensitivity_or_small_group,True
