GS_A_ID	GS_B_ID	JACCARD	n_shared	shared_measured_genes
GO:0006119	KEGG:Oxidative phosphorylation	0.5378787878787878	71	Atp5a1;Atp5b;Atp5c1;Atp5d;Atp5e;Atp5f1;Atp5h;Atp5j;Atp5j2;Atp5k;Atp5o;Cox4i1;Cox5a;Cox5b;Cox6a1;Cox6b1;Cox6c;Cox7a2;Cox7a2l;Cox7b;Cox7c;Cox8a;Cyc1;Ndufa1;Ndufa10;Ndufa11;Ndufa12;Ndufa13;Ndufa2;Ndufa3;Ndufa5;Ndufa6;Ndufa7;Ndufa8;Ndufa9;Ndufab1;Ndufb10;Ndufb11;Ndufb2;Ndufb3;Ndufb4;Ndufb5;Ndufb6;Ndufb7;Ndufb8;Ndufb9;Ndufc1;Ndufc2;Ndufs1;Ndufs2;Ndufs3;Ndufs4;Ndufs5;Ndufs6;Ndufs7;Ndufs8;Ndufv1;Ndufv2;Ndufv3;Sdha;Sdhb;Sdhc;Sdhd;Uqcr10;Uqcr11;Uqcrb;Uqcrc1;Uqcrc2;Uqcrfs1;Uqcrh;Uqcrq
GO:0006119	GO:0009060	0.5895953757225434	102	1700066M21Rik;Atp5a1;Atp5b;Atp5c1;Atp5d;Atp5e;Atp5f1;Atp5h;Atp5j;Atp5j2;Atp5k;Atp5o;Bcl2l13;Bid;Coq7;Coq9;Cox4i1;Cox5a;Cox5b;Cox6a1;Cox6b1;Cox6c;Cox7a2;Cox7a2l;Cox7b;Cox7c;Cox8a;Cyc1;Cycs;Dguok;Dld;Fam210b;Fxn;Msh2;Mtch2;Ndufa1;Ndufa10;Ndufa11;Ndufa12;Ndufa13;Ndufa2;Ndufa3;Ndufa5;Ndufa6;Ndufa7;Ndufa8;Ndufa9;Ndufab1;Ndufaf1;Ndufb1-ps;Ndufb10;Ndufb11;Ndufb2;Ndufb3;Ndufb4;Ndufb5;Ndufb6;Ndufb7;Ndufb8;Ndufb9;Ndufc1;Ndufc2;Ndufs1;Ndufs2;Ndufs3;Ndufs4;Ndufs5;Ndufs6;Ndufs7;Ndufs8;Ndufv1;Ndufv2;Ndufv3;Sdha;Sdhaf2;Sdhb;Sdhc;Sdhd;Slc25a51;Stoml2;Uqcc3;Uqcr10;Uqcr11;Uqcrb;Uqcrc1;Uqcrc2;Uqcrfs1;Uqcrh;Uqcrq;mt-Atp6;mt-Atp8;mt-Co1;mt-Co2;mt-Co3;mt-Cytb;mt-Nd1;mt-Nd2;mt-Nd3;mt-Nd4;mt-Nd4l;mt-Nd5;mt-Nd6
GO:0006119	KEGG:Thermogenesis	0.36548223350253806	72	Atp5a1;Atp5b;Atp5c1;Atp5d;Atp5e;Atp5f1;Atp5h;Atp5j;Atp5j2;Atp5k;Atp5o;Cox4i1;Cox5a;Cox5b;Cox6a1;Cox6b1;Cox6c;Cox7a2;Cox7a2l;Cox7b;Cox7c;Cox8a;Cyc1;Ndufa1;Ndufa10;Ndufa11;Ndufa12;Ndufa13;Ndufa2;Ndufa3;Ndufa5;Ndufa6;Ndufa7;Ndufa8;Ndufa9;Ndufab1;Ndufaf1;Ndufb10;Ndufb11;Ndufb2;Ndufb3;Ndufb4;Ndufb5;Ndufb6;Ndufb7;Ndufb8;Ndufb9;Ndufc1;Ndufc2;Ndufs1;Ndufs2;Ndufs3;Ndufs4;Ndufs5;Ndufs6;Ndufs7;Ndufs8;Ndufv1;Ndufv2;Ndufv3;Sdha;Sdhb;Sdhc;Sdhd;Uqcr10;Uqcr11;Uqcrb;Uqcrc1;Uqcrc2;Uqcrfs1;Uqcrh;Uqcrq
GO:0006119	GO:0015980	0.4214876033057851	102	1700066M21Rik;Atp5a1;Atp5b;Atp5c1;Atp5d;Atp5e;Atp5f1;Atp5h;Atp5j;Atp5j2;Atp5k;Atp5o;Bcl2l13;Bid;Coq7;Coq9;Cox4i1;Cox5a;Cox5b;Cox6a1;Cox6b1;Cox6c;Cox7a2;Cox7a2l;Cox7b;Cox7c;Cox8a;Cyc1;Cycs;Dguok;Dld;Fam210b;Fxn;Msh2;Mtch2;Ndufa1;Ndufa10;Ndufa11;Ndufa12;Ndufa13;Ndufa2;Ndufa3;Ndufa5;Ndufa6;Ndufa7;Ndufa8;Ndufa9;Ndufab1;Ndufaf1;Ndufb1-ps;Ndufb10;Ndufb11;Ndufb2;Ndufb3;Ndufb4;Ndufb5;Ndufb6;Ndufb7;Ndufb8;Ndufb9;Ndufc1;Ndufc2;Ndufs1;Ndufs2;Ndufs3;Ndufs4;Ndufs5;Ndufs6;Ndufs7;Ndufs8;Ndufv1;Ndufv2;Ndufv3;Sdha;Sdhaf2;Sdhb;Sdhc;Sdhd;Slc25a51;Stoml2;Uqcc3;Uqcr10;Uqcr11;Uqcrb;Uqcrc1;Uqcrc2;Uqcrfs1;Uqcrh;Uqcrq;mt-Atp6;mt-Atp8;mt-Co1;mt-Co2;mt-Co3;mt-Cytb;mt-Nd1;mt-Nd2;mt-Nd3;mt-Nd4;mt-Nd4l;mt-Nd5;mt-Nd6
GO:0006119	KEGG:Parkinson disease	0.5263157894736842	70	Atp5a1;Atp5b;Atp5c1;Atp5d;Atp5e;Atp5f1;Atp5h;Atp5j;Atp5o;Cox4i1;Cox5a;Cox5b;Cox6a1;Cox6b1;Cox6c;Cox7a2;Cox7a2l;Cox7b;Cox7c;Cox8a;Cyc1;Cycs;Ndufa1;Ndufa10;Ndufa11;Ndufa12;Ndufa13;Ndufa2;Ndufa3;Ndufa5;Ndufa6;Ndufa7;Ndufa8;Ndufa9;Ndufab1;Ndufb10;Ndufb11;Ndufb2;Ndufb3;Ndufb4;Ndufb5;Ndufb6;Ndufb7;Ndufb8;Ndufb9;Ndufc1;Ndufc2;Ndufs1;Ndufs2;Ndufs3;Ndufs4;Ndufs5;Ndufs6;Ndufs7;Ndufs8;Ndufv1;Ndufv2;Ndufv3;Sdha;Sdhb;Sdhc;Sdhd;Uqcr10;Uqcr11;Uqcrb;Uqcrc1;Uqcrc2;Uqcrfs1;Uqcrh;Uqcrq
GO:0006119	GO:0015986	0.5943396226415094	63	Atp5a1;Atp5b;Atp5c1;Atp5d;Atp5e;Atp5f1;Atp5h;Atp5j;Atp5j2;Atp5k;Atp5o;Fam210b;Ndufa1;Ndufa10;Ndufa11;Ndufa12;Ndufa13;Ndufa2;Ndufa3;Ndufa5;Ndufa6;Ndufa7;Ndufa8;Ndufa9;Ndufab1;Ndufb1-ps;Ndufb10;Ndufb11;Ndufb2;Ndufb3;Ndufb4;Ndufb5;Ndufb6;Ndufb7;Ndufb8;Ndufb9;Ndufc1;Ndufc2;Ndufs1;Ndufs2;Ndufs3;Ndufs4;Ndufs5;Ndufs6;Ndufs7;Ndufs8;Ndufv1;Ndufv2;Ndufv3;Sdha;Sdhb;Sdhc;Sdhd;Stoml2;mt-Atp6;mt-Atp8;mt-Nd1;mt-Nd2;mt-Nd3;mt-Nd4;mt-Nd4l;mt-Nd5;mt-Nd6
GO:0006119	KEGG:Huntington disease	0.4046242774566474	70	Atp5a1;Atp5b;Atp5c1;Atp5d;Atp5e;Atp5f1;Atp5h;Atp5j;Atp5o;Cox4i1;Cox5a;Cox5b;Cox6a1;Cox6b1;Cox6c;Cox7a2;Cox7a2l;Cox7b;Cox7c;Cox8a;Cyc1;Cycs;Ndufa1;Ndufa10;Ndufa11;Ndufa12;Ndufa13;Ndufa2;Ndufa3;Ndufa5;Ndufa6;Ndufa7;Ndufa8;Ndufa9;Ndufab1;Ndufb10;Ndufb11;Ndufb2;Ndufb3;Ndufb4;Ndufb5;Ndufb6;Ndufb7;Ndufb8;Ndufb9;Ndufc1;Ndufc2;Ndufs1;Ndufs2;Ndufs3;Ndufs4;Ndufs5;Ndufs6;Ndufs7;Ndufs8;Ndufv1;Ndufv2;Ndufv3;Sdha;Sdhb;Sdhc;Sdhd;Uqcr10;Uqcr11;Uqcrb;Uqcrc1;Uqcrc2;Uqcrfs1;Uqcrh;Uqcrq
GO:0006119	KEGG:Alzheimer disease	0.44936708860759494	71	Atp5a1;Atp5b;Atp5c1;Atp5d;Atp5e;Atp5f1;Atp5h;Atp5j;Atp5o;Bid;Cox4i1;Cox5a;Cox5b;Cox6a1;Cox6b1;Cox6c;Cox7a2;Cox7a2l;Cox7b;Cox7c;Cox8a;Cyc1;Cycs;Ndufa1;Ndufa10;Ndufa11;Ndufa12;Ndufa13;Ndufa2;Ndufa3;Ndufa5;Ndufa6;Ndufa7;Ndufa8;Ndufa9;Ndufab1;Ndufb10;Ndufb11;Ndufb2;Ndufb3;Ndufb4;Ndufb5;Ndufb6;Ndufb7;Ndufb8;Ndufb9;Ndufc1;Ndufc2;Ndufs1;Ndufs2;Ndufs3;Ndufs4;Ndufs5;Ndufs6;Ndufs7;Ndufs8;Ndufv1;Ndufv2;Ndufv3;Sdha;Sdhb;Sdhc;Sdhd;Uqcr10;Uqcr11;Uqcrb;Uqcrc1;Uqcrc2;Uqcrfs1;Uqcrh;Uqcrq
GO:0006119	KEGG:Non-alcoholic fatty liver disease (NAFLD)	0.3974358974358974	62	Bid;Cox4i1;Cox5a;Cox5b;Cox6a1;Cox6b1;Cox6c;Cox7a2;Cox7a2l;Cox7b;Cox7c;Cox8a;Cyc1;Cycs;Ndufa1;Ndufa10;Ndufa11;Ndufa12;Ndufa13;Ndufa2;Ndufa3;Ndufa5;Ndufa6;Ndufa7;Ndufa8;Ndufa9;Ndufab1;Ndufb10;Ndufb11;Ndufb2;Ndufb3;Ndufb4;Ndufb5;Ndufb6;Ndufb7;Ndufb8;Ndufb9;Ndufc1;Ndufc2;Ndufs1;Ndufs2;Ndufs3;Ndufs4;Ndufs5;Ndufs6;Ndufs7;Ndufs8;Ndufv1;Ndufv2;Ndufv3;Sdha;Sdhb;Sdhc;Sdhd;Uqcr10;Uqcr11;Uqcrb;Uqcrc1;Uqcrc2;Uqcrfs1;Uqcrh;Uqcrq
GO:0006119	GO:0046034	0.367816091954023	64	Atp5a1;Atp5b;Atp5c1;Atp5d;Atp5e;Atp5f1;Atp5h;Atp5j;Atp5j2;Atp5k;Atp5o;Bcl2l13;Fam210b;Ndufa1;Ndufa10;Ndufa11;Ndufa12;Ndufa13;Ndufa2;Ndufa3;Ndufa5;Ndufa6;Ndufa7;Ndufa8;Ndufa9;Ndufab1;Ndufb1-ps;Ndufb10;Ndufb11;Ndufb2;Ndufb3;Ndufb4;Ndufb5;Ndufb6;Ndufb7;Ndufb8;Ndufb9;Ndufc1;Ndufc2;Ndufs1;Ndufs2;Ndufs3;Ndufs4;Ndufs5;Ndufs6;Ndufs7;Ndufs8;Ndufv1;Ndufv2;Ndufv3;Sdha;Sdhb;Sdhc;Sdhd;Stoml2;mt-Atp6;mt-Atp8;mt-Nd1;mt-Nd2;mt-Nd3;mt-Nd4;mt-Nd4l;mt-Nd5;mt-Nd6
GO:0006119	GO:0009142	0.48484848484848486	64	Atp5a1;Atp5b;Atp5c1;Atp5d;Atp5e;Atp5f1;Atp5h;Atp5j;Atp5j2;Atp5k;Atp5o;Bcl2l13;Fam210b;Ndufa1;Ndufa10;Ndufa11;Ndufa12;Ndufa13;Ndufa2;Ndufa3;Ndufa5;Ndufa6;Ndufa7;Ndufa8;Ndufa9;Ndufab1;Ndufb1-ps;Ndufb10;Ndufb11;Ndufb2;Ndufb3;Ndufb4;Ndufb5;Ndufb6;Ndufb7;Ndufb8;Ndufb9;Ndufc1;Ndufc2;Ndufs1;Ndufs2;Ndufs3;Ndufs4;Ndufs5;Ndufs6;Ndufs7;Ndufs8;Ndufv1;Ndufv2;Ndufv3;Sdha;Sdhb;Sdhc;Sdhd;Stoml2;mt-Atp6;mt-Atp8;mt-Nd1;mt-Nd2;mt-Nd3;mt-Nd4;mt-Nd4l;mt-Nd5;mt-Nd6
GO:0006119	GO:0009152	0.4266666666666667	64	Atp5a1;Atp5b;Atp5c1;Atp5d;Atp5e;Atp5f1;Atp5h;Atp5j;Atp5j2;Atp5k;Atp5o;Bcl2l13;Fam210b;Ndufa1;Ndufa10;Ndufa11;Ndufa12;Ndufa13;Ndufa2;Ndufa3;Ndufa5;Ndufa6;Ndufa7;Ndufa8;Ndufa9;Ndufab1;Ndufb1-ps;Ndufb10;Ndufb11;Ndufb2;Ndufb3;Ndufb4;Ndufb5;Ndufb6;Ndufb7;Ndufb8;Ndufb9;Ndufc1;Ndufc2;Ndufs1;Ndufs2;Ndufs3;Ndufs4;Ndufs5;Ndufs6;Ndufs7;Ndufs8;Ndufv1;Ndufv2;Ndufv3;Sdha;Sdhb;Sdhc;Sdhd;Stoml2;mt-Atp6;mt-Atp8;mt-Nd1;mt-Nd2;mt-Nd3;mt-Nd4;mt-Nd4l;mt-Nd5;mt-Nd6
GO:0006119	GO:0042775	0.5686274509803921	58	Bid;Coq7;Coq9;Cox4i1;Cox5a;Cox5b;Cox6a1;Cox7a2;Cox7a2l;Cox7b;Cox7c;Cox8a;Cyc1;Cycs;Dguok;Dld;Mtch2;Ndufa10;Ndufa11;Ndufa12;Ndufa7;Ndufa8;Ndufaf1;Ndufb6;Ndufb8;Ndufb9;Ndufc2;Ndufs1;Ndufs2;Ndufs3;Ndufs6;Ndufs7;Ndufs8;Ndufv1;Ndufv2;Ndufv3;Sdha;Sdhaf2;Sdhb;Sdhc;Sdhd;Uqcc3;Uqcr10;Uqcr11;Uqcrb;Uqcrc1;Uqcrc2;Uqcrfs1;Uqcrh;Uqcrq;mt-Co3;mt-Cytb;mt-Nd1;mt-Nd2;mt-Nd3;mt-Nd4;mt-Nd5;mt-Nd6
GO:0006119	GO:0009150	0.26666666666666666	64	Atp5a1;Atp5b;Atp5c1;Atp5d;Atp5e;Atp5f1;Atp5h;Atp5j;Atp5j2;Atp5k;Atp5o;Bcl2l13;Fam210b;Ndufa1;Ndufa10;Ndufa11;Ndufa12;Ndufa13;Ndufa2;Ndufa3;Ndufa5;Ndufa6;Ndufa7;Ndufa8;Ndufa9;Ndufab1;Ndufb1-ps;Ndufb10;Ndufb11;Ndufb2;Ndufb3;Ndufb4;Ndufb5;Ndufb6;Ndufb7;Ndufb8;Ndufb9;Ndufc1;Ndufc2;Ndufs1;Ndufs2;Ndufs3;Ndufs4;Ndufs5;Ndufs6;Ndufs7;Ndufs8;Ndufv1;Ndufv2;Ndufv3;Sdha;Sdhb;Sdhc;Sdhd;Stoml2;mt-Atp6;mt-Atp8;mt-Nd1;mt-Nd2;mt-Nd3;mt-Nd4;mt-Nd4l;mt-Nd5;mt-Nd6
GO:0006119	GO:0022900	0.5327868852459017	65	Bid;Coq7;Coq9;Cox4i1;Cox5a;Cox5b;Cox6a1;Cox7a2;Cox7a2l;Cox7b;Cox7c;Cox8a;Cyc1;Cycs;Dguok;Dld;Mtch2;Ndufa10;Ndufa11;Ndufa12;Ndufa5;Ndufa7;Ndufa8;Ndufaf1;Ndufb3;Ndufb6;Ndufb8;Ndufb9;Ndufc2;Ndufs1;Ndufs2;Ndufs3;Ndufs4;Ndufs6;Ndufs7;Ndufs8;Ndufv1;Ndufv2;Ndufv3;Sdha;Sdhaf2;Sdhb;Sdhc;Sdhd;Slc25a51;Uqcc3;Uqcr10;Uqcr11;Uqcrb;Uqcrc1;Uqcrc2;Uqcrfs1;Uqcrh;Uqcrq;mt-Co1;mt-Co2;mt-Co3;mt-Cytb;mt-Nd1;mt-Nd2;mt-Nd3;mt-Nd4;mt-Nd4l;mt-Nd5;mt-Nd6
GO:0006119	GO:0009165	0.3333333333333333	66	Atp5a1;Atp5b;Atp5c1;Atp5d;Atp5e;Atp5f1;Atp5h;Atp5j;Atp5j2;Atp5k;Atp5o;Bcl2l13;Dguok;Fam210b;Ndufa1;Ndufa10;Ndufa11;Ndufa12;Ndufa13;Ndufa2;Ndufa3;Ndufa5;Ndufa6;Ndufa7;Ndufa8;Ndufa9;Ndufab1;Ndufb1-ps;Ndufb10;Ndufb11;Ndufb2;Ndufb3;Ndufb4;Ndufb5;Ndufb6;Ndufb7;Ndufb8;Ndufb9;Ndufc1;Ndufc2;Ndufs1;Ndufs2;Ndufs3;Ndufs4;Ndufs5;Ndufs6;Ndufs7;Ndufs8;Ndufv1;Ndufv2;Ndufv3;Sdha;Sdhb;Sdhc;Sdhd;Slc25a51;Stoml2;mt-Atp6;mt-Atp8;mt-Nd1;mt-Nd2;mt-Nd3;mt-Nd4;mt-Nd4l;mt-Nd5;mt-Nd6
GO:0006119	GO:0072522	0.3130841121495327	67	Atp5a1;Atp5b;Atp5c1;Atp5d;Atp5e;Atp5f1;Atp5h;Atp5j;Atp5j2;Atp5k;Atp5o;Bcl2l13;Dguok;Dld;Fam210b;Ndufa1;Ndufa10;Ndufa11;Ndufa12;Ndufa13;Ndufa2;Ndufa3;Ndufa5;Ndufa6;Ndufa7;Ndufa8;Ndufa9;Ndufab1;Ndufb1-ps;Ndufb10;Ndufb11;Ndufb2;Ndufb3;Ndufb4;Ndufb5;Ndufb6;Ndufb7;Ndufb8;Ndufb9;Ndufc1;Ndufc2;Ndufs1;Ndufs2;Ndufs3;Ndufs4;Ndufs5;Ndufs6;Ndufs7;Ndufs8;Ndufv1;Ndufv2;Ndufv3;Sdha;Sdhb;Sdhc;Sdhd;Slc25a51;Stoml2;mt-Atp6;mt-Atp8;mt-Nd1;mt-Nd2;mt-Nd3;mt-Nd4;mt-Nd4l;mt-Nd5;mt-Nd6
GO:0006119	KEGG:Retrograde endocannabinoid signaling	0.2571428571428571	36	Ndufa1;Ndufa10;Ndufa11;Ndufa12;Ndufa13;Ndufa2;Ndufa3;Ndufa5;Ndufa6;Ndufa7;Ndufa8;Ndufa9;Ndufab1;Ndufb10;Ndufb11;Ndufb2;Ndufb3;Ndufb4;Ndufb5;Ndufb6;Ndufb7;Ndufb8;Ndufb9;Ndufc1;Ndufc2;Ndufs1;Ndufs2;Ndufs3;Ndufs4;Ndufs5;Ndufs6;Ndufs7;Ndufs8;Ndufv1;Ndufv2;Ndufv3
GO:0006119	GO:0009055	0.2564102564102564	30	Cox5a;Cyc1;Cycs;Ndufa10;Ndufa2;Ndufb7;Ndufs1;Ndufs2;Ndufs3;Ndufs4;Ndufs7;Ndufs8;Ndufv1;Ndufv2;Sdha;Sdhb;Sdhc;Uqcrfs1;Uqcrh;mt-Co1;mt-Co2;mt-Co3;mt-Cytb;mt-Nd1;mt-Nd2;mt-Nd3;mt-Nd4;mt-Nd4l;mt-Nd5;mt-Nd6
KEGG:Oxidative phosphorylation	GO:0009060	0.3564356435643564	72	Atp5a1;Atp5b;Atp5c1;Atp5d;Atp5e;Atp5f1;Atp5h;Atp5j;Atp5j2;Atp5k;Atp5o;Cox10;Cox4i1;Cox5a;Cox5b;Cox6a1;Cox6b1;Cox6c;Cox7a2;Cox7a2l;Cox7b;Cox7c;Cox8a;Cyc1;Ndufa1;Ndufa10;Ndufa11;Ndufa12;Ndufa13;Ndufa2;Ndufa3;Ndufa5;Ndufa6;Ndufa7;Ndufa8;Ndufa9;Ndufab1;Ndufb10;Ndufb11;Ndufb2;Ndufb3;Ndufb4;Ndufb5;Ndufb6;Ndufb7;Ndufb8;Ndufb9;Ndufc1;Ndufc2;Ndufs1;Ndufs2;Ndufs3;Ndufs4;Ndufs5;Ndufs6;Ndufs7;Ndufs8;Ndufv1;Ndufv2;Ndufv3;Sdha;Sdhb;Sdhc;Sdhd;Uqcr10;Uqcr11;Uqcrb;Uqcrc1;Uqcrc2;Uqcrfs1;Uqcrh;Uqcrq
KEGG:Oxidative phosphorylation	KEGG:Thermogenesis	0.425531914893617	80	Atp5a1;Atp5b;Atp5c1;Atp5d;Atp5e;Atp5f1;Atp5g1;Atp5g2;Atp5g3;Atp5h;Atp5j;Atp5j2;Atp5k;Atp5l;Atp5o;Cox10;Cox11;Cox15;Cox17;Cox4i1;Cox5a;Cox5b;Cox6a1;Cox6b1;Cox6c;Cox7a2;Cox7a2l;Cox7b;Cox7c;Cox8a;Cyc1;Ndufa1;Ndufa10;Ndufa11;Ndufa12;Ndufa13;Ndufa2;Ndufa3;Ndufa4;Ndufa5;Ndufa6;Ndufa7;Ndufa8;Ndufa9;Ndufab1;Ndufb10;Ndufb11;Ndufb2;Ndufb3;Ndufb4;Ndufb5;Ndufb6;Ndufb7;Ndufb8;Ndufb9;Ndufc1;Ndufc2;Ndufs1;Ndufs2;Ndufs3;Ndufs4;Ndufs5;Ndufs6;Ndufs7;Ndufs8;Ndufv1;Ndufv2;Ndufv3;Sdha;Sdhb;Sdhc;Sdhd;Uqcr10;Uqcr11;Uqcrb;Uqcrc1;Uqcrc2;Uqcrfs1;Uqcrh;Uqcrq
KEGG:Oxidative phosphorylation	GO:0015980	0.2656826568265683	72	Atp5a1;Atp5b;Atp5c1;Atp5d;Atp5e;Atp5f1;Atp5h;Atp5j;Atp5j2;Atp5k;Atp5o;Cox10;Cox4i1;Cox5a;Cox5b;Cox6a1;Cox6b1;Cox6c;Cox7a2;Cox7a2l;Cox7b;Cox7c;Cox8a;Cyc1;Ndufa1;Ndufa10;Ndufa11;Ndufa12;Ndufa13;Ndufa2;Ndufa3;Ndufa5;Ndufa6;Ndufa7;Ndufa8;Ndufa9;Ndufab1;Ndufb10;Ndufb11;Ndufb2;Ndufb3;Ndufb4;Ndufb5;Ndufb6;Ndufb7;Ndufb8;Ndufb9;Ndufc1;Ndufc2;Ndufs1;Ndufs2;Ndufs3;Ndufs4;Ndufs5;Ndufs6;Ndufs7;Ndufs8;Ndufv1;Ndufv2;Ndufv3;Sdha;Sdhb;Sdhc;Sdhd;Uqcr10;Uqcr11;Uqcrb;Uqcrc1;Uqcrc2;Uqcrfs1;Uqcrh;Uqcrq
KEGG:Oxidative phosphorylation	KEGG:Parkinson disease	0.5658914728682171	73	Atp5a1;Atp5b;Atp5c1;Atp5d;Atp5e;Atp5f1;Atp5g1;Atp5g2;Atp5g3;Atp5h;Atp5j;Atp5o;Cox4i1;Cox5a;Cox5b;Cox6a1;Cox6b1;Cox6c;Cox7a2;Cox7a2l;Cox7b;Cox7c;Cox8a;Cyc1;Ndufa1;Ndufa10;Ndufa11;Ndufa12;Ndufa13;Ndufa2;Ndufa3;Ndufa4;Ndufa5;Ndufa6;Ndufa7;Ndufa8;Ndufa9;Ndufab1;Ndufb10;Ndufb11;Ndufb2;Ndufb3;Ndufb4;Ndufb5;Ndufb6;Ndufb7;Ndufb8;Ndufb9;Ndufc1;Ndufc2;Ndufs1;Ndufs2;Ndufs3;Ndufs4;Ndufs5;Ndufs6;Ndufs7;Ndufs8;Ndufv1;Ndufv2;Ndufv3;Sdha;Sdhb;Sdhc;Sdhd;Uqcr10;Uqcr11;Uqcrb;Uqcrc1;Uqcrc2;Uqcrfs1;Uqcrh;Uqcrq
KEGG:Oxidative phosphorylation	GO:0015986	0.48672566371681414	55	Atp5a1;Atp5b;Atp5c1;Atp5d;Atp5e;Atp5f1;Atp5g1;Atp5g2;Atp5g3;Atp5h;Atp5j;Atp5j2;Atp5k;Atp5l;Atp5o;Ndufa1;Ndufa10;Ndufa11;Ndufa12;Ndufa13;Ndufa2;Ndufa3;Ndufa5;Ndufa6;Ndufa7;Ndufa8;Ndufa9;Ndufab1;Ndufb10;Ndufb11;Ndufb2;Ndufb3;Ndufb4;Ndufb5;Ndufb6;Ndufb7;Ndufb8;Ndufb9;Ndufc1;Ndufc2;Ndufs1;Ndufs2;Ndufs3;Ndufs4;Ndufs5;Ndufs6;Ndufs7;Ndufs8;Ndufv1;Ndufv2;Ndufv3;Sdha;Sdhb;Sdhc;Sdhd
KEGG:Oxidative phosphorylation	KEGG:Huntington disease	0.4319526627218935	73	Atp5a1;Atp5b;Atp5c1;Atp5d;Atp5e;Atp5f1;Atp5g1;Atp5g2;Atp5g3;Atp5h;Atp5j;Atp5o;Cox4i1;Cox5a;Cox5b;Cox6a1;Cox6b1;Cox6c;Cox7a2;Cox7a2l;Cox7b;Cox7c;Cox8a;Cyc1;Ndufa1;Ndufa10;Ndufa11;Ndufa12;Ndufa13;Ndufa2;Ndufa3;Ndufa4;Ndufa5;Ndufa6;Ndufa7;Ndufa8;Ndufa9;Ndufab1;Ndufb10;Ndufb11;Ndufb2;Ndufb3;Ndufb4;Ndufb5;Ndufb6;Ndufb7;Ndufb8;Ndufb9;Ndufc1;Ndufc2;Ndufs1;Ndufs2;Ndufs3;Ndufs4;Ndufs5;Ndufs6;Ndufs7;Ndufs8;Ndufv1;Ndufv2;Ndufv3;Sdha;Sdhb;Sdhc;Sdhd;Uqcr10;Uqcr11;Uqcrb;Uqcrc1;Uqcrc2;Uqcrfs1;Uqcrh;Uqcrq
KEGG:Oxidative phosphorylation	KEGG:Alzheimer disease	0.47096774193548385	73	Atp5a1;Atp5b;Atp5c1;Atp5d;Atp5e;Atp5f1;Atp5g1;Atp5g2;Atp5g3;Atp5h;Atp5j;Atp5o;Cox4i1;Cox5a;Cox5b;Cox6a1;Cox6b1;Cox6c;Cox7a2;Cox7a2l;Cox7b;Cox7c;Cox8a;Cyc1;Ndufa1;Ndufa10;Ndufa11;Ndufa12;Ndufa13;Ndufa2;Ndufa3;Ndufa4;Ndufa5;Ndufa6;Ndufa7;Ndufa8;Ndufa9;Ndufab1;Ndufb10;Ndufb11;Ndufb2;Ndufb3;Ndufb4;Ndufb5;Ndufb6;Ndufb7;Ndufb8;Ndufb9;Ndufc1;Ndufc2;Ndufs1;Ndufs2;Ndufs3;Ndufs4;Ndufs5;Ndufs6;Ndufs7;Ndufs8;Ndufv1;Ndufv2;Ndufv3;Sdha;Sdhb;Sdhc;Sdhd;Uqcr10;Uqcr11;Uqcrb;Uqcrc1;Uqcrc2;Uqcrfs1;Uqcrh;Uqcrq
KEGG:Oxidative phosphorylation	KEGG:Non-alcoholic fatty liver disease (NAFLD)	0.391025641025641	61	Cox4i1;Cox5a;Cox5b;Cox6a1;Cox6b1;Cox6c;Cox7a2;Cox7a2l;Cox7b;Cox7c;Cox8a;Cyc1;Ndufa1;Ndufa10;Ndufa11;Ndufa12;Ndufa13;Ndufa2;Ndufa3;Ndufa4;Ndufa5;Ndufa6;Ndufa7;Ndufa8;Ndufa9;Ndufab1;Ndufb10;Ndufb11;Ndufb2;Ndufb3;Ndufb4;Ndufb5;Ndufb6;Ndufb7;Ndufb8;Ndufb9;Ndufc1;Ndufc2;Ndufs1;Ndufs2;Ndufs3;Ndufs4;Ndufs5;Ndufs6;Ndufs7;Ndufs8;Ndufv1;Ndufv2;Ndufv3;Sdha;Sdhb;Sdhc;Sdhd;Uqcr10;Uqcr11;Uqcrb;Uqcrc1;Uqcrc2;Uqcrfs1;Uqcrh;Uqcrq
KEGG:Oxidative phosphorylation	GO:0046034	0.3240223463687151	58	Atp5a1;Atp5b;Atp5c1;Atp5d;Atp5e;Atp5f1;Atp5g1;Atp5g2;Atp5g3;Atp5h;Atp5j;Atp5j2;Atp5k;Atp5l;Atp5o;Atp6v1a;Atp6v1b2;Cox11;Ndufa1;Ndufa10;Ndufa11;Ndufa12;Ndufa13;Ndufa2;Ndufa3;Ndufa5;Ndufa6;Ndufa7;Ndufa8;Ndufa9;Ndufab1;Ndufb10;Ndufb11;Ndufb2;Ndufb3;Ndufb4;Ndufb5;Ndufb6;Ndufb7;Ndufb8;Ndufb9;Ndufc1;Ndufc2;Ndufs1;Ndufs2;Ndufs3;Ndufs4;Ndufs5;Ndufs6;Ndufs7;Ndufs8;Ndufv1;Ndufv2;Ndufv3;Sdha;Sdhb;Sdhc;Sdhd
KEGG:Oxidative phosphorylation	GO:0009142	0.4028776978417266	56	Atp5a1;Atp5b;Atp5c1;Atp5d;Atp5e;Atp5f1;Atp5g1;Atp5g2;Atp5g3;Atp5h;Atp5j;Atp5j2;Atp5k;Atp5l;Atp5o;Cox11;Ndufa1;Ndufa10;Ndufa11;Ndufa12;Ndufa13;Ndufa2;Ndufa3;Ndufa5;Ndufa6;Ndufa7;Ndufa8;Ndufa9;Ndufab1;Ndufb10;Ndufb11;Ndufb2;Ndufb3;Ndufb4;Ndufb5;Ndufb6;Ndufb7;Ndufb8;Ndufb9;Ndufc1;Ndufc2;Ndufs1;Ndufs2;Ndufs3;Ndufs4;Ndufs5;Ndufs6;Ndufs7;Ndufs8;Ndufv1;Ndufv2;Ndufv3;Sdha;Sdhb;Sdhc;Sdhd
KEGG:Oxidative phosphorylation	GO:0009152	0.35668789808917195	56	Atp5a1;Atp5b;Atp5c1;Atp5d;Atp5e;Atp5f1;Atp5g1;Atp5g2;Atp5g3;Atp5h;Atp5j;Atp5j2;Atp5k;Atp5l;Atp5o;Cox11;Ndufa1;Ndufa10;Ndufa11;Ndufa12;Ndufa13;Ndufa2;Ndufa3;Ndufa5;Ndufa6;Ndufa7;Ndufa8;Ndufa9;Ndufab1;Ndufb10;Ndufb11;Ndufb2;Ndufb3;Ndufb4;Ndufb5;Ndufb6;Ndufb7;Ndufb8;Ndufb9;Ndufc1;Ndufc2;Ndufs1;Ndufs2;Ndufs3;Ndufs4;Ndufs5;Ndufs6;Ndufs7;Ndufs8;Ndufv1;Ndufv2;Ndufv3;Sdha;Sdhb;Sdhc;Sdhd
KEGG:Oxidative phosphorylation	GO:0042775	0.33613445378151263	40	Cox4i1;Cox5a;Cox5b;Cox6a1;Cox7a2;Cox7a2l;Cox7b;Cox7c;Cox8a;Cyc1;Ndufa10;Ndufa11;Ndufa12;Ndufa7;Ndufa8;Ndufb6;Ndufb8;Ndufb9;Ndufc2;Ndufs1;Ndufs2;Ndufs3;Ndufs6;Ndufs7;Ndufs8;Ndufv1;Ndufv2;Ndufv3;Sdha;Sdhb;Sdhc;Sdhd;Uqcr10;Uqcr11;Uqcrb;Uqcrc1;Uqcrc2;Uqcrfs1;Uqcrh;Uqcrq
KEGG:Oxidative phosphorylation	GO:0022900	0.3006993006993007	43	Cox4i1;Cox5a;Cox5b;Cox6a1;Cox7a2;Cox7a2l;Cox7b;Cox7c;Cox8a;Cyc1;Ndufa10;Ndufa11;Ndufa12;Ndufa5;Ndufa7;Ndufa8;Ndufb3;Ndufb6;Ndufb8;Ndufb9;Ndufc2;Ndufs1;Ndufs2;Ndufs3;Ndufs4;Ndufs6;Ndufs7;Ndufs8;Ndufv1;Ndufv2;Ndufv3;Sdha;Sdhb;Sdhc;Sdhd;Uqcr10;Uqcr11;Uqcrb;Uqcrc1;Uqcrc2;Uqcrfs1;Uqcrh;Uqcrq
KEGG:Oxidative phosphorylation	GO:0009165	0.27053140096618356	56	Atp5a1;Atp5b;Atp5c1;Atp5d;Atp5e;Atp5f1;Atp5g1;Atp5g2;Atp5g3;Atp5h;Atp5j;Atp5j2;Atp5k;Atp5l;Atp5o;Cox11;Ndufa1;Ndufa10;Ndufa11;Ndufa12;Ndufa13;Ndufa2;Ndufa3;Ndufa5;Ndufa6;Ndufa7;Ndufa8;Ndufa9;Ndufab1;Ndufb10;Ndufb11;Ndufb2;Ndufb3;Ndufb4;Ndufb5;Ndufb6;Ndufb7;Ndufb8;Ndufb9;Ndufc1;Ndufc2;Ndufs1;Ndufs2;Ndufs3;Ndufs4;Ndufs5;Ndufs6;Ndufs7;Ndufs8;Ndufv1;Ndufv2;Ndufv3;Sdha;Sdhb;Sdhc;Sdhd
KEGG:Oxidative phosphorylation	GO:0072522	0.25	56	Atp5a1;Atp5b;Atp5c1;Atp5d;Atp5e;Atp5f1;Atp5g1;Atp5g2;Atp5g3;Atp5h;Atp5j;Atp5j2;Atp5k;Atp5l;Atp5o;Cox11;Ndufa1;Ndufa10;Ndufa11;Ndufa12;Ndufa13;Ndufa2;Ndufa3;Ndufa5;Ndufa6;Ndufa7;Ndufa8;Ndufa9;Ndufab1;Ndufb10;Ndufb11;Ndufb2;Ndufb3;Ndufb4;Ndufb5;Ndufb6;Ndufb7;Ndufb8;Ndufb9;Ndufc1;Ndufc2;Ndufs1;Ndufs2;Ndufs3;Ndufs4;Ndufs5;Ndufs6;Ndufs7;Ndufs8;Ndufv1;Ndufv2;Ndufv3;Sdha;Sdhb;Sdhc;Sdhd
KEGG:Oxidative phosphorylation	KEGG:Retrograde endocannabinoid signaling	0.26811594202898553	37	Ndufa1;Ndufa10;Ndufa11;Ndufa12;Ndufa13;Ndufa2;Ndufa3;Ndufa4;Ndufa5;Ndufa6;Ndufa7;Ndufa8;Ndufa9;Ndufab1;Ndufb10;Ndufb11;Ndufb2;Ndufb3;Ndufb4;Ndufb5;Ndufb6;Ndufb7;Ndufb8;Ndufb9;Ndufc1;Ndufc2;Ndufs1;Ndufs2;Ndufs3;Ndufs4;Ndufs5;Ndufs6;Ndufs7;Ndufs8;Ndufv1;Ndufv2;Ndufv3
KEGG:Oxidative phosphorylation	GO:0022853	0.2692307692307692	35	Atp5b;Atp5e;Atp5l;Atp6v0a1;Atp6v0a2;Atp6v0b;Atp6v0c;Atp6v0d1;Atp6v0d2;Atp6v0e;Atp6v1a;Atp6v1b2;Atp6v1c1;Atp6v1d;Atp6v1e1;Atp6v1f;Atp6v1g1;Atp6v1g2;Atp6v1h;Cox5a;Cyc1;Ndufa10;Ndufa2;Ndufb7;Ndufs1;Ndufs2;Ndufs3;Ndufs4;Ndufs7;Ndufs8;Ndufv1;Ndufv2;Tcirg1;Uqcrfs1;Uqcrh
KEGG:Oxidative phosphorylation	GO:0015078	0.3051948051948052	47	Atp5a1;Atp5b;Atp5c1;Atp5d;Atp5e;Atp5f1;Atp5g1;Atp5g2;Atp5g3;Atp5h;Atp5j;Atp5j2;Atp5k;Atp5l;Atp5o;Atp6v0a1;Atp6v0a2;Atp6v0b;Atp6v0c;Atp6v0d1;Atp6v0d2;Atp6v0e;Atp6v1a;Atp6v1b2;Atp6v1c1;Atp6v1d;Atp6v1e1;Atp6v1f;Atp6v1g1;Atp6v1g2;Atp6v1h;Cox5a;Cyc1;Ndufa10;Ndufa2;Ndufb7;Ndufs1;Ndufs2;Ndufs3;Ndufs4;Ndufs7;Ndufs8;Ndufv1;Ndufv2;Tcirg1;Uqcrfs1;Uqcrh
GO:0009060	KEGG:Thermogenesis	0.2781954887218045	74	Atp5a1;Atp5b;Atp5c1;Atp5d;Atp5e;Atp5f1;Atp5h;Atp5j;Atp5j2;Atp5k;Atp5o;Cox10;Cox4i1;Cox5a;Cox5b;Cox6a1;Cox6b1;Cox6c;Cox7a2;Cox7a2l;Cox7b;Cox7c;Cox8a;Cyc1;Ndufa1;Ndufa10;Ndufa11;Ndufa12;Ndufa13;Ndufa2;Ndufa3;Ndufa5;Ndufa6;Ndufa7;Ndufa8;Ndufa9;Ndufab1;Ndufaf1;Ndufb10;Ndufb11;Ndufb2;Ndufb3;Ndufb4;Ndufb5;Ndufb6;Ndufb7;Ndufb8;Ndufb9;Ndufc1;Ndufc2;Ndufs1;Ndufs2;Ndufs3;Ndufs4;Ndufs5;Ndufs6;Ndufs7;Ndufs8;Ndufv1;Ndufv2;Ndufv3;Sdha;Sdhb;Sdhc;Sdhd;Sirt6;Uqcr10;Uqcr11;Uqcrb;Uqcrc1;Uqcrc2;Uqcrfs1;Uqcrh;Uqcrq
GO:0009060	GO:0015980	0.7148760330578512	173	1700066M21Rik;Aco2;Adpgk;Adsl;Ahdc1;Aldoa;Atp5a1;Atp5b;Atp5c1;Atp5d;Atp5e;Atp5f1;Atp5h;Atp5j;Atp5j2;Atp5k;Atp5o;Bcl2l13;Bid;Bloc1s1;Bpgm;Cat;Coq7;Coq9;Cox10;Cox4i1;Cox5a;Cox5b;Cox6a1;Cox6b1;Cox6c;Cox7a2;Cox7a2l;Cox7b;Cox7c;Cox8a;Cs;Cyc1;Cycs;Dguok;Dlat;Dld;Dlst;Eno1;Eno3;Enpp1;Ep300;Fam210b;Fh1;Fkrp;Foxk1;Foxk2;Fxn;Gale;Galk1;Galt;Gapdh;Gpi1;Hk1;Hk2;Idh1;Idh2;Idh3a;Idh3b;Idh3g;Khk;Lipa;Mdh1;Mdh2;Mfn2;Mfsd8;Mpc1;Mpc2;Mpi;Mrps36;Msh2;Mtch2;Mtfr1;Mtfr1l;Mttp;Ndufa1;Ndufa10;Ndufa11;Ndufa12;Ndufa13;Ndufa2;Ndufa3;Ndufa5;Ndufa6;Ndufa7;Ndufa8;Ndufa9;Ndufab1;Ndufaf1;Ndufb1-ps;Ndufb10;Ndufb11;Ndufb2;Ndufb3;Ndufb4;Ndufb5;Ndufb6;Ndufb7;Ndufb8;Ndufb9;Ndufc1;Ndufc2;Ndufs1;Ndufs2;Ndufs3;Ndufs4;Ndufs5;Ndufs6;Ndufs7;Ndufs8;Ndufv1;Ndufv2;Ndufv3;Ogdh;Oxa1l;Pank2;Pdha1;Pdhb;Pdhx;Pfkfb2;Pfkfb3;Pfkfb4;Pfkl;Pfkm;Pfkp;Pgam1;Pgk1;Pkm;Ran;Sdha;Sdhaf2;Sdhb;Sdhc;Sdhd;Sirt3;Sirt6;Slc25a51;Stoml2;Sucla2;Suclg1;Suclg2;Tkfc;Tpi1;Ucp2;Uqcc3;Uqcr10;Uqcr11;Uqcrb;Uqcrc1;Uqcrc2;Uqcrfs1;Uqcrh;Uqcrq;Vdac1;Xpo4;mt-Atp6;mt-Atp8;mt-Co1;mt-Co2;mt-Co3;mt-Cytb;mt-Nd1;mt-Nd2;mt-Nd3;mt-Nd4;mt-Nd4l;mt-Nd5;mt-Nd6
GO:0009060	KEGG:Parkinson disease	0.3497536945812808	71	Atp5a1;Atp5b;Atp5c1;Atp5d;Atp5e;Atp5f1;Atp5h;Atp5j;Atp5o;Cox4i1;Cox5a;Cox5b;Cox6a1;Cox6b1;Cox6c;Cox7a2;Cox7a2l;Cox7b;Cox7c;Cox8a;Cyc1;Cycs;Ndufa1;Ndufa10;Ndufa11;Ndufa12;Ndufa13;Ndufa2;Ndufa3;Ndufa5;Ndufa6;Ndufa7;Ndufa8;Ndufa9;Ndufab1;Ndufb10;Ndufb11;Ndufb2;Ndufb3;Ndufb4;Ndufb5;Ndufb6;Ndufb7;Ndufb8;Ndufb9;Ndufc1;Ndufc2;Ndufs1;Ndufs2;Ndufs3;Ndufs4;Ndufs5;Ndufs6;Ndufs7;Ndufs8;Ndufv1;Ndufv2;Ndufv3;Sdha;Sdhb;Sdhc;Sdhd;Uqcr10;Uqcr11;Uqcrb;Uqcrc1;Uqcrc2;Uqcrfs1;Uqcrh;Uqcrq;Vdac1
GO:0009060	GO:0015986	0.3559322033898305	63	Atp5a1;Atp5b;Atp5c1;Atp5d;Atp5e;Atp5f1;Atp5h;Atp5j;Atp5j2;Atp5k;Atp5o;Fam210b;Ndufa1;Ndufa10;Ndufa11;Ndufa12;Ndufa13;Ndufa2;Ndufa3;Ndufa5;Ndufa6;Ndufa7;Ndufa8;Ndufa9;Ndufab1;Ndufb1-ps;Ndufb10;Ndufb11;Ndufb2;Ndufb3;Ndufb4;Ndufb5;Ndufb6;Ndufb7;Ndufb8;Ndufb9;Ndufc1;Ndufc2;Ndufs1;Ndufs2;Ndufs3;Ndufs4;Ndufs5;Ndufs6;Ndufs7;Ndufs8;Ndufv1;Ndufv2;Ndufv3;Sdha;Sdhb;Sdhc;Sdhd;Stoml2;mt-Atp6;mt-Atp8;mt-Nd1;mt-Nd2;mt-Nd3;mt-Nd4;mt-Nd4l;mt-Nd5;mt-Nd6
GO:0009060	KEGG:Huntington disease	0.2975206611570248	72	Atp5a1;Atp5b;Atp5c1;Atp5d;Atp5e;Atp5f1;Atp5h;Atp5j;Atp5o;Cox4i1;Cox5a;Cox5b;Cox6a1;Cox6b1;Cox6c;Cox7a2;Cox7a2l;Cox7b;Cox7c;Cox8a;Cyc1;Cycs;Ep300;Ndufa1;Ndufa10;Ndufa11;Ndufa12;Ndufa13;Ndufa2;Ndufa3;Ndufa5;Ndufa6;Ndufa7;Ndufa8;Ndufa9;Ndufab1;Ndufb10;Ndufb11;Ndufb2;Ndufb3;Ndufb4;Ndufb5;Ndufb6;Ndufb7;Ndufb8;Ndufb9;Ndufc1;Ndufc2;Ndufs1;Ndufs2;Ndufs3;Ndufs4;Ndufs5;Ndufs6;Ndufs7;Ndufs8;Ndufv1;Ndufv2;Ndufv3;Sdha;Sdhb;Sdhc;Sdhd;Uqcr10;Uqcr11;Uqcrb;Uqcrc1;Uqcrc2;Uqcrfs1;Uqcrh;Uqcrq;Vdac1
GO:0009060	KEGG:Alzheimer disease	0.3157894736842105	72	Atp5a1;Atp5b;Atp5c1;Atp5d;Atp5e;Atp5f1;Atp5h;Atp5j;Atp5o;Bid;Cox4i1;Cox5a;Cox5b;Cox6a1;Cox6b1;Cox6c;Cox7a2;Cox7a2l;Cox7b;Cox7c;Cox8a;Cyc1;Cycs;Gapdh;Ndufa1;Ndufa10;Ndufa11;Ndufa12;Ndufa13;Ndufa2;Ndufa3;Ndufa5;Ndufa6;Ndufa7;Ndufa8;Ndufa9;Ndufab1;Ndufb10;Ndufb11;Ndufb2;Ndufb3;Ndufb4;Ndufb5;Ndufb6;Ndufb7;Ndufb8;Ndufb9;Ndufc1;Ndufc2;Ndufs1;Ndufs2;Ndufs3;Ndufs4;Ndufs5;Ndufs6;Ndufs7;Ndufs8;Ndufv1;Ndufv2;Ndufv3;Sdha;Sdhb;Sdhc;Sdhd;Uqcr10;Uqcr11;Uqcrb;Uqcrc1;Uqcrc2;Uqcrfs1;Uqcrh;Uqcrq
GO:0009060	KEGG:Non-alcoholic fatty liver disease (NAFLD)	0.27312775330396477	62	Bid;Cox4i1;Cox5a;Cox5b;Cox6a1;Cox6b1;Cox6c;Cox7a2;Cox7a2l;Cox7b;Cox7c;Cox8a;Cyc1;Cycs;Ndufa1;Ndufa10;Ndufa11;Ndufa12;Ndufa13;Ndufa2;Ndufa3;Ndufa5;Ndufa6;Ndufa7;Ndufa8;Ndufa9;Ndufab1;Ndufb10;Ndufb11;Ndufb2;Ndufb3;Ndufb4;Ndufb5;Ndufb6;Ndufb7;Ndufb8;Ndufb9;Ndufc1;Ndufc2;Ndufs1;Ndufs2;Ndufs3;Ndufs4;Ndufs5;Ndufs6;Ndufs7;Ndufs8;Ndufv1;Ndufv2;Ndufv3;Sdha;Sdhb;Sdhc;Sdhd;Uqcr10;Uqcr11;Uqcrb;Uqcrc1;Uqcrc2;Uqcrfs1;Uqcrh;Uqcrq
GO:0009060	GO:0046034	0.4855769230769231	101	Adpgk;Aldoa;Atp5a1;Atp5b;Atp5c1;Atp5d;Atp5e;Atp5f1;Atp5h;Atp5j;Atp5j2;Atp5k;Atp5o;Bcl2l13;Bpgm;Eno1;Eno3;Enpp1;Ep300;Fam210b;Fkrp;Foxk1;Foxk2;Gale;Galk1;Galt;Gapdh;Gpi1;Hk1;Hk2;Khk;Lipa;Mfsd8;Mpi;Mttp;Ndufa1;Ndufa10;Ndufa11;Ndufa12;Ndufa13;Ndufa2;Ndufa3;Ndufa5;Ndufa6;Ndufa7;Ndufa8;Ndufa9;Ndufab1;Ndufb1-ps;Ndufb10;Ndufb11;Ndufb2;Ndufb3;Ndufb4;Ndufb5;Ndufb6;Ndufb7;Ndufb8;Ndufb9;Ndufc1;Ndufc2;Ndufs1;Ndufs2;Ndufs3;Ndufs4;Ndufs5;Ndufs6;Ndufs7;Ndufs8;Ndufv1;Ndufv2;Ndufv3;Pfkfb2;Pfkfb3;Pfkfb4;Pfkl;Pfkm;Pfkp;Pgam1;Pgk1;Pkm;Ran;Sdha;Sdhb;Sdhc;Sdhd;Sirt6;Stoml2;Tkfc;Tpi1;Ucp2;Xpo4;mt-Atp6;mt-Atp8;mt-Nd1;mt-Nd2;mt-Nd3;mt-Nd4;mt-Nd4l;mt-Nd5;mt-Nd6
GO:0009060	GO:0009142	0.3283582089552239	66	Aldoa;Atp5a1;Atp5b;Atp5c1;Atp5d;Atp5e;Atp5f1;Atp5h;Atp5j;Atp5j2;Atp5k;Atp5o;Bcl2l13;Fam210b;Lipa;Ndufa1;Ndufa10;Ndufa11;Ndufa12;Ndufa13;Ndufa2;Ndufa3;Ndufa5;Ndufa6;Ndufa7;Ndufa8;Ndufa9;Ndufab1;Ndufb1-ps;Ndufb10;Ndufb11;Ndufb2;Ndufb3;Ndufb4;Ndufb5;Ndufb6;Ndufb7;Ndufb8;Ndufb9;Ndufc1;Ndufc2;Ndufs1;Ndufs2;Ndufs3;Ndufs4;Ndufs5;Ndufs6;Ndufs7;Ndufs8;Ndufv1;Ndufv2;Ndufv3;Sdha;Sdhb;Sdhc;Sdhd;Stoml2;mt-Atp6;mt-Atp8;mt-Nd1;mt-Nd2;mt-Nd3;mt-Nd4;mt-Nd4l;mt-Nd5;mt-Nd6
GO:0009060	GO:0009152	0.3073394495412844	67	Adsl;Aldoa;Atp5a1;Atp5b;Atp5c1;Atp5d;Atp5e;Atp5f1;Atp5h;Atp5j;Atp5j2;Atp5k;Atp5o;Bcl2l13;Fam210b;Lipa;Ndufa1;Ndufa10;Ndufa11;Ndufa12;Ndufa13;Ndufa2;Ndufa3;Ndufa5;Ndufa6;Ndufa7;Ndufa8;Ndufa9;Ndufab1;Ndufb1-ps;Ndufb10;Ndufb11;Ndufb2;Ndufb3;Ndufb4;Ndufb5;Ndufb6;Ndufb7;Ndufb8;Ndufb9;Ndufc1;Ndufc2;Ndufs1;Ndufs2;Ndufs3;Ndufs4;Ndufs5;Ndufs6;Ndufs7;Ndufs8;Ndufv1;Ndufv2;Ndufv3;Sdha;Sdhb;Sdhc;Sdhd;Stoml2;mt-Atp6;mt-Atp8;mt-Nd1;mt-Nd2;mt-Nd3;mt-Nd4;mt-Nd4l;mt-Nd5;mt-Nd6
GO:0009060	GO:0042775	0.3352601156069364	58	Bid;Coq7;Coq9;Cox4i1;Cox5a;Cox5b;Cox6a1;Cox7a2;Cox7a2l;Cox7b;Cox7c;Cox8a;Cyc1;Cycs;Dguok;Dld;Mtch2;Ndufa10;Ndufa11;Ndufa12;Ndufa7;Ndufa8;Ndufaf1;Ndufb6;Ndufb8;Ndufb9;Ndufc2;Ndufs1;Ndufs2;Ndufs3;Ndufs6;Ndufs7;Ndufs8;Ndufv1;Ndufv2;Ndufv3;Sdha;Sdhaf2;Sdhb;Sdhc;Sdhd;Uqcc3;Uqcr10;Uqcr11;Uqcrb;Uqcrc1;Uqcrc2;Uqcrfs1;Uqcrh;Uqcrq;mt-Co3;mt-Cytb;mt-Nd1;mt-Nd2;mt-Nd3;mt-Nd4;mt-Nd5;mt-Nd6
GO:0009060	GO:0009150	0.37362637362637363	102	Adpgk;Adsl;Aldoa;Atp5a1;Atp5b;Atp5c1;Atp5d;Atp5e;Atp5f1;Atp5h;Atp5j;Atp5j2;Atp5k;Atp5o;Bcl2l13;Bpgm;Eno1;Eno3;Enpp1;Ep300;Fam210b;Fkrp;Foxk1;Foxk2;Gale;Galk1;Galt;Gapdh;Gpi1;Hk1;Hk2;Khk;Lipa;Mfsd8;Mpi;Mttp;Ndufa1;Ndufa10;Ndufa11;Ndufa12;Ndufa13;Ndufa2;Ndufa3;Ndufa5;Ndufa6;Ndufa7;Ndufa8;Ndufa9;Ndufab1;Ndufb1-ps;Ndufb10;Ndufb11;Ndufb2;Ndufb3;Ndufb4;Ndufb5;Ndufb6;Ndufb7;Ndufb8;Ndufb9;Ndufc1;Ndufc2;Ndufs1;Ndufs2;Ndufs3;Ndufs4;Ndufs5;Ndufs6;Ndufs7;Ndufs8;Ndufv1;Ndufv2;Ndufv3;Pfkfb2;Pfkfb3;Pfkfb4;Pfkl;Pfkm;Pfkp;Pgam1;Pgk1;Pkm;Ran;Sdha;Sdhb;Sdhc;Sdhd;Sirt6;Stoml2;Tkfc;Tpi1;Ucp2;Xpo4;mt-Atp6;mt-Atp8;mt-Nd1;mt-Nd2;mt-Nd3;mt-Nd4;mt-Nd4l;mt-Nd5;mt-Nd6
GO:0009060	GO:0022900	0.33678756476683935	65	Bid;Coq7;Coq9;Cox4i1;Cox5a;Cox5b;Cox6a1;Cox7a2;Cox7a2l;Cox7b;Cox7c;Cox8a;Cyc1;Cycs;Dguok;Dld;Mtch2;Ndufa10;Ndufa11;Ndufa12;Ndufa5;Ndufa7;Ndufa8;Ndufaf1;Ndufb3;Ndufb6;Ndufb8;Ndufb9;Ndufc2;Ndufs1;Ndufs2;Ndufs3;Ndufs4;Ndufs6;Ndufs7;Ndufs8;Ndufv1;Ndufv2;Ndufv3;Sdha;Sdhaf2;Sdhb;Sdhc;Sdhd;Slc25a51;Uqcc3;Uqcr10;Uqcr11;Uqcrb;Uqcrc1;Uqcrc2;Uqcrfs1;Uqcrh;Uqcrq;mt-Co1;mt-Co2;mt-Co3;mt-Cytb;mt-Nd1;mt-Nd2;mt-Nd3;mt-Nd4;mt-Nd4l;mt-Nd5;mt-Nd6
GO:0009060	GO:0009165	0.2641509433962264	70	Adsl;Aldoa;Atp5a1;Atp5b;Atp5c1;Atp5d;Atp5e;Atp5f1;Atp5h;Atp5j;Atp5j2;Atp5k;Atp5o;Bcl2l13;Dguok;Fam210b;Idh2;Lipa;Ndufa1;Ndufa10;Ndufa11;Ndufa12;Ndufa13;Ndufa2;Ndufa3;Ndufa5;Ndufa6;Ndufa7;Ndufa8;Ndufa9;Ndufab1;Ndufb1-ps;Ndufb10;Ndufb11;Ndufb2;Ndufb3;Ndufb4;Ndufb5;Ndufb6;Ndufb7;Ndufb8;Ndufb9;Ndufc1;Ndufc2;Ndufs1;Ndufs2;Ndufs3;Ndufs4;Ndufs5;Ndufs6;Ndufs7;Ndufs8;Ndufv1;Ndufv2;Ndufv3;Sdha;Sdhb;Sdhc;Sdhd;Slc25a51;Stoml2;mt-Atp6;mt-Atp8;mt-Nd1;mt-Nd2;mt-Nd3;mt-Nd4;mt-Nd4l;mt-Nd5;mt-Nd6
GO:0009060	GO:0072522	0.2988929889298893	81	Adsl;Aldoa;Atp5a1;Atp5b;Atp5c1;Atp5d;Atp5e;Atp5f1;Atp5h;Atp5j;Atp5j2;Atp5k;Atp5o;Bcl2l13;Dguok;Dlat;Dld;Dlst;Fam210b;Idh2;Lipa;Mpc1;Mpc2;Ndufa1;Ndufa10;Ndufa11;Ndufa12;Ndufa13;Ndufa2;Ndufa3;Ndufa5;Ndufa6;Ndufa7;Ndufa8;Ndufa9;Ndufab1;Ndufb1-ps;Ndufb10;Ndufb11;Ndufb2;Ndufb3;Ndufb4;Ndufb5;Ndufb6;Ndufb7;Ndufb8;Ndufb9;Ndufc1;Ndufc2;Ndufs1;Ndufs2;Ndufs3;Ndufs4;Ndufs5;Ndufs6;Ndufs7;Ndufs8;Ndufv1;Ndufv2;Ndufv3;Ogdh;Pank2;Pdha1;Pdhb;Pdhx;Sdha;Sdhb;Sdhc;Sdhd;Slc25a51;Stoml2;Vdac1;mt-Atp6;mt-Atp8;mt-Nd1;mt-Nd2;mt-Nd3;mt-Nd4;mt-Nd4l;mt-Nd5;mt-Nd6
GO:0009060	GO:0009117	0.3008356545961003	108	Adpgk;Adsl;Aldoa;Atp5a1;Atp5b;Atp5c1;Atp5d;Atp5e;Atp5f1;Atp5h;Atp5j;Atp5j2;Atp5k;Atp5o;Bcl2l13;Bpgm;Dguok;Eno1;Eno3;Enpp1;Ep300;Fam210b;Fkrp;Foxk1;Foxk2;Gale;Galk1;Galt;Gapdh;Gpi1;Hk1;Hk2;Idh1;Idh2;Khk;Lipa;Mdh1;Mdh2;Mfsd8;Mpi;Mttp;Ndufa1;Ndufa10;Ndufa11;Ndufa12;Ndufa13;Ndufa2;Ndufa3;Ndufa5;Ndufa6;Ndufa7;Ndufa8;Ndufa9;Ndufab1;Ndufb1-ps;Ndufb10;Ndufb11;Ndufb2;Ndufb3;Ndufb4;Ndufb5;Ndufb6;Ndufb7;Ndufb8;Ndufb9;Ndufc1;Ndufc2;Ndufs1;Ndufs2;Ndufs3;Ndufs4;Ndufs5;Ndufs6;Ndufs7;Ndufs8;Ndufv1;Ndufv2;Ndufv3;Pfkfb2;Pfkfb3;Pfkfb4;Pfkl;Pfkm;Pfkp;Pgam1;Pgk1;Pkm;Ran;Sdha;Sdhb;Sdhc;Sdhd;Sirt6;Slc25a51;Stoml2;Tkfc;Tpi1;Ucp2;Xpo4;mt-Atp6;mt-Atp8;mt-Nd1;mt-Nd2;mt-Nd3;mt-Nd4;mt-Nd4l;mt-Nd5;mt-Nd6
GO:0009060	GO:0006753	0.271523178807947	123	Adpgk;Adsl;Aldoa;Atp5a1;Atp5b;Atp5c1;Atp5d;Atp5e;Atp5f1;Atp5h;Atp5j;Atp5j2;Atp5k;Atp5o;Bcl2l13;Bpgm;Cs;Dguok;Dlat;Dld;Dlst;Eno1;Eno3;Enpp1;Ep300;Fam210b;Fkrp;Foxk1;Foxk2;Gale;Galk1;Galt;Gapdh;Gpi1;Hk1;Hk2;Idh1;Idh2;Khk;Lipa;Mdh1;Mdh2;Mfsd8;Mpc1;Mpc2;Mpi;Mttp;Ndufa1;Ndufa10;Ndufa11;Ndufa12;Ndufa13;Ndufa2;Ndufa3;Ndufa5;Ndufa6;Ndufa7;Ndufa8;Ndufa9;Ndufab1;Ndufb1-ps;Ndufb10;Ndufb11;Ndufb2;Ndufb3;Ndufb4;Ndufb5;Ndufb6;Ndufb7;Ndufb8;Ndufb9;Ndufc1;Ndufc2;Ndufs1;Ndufs2;Ndufs3;Ndufs4;Ndufs5;Ndufs6;Ndufs7;Ndufs8;Ndufv1;Ndufv2;Ndufv3;Ogdh;Pank2;Pdha1;Pdhb;Pdhx;Pfkfb2;Pfkfb3;Pfkfb4;Pfkl;Pfkm;Pfkp;Pgam1;Pgk1;Pkm;Ran;Sdha;Sdhb;Sdhc;Sdhd;Sirt6;Slc25a51;Stoml2;Sucla2;Suclg1;Suclg2;Tkfc;Tpi1;Ucp2;Vdac1;Xpo4;mt-Atp6;mt-Atp8;mt-Nd1;mt-Nd2;mt-Nd3;mt-Nd4;mt-Nd4l;mt-Nd5;mt-Nd6
GO:0003735	GO:0140236	0.29559748427672955	47	Rpl10;Rpl10a;Rpl12;Rpl13;Rpl13a;Rpl14;Rpl15;Rpl17;Rpl22;Rpl23;Rpl23a;Rpl24;Rpl26;Rpl27;Rpl27a;Rpl28;Rpl29;Rpl32;Rpl34;Rpl35;Rpl35a;Rpl36;Rpl36a;Rpl37;Rpl37a;Rpl38;Rpl4;Rpl5;Rpl6;Rpl7;Rpl7a;Rpl8;Rpl9;Rplp2;Rps10;Rps11;Rps12;Rps14;Rps15a;Rps16;Rps24;Rps26;Rps27;Rps27a;Rps28;Rps5;Uba52
GO:0003735	GO:0002181	0.3074074074074074	83	Fau;Gm6133;Rpl10;Rpl10a;Rpl11;Rpl12;Rpl13;Rpl13a;Rpl14;Rpl15;Rpl17;Rpl18;Rpl18a;Rpl19;Rpl21;Rpl22;Rpl22l1;Rpl23;Rpl23a;Rpl24;Rpl26;Rpl27;Rpl27a;Rpl28;Rpl29;Rpl3;Rpl30;Rpl31;Rpl32;Rpl34;Rpl35;Rpl35a;Rpl36;Rpl36a;Rpl36a-ps1;Rpl37;Rpl37a;Rpl38;Rpl39;Rpl39l;Rpl4;Rpl41;Rpl5;Rpl6;Rpl7;Rpl7a;Rpl8;Rpl9;Rpl9-ps6;Rplp0;Rplp1;Rplp2;Rps10;Rps11;Rps12;Rps13;Rps14;Rps15;Rps15a;Rps16;Rps17;Rps18;Rps19;Rps2;Rps20;Rps21;Rps23;Rps24;Rps25;Rps26;Rps27a;Rps28;Rps29;Rps3;Rps3a1;Rps4x;Rps5;Rps6;Rps7;Rps8;Rps9;Rpsa;Uba52
GO:0003735	GO:0005198	0.45170454545454547	159	AY036118;Dap3;Fau;Gadd45gip1;Gm6133;Isg15;Mrpl1;Mrpl10;Mrpl11;Mrpl12;Mrpl13;Mrpl14;Mrpl15;Mrpl16;Mrpl17;Mrpl18;Mrpl19;Mrpl2;Mrpl20;Mrpl21;Mrpl22;Mrpl23;Mrpl24;Mrpl27;Mrpl28;Mrpl3;Mrpl30;Mrpl32;Mrpl33;Mrpl34;Mrpl35;Mrpl36;Mrpl37;Mrpl39;Mrpl4;Mrpl41;Mrpl43;Mrpl45;Mrpl46;Mrpl47;Mrpl49;Mrpl51;Mrpl52;Mrpl54;Mrpl55;Mrpl57;Mrpl9;Mrps10;Mrps11;Mrps12;Mrps14;Mrps15;Mrps16;Mrps17;Mrps18a;Mrps18b;Mrps18c;Mrps2;Mrps21;Mrps22;Mrps23;Mrps24;Mrps25;Mrps30;Mrps31;Mrps34;Mrps35;Mrps5;Mrps6;Mrps7;Mrps9;Rpl10;Rpl10a;Rpl11;Rpl12;Rpl13;Rpl13a;Rpl14;Rpl15;Rpl17;Rpl18;Rpl18a;Rpl19;Rpl21;Rpl22;Rpl22l1;Rpl23;Rpl23a;Rpl24;Rpl26;Rpl27;Rpl27a;Rpl28;Rpl29;Rpl3;Rpl30;Rpl31;Rpl32;Rpl34;Rpl35;Rpl35a;Rpl36;Rpl36a;Rpl36a-ps1;Rpl37;Rpl37a;Rpl38;Rpl39;Rpl39l;Rpl4;Rpl41;Rpl5;Rpl6;Rpl7;Rpl7a;Rpl7l1;Rpl8;Rpl9;Rpl9-ps6;Rplp0;Rplp1;Rplp2;Rps10;Rps11;Rps12;Rps13;Rps14;Rps15;Rps15a;Rps16;Rps17;Rps18;Rps19;Rps2;Rps20;Rps21;Rps23;Rps24;Rps25;Rps26;Rps27;Rps27a;Rps27l;Rps28;Rps29;Rps3;Rps3a1;Rps4x;Rps5;Rps6;Rps7;Rps8;Rps9;Rpsa;Rsl24d1;Srbd1;Uba52;Ubb;Ubc
GO:0003735	GO:1901740	0.2795031055900621	45	Rpl10;Rpl10a;Rpl11;Rpl12;Rpl13;Rpl13a;Rpl14;Rpl15;Rpl17;Rpl18;Rpl18a;Rpl19;Rpl21;Rpl23;Rpl23a;Rpl24;Rpl26;Rpl27;Rpl27a;Rpl28;Rpl29;Rpl30;Rpl31;Rpl32;Rpl34;Rpl35;Rpl35a;Rpl36;Rpl36a;Rpl37;Rpl37a;Rpl38;Rpl39;Rpl4;Rpl41;Rpl5;Rpl6;Rpl7;Rpl7a;Rpl8;Rpl9;Rplp0;Rplp1;Rplp2;Uba52
GO:0003735	GO:0060142	0.2542372881355932	45	Rpl10;Rpl10a;Rpl11;Rpl12;Rpl13;Rpl13a;Rpl14;Rpl15;Rpl17;Rpl18;Rpl18a;Rpl19;Rpl21;Rpl23;Rpl23a;Rpl24;Rpl26;Rpl27;Rpl27a;Rpl28;Rpl29;Rpl30;Rpl31;Rpl32;Rpl34;Rpl35;Rpl35a;Rpl36;Rpl36a;Rpl37;Rpl37a;Rpl38;Rpl39;Rpl4;Rpl41;Rpl5;Rpl6;Rpl7;Rpl7a;Rpl8;Rpl9;Rplp0;Rplp1;Rplp2;Uba52
GO:0003735	GO:0006412	0.39331619537275064	153	Dap3;Fau;Gadd45gip1;Gm6133;Mrpl1;Mrpl10;Mrpl11;Mrpl12;Mrpl13;Mrpl14;Mrpl15;Mrpl16;Mrpl17;Mrpl18;Mrpl19;Mrpl2;Mrpl20;Mrpl21;Mrpl22;Mrpl23;Mrpl24;Mrpl27;Mrpl28;Mrpl3;Mrpl30;Mrpl32;Mrpl33;Mrpl34;Mrpl35;Mrpl36;Mrpl37;Mrpl39;Mrpl4;Mrpl41;Mrpl43;Mrpl45;Mrpl46;Mrpl47;Mrpl49;Mrpl51;Mrpl52;Mrpl54;Mrpl55;Mrpl57;Mrpl9;Mrps10;Mrps11;Mrps12;Mrps14;Mrps15;Mrps16;Mrps17;Mrps18a;Mrps18b;Mrps18c;Mrps2;Mrps21;Mrps22;Mrps23;Mrps24;Mrps25;Mrps30;Mrps31;Mrps34;Mrps35;Mrps5;Mrps6;Mrps7;Mrps9;Rpl10;Rpl10a;Rpl11;Rpl12;Rpl13;Rpl13a;Rpl14;Rpl15;Rpl17;Rpl18;Rpl18a;Rpl19;Rpl21;Rpl22;Rpl22l1;Rpl23;Rpl23a;Rpl24;Rpl26;Rpl27;Rpl27a;Rpl28;Rpl29;Rpl3;Rpl30;Rpl31;Rpl32;Rpl34;Rpl35;Rpl35a;Rpl36;Rpl36a;Rpl36a-ps1;Rpl37;Rpl37a;Rpl38;Rpl39;Rpl39l;Rpl4;Rpl41;Rpl5;Rpl6;Rpl7;Rpl7a;Rpl8;Rpl9;Rpl9-ps6;Rplp0;Rplp1;Rplp2;Rps10;Rps11;Rps12;Rps13;Rps14;Rps15;Rps15a;Rps16;Rps17;Rps18;Rps19;Rps2;Rps20;Rps21;Rps23;Rps24;Rps25;Rps26;Rps27;Rps27a;Rps27l;Rps28;Rps29;Rps3;Rps3a1;Rps4x;Rps5;Rps6;Rps7;Rps8;Rps9;Rpsa;Srbd1;Uba52
KEGG:Thermogenesis	KEGG:Parkinson disease	0.38860103626943004	75	Atp5a1;Atp5b;Atp5c1;Atp5d;Atp5e;Atp5f1;Atp5g1;Atp5g2;Atp5g3;Atp5h;Atp5j;Atp5o;Cox4i1;Cox5a;Cox5b;Cox6a1;Cox6b1;Cox6c;Cox7a2;Cox7a2l;Cox7b;Cox7c;Cox8a;Cyc1;Ndufa1;Ndufa10;Ndufa11;Ndufa12;Ndufa13;Ndufa2;Ndufa3;Ndufa4;Ndufa5;Ndufa6;Ndufa7;Ndufa8;Ndufa9;Ndufab1;Ndufb10;Ndufb11;Ndufb2;Ndufb3;Ndufb4;Ndufb5;Ndufb6;Ndufb7;Ndufb8;Ndufb9;Ndufc1;Ndufc2;Ndufs1;Ndufs2;Ndufs3;Ndufs4;Ndufs5;Ndufs6;Ndufs7;Ndufs8;Ndufv1;Ndufv2;Ndufv3;Prkaca;Prkacb;Sdha;Sdhb;Sdhc;Sdhd;Uqcr10;Uqcr11;Uqcrb;Uqcrc1;Uqcrc2;Uqcrfs1;Uqcrh;Uqcrq
KEGG:Thermogenesis	GO:0015986	0.30726256983240224	55	Atp5a1;Atp5b;Atp5c1;Atp5d;Atp5e;Atp5f1;Atp5g1;Atp5g2;Atp5g3;Atp5h;Atp5j;Atp5j2;Atp5k;Atp5l;Atp5o;Ndufa1;Ndufa10;Ndufa11;Ndufa12;Ndufa13;Ndufa2;Ndufa3;Ndufa5;Ndufa6;Ndufa7;Ndufa8;Ndufa9;Ndufab1;Ndufb10;Ndufb11;Ndufb2;Ndufb3;Ndufb4;Ndufb5;Ndufb6;Ndufb7;Ndufb8;Ndufb9;Ndufc1;Ndufc2;Ndufs1;Ndufs2;Ndufs3;Ndufs4;Ndufs5;Ndufs6;Ndufs7;Ndufs8;Ndufv1;Ndufv2;Ndufv3;Sdha;Sdhb;Sdhc;Sdhd
KEGG:Thermogenesis	KEGG:Huntington disease	0.3333333333333333	77	Atp5a1;Atp5b;Atp5c1;Atp5d;Atp5e;Atp5f1;Atp5g1;Atp5g2;Atp5g3;Atp5h;Atp5j;Atp5o;Cox4i1;Cox5a;Cox5b;Cox6a1;Cox6b1;Cox6c;Cox7a2;Cox7a2l;Cox7b;Cox7c;Cox8a;Creb1;Creb3;Creb3l1;Creb3l2;Cyc1;Ndufa1;Ndufa10;Ndufa11;Ndufa12;Ndufa13;Ndufa2;Ndufa3;Ndufa4;Ndufa5;Ndufa6;Ndufa7;Ndufa8;Ndufa9;Ndufab1;Ndufb10;Ndufb11;Ndufb2;Ndufb3;Ndufb4;Ndufb5;Ndufb6;Ndufb7;Ndufb8;Ndufb9;Ndufc1;Ndufc2;Ndufs1;Ndufs2;Ndufs3;Ndufs4;Ndufs5;Ndufs6;Ndufs7;Ndufs8;Ndufv1;Ndufv2;Ndufv3;Sdha;Sdhb;Sdhc;Sdhd;Uqcr10;Uqcr11;Uqcrb;Uqcrc1;Uqcrc2;Uqcrfs1;Uqcrh;Uqcrq
KEGG:Thermogenesis	KEGG:Alzheimer disease	0.33031674208144796	73	Atp5a1;Atp5b;Atp5c1;Atp5d;Atp5e;Atp5f1;Atp5g1;Atp5g2;Atp5g3;Atp5h;Atp5j;Atp5o;Cox4i1;Cox5a;Cox5b;Cox6a1;Cox6b1;Cox6c;Cox7a2;Cox7a2l;Cox7b;Cox7c;Cox8a;Cyc1;Ndufa1;Ndufa10;Ndufa11;Ndufa12;Ndufa13;Ndufa2;Ndufa3;Ndufa4;Ndufa5;Ndufa6;Ndufa7;Ndufa8;Ndufa9;Ndufab1;Ndufb10;Ndufb11;Ndufb2;Ndufb3;Ndufb4;Ndufb5;Ndufb6;Ndufb7;Ndufb8;Ndufb9;Ndufc1;Ndufc2;Ndufs1;Ndufs2;Ndufs3;Ndufs4;Ndufs5;Ndufs6;Ndufs7;Ndufs8;Ndufv1;Ndufv2;Ndufv3;Sdha;Sdhb;Sdhc;Sdhd;Uqcr10;Uqcr11;Uqcrb;Uqcrc1;Uqcrc2;Uqcrfs1;Uqcrh;Uqcrq
KEGG:Thermogenesis	KEGG:Non-alcoholic fatty liver disease (NAFLD)	0.3101851851851852	67	Cox4i1;Cox5a;Cox5b;Cox6a1;Cox6b1;Cox6c;Cox7a2;Cox7a2l;Cox7b;Cox7c;Cox8a;Cyc1;Map3k5;Ndufa1;Ndufa10;Ndufa11;Ndufa12;Ndufa13;Ndufa2;Ndufa3;Ndufa4;Ndufa5;Ndufa6;Ndufa7;Ndufa8;Ndufa9;Ndufab1;Ndufb10;Ndufb11;Ndufb2;Ndufb3;Ndufb4;Ndufb5;Ndufb6;Ndufb7;Ndufb8;Ndufb9;Ndufc1;Ndufc2;Ndufs1;Ndufs2;Ndufs3;Ndufs4;Ndufs5;Ndufs6;Ndufs7;Ndufs8;Ndufv1;Ndufv2;Ndufv3;Prkaa1;Prkab1;Prkab2;Prkag1;Prkag2;Sdha;Sdhb;Sdhc;Sdhd;Uqcr10;Uqcr11;Uqcrb;Uqcrc1;Uqcrc2;Uqcrfs1;Uqcrh;Uqcrq
KEGG:Thermogenesis	GO:0009142	0.2731707317073171	56	Atp5a1;Atp5b;Atp5c1;Atp5d;Atp5e;Atp5f1;Atp5g1;Atp5g2;Atp5g3;Atp5h;Atp5j;Atp5j2;Atp5k;Atp5l;Atp5o;Cox11;Ndufa1;Ndufa10;Ndufa11;Ndufa12;Ndufa13;Ndufa2;Ndufa3;Ndufa5;Ndufa6;Ndufa7;Ndufa8;Ndufa9;Ndufab1;Ndufb10;Ndufb11;Ndufb2;Ndufb3;Ndufb4;Ndufb5;Ndufb6;Ndufb7;Ndufb8;Ndufb9;Ndufc1;Ndufc2;Ndufs1;Ndufs2;Ndufs3;Ndufs4;Ndufs5;Ndufs6;Ndufs7;Ndufs8;Ndufv1;Ndufv2;Ndufv3;Sdha;Sdhb;Sdhc;Sdhd
KEGG:Thermogenesis	GO:0009152	0.2681818181818182	59	Adcy3;Adcy6;Adcy7;Atp5a1;Atp5b;Atp5c1;Atp5d;Atp5e;Atp5f1;Atp5g1;Atp5g2;Atp5g3;Atp5h;Atp5j;Atp5j2;Atp5k;Atp5l;Atp5o;Cox11;Ndufa1;Ndufa10;Ndufa11;Ndufa12;Ndufa13;Ndufa2;Ndufa3;Ndufa5;Ndufa6;Ndufa7;Ndufa8;Ndufa9;Ndufab1;Ndufb10;Ndufb11;Ndufb2;Ndufb3;Ndufb4;Ndufb5;Ndufb6;Ndufb7;Ndufb8;Ndufb9;Ndufc1;Ndufc2;Ndufs1;Ndufs2;Ndufs3;Ndufs4;Ndufs5;Ndufs6;Ndufs7;Ndufs8;Ndufv1;Ndufv2;Ndufv3;Sdha;Sdhb;Sdhc;Sdhd
GO:0015980	KEGG:Parkinson disease	0.2656826568265683	72	Atp5a1;Atp5b;Atp5c1;Atp5d;Atp5e;Atp5f1;Atp5h;Atp5j;Atp5o;Cox4i1;Cox5a;Cox5b;Cox6a1;Cox6b1;Cox6c;Cox7a2;Cox7a2l;Cox7b;Cox7c;Cox8a;Cyc1;Cycs;Ndufa1;Ndufa10;Ndufa11;Ndufa12;Ndufa13;Ndufa2;Ndufa3;Ndufa5;Ndufa6;Ndufa7;Ndufa8;Ndufa9;Ndufab1;Ndufb10;Ndufb11;Ndufb2;Ndufb3;Ndufb4;Ndufb5;Ndufb6;Ndufb7;Ndufb8;Ndufb9;Ndufc1;Ndufc2;Ndufs1;Ndufs2;Ndufs3;Ndufs4;Ndufs5;Ndufs6;Ndufs7;Ndufs8;Ndufv1;Ndufv2;Ndufv3;Pink1;Sdha;Sdhb;Sdhc;Sdhd;Uqcr10;Uqcr11;Uqcrb;Uqcrc1;Uqcrc2;Uqcrfs1;Uqcrh;Uqcrq;Vdac1
GO:0015980	GO:0015986	0.25609756097560976	63	Atp5a1;Atp5b;Atp5c1;Atp5d;Atp5e;Atp5f1;Atp5h;Atp5j;Atp5j2;Atp5k;Atp5o;Fam210b;Ndufa1;Ndufa10;Ndufa11;Ndufa12;Ndufa13;Ndufa2;Ndufa3;Ndufa5;Ndufa6;Ndufa7;Ndufa8;Ndufa9;Ndufab1;Ndufb1-ps;Ndufb10;Ndufb11;Ndufb2;Ndufb3;Ndufb4;Ndufb5;Ndufb6;Ndufb7;Ndufb8;Ndufb9;Ndufc1;Ndufc2;Ndufs1;Ndufs2;Ndufs3;Ndufs4;Ndufs5;Ndufs6;Ndufs7;Ndufs8;Ndufv1;Ndufv2;Ndufv3;Sdha;Sdhb;Sdhc;Sdhd;Stoml2;mt-Atp6;mt-Atp8;mt-Nd1;mt-Nd2;mt-Nd3;mt-Nd4;mt-Nd4l;mt-Nd5;mt-Nd6
GO:0015980	GO:0046034	0.3795620437956204	104	Adpgk;Aldoa;Atp5a1;Atp5b;Atp5c1;Atp5d;Atp5e;Atp5f1;Atp5h;Atp5j;Atp5j2;Atp5k;Atp5o;Bcl2l13;Bpgm;Eno1;Eno3;Enpp1;Ep300;Fam210b;Fkrp;Foxk1;Foxk2;Gale;Galk1;Galt;Gapdh;Gpi1;Hk1;Hk2;Khk;Lipa;Mfsd8;Mpi;Mttp;Ndufa1;Ndufa10;Ndufa11;Ndufa12;Ndufa13;Ndufa2;Ndufa3;Ndufa5;Ndufa6;Ndufa7;Ndufa8;Ndufa9;Ndufab1;Ndufb1-ps;Ndufb10;Ndufb11;Ndufb2;Ndufb3;Ndufb4;Ndufb5;Ndufb6;Ndufb7;Ndufb8;Ndufb9;Ndufc1;Ndufc2;Ndufs1;Ndufs2;Ndufs3;Ndufs4;Ndufs5;Ndufs6;Ndufs7;Ndufs8;Ndufv1;Ndufv2;Ndufv3;Pfkfb2;Pfkfb3;Pfkfb4;Pfkl;Pfkm;Pfkp;Pgam1;Pgk1;Pkm;Ran;Sdha;Sdhb;Sdhc;Sdhd;Selenon;Sirt6;Slc25a13;Slc25a25;Stoml2;Tkfc;Tpi1;Ucp2;Xpo4;mt-Atp6;mt-Atp8;mt-Nd1;mt-Nd2;mt-Nd3;mt-Nd4;mt-Nd4l;mt-Nd5;mt-Nd6
GO:0015980	GO:0009150	0.30973451327433627	105	Adpgk;Adsl;Aldoa;Atp5a1;Atp5b;Atp5c1;Atp5d;Atp5e;Atp5f1;Atp5h;Atp5j;Atp5j2;Atp5k;Atp5o;Bcl2l13;Bpgm;Eno1;Eno3;Enpp1;Ep300;Fam210b;Fkrp;Foxk1;Foxk2;Gale;Galk1;Galt;Gapdh;Gpi1;Hk1;Hk2;Khk;Lipa;Mfsd8;Mpi;Mttp;Ndufa1;Ndufa10;Ndufa11;Ndufa12;Ndufa13;Ndufa2;Ndufa3;Ndufa5;Ndufa6;Ndufa7;Ndufa8;Ndufa9;Ndufab1;Ndufb1-ps;Ndufb10;Ndufb11;Ndufb2;Ndufb3;Ndufb4;Ndufb5;Ndufb6;Ndufb7;Ndufb8;Ndufb9;Ndufc1;Ndufc2;Ndufs1;Ndufs2;Ndufs3;Ndufs4;Ndufs5;Ndufs6;Ndufs7;Ndufs8;Ndufv1;Ndufv2;Ndufv3;Pfkfb2;Pfkfb3;Pfkfb4;Pfkl;Pfkm;Pfkp;Pgam1;Pgk1;Pkm;Ran;Sdha;Sdhb;Sdhc;Sdhd;Selenon;Sirt6;Slc25a13;Slc25a25;Stoml2;Tkfc;Tpi1;Ucp2;Xpo4;mt-Atp6;mt-Atp8;mt-Nd1;mt-Nd2;mt-Nd3;mt-Nd4;mt-Nd4l;mt-Nd5;mt-Nd6
GO:0015980	GO:0022900	0.3185483870967742	79	Aifm1;Aifm2;Bid;Coq7;Coq9;Cox4i1;Cox5a;Cox5b;Cox6a1;Cox7a2;Cox7a2l;Cox7b;Cox7c;Cox8a;Cyc1;Cycs;Dguok;Dld;Etfa;Etfb;Etfdh;Gba;Immp2l;Mtch2;Mybbp1a;Ndufa10;Ndufa11;Ndufa12;Ndufa5;Ndufa7;Ndufa8;Ndufaf1;Ndufb3;Ndufb6;Ndufb8;Ndufb9;Ndufc2;Ndufs1;Ndufs2;Ndufs3;Ndufs4;Ndufs6;Ndufs7;Ndufs8;Ndufv1;Ndufv2;Ndufv3;Pink1;Plec;Pum2;Sco2;Sdha;Sdhaf2;Sdhb;Sdhc;Sdhd;Slc25a51;Sod2;Uqcc3;Uqcr10;Uqcr11;Uqcrb;Uqcrc1;Uqcrc2;Uqcrfs1;Uqcrh;Uqcrq;Vps54;mt-Co1;mt-Co2;mt-Co3;mt-Cytb;mt-Nd1;mt-Nd2;mt-Nd3;mt-Nd4;mt-Nd4l;mt-Nd5;mt-Nd6
GO:0015980	GO:0009117	0.2641509433962264	112	Adpgk;Adsl;Aldoa;Atp5a1;Atp5b;Atp5c1;Atp5d;Atp5e;Atp5f1;Atp5h;Atp5j;Atp5j2;Atp5k;Atp5o;Bcl2l13;Bpgm;Dguok;Eno1;Eno3;Enpp1;Ep300;Fam210b;Fkrp;Foxk1;Foxk2;Gale;Galk1;Galt;Gapdh;Gpi1;Hk1;Hk2;Idh1;Idh2;Khk;Ldhb;Lipa;Mdh1;Mdh2;Mfsd8;Mpi;Mttp;Ndufa1;Ndufa10;Ndufa11;Ndufa12;Ndufa13;Ndufa2;Ndufa3;Ndufa5;Ndufa6;Ndufa7;Ndufa8;Ndufa9;Ndufab1;Ndufb1-ps;Ndufb10;Ndufb11;Ndufb2;Ndufb3;Ndufb4;Ndufb5;Ndufb6;Ndufb7;Ndufb8;Ndufb9;Ndufc1;Ndufc2;Ndufs1;Ndufs2;Ndufs3;Ndufs4;Ndufs5;Ndufs6;Ndufs7;Ndufs8;Ndufv1;Ndufv2;Ndufv3;Pfkfb2;Pfkfb3;Pfkfb4;Pfkl;Pfkm;Pfkp;Pgam1;Pgk1;Pkm;Ran;Sdha;Sdhb;Sdhc;Sdhd;Selenon;Sirt6;Slc25a13;Slc25a25;Slc25a51;Stoml2;Tkfc;Tpi1;Ucp2;Xpo4;mt-Atp6;mt-Atp8;mt-Nd1;mt-Nd2;mt-Nd3;mt-Nd4;mt-Nd4l;mt-Nd5;mt-Nd6
GO:0140236	GO:1901740	0.5666666666666667	34	Rpl10;Rpl10a;Rpl12;Rpl13;Rpl13a;Rpl14;Rpl15;Rpl17;Rpl23;Rpl23a;Rpl24;Rpl26;Rpl27;Rpl27a;Rpl28;Rpl29;Rpl32;Rpl34;Rpl35;Rpl35a;Rpl36;Rpl36a;Rpl37;Rpl37a;Rpl38;Rpl4;Rpl5;Rpl6;Rpl7;Rpl7a;Rpl8;Rpl9;Rplp2;Uba52
GO:0140236	GO:0060142	0.4473684210526316	34	Rpl10;Rpl10a;Rpl12;Rpl13;Rpl13a;Rpl14;Rpl15;Rpl17;Rpl23;Rpl23a;Rpl24;Rpl26;Rpl27;Rpl27a;Rpl28;Rpl29;Rpl32;Rpl34;Rpl35;Rpl35a;Rpl36;Rpl36a;Rpl37;Rpl37a;Rpl38;Rpl4;Rpl5;Rpl6;Rpl7;Rpl7a;Rpl8;Rpl9;Rplp2;Uba52
GO:0140236	GO:0006941	0.3469387755102041	34	Rpl10;Rpl10a;Rpl12;Rpl13;Rpl13a;Rpl14;Rpl15;Rpl17;Rpl23;Rpl23a;Rpl24;Rpl26;Rpl27;Rpl27a;Rpl28;Rpl29;Rpl32;Rpl34;Rpl35;Rpl35a;Rpl36;Rpl36a;Rpl37;Rpl37a;Rpl38;Rpl4;Rpl5;Rpl6;Rpl7;Rpl7a;Rpl8;Rpl9;Rplp2;Uba52
KEGG:Parkinson disease	GO:0015986	0.4482758620689655	52	Atp5a1;Atp5b;Atp5c1;Atp5d;Atp5e;Atp5f1;Atp5g1;Atp5g2;Atp5g3;Atp5h;Atp5j;Atp5o;Ndufa1;Ndufa10;Ndufa11;Ndufa12;Ndufa13;Ndufa2;Ndufa3;Ndufa5;Ndufa6;Ndufa7;Ndufa8;Ndufa9;Ndufab1;Ndufb10;Ndufb11;Ndufb2;Ndufb3;Ndufb4;Ndufb5;Ndufb6;Ndufb7;Ndufb8;Ndufb9;Ndufc1;Ndufc2;Ndufs1;Ndufs2;Ndufs3;Ndufs4;Ndufs5;Ndufs6;Ndufs7;Ndufs8;Ndufv1;Ndufv2;Ndufv3;Sdha;Sdhb;Sdhc;Sdhd
KEGG:Parkinson disease	KEGG:Huntington disease	0.5220125786163522	83	Apaf1;Atp5a1;Atp5b;Atp5c1;Atp5d;Atp5e;Atp5f1;Atp5g1;Atp5g2;Atp5g3;Atp5h;Atp5j;Atp5o;Casp3;Casp9;Cox4i1;Cox5a;Cox5b;Cox6a1;Cox6b1;Cox6c;Cox7a2;Cox7a2l;Cox7b;Cox7c;Cox8a;Cyc1;Cycs;Ndufa1;Ndufa10;Ndufa11;Ndufa12;Ndufa13;Ndufa2;Ndufa3;Ndufa4;Ndufa5;Ndufa6;Ndufa7;Ndufa8;Ndufa9;Ndufab1;Ndufb10;Ndufb11;Ndufb2;Ndufb3;Ndufb4;Ndufb5;Ndufb6;Ndufb7;Ndufb8;Ndufb9;Ndufc1;Ndufc2;Ndufs1;Ndufs2;Ndufs3;Ndufs4;Ndufs5;Ndufs6;Ndufs7;Ndufs8;Ndufv1;Ndufv2;Ndufv3;Ppif;Sdha;Sdhb;Sdhc;Sdhd;Slc25a4;Slc25a5;Uqcr10;Uqcr11;Uqcrb;Uqcrc1;Uqcrc2;Uqcrfs1;Uqcrh;Uqcrq;Vdac1;Vdac2;Vdac3
KEGG:Parkinson disease	KEGG:Alzheimer disease	0.5099337748344371	77	Apaf1;Atp5a1;Atp5b;Atp5c1;Atp5d;Atp5e;Atp5f1;Atp5g1;Atp5g2;Atp5g3;Atp5h;Atp5j;Atp5o;Casp3;Casp9;Cox4i1;Cox5a;Cox5b;Cox6a1;Cox6b1;Cox6c;Cox7a2;Cox7a2l;Cox7b;Cox7c;Cox8a;Cyc1;Cycs;Ndufa1;Ndufa10;Ndufa11;Ndufa12;Ndufa13;Ndufa2;Ndufa3;Ndufa4;Ndufa5;Ndufa6;Ndufa7;Ndufa8;Ndufa9;Ndufab1;Ndufb10;Ndufb11;Ndufb2;Ndufb3;Ndufb4;Ndufb5;Ndufb6;Ndufb7;Ndufb8;Ndufb9;Ndufc1;Ndufc2;Ndufs1;Ndufs2;Ndufs3;Ndufs4;Ndufs5;Ndufs6;Ndufs7;Ndufs8;Ndufv1;Ndufv2;Ndufv3;Sdha;Sdhb;Sdhc;Sdhd;Uqcr10;Uqcr11;Uqcrb;Uqcrc1;Uqcrc2;Uqcrfs1;Uqcrh;Uqcrq
KEGG:Parkinson disease	KEGG:Non-alcoholic fatty liver disease (NAFLD)	0.4090909090909091	63	Casp3;Cox4i1;Cox5a;Cox5b;Cox6a1;Cox6b1;Cox6c;Cox7a2;Cox7a2l;Cox7b;Cox7c;Cox8a;Cyc1;Cycs;Ndufa1;Ndufa10;Ndufa11;Ndufa12;Ndufa13;Ndufa2;Ndufa3;Ndufa4;Ndufa5;Ndufa6;Ndufa7;Ndufa8;Ndufa9;Ndufab1;Ndufb10;Ndufb11;Ndufb2;Ndufb3;Ndufb4;Ndufb5;Ndufb6;Ndufb7;Ndufb8;Ndufb9;Ndufc1;Ndufc2;Ndufs1;Ndufs2;Ndufs3;Ndufs4;Ndufs5;Ndufs6;Ndufs7;Ndufs8;Ndufv1;Ndufv2;Ndufv3;Sdha;Sdhb;Sdhc;Sdhd;Uqcr10;Uqcr11;Uqcrb;Uqcrc1;Uqcrc2;Uqcrfs1;Uqcrh;Uqcrq
KEGG:Parkinson disease	GO:0046034	0.2810810810810811	52	Atp5a1;Atp5b;Atp5c1;Atp5d;Atp5e;Atp5f1;Atp5g1;Atp5g2;Atp5g3;Atp5h;Atp5j;Atp5o;Ndufa1;Ndufa10;Ndufa11;Ndufa12;Ndufa13;Ndufa2;Ndufa3;Ndufa5;Ndufa6;Ndufa7;Ndufa8;Ndufa9;Ndufab1;Ndufb10;Ndufb11;Ndufb2;Ndufb3;Ndufb4;Ndufb5;Ndufb6;Ndufb7;Ndufb8;Ndufb9;Ndufc1;Ndufc2;Ndufs1;Ndufs2;Ndufs3;Ndufs4;Ndufs5;Ndufs6;Ndufs7;Ndufs8;Ndufv1;Ndufv2;Ndufv3;Sdha;Sdhb;Sdhc;Sdhd
KEGG:Parkinson disease	GO:0009142	0.36363636363636365	52	Atp5a1;Atp5b;Atp5c1;Atp5d;Atp5e;Atp5f1;Atp5g1;Atp5g2;Atp5g3;Atp5h;Atp5j;Atp5o;Ndufa1;Ndufa10;Ndufa11;Ndufa12;Ndufa13;Ndufa2;Ndufa3;Ndufa5;Ndufa6;Ndufa7;Ndufa8;Ndufa9;Ndufab1;Ndufb10;Ndufb11;Ndufb2;Ndufb3;Ndufb4;Ndufb5;Ndufb6;Ndufb7;Ndufb8;Ndufb9;Ndufc1;Ndufc2;Ndufs1;Ndufs2;Ndufs3;Ndufs4;Ndufs5;Ndufs6;Ndufs7;Ndufs8;Ndufv1;Ndufv2;Ndufv3;Sdha;Sdhb;Sdhc;Sdhd
KEGG:Parkinson disease	GO:0009152	0.32298136645962733	52	Atp5a1;Atp5b;Atp5c1;Atp5d;Atp5e;Atp5f1;Atp5g1;Atp5g2;Atp5g3;Atp5h;Atp5j;Atp5o;Ndufa1;Ndufa10;Ndufa11;Ndufa12;Ndufa13;Ndufa2;Ndufa3;Ndufa5;Ndufa6;Ndufa7;Ndufa8;Ndufa9;Ndufab1;Ndufb10;Ndufb11;Ndufb2;Ndufb3;Ndufb4;Ndufb5;Ndufb6;Ndufb7;Ndufb8;Ndufb9;Ndufc1;Ndufc2;Ndufs1;Ndufs2;Ndufs3;Ndufs4;Ndufs5;Ndufs6;Ndufs7;Ndufs8;Ndufv1;Ndufv2;Ndufv3;Sdha;Sdhb;Sdhc;Sdhd
KEGG:Parkinson disease	GO:0042775	0.3474576271186441	41	Cox4i1;Cox5a;Cox5b;Cox6a1;Cox7a2;Cox7a2l;Cox7b;Cox7c;Cox8a;Cyc1;Cycs;Ndufa10;Ndufa11;Ndufa12;Ndufa7;Ndufa8;Ndufb6;Ndufb8;Ndufb9;Ndufc2;Ndufs1;Ndufs2;Ndufs3;Ndufs6;Ndufs7;Ndufs8;Ndufv1;Ndufv2;Ndufv3;Sdha;Sdhb;Sdhc;Sdhd;Uqcr10;Uqcr11;Uqcrb;Uqcrc1;Uqcrc2;Uqcrfs1;Uqcrh;Uqcrq
KEGG:Parkinson disease	GO:0022900	0.3191489361702128	45	Cox4i1;Cox5a;Cox5b;Cox6a1;Cox7a2;Cox7a2l;Cox7b;Cox7c;Cox8a;Cyc1;Cycs;Ndufa10;Ndufa11;Ndufa12;Ndufa5;Ndufa7;Ndufa8;Ndufb3;Ndufb6;Ndufb8;Ndufb9;Ndufc2;Ndufs1;Ndufs2;Ndufs3;Ndufs4;Ndufs6;Ndufs7;Ndufs8;Ndufv1;Ndufv2;Ndufv3;Pink1;Sdha;Sdhb;Sdhc;Sdhd;Uqcr10;Uqcr11;Uqcrb;Uqcrc1;Uqcrc2;Uqcrfs1;Uqcrh;Uqcrq
KEGG:Parkinson disease	KEGG:Retrograde endocannabinoid signaling	0.30597014925373134	41	Gnai2;Gnai3;Ndufa1;Ndufa10;Ndufa11;Ndufa12;Ndufa13;Ndufa2;Ndufa3;Ndufa4;Ndufa5;Ndufa6;Ndufa7;Ndufa8;Ndufa9;Ndufab1;Ndufb10;Ndufb11;Ndufb2;Ndufb3;Ndufb4;Ndufb5;Ndufb6;Ndufb7;Ndufb8;Ndufb9;Ndufc1;Ndufc2;Ndufs1;Ndufs2;Ndufs3;Ndufs4;Ndufs5;Ndufs6;Ndufs7;Ndufs8;Ndufv1;Ndufv2;Ndufv3;Prkaca;Prkacb
GO:0002181	GO:0006412	0.5065274151436031	194	1700021F05Rik;2810006K23Rik;Abce1;Akt1;Akt1s1;Ang;Ankzf1;Ascc2;Ascc3;Atxn3;Bmt2;Cdk5rap3;Ckap5;Ddrgk1;Denr;Depdc5;Dhx29;Drg1;Drg2;Eif2b1;Eif2b2;Eif2b3;Eif2b4;Eif2b5;Eif2d;Eif2s2;Eif2s3x;Eif3a;Eif3b;Eif3c;Eif3d;Eif3e;Eif3f;Eif3g;Eif3h;Eif3i;Eif3j1;Eif3j2;Eif3k;Eif3l;Eif3m;Eif4a1;Eif4a2;Eif4e2;Eif4ebp1;Eif5;Elac1;Etf1;Fau;Fbxo4;Ftsj1;Fxr1;Gcn1;Gigyf2;Gm6133;Gpr155;Gsk3b;Gtpbp1;Gtpbp2;Hbs1l;Klhdc10;Lamtor1;Ltn1;Mcts1;Mif4gd;Mrpl58;Mtif2;Mtor;Ncbp1;Ncbp2;Nemf;Nmnat2;Nprl2;Ogt;Otud3;Parp16;Pelo;Prkaa1;Ptrh1;Rack1;Rbm4;Rchy1;Rheb;Rnf14;Rnf25;Rnh1;Rpl10;Rpl10a;Rpl11;Rpl12;Rpl13;Rpl13a;Rpl14;Rpl15;Rpl17;Rpl18;Rpl18a;Rpl19;Rpl21;Rpl22;Rpl22l1;Rpl23;Rpl23a;Rpl24;Rpl26;Rpl27;Rpl27a;Rpl28;Rpl29;Rpl3;Rpl30;Rpl31;Rpl32;Rpl34;Rpl35;Rpl35a;Rpl36;Rpl36a;Rpl36a-ps1;Rpl37;Rpl37a;Rpl38;Rpl39;Rpl39l;Rpl4;Rpl41;Rpl5;Rpl6;Rpl7;Rpl7a;Rpl8;Rpl9;Rpl9-ps6;Rplp0;Rplp1;Rplp2;Rps10;Rps11;Rps12;Rps13;Rps14;Rps15;Rps15a;Rps16;Rps17;Rps18;Rps19;Rps2;Rps20;Rps21;Rps23;Rps24;Rps25;Rps26;Rps27a;Rps28;Rps29;Rps3;Rps3a1;Rps4x;Rps5;Rps6;Rps6kb1;Rps6kb2;Rps7;Rps8;Rps9;Rpsa;Rptor;Rraga;Rragc;Rwdd1;Sars;Saysd1;Skiv2l;Slbp;Smyd5;Tbk1;Tcf25;Trip4;Trnt1;Tsc2;Ttc37;Uba52;Ufl1;Ufsp2;Usp10;Usp21;Usp4;Wdr24;Wdr61;Ywhag;Zc3h15;Zfp598
GO:0005198	GO:0006412	0.26288659793814434	153	Dap3;Fau;Gadd45gip1;Gm6133;Mrpl1;Mrpl10;Mrpl11;Mrpl12;Mrpl13;Mrpl14;Mrpl15;Mrpl16;Mrpl17;Mrpl18;Mrpl19;Mrpl2;Mrpl20;Mrpl21;Mrpl22;Mrpl23;Mrpl24;Mrpl27;Mrpl28;Mrpl3;Mrpl30;Mrpl32;Mrpl33;Mrpl34;Mrpl35;Mrpl36;Mrpl37;Mrpl39;Mrpl4;Mrpl41;Mrpl43;Mrpl45;Mrpl46;Mrpl47;Mrpl49;Mrpl51;Mrpl52;Mrpl54;Mrpl55;Mrpl57;Mrpl9;Mrps10;Mrps11;Mrps12;Mrps14;Mrps15;Mrps16;Mrps17;Mrps18a;Mrps18b;Mrps18c;Mrps2;Mrps21;Mrps22;Mrps23;Mrps24;Mrps25;Mrps30;Mrps31;Mrps34;Mrps35;Mrps5;Mrps6;Mrps7;Mrps9;Rpl10;Rpl10a;Rpl11;Rpl12;Rpl13;Rpl13a;Rpl14;Rpl15;Rpl17;Rpl18;Rpl18a;Rpl19;Rpl21;Rpl22;Rpl22l1;Rpl23;Rpl23a;Rpl24;Rpl26;Rpl27;Rpl27a;Rpl28;Rpl29;Rpl3;Rpl30;Rpl31;Rpl32;Rpl34;Rpl35;Rpl35a;Rpl36;Rpl36a;Rpl36a-ps1;Rpl37;Rpl37a;Rpl38;Rpl39;Rpl39l;Rpl4;Rpl41;Rpl5;Rpl6;Rpl7;Rpl7a;Rpl8;Rpl9;Rpl9-ps6;Rplp0;Rplp1;Rplp2;Rps10;Rps11;Rps12;Rps13;Rps14;Rps15;Rps15a;Rps16;Rps17;Rps18;Rps19;Rps2;Rps20;Rps21;Rps23;Rps24;Rps25;Rps26;Rps27;Rps27a;Rps27l;Rps28;Rps29;Rps3;Rps3a1;Rps4x;Rps5;Rps6;Rps7;Rps8;Rps9;Rpsa;Srbd1;Uba52
GO:0015986	KEGG:Huntington disease	0.3333333333333333	52	Atp5a1;Atp5b;Atp5c1;Atp5d;Atp5e;Atp5f1;Atp5g1;Atp5g2;Atp5g3;Atp5h;Atp5j;Atp5o;Ndufa1;Ndufa10;Ndufa11;Ndufa12;Ndufa13;Ndufa2;Ndufa3;Ndufa5;Ndufa6;Ndufa7;Ndufa8;Ndufa9;Ndufab1;Ndufb10;Ndufb11;Ndufb2;Ndufb3;Ndufb4;Ndufb5;Ndufb6;Ndufb7;Ndufb8;Ndufb9;Ndufc1;Ndufc2;Ndufs1;Ndufs2;Ndufs3;Ndufs4;Ndufs5;Ndufs6;Ndufs7;Ndufs8;Ndufv1;Ndufv2;Ndufv3;Sdha;Sdhb;Sdhc;Sdhd
GO:0015986	KEGG:Alzheimer disease	0.36619718309859156	52	Atp5a1;Atp5b;Atp5c1;Atp5d;Atp5e;Atp5f1;Atp5g1;Atp5g2;Atp5g3;Atp5h;Atp5j;Atp5o;Ndufa1;Ndufa10;Ndufa11;Ndufa12;Ndufa13;Ndufa2;Ndufa3;Ndufa5;Ndufa6;Ndufa7;Ndufa8;Ndufa9;Ndufab1;Ndufb10;Ndufb11;Ndufb2;Ndufb3;Ndufb4;Ndufb5;Ndufb6;Ndufb7;Ndufb8;Ndufb9;Ndufc1;Ndufc2;Ndufs1;Ndufs2;Ndufs3;Ndufs4;Ndufs5;Ndufs6;Ndufs7;Ndufs8;Ndufv1;Ndufv2;Ndufv3;Sdha;Sdhb;Sdhc;Sdhd
GO:0015986	KEGG:Non-alcoholic fatty liver disease (NAFLD)	0.27972027972027974	40	Ndufa1;Ndufa10;Ndufa11;Ndufa12;Ndufa13;Ndufa2;Ndufa3;Ndufa5;Ndufa6;Ndufa7;Ndufa8;Ndufa9;Ndufab1;Ndufb10;Ndufb11;Ndufb2;Ndufb3;Ndufb4;Ndufb5;Ndufb6;Ndufb7;Ndufb8;Ndufb9;Ndufc1;Ndufc2;Ndufs1;Ndufs2;Ndufs3;Ndufs4;Ndufs5;Ndufs6;Ndufs7;Ndufs8;Ndufv1;Ndufv2;Ndufv3;Sdha;Sdhb;Sdhc;Sdhd
GO:0015986	GO:0046034	0.49264705882352944	67	Atp5a1;Atp5b;Atp5c1;Atp5d;Atp5e;Atp5f1;Atp5g1;Atp5g2;Atp5g3;Atp5h;Atp5j;Atp5j2;Atp5k;Atp5l;Atp5o;Fam210b;Ndufa1;Ndufa10;Ndufa11;Ndufa12;Ndufa13;Ndufa2;Ndufa3;Ndufa5;Ndufa6;Ndufa7;Ndufa8;Ndufa9;Ndufab1;Ndufb1-ps;Ndufb10;Ndufb11;Ndufb2;Ndufb3;Ndufb4;Ndufb5;Ndufb6;Ndufb7;Ndufb8;Ndufb9;Ndufc1;Ndufc2;Ndufs1;Ndufs2;Ndufs3;Ndufs4;Ndufs5;Ndufs6;Ndufs7;Ndufs8;Ndufv1;Ndufv2;Ndufv3;Sdha;Sdhb;Sdhc;Sdhd;Stoml2;mt-Atp6;mt-Atp8;mt-Nd1;mt-Nd2;mt-Nd3;mt-Nd4;mt-Nd4l;mt-Nd5;mt-Nd6
GO:0015986	GO:0009142	0.7127659574468085	67	Atp5a1;Atp5b;Atp5c1;Atp5d;Atp5e;Atp5f1;Atp5g1;Atp5g2;Atp5g3;Atp5h;Atp5j;Atp5j2;Atp5k;Atp5l;Atp5o;Fam210b;Ndufa1;Ndufa10;Ndufa11;Ndufa12;Ndufa13;Ndufa2;Ndufa3;Ndufa5;Ndufa6;Ndufa7;Ndufa8;Ndufa9;Ndufab1;Ndufb1-ps;Ndufb10;Ndufb11;Ndufb2;Ndufb3;Ndufb4;Ndufb5;Ndufb6;Ndufb7;Ndufb8;Ndufb9;Ndufc1;Ndufc2;Ndufs1;Ndufs2;Ndufs3;Ndufs4;Ndufs5;Ndufs6;Ndufs7;Ndufs8;Ndufv1;Ndufv2;Ndufv3;Sdha;Sdhb;Sdhc;Sdhd;Stoml2;mt-Atp6;mt-Atp8;mt-Nd1;mt-Nd2;mt-Nd3;mt-Nd4;mt-Nd4l;mt-Nd5;mt-Nd6
GO:0015986	GO:0009152	0.5982142857142857	67	Atp5a1;Atp5b;Atp5c1;Atp5d;Atp5e;Atp5f1;Atp5g1;Atp5g2;Atp5g3;Atp5h;Atp5j;Atp5j2;Atp5k;Atp5l;Atp5o;Fam210b;Ndufa1;Ndufa10;Ndufa11;Ndufa12;Ndufa13;Ndufa2;Ndufa3;Ndufa5;Ndufa6;Ndufa7;Ndufa8;Ndufa9;Ndufab1;Ndufb1-ps;Ndufb10;Ndufb11;Ndufb2;Ndufb3;Ndufb4;Ndufb5;Ndufb6;Ndufb7;Ndufb8;Ndufb9;Ndufc1;Ndufc2;Ndufs1;Ndufs2;Ndufs3;Ndufs4;Ndufs5;Ndufs6;Ndufs7;Ndufs8;Ndufv1;Ndufv2;Ndufv3;Sdha;Sdhb;Sdhc;Sdhd;Stoml2;mt-Atp6;mt-Atp8;mt-Nd1;mt-Nd2;mt-Nd3;mt-Nd4;mt-Nd4l;mt-Nd5;mt-Nd6
GO:0015986	GO:0042775	0.28865979381443296	28	Ndufa10;Ndufa11;Ndufa12;Ndufa7;Ndufa8;Ndufb6;Ndufb8;Ndufb9;Ndufc2;Ndufs1;Ndufs2;Ndufs3;Ndufs6;Ndufs7;Ndufs8;Ndufv1;Ndufv2;Ndufv3;Sdha;Sdhb;Sdhc;Sdhd;mt-Nd1;mt-Nd2;mt-Nd3;mt-Nd4;mt-Nd5;mt-Nd6
GO:0015986	GO:0009150	0.3316831683168317	67	Atp5a1;Atp5b;Atp5c1;Atp5d;Atp5e;Atp5f1;Atp5g1;Atp5g2;Atp5g3;Atp5h;Atp5j;Atp5j2;Atp5k;Atp5l;Atp5o;Fam210b;Ndufa1;Ndufa10;Ndufa11;Ndufa12;Ndufa13;Ndufa2;Ndufa3;Ndufa5;Ndufa6;Ndufa7;Ndufa8;Ndufa9;Ndufab1;Ndufb1-ps;Ndufb10;Ndufb11;Ndufb2;Ndufb3;Ndufb4;Ndufb5;Ndufb6;Ndufb7;Ndufb8;Ndufb9;Ndufc1;Ndufc2;Ndufs1;Ndufs2;Ndufs3;Ndufs4;Ndufs5;Ndufs6;Ndufs7;Ndufs8;Ndufv1;Ndufv2;Ndufv3;Sdha;Sdhb;Sdhc;Sdhd;Stoml2;mt-Atp6;mt-Atp8;mt-Nd1;mt-Nd2;mt-Nd3;mt-Nd4;mt-Nd4l;mt-Nd5;mt-Nd6
GO:0015986	GO:0022900	0.26666666666666666	32	Ndufa10;Ndufa11;Ndufa12;Ndufa5;Ndufa7;Ndufa8;Ndufb3;Ndufb6;Ndufb8;Ndufb9;Ndufc2;Ndufs1;Ndufs2;Ndufs3;Ndufs4;Ndufs6;Ndufs7;Ndufs8;Ndufv1;Ndufv2;Ndufv3;Sdha;Sdhb;Sdhc;Sdhd;mt-Nd1;mt-Nd2;mt-Nd3;mt-Nd4;mt-Nd4l;mt-Nd5;mt-Nd6
GO:0015986	GO:0009165	0.41358024691358025	67	Atp5a1;Atp5b;Atp5c1;Atp5d;Atp5e;Atp5f1;Atp5g1;Atp5g2;Atp5g3;Atp5h;Atp5j;Atp5j2;Atp5k;Atp5l;Atp5o;Fam210b;Ndufa1;Ndufa10;Ndufa11;Ndufa12;Ndufa13;Ndufa2;Ndufa3;Ndufa5;Ndufa6;Ndufa7;Ndufa8;Ndufa9;Ndufab1;Ndufb1-ps;Ndufb10;Ndufb11;Ndufb2;Ndufb3;Ndufb4;Ndufb5;Ndufb6;Ndufb7;Ndufb8;Ndufb9;Ndufc1;Ndufc2;Ndufs1;Ndufs2;Ndufs3;Ndufs4;Ndufs5;Ndufs6;Ndufs7;Ndufs8;Ndufv1;Ndufv2;Ndufv3;Sdha;Sdhb;Sdhc;Sdhd;Stoml2;mt-Atp6;mt-Atp8;mt-Nd1;mt-Nd2;mt-Nd3;mt-Nd4;mt-Nd4l;mt-Nd5;mt-Nd6
GO:0015986	GO:0072522	0.3743016759776536	67	Atp5a1;Atp5b;Atp5c1;Atp5d;Atp5e;Atp5f1;Atp5g1;Atp5g2;Atp5g3;Atp5h;Atp5j;Atp5j2;Atp5k;Atp5l;Atp5o;Fam210b;Ndufa1;Ndufa10;Ndufa11;Ndufa12;Ndufa13;Ndufa2;Ndufa3;Ndufa5;Ndufa6;Ndufa7;Ndufa8;Ndufa9;Ndufab1;Ndufb1-ps;Ndufb10;Ndufb11;Ndufb2;Ndufb3;Ndufb4;Ndufb5;Ndufb6;Ndufb7;Ndufb8;Ndufb9;Ndufc1;Ndufc2;Ndufs1;Ndufs2;Ndufs3;Ndufs4;Ndufs5;Ndufs6;Ndufs7;Ndufs8;Ndufv1;Ndufv2;Ndufv3;Sdha;Sdhb;Sdhc;Sdhd;Stoml2;mt-Atp6;mt-Atp8;mt-Nd1;mt-Nd2;mt-Nd3;mt-Nd4;mt-Nd4l;mt-Nd5;mt-Nd6
GO:0015986	KEGG:Retrograde endocannabinoid signaling	0.34285714285714286	36	Ndufa1;Ndufa10;Ndufa11;Ndufa12;Ndufa13;Ndufa2;Ndufa3;Ndufa5;Ndufa6;Ndufa7;Ndufa8;Ndufa9;Ndufab1;Ndufb10;Ndufb11;Ndufb2;Ndufb3;Ndufb4;Ndufb5;Ndufb6;Ndufb7;Ndufb8;Ndufb9;Ndufc1;Ndufc2;Ndufs1;Ndufs2;Ndufs3;Ndufs4;Ndufs5;Ndufs6;Ndufs7;Ndufs8;Ndufv1;Ndufv2;Ndufv3
GO:0015986	GO:0015078	0.26515151515151514	35	Atp5a1;Atp5b;Atp5c1;Atp5d;Atp5e;Atp5f1;Atp5g1;Atp5g2;Atp5g3;Atp5h;Atp5j;Atp5j2;Atp5k;Atp5l;Atp5o;Ndufa10;Ndufa2;Ndufb7;Ndufs1;Ndufs2;Ndufs3;Ndufs4;Ndufs7;Ndufs8;Ndufv1;Ndufv2;mt-Atp6;mt-Atp8;mt-Nd1;mt-Nd2;mt-Nd3;mt-Nd4;mt-Nd4l;mt-Nd5;mt-Nd6
GO:0015986	GO:0008137	0.26865671641791045	18	Ndufa10;Ndufa2;Ndufb7;Ndufs1;Ndufs2;Ndufs3;Ndufs4;Ndufs7;Ndufs8;Ndufv1;Ndufv2;mt-Nd1;mt-Nd2;mt-Nd3;mt-Nd4;mt-Nd4l;mt-Nd5;mt-Nd6
GO:0015986	GO:0006120	0.3142857142857143	22	Ndufa10;Ndufa11;Ndufa7;Ndufa8;Ndufb6;Ndufb8;Ndufb9;Ndufc2;Ndufs1;Ndufs2;Ndufs3;Ndufs6;Ndufs7;Ndufs8;Ndufv1;Ndufv2;mt-Nd1;mt-Nd2;mt-Nd3;mt-Nd4;mt-Nd5;mt-Nd6
GO:1901740	GO:0060142	0.746031746031746	47	Cflar;Cxcl10;Rpl10;Rpl10a;Rpl11;Rpl12;Rpl13;Rpl13a;Rpl14;Rpl15;Rpl17;Rpl18;Rpl18a;Rpl19;Rpl21;Rpl23;Rpl23a;Rpl24;Rpl26;Rpl27;Rpl27a;Rpl28;Rpl29;Rpl30;Rpl31;Rpl32;Rpl34;Rpl35;Rpl35a;Rpl36;Rpl36a;Rpl37;Rpl37a;Rpl38;Rpl39;Rpl4;Rpl41;Rpl5;Rpl6;Rpl7;Rpl7a;Rpl8;Rpl9;Rplp0;Rplp1;Rplp2;Uba52
GO:1901740	GO:0006941	0.5172413793103449	45	Rpl10;Rpl10a;Rpl11;Rpl12;Rpl13;Rpl13a;Rpl14;Rpl15;Rpl17;Rpl18;Rpl18a;Rpl19;Rpl21;Rpl23;Rpl23a;Rpl24;Rpl26;Rpl27;Rpl27a;Rpl28;Rpl29;Rpl30;Rpl31;Rpl32;Rpl34;Rpl35;Rpl35a;Rpl36;Rpl36a;Rpl37;Rpl37a;Rpl38;Rpl39;Rpl4;Rpl41;Rpl5;Rpl6;Rpl7;Rpl7a;Rpl8;Rpl9;Rplp0;Rplp1;Rplp2;Uba52
GO:1901740	GO:0003012	0.323943661971831	46	Cflar;Rpl10;Rpl10a;Rpl11;Rpl12;Rpl13;Rpl13a;Rpl14;Rpl15;Rpl17;Rpl18;Rpl18a;Rpl19;Rpl21;Rpl23;Rpl23a;Rpl24;Rpl26;Rpl27;Rpl27a;Rpl28;Rpl29;Rpl30;Rpl31;Rpl32;Rpl34;Rpl35;Rpl35a;Rpl36;Rpl36a;Rpl37;Rpl37a;Rpl38;Rpl39;Rpl4;Rpl41;Rpl5;Rpl6;Rpl7;Rpl7a;Rpl8;Rpl9;Rplp0;Rplp1;Rplp2;Uba52
KEGG:Huntington disease	KEGG:Alzheimer disease	0.4486486486486487	83	Apaf1;Atp5a1;Atp5b;Atp5c1;Atp5d;Atp5e;Atp5f1;Atp5g1;Atp5g2;Atp5g3;Atp5h;Atp5j;Atp5o;Casp3;Casp8;Casp9;Cox4i1;Cox5a;Cox5b;Cox6a1;Cox6b1;Cox6c;Cox7a2;Cox7a2l;Cox7b;Cox7c;Cox8a;Cyc1;Cycs;Gnaq;Itpr1;Ndufa1;Ndufa10;Ndufa11;Ndufa12;Ndufa13;Ndufa2;Ndufa3;Ndufa4;Ndufa5;Ndufa6;Ndufa7;Ndufa8;Ndufa9;Ndufab1;Ndufb10;Ndufb11;Ndufb2;Ndufb3;Ndufb4;Ndufb5;Ndufb6;Ndufb7;Ndufb8;Ndufb9;Ndufc1;Ndufc2;Ndufs1;Ndufs2;Ndufs3;Ndufs4;Ndufs5;Ndufs6;Ndufs7;Ndufs8;Ndufv1;Ndufv2;Ndufv3;Plcb2;Plcb3;Plcb4;Sdha;Sdhb;Sdhc;Sdhd;Uqcr10;Uqcr11;Uqcrb;Uqcrc1;Uqcrc2;Uqcrfs1;Uqcrh;Uqcrq
KEGG:Huntington disease	KEGG:Non-alcoholic fatty liver disease (NAFLD)	0.3385416666666667	65	Bax;Casp3;Casp8;Cox4i1;Cox5a;Cox5b;Cox6a1;Cox6b1;Cox6c;Cox7a2;Cox7a2l;Cox7b;Cox7c;Cox8a;Cyc1;Cycs;Ndufa1;Ndufa10;Ndufa11;Ndufa12;Ndufa13;Ndufa2;Ndufa3;Ndufa4;Ndufa5;Ndufa6;Ndufa7;Ndufa8;Ndufa9;Ndufab1;Ndufb10;Ndufb11;Ndufb2;Ndufb3;Ndufb4;Ndufb5;Ndufb6;Ndufb7;Ndufb8;Ndufb9;Ndufc1;Ndufc2;Ndufs1;Ndufs2;Ndufs3;Ndufs4;Ndufs5;Ndufs6;Ndufs7;Ndufs8;Ndufv1;Ndufv2;Ndufv3;Sdha;Sdhb;Sdhc;Sdhd;Uqcr10;Uqcr11;Uqcrb;Uqcrc1;Uqcrc2;Uqcrfs1;Uqcrh;Uqcrq
KEGG:Huntington disease	GO:0009142	0.28415300546448086	52	Atp5a1;Atp5b;Atp5c1;Atp5d;Atp5e;Atp5f1;Atp5g1;Atp5g2;Atp5g3;Atp5h;Atp5j;Atp5o;Ndufa1;Ndufa10;Ndufa11;Ndufa12;Ndufa13;Ndufa2;Ndufa3;Ndufa5;Ndufa6;Ndufa7;Ndufa8;Ndufa9;Ndufab1;Ndufb10;Ndufb11;Ndufb2;Ndufb3;Ndufb4;Ndufb5;Ndufb6;Ndufb7;Ndufb8;Ndufb9;Ndufc1;Ndufc2;Ndufs1;Ndufs2;Ndufs3;Ndufs4;Ndufs5;Ndufs6;Ndufs7;Ndufs8;Ndufv1;Ndufv2;Ndufv3;Sdha;Sdhb;Sdhc;Sdhd
KEGG:Huntington disease	GO:0009152	0.25870646766169153	52	Atp5a1;Atp5b;Atp5c1;Atp5d;Atp5e;Atp5f1;Atp5g1;Atp5g2;Atp5g3;Atp5h;Atp5j;Atp5o;Ndufa1;Ndufa10;Ndufa11;Ndufa12;Ndufa13;Ndufa2;Ndufa3;Ndufa5;Ndufa6;Ndufa7;Ndufa8;Ndufa9;Ndufab1;Ndufb10;Ndufb11;Ndufb2;Ndufb3;Ndufb4;Ndufb5;Ndufb6;Ndufb7;Ndufb8;Ndufb9;Ndufc1;Ndufc2;Ndufs1;Ndufs2;Ndufs3;Ndufs4;Ndufs5;Ndufs6;Ndufs7;Ndufs8;Ndufv1;Ndufv2;Ndufv3;Sdha;Sdhb;Sdhc;Sdhd
KEGG:Huntington disease	GO:0042775	0.25949367088607594	41	Cox4i1;Cox5a;Cox5b;Cox6a1;Cox7a2;Cox7a2l;Cox7b;Cox7c;Cox8a;Cyc1;Cycs;Ndufa10;Ndufa11;Ndufa12;Ndufa7;Ndufa8;Ndufb6;Ndufb8;Ndufb9;Ndufc2;Ndufs1;Ndufs2;Ndufs3;Ndufs6;Ndufs7;Ndufs8;Ndufv1;Ndufv2;Ndufv3;Sdha;Sdhb;Sdhc;Sdhd;Uqcr10;Uqcr11;Uqcrb;Uqcrc1;Uqcrc2;Uqcrfs1;Uqcrh;Uqcrq
GO:0060142	GO:0006941	0.4368932038834951	45	Rpl10;Rpl10a;Rpl11;Rpl12;Rpl13;Rpl13a;Rpl14;Rpl15;Rpl17;Rpl18;Rpl18a;Rpl19;Rpl21;Rpl23;Rpl23a;Rpl24;Rpl26;Rpl27;Rpl27a;Rpl28;Rpl29;Rpl30;Rpl31;Rpl32;Rpl34;Rpl35;Rpl35a;Rpl36;Rpl36a;Rpl37;Rpl37a;Rpl38;Rpl39;Rpl4;Rpl41;Rpl5;Rpl6;Rpl7;Rpl7a;Rpl8;Rpl9;Rplp0;Rplp1;Rplp2;Uba52
GO:0060142	GO:0003012	0.2911392405063291	46	Cflar;Rpl10;Rpl10a;Rpl11;Rpl12;Rpl13;Rpl13a;Rpl14;Rpl15;Rpl17;Rpl18;Rpl18a;Rpl19;Rpl21;Rpl23;Rpl23a;Rpl24;Rpl26;Rpl27;Rpl27a;Rpl28;Rpl29;Rpl30;Rpl31;Rpl32;Rpl34;Rpl35;Rpl35a;Rpl36;Rpl36a;Rpl37;Rpl37a;Rpl38;Rpl39;Rpl4;Rpl41;Rpl5;Rpl6;Rpl7;Rpl7a;Rpl8;Rpl9;Rplp0;Rplp1;Rplp2;Uba52
KEGG:Alzheimer disease	KEGG:Non-alcoholic fatty liver disease (NAFLD)	0.42105263157894735	72	Bid;Casp3;Casp7;Casp8;Cox4i1;Cox5a;Cox5b;Cox6a1;Cox6b1;Cox6c;Cox7a2;Cox7a2l;Cox7b;Cox7c;Cox8a;Cyc1;Cycs;Eif2ak3;Ern1;Fas;Gsk3b;Ndufa1;Ndufa10;Ndufa11;Ndufa12;Ndufa13;Ndufa2;Ndufa3;Ndufa4;Ndufa5;Ndufa6;Ndufa7;Ndufa8;Ndufa9;Ndufab1;Ndufb10;Ndufb11;Ndufb2;Ndufb3;Ndufb4;Ndufb5;Ndufb6;Ndufb7;Ndufb8;Ndufb9;Ndufc1;Ndufc2;Ndufs1;Ndufs2;Ndufs3;Ndufs4;Ndufs5;Ndufs6;Ndufs7;Ndufs8;Ndufv1;Ndufv2;Ndufv3;Sdha;Sdhb;Sdhc;Sdhd;Tnf;Tnfrsf1a;Uqcr10;Uqcr11;Uqcrb;Uqcrc1;Uqcrc2;Uqcrfs1;Uqcrh;Uqcrq
KEGG:Alzheimer disease	GO:0046034	0.2583732057416268	54	Atp5a1;Atp5b;Atp5c1;Atp5d;Atp5e;Atp5f1;Atp5g1;Atp5g2;Atp5g3;Atp5h;Atp5j;Atp5o;Bad;Gapdh;Ndufa1;Ndufa10;Ndufa11;Ndufa12;Ndufa13;Ndufa2;Ndufa3;Ndufa5;Ndufa6;Ndufa7;Ndufa8;Ndufa9;Ndufab1;Ndufb10;Ndufb11;Ndufb2;Ndufb3;Ndufb4;Ndufb5;Ndufb6;Ndufb7;Ndufb8;Ndufb9;Ndufc1;Ndufc2;Ndufs1;Ndufs2;Ndufs3;Ndufs4;Ndufs5;Ndufs6;Ndufs7;Ndufs8;Ndufv1;Ndufv2;Ndufv3;Sdha;Sdhb;Sdhc;Sdhd
KEGG:Alzheimer disease	GO:0009142	0.3076923076923077	52	Atp5a1;Atp5b;Atp5c1;Atp5d;Atp5e;Atp5f1;Atp5g1;Atp5g2;Atp5g3;Atp5h;Atp5j;Atp5o;Ndufa1;Ndufa10;Ndufa11;Ndufa12;Ndufa13;Ndufa2;Ndufa3;Ndufa5;Ndufa6;Ndufa7;Ndufa8;Ndufa9;Ndufab1;Ndufb10;Ndufb11;Ndufb2;Ndufb3;Ndufb4;Ndufb5;Ndufb6;Ndufb7;Ndufb8;Ndufb9;Ndufc1;Ndufc2;Ndufs1;Ndufs2;Ndufs3;Ndufs4;Ndufs5;Ndufs6;Ndufs7;Ndufs8;Ndufv1;Ndufv2;Ndufv3;Sdha;Sdhb;Sdhc;Sdhd
KEGG:Alzheimer disease	GO:0009152	0.27807486631016043	52	Atp5a1;Atp5b;Atp5c1;Atp5d;Atp5e;Atp5f1;Atp5g1;Atp5g2;Atp5g3;Atp5h;Atp5j;Atp5o;Ndufa1;Ndufa10;Ndufa11;Ndufa12;Ndufa13;Ndufa2;Ndufa3;Ndufa5;Ndufa6;Ndufa7;Ndufa8;Ndufa9;Ndufab1;Ndufb10;Ndufb11;Ndufb2;Ndufb3;Ndufb4;Ndufb5;Ndufb6;Ndufb7;Ndufb8;Ndufb9;Ndufc1;Ndufc2;Ndufs1;Ndufs2;Ndufs3;Ndufs4;Ndufs5;Ndufs6;Ndufs7;Ndufs8;Ndufv1;Ndufv2;Ndufv3;Sdha;Sdhb;Sdhc;Sdhd
KEGG:Alzheimer disease	GO:0042775	0.2937062937062937	42	Bid;Cox4i1;Cox5a;Cox5b;Cox6a1;Cox7a2;Cox7a2l;Cox7b;Cox7c;Cox8a;Cyc1;Cycs;Ndufa10;Ndufa11;Ndufa12;Ndufa7;Ndufa8;Ndufb6;Ndufb8;Ndufb9;Ndufc2;Ndufs1;Ndufs2;Ndufs3;Ndufs6;Ndufs7;Ndufs8;Ndufv1;Ndufv2;Ndufv3;Sdha;Sdhb;Sdhc;Sdhd;Uqcr10;Uqcr11;Uqcrb;Uqcrc1;Uqcrc2;Uqcrfs1;Uqcrh;Uqcrq
KEGG:Alzheimer disease	GO:0022900	0.2694610778443114	45	Bid;Cox4i1;Cox5a;Cox5b;Cox6a1;Cox7a2;Cox7a2l;Cox7b;Cox7c;Cox8a;Cyc1;Cycs;Ndufa10;Ndufa11;Ndufa12;Ndufa5;Ndufa7;Ndufa8;Ndufb3;Ndufb6;Ndufb8;Ndufb9;Ndufc2;Ndufs1;Ndufs2;Ndufs3;Ndufs4;Ndufs6;Ndufs7;Ndufs8;Ndufv1;Ndufv2;Ndufv3;Sdha;Sdhb;Sdhc;Sdhd;Uqcr10;Uqcr11;Uqcrb;Uqcrc1;Uqcrc2;Uqcrfs1;Uqcrh;Uqcrq
KEGG:Alzheimer disease	KEGG:Retrograde endocannabinoid signaling	0.2967741935483871	46	Gnaq;Itpr1;Itpr2;Itpr3;Mapk1;Mapk3;Ndufa1;Ndufa10;Ndufa11;Ndufa12;Ndufa13;Ndufa2;Ndufa3;Ndufa4;Ndufa5;Ndufa6;Ndufa7;Ndufa8;Ndufa9;Ndufab1;Ndufb10;Ndufb11;Ndufb2;Ndufb3;Ndufb4;Ndufb5;Ndufb6;Ndufb7;Ndufb8;Ndufb9;Ndufc1;Ndufc2;Ndufs1;Ndufs2;Ndufs3;Ndufs4;Ndufs5;Ndufs6;Ndufs7;Ndufs8;Ndufv1;Ndufv2;Ndufv3;Plcb2;Plcb3;Plcb4
KEGG:Non-alcoholic fatty liver disease (NAFLD)	GO:0042775	0.3181818181818182	42	Bid;Cox4i1;Cox5a;Cox5b;Cox6a1;Cox7a2;Cox7a2l;Cox7b;Cox7c;Cox8a;Cyc1;Cycs;Ndufa10;Ndufa11;Ndufa12;Ndufa7;Ndufa8;Ndufb6;Ndufb8;Ndufb9;Ndufc2;Ndufs1;Ndufs2;Ndufs3;Ndufs6;Ndufs7;Ndufs8;Ndufv1;Ndufv2;Ndufv3;Sdha;Sdhb;Sdhc;Sdhd;Uqcr10;Uqcr11;Uqcrb;Uqcrc1;Uqcrc2;Uqcrfs1;Uqcrh;Uqcrq
KEGG:Non-alcoholic fatty liver disease (NAFLD)	GO:0022900	0.28846153846153844	45	Bid;Cox4i1;Cox5a;Cox5b;Cox6a1;Cox7a2;Cox7a2l;Cox7b;Cox7c;Cox8a;Cyc1;Cycs;Ndufa10;Ndufa11;Ndufa12;Ndufa5;Ndufa7;Ndufa8;Ndufb3;Ndufb6;Ndufb8;Ndufb9;Ndufc2;Ndufs1;Ndufs2;Ndufs3;Ndufs4;Ndufs6;Ndufs7;Ndufs8;Ndufv1;Ndufv2;Ndufv3;Sdha;Sdhb;Sdhc;Sdhd;Uqcr10;Uqcr11;Uqcrb;Uqcrc1;Uqcrc2;Uqcrfs1;Uqcrh;Uqcrq
KEGG:Non-alcoholic fatty liver disease (NAFLD)	KEGG:Retrograde endocannabinoid signaling	0.2582781456953642	39	Mapk8;Mapk9;Ndufa1;Ndufa10;Ndufa11;Ndufa12;Ndufa13;Ndufa2;Ndufa3;Ndufa4;Ndufa5;Ndufa6;Ndufa7;Ndufa8;Ndufa9;Ndufab1;Ndufb10;Ndufb11;Ndufb2;Ndufb3;Ndufb4;Ndufb5;Ndufb6;Ndufb7;Ndufb8;Ndufb9;Ndufc1;Ndufc2;Ndufs1;Ndufs2;Ndufs3;Ndufs4;Ndufs5;Ndufs6;Ndufs7;Ndufs8;Ndufv1;Ndufv2;Ndufv3
GO:0006941	GO:0003012	0.6028368794326241	85	8030462N17Rik;Adrb2;Aldoa;Atp1b1;Atp8a2;Camk2d;Chrne;Cxcr4;Ddit3;Dlg1;Eef2;Gaa;Gpd1l;Grk2;Gsn;Homer1;Hsp90aa1;Kcnj8;Large1;Map2k3;Map2k6;Mtor;Myl4;Nedd4l;Nup155;Pik3ca;Psen2;Rcsd1;Rpl10;Rpl10a;Rpl11;Rpl12;Rpl13;Rpl13a;Rpl14;Rpl15;Rpl17;Rpl18;Rpl18a;Rpl19;Rpl21;Rpl23;Rpl23a;Rpl24;Rpl26;Rpl27;Rpl27a;Rpl28;Rpl29;Rpl30;Rpl31;Rpl32;Rpl34;Rpl35;Rpl35a;Rpl36;Rpl36a;Rpl37;Rpl37a;Rpl38;Rpl39;Rpl4;Rpl41;Rpl5;Rpl6;Rpl7;Rpl7a;Rpl8;Rpl9;Rplp0;Rplp1;Rplp2;Ryr3;Scn1b;Selenon;Slc9a1;Smad5;Srsf1;Tnnt1;Tpm1;Ttn;Uba52;Vegfb;Vps54;Zfas1
GO:0046034	GO:0009142	0.5032679738562091	77	Ak3;Aldoa;Atp5a1;Atp5b;Atp5c1;Atp5d;Atp5e;Atp5f1;Atp5g1;Atp5g2;Atp5g3;Atp5h;Atp5j;Atp5j2;Atp5k;Atp5l;Atp5o;Bcl2l13;Cox11;Fam210b;Fam3a;Letmd1;Lipa;Ndufa1;Ndufa10;Ndufa11;Ndufa12;Ndufa13;Ndufa2;Ndufa3;Ndufa5;Ndufa6;Ndufa7;Ndufa8;Ndufa9;Ndufab1;Ndufb1-ps;Ndufb10;Ndufb11;Ndufb2;Ndufb3;Ndufb4;Ndufb5;Ndufb6;Ndufb7;Ndufb8;Ndufb9;Ndufc1;Ndufc2;Ndufs1;Ndufs2;Ndufs3;Ndufs4;Ndufs5;Ndufs6;Ndufs7;Ndufs8;Ndufv1;Ndufv2;Ndufv3;Nudt2;Sdha;Sdhb;Sdhc;Sdhd;Slc25a13;Stoml2;Tgfb1;mt-Atp6;mt-Atp8;mt-Nd1;mt-Nd2;mt-Nd3;mt-Nd4;mt-Nd4l;mt-Nd5;mt-Nd6
GO:0046034	GO:0009152	0.46745562130177515	79	Ak2;Ak3;Aldoa;Ampd2;Atp5a1;Atp5b;Atp5c1;Atp5d;Atp5e;Atp5f1;Atp5g1;Atp5g2;Atp5g3;Atp5h;Atp5j;Atp5j2;Atp5k;Atp5l;Atp5o;Bcl2l13;Cox11;Fam210b;Fam3a;Letmd1;Lipa;Ndufa1;Ndufa10;Ndufa11;Ndufa12;Ndufa13;Ndufa2;Ndufa3;Ndufa5;Ndufa6;Ndufa7;Ndufa8;Ndufa9;Ndufab1;Ndufb1-ps;Ndufb10;Ndufb11;Ndufb2;Ndufb3;Ndufb4;Ndufb5;Ndufb6;Ndufb7;Ndufb8;Ndufb9;Ndufc1;Ndufc2;Ndufs1;Ndufs2;Ndufs3;Ndufs4;Ndufs5;Ndufs6;Ndufs7;Ndufs8;Ndufv1;Ndufv2;Ndufv3;Nudt2;Sdha;Sdhb;Sdhc;Sdhd;Slc25a13;Stoml2;Tgfb1;mt-Atp6;mt-Atp8;mt-Nd1;mt-Nd2;mt-Nd3;mt-Nd4;mt-Nd4l;mt-Nd5;mt-Nd6
GO:0046034	GO:0009150	0.6732673267326733	136	Adpgk;Ak2;Ak3;Aldoa;Ampd2;Atp1b1;Atp5a1;Atp5b;Atp5c1;Atp5d;Atp5e;Atp5f1;Atp5g1;Atp5g2;Atp5g3;Atp5h;Atp5j;Atp5j2;Atp5k;Atp5l;Atp5o;Atp6v1a;Atp6v1b2;Atp7a;Bad;Bcl2l13;Bloc1s6;Bpgm;Clpx;Cox11;Ctns;Eno1;Eno3;Enpp1;Ep300;Fam210b;Fam3a;Fignl1;Fkrp;Foxk1;Foxk2;Gale;Galk1;Galt;Gapdh;Gpi1;Hk1;Hk2;Hspa1a;Hspa1b;Hspa8;Khk;Letmd1;Lipa;Mfsd8;Mpi;Mttp;Ndufa1;Ndufa10;Ndufa11;Ndufa12;Ndufa13;Ndufa2;Ndufa3;Ndufa5;Ndufa6;Ndufa7;Ndufa8;Ndufa9;Ndufab1;Ndufb1-ps;Ndufb10;Ndufb11;Ndufb2;Ndufb3;Ndufb4;Ndufb5;Ndufb6;Ndufb7;Ndufb8;Ndufb9;Ndufc1;Ndufc2;Ndufs1;Ndufs2;Ndufs3;Ndufs4;Ndufs5;Ndufs6;Ndufs7;Ndufs8;Ndufv1;Ndufv2;Ndufv3;Nmnat1;Nt5e;Nudt2;Nudt5;Ola1;Parg;Parp1;Pfkfb2;Pfkfb3;Pfkfb4;Pfkl;Pfkm;Pfkp;Pgam1;Pgk1;Pkm;Ran;S100a1;Sdha;Sdhb;Sdhc;Sdhd;Selenon;Sirt6;Slc25a13;Slc25a25;Stoml2;Tgfb1;Tkfc;Tpi1;Ucp2;Vcp;Xpo4;mt-Atp6;mt-Atp8;mt-Nd1;mt-Nd2;mt-Nd3;mt-Nd4;mt-Nd4l;mt-Nd5;mt-Nd6
GO:0046034	GO:0009165	0.3669724770642202	80	Ak2;Ak3;Aldoa;Ampd2;Atp5a1;Atp5b;Atp5c1;Atp5d;Atp5e;Atp5f1;Atp5g1;Atp5g2;Atp5g3;Atp5h;Atp5j;Atp5j2;Atp5k;Atp5l;Atp5o;Bcl2l13;Cox11;Fam210b;Fam3a;Letmd1;Lipa;Ndufa1;Ndufa10;Ndufa11;Ndufa12;Ndufa13;Ndufa2;Ndufa3;Ndufa5;Ndufa6;Ndufa7;Ndufa8;Ndufa9;Ndufab1;Ndufb1-ps;Ndufb10;Ndufb11;Ndufb2;Ndufb3;Ndufb4;Ndufb5;Ndufb6;Ndufb7;Ndufb8;Ndufb9;Ndufc1;Ndufc2;Ndufs1;Ndufs2;Ndufs3;Ndufs4;Ndufs5;Ndufs6;Ndufs7;Ndufs8;Ndufv1;Ndufv2;Ndufv3;Nmnat1;Nudt2;Sdha;Sdhb;Sdhc;Sdhd;Slc25a13;Stoml2;Tgfb1;mt-Atp6;mt-Atp8;mt-Nd1;mt-Nd2;mt-Nd3;mt-Nd4;mt-Nd4l;mt-Nd5;mt-Nd6
GO:0046034	GO:0072522	0.34615384615384615	81	Ak2;Ak3;Aldoa;Ampd2;Atp5a1;Atp5b;Atp5c1;Atp5d;Atp5e;Atp5f1;Atp5g1;Atp5g2;Atp5g3;Atp5h;Atp5j;Atp5j2;Atp5k;Atp5l;Atp5o;Bcl2l13;Cox11;Fam210b;Fam3a;Letmd1;Lipa;Ndufa1;Ndufa10;Ndufa11;Ndufa12;Ndufa13;Ndufa2;Ndufa3;Ndufa5;Ndufa6;Ndufa7;Ndufa8;Ndufa9;Ndufab1;Ndufb1-ps;Ndufb10;Ndufb11;Ndufb2;Ndufb3;Ndufb4;Ndufb5;Ndufb6;Ndufb7;Ndufb8;Ndufb9;Ndufc1;Ndufc2;Ndufs1;Ndufs2;Ndufs3;Ndufs4;Ndufs5;Ndufs6;Ndufs7;Ndufs8;Ndufv1;Ndufv2;Ndufv3;Nmnat1;Nt5e;Nudt2;Sdha;Sdhb;Sdhc;Sdhd;Slc25a13;Stoml2;Tgfb1;mt-Atp6;mt-Atp8;mt-Nd1;mt-Nd2;mt-Nd3;mt-Nd4;mt-Nd4l;mt-Nd5;mt-Nd6
GO:0046034	GO:0009117	0.46258503401360546	136	Adpgk;Ak2;Ak3;Aldoa;Ampd2;Atp1b1;Atp5a1;Atp5b;Atp5c1;Atp5d;Atp5e;Atp5f1;Atp5g1;Atp5g2;Atp5g3;Atp5h;Atp5j;Atp5j2;Atp5k;Atp5l;Atp5o;Atp6v1a;Atp6v1b2;Atp7a;Bad;Bcl2l13;Bloc1s6;Bpgm;Clpx;Cox11;Ctns;Eno1;Eno3;Enpp1;Ep300;Fam210b;Fam3a;Fignl1;Fkrp;Foxk1;Foxk2;Gale;Galk1;Galt;Gapdh;Gpi1;Hk1;Hk2;Hspa1a;Hspa1b;Hspa8;Khk;Letmd1;Lipa;Mfsd8;Mpi;Mttp;Ndufa1;Ndufa10;Ndufa11;Ndufa12;Ndufa13;Ndufa2;Ndufa3;Ndufa5;Ndufa6;Ndufa7;Ndufa8;Ndufa9;Ndufab1;Ndufb1-ps;Ndufb10;Ndufb11;Ndufb2;Ndufb3;Ndufb4;Ndufb5;Ndufb6;Ndufb7;Ndufb8;Ndufb9;Ndufc1;Ndufc2;Ndufs1;Ndufs2;Ndufs3;Ndufs4;Ndufs5;Ndufs6;Ndufs7;Ndufs8;Ndufv1;Ndufv2;Ndufv3;Nmnat1;Nt5e;Nudt2;Nudt5;Ola1;Parg;Parp1;Pfkfb2;Pfkfb3;Pfkfb4;Pfkl;Pfkm;Pfkp;Pgam1;Pgk1;Pkm;Ran;S100a1;Sdha;Sdhb;Sdhc;Sdhd;Selenon;Sirt6;Slc25a13;Slc25a25;Stoml2;Tgfb1;Tkfc;Tpi1;Ucp2;Vcp;Xpo4;mt-Atp6;mt-Atp8;mt-Nd1;mt-Nd2;mt-Nd3;mt-Nd4;mt-Nd4l;mt-Nd5;mt-Nd6
GO:0046034	GO:0006753	0.337468982630273	136	Adpgk;Ak2;Ak3;Aldoa;Ampd2;Atp1b1;Atp5a1;Atp5b;Atp5c1;Atp5d;Atp5e;Atp5f1;Atp5g1;Atp5g2;Atp5g3;Atp5h;Atp5j;Atp5j2;Atp5k;Atp5l;Atp5o;Atp6v1a;Atp6v1b2;Atp7a;Bad;Bcl2l13;Bloc1s6;Bpgm;Clpx;Cox11;Ctns;Eno1;Eno3;Enpp1;Ep300;Fam210b;Fam3a;Fignl1;Fkrp;Foxk1;Foxk2;Gale;Galk1;Galt;Gapdh;Gpi1;Hk1;Hk2;Hspa1a;Hspa1b;Hspa8;Khk;Letmd1;Lipa;Mfsd8;Mpi;Mttp;Ndufa1;Ndufa10;Ndufa11;Ndufa12;Ndufa13;Ndufa2;Ndufa3;Ndufa5;Ndufa6;Ndufa7;Ndufa8;Ndufa9;Ndufab1;Ndufb1-ps;Ndufb10;Ndufb11;Ndufb2;Ndufb3;Ndufb4;Ndufb5;Ndufb6;Ndufb7;Ndufb8;Ndufb9;Ndufc1;Ndufc2;Ndufs1;Ndufs2;Ndufs3;Ndufs4;Ndufs5;Ndufs6;Ndufs7;Ndufs8;Ndufv1;Ndufv2;Ndufv3;Nmnat1;Nt5e;Nudt2;Nudt5;Ola1;Parg;Parp1;Pfkfb2;Pfkfb3;Pfkfb4;Pfkl;Pfkm;Pfkp;Pgam1;Pgk1;Pkm;Ran;S100a1;Sdha;Sdhb;Sdhc;Sdhd;Selenon;Sirt6;Slc25a13;Slc25a25;Stoml2;Tgfb1;Tkfc;Tpi1;Ucp2;Vcp;Xpo4;mt-Atp6;mt-Atp8;mt-Nd1;mt-Nd2;mt-Nd3;mt-Nd4;mt-Nd4l;mt-Nd5;mt-Nd6
GO:0009142	GO:0009152	0.7166666666666667	86	Ak3;Aldoa;Atp5a1;Atp5b;Atp5c1;Atp5d;Atp5e;Atp5f1;Atp5g1;Atp5g2;Atp5g3;Atp5h;Atp5j;Atp5j2;Atp5k;Atp5l;Atp5o;Bcl2l13;Cox11;Fam210b;Fam3a;Impdh1;Impdh2;Letmd1;Lipa;Ndufa1;Ndufa10;Ndufa11;Ndufa12;Ndufa13;Ndufa2;Ndufa3;Ndufa5;Ndufa6;Ndufa7;Ndufa8;Ndufa9;Ndufab1;Ndufb1-ps;Ndufb10;Ndufb11;Ndufb2;Ndufb3;Ndufb4;Ndufb5;Ndufb6;Ndufb7;Ndufb8;Ndufb9;Ndufc1;Ndufc2;Ndufs1;Ndufs2;Ndufs3;Ndufs4;Ndufs5;Ndufs6;Ndufs7;Ndufs8;Ndufv1;Ndufv2;Ndufv3;Nme1;Nme2;Nme3;Nme4;Nme6;Nme7;Nudt2;Pnp;Sdha;Sdhb;Sdhc;Sdhd;Slc25a13;Stoml2;Tgfb1;mt-Atp6;mt-Atp8;mt-Nd1;mt-Nd2;mt-Nd3;mt-Nd4;mt-Nd4l;mt-Nd5;mt-Nd6
GO:0009142	GO:0009150	0.4095238095238095	86	Ak3;Aldoa;Atp5a1;Atp5b;Atp5c1;Atp5d;Atp5e;Atp5f1;Atp5g1;Atp5g2;Atp5g3;Atp5h;Atp5j;Atp5j2;Atp5k;Atp5l;Atp5o;Bcl2l13;Cox11;Fam210b;Fam3a;Impdh1;Impdh2;Letmd1;Lipa;Ndufa1;Ndufa10;Ndufa11;Ndufa12;Ndufa13;Ndufa2;Ndufa3;Ndufa5;Ndufa6;Ndufa7;Ndufa8;Ndufa9;Ndufab1;Ndufb1-ps;Ndufb10;Ndufb11;Ndufb2;Ndufb3;Ndufb4;Ndufb5;Ndufb6;Ndufb7;Ndufb8;Ndufb9;Ndufc1;Ndufc2;Ndufs1;Ndufs2;Ndufs3;Ndufs4;Ndufs5;Ndufs6;Ndufs7;Ndufs8;Ndufv1;Ndufv2;Ndufv3;Nme1;Nme2;Nme3;Nme4;Nme6;Nme7;Nudt2;Pnp;Sdha;Sdhb;Sdhc;Sdhd;Slc25a13;Stoml2;Tgfb1;mt-Atp6;mt-Atp8;mt-Nd1;mt-Nd2;mt-Nd3;mt-Nd4;mt-Nd4l;mt-Nd5;mt-Nd6
GO:0009142	GO:0009165	0.5802469135802469	94	Ak3;Aldoa;Atp5a1;Atp5b;Atp5c1;Atp5d;Atp5e;Atp5f1;Atp5g1;Atp5g2;Atp5g3;Atp5h;Atp5j;Atp5j2;Atp5k;Atp5l;Atp5o;Bcl2l13;Cad;Cmpk1;Cox11;Ctps;Ctps2;Dhodh;Fam210b;Fam3a;Impdh1;Impdh2;Letmd1;Lipa;Ndufa1;Ndufa10;Ndufa11;Ndufa12;Ndufa13;Ndufa2;Ndufa3;Ndufa5;Ndufa6;Ndufa7;Ndufa8;Ndufa9;Ndufab1;Ndufb1-ps;Ndufb10;Ndufb11;Ndufb2;Ndufb3;Ndufb4;Ndufb5;Ndufb6;Ndufb7;Ndufb8;Ndufb9;Ndufc1;Ndufc2;Ndufs1;Ndufs2;Ndufs3;Ndufs4;Ndufs5;Ndufs6;Ndufs7;Ndufs8;Ndufv1;Ndufv2;Ndufv3;Nme1;Nme2;Nme3;Nme4;Nme6;Nme7;Nudt2;Pnp;Sdha;Sdhb;Sdhc;Sdhd;Slc25a13;Stoml2;Tgfb1;Uck1;Uck2;Umps;mt-Atp6;mt-Atp8;mt-Nd1;mt-Nd2;mt-Nd3;mt-Nd4;mt-Nd4l;mt-Nd5;mt-Nd6
GO:0009142	GO:0072522	0.45989304812834225	86	Ak3;Aldoa;Atp5a1;Atp5b;Atp5c1;Atp5d;Atp5e;Atp5f1;Atp5g1;Atp5g2;Atp5g3;Atp5h;Atp5j;Atp5j2;Atp5k;Atp5l;Atp5o;Bcl2l13;Cox11;Fam210b;Fam3a;Impdh1;Impdh2;Letmd1;Lipa;Ndufa1;Ndufa10;Ndufa11;Ndufa12;Ndufa13;Ndufa2;Ndufa3;Ndufa5;Ndufa6;Ndufa7;Ndufa8;Ndufa9;Ndufab1;Ndufb1-ps;Ndufb10;Ndufb11;Ndufb2;Ndufb3;Ndufb4;Ndufb5;Ndufb6;Ndufb7;Ndufb8;Ndufb9;Ndufc1;Ndufc2;Ndufs1;Ndufs2;Ndufs3;Ndufs4;Ndufs5;Ndufs6;Ndufs7;Ndufs8;Ndufv1;Ndufv2;Ndufv3;Nme1;Nme2;Nme3;Nme4;Nme6;Nme7;Nudt2;Pnp;Sdha;Sdhb;Sdhc;Sdhd;Slc25a13;Stoml2;Tgfb1;mt-Atp6;mt-Atp8;mt-Nd1;mt-Nd2;mt-Nd3;mt-Nd4;mt-Nd4l;mt-Nd5;mt-Nd6
GO:0009142	GO:0009117	0.3197278911564626	94	Ak3;Aldoa;Atp5a1;Atp5b;Atp5c1;Atp5d;Atp5e;Atp5f1;Atp5g1;Atp5g2;Atp5g3;Atp5h;Atp5j;Atp5j2;Atp5k;Atp5l;Atp5o;Bcl2l13;Cad;Cmpk1;Cox11;Ctps;Ctps2;Dhodh;Fam210b;Fam3a;Impdh1;Impdh2;Letmd1;Lipa;Ndufa1;Ndufa10;Ndufa11;Ndufa12;Ndufa13;Ndufa2;Ndufa3;Ndufa5;Ndufa6;Ndufa7;Ndufa8;Ndufa9;Ndufab1;Ndufb1-ps;Ndufb10;Ndufb11;Ndufb2;Ndufb3;Ndufb4;Ndufb5;Ndufb6;Ndufb7;Ndufb8;Ndufb9;Ndufc1;Ndufc2;Ndufs1;Ndufs2;Ndufs3;Ndufs4;Ndufs5;Ndufs6;Ndufs7;Ndufs8;Ndufv1;Ndufv2;Ndufv3;Nme1;Nme2;Nme3;Nme4;Nme6;Nme7;Nudt2;Pnp;Sdha;Sdhb;Sdhc;Sdhd;Slc25a13;Stoml2;Tgfb1;Uck1;Uck2;Umps;mt-Atp6;mt-Atp8;mt-Nd1;mt-Nd2;mt-Nd3;mt-Nd4;mt-Nd4l;mt-Nd5;mt-Nd6
GO:0009142	KEGG:Retrograde endocannabinoid signaling	0.2727272727272727	36	Ndufa1;Ndufa10;Ndufa11;Ndufa12;Ndufa13;Ndufa2;Ndufa3;Ndufa5;Ndufa6;Ndufa7;Ndufa8;Ndufa9;Ndufab1;Ndufb10;Ndufb11;Ndufb2;Ndufb3;Ndufb4;Ndufb5;Ndufb6;Ndufb7;Ndufb8;Ndufb9;Ndufc1;Ndufc2;Ndufs1;Ndufs2;Ndufs3;Ndufs4;Ndufs5;Ndufs6;Ndufs7;Ndufs8;Ndufv1;Ndufv2;Ndufv3
GO:0009152	GO:0009150	0.5544554455445545	112	Ada;Adcy3;Adcy6;Adcy7;Adk;Adsl;Adss;Adssl1;Ak2;Ak3;Aldoa;Ampd2;Aprt;Atic;Atp5a1;Atp5b;Atp5c1;Atp5d;Atp5e;Atp5f1;Atp5g1;Atp5g2;Atp5g3;Atp5h;Atp5j;Atp5j2;Atp5k;Atp5l;Atp5o;Bcl2l13;Cox11;Fam210b;Fam3a;Gart;Gmpr2;Gmps;Gucy1a1;Guk1;Hprt;Impdh1;Impdh2;Letmd1;Lipa;Mthfd1;Ndufa1;Ndufa10;Ndufa11;Ndufa12;Ndufa13;Ndufa2;Ndufa3;Ndufa5;Ndufa6;Ndufa7;Ndufa8;Ndufa9;Ndufab1;Ndufb1-ps;Ndufb10;Ndufb11;Ndufb2;Ndufb3;Ndufb4;Ndufb5;Ndufb6;Ndufb7;Ndufb8;Ndufb9;Ndufc1;Ndufc2;Ndufs1;Ndufs2;Ndufs3;Ndufs4;Ndufs5;Ndufs6;Ndufs7;Ndufs8;Ndufv1;Ndufv2;Ndufv3;Nme1;Nme2;Nme3;Nme4;Nme6;Nme7;Nudt2;Paics;Papss1;Pfas;Pnp;Ppat;Prps2;Ptger2;Ptger4;Sdha;Sdhb;Sdhc;Sdhd;Slc25a13;Stoml2;Tgfb1;mt-Atp6;mt-Atp8;mt-Nd1;mt-Nd2;mt-Nd3;mt-Nd4;mt-Nd4l;mt-Nd5;mt-Nd6
GO:0009152	GO:0009165	0.691358024691358	112	Ada;Adcy3;Adcy6;Adcy7;Adk;Adsl;Adss;Adssl1;Ak2;Ak3;Aldoa;Ampd2;Aprt;Atic;Atp5a1;Atp5b;Atp5c1;Atp5d;Atp5e;Atp5f1;Atp5g1;Atp5g2;Atp5g3;Atp5h;Atp5j;Atp5j2;Atp5k;Atp5l;Atp5o;Bcl2l13;Cox11;Fam210b;Fam3a;Gart;Gmpr2;Gmps;Gucy1a1;Guk1;Hprt;Impdh1;Impdh2;Letmd1;Lipa;Mthfd1;Ndufa1;Ndufa10;Ndufa11;Ndufa12;Ndufa13;Ndufa2;Ndufa3;Ndufa5;Ndufa6;Ndufa7;Ndufa8;Ndufa9;Ndufab1;Ndufb1-ps;Ndufb10;Ndufb11;Ndufb2;Ndufb3;Ndufb4;Ndufb5;Ndufb6;Ndufb7;Ndufb8;Ndufb9;Ndufc1;Ndufc2;Ndufs1;Ndufs2;Ndufs3;Ndufs4;Ndufs5;Ndufs6;Ndufs7;Ndufs8;Ndufv1;Ndufv2;Ndufv3;Nme1;Nme2;Nme3;Nme4;Nme6;Nme7;Nudt2;Paics;Papss1;Pfas;Pnp;Ppat;Prps2;Ptger2;Ptger4;Sdha;Sdhb;Sdhc;Sdhd;Slc25a13;Stoml2;Tgfb1;mt-Atp6;mt-Atp8;mt-Nd1;mt-Nd2;mt-Nd3;mt-Nd4;mt-Nd4l;mt-Nd5;mt-Nd6
GO:0009152	GO:0072522	0.6256983240223464	112	Ada;Adcy3;Adcy6;Adcy7;Adk;Adsl;Adss;Adssl1;Ak2;Ak3;Aldoa;Ampd2;Aprt;Atic;Atp5a1;Atp5b;Atp5c1;Atp5d;Atp5e;Atp5f1;Atp5g1;Atp5g2;Atp5g3;Atp5h;Atp5j;Atp5j2;Atp5k;Atp5l;Atp5o;Bcl2l13;Cox11;Fam210b;Fam3a;Gart;Gmpr2;Gmps;Gucy1a1;Guk1;Hprt;Impdh1;Impdh2;Letmd1;Lipa;Mthfd1;Ndufa1;Ndufa10;Ndufa11;Ndufa12;Ndufa13;Ndufa2;Ndufa3;Ndufa5;Ndufa6;Ndufa7;Ndufa8;Ndufa9;Ndufab1;Ndufb1-ps;Ndufb10;Ndufb11;Ndufb2;Ndufb3;Ndufb4;Ndufb5;Ndufb6;Ndufb7;Ndufb8;Ndufb9;Ndufc1;Ndufc2;Ndufs1;Ndufs2;Ndufs3;Ndufs4;Ndufs5;Ndufs6;Ndufs7;Ndufs8;Ndufv1;Ndufv2;Ndufv3;Nme1;Nme2;Nme3;Nme4;Nme6;Nme7;Nudt2;Paics;Papss1;Pfas;Pnp;Ppat;Prps2;Ptger2;Ptger4;Sdha;Sdhb;Sdhc;Sdhd;Slc25a13;Stoml2;Tgfb1;mt-Atp6;mt-Atp8;mt-Nd1;mt-Nd2;mt-Nd3;mt-Nd4;mt-Nd4l;mt-Nd5;mt-Nd6
GO:0009152	GO:0009117	0.38095238095238093	112	Ada;Adcy3;Adcy6;Adcy7;Adk;Adsl;Adss;Adssl1;Ak2;Ak3;Aldoa;Ampd2;Aprt;Atic;Atp5a1;Atp5b;Atp5c1;Atp5d;Atp5e;Atp5f1;Atp5g1;Atp5g2;Atp5g3;Atp5h;Atp5j;Atp5j2;Atp5k;Atp5l;Atp5o;Bcl2l13;Cox11;Fam210b;Fam3a;Gart;Gmpr2;Gmps;Gucy1a1;Guk1;Hprt;Impdh1;Impdh2;Letmd1;Lipa;Mthfd1;Ndufa1;Ndufa10;Ndufa11;Ndufa12;Ndufa13;Ndufa2;Ndufa3;Ndufa5;Ndufa6;Ndufa7;Ndufa8;Ndufa9;Ndufab1;Ndufb1-ps;Ndufb10;Ndufb11;Ndufb2;Ndufb3;Ndufb4;Ndufb5;Ndufb6;Ndufb7;Ndufb8;Ndufb9;Ndufc1;Ndufc2;Ndufs1;Ndufs2;Ndufs3;Ndufs4;Ndufs5;Ndufs6;Ndufs7;Ndufs8;Ndufv1;Ndufv2;Ndufv3;Nme1;Nme2;Nme3;Nme4;Nme6;Nme7;Nudt2;Paics;Papss1;Pfas;Pnp;Ppat;Prps2;Ptger2;Ptger4;Sdha;Sdhb;Sdhc;Sdhd;Slc25a13;Stoml2;Tgfb1;mt-Atp6;mt-Atp8;mt-Nd1;mt-Nd2;mt-Nd3;mt-Nd4;mt-Nd4l;mt-Nd5;mt-Nd6
GO:0009152	KEGG:Retrograde endocannabinoid signaling	0.2653061224489796	39	Adcy3;Adcy6;Adcy7;Ndufa1;Ndufa10;Ndufa11;Ndufa12;Ndufa13;Ndufa2;Ndufa3;Ndufa5;Ndufa6;Ndufa7;Ndufa8;Ndufa9;Ndufab1;Ndufb10;Ndufb11;Ndufb2;Ndufb3;Ndufb4;Ndufb5;Ndufb6;Ndufb7;Ndufb8;Ndufb9;Ndufc1;Ndufc2;Ndufs1;Ndufs2;Ndufs3;Ndufs4;Ndufs5;Ndufs6;Ndufs7;Ndufs8;Ndufv1;Ndufv2;Ndufv3
GO:0009152	GO:0006753	0.27791563275434245	112	Ada;Adcy3;Adcy6;Adcy7;Adk;Adsl;Adss;Adssl1;Ak2;Ak3;Aldoa;Ampd2;Aprt;Atic;Atp5a1;Atp5b;Atp5c1;Atp5d;Atp5e;Atp5f1;Atp5g1;Atp5g2;Atp5g3;Atp5h;Atp5j;Atp5j2;Atp5k;Atp5l;Atp5o;Bcl2l13;Cox11;Fam210b;Fam3a;Gart;Gmpr2;Gmps;Gucy1a1;Guk1;Hprt;Impdh1;Impdh2;Letmd1;Lipa;Mthfd1;Ndufa1;Ndufa10;Ndufa11;Ndufa12;Ndufa13;Ndufa2;Ndufa3;Ndufa5;Ndufa6;Ndufa7;Ndufa8;Ndufa9;Ndufab1;Ndufb1-ps;Ndufb10;Ndufb11;Ndufb2;Ndufb3;Ndufb4;Ndufb5;Ndufb6;Ndufb7;Ndufb8;Ndufb9;Ndufc1;Ndufc2;Ndufs1;Ndufs2;Ndufs3;Ndufs4;Ndufs5;Ndufs6;Ndufs7;Ndufs8;Ndufv1;Ndufv2;Ndufv3;Nme1;Nme2;Nme3;Nme4;Nme6;Nme7;Nudt2;Paics;Papss1;Pfas;Pnp;Ppat;Prps2;Ptger2;Ptger4;Sdha;Sdhb;Sdhc;Sdhd;Slc25a13;Stoml2;Tgfb1;mt-Atp6;mt-Atp8;mt-Nd1;mt-Nd2;mt-Nd3;mt-Nd4;mt-Nd4l;mt-Nd5;mt-Nd6
GO:0009152	GO:1901137	0.27450980392156865	112	Ada;Adcy3;Adcy6;Adcy7;Adk;Adsl;Adss;Adssl1;Ak2;Ak3;Aldoa;Ampd2;Aprt;Atic;Atp5a1;Atp5b;Atp5c1;Atp5d;Atp5e;Atp5f1;Atp5g1;Atp5g2;Atp5g3;Atp5h;Atp5j;Atp5j2;Atp5k;Atp5l;Atp5o;Bcl2l13;Cox11;Fam210b;Fam3a;Gart;Gmpr2;Gmps;Gucy1a1;Guk1;Hprt;Impdh1;Impdh2;Letmd1;Lipa;Mthfd1;Ndufa1;Ndufa10;Ndufa11;Ndufa12;Ndufa13;Ndufa2;Ndufa3;Ndufa5;Ndufa6;Ndufa7;Ndufa8;Ndufa9;Ndufab1;Ndufb1-ps;Ndufb10;Ndufb11;Ndufb2;Ndufb3;Ndufb4;Ndufb5;Ndufb6;Ndufb7;Ndufb8;Ndufb9;Ndufc1;Ndufc2;Ndufs1;Ndufs2;Ndufs3;Ndufs4;Ndufs5;Ndufs6;Ndufs7;Ndufs8;Ndufv1;Ndufv2;Ndufv3;Nme1;Nme2;Nme3;Nme4;Nme6;Nme7;Nudt2;Paics;Papss1;Pfas;Pnp;Ppat;Prps2;Ptger2;Ptger4;Sdha;Sdhb;Sdhc;Sdhd;Slc25a13;Stoml2;Tgfb1;mt-Atp6;mt-Atp8;mt-Nd1;mt-Nd2;mt-Nd3;mt-Nd4;mt-Nd4l;mt-Nd5;mt-Nd6
GO:0009152	GO:0090407	0.2641509433962264	112	Ada;Adcy3;Adcy6;Adcy7;Adk;Adsl;Adss;Adssl1;Ak2;Ak3;Aldoa;Ampd2;Aprt;Atic;Atp5a1;Atp5b;Atp5c1;Atp5d;Atp5e;Atp5f1;Atp5g1;Atp5g2;Atp5g3;Atp5h;Atp5j;Atp5j2;Atp5k;Atp5l;Atp5o;Bcl2l13;Cox11;Fam210b;Fam3a;Gart;Gmpr2;Gmps;Gucy1a1;Guk1;Hprt;Impdh1;Impdh2;Letmd1;Lipa;Mthfd1;Ndufa1;Ndufa10;Ndufa11;Ndufa12;Ndufa13;Ndufa2;Ndufa3;Ndufa5;Ndufa6;Ndufa7;Ndufa8;Ndufa9;Ndufab1;Ndufb1-ps;Ndufb10;Ndufb11;Ndufb2;Ndufb3;Ndufb4;Ndufb5;Ndufb6;Ndufb7;Ndufb8;Ndufb9;Ndufc1;Ndufc2;Ndufs1;Ndufs2;Ndufs3;Ndufs4;Ndufs5;Ndufs6;Ndufs7;Ndufs8;Ndufv1;Ndufv2;Ndufv3;Nme1;Nme2;Nme3;Nme4;Nme6;Nme7;Nudt2;Paics;Papss1;Pfas;Pnp;Ppat;Prps2;Ptger2;Ptger4;Sdha;Sdhb;Sdhc;Sdhd;Slc25a13;Stoml2;Tgfb1;mt-Atp6;mt-Atp8;mt-Nd1;mt-Nd2;mt-Nd3;mt-Nd4;mt-Nd4l;mt-Nd5;mt-Nd6
GO:0042775	GO:0022900	0.6823529411764706	58	Bid;Coq7;Coq9;Cox4i1;Cox5a;Cox5b;Cox6a1;Cox7a2;Cox7a2l;Cox7b;Cox7c;Cox8a;Cyc1;Cycs;Dguok;Dld;Mtch2;Ndufa10;Ndufa11;Ndufa12;Ndufa7;Ndufa8;Ndufaf1;Ndufb6;Ndufb8;Ndufb9;Ndufc2;Ndufs1;Ndufs2;Ndufs3;Ndufs6;Ndufs7;Ndufs8;Ndufv1;Ndufv2;Ndufv3;Sdha;Sdhaf2;Sdhb;Sdhc;Sdhd;Uqcc3;Uqcr10;Uqcr11;Uqcrb;Uqcrc1;Uqcrc2;Uqcrfs1;Uqcrh;Uqcrq;mt-Co3;mt-Cytb;mt-Nd1;mt-Nd2;mt-Nd3;mt-Nd4;mt-Nd5;mt-Nd6
GO:0042775	KEGG:Cardiac muscle contraction	0.25	18	Cox4i1;Cox5a;Cox5b;Cox6a1;Cox7a2;Cox7a2l;Cox7b;Cox7c;Cox8a;Cyc1;Uqcr10;Uqcr11;Uqcrb;Uqcrc1;Uqcrc2;Uqcrfs1;Uqcrh;Uqcrq
GO:0042775	GO:0015453	0.2898550724637681	20	Cox5a;Cyc1;Ndufa10;Ndufs1;Ndufs2;Ndufs3;Ndufs7;Ndufs8;Ndufv1;Ndufv2;Uqcrfs1;Uqcrh;mt-Co3;mt-Cytb;mt-Nd1;mt-Nd2;mt-Nd3;mt-Nd4;mt-Nd5;mt-Nd6
GO:0042775	GO:0009055	0.3037974683544304	24	Cox5a;Cyc1;Cycs;Ndufa10;Ndufs1;Ndufs2;Ndufs3;Ndufs7;Ndufs8;Ndufv1;Ndufv2;Sdha;Sdhb;Sdhc;Uqcrfs1;Uqcrh;mt-Co3;mt-Cytb;mt-Nd1;mt-Nd2;mt-Nd3;mt-Nd4;mt-Nd5;mt-Nd6
GO:0042775	GO:0006120	0.43103448275862066	25	Coq9;Dld;Ndufa10;Ndufa11;Ndufa7;Ndufa8;Ndufaf1;Ndufb6;Ndufb8;Ndufb9;Ndufc2;Ndufs1;Ndufs2;Ndufs3;Ndufs6;Ndufs7;Ndufs8;Ndufv1;Ndufv2;mt-Nd1;mt-Nd2;mt-Nd3;mt-Nd4;mt-Nd5;mt-Nd6
GO:0009150	GO:0009165	0.450199203187251	113	Ada;Adcy3;Adcy6;Adcy7;Adk;Adsl;Adss;Adssl1;Ak2;Ak3;Aldoa;Ampd2;Aprt;Atic;Atp5a1;Atp5b;Atp5c1;Atp5d;Atp5e;Atp5f1;Atp5g1;Atp5g2;Atp5g3;Atp5h;Atp5j;Atp5j2;Atp5k;Atp5l;Atp5o;Bcl2l13;Cox11;Fam210b;Fam3a;Gart;Gmpr2;Gmps;Gucy1a1;Guk1;Hprt;Impdh1;Impdh2;Letmd1;Lipa;Mthfd1;Ndufa1;Ndufa10;Ndufa11;Ndufa12;Ndufa13;Ndufa2;Ndufa3;Ndufa5;Ndufa6;Ndufa7;Ndufa8;Ndufa9;Ndufab1;Ndufb1-ps;Ndufb10;Ndufb11;Ndufb2;Ndufb3;Ndufb4;Ndufb5;Ndufb6;Ndufb7;Ndufb8;Ndufb9;Ndufc1;Ndufc2;Ndufs1;Ndufs2;Ndufs3;Ndufs4;Ndufs5;Ndufs6;Ndufs7;Ndufs8;Ndufv1;Ndufv2;Ndufv3;Nme1;Nme2;Nme3;Nme4;Nme6;Nme7;Nmnat1;Nudt2;Paics;Papss1;Pfas;Pnp;Ppat;Prps2;Ptger2;Ptger4;Sdha;Sdhb;Sdhc;Sdhd;Slc25a13;Stoml2;Tgfb1;mt-Atp6;mt-Atp8;mt-Nd1;mt-Nd2;mt-Nd3;mt-Nd4;mt-Nd4l;mt-Nd5;mt-Nd6
GO:0009150	GO:0072522	0.42696629213483145	114	Ada;Adcy3;Adcy6;Adcy7;Adk;Adsl;Adss;Adssl1;Ak2;Ak3;Aldoa;Ampd2;Aprt;Atic;Atp5a1;Atp5b;Atp5c1;Atp5d;Atp5e;Atp5f1;Atp5g1;Atp5g2;Atp5g3;Atp5h;Atp5j;Atp5j2;Atp5k;Atp5l;Atp5o;Bcl2l13;Cox11;Fam210b;Fam3a;Gart;Gmpr2;Gmps;Gucy1a1;Guk1;Hprt;Impdh1;Impdh2;Letmd1;Lipa;Mthfd1;Ndufa1;Ndufa10;Ndufa11;Ndufa12;Ndufa13;Ndufa2;Ndufa3;Ndufa5;Ndufa6;Ndufa7;Ndufa8;Ndufa9;Ndufab1;Ndufb1-ps;Ndufb10;Ndufb11;Ndufb2;Ndufb3;Ndufb4;Ndufb5;Ndufb6;Ndufb7;Ndufb8;Ndufb9;Ndufc1;Ndufc2;Ndufs1;Ndufs2;Ndufs3;Ndufs4;Ndufs5;Ndufs6;Ndufs7;Ndufs8;Ndufv1;Ndufv2;Ndufv3;Nme1;Nme2;Nme3;Nme4;Nme6;Nme7;Nmnat1;Nt5e;Nudt2;Paics;Papss1;Pfas;Pnp;Ppat;Prps2;Ptger2;Ptger4;Sdha;Sdhb;Sdhc;Sdhd;Slc25a13;Stoml2;Tgfb1;mt-Atp6;mt-Atp8;mt-Nd1;mt-Nd2;mt-Nd3;mt-Nd4;mt-Nd4l;mt-Nd5;mt-Nd6
GO:0009150	GO:0009117	0.6870748299319728	202	Ada;Adcy3;Adcy6;Adcy7;Adk;Adnp;Adpgk;Adsl;Adss;Adssl1;Ak2;Ak3;Aldoa;Ampd2;Aprt;Atic;Atp1b1;Atp5a1;Atp5b;Atp5c1;Atp5d;Atp5e;Atp5f1;Atp5g1;Atp5g2;Atp5g3;Atp5h;Atp5j;Atp5j2;Atp5k;Atp5l;Atp5o;Atp6v1a;Atp6v1b2;Atp7a;Bad;Bcl2l13;Bloc1s6;Bpgm;Clpx;Cox11;Ctns;Efl1;Eno1;Eno3;Enpp1;Entpd1;Entpd7;Ep300;Fam210b;Fam3a;Fignl1;Fkrp;Foxk1;Foxk2;Gale;Galk1;Galt;Gapdh;Gart;Gimap7;Gmpr2;Gmps;Gnai3;Gpi1;Gtpbp1;Gucy1a1;Guk1;Hint1;Hk1;Hk2;Hprt;Hspa1a;Hspa1b;Hspa8;Impdh1;Impdh2;Itpa;Khk;Letmd1;Lipa;Mfn1;Mfsd8;Mpi;Mpp5;Mpp6;Mthfd1;Mttp;Ndufa1;Ndufa10;Ndufa11;Ndufa12;Ndufa13;Ndufa2;Ndufa3;Ndufa5;Ndufa6;Ndufa7;Ndufa8;Ndufa9;Ndufab1;Ndufb1-ps;Ndufb10;Ndufb11;Ndufb2;Ndufb3;Ndufb4;Ndufb5;Ndufb6;Ndufb7;Ndufb8;Ndufb9;Ndufc1;Ndufc2;Ndufs1;Ndufs2;Ndufs3;Ndufs4;Ndufs5;Ndufs6;Ndufs7;Ndufs8;Ndufv1;Ndufv2;Ndufv3;Nme1;Nme2;Nme3;Nme4;Nme6;Nme7;Nmnat1;Nt5c;Nt5c2;Nt5e;Nt5m;Nudt18;Nudt2;Nudt3;Nudt4;Nudt5;Nudt9;Ola1;Opa1;Paics;Papss1;Parg;Parp1;Pde2a;Pde4a;Pde4b;Pde4d;Pde5a;Pde7a;Pde8a;Pfas;Pfkfb2;Pfkfb3;Pfkfb4;Pfkl;Pfkm;Pfkp;Pgam1;Pgk1;Pkm;Pnp;Ppat;Prps2;Ptger2;Ptger4;Rab23;Ran;Rhoa;Rhoq;Rora;Rundc3a;S100a1;Sdha;Sdhb;Sdhc;Sdhd;Selenon;Sirt6;Slc25a13;Slc25a25;Stoml2;Tgfb1;Tkfc;Tpi1;Ucp2;Vcp;Xdh;Xpo4;mt-Atp6;mt-Atp8;mt-Nd1;mt-Nd2;mt-Nd3;mt-Nd4;mt-Nd4l;mt-Nd5;mt-Nd6
GO:0009150	GO:0006753	0.5012406947890818	202	Ada;Adcy3;Adcy6;Adcy7;Adk;Adnp;Adpgk;Adsl;Adss;Adssl1;Ak2;Ak3;Aldoa;Ampd2;Aprt;Atic;Atp1b1;Atp5a1;Atp5b;Atp5c1;Atp5d;Atp5e;Atp5f1;Atp5g1;Atp5g2;Atp5g3;Atp5h;Atp5j;Atp5j2;Atp5k;Atp5l;Atp5o;Atp6v1a;Atp6v1b2;Atp7a;Bad;Bcl2l13;Bloc1s6;Bpgm;Clpx;Cox11;Ctns;Efl1;Eno1;Eno3;Enpp1;Entpd1;Entpd7;Ep300;Fam210b;Fam3a;Fignl1;Fkrp;Foxk1;Foxk2;Gale;Galk1;Galt;Gapdh;Gart;Gimap7;Gmpr2;Gmps;Gnai3;Gpi1;Gtpbp1;Gucy1a1;Guk1;Hint1;Hk1;Hk2;Hprt;Hspa1a;Hspa1b;Hspa8;Impdh1;Impdh2;Itpa;Khk;Letmd1;Lipa;Mfn1;Mfsd8;Mpi;Mpp5;Mpp6;Mthfd1;Mttp;Ndufa1;Ndufa10;Ndufa11;Ndufa12;Ndufa13;Ndufa2;Ndufa3;Ndufa5;Ndufa6;Ndufa7;Ndufa8;Ndufa9;Ndufab1;Ndufb1-ps;Ndufb10;Ndufb11;Ndufb2;Ndufb3;Ndufb4;Ndufb5;Ndufb6;Ndufb7;Ndufb8;Ndufb9;Ndufc1;Ndufc2;Ndufs1;Ndufs2;Ndufs3;Ndufs4;Ndufs5;Ndufs6;Ndufs7;Ndufs8;Ndufv1;Ndufv2;Ndufv3;Nme1;Nme2;Nme3;Nme4;Nme6;Nme7;Nmnat1;Nt5c;Nt5c2;Nt5e;Nt5m;Nudt18;Nudt2;Nudt3;Nudt4;Nudt5;Nudt9;Ola1;Opa1;Paics;Papss1;Parg;Parp1;Pde2a;Pde4a;Pde4b;Pde4d;Pde5a;Pde7a;Pde8a;Pfas;Pfkfb2;Pfkfb3;Pfkfb4;Pfkl;Pfkm;Pfkp;Pgam1;Pgk1;Pkm;Pnp;Ppat;Prps2;Ptger2;Ptger4;Rab23;Ran;Rhoa;Rhoq;Rora;Rundc3a;S100a1;Sdha;Sdhb;Sdhc;Sdhd;Selenon;Sirt6;Slc25a13;Slc25a25;Stoml2;Tgfb1;Tkfc;Tpi1;Ucp2;Vcp;Xdh;Xpo4;mt-Atp6;mt-Atp8;mt-Nd1;mt-Nd2;mt-Nd3;mt-Nd4;mt-Nd4l;mt-Nd5;mt-Nd6
GO:0009150	GO:1901137	0.25	122	Ada;Adcy3;Adcy6;Adcy7;Adk;Adsl;Adss;Adssl1;Ak2;Ak3;Aldoa;Ampd2;Aprt;Atic;Atp5a1;Atp5b;Atp5c1;Atp5d;Atp5e;Atp5f1;Atp5g1;Atp5g2;Atp5g3;Atp5h;Atp5j;Atp5j2;Atp5k;Atp5l;Atp5o;Atp7a;Bcl2l13;Cox11;Eno1;Fam210b;Fam3a;Fkrp;Gapdh;Gart;Gmpr2;Gmps;Gucy1a1;Guk1;Hk1;Hprt;Impdh1;Impdh2;Letmd1;Lipa;Mpi;Mthfd1;Ndufa1;Ndufa10;Ndufa11;Ndufa12;Ndufa13;Ndufa2;Ndufa3;Ndufa5;Ndufa6;Ndufa7;Ndufa8;Ndufa9;Ndufab1;Ndufb1-ps;Ndufb10;Ndufb11;Ndufb2;Ndufb3;Ndufb4;Ndufb5;Ndufb6;Ndufb7;Ndufb8;Ndufb9;Ndufc1;Ndufc2;Ndufs1;Ndufs2;Ndufs3;Ndufs4;Ndufs5;Ndufs6;Ndufs7;Ndufs8;Ndufv1;Ndufv2;Ndufv3;Nme1;Nme2;Nme3;Nme4;Nme6;Nme7;Nt5e;Nudt2;Paics;Papss1;Pfas;Pgam1;Pgk1;Pnp;Ppat;Prps2;Ptger2;Ptger4;Sdha;Sdhb;Sdhc;Sdhd;Slc25a13;Stoml2;Tgfb1;Tpi1;mt-Atp6;mt-Atp8;mt-Nd1;mt-Nd2;mt-Nd3;mt-Nd4;mt-Nd4l;mt-Nd5;mt-Nd6
GO:0022900	GO:0015453	0.2608695652173913	24	Cox5a;Cyc1;Ndufa10;Ndufs1;Ndufs2;Ndufs3;Ndufs4;Ndufs7;Ndufs8;Ndufv1;Ndufv2;Uqcrfs1;Uqcrh;mt-Co1;mt-Co2;mt-Co3;mt-Cytb;mt-Nd1;mt-Nd2;mt-Nd3;mt-Nd4;mt-Nd4l;mt-Nd5;mt-Nd6
GO:0022900	GO:0009055	0.3978494623655914	37	Aifm1;Aifm2;Cox5a;Cyc1;Cycs;Etfa;Etfb;Etfdh;Fdx1;Fdx2;Ndor1;Ndufa10;Ndufs1;Ndufs2;Ndufs3;Ndufs4;Ndufs7;Ndufs8;Ndufv1;Ndufv2;Por;Sdha;Sdhb;Sdhc;Uqcrfs1;Uqcrh;mt-Co1;mt-Co2;mt-Co3;mt-Cytb;mt-Nd1;mt-Nd2;mt-Nd3;mt-Nd4;mt-Nd4l;mt-Nd5;mt-Nd6
GO:0022900	GO:0006120	0.29411764705882354	25	Coq9;Dld;Ndufa10;Ndufa11;Ndufa7;Ndufa8;Ndufaf1;Ndufb6;Ndufb8;Ndufb9;Ndufc2;Ndufs1;Ndufs2;Ndufs3;Ndufs6;Ndufs7;Ndufs8;Ndufv1;Ndufv2;mt-Nd1;mt-Nd2;mt-Nd3;mt-Nd4;mt-Nd5;mt-Nd6
GO:0009165	GO:0072522	0.6634146341463415	136	Ada;Adcy3;Adcy6;Adcy7;Adk;Adsl;Adss;Adssl1;Afmid;Ak2;Ak3;Aldoa;Ampd2;Aprt;Atic;Atp5a1;Atp5b;Atp5c1;Atp5d;Atp5e;Atp5f1;Atp5g1;Atp5g2;Atp5g3;Atp5h;Atp5j;Atp5j2;Atp5k;Atp5l;Atp5o;Bcl2l13;Cox11;Dck;Dguok;Fam210b;Fam3a;G6pdx;Gart;Gmpr2;Gmps;Gucy1a1;Guk1;Hprt;Idh2;Impdh1;Impdh2;Letmd1;Lipa;Mthfd1;Nadk;Nadk2;Nadsyn1;Nampt;Naprt;Ndufa1;Ndufa10;Ndufa11;Ndufa12;Ndufa13;Ndufa2;Ndufa3;Ndufa5;Ndufa6;Ndufa7;Ndufa8;Ndufa9;Ndufab1;Ndufb1-ps;Ndufb10;Ndufb11;Ndufb2;Ndufb3;Ndufb4;Ndufb5;Ndufb6;Ndufb7;Ndufb8;Ndufb9;Ndufc1;Ndufc2;Ndufs1;Ndufs2;Ndufs3;Ndufs4;Ndufs5;Ndufs6;Ndufs7;Ndufs8;Ndufv1;Ndufv2;Ndufv3;Nme1;Nme2;Nme3;Nme4;Nme6;Nme7;Nmnat1;Nmnat2;Nmnat3;Nmrk1;Nudt2;Oas1a;Oasl2;Paics;Papss1;Pfas;Pnp;Ppat;Prps1;Prps1l3;Prps2;Prpsap1;Prpsap2;Ptger2;Ptger4;Qprt;Sdha;Sdhb;Sdhc;Sdhd;Shmt1;Slc25a13;Slc25a51;Slc4a7;Stoml2;Tgfb1;mt-Atp6;mt-Atp8;mt-Nd1;mt-Nd2;mt-Nd3;mt-Nd4;mt-Nd4l;mt-Nd5;mt-Nd6
GO:0009165	GO:0009117	0.5510204081632653	162	Ada;Adcy3;Adcy6;Adcy7;Adk;Adsl;Adss;Adssl1;Afmid;Ak2;Ak3;Aldoa;Ampd2;Aprt;Atic;Atp5a1;Atp5b;Atp5c1;Atp5d;Atp5e;Atp5f1;Atp5g1;Atp5g2;Atp5g3;Atp5h;Atp5j;Atp5j2;Atp5k;Atp5l;Atp5o;Bcl2l13;Cad;Cdadc1;Cmpk1;Cmpk2;Cox11;Ctps;Ctps2;Dck;Dctd;Dguok;Dhodh;Dtymk;Dut;Fam210b;Fam3a;Flad1;G6pdx;Gars;Gart;Gmpr2;Gmps;Gucy1a1;Guk1;Hprt;Idh2;Impdh1;Impdh2;Kars;Letmd1;Lipa;Mapk1;Mthfd1;Nadk;Nadk2;Nadsyn1;Nampt;Naprt;Ndufa1;Ndufa10;Ndufa11;Ndufa12;Ndufa13;Ndufa2;Ndufa3;Ndufa5;Ndufa6;Ndufa7;Ndufa8;Ndufa9;Ndufab1;Ndufb1-ps;Ndufb10;Ndufb11;Ndufb2;Ndufb3;Ndufb4;Ndufb5;Ndufb6;Ndufb7;Ndufb8;Ndufb9;Ndufc1;Ndufc2;Ndufs1;Ndufs2;Ndufs3;Ndufs4;Ndufs5;Ndufs6;Ndufs7;Ndufs8;Ndufv1;Ndufv2;Ndufv3;Nme1;Nme2;Nme3;Nme4;Nme6;Nme7;Nmnat1;Nmnat2;Nmnat3;Nmrk1;Nudt2;Oas1a;Oasl2;Paics;Papss1;Pfas;Pnp;Ppat;Prps1;Prps1l3;Prps2;Prpsap1;Prpsap2;Ptger2;Ptger4;Qprt;Rfk;Rrm1;Rrm2;Rrm2b;Sdha;Sdhb;Sdhc;Sdhd;Shmt1;Slc25a13;Slc25a51;Slc4a7;Stoml2;Tbpl1;Tgfb1;Tk1;Tyms;Uck1;Uck2;Uckl1;Umps;Uprt;mt-Atp6;mt-Atp8;mt-Nd1;mt-Nd2;mt-Nd3;mt-Nd4;mt-Nd4l;mt-Nd5;mt-Nd6
GO:0009165	GO:0006753	0.40198511166253104	162	Ada;Adcy3;Adcy6;Adcy7;Adk;Adsl;Adss;Adssl1;Afmid;Ak2;Ak3;Aldoa;Ampd2;Aprt;Atic;Atp5a1;Atp5b;Atp5c1;Atp5d;Atp5e;Atp5f1;Atp5g1;Atp5g2;Atp5g3;Atp5h;Atp5j;Atp5j2;Atp5k;Atp5l;Atp5o;Bcl2l13;Cad;Cdadc1;Cmpk1;Cmpk2;Cox11;Ctps;Ctps2;Dck;Dctd;Dguok;Dhodh;Dtymk;Dut;Fam210b;Fam3a;Flad1;G6pdx;Gars;Gart;Gmpr2;Gmps;Gucy1a1;Guk1;Hprt;Idh2;Impdh1;Impdh2;Kars;Letmd1;Lipa;Mapk1;Mthfd1;Nadk;Nadk2;Nadsyn1;Nampt;Naprt;Ndufa1;Ndufa10;Ndufa11;Ndufa12;Ndufa13;Ndufa2;Ndufa3;Ndufa5;Ndufa6;Ndufa7;Ndufa8;Ndufa9;Ndufab1;Ndufb1-ps;Ndufb10;Ndufb11;Ndufb2;Ndufb3;Ndufb4;Ndufb5;Ndufb6;Ndufb7;Ndufb8;Ndufb9;Ndufc1;Ndufc2;Ndufs1;Ndufs2;Ndufs3;Ndufs4;Ndufs5;Ndufs6;Ndufs7;Ndufs8;Ndufv1;Ndufv2;Ndufv3;Nme1;Nme2;Nme3;Nme4;Nme6;Nme7;Nmnat1;Nmnat2;Nmnat3;Nmrk1;Nudt2;Oas1a;Oasl2;Paics;Papss1;Pfas;Pnp;Ppat;Prps1;Prps1l3;Prps2;Prpsap1;Prpsap2;Ptger2;Ptger4;Qprt;Rfk;Rrm1;Rrm2;Rrm2b;Sdha;Sdhb;Sdhc;Sdhd;Shmt1;Slc25a13;Slc25a51;Slc4a7;Stoml2;Tbpl1;Tgfb1;Tk1;Tyms;Uck1;Uck2;Uckl1;Umps;Uprt;mt-Atp6;mt-Atp8;mt-Nd1;mt-Nd2;mt-Nd3;mt-Nd4;mt-Nd4l;mt-Nd5;mt-Nd6
GO:0009165	GO:1901137	0.3317757009345794	142	Ada;Adcy3;Adcy6;Adcy7;Adk;Adsl;Adss;Adssl1;Ak2;Ak3;Aldoa;Ampd2;Aprt;Atic;Atp5a1;Atp5b;Atp5c1;Atp5d;Atp5e;Atp5f1;Atp5g1;Atp5g2;Atp5g3;Atp5h;Atp5j;Atp5j2;Atp5k;Atp5l;Atp5o;Bcl2l13;Cad;Cdadc1;Cmpk1;Cmpk2;Cox11;Ctps;Ctps2;Dck;Dctd;Dguok;Dhodh;Dtymk;Dut;Fam210b;Fam3a;G6pdx;Gart;Gmpr2;Gmps;Gucy1a1;Guk1;Hprt;Impdh1;Impdh2;Letmd1;Lipa;Mthfd1;Ndufa1;Ndufa10;Ndufa11;Ndufa12;Ndufa13;Ndufa2;Ndufa3;Ndufa5;Ndufa6;Ndufa7;Ndufa8;Ndufa9;Ndufab1;Ndufb1-ps;Ndufb10;Ndufb11;Ndufb2;Ndufb3;Ndufb4;Ndufb5;Ndufb6;Ndufb7;Ndufb8;Ndufb9;Ndufc1;Ndufc2;Ndufs1;Ndufs2;Ndufs3;Ndufs4;Ndufs5;Ndufs6;Ndufs7;Ndufs8;Ndufv1;Ndufv2;Ndufv3;Nme1;Nme2;Nme3;Nme4;Nme6;Nme7;Nudt2;Paics;Papss1;Pfas;Pnp;Ppat;Prps1;Prps1l3;Prps2;Prpsap1;Prpsap2;Ptger2;Ptger4;Rfk;Rrm1;Rrm2;Rrm2b;Sdha;Sdhb;Sdhc;Sdhd;Shmt1;Slc25a13;Stoml2;Tbpl1;Tgfb1;Tk1;Tyms;Uck1;Uck2;Uckl1;Umps;Uprt;mt-Atp6;mt-Atp8;mt-Nd1;mt-Nd2;mt-Nd3;mt-Nd4;mt-Nd4l;mt-Nd5;mt-Nd6
GO:0009165	GO:0090407	0.38207547169811323	162	Ada;Adcy3;Adcy6;Adcy7;Adk;Adsl;Adss;Adssl1;Afmid;Ak2;Ak3;Aldoa;Ampd2;Aprt;Atic;Atp5a1;Atp5b;Atp5c1;Atp5d;Atp5e;Atp5f1;Atp5g1;Atp5g2;Atp5g3;Atp5h;Atp5j;Atp5j2;Atp5k;Atp5l;Atp5o;Bcl2l13;Cad;Cdadc1;Cmpk1;Cmpk2;Cox11;Ctps;Ctps2;Dck;Dctd;Dguok;Dhodh;Dtymk;Dut;Fam210b;Fam3a;Flad1;G6pdx;Gars;Gart;Gmpr2;Gmps;Gucy1a1;Guk1;Hprt;Idh2;Impdh1;Impdh2;Kars;Letmd1;Lipa;Mapk1;Mthfd1;Nadk;Nadk2;Nadsyn1;Nampt;Naprt;Ndufa1;Ndufa10;Ndufa11;Ndufa12;Ndufa13;Ndufa2;Ndufa3;Ndufa5;Ndufa6;Ndufa7;Ndufa8;Ndufa9;Ndufab1;Ndufb1-ps;Ndufb10;Ndufb11;Ndufb2;Ndufb3;Ndufb4;Ndufb5;Ndufb6;Ndufb7;Ndufb8;Ndufb9;Ndufc1;Ndufc2;Ndufs1;Ndufs2;Ndufs3;Ndufs4;Ndufs5;Ndufs6;Ndufs7;Ndufs8;Ndufv1;Ndufv2;Ndufv3;Nme1;Nme2;Nme3;Nme4;Nme6;Nme7;Nmnat1;Nmnat2;Nmnat3;Nmrk1;Nudt2;Oas1a;Oasl2;Paics;Papss1;Pfas;Pnp;Ppat;Prps1;Prps1l3;Prps2;Prpsap1;Prpsap2;Ptger2;Ptger4;Qprt;Rfk;Rrm1;Rrm2;Rrm2b;Sdha;Sdhb;Sdhc;Sdhd;Shmt1;Slc25a13;Slc25a51;Slc4a7;Stoml2;Tbpl1;Tgfb1;Tk1;Tyms;Uck1;Uck2;Uckl1;Umps;Uprt;mt-Atp6;mt-Atp8;mt-Nd1;mt-Nd2;mt-Nd3;mt-Nd4;mt-Nd4l;mt-Nd5;mt-Nd6
GO:0072522	GO:0009117	0.40773809523809523	137	Ada;Adcy3;Adcy6;Adcy7;Adk;Adsl;Adss;Adssl1;Afmid;Ak2;Ak3;Aldoa;Ampd2;Aprt;Atic;Atp5a1;Atp5b;Atp5c1;Atp5d;Atp5e;Atp5f1;Atp5g1;Atp5g2;Atp5g3;Atp5h;Atp5j;Atp5j2;Atp5k;Atp5l;Atp5o;Bcl2l13;Cox11;Dck;Dguok;Fam210b;Fam3a;G6pdx;Gart;Gmpr2;Gmps;Gucy1a1;Guk1;Hprt;Idh2;Impdh1;Impdh2;Letmd1;Lipa;Mthfd1;Nadk;Nadk2;Nadsyn1;Nampt;Naprt;Ndufa1;Ndufa10;Ndufa11;Ndufa12;Ndufa13;Ndufa2;Ndufa3;Ndufa5;Ndufa6;Ndufa7;Ndufa8;Ndufa9;Ndufab1;Ndufb1-ps;Ndufb10;Ndufb11;Ndufb2;Ndufb3;Ndufb4;Ndufb5;Ndufb6;Ndufb7;Ndufb8;Ndufb9;Ndufc1;Ndufc2;Ndufs1;Ndufs2;Ndufs3;Ndufs4;Ndufs5;Ndufs6;Ndufs7;Ndufs8;Ndufv1;Ndufv2;Ndufv3;Nme1;Nme2;Nme3;Nme4;Nme6;Nme7;Nmnat1;Nmnat2;Nmnat3;Nmrk1;Nt5e;Nudt2;Oas1a;Oasl2;Paics;Papss1;Pfas;Pnp;Ppat;Prps1;Prps1l3;Prps2;Prpsap1;Prpsap2;Ptger2;Ptger4;Qprt;Sdha;Sdhb;Sdhc;Sdhd;Shmt1;Slc25a13;Slc25a51;Slc4a7;Stoml2;Tgfb1;mt-Atp6;mt-Atp8;mt-Nd1;mt-Nd2;mt-Nd3;mt-Nd4;mt-Nd4l;mt-Nd5;mt-Nd6
GO:0072522	GO:0006753	0.43703703703703706	177	Acaca;Acat1;Acly;Acot7;Acsl1;Acsl4;Acsl5;Acss1;Acss2;Ada;Adcy3;Adcy6;Adcy7;Adk;Adsl;Adss;Adssl1;Afmid;Ak2;Ak3;Aldoa;Ampd2;Aprt;Atic;Atp5a1;Atp5b;Atp5c1;Atp5d;Atp5e;Atp5f1;Atp5g1;Atp5g2;Atp5g3;Atp5h;Atp5j;Atp5j2;Atp5k;Atp5l;Atp5o;Bcl2l13;Coasy;Cox11;Dcakd;Dck;Dguok;Dip2a;Dlat;Dld;Dlst;Elovl1;Elovl5;Elovl6;Elovl7;Fam210b;Fam3a;Fasn;G6pdx;Gart;Gcdh;Gmpr2;Gmps;Gucy1a1;Guk1;Hprt;Idh2;Impdh1;Impdh2;Letmd1;Lipa;Mcee;Mlycd;Mmut;Mpc1;Mpc2;Mthfd1;Nadk;Nadk2;Nadsyn1;Nampt;Naprt;Ndufa1;Ndufa10;Ndufa11;Ndufa12;Ndufa13;Ndufa2;Ndufa3;Ndufa5;Ndufa6;Ndufa7;Ndufa8;Ndufa9;Ndufab1;Ndufb1-ps;Ndufb10;Ndufb11;Ndufb2;Ndufb3;Ndufb4;Ndufb5;Ndufb6;Ndufb7;Ndufb8;Ndufb9;Ndufc1;Ndufc2;Ndufs1;Ndufs2;Ndufs3;Ndufs4;Ndufs5;Ndufs6;Ndufs7;Ndufs8;Ndufv1;Ndufv2;Ndufv3;Nme1;Nme2;Nme3;Nme4;Nme6;Nme7;Nmnat1;Nmnat2;Nmnat3;Nmrk1;Nt5e;Nudt2;Oas1a;Oasl2;Ogdh;Paics;Pank1;Pank2;Pank3;Pank4;Papss1;Pcca;Pdha1;Pdhb;Pdhx;Pfas;Pnp;Ppat;Ppcdc;Ppcs;Prps1;Prps1l3;Prps2;Prpsap1;Prpsap2;Ptger2;Ptger4;Qprt;Sdha;Sdhb;Sdhc;Sdhd;Shmt1;Slc25a13;Slc25a16;Slc25a42;Slc25a51;Slc4a7;Stoml2;Tgfb1;Vdac1;mt-Atp6;mt-Atp8;mt-Nd1;mt-Nd2;mt-Nd3;mt-Nd4;mt-Nd4l;mt-Nd5;mt-Nd6
GO:0072522	GO:1901137	0.2650862068965517	123	Ada;Adal;Adcy3;Adcy6;Adcy7;Adk;Adsl;Adss;Adssl1;Ak2;Ak3;Aldoa;Ampd2;Aprt;Atic;Atp5a1;Atp5b;Atp5c1;Atp5d;Atp5e;Atp5f1;Atp5g1;Atp5g2;Atp5g3;Atp5h;Atp5j;Atp5j2;Atp5k;Atp5l;Atp5o;Bcl2l13;Cox11;Dck;Dguok;Fam210b;Fam3a;G6pdx;Gart;Gmpr2;Gmps;Gucy1a1;Guk1;Hprt;Impdh1;Impdh2;Letmd1;Lipa;Mthfd1;Ndufa1;Ndufa10;Ndufa11;Ndufa12;Ndufa13;Ndufa2;Ndufa3;Ndufa5;Ndufa6;Ndufa7;Ndufa8;Ndufa9;Ndufab1;Ndufb1-ps;Ndufb10;Ndufb11;Ndufb2;Ndufb3;Ndufb4;Ndufb5;Ndufb6;Ndufb7;Ndufb8;Ndufb9;Ndufc1;Ndufc2;Ndufs1;Ndufs2;Ndufs3;Ndufs4;Ndufs5;Ndufs6;Ndufs7;Ndufs8;Ndufv1;Ndufv2;Ndufv3;Nme1;Nme2;Nme3;Nme4;Nme6;Nme7;Nt5e;Nudt2;Paics;Papss1;Pfas;Pgm2;Pnp;Ppat;Prps1;Prps1l3;Prps2;Prpsap1;Prpsap2;Ptger2;Ptger4;Sdha;Sdhb;Sdhc;Sdhd;Shmt1;Slc25a13;Stoml2;Tgfb1;mt-Atp6;mt-Atp8;mt-Nd1;mt-Nd2;mt-Nd3;mt-Nd4;mt-Nd4l;mt-Nd5;mt-Nd6
GO:0072522	GO:0090407	0.41217798594847777	176	Acaca;Acat1;Acly;Acot7;Acsl1;Acsl4;Acsl5;Acss1;Acss2;Ada;Adcy3;Adcy6;Adcy7;Adk;Adsl;Adss;Adssl1;Afmid;Ak2;Ak3;Aldoa;Ampd2;Aprt;Atic;Atp5a1;Atp5b;Atp5c1;Atp5d;Atp5e;Atp5f1;Atp5g1;Atp5g2;Atp5g3;Atp5h;Atp5j;Atp5j2;Atp5k;Atp5l;Atp5o;Bcl2l13;Coasy;Cox11;Dcakd;Dck;Dguok;Dip2a;Dlat;Dld;Dlst;Elovl1;Elovl5;Elovl6;Elovl7;Fam210b;Fam3a;Fasn;G6pdx;Gart;Gcdh;Gmpr2;Gmps;Gucy1a1;Guk1;Hprt;Idh2;Impdh1;Impdh2;Letmd1;Lipa;Mcee;Mlycd;Mmut;Mpc1;Mpc2;Mthfd1;Nadk;Nadk2;Nadsyn1;Nampt;Naprt;Ndufa1;Ndufa10;Ndufa11;Ndufa12;Ndufa13;Ndufa2;Ndufa3;Ndufa5;Ndufa6;Ndufa7;Ndufa8;Ndufa9;Ndufab1;Ndufb1-ps;Ndufb10;Ndufb11;Ndufb2;Ndufb3;Ndufb4;Ndufb5;Ndufb6;Ndufb7;Ndufb8;Ndufb9;Ndufc1;Ndufc2;Ndufs1;Ndufs2;Ndufs3;Ndufs4;Ndufs5;Ndufs6;Ndufs7;Ndufs8;Ndufv1;Ndufv2;Ndufv3;Nme1;Nme2;Nme3;Nme4;Nme6;Nme7;Nmnat1;Nmnat2;Nmnat3;Nmrk1;Nudt2;Oas1a;Oasl2;Ogdh;Paics;Pank1;Pank2;Pank3;Pank4;Papss1;Pcca;Pdha1;Pdhb;Pdhx;Pfas;Pnp;Ppat;Ppcdc;Ppcs;Prps1;Prps1l3;Prps2;Prpsap1;Prpsap2;Ptger2;Ptger4;Qprt;Sdha;Sdhb;Sdhc;Sdhd;Shmt1;Slc25a13;Slc25a16;Slc25a42;Slc25a51;Slc4a7;Stoml2;Tgfb1;Vdac1;mt-Atp6;mt-Atp8;mt-Nd1;mt-Nd2;mt-Nd3;mt-Nd4;mt-Nd4l;mt-Nd5;mt-Nd6
KEGG:Cardiac muscle contraction	GO:0006123	0.2647058823529412	9	Cox4i1;Cox5a;Cox5b;Cox6a1;Cox7a2;Cox7a2l;Cox7b;Cox7c;Cox8a
KEGG:Cardiac muscle contraction	GO:0006122	0.2571428571428571	9	Cyc1;Uqcr10;Uqcr11;Uqcrb;Uqcrc1;Uqcrc2;Uqcrfs1;Uqcrh;Uqcrq
GO:0009117	GO:0006753	0.7295285359801489	294	Aco1;Acpp;Ada;Adcy3;Adcy6;Adcy7;Adk;Adnp;Adpgk;Adsl;Adss;Adssl1;Afmid;Ak2;Ak3;Aldoa;Ampd2;Aprt;Art2b;Atic;Atp1b1;Atp5a1;Atp5b;Atp5c1;Atp5d;Atp5e;Atp5f1;Atp5g1;Atp5g2;Atp5g3;Atp5h;Atp5j;Atp5j2;Atp5k;Atp5l;Atp5o;Atp6v1a;Atp6v1b2;Atp7a;Bad;Bcl2l13;Bloc1s6;Bpgm;Cad;Cdadc1;Clpx;Cmpk1;Cmpk2;Cnp;Cox11;Ctns;Ctps;Ctps2;Cyb5r4;Dck;Dctd;Dctpp1;Dcxr;Dguok;Dhodh;Dtymk;Dut;Efl1;Eno1;Eno3;Enpp1;Enpp5;Entpd1;Entpd5;Entpd7;Ep300;Fam210b;Fam3a;Fhit;Fignl1;Fkrp;Flad1;Foxk1;Foxk2;G6pdx;Gale;Galk1;Galt;Gapdh;Gars;Gart;Gimap7;Gmpr2;Gmps;Gnai3;Got1;Got2;Gpd1l;Gpd2;Gpi1;Gtpbp1;Gucy1a1;Guk1;H6pd;Hint1;Hk1;Hk2;Hprt;Hspa1a;Hspa1b;Hspa8;Idh1;Idh2;Impdh1;Impdh2;Itpa;Kars;Khk;Ldhb;Letmd1;Lipa;Mapk1;Mdh1;Mdh2;Mfn1;Mfsd8;Mpi;Mpp5;Mpp6;Mthfd1;Mttp;Nadk;Nadk2;Nadsyn1;Nampt;Naprt;Naxd;Naxe;Ndufa1;Ndufa10;Ndufa11;Ndufa12;Ndufa13;Ndufa2;Ndufa3;Ndufa5;Ndufa6;Ndufa7;Ndufa8;Ndufa9;Ndufab1;Ndufb1-ps;Ndufb10;Ndufb11;Ndufb2;Ndufb3;Ndufb4;Ndufb5;Ndufb6;Ndufb7;Ndufb8;Ndufb9;Ndufc1;Ndufc2;Ndufs1;Ndufs2;Ndufs3;Ndufs4;Ndufs5;Ndufs6;Ndufs7;Ndufs8;Ndufv1;Ndufv2;Ndufv3;Nme1;Nme2;Nme3;Nme4;Nme6;Nme7;Nmnat1;Nmnat2;Nmnat3;Nmrk1;Nnt;Noct;Nt5c;Nt5c2;Nt5c3;Nt5e;Nt5m;Nudt15;Nudt16;Nudt18;Nudt2;Nudt3;Nudt4;Nudt5;Nudt9;Oas1a;Oasl2;Oga;Ola1;Opa1;Paics;Papss1;Parg;Parp1;Parp14;Pde2a;Pde4a;Pde4b;Pde4d;Pde5a;Pde7a;Pde8a;Pfas;Pfkfb2;Pfkfb3;Pfkfb4;Pfkl;Pfkm;Pfkp;Pgam1;Pgd;Pgk1;Pgls;Pkm;Pnp;Ppat;Prps1;Prps1l3;Prps2;Prpsap1;Prpsap2;Ptger2;Ptger4;Qprt;Rab23;Ran;Rbks;Rfk;Rhoa;Rhoq;Rnaseh2b;Rora;Rpe;Rpia;Rrm1;Rrm2;Rrm2b;Rundc3a;S100a1;Samhd1;Sdha;Sdhb;Sdhc;Sdhd;Selenon;Shmt1;Shpk;Sirt6;Slc25a11;Slc25a12;Slc25a13;Slc25a22;Slc25a25;Slc25a51;Slc37a2;Slc4a7;Stoml2;Taldo1;Tbpl1;Tgfb1;Tk1;Tk2;Tkfc;Tkt;Tpi1;Tyms;Uck1;Uck2;Uckl1;Ucp2;Umps;Uprt;Vcp;Xdh;Xpo4;mt-Atp6;mt-Atp8;mt-Nd1;mt-Nd2;mt-Nd3;mt-Nd4;mt-Nd4l;mt-Nd5;mt-Nd6
GO:0009117	GO:1901137	0.2857142857142857	156	Ada;Adcy3;Adcy6;Adcy7;Adk;Adsl;Adss;Adssl1;Ak2;Ak3;Aldoa;Ampd2;Aprt;Atic;Atp5a1;Atp5b;Atp5c1;Atp5d;Atp5e;Atp5f1;Atp5g1;Atp5g2;Atp5g3;Atp5h;Atp5j;Atp5j2;Atp5k;Atp5l;Atp5o;Atp7a;Bcl2l13;Cad;Cdadc1;Cmpk1;Cmpk2;Cox11;Ctps;Ctps2;Dck;Dctd;Dguok;Dhodh;Dtymk;Dut;Eno1;Entpd5;Fam210b;Fam3a;Fkrp;G6pdx;Gapdh;Gart;Gmpr2;Gmps;Gucy1a1;Guk1;Hk1;Hprt;Impdh1;Impdh2;Letmd1;Lipa;Mdh1;Mdh2;Mpi;Mthfd1;Ndufa1;Ndufa10;Ndufa11;Ndufa12;Ndufa13;Ndufa2;Ndufa3;Ndufa5;Ndufa6;Ndufa7;Ndufa8;Ndufa9;Ndufab1;Ndufb1-ps;Ndufb10;Ndufb11;Ndufb2;Ndufb3;Ndufb4;Ndufb5;Ndufb6;Ndufb7;Ndufb8;Ndufb9;Ndufc1;Ndufc2;Ndufs1;Ndufs2;Ndufs3;Ndufs4;Ndufs5;Ndufs6;Ndufs7;Ndufs8;Ndufv1;Ndufv2;Ndufv3;Nme1;Nme2;Nme3;Nme4;Nme6;Nme7;Nt5e;Nudt2;Paics;Papss1;Pfas;Pgam1;Pgk1;Pnp;Ppat;Prps1;Prps1l3;Prps2;Prpsap1;Prpsap2;Ptger2;Ptger4;Rfk;Rrm1;Rrm2;Rrm2b;Sdha;Sdhb;Sdhc;Sdhd;Shmt1;Slc25a13;Stoml2;Tbpl1;Tgfb1;Tk1;Tkt;Tpi1;Tyms;Uck1;Uck2;Uckl1;Umps;Uprt;mt-Atp6;mt-Atp8;mt-Nd1;mt-Nd2;mt-Nd3;mt-Nd4;mt-Nd4l;mt-Nd5;mt-Nd6
GO:0009117	GO:0090407	0.3174311926605505	173	Ada;Adcy3;Adcy6;Adcy7;Adk;Adsl;Adss;Adssl1;Afmid;Ak2;Ak3;Aldoa;Ampd2;Aprt;Atic;Atp5a1;Atp5b;Atp5c1;Atp5d;Atp5e;Atp5f1;Atp5g1;Atp5g2;Atp5g3;Atp5h;Atp5j;Atp5j2;Atp5k;Atp5l;Atp5o;Bcl2l13;Cad;Cdadc1;Cmpk1;Cmpk2;Cox11;Ctps;Ctps2;Dck;Dctd;Dguok;Dhodh;Dtymk;Dut;Eno1;Fam210b;Fam3a;Flad1;G6pdx;Gapdh;Gars;Gart;Gmpr2;Gmps;Gucy1a1;Guk1;Hk1;Hprt;Idh2;Impdh1;Impdh2;Kars;Letmd1;Lipa;Mapk1;Mdh1;Mdh2;Mpi;Mthfd1;Nadk;Nadk2;Nadsyn1;Nampt;Naprt;Ndufa1;Ndufa10;Ndufa11;Ndufa12;Ndufa13;Ndufa2;Ndufa3;Ndufa5;Ndufa6;Ndufa7;Ndufa8;Ndufa9;Ndufab1;Ndufb1-ps;Ndufb10;Ndufb11;Ndufb2;Ndufb3;Ndufb4;Ndufb5;Ndufb6;Ndufb7;Ndufb8;Ndufb9;Ndufc1;Ndufc2;Ndufs1;Ndufs2;Ndufs3;Ndufs4;Ndufs5;Ndufs6;Ndufs7;Ndufs8;Ndufv1;Ndufv2;Ndufv3;Nme1;Nme2;Nme3;Nme4;Nme6;Nme7;Nmnat1;Nmnat2;Nmnat3;Nmrk1;Nudt2;Oas1a;Oasl2;Paics;Papss1;Pfas;Pgam1;Pgk1;Pnp;Ppat;Prps1;Prps1l3;Prps2;Prpsap1;Prpsap2;Ptger2;Ptger4;Qprt;Rfk;Rrm1;Rrm2;Rrm2b;Sdha;Sdhb;Sdhc;Sdhd;Shmt1;Slc25a13;Slc25a51;Slc4a7;Stoml2;Tbpl1;Tgfb1;Tk1;Tk2;Tkt;Tpi1;Tyms;Uck1;Uck2;Uckl1;Umps;Uprt;mt-Atp6;mt-Atp8;mt-Nd1;mt-Nd2;mt-Nd3;mt-Nd4;mt-Nd4l;mt-Nd5;mt-Nd6
GO:0033108	GO:0008535	0.28	28	1190007I07Rik;1810058I24Rik;Apopt1;Bcs1l;Cep89;Cmc1;Coa3;Coa4;Coa5;Coa6;Coa7;Cox11;Cox14;Cox16;Cox17;Cox18;Cox19;Cox20;Fastkd3;Pet100;Sco1;Sco2;Smim20;Smim4;Surf1;Taco1;Timm21;Tmem223
GO:0033108	GO:0017004	0.34951456310679613	36	1190007I07Rik;1810058I24Rik;Apopt1;BC003965;Bcs1l;Cep89;Cmc1;Coa3;Coa4;Coa5;Coa6;Coa7;Cox11;Cox14;Cox16;Cox17;Cox18;Cox19;Cox20;Fastkd3;Lyrm7;Pet100;Sco1;Sco2;Slc25a33;Smim20;Smim4;Surf1;Taco1;Timm21;Tmem223;Ttc19;Uqcc1;Uqcc2;Uqcc3;Uqcrc1
GO:0033108	GO:0007005	0.3108974358974359	97	1190007I07Rik;1810058I24Rik;Acad9;Aifm1;Apopt1;Atf4;Atp23;Atp5d;Atpaf1;Atpaf2;BC003965;Bcs1l;Cep89;Chchd4;Chchd7;Cmc1;Coa3;Coa4;Coa5;Coa6;Coa7;Cox11;Cox14;Cox16;Cox17;Cox18;Cox19;Cox20;Cox7a2l;Dmac1;Dmac2;Ecsit;Eif2ak3;Eif2s1;Fastkd3;Fmc1;Foxred1;Higd1a;Higd2a;Immp2l;Lyrm2;Lyrm7;Mtln;Ndufa13;Ndufa6;Ndufaf1;Ndufaf2;Ndufaf3;Ndufaf4;Ndufaf5;Ndufaf6;Ndufaf7;Ndufaf8;Ndufc2;Ndufs1;Ndufs2;Ndufs3;Ndufs4;Ndufs5;Ndufs6;Ndufs7;Ndufs8;Nubpl;Oma1;Oxa1l;Pet100;Rab5if;Sco1;Sco2;Sdhaf1;Sdhaf2;Sdhaf3;Sdhaf4;Slc25a33;Smim20;Smim4;Surf1;Taco1;Tfam;Timm21;Timmdc1;Tmem126a;Tmem126b;Tmem186;Tmem223;Tmem242;Tmem70;Ttc19;Uqcc1;Uqcc2;Uqcc3;Uqcrc1;mt-Nd1;mt-Nd2;mt-Nd4;mt-Nd5;mt-Nd6
GO:0033108	GO:0010257	0.4020618556701031	39	Acad9;Bcs1l;Dmac1;Dmac2;Ecsit;Foxred1;Lyrm2;Ndufa13;Ndufa6;Ndufaf1;Ndufaf2;Ndufaf3;Ndufaf4;Ndufaf5;Ndufaf6;Ndufaf7;Ndufaf8;Ndufc2;Ndufs1;Ndufs2;Ndufs3;Ndufs4;Ndufs5;Ndufs6;Ndufs7;Ndufs8;Nubpl;Oxa1l;Timm21;Timmdc1;Tmem126a;Tmem126b;Tmem186;Tmem70;mt-Nd1;mt-Nd2;mt-Nd4;mt-Nd5;mt-Nd6
GO:0007283	GO:0048609	0.6707070707070707	332	3830403N18Rik;4932438A13Rik;AU040320;Abhd2;Acox1;Acrbp;Actr3;Acvr2a;Adrm1;Aff4;Agfg1;Agfg2;Akap9;Alkbh5;Alms1;Ap3b1;Ar;Arid4a;Arid4b;Armc2;Armc3;Arntl;Aspm;Atat1;Atn1;Atp2b4;Atrx;Axl;B4galnt1;Bag6;Bax;Bbof1;Bbs2;Bbs4;Bcap31;Bckdk;Bcl2l1;Bcl2l11;Bcl6;Bik;Brca2;Brip1;Bscl2;Btg1;Calr;Catsper2;Catsperd;Ccdc136;Ccdc146;Ccdc181;Ccdc28a;Ccdc34;Ccdc62;Ccnb1;Ccno;Ccnyl1;Cdk16;Cdyl;Celf1;Cep128;Cep131;Cep57;Cep70;Cep78;Cetn2;Cfap54;Chn2;Cib1;Cip2a;Cit;Clock;Cnbd2;Cnot7;Cntln;Crem;Crkl;Crtap;Csnk2a2;Ctsl;Cul4a;Cwf19l2;Cyp51;Dazap1;Dcaf12;Dcaf17;Dcaf8;Ddx25;Ddx6;Dedd;Dhx36;Dicer1;Dld;Dnaja1;Dnmt3a;Dynll1;Dzip1;E2f1;Ehmt2;Eif2s1;Eif2s2;Eif2s3x;Eif4g3;Epc1;Ercc1;Etv5;Fam71e1;Fam92a;Fance;Fancf;Fancg;Fndc3a;Foxj2;Foxj3;Fxr1;Gm17018;Gmcl1;Gopc;Gpx4;Gsr;H2afx;Herc2;Herc4;Herpud2;Hist1h1a;Hmga1;Hmgb2;Hook1;Hps1;Hsf1;Hsf2;Hspa2;Hspb11;Htt;Ift20;Ift27;Ift81;Ift88;Igf2r;Immp2l;Ing2;Inpp5b;Insl6;Iqcg;Kat5;Katnal1;Kdm2b;Kdm3a;Kdm5a;Khdrbs1;Klc3;Lamp1;Larp7;Limk2;Lrrc8a;Lztfl1;Map7;Mast2;Mea1;Mettl14;Mettl3;Mfsd14a;Mkks;Mlh1;Mns1;Msh6;Nanos3;Ndc1;Nek1;Neurl4;Notch1;Nr2c2;Nsun2;Pafah1b1;Pafah1b2;Pafah1b3;Paip2;Pank2;Patz1;Pcsk4;Pebp1;Pgm3;Phc2;Pias1;Pithd1;Plekha1;Poc1a;Poc1b;Ppp1cc;Prdm9;Prdx4;Prkaca;Psme4;Ptch1;Pum1;Pygo2;Qk;Rab1a;Racgap1;Rad18;Rad23b;Rara;Rb1;Rbx1;Rec8;Rfx2;Rgs2;Rhbdd1;Rhox8;Rnf8;Rpl10a;Rpl11;Rpl12;Rpl13;Rpl13a;Rpl14;Rpl15;Rpl17;Rpl18;Rpl18a;Rpl19;Rpl21;Rpl23;Rpl23a;Rpl24;Rpl26;Rpl27;Rpl27a;Rpl28;Rpl29;Rpl3;Rpl30;Rpl31;Rpl32;Rpl34;Rpl35;Rpl35a;Rpl36;Rpl36a;Rpl37;Rpl37a;Rpl38;Rpl39l;Rpl4;Rpl41;Rpl5;Rpl6;Rpl7;Rpl7a;Rpl8;Rpl9;Rplp0;Rplp1;Rplp2;Rsbn1;Rsph1;Sass6;Sbf1;Scaper;Scmh1;Sec23ip;Selenof;Sept4;Sfmbt1;Sgpl1;Siah1a;Sirt1;Skil;Slc19a2;Slc9a8;Slirp;Smad4;Snrpa1;Sod1;Spaca1;Spata2;Spata6;Spef2;Spo11;Strbp;Styx;Sufu;Tarbp2;Tbc1d20;Tbpl1;Tdrd7;Tdrkh;Tdrp;Tesk1;Tesk2;Tmem203;Tmf1;Tnk2;Tpgs1;Trip13;Trp53;Ttll1;Ttll3;Ttll5;Tubg1;Tug1;Tyro3;Uba52;Ube2b;Ube2j1;Ubr2;Usp42;Utp14b;Vdac3;Vps13b;Vps54;Wdr48;Xlr;Xlr3b;Xlr4a;Xlr4b;Xlr4c;Xrn2;Ybx3;Yif1b;Ythdc1;Ythdc2;Ythdf2;Yy1;Zbtb16;Zc3h14;Zcwpw1;Zdhhc5;Zfp628;Zfx;Zpbp;Zpbp2;Zscan21
GO:0007283	GO:0003006	0.6459143968871596	332	3830403N18Rik;4932438A13Rik;AU040320;Abhd2;Acox1;Acrbp;Actr3;Acvr2a;Adrm1;Aff4;Agfg1;Agfg2;Akap9;Alkbh5;Alms1;Ap3b1;Ar;Arid4a;Arid4b;Armc2;Armc3;Arntl;Aspm;Atat1;Atn1;Atp2b4;Atrx;Axl;B4galnt1;Bag6;Bax;Bbof1;Bbs2;Bbs4;Bcap31;Bckdk;Bcl2l1;Bcl2l11;Bcl6;Bik;Brca2;Brip1;Bscl2;Btg1;Calr;Catsper2;Catsperd;Ccdc136;Ccdc146;Ccdc181;Ccdc28a;Ccdc34;Ccdc62;Ccnb1;Ccno;Ccnyl1;Cdk16;Cdyl;Celf1;Cep128;Cep131;Cep57;Cep70;Cep78;Cetn2;Cfap54;Chn2;Cib1;Cip2a;Cit;Clock;Cnbd2;Cnot7;Cntln;Crem;Crkl;Crtap;Csnk2a2;Ctsl;Cul4a;Cwf19l2;Cyp51;Dazap1;Dcaf12;Dcaf17;Dcaf8;Ddx25;Ddx6;Dedd;Dhx36;Dicer1;Dld;Dnaja1;Dnmt3a;Dynll1;Dzip1;E2f1;Ehmt2;Eif2s1;Eif2s2;Eif2s3x;Eif4g3;Epc1;Ercc1;Etv5;Fam71e1;Fam92a;Fance;Fancf;Fancg;Fndc3a;Foxj2;Foxj3;Fxr1;Gm17018;Gmcl1;Gopc;Gpx4;Gsr;H2afx;Herc2;Herc4;Herpud2;Hist1h1a;Hmga1;Hmgb2;Hook1;Hps1;Hsf1;Hsf2;Hspa2;Hspb11;Htt;Ift20;Ift27;Ift81;Ift88;Igf2r;Immp2l;Ing2;Inpp5b;Insl6;Iqcg;Kat5;Katnal1;Kdm2b;Kdm3a;Kdm5a;Khdrbs1;Klc3;Lamp1;Larp7;Limk2;Lrrc8a;Lztfl1;Map7;Mast2;Mea1;Mettl14;Mettl3;Mfsd14a;Mkks;Mlh1;Mns1;Msh6;Nanos3;Ndc1;Nek1;Neurl4;Notch1;Nr2c2;Nsun2;Pafah1b1;Pafah1b2;Pafah1b3;Paip2;Pank2;Patz1;Pcsk4;Pebp1;Pgm3;Phc2;Pias1;Pithd1;Plekha1;Poc1a;Poc1b;Ppp1cc;Prdm9;Prdx4;Prkaca;Psme4;Ptch1;Pum1;Pygo2;Qk;Rab1a;Racgap1;Rad18;Rad23b;Rara;Rb1;Rbx1;Rec8;Rfx2;Rgs2;Rhbdd1;Rhox8;Rnf8;Rpl10a;Rpl11;Rpl12;Rpl13;Rpl13a;Rpl14;Rpl15;Rpl17;Rpl18;Rpl18a;Rpl19;Rpl21;Rpl23;Rpl23a;Rpl24;Rpl26;Rpl27;Rpl27a;Rpl28;Rpl29;Rpl3;Rpl30;Rpl31;Rpl32;Rpl34;Rpl35;Rpl35a;Rpl36;Rpl36a;Rpl37;Rpl37a;Rpl38;Rpl39l;Rpl4;Rpl41;Rpl5;Rpl6;Rpl7;Rpl7a;Rpl8;Rpl9;Rplp0;Rplp1;Rplp2;Rsbn1;Rsph1;Sass6;Sbf1;Scaper;Scmh1;Sec23ip;Selenof;Sept4;Sfmbt1;Sgpl1;Siah1a;Sirt1;Skil;Slc19a2;Slc9a8;Slirp;Smad4;Snrpa1;Sod1;Spaca1;Spata2;Spata6;Spef2;Spo11;Strbp;Styx;Sufu;Tarbp2;Tbc1d20;Tbpl1;Tdrd7;Tdrkh;Tdrp;Tesk1;Tesk2;Tmem203;Tmf1;Tnk2;Tpgs1;Trip13;Trp53;Ttll1;Ttll3;Ttll5;Tubg1;Tug1;Tyro3;Uba52;Ube2b;Ube2j1;Ubr2;Usp42;Utp14b;Vdac3;Vps13b;Vps54;Wdr48;Xlr;Xlr3b;Xlr4a;Xlr4b;Xlr4c;Xrn2;Ybx3;Yif1b;Ythdc1;Ythdc2;Ythdf2;Yy1;Zbtb16;Zc3h14;Zcwpw1;Zdhhc5;Zfp628;Zfx;Zpbp;Zpbp2;Zscan21
GO:0006753	GO:1901137	0.2955271565495208	185	Ada;Adcy3;Adcy6;Adcy7;Adk;Adsl;Adss;Adssl1;Ak2;Ak3;Aldoa;Ampd2;Aprt;Atic;Atp5a1;Atp5b;Atp5c1;Atp5d;Atp5e;Atp5f1;Atp5g1;Atp5g2;Atp5g3;Atp5h;Atp5j;Atp5j2;Atp5k;Atp5l;Atp5o;Atp7a;B3galnt2;Bcl2l13;Cad;Cant1;Cdadc1;Cmas;Cmpk1;Cmpk2;Cox11;Ctps;Ctps2;Dck;Dctd;Dguok;Dhodh;Dtymk;Dut;Eno1;Entpd5;Fam210b;Fam3a;Fcsk;Fkrp;Fpgt;Fuom;Fut8;G6pdx;Gapdh;Gart;Gfpt1;Gmds;Gmppa;Gmppb;Gmpr2;Gmps;Gne;Gnpda1;Gnpda2;Gnpnat1;Gucy1a1;Guk1;Hk1;Hprt;Impdh1;Impdh2;Letmd1;Lipa;Mdh1;Mdh2;Mpi;Mthfd1;Nagk;Nanp;Nans;Ndufa1;Ndufa10;Ndufa11;Ndufa12;Ndufa13;Ndufa2;Ndufa3;Ndufa5;Ndufa6;Ndufa7;Ndufa8;Ndufa9;Ndufab1;Ndufb1-ps;Ndufb10;Ndufb11;Ndufb2;Ndufb3;Ndufb4;Ndufb5;Ndufb6;Ndufb7;Ndufb8;Ndufb9;Ndufc1;Ndufc2;Ndufs1;Ndufs2;Ndufs3;Ndufs4;Ndufs5;Ndufs6;Ndufs7;Ndufs8;Ndufv1;Ndufv2;Ndufv3;Nme1;Nme2;Nme3;Nme4;Nme6;Nme7;Nt5e;Nudt2;Paics;Papss1;Pfas;Pgam1;Pgk1;Pgm3;Pmm1;Pmm2;Pnp;Ppat;Prps1;Prps1l3;Prps2;Prpsap1;Prpsap2;Ptger2;Ptger4;Rfk;Rrm1;Rrm2;Rrm2b;Sdha;Sdhb;Sdhc;Sdhd;Shmt1;Slc25a13;Slc35c1;Stoml2;Tbpl1;Tgds;Tgfb1;Tk1;Tkt;Tpi1;Tsta3;Tyms;Uap1;Uap1l1;Uck1;Uck2;Uckl1;Ugdh;Uggt1;Umps;Uprt;Uxs1;mt-Atp6;mt-Atp8;mt-Nd1;mt-Nd2;mt-Nd3;mt-Nd4;mt-Nd4l;mt-Nd5;mt-Nd6
GO:0006753	GO:0090407	0.42586206896551726	247	Acaca;Acat1;Acat2;Acly;Acot7;Acsl1;Acsl4;Acsl5;Acss1;Acss2;Ada;Adcy3;Adcy6;Adcy7;Adk;Adsl;Adss;Adssl1;Afmid;Ak2;Ak3;Aldoa;Ampd2;Aprt;Atic;Atp5a1;Atp5b;Atp5c1;Atp5d;Atp5e;Atp5f1;Atp5g1;Atp5g2;Atp5g3;Atp5h;Atp5j;Atp5j2;Atp5k;Atp5l;Atp5o;Bcl2l13;Cad;Cdadc1;Cmas;Cmpk1;Cmpk2;Coasy;Cox11;Ctps;Ctps2;Dcakd;Dck;Dctd;Dguok;Dhodh;Dip2a;Dlat;Dld;Dlst;Dtymk;Dut;Elovl1;Elovl5;Elovl6;Elovl7;Eno1;Fam210b;Fam3a;Far1;Fasn;Fcsk;Fitm2;Flad1;Fpgt;Fuom;G6pdx;Gapdh;Gars;Gart;Gcdh;Gfpt1;Gmds;Gmppa;Gmppb;Gmpr2;Gmps;Gne;Gnpda1;Gnpda2;Gnpnat1;Gpam;Gpat4;Gucy1a1;Guk1;Hk1;Hmgcr;Hmgcs1;Hprt;Idh2;Impdh1;Impdh2;Kars;Letmd1;Lipa;Mapk1;Mcee;Mdh1;Mdh2;Mlycd;Mmut;Mpc1;Mpc2;Mpi;Mthfd1;Mvd;Mvk;Nadk;Nadk2;Nadsyn1;Nagk;Nampt;Nanp;Nans;Naprt;Ndufa1;Ndufa10;Ndufa11;Ndufa12;Ndufa13;Ndufa2;Ndufa3;Ndufa5;Ndufa6;Ndufa7;Ndufa8;Ndufa9;Ndufab1;Ndufb1-ps;Ndufb10;Ndufb11;Ndufb2;Ndufb3;Ndufb4;Ndufb5;Ndufb6;Ndufb7;Ndufb8;Ndufb9;Ndufc1;Ndufc2;Ndufs1;Ndufs2;Ndufs3;Ndufs4;Ndufs5;Ndufs6;Ndufs7;Ndufs8;Ndufv1;Ndufv2;Ndufv3;Nme1;Nme2;Nme3;Nme4;Nme6;Nme7;Nmnat1;Nmnat2;Nmnat3;Nmrk1;Nudt2;Oas1a;Oasl2;Ogdh;Paics;Pank1;Pank2;Pank3;Pank4;Papss1;Pcca;Pdha1;Pdhb;Pdhx;Pfas;Pgam1;Pgk1;Pgm3;Pmm1;Pmm2;Pmvk;Pnp;Ppat;Ppcdc;Ppcs;Prps1;Prps1l3;Prps2;Prpsap1;Prpsap2;Ptger2;Ptger4;Qprt;Rfk;Rrm1;Rrm2;Rrm2b;Sdha;Sdhb;Sdhc;Sdhd;Shmt1;Slc25a13;Slc25a16;Slc25a42;Slc25a51;Slc35c1;Slc4a7;Stoml2;Tbpl1;Tgfb1;Tk1;Tk2;Tkt;Tpi1;Tsta3;Tyms;Uap1;Uap1l1;Uck1;Uck2;Uckl1;Ugdh;Umps;Uprt;Uxs1;Vdac1;mt-Atp6;mt-Atp8;mt-Nd1;mt-Nd2;mt-Nd3;mt-Nd4;mt-Nd4l;mt-Nd5;mt-Nd6
GO:1901137	GO:0090407	0.3572593800978793	219	Ada;Adcy3;Adcy6;Adcy7;Adk;Adsl;Adss;Adssl1;Ak2;Ak3;Aldoa;Ampd2;Aprt;Arv1;Atic;Atp5a1;Atp5b;Atp5c1;Atp5d;Atp5e;Atp5f1;Atp5g1;Atp5g2;Atp5g3;Atp5h;Atp5j;Atp5j2;Atp5k;Atp5l;Atp5o;Bcl2l13;Cad;Cdadc1;Cmas;Cmpk1;Cmpk2;Cox11;Ctps;Ctps2;Dck;Dctd;Degs1;Dguok;Dhdds;Dhodh;Dolk;Dpm1;Dpm2;Dpm3;Dtymk;Dut;Eno1;Fam210b;Fam3a;Fcsk;Fpgt;Fuom;G6pdx;Gapdh;Gart;Gfpt1;Gk;Gk5;Gmds;Gmppa;Gmppb;Gmpr2;Gmps;Gne;Gnpda1;Gnpda2;Gnpnat1;Gpaa1;Gucy1a1;Guk1;Hk1;Hprt;Impdh1;Impdh2;Kdsr;Letmd1;Lipa;Mdh1;Mdh2;Mpi;Mppe1;Mthfd1;Nagk;Nanp;Nans;Ndufa1;Ndufa10;Ndufa11;Ndufa12;Ndufa13;Ndufa2;Ndufa3;Ndufa5;Ndufa6;Ndufa7;Ndufa8;Ndufa9;Ndufab1;Ndufb1-ps;Ndufb10;Ndufb11;Ndufb2;Ndufb3;Ndufb4;Ndufb5;Ndufb6;Ndufb7;Ndufb8;Ndufb9;Ndufc1;Ndufc2;Ndufs1;Ndufs2;Ndufs3;Ndufs4;Ndufs5;Ndufs6;Ndufs7;Ndufs8;Ndufv1;Ndufv2;Ndufv3;Nme1;Nme2;Nme3;Nme4;Nme6;Nme7;Nudt2;Nus1;Paics;Papss1;Pfas;Pgam1;Pgap1;Pgap2;Pgap3;Pgk1;Pgm3;Piga;Pigb;Pigc;Pigf;Pigg;Pigh;Pigk;Pigl;Pigm;Pign;Pigo;Pigp;Pigq;Pigs;Pigt;Pigu;Pigv;Pigw;Pigx;Pigyl;Pmm1;Pmm2;Pnp;Ppat;Prps1;Prps1l3;Prps2;Prpsap1;Prpsap2;Ptger2;Ptger4;Pygl;Rfk;Rrm1;Rrm2;Rrm2b;Sdha;Sdhb;Sdhc;Sdhd;Shmt1;Slc25a10;Slc25a13;Slc30a5;Slc35c1;Sptlc1;Sptlc2;Sptssa;Srd5a3;Stoml2;Tbpl1;Tgfb1;Tk1;Tkt;Tpi1;Tsta3;Tyms;Uap1;Uap1l1;Uck1;Uck2;Uckl1;Ugdh;Umps;Uprt;Uxs1;mt-Atp6;mt-Atp8;mt-Nd1;mt-Nd2;mt-Nd3;mt-Nd4;mt-Nd4l;mt-Nd5;mt-Nd6
GO:0048609	GO:0003006	0.7396551724137931	429	3830403N18Rik;4932438A13Rik;AU040320;Abhd2;Acox1;Acrbp;Actr3;Acvr2a;Adrm1;Aff4;Afp;Agfg1;Agfg2;Akap9;Akt1;Alkbh5;Alms1;Ap3b1;Ar;Arid4a;Arid4b;Armc2;Armc3;Arntl;Arrb1;Arrb2;Asb7;Ash1l;Aspm;Atat1;Atm;Atn1;Atp2b4;Atrx;Axl;B4galnt1;B4galt1;Bag6;Bax;Bbof1;Bbs2;Bbs4;Bcap31;Bcas2;Bckdk;Bcl2;Bcl2l1;Bcl2l11;Bcl6;Bik;Bmpr2;Brca2;Brip1;Bscl2;Bsg;Btg1;Calr;Casp2;Casp3;Catsper2;Catsperd;Ccdc136;Ccdc146;Ccdc181;Ccdc28a;Ccdc34;Ccdc62;Ccnb1;Ccno;Ccnyl1;Cdc25b;Cdh1;Cdk16;Cdkn1c;Cdyl;Celf1;Cep128;Cep131;Cep57;Cep70;Cep78;Cetn2;Cfap54;Chn2;Cib1;Cip2a;Cit;Cited2;Clock;Cnbd2;Cnot7;Cntln;Cntrl;Crem;Crkl;Crtap;Csnk2a2;Ctcf;Ctnnb1;Ctsb;Ctsl;Cul4a;Cwf19l2;Cxcr4;Cyp51;Dazap1;Dcaf12;Dcaf13;Dcaf17;Dcaf8;Ddx20;Ddx25;Ddx6;Dedd;Dhx36;Dicer1;Dld;Dmrta1;Dnaja1;Dnmt3a;Dnmt3b;Dynll1;Dzip1;E2f1;Eed;Ehmt2;Eif2s1;Eif2s2;Eif2s3x;Eif4g3;Epc1;Ercc1;Etv5;Fam71e1;Fam92a;Fancc;Fance;Fancf;Fancg;Fbxo5;Fndc3a;Foxj2;Foxj3;Foxo3;Fxr1;Gas2;Gm17018;Gmcl1;Gnas;Gopc;Gpx4;Grk2;Gsk3a;Gsk3b;Gsr;H2afx;Herc2;Herc4;Herpud2;Hexb;Hist1h1a;Hmga1;Hmgb2;Hook1;Hps1;Hsf1;Hsf2;Hspa2;Hspb11;Htt;Ift20;Ift27;Ift81;Ift88;Igf1r;Igf2r;Il11ra1;Immp2l;Ing2;Inpp5b;Insl6;Iqcg;Junb;Kat5;Kat8;Katnal1;Kcnq1ot1;Kdm1b;Kdm2b;Kdm3a;Kdm5a;Khdrbs1;Kif18a;Klc3;Kmt2d;Lamp1;Larp7;Limk2;Lrrc8a;Lsm14b;Lztfl1;Map7;Mapk1;Mapk3;Marf1;Mast2;Mdk;Mea1;Mecp2;Med1;Mettl14;Mettl3;Mfsd14a;Mkks;Mlh1;Mns1;Msh2;Msh6;Mta2;Mtor;Myh9;Nanos1;Nanos3;Ncoa1;Ndc1;Ndrg3;Nek1;Neurl4;Notch1;Nr2c2;Nr3c1;Nrip1;Nsun2;Pafah1b1;Pafah1b2;Pafah1b3;Paip2;Pank2;Parp1;Parp2;Patz1;Pcsk4;Pde4d;Pebp1;Pgm3;Phc2;Pias1;Pik3ca;Pithd1;Plekha1;Poc1a;Poc1b;Ppard;Ppp1cc;Ppp1r9b;Prdm1;Prdm9;Prdx3;Prdx4;Prkaca;Prmt7;Psme4;Ptch1;Pten;Ptk2b;Pum1;Pygo2;Qk;Rab1a;Rab24;Racgap1;Rad18;Rad23b;Rara;Rb1;Rbx1;Rec8;Rfx2;Rgs2;Rhbdd1;Rhox8;Rnf2;Rnf8;Rpl10a;Rpl11;Rpl12;Rpl13;Rpl13a;Rpl14;Rpl15;Rpl17;Rpl18;Rpl18a;Rpl19;Rpl21;Rpl23;Rpl23a;Rpl24;Rpl26;Rpl27;Rpl27a;Rpl28;Rpl29;Rpl3;Rpl30;Rpl31;Rpl32;Rpl34;Rpl35;Rpl35a;Rpl36;Rpl36a;Rpl37;Rpl37a;Rpl38;Rpl39l;Rpl4;Rpl41;Rpl5;Rpl6;Rpl7;Rpl7a;Rpl8;Rpl9;Rplp0;Rplp1;Rplp2;Rps6;Rps6kb1;Rsbn1;Rsph1;Rxra;Rxrb;Sass6;Sbf1;Scaper;Scmh1;Sec23ip;Selenof;Sept4;Serpine2;Sfmbt1;Sgpl1;Siah1a;Sirt1;Skil;Slc19a2;Slc9a8;Slirp;Smad4;Smad5;Smchd1;Snrpa1;Sod1;Spaca1;Spata2;Spata6;Spef2;Spo11;Stat5a;Stat5b;Stau1;Stau2;Stc2;Strbp;Styx;Sufu;Tarbp2;Tbc1d20;Tbpl1;Tdrd7;Tdrkh;Tdrp;Tesk1;Tesk2;Tgfb1;Tgfbr1;Tial1;Tmed2;Tmem203;Tmf1;Tnk2;Tpgs1;Trim28;Trip13;Trp53;Ttll1;Ttll3;Ttll5;Tubg1;Tug1;Tut4;Tut7;Tyro3;Uba52;Ubb;Ube2b;Ube2j1;Ubr2;Usp42;Utp14b;Vdac3;Vps13b;Vps54;Washc1;Washc5;Wdr48;Xlr;Xlr3b;Xlr4a;Xlr4b;Xlr4c;Xrn2;Ybx3;Yif1b;Ythdc1;Ythdc2;Ythdf2;Yy1;Zbtb16;Zc3h14;Zcwpw1;Zdhhc5;Zfp628;Zfp830;Zfx;Zpbp;Zpbp2;Zscan21
GO:0008535	GO:0017004	0.7380952380952381	31	1190007I07Rik;1810058I24Rik;Apopt1;Bcs1l;Cep89;Cmc1;Coa3;Coa4;Coa5;Coa6;Coa7;Cox10;Cox11;Cox14;Cox16;Cox17;Cox18;Cox19;Cox20;Fastkd3;Pet100;Sco1;Sco2;Slc25a46;Smim20;Smim4;Surf1;Taco1;Timm21;Tmem223;mt-Co3
GO:0022853	GO:0015453	0.417910447761194	28	Cox5a;Cyc1;Ndufa10;Ndufa2;Ndufb7;Ndufs1;Ndufs2;Ndufs3;Ndufs4;Ndufs7;Ndufs8;Ndufv1;Ndufv2;Nnt;Surf1;Uqcrfs1;Uqcrh;mt-Co1;mt-Co2;mt-Co3;mt-Cytb;mt-Nd1;mt-Nd2;mt-Nd3;mt-Nd4;mt-Nd4l;mt-Nd5;mt-Nd6
GO:0022853	GO:0015399	0.6736842105263158	64	Anxa5;Atp13a1;Atp13a2;Atp13a3;Atp1a1;Atp1b1;Atp1b3;Atp2a2;Atp2a3;Atp2b1;Atp2b4;Atp2c1;Atp5b;Atp5e;Atp5l;Atp6v0a1;Atp6v0a2;Atp6v0b;Atp6v0c;Atp6v0d1;Atp6v0d2;Atp6v0e;Atp6v1a;Atp6v1b2;Atp6v1c1;Atp6v1d;Atp6v1e1;Atp6v1f;Atp6v1g1;Atp6v1g2;Atp6v1h;Atp7a;Cox5a;Cpox;Cyc1;Kcnj8;Ndufa10;Ndufa2;Ndufb7;Ndufs1;Ndufs2;Ndufs3;Ndufs4;Ndufs7;Ndufs8;Ndufv1;Ndufv2;Nnt;Surf1;Tcirg1;Tmem94;Uqcrfs1;Uqcrh;mt-Co1;mt-Co2;mt-Co3;mt-Cytb;mt-Nd1;mt-Nd2;mt-Nd3;mt-Nd4;mt-Nd4l;mt-Nd5;mt-Nd6
GO:0022853	GO:0009055	0.32926829268292684	27	Cox5a;Cyc1;Ndufa10;Ndufa2;Ndufb7;Ndufs1;Ndufs2;Ndufs3;Ndufs4;Ndufs7;Ndufs8;Ndufv1;Ndufv2;Surf1;Uqcrfs1;Uqcrh;mt-Co1;mt-Co2;mt-Co3;mt-Cytb;mt-Nd1;mt-Nd2;mt-Nd3;mt-Nd4;mt-Nd4l;mt-Nd5;mt-Nd6
GO:0022853	GO:0015078	0.41379310344827586	48	Atp5b;Atp5e;Atp5l;Atp6v0a1;Atp6v0a2;Atp6v0b;Atp6v0c;Atp6v0d1;Atp6v0d2;Atp6v0e;Atp6v1a;Atp6v1b2;Atp6v1c1;Atp6v1d;Atp6v1e1;Atp6v1f;Atp6v1g1;Atp6v1g2;Atp6v1h;Cox5a;Cyc1;Ndufa10;Ndufa2;Ndufb7;Ndufs1;Ndufs2;Ndufs3;Ndufs4;Ndufs7;Ndufs8;Ndufv1;Ndufv2;Nnt;Surf1;Tcirg1;Uqcrfs1;Uqcrh;mt-Co1;mt-Co2;mt-Co3;mt-Cytb;mt-Nd1;mt-Nd2;mt-Nd3;mt-Nd4;mt-Nd4l;mt-Nd5;mt-Nd6
GO:0022853	GO:0008137	0.28125	18	Ndufa10;Ndufa2;Ndufb7;Ndufs1;Ndufs2;Ndufs3;Ndufs4;Ndufs7;Ndufs8;Ndufv1;Ndufv2;mt-Nd1;mt-Nd2;mt-Nd3;mt-Nd4;mt-Nd4l;mt-Nd5;mt-Nd6
GO:0022853	GO:0022804	0.3137254901960784	64	Anxa5;Atp13a1;Atp13a2;Atp13a3;Atp1a1;Atp1b1;Atp1b3;Atp2a2;Atp2a3;Atp2b1;Atp2b4;Atp2c1;Atp5b;Atp5e;Atp5l;Atp6v0a1;Atp6v0a2;Atp6v0b;Atp6v0c;Atp6v0d1;Atp6v0d2;Atp6v0e;Atp6v1a;Atp6v1b2;Atp6v1c1;Atp6v1d;Atp6v1e1;Atp6v1f;Atp6v1g1;Atp6v1g2;Atp6v1h;Atp7a;Cox5a;Cpox;Cyc1;Kcnj8;Ndufa10;Ndufa2;Ndufb7;Ndufs1;Ndufs2;Ndufs3;Ndufs4;Ndufs7;Ndufs8;Ndufv1;Ndufv2;Nnt;Surf1;Tcirg1;Tmem94;Uqcrfs1;Uqcrh;mt-Co1;mt-Co2;mt-Co3;mt-Cytb;mt-Nd1;mt-Nd2;mt-Nd3;mt-Nd4;mt-Nd4l;mt-Nd5;mt-Nd6
GO:0015453	GO:0015399	0.3263157894736842	31	Cox5a;Cyb561a3;Cyb561d1;Cyb561d2;Cyc1;Ndufa10;Ndufa2;Ndufb7;Ndufs1;Ndufs2;Ndufs3;Ndufs4;Ndufs7;Ndufs8;Ndufv1;Ndufv2;Nnt;Surf1;Uqcrfs1;Uqcrh;mt-Co1;mt-Co2;mt-Co3;mt-Cytb;mt-Nd1;mt-Nd2;mt-Nd3;mt-Nd4;mt-Nd4l;mt-Nd5;mt-Nd6
GO:0015453	GO:0009055	0.5510204081632653	27	Cox5a;Cyc1;Ndufa10;Ndufa2;Ndufb7;Ndufs1;Ndufs2;Ndufs3;Ndufs4;Ndufs7;Ndufs8;Ndufv1;Ndufv2;Surf1;Uqcrfs1;Uqcrh;mt-Co1;mt-Co2;mt-Co3;mt-Cytb;mt-Nd1;mt-Nd2;mt-Nd3;mt-Nd4;mt-Nd4l;mt-Nd5;mt-Nd6
GO:0015453	GO:0015078	0.27184466019417475	28	Cox5a;Cyc1;Ndufa10;Ndufa2;Ndufb7;Ndufs1;Ndufs2;Ndufs3;Ndufs4;Ndufs7;Ndufs8;Ndufv1;Ndufv2;Nnt;Surf1;Uqcrfs1;Uqcrh;mt-Co1;mt-Co2;mt-Co3;mt-Cytb;mt-Nd1;mt-Nd2;mt-Nd3;mt-Nd4;mt-Nd4l;mt-Nd5;mt-Nd6
GO:0015453	GO:0008137	0.5806451612903226	18	Ndufa10;Ndufa2;Ndufb7;Ndufs1;Ndufs2;Ndufs3;Ndufs4;Ndufs7;Ndufs8;Ndufv1;Ndufv2;mt-Nd1;mt-Nd2;mt-Nd3;mt-Nd4;mt-Nd4l;mt-Nd5;mt-Nd6
GO:0015453	GO:0006120	0.3333333333333333	14	Ndufa10;Ndufs1;Ndufs2;Ndufs3;Ndufs7;Ndufs8;Ndufv1;Ndufv2;mt-Nd1;mt-Nd2;mt-Nd3;mt-Nd4;mt-Nd5;mt-Nd6
GO:0015453	GO:0016655	0.4186046511627907	18	Ndufa10;Ndufa2;Ndufb7;Ndufs1;Ndufs2;Ndufs3;Ndufs4;Ndufs7;Ndufs8;Ndufv1;Ndufv2;mt-Nd1;mt-Nd2;mt-Nd3;mt-Nd4;mt-Nd4l;mt-Nd5;mt-Nd6
GO:0042254	GO:0022613	0.7069408740359897	275	2810004N23Rik;9930104L06Rik;Aatf;Abt1;Ak6;Bms1;Bop1;Brix1;Bud23;Bysl;C1d;C1qbp;Cinp;Cul4a;Cul4b;Dcaf13;Ddx10;Ddx18;Ddx27;Ddx28;Ddx31;Ddx3x;Ddx47;Ddx49;Ddx52;Ddx54;Ddx55;Dhx29;Dhx30;Dhx37;Dicer1;Dimt1;Dis3;Dkc1;Dnttip2;Drosha;Ebna1bp2;Efl1;Eif2a;Eif5;Eif5b;Eif6;Emg1;Eral1;Ercc2;Eri1;Eri2;Esf1;Exosc10;Exosc2;Exosc3;Exosc4;Exosc7;Exosc8;Exosc9;Fam207a;Fastkd2;Fau;Fbl;Fcf1;Fdxacb1;Ftsj3;Gar1;Glul;Grwd1;Gtf2h5;Gtf3a;Gtpbp10;Gtpbp4;Gtpbp6;Heatr1;Heatr3;Imp3;Imp4;Ipo4;Ipo9;Kri1;Krr1;LTO1;Las1l;Lsg1;Lsm6;Ltv1;Lyar;Mak16;Malsu1;Mcat;Mdn1;Mettl15;Mettl16;Mettl17;Mettl5;Mphosph10;Mphosph6;Mpv17l2;Mrm1;Mrm2;Mrm3;Mrps2;Mrto4;Mterf3;Mterf4;Mtg1;Mtg2;Mtrex;Myg1;Naf1;Nat10;Ndufab1;Ngdn;Ngrn;Nhp2;Nip7;Nle1;Nmd3;Noa1;Nob1;Noc2l;Noc4l;Nol10;Nol11;Nol6;Nol7;Nol8;Nol9;Nom1;Nop10;Nop14;Nop16;Nop2;Nop53;Nop56;Nop58;Nop9;Npm1;Npm3;Nsa2;Nsun3;Nsun4;Nsun5;Nsun6;Nup88;Nvl;Pak1ip1;Pdcd11;Pdcd2;Pelp1;Pes1;Pih1d1;Pin4;Pno1;Pop4;Pop5;Ppan;Prkdc;Pwp1;Pwp2;Ran;Rbfa;Rbis;Rbm34;Rcc1l;Rcl1;Rexo1;Rexo4;Rexo5;Riok1;Riok2;Riok3;Riox1;Rnasel;Rpf1;Rpf2;Rpl11;Rpl14;Rpl24;Rpl27;Rpl35;Rpl35a;Rpl37;Rpl38;Rpl5;Rpl7;Rpl7a;Rpl7l1;Rplp0;Rpp40;Rps10;Rps11;Rps12;Rps13;Rps14;Rps15;Rps15a;Rps16;Rps17;Rps19;Rps19bp1;Rps21;Rps23;Rps24;Rps25;Rps27;Rps27a;Rps27l;Rps28;Rps3a1;Rps4x;Rps5;Rps6;Rps7;Rps8;Rps9;Rpsa;Rpusd1;Rpusd2;Rpusd3;Rpusd4;Rrn3;Rrp1;Rrp15;Rrp1b;Rrp36;Rrp7a;Rrp9;Rrs1;Rsl24d1;Sart1;Sbds;Sdad1;Sde2;Snu13;Spata5;Spout1;Srfbp1;Surf6;Tbl3;Tfb1m;Tfb2m;Tma16;Trmt112;Tsr1;Tsr2;Tsr3;Tufm;Urb1;Urb2;Utp11;Utp14a;Utp14b;Utp15;Utp18;Utp20;Utp23;Utp25;Utp3;Utp4;Utp6;Wdr12;Wdr18;Wdr3;Wdr36;Wdr43;Wdr46;Wdr55;Wdr74;Wdr75;Xpo1;Xrcc5;Ybey;Zcchc4;Zfp574;Zfp622;Znhit3;Znhit6
GO:0042254	GO:0006364	0.6727272727272727	185	Abt1;Bms1;Bop1;Brix1;Bud23;Bysl;C1d;Dcaf13;Ddx10;Ddx18;Ddx27;Ddx47;Ddx49;Ddx52;Ddx54;Ddx55;Dhx37;Dicer1;Dimt1;Dis3;Dkc1;Drosha;Ebna1bp2;Eif6;Emg1;Ercc2;Eri1;Eri2;Esf1;Exosc10;Exosc2;Exosc3;Exosc4;Exosc7;Exosc8;Exosc9;Fam207a;Fbl;Fcf1;Fdxacb1;Ftsj3;Gar1;Gtf2h5;Gtpbp4;Heatr1;Imp3;Imp4;Kri1;Las1l;Lsm6;Lyar;Mak16;Mettl15;Mettl16;Mettl5;Mphosph10;Mphosph6;Mrm1;Mrm2;Mrm3;Mrto4;Mterf4;Mtrex;Myg1;Naf1;Nat10;Ngdn;Nhp2;Nob1;Nol10;Nol11;Nol6;Nol7;Nol8;Nol9;Nop10;Nop14;Nop2;Nop53;Nop9;Npm1;Npm3;Nsa2;Nsun3;Nsun4;Nsun5;Nsun6;Nvl;Pak1ip1;Pdcd11;Pelp1;Pes1;Pih1d1;Pin4;Pop4;Pop5;Ppan;Prkdc;Pwp1;Pwp2;Rbfa;Rbm34;Rcl1;Rexo1;Rexo4;Rexo5;Riok1;Riok2;Riok3;Rnasel;Rpf1;Rpf2;Rpl11;Rpl14;Rpl27;Rpl35;Rpl35a;Rpl37;Rpl5;Rpl7;Rpl7a;Rpl7l1;Rpp40;Rps13;Rps14;Rps15;Rps16;Rps17;Rps19;Rps21;Rps24;Rps25;Rps27;Rps27l;Rps28;Rps6;Rps7;Rpusd1;Rpusd2;Rpusd3;Rpusd4;Rrp1;Rrp15;Rrp1b;Rrp36;Rrp7a;Rrp9;Rrs1;Sart1;Sbds;Sde2;Snu13;Spout1;Srfbp1;Tbl3;Tfb1m;Tfb2m;Trmt112;Tsr1;Tsr2;Tsr3;Urb1;Utp11;Utp14a;Utp14b;Utp15;Utp18;Utp20;Utp23;Utp25;Utp3;Utp4;Utp6;Wdr12;Wdr18;Wdr3;Wdr36;Wdr43;Wdr46;Wdr55;Wdr74;Ybey;Zcchc4;Znhit3;Znhit6
GO:0042254	GO:0042274	0.4072727272727273	112	2810004N23Rik;Aatf;Abt1;Ak6;Bms1;Bysl;Dcaf13;Ddx52;Dhx37;Dimt1;Dnttip2;Emg1;Eral1;Ercc2;Exosc10;Fam207a;Fau;Fbl;Fcf1;Gtf2h5;Heatr1;Imp3;Imp4;Kri1;Krr1;Lsm6;Ltv1;Mcat;Mettl15;Mettl17;Mphosph10;Nat10;Ngdn;Noa1;Nob1;Noc4l;Nol10;Nol11;Nol6;Nol7;Nom1;Nop14;Nop56;Nop58;Nop9;Npm1;Pdcd2;Pno1;Prkdc;Pwp2;Rbfa;Rcc1l;Rcl1;Riok1;Riok2;Riok3;Rpp40;Rps10;Rps11;Rps12;Rps13;Rps14;Rps15;Rps15a;Rps16;Rps17;Rps19;Rps19bp1;Rps21;Rps23;Rps24;Rps25;Rps27;Rps27a;Rps28;Rps3a1;Rps4x;Rps5;Rps6;Rps7;Rps8;Rps9;Rpsa;Rrp36;Rrp7a;Rrp9;Rrs1;Snu13;Srfbp1;Surf6;Tbl3;Tfb1m;Trmt112;Tsr1;Tsr2;Tsr3;Utp11;Utp14a;Utp15;Utp18;Utp20;Utp23;Utp25;Utp3;Utp4;Utp6;Wdr3;Wdr36;Wdr43;Wdr46;Wdr75;Xrcc5
GO:0006457	GO:0044183	0.42483660130718953	65	Ahsa1;Aip;Anp32e;Aplf;Atpaf2;Calr;Ccdc47;Cct2;Cct3;Cct4;Cct5;Cct6a;Cct7;Cct8;Cd74;Cdc123;Clpx;Cmc1;Coa3;Cox14;Cox19;Dffa;Dnaja3;Dnajb1;Dnajb11;Dnajb6;Dnlz;Fkbp8;Hsp90aa1;Hsp90ab1;Hsp90b1;Hspa13;Hspa14;Hspa1a;Hspa1b;Hspa2;Hspa5;Hspa8;Hspa9;Hspb6;Hspd1;Hspe1;Hspe1-rs1;Hypk;Khsrp;Lonp1;Lyrm7;Mesd;Pbdc1;Pdcl3;Pdia3;Pfdn1;Pfdn2;Ric8a;Ric8b;St13;Tapbp;Tbce;Tcp1;Tor1a;Trap1;Tsc1;Wdr83os;Wipf1;Zpr1
GO:0015399	GO:0015078	0.3356164383561644	49	Atp5b;Atp5e;Atp5l;Atp6v0a1;Atp6v0a2;Atp6v0b;Atp6v0c;Atp6v0d1;Atp6v0d2;Atp6v0e;Atp6v1a;Atp6v1b2;Atp6v1c1;Atp6v1d;Atp6v1e1;Atp6v1f;Atp6v1g1;Atp6v1g2;Atp6v1h;Cox5a;Cyc1;Ndufa10;Ndufa2;Ndufb7;Ndufs1;Ndufs2;Ndufs3;Ndufs4;Ndufs7;Ndufs8;Ndufv1;Ndufv2;Nnt;Slc36a1;Surf1;Tcirg1;Uqcrfs1;Uqcrh;mt-Co1;mt-Co2;mt-Co3;mt-Cytb;mt-Nd1;mt-Nd2;mt-Nd3;mt-Nd4;mt-Nd4l;mt-Nd5;mt-Nd6
GO:0015399	GO:0022804	0.46568627450980393	95	Abca1;Abca2;Abca3;Abca7;Abcb10;Abcb1a;Abcb1b;Abcb6;Abcb7;Abcb8;Abcb9;Abcc1;Abcc10;Abcc4;Abcc5;Abcd1;Abcd3;Abcd4;Abcg1;Abcg3;Anxa5;Atp13a1;Atp13a2;Atp13a3;Atp1a1;Atp1b1;Atp1b3;Atp2a2;Atp2a3;Atp2b1;Atp2b4;Atp2c1;Atp5b;Atp5e;Atp5l;Atp6v0a1;Atp6v0a2;Atp6v0b;Atp6v0c;Atp6v0d1;Atp6v0d2;Atp6v0e;Atp6v1a;Atp6v1b2;Atp6v1c1;Atp6v1d;Atp6v1e1;Atp6v1f;Atp6v1g1;Atp6v1g2;Atp6v1h;Atp7a;Bcs1l;Cox5a;Cpox;Cyb561a3;Cyb561d1;Cyb561d2;Cyc1;Ipo8;Kcnj8;Lmbrd1;Ndufa10;Ndufa2;Ndufb7;Ndufs1;Ndufs2;Ndufs3;Ndufs4;Ndufs7;Ndufs8;Ndufv1;Ndufv2;Nnt;Ralbp1;Slc36a1;Surf1;Tap1;Tap2;Tcirg1;Tmem94;Tomm20;Uqcrfs1;Uqcrh;mt-Co1;mt-Co2;mt-Co3;mt-Cytb;mt-Nd1;mt-Nd2;mt-Nd3;mt-Nd4;mt-Nd4l;mt-Nd5;mt-Nd6
GO:0009055	GO:0008137	0.4	18	Ndufa10;Ndufa2;Ndufb7;Ndufs1;Ndufs2;Ndufs3;Ndufs4;Ndufs7;Ndufs8;Ndufv1;Ndufv2;mt-Nd1;mt-Nd2;mt-Nd3;mt-Nd4;mt-Nd4l;mt-Nd5;mt-Nd6
GO:0009055	GO:0006120	0.25	14	Ndufa10;Ndufs1;Ndufs2;Ndufs3;Ndufs7;Ndufs8;Ndufv1;Ndufv2;mt-Nd1;mt-Nd2;mt-Nd3;mt-Nd4;mt-Nd5;mt-Nd6
GO:0009055	GO:0016655	0.36363636363636365	20	Aifm2;Ndufa10;Ndufa2;Ndufb7;Ndufs1;Ndufs2;Ndufs3;Ndufs4;Ndufs7;Ndufs8;Ndufv1;Ndufv2;Nqo2;mt-Nd1;mt-Nd2;mt-Nd3;mt-Nd4;mt-Nd4l;mt-Nd5;mt-Nd6
GO:0015078	GO:0015075	0.35714285714285715	100	Atp5a1;Atp5b;Atp5c1;Atp5d;Atp5e;Atp5f1;Atp5g1;Atp5g2;Atp5g3;Atp5h;Atp5j;Atp5j2;Atp5k;Atp5l;Atp5o;Atp6v0a1;Atp6v0a2;Atp6v0b;Atp6v0c;Atp6v0d1;Atp6v0d2;Atp6v0e;Atp6v1a;Atp6v1b2;Atp6v1c1;Atp6v1d;Atp6v1e1;Atp6v1f;Atp6v1g1;Atp6v1g2;Atp6v1h;Chp1;Clcn3;Clcn7;Cox5a;Ctns;Cyc1;Ghitm;Hvcn1;Letm1;Ndufa10;Ndufa2;Ndufb7;Ndufs1;Ndufs2;Ndufs3;Ndufs4;Ndufs7;Ndufs8;Ndufv1;Ndufv2;Nnt;Slc11a2;Slc15a2;Slc15a4;Slc16a1;Slc16a3;Slc17a5;Slc18a2;Slc25a11;Slc25a12;Slc25a13;Slc25a14;Slc25a22;Slc25a27;Slc25a3;Slc25a4;Slc25a5;Slc26a11;Slc30a1;Slc30a5;Slc30a9;Slc36a1;Slc45a4;Slc9a1;Slc9a6;Slc9a7;Slc9a8;Slc9a9;Surf1;Tcirg1;Tmco3;Tmem173;Tmem175;Ucp2;Uqcrfs1;Uqcrh;mt-Atp6;mt-Atp8;mt-Co1;mt-Co2;mt-Co3;mt-Cytb;mt-Nd1;mt-Nd2;mt-Nd3;mt-Nd4;mt-Nd4l;mt-Nd5;mt-Nd6
GO:0015078	GO:0022804	0.36936936936936937	82	Atp5b;Atp5e;Atp5l;Atp6v0a1;Atp6v0a2;Atp6v0b;Atp6v0c;Atp6v0d1;Atp6v0d2;Atp6v0e;Atp6v1a;Atp6v1b2;Atp6v1c1;Atp6v1d;Atp6v1e1;Atp6v1f;Atp6v1g1;Atp6v1g2;Atp6v1h;Chp1;Clcn3;Clcn7;Cox5a;Ctns;Cyc1;Ghitm;Letm1;Ndufa10;Ndufa2;Ndufb7;Ndufs1;Ndufs2;Ndufs3;Ndufs4;Ndufs7;Ndufs8;Ndufv1;Ndufv2;Nnt;Slc11a2;Slc15a2;Slc15a4;Slc16a1;Slc16a3;Slc17a5;Slc18a2;Slc25a11;Slc25a12;Slc25a13;Slc25a14;Slc25a22;Slc25a3;Slc25a4;Slc25a5;Slc26a11;Slc30a1;Slc30a5;Slc30a9;Slc36a1;Slc45a4;Slc9a1;Slc9a6;Slc9a7;Slc9a8;Slc9a9;Surf1;Tcirg1;Tmco3;Ucp2;Uqcrfs1;Uqcrh;mt-Co1;mt-Co2;mt-Co3;mt-Cytb;mt-Nd1;mt-Nd2;mt-Nd3;mt-Nd4;mt-Nd4l;mt-Nd5;mt-Nd6
GO:0015078	GO:0098655	0.328719723183391	95	Atp5a1;Atp5b;Atp5d;Atp5e;Atp5f1;Atp5g1;Atp5g2;Atp5g3;Atp5h;Atp5j;Atp5k;Atp5l;Atp6v0a1;Atp6v0a2;Atp6v0b;Atp6v0c;Atp6v0d1;Atp6v0d2;Atp6v0e;Atp6v1a;Atp6v1b2;Atp6v1c1;Atp6v1d;Atp6v1e1;Atp6v1f;Atp6v1g1;Atp6v1g2;Atp6v1h;Chp1;Clcn3;Clcn7;Cox5a;Ctns;Cyc1;Ghitm;Hvcn1;Letm1;Ndufa10;Ndufa2;Ndufb7;Ndufs1;Ndufs2;Ndufs3;Ndufs4;Ndufs7;Ndufs8;Ndufv1;Ndufv2;Nnt;Slc11a2;Slc15a2;Slc15a4;Slc16a1;Slc18a2;Slc25a11;Slc25a12;Slc25a13;Slc25a14;Slc25a22;Slc25a27;Slc25a3;Slc25a4;Slc25a5;Slc26a11;Slc30a1;Slc30a5;Slc30a9;Slc36a1;Slc45a4;Slc9a1;Slc9a6;Slc9a7;Slc9a8;Slc9a9;Surf1;Tcirg1;Tmco3;Tmem173;Tmem175;Ucp2;Uqcrfs1;Uqcrh;mt-Atp6;mt-Atp8;mt-Co1;mt-Co2;mt-Co3;mt-Cytb;mt-Nd1;mt-Nd2;mt-Nd3;mt-Nd4;mt-Nd4l;mt-Nd5;mt-Nd6
GO:0140662	GO:0044183	0.26153846153846155	17	Cct2;Cct3;Cct4;Cct5;Cct6a;Cct7;Cct8;Clpx;Dnaja3;Hsp90aa1;Hsp90ab1;Hsp90b1;Hspd1;Lonp1;Tcp1;Tor1a;Trap1
GO:0022613	GO:0006364	0.4755784061696658	185	Abt1;Bms1;Bop1;Brix1;Bud23;Bysl;C1d;Dcaf13;Ddx10;Ddx18;Ddx27;Ddx47;Ddx49;Ddx52;Ddx54;Ddx55;Dhx37;Dicer1;Dimt1;Dis3;Dkc1;Drosha;Ebna1bp2;Eif6;Emg1;Ercc2;Eri1;Eri2;Esf1;Exosc10;Exosc2;Exosc3;Exosc4;Exosc7;Exosc8;Exosc9;Fam207a;Fbl;Fcf1;Fdxacb1;Ftsj3;Gar1;Gtf2h5;Gtpbp4;Heatr1;Imp3;Imp4;Kri1;Las1l;Lsm6;Lyar;Mak16;Mettl15;Mettl16;Mettl5;Mphosph10;Mphosph6;Mrm1;Mrm2;Mrm3;Mrto4;Mterf4;Mtrex;Myg1;Naf1;Nat10;Ngdn;Nhp2;Nob1;Nol10;Nol11;Nol6;Nol7;Nol8;Nol9;Nop10;Nop14;Nop2;Nop53;Nop9;Npm1;Npm3;Nsa2;Nsun3;Nsun4;Nsun5;Nsun6;Nvl;Pak1ip1;Pdcd11;Pelp1;Pes1;Pih1d1;Pin4;Pop4;Pop5;Ppan;Prkdc;Pwp1;Pwp2;Rbfa;Rbm34;Rcl1;Rexo1;Rexo4;Rexo5;Riok1;Riok2;Riok3;Rnasel;Rpf1;Rpf2;Rpl11;Rpl14;Rpl27;Rpl35;Rpl35a;Rpl37;Rpl5;Rpl7;Rpl7a;Rpl7l1;Rpp40;Rps13;Rps14;Rps15;Rps16;Rps17;Rps19;Rps21;Rps24;Rps25;Rps27;Rps27l;Rps28;Rps6;Rps7;Rpusd1;Rpusd2;Rpusd3;Rpusd4;Rrp1;Rrp15;Rrp1b;Rrp36;Rrp7a;Rrp9;Rrs1;Sart1;Sbds;Sde2;Snu13;Spout1;Srfbp1;Tbl3;Tfb1m;Tfb2m;Trmt112;Tsr1;Tsr2;Tsr3;Urb1;Utp11;Utp14a;Utp14b;Utp15;Utp18;Utp20;Utp23;Utp25;Utp3;Utp4;Utp6;Wdr12;Wdr18;Wdr3;Wdr36;Wdr43;Wdr46;Wdr55;Wdr74;Ybey;Zcchc4;Znhit3;Znhit6
GO:0022613	GO:0042274	0.2879177377892031	112	2810004N23Rik;Aatf;Abt1;Ak6;Bms1;Bysl;Dcaf13;Ddx52;Dhx37;Dimt1;Dnttip2;Emg1;Eral1;Ercc2;Exosc10;Fam207a;Fau;Fbl;Fcf1;Gtf2h5;Heatr1;Imp3;Imp4;Kri1;Krr1;Lsm6;Ltv1;Mcat;Mettl15;Mettl17;Mphosph10;Nat10;Ngdn;Noa1;Nob1;Noc4l;Nol10;Nol11;Nol6;Nol7;Nom1;Nop14;Nop56;Nop58;Nop9;Npm1;Pdcd2;Pno1;Prkdc;Pwp2;Rbfa;Rcc1l;Rcl1;Riok1;Riok2;Riok3;Rpp40;Rps10;Rps11;Rps12;Rps13;Rps14;Rps15;Rps15a;Rps16;Rps17;Rps19;Rps19bp1;Rps21;Rps23;Rps24;Rps25;Rps27;Rps27a;Rps28;Rps3a1;Rps4x;Rps5;Rps6;Rps7;Rps8;Rps9;Rpsa;Rrp36;Rrp7a;Rrp9;Rrs1;Snu13;Srfbp1;Surf6;Tbl3;Tfb1m;Trmt112;Tsr1;Tsr2;Tsr3;Utp11;Utp14a;Utp15;Utp18;Utp20;Utp23;Utp25;Utp3;Utp4;Utp6;Wdr3;Wdr36;Wdr43;Wdr46;Wdr75;Xrcc5
GO:0030548	GO:0033130	0.3076923076923077	4	Ly6a;Ly6c1;Ly6c2;Ly6e
GO:0030548	GO:0030547	0.35714285714285715	5	Cdk5;Ly6a;Ly6c1;Ly6c2;Ly6e
GO:0010257	GO:0006120	0.2549019607843137	13	Ndufaf1;Ndufc2;Ndufs1;Ndufs2;Ndufs3;Ndufs6;Ndufs7;Ndufs8;mt-Nd1;mt-Nd2;mt-Nd4;mt-Nd5;mt-Nd6
GO:0008137	GO:0006120	0.4827586206896552	14	Ndufa10;Ndufs1;Ndufs2;Ndufs3;Ndufs7;Ndufs8;Ndufv1;Ndufv2;mt-Nd1;mt-Nd2;mt-Nd3;mt-Nd4;mt-Nd5;mt-Nd6
GO:0008137	GO:0016655	0.6	18	Ndufa10;Ndufa2;Ndufb7;Ndufs1;Ndufs2;Ndufs3;Ndufs4;Ndufs7;Ndufs8;Ndufv1;Ndufv2;mt-Nd1;mt-Nd2;mt-Nd3;mt-Nd4;mt-Nd4l;mt-Nd5;mt-Nd6
GO:0006364	GO:0042274	0.3561643835616438	78	Abt1;Bms1;Bysl;Dcaf13;Ddx52;Dhx37;Dimt1;Emg1;Ercc2;Exosc10;Fam207a;Fbl;Fcf1;Gtf2h5;Heatr1;Imp3;Imp4;Kri1;Lsm6;Mettl15;Mphosph10;Nat10;Ngdn;Nob1;Nol10;Nol11;Nol6;Nol7;Nop14;Nop9;Npm1;Prkdc;Pwp2;Rbfa;Rcl1;Riok1;Riok2;Riok3;Rpp40;Rps13;Rps14;Rps15;Rps16;Rps17;Rps19;Rps21;Rps24;Rps25;Rps27;Rps28;Rps6;Rps7;Rrp36;Rrp7a;Rrp9;Rrs1;Snu13;Srfbp1;Tbl3;Tfb1m;Trmt112;Tsr1;Tsr2;Tsr3;Utp11;Utp14a;Utp15;Utp18;Utp20;Utp23;Utp25;Utp3;Utp4;Utp6;Wdr3;Wdr36;Wdr43;Wdr46
GO:0015075	GO:0022804	0.39481268011527376	137	Anxa5;Atp13a1;Atp13a2;Atp13a3;Atp1a1;Atp1b1;Atp1b3;Atp2a2;Atp2a3;Atp2b1;Atp2b4;Atp2c1;Atp5b;Atp5e;Atp5l;Atp6v0a1;Atp6v0a2;Atp6v0b;Atp6v0c;Atp6v0d1;Atp6v0d2;Atp6v0e;Atp6v1a;Atp6v1b2;Atp6v1c1;Atp6v1d;Atp6v1e1;Atp6v1f;Atp6v1g1;Atp6v1g2;Atp6v1h;Atp7a;Chp1;Clcn3;Clcn4;Clcn7;Cox5a;Cpox;Ctns;Cyc1;Ghitm;Kcnj8;Letm1;Mcu;Ndufa10;Ndufa2;Ndufb7;Ndufs1;Ndufs2;Ndufs3;Ndufs4;Ndufs7;Ndufs8;Ndufv1;Ndufv2;Nnt;Slc10a3;Slc11a2;Slc12a2;Slc12a3;Slc12a4;Slc12a6;Slc12a7;Slc12a9;Slc15a2;Slc15a4;Slc16a1;Slc16a3;Slc17a5;Slc18a2;Slc19a1;Slc20a1;Slc20a2;Slc22a3;Slc23a2;Slc24a5;Slc25a11;Slc25a12;Slc25a13;Slc25a14;Slc25a22;Slc25a3;Slc25a4;Slc25a5;Slc26a11;Slc26a2;Slc28a2;Slc29a1;Slc30a1;Slc30a5;Slc30a9;Slc36a1;Slc38a1;Slc38a2;Slc38a7;Slc39a10;Slc39a14;Slc39a6;Slc39a8;Slc41a1;Slc41a3;Slc45a4;Slc4a2;Slc4a7;Slc4a8;Slc5a11;Slc5a3;Slc5a6;Slc6a13;Slc6a20b;Slc6a6;Slc8b1;Slc9a1;Slc9a6;Slc9a7;Slc9a8;Slc9a9;Spns1;Surf1;Tcirg1;Tmco3;Tmem65;Tmem94;Ucp2;Uqcrfs1;Uqcrh;mt-Co1;mt-Co2;mt-Co3;mt-Cytb;mt-Nd1;mt-Nd2;mt-Nd3;mt-Nd4;mt-Nd4l;mt-Nd5;mt-Nd6
GO:0015075	GO:0098655	0.6588235294117647	224	Ano10;Ano6;Anxa5;Atp13a1;Atp13a2;Atp13a3;Atp1a1;Atp1b1;Atp1b3;Atp2a2;Atp2a3;Atp2b1;Atp2b4;Atp2c1;Atp5a1;Atp5b;Atp5d;Atp5e;Atp5f1;Atp5g1;Atp5g2;Atp5g3;Atp5h;Atp5j;Atp5k;Atp5l;Atp6v0a1;Atp6v0a2;Atp6v0b;Atp6v0c;Atp6v0d1;Atp6v0d2;Atp6v0e;Atp6v1a;Atp6v1b2;Atp6v1c1;Atp6v1d;Atp6v1e1;Atp6v1f;Atp6v1g1;Atp6v1g2;Atp6v1h;Atp7a;Cacna1a;Cacna2d4;Cacnb1;Calhm2;Calhm6;Catsper2;Ccdc51;Chp1;Clcn3;Clcn7;Cnga1;Cnnm2;Cnnm4;Cox5a;Ctns;Cyc1;Ghitm;Grina;Hvcn1;Itpr1;Itpr2;Itpr3;Kcna3;Kcnab2;Kcnc1;Kcnip2;Kcnj8;Kcnk5;Kcnk7;Kcnmb4;Kcnn4;Kcnq5;Letm1;Magt1;Mcoln1;Mcoln2;Mcu;Mmgt1;Mmgt2;Mrs2;Ndufa10;Ndufa2;Ndufb7;Ndufs1;Ndufs2;Ndufs3;Ndufs4;Ndufs7;Ndufs8;Ndufv1;Ndufv2;Nipa2;Nipal1;Nipal3;Nnt;Orai1;Orai2;Orai3;P2rx4;P2rx7;Panx1;Piezo1;Pkd1;Psen1;Romo1;Ryr3;Sec61a1;Slc11a2;Slc12a2;Slc12a3;Slc12a4;Slc12a6;Slc12a7;Slc12a9;Slc15a2;Slc15a4;Slc16a1;Slc18a2;Slc20a1;Slc20a2;Slc24a5;Slc25a11;Slc25a12;Slc25a13;Slc25a14;Slc25a22;Slc25a27;Slc25a28;Slc25a3;Slc25a37;Slc25a4;Slc25a5;Slc26a11;Slc30a1;Slc30a5;Slc30a6;Slc30a7;Slc30a9;Slc31a1;Slc31a2;Slc36a1;Slc38a1;Slc38a2;Slc39a1;Slc39a10;Slc39a11;Slc39a13;Slc39a14;Slc39a3;Slc39a4;Slc39a6;Slc39a7;Slc39a8;Slc39a9;Slc41a1;Slc41a2;Slc41a3;Slc45a4;Slc46a3;Slc4a7;Slc4a8;Slc5a11;Slc5a3;Slc5a6;Slc6a13;Slc6a20b;Slc6a6;Slc8b1;Slc9a1;Slc9a6;Slc9a7;Slc9a8;Slc9a9;Stim1;Stim2;Surf1;Tcirg1;Tfrc;Tmbim1;Tmbim4;Tmbim6;Tmco1;Tmco3;Tmem109;Tmem165;Tmem173;Tmem175;Tmem37;Tmem38b;Tmem43;Tmem63a;Tmem63b;Tmem65;Tmem94;Tomm40;Tpcn1;Tpcn2;Trpc1;Trpm4;Trpm6;Trpm7;Trpv2;Tusc3;Ucp2;Uqcrfs1;Uqcrh;Vdac1;Zdhhc13;mt-Atp6;mt-Atp8;mt-Co1;mt-Co2;mt-Co3;mt-Cytb;mt-Nd1;mt-Nd2;mt-Nd3;mt-Nd4;mt-Nd4l;mt-Nd5;mt-Nd6
GO:0015075	GO:0006811	0.6691729323308271	267	Ano10;Ano6;Ano8;Anxa5;Anxa6;Apol10b;Apol7b;Apol7e;Apol9b;Atp13a1;Atp13a2;Atp13a3;Atp1a1;Atp1b1;Atp1b3;Atp2a2;Atp2a3;Atp2b1;Atp2b4;Atp2c1;Atp5a1;Atp5b;Atp5d;Atp5e;Atp5f1;Atp5g1;Atp5g2;Atp5g3;Atp5h;Atp5j;Atp5k;Atp5l;Atp6v0a1;Atp6v0a2;Atp6v0b;Atp6v0c;Atp6v0d1;Atp6v0d2;Atp6v0e;Atp6v1a;Atp6v1b2;Atp6v1c1;Atp6v1d;Atp6v1e1;Atp6v1f;Atp6v1g1;Atp6v1g2;Atp6v1h;Atp7a;Cacna1a;Cacna2d4;Cacnb1;Calhm2;Calhm6;Catsper2;Ccdc51;Chp1;Chrne;Clcc1;Clcn3;Clcn4;Clcn5;Clcn6;Clcn7;Clic1;Clic4;Cnga1;Cnnm2;Cnnm4;Cox5a;Cpox;Ctns;Cyc1;Gabrr2;Ghitm;Gpr89;Grik5;Grina;Hvcn1;Itpr1;Itpr2;Itpr3;Kcna3;Kcnab2;Kcnc1;Kcnip2;Kcnj8;Kcnk5;Kcnk7;Kcnmb4;Kcnn4;Kcnq5;Lasp1;Letm1;Lrrc8a;Lrrc8b;Lrrc8c;Lrrc8d;Magt1;Mcoln1;Mcoln2;Mcu;Mfsd8;Mmgt1;Mmgt2;Mrs2;Ndufa10;Ndufa2;Ndufb7;Ndufs1;Ndufs2;Ndufs3;Ndufs4;Ndufs7;Ndufs8;Ndufv1;Ndufv2;Nipa2;Nipal1;Nipal3;Nnt;Orai1;Orai2;Orai3;P2rx4;P2rx7;Pacc1;Panx1;Piezo1;Pkd1;Psen1;Romo1;Ryr3;S100a6;Sec61a1;Sfxn1;Sfxn2;Sfxn3;Sfxn4;Slc11a2;Slc12a2;Slc12a3;Slc12a4;Slc12a6;Slc12a7;Slc12a9;Slc15a2;Slc15a4;Slc16a1;Slc18a2;Slc19a1;Slc20a1;Slc20a2;Slc24a5;Slc25a11;Slc25a12;Slc25a13;Slc25a14;Slc25a22;Slc25a27;Slc25a28;Slc25a3;Slc25a37;Slc25a4;Slc25a5;Slc26a10;Slc26a11;Slc26a2;Slc30a1;Slc30a5;Slc30a6;Slc30a7;Slc30a9;Slc31a1;Slc31a2;Slc36a1;Slc38a1;Slc38a2;Slc38a7;Slc39a1;Slc39a10;Slc39a11;Slc39a13;Slc39a14;Slc39a3;Slc39a4;Slc39a6;Slc39a7;Slc39a8;Slc39a9;Slc41a1;Slc41a2;Slc41a3;Slc45a4;Slc46a3;Slc4a2;Slc4a7;Slc4a8;Slc5a11;Slc5a3;Slc5a6;Slc6a13;Slc6a20b;Slc6a6;Slc8b1;Slc9a1;Slc9a6;Slc9a7;Slc9a8;Slc9a9;Stim1;Stim2;Surf1;Tcirg1;Tfrc;Tmbim1;Tmbim4;Tmbim6;Tmc4;Tmc6;Tmc8;Tmco1;Tmco3;Tmem109;Tmem120a;Tmem165;Tmem173;Tmem175;Tmem37;Tmem38b;Tmem43;Tmem63a;Tmem63b;Tmem65;Tmem87a;Tmem94;Tomm40;Tpcn1;Tpcn2;Trpc1;Trpm4;Trpm6;Trpm7;Trpv2;Ttyh2;Ttyh3;Tusc3;Ucp2;Uqcrfs1;Uqcrh;Vdac1;Vdac2;Vdac3;Zdhhc13;mt-Atp6;mt-Atp8;mt-Co1;mt-Co2;mt-Co3;mt-Cytb;mt-Nd1;mt-Nd2;mt-Nd3;mt-Nd4;mt-Nd4l;mt-Nd5;mt-Nd6
GO:0022804	GO:0098655	0.3593314763231198	129	Abcb6;Abcb7;Abcb8;Abcc5;Anxa5;Atp13a1;Atp13a2;Atp13a3;Atp1a1;Atp1b1;Atp1b3;Atp2a2;Atp2a3;Atp2b1;Atp2b4;Atp2c1;Atp5b;Atp5e;Atp5l;Atp6v0a1;Atp6v0a2;Atp6v0b;Atp6v0c;Atp6v0d1;Atp6v0d2;Atp6v0e;Atp6v1a;Atp6v1b2;Atp6v1c1;Atp6v1d;Atp6v1e1;Atp6v1f;Atp6v1g1;Atp6v1g2;Atp6v1h;Atp7a;Chp1;Clcn3;Clcn7;Cox5a;Ctns;Cyc1;Ghitm;Kcnj8;Letm1;Mcu;Ndufa10;Ndufa2;Ndufb7;Ndufs1;Ndufs2;Ndufs3;Ndufs4;Ndufs7;Ndufs8;Ndufv1;Ndufv2;Nnt;Slc11a2;Slc12a2;Slc12a3;Slc12a4;Slc12a6;Slc12a7;Slc12a9;Slc15a2;Slc15a4;Slc16a1;Slc18a2;Slc20a1;Slc20a2;Slc24a5;Slc25a11;Slc25a12;Slc25a13;Slc25a14;Slc25a22;Slc25a23;Slc25a25;Slc25a3;Slc25a4;Slc25a5;Slc26a11;Slc30a1;Slc30a5;Slc30a9;Slc36a1;Slc38a1;Slc38a2;Slc39a10;Slc39a14;Slc39a6;Slc39a8;Slc41a1;Slc41a3;Slc45a4;Slc4a7;Slc4a8;Slc5a11;Slc5a3;Slc5a6;Slc6a13;Slc6a20b;Slc6a6;Slc8b1;Slc9a1;Slc9a6;Slc9a7;Slc9a8;Slc9a9;Surf1;Tcirg1;Tmco3;Tmem65;Tmem94;Ucp2;Uqcrfs1;Uqcrh;mt-Co1;mt-Co2;mt-Co3;mt-Cytb;mt-Nd1;mt-Nd2;mt-Nd3;mt-Nd4;mt-Nd4l;mt-Nd5;mt-Nd6
GO:0022804	GO:0006811	0.2967032967032967	135	Abcb6;Abcb7;Abcb8;Abcc5;Anxa5;Atp13a1;Atp13a2;Atp13a3;Atp1a1;Atp1b1;Atp1b3;Atp2a2;Atp2a3;Atp2b1;Atp2b4;Atp2c1;Atp5b;Atp5e;Atp5l;Atp6v0a1;Atp6v0a2;Atp6v0b;Atp6v0c;Atp6v0d1;Atp6v0d2;Atp6v0e;Atp6v1a;Atp6v1b2;Atp6v1c1;Atp6v1d;Atp6v1e1;Atp6v1f;Atp6v1g1;Atp6v1g2;Atp6v1h;Atp7a;Chp1;Clcn3;Clcn4;Clcn7;Cox5a;Cpox;Ctns;Cyc1;Ghitm;Kcnj8;Letm1;Mcu;Ndufa10;Ndufa2;Ndufb7;Ndufs1;Ndufs2;Ndufs3;Ndufs4;Ndufs7;Ndufs8;Ndufv1;Ndufv2;Nnt;Slc11a2;Slc12a2;Slc12a3;Slc12a4;Slc12a6;Slc12a7;Slc12a9;Slc15a2;Slc15a4;Slc16a1;Slc18a2;Slc19a1;Slc20a1;Slc20a2;Slc24a5;Slc25a11;Slc25a12;Slc25a13;Slc25a14;Slc25a22;Slc25a23;Slc25a25;Slc25a3;Slc25a4;Slc25a5;Slc26a11;Slc26a2;Slc30a1;Slc30a5;Slc30a9;Slc36a1;Slc38a1;Slc38a2;Slc38a7;Slc39a10;Slc39a14;Slc39a6;Slc39a8;Slc41a1;Slc41a3;Slc45a4;Slc4a2;Slc4a7;Slc4a8;Slc5a11;Slc5a3;Slc5a6;Slc6a13;Slc6a20b;Slc6a6;Slc8b1;Slc9a1;Slc9a6;Slc9a7;Slc9a8;Slc9a9;Surf1;Tcirg1;Tmco3;Tmem65;Tmem94;Ucp2;Uqcrfs1;Uqcrh;mt-Co1;mt-Co2;mt-Co3;mt-Cytb;mt-Nd1;mt-Nd2;mt-Nd3;mt-Nd4;mt-Nd4l;mt-Nd5;mt-Nd6
GO:0033044	GO:2001252	0.45754716981132076	97	1810009A15Rik;Acd;Actl6a;Actr5;Actr8;Atm;Atr;Atrx;Aurkb;Cct2;Cct3;Cct4;Cct5;Cct6a;Cct7;Cct8;Cdk1;Cdk2;Ctnnb1;Ddx11;Dhx36;Dkc1;Ercc1;Fbxo4;Fen1;Gch1;Gnl3;H2afy;Hnrnpa1;Hnrnpa2b1;Hnrnpd;Ino80;Ino80b;Ino80c;Ino80d;Kat5;Klf4;Lig4;Mad1l1;Mad2l1bp;Map2k7;Map3k4;Mapk1;Mapk3;Mapkapk5;Mcrs1;Mre11a;Myc;Nabp2;Naf1;Nbn;Ncapd2;Ncapd3;Ncapg;Ncapg2;Ncaph;Ncaph2;Nek7;Nfrkb;Nsmce2;Numa1;Nvl;Parn;Pml;Pnkp;Pot1a;Pot1b;Ppp1r10;Prkcq;Ptges3;Rad21;Rad50;Rtel1;Ruvbl1;Ruvbl2;Sfpq;Sgo2a;Sirt6;Slf1;Slf2;Slx1b;Slx4;Smc2;Smc4;Smc5;Tcp1;Terf1;Terf2;Terf2ip;Tfpt;Tinf2;Tnks;Tnks2;Tpr;Uchl5;Wrap53;Yy1
GO:0006120	GO:0016655	0.34146341463414637	14	Ndufa10;Ndufs1;Ndufs2;Ndufs3;Ndufs7;Ndufs8;Ndufv1;Ndufv2;mt-Nd1;mt-Nd2;mt-Nd3;mt-Nd4;mt-Nd5;mt-Nd6
GO:0045471	GO:0097305	0.45569620253164556	72	Aacs;Adcy7;Adh1;Adipor2;Alad;Alas1;Aldh2;Apobec1;Ar;Arsa;Atp5a1;Bak1;Bcl2;Birc2;Casp3;Casp8;Casp9;Cat;Cbl;Cdk1;Cpt1a;Creb1;Dmap1;Dnmt3a;Eef1b2;Eef2;Elk1;Faah;Fos;Fosb;Fyn;G6pdx;Gabbr1;Gata3;Ggh;Gk;Got2;Gstp1;Hspa8;Igf1r;Il2;Itpr2;Jun;Myd88;Ntrk3;Oxct1;Phb;Polb;Prkaa1;Prkca;Prkce;Psmd14;Pten;Rara;Rgs2;Rpl15;Rps6;Sdf4;Sirt1;Slc23a2;Sod1;Sod2;Srebf1;Star;Tbxa2r;Tgfb1;Trp53inp1;Usp46;Vhl;mt-Co2;mt-Cytb;mt-Nd4
GO:0031072	GO:0051087	0.3468208092485549	60	Ago2;Ahr;Ahsa1;Bag2;Bag6;Bak1;Bax;Cdc37;Cdc37l1;Cdk1;Cdkn1b;Creb1;Dlst;Dnaja1;Dnaja2;Dnaja3;Dnaja4;Dnajb1;Dnajb12;Dnajb14;Dnajb2;Dnajb6;Dnajb9;Dnajc10;Dnajc18;Dnajc2;Dnajc8;Dnajc9;Ern1;Ficd;Fkbp1a;Hdac8;Hikeshi;Hspa2;Hspa8;Hspa9;Iqcg;Ksr1;Mettl21a;Mvd;Nr3c1;Nup62;Ogdh;Pglyrp1;Ppid;Ppp5c;Ptges3;Ptges3l;Rps3;Sacs;Slc12a2;Spn;St13;Stau2;Stip1;Stub1;Tfrc;Tsacc;Tsc1;Ttc4
KEGG:Natural killer cell mediated cytotoxicity	KEGG:T cell receptor signaling pathway	0.27007299270072993	37	Cd247;Csf2;Fyn;Grb2;Hras;Ifng;Kras;Lat;Lck;Lcp2;Map2k1;Map2k2;Mapk1;Mapk3;Nfatc1;Nfatc2;Nras;Pak1;Pik3ca;Pik3cb;Pik3cd;Pik3r1;Pik3r2;Plcg1;Ppp3ca;Ppp3cb;Ppp3cc;Ppp3r1;Ptpn6;Raf1;Sos1;Sos2;Tnf;Vav1;Vav2;Vav3;Zap70
GO:0009408	GO:0034605	0.7	42	Akt1;Arpp21;Atxn3;Bag3;Clpb;Daxx;Dhx36;Dhx9;Dnaja2;Dnaja4;Dnajb1;Eef1d;Eif2s1;Hikeshi;Hmox1;Hsbp1;Hsf1;Hsp90aa1;Hsp90ab1;Hspa1a;Hspa1b;Hspa8;Hspd1;Htra2;Ier5;Irak1;Nf1;Pdcd6;Pdcl3;Prkaca;Rasa3;Rbbp7;Slc52a3;Slu7;St8sia1;Stub1;Sumo1;Tpr;Vcp;Xylt1;Ywhae;Zfp709
GO:0098655	GO:0006811	0.7357512953367875	284	Abcb6;Abcb7;Abcb8;Abcc5;Afg3l2;Akt1;Alg10b;Ano10;Ano6;Anxa5;Ap3b1;Ap3d1;Atox1;Atp13a1;Atp13a2;Atp13a3;Atp1a1;Atp1b1;Atp1b3;Atp2a2;Atp2a3;Atp2b1;Atp2b4;Atp2c1;Atp5a1;Atp5b;Atp5d;Atp5e;Atp5f1;Atp5g1;Atp5g2;Atp5g3;Atp5h;Atp5j;Atp5k;Atp5l;Atp6ap1;Atp6ap2;Atp6v0a1;Atp6v0a2;Atp6v0b;Atp6v0c;Atp6v0d1;Atp6v0d2;Atp6v0e;Atp6v1a;Atp6v1b2;Atp6v1c1;Atp6v1d;Atp6v1e1;Atp6v1f;Atp6v1g1;Atp6v1g2;Atp6v1h;Atp7a;Cacna1a;Cacna2d4;Cacnb1;Calhm2;Calhm6;Catsper2;Ccdc51;Ccr5;Ccr7;Cherp;Chp1;Clcn3;Clcn7;Cnga1;Cnnm2;Cnnm4;Cox5a;Ctns;Cyc1;Ddit3;Ero1l;F2r;Fasl;Fkbp1a;Flna;Fxn;Ghitm;Grina;Hif1a;Hpn;Hspa9;Hvcn1;Ibtk;Itgav;Itpr1;Itpr2;Itpr3;Kcna3;Kcnab2;Kcnc1;Kcnip2;Kcnj8;Kcnk5;Kcnk7;Kcnmb4;Kcnn4;Kcnq5;Lamp1;Lamp2;Large1;Lck;Letm1;Letm2;Magt1;Maip1;Mcoln1;Mcoln2;Mcu;Mcur1;Micu1;Micu2;Micu3;Mmgt1;Mmgt2;Mrs2;Ndufa10;Ndufa2;Ndufb7;Ndufs1;Ndufs2;Ndufs3;Ndufs4;Ndufs7;Ndufs8;Ndufv1;Ndufv2;Nedd4l;Nipa2;Nipal1;Nipal3;Nnt;Opa1;Orai1;Orai2;Orai3;Oxsr1;P2rx4;P2rx7;Panx1;Piezo1;Pkd1;Plcb2;Plcb3;Plcb4;Plcg1;Plcl2;Psen1;Ptprc;Rnasek;Romo1;Ryr3;Scn1b;Sec61a1;Selenon;Slc11a2;Slc12a2;Slc12a3;Slc12a4;Slc12a6;Slc12a7;Slc12a9;Slc15a2;Slc15a4;Slc16a1;Slc18a2;Slc20a1;Slc20a2;Slc24a5;Slc25a11;Slc25a12;Slc25a13;Slc25a14;Slc25a22;Slc25a23;Slc25a25;Slc25a27;Slc25a28;Slc25a3;Slc25a37;Slc25a4;Slc25a5;Slc26a11;Slc30a1;Slc30a5;Slc30a6;Slc30a7;Slc30a9;Slc31a1;Slc31a2;Slc35g1;Slc36a1;Slc38a1;Slc38a2;Slc39a1;Slc39a10;Slc39a11;Slc39a13;Slc39a14;Slc39a3;Slc39a4;Slc39a6;Slc39a7;Slc39a8;Slc39a9;Slc41a1;Slc41a2;Slc41a3;Slc45a4;Slc46a3;Slc48a1;Slc4a7;Slc4a8;Slc5a11;Slc5a3;Slc5a6;Slc6a13;Slc6a20b;Slc6a6;Slc8b1;Slc9a1;Slc9a6;Slc9a7;Slc9a8;Slc9a9;Smdt1;Spg7;Steap3;Stim1;Stim2;Stk39;Surf1;Tcirg1;Tfrc;Tmbim1;Tmbim4;Tmbim6;Tmco1;Tmco3;Tmem109;Tmem163;Tmem165;Tmem173;Tmem175;Tmem37;Tmem38b;Tmem43;Tmem63a;Tmem63b;Tmem65;Tmem94;Tomm40;Tpcn1;Tpcn2;Trpc1;Trpm4;Trpm6;Trpm7;Trpv2;Tusc3;Ucp2;Uqcrfs1;Uqcrh;Vdac1;Wnk1;Xcl1;Zdhhc13;mt-Atp6;mt-Atp8;mt-Co1;mt-Co2;mt-Co3;mt-Cytb;mt-Nd1;mt-Nd2;mt-Nd3;mt-Nd4;mt-Nd4l;mt-Nd5;mt-Nd6
KEGG:IL-17 signaling pathway	KEGG:TNF signaling pathway	0.2912621359223301	30	Casp3;Casp8;Cebpb;Chuk;Csf2;Cxcl10;Fadd;Fos;Ikbkb;Ikbkg;Jun;Map3k7;Mapk1;Mapk11;Mapk14;Mapk3;Mapk8;Mapk9;Mmp9;Nfkb1;Nfkbia;Rela;Tab2;Tab3;Tnf;Tnfaip3;Tradd;Traf2;Traf3;Traf5
GO:0000165	GO:0007254	0.2631578947368421	30	Atf2;Becn1;Daxx;Dusp19;Ercc6;Hacd3;Irak1;Irak4;Jun;Map1lc3a;Map2k4;Map2k7;Map3k1;Map3k11;Map3k12;Map3k5;Map3k7;Map4k1;Mapk8;Mapk8ip3;Mapk9;Myd88;Nfkb1;Ptger4;Smad3;Spag9;Stradb;Tlr7;Tnf;Traf6
KEGG:T cell receptor signaling pathway	KEGG:Th17 cell differentiation	0.2536231884057971	35	Cd247;Cd3d;Cd3e;Cd3g;Cd4;Chuk;Fos;Ifng;Ikbkb;Ikbkg;Il2;Il4;Jun;Lat;Lck;Mapk1;Mapk11;Mapk14;Mapk3;Mapk9;Nfatc1;Nfatc2;Nfatc3;Nfkb1;Nfkbia;Nfkbib;Nfkbie;Plcg1;Ppp3ca;Ppp3cb;Ppp3cc;Ppp3r1;Prkcq;Rela;Zap70
