unit_id,scope,cluster,tissue,contrast,n_tumor,n_control,gene,scores,logfoldchanges,pvals,pvals_adj,pct_nz_group,mean_log1p_expression_tumor,mean_log1p_expression_control,pct_expressing_tumor,pct_expressing_control,paper_venn_tumor_up,robust_tumor_up,robust_control_up,passes_recommended_min20,strict_estimable_min20,sample_size_note,statistical_unit_warning,direction,in_any_tested_KEGG,in_display_top10
cluster_tissue__C0__bone_marrow,cluster_tissue,C0,bone_marrow,Tumor_T2_vs_Control_Ctrl,2090,2533,Junb,12.060213,0.688427,1.713393202201589e-33,6.52925195267534e-31,0.8172248803827751,1.748364,1.3723332,0.8172248803827632,0.7193051717330966,False,True,False,True,True,passes_recommended_min20,exploratory_cell_level_comparison; one_sample_per_tissue_condition; p_values_do_not_establish_biological_replicate_significance,Tumor,True,True
cluster_tissue__C0__bone_marrow,cluster_tissue,C0,bone_marrow,Tumor_T2_vs_Control_Ctrl,2090,2533,Cirbp,11.9195,0.70367557,9.366899838624963e-33,3.2666299643296584e-30,0.6440191387559808,0.9547017,0.68366116,0.644019138755972,0.5009869719699991,False,True,False,True,True,passes_recommended_min20,exploratory_cell_level_comparison; one_sample_per_tissue_condition; p_values_do_not_establish_biological_replicate_significance,Tumor,False,False
cluster_tissue__C0__bone_marrow,cluster_tissue,C0,bone_marrow,Tumor_T2_vs_Control_Ctrl,2090,2533,mt-Nd3,11.9184065,0.84964323,9.49067749711522e-33,3.2666299643296584e-30,0.4904306220095694,0.69103026,0.43991497,0.4904306220095633,0.3446506119226235,False,True,False,True,True,passes_recommended_min20,exploratory_cell_level_comparison; one_sample_per_tissue_condition; p_values_do_not_establish_biological_replicate_significance,Tumor,False,False
cluster_tissue__C0__bone_marrow,cluster_tissue,C0,bone_marrow,Tumor_T2_vs_Control_Ctrl,2090,2533,Iglc2,10.985788,7.231083,4.4731368158916e-28,1.084735677853713e-25,0.0478468899521531,0.058880407,0.00040360613,0.047846889952153,0.0003947887879984,True,True,False,True,True,passes_recommended_min20,exploratory_cell_level_comparison; one_sample_per_tissue_condition; p_values_do_not_establish_biological_replicate_significance,Tumor,False,False
cluster_tissue__C0__bone_marrow,cluster_tissue,C0,bone_marrow,Tumor_T2_vs_Control_Ctrl,2090,2533,Hspa1b,10.952179,1.411347,6.486806010472537e-28,1.5046569593856951e-25,0.2287081339712918,0.3681964,0.15473591,0.2287081339712905,0.1133043821555472,True,True,False,True,True,passes_recommended_min20,exploratory_cell_level_comparison; one_sample_per_tissue_condition; p_values_do_not_establish_biological_replicate_significance,Tumor,True,True
cluster_tissue__C0__bone_marrow,cluster_tissue,C0,bone_marrow,Tumor_T2_vs_Control_Ctrl,2090,2533,Fos,9.561386,0.9321617,1.1619043142097486e-21,1.9678601639076222e-19,0.3296650717703349,0.551993,0.32648647,0.3296650717703318,0.2092380576391642,False,True,False,True,True,passes_recommended_min20,exploratory_cell_level_comparison; one_sample_per_tissue_condition; p_values_do_not_establish_biological_replicate_significance,Tumor,True,True
cluster_tissue__C0__bone_marrow,cluster_tissue,C0,bone_marrow,Tumor_T2_vs_Control_Ctrl,2090,2533,Dusp1,9.450817,0.8035086,3.361946458388302e-21,5.354025180746745e-19,0.4421052631578947,0.72693217,0.47768068,0.4421052631578895,0.3217528622187149,False,True,False,True,True,passes_recommended_min20,exploratory_cell_level_comparison; one_sample_per_tissue_condition; p_values_do_not_establish_biological_replicate_significance,Tumor,True,True
cluster_tissue__C0__bone_marrow,cluster_tissue,C0,bone_marrow,Tumor_T2_vs_Control_Ctrl,2090,2533,Fosb,9.056708,0.8451535,1.3444687285998902e-19,2.04935447630869e-17,0.3440191387559808,0.53649247,0.33305314,0.3440191387559774,0.2309514409790775,False,True,False,True,True,passes_recommended_min20,exploratory_cell_level_comparison; one_sample_per_tissue_condition; p_values_do_not_establish_biological_replicate_significance,Tumor,True,True
cluster_tissue__C0__bone_marrow,cluster_tissue,C0,bone_marrow,Tumor_T2_vs_Control_Ctrl,2090,2533,Jun,8.625926,0.6138494,6.357602813394426e-18,8.479452752364815e-16,0.6205741626794259,1.2334592,0.95162,0.6205741626794175,0.5294117647058816,False,True,False,True,True,passes_recommended_min20,exploratory_cell_level_comparison; one_sample_per_tissue_condition; p_values_do_not_establish_biological_replicate_significance,Tumor,True,True
cluster_tissue__C0__bone_marrow,cluster_tissue,C0,bone_marrow,Tumor_T2_vs_Control_Ctrl,2090,2533,Eps8l1,6.6577415,1.368619,2.7806710459665975e-11,2.317950004723718e-09,0.0679425837320574,0.08088711,0.032105293,0.0679425837320573,0.0268456375838925,True,True,False,True,True,passes_recommended_min20,exploratory_cell_level_comparison; one_sample_per_tissue_condition; p_values_do_not_establish_biological_replicate_significance,Tumor,False,False
cluster_tissue__C0__bone_marrow,cluster_tissue,C0,bone_marrow,Tumor_T2_vs_Control_Ctrl,2090,2533,Rhob,6.626095,1.0469553,3.4468372811619286e-11,2.850988665891301e-09,0.1119617224880382,0.14125392,0.07085846,0.1119617224880386,0.058033951835768,True,True,False,True,True,passes_recommended_min20,exploratory_cell_level_comparison; one_sample_per_tissue_condition; p_values_do_not_establish_biological_replicate_significance,Tumor,False,False
cluster_tissue__C0__bone_marrow,cluster_tissue,C0,bone_marrow,Tumor_T2_vs_Control_Ctrl,2090,2533,Rgs2,6.323437,0.60973626,2.5580827852581506e-10,1.9636505984679477e-08,0.3014354066985646,0.42932463,0.30113634,0.3014354066985619,0.225819186735098,False,True,False,True,True,passes_recommended_min20,exploratory_cell_level_comparison; one_sample_per_tissue_condition; p_values_do_not_establish_biological_replicate_significance,Tumor,True,False
cluster_tissue__C0__bone_marrow,cluster_tissue,C0,bone_marrow,Tumor_T2_vs_Control_Ctrl,2090,2533,Hspa1a,6.225469,1.009667,4.80117078436817e-10,3.508800840356739e-08,0.1511961722488038,0.24241315,0.12772836,0.1511961722488038,0.0943545203316229,True,True,False,True,True,passes_recommended_min20,exploratory_cell_level_comparison; one_sample_per_tissue_condition; p_values_do_not_establish_biological_replicate_significance,Tumor,True,True
cluster_tissue__C0__bone_marrow,cluster_tissue,C0,bone_marrow,Tumor_T2_vs_Control_Ctrl,2090,2533,Gm50240,5.9642134,0.74028605,2.45815126259729e-09,1.639279623244568e-07,0.1665071770334928,0.21151419,0.1319082,0.1665071770334926,0.1073825503355709,False,True,False,True,True,passes_recommended_min20,exploratory_cell_level_comparison; one_sample_per_tissue_condition; p_values_do_not_establish_biological_replicate_significance,Tumor,False,False
cluster_tissue__C0__bone_marrow,cluster_tissue,C0,bone_marrow,Tumor_T2_vs_Control_Ctrl,2090,2533,4930532G15Rik,5.747116,1.4089521,9.077834877299734e-09,5.566695295447595e-07,0.0473684210526315,0.056872044,0.021798568,0.0473684210526314,0.0177654954599289,True,True,False,True,True,passes_recommended_min20,exploratory_cell_level_comparison; one_sample_per_tissue_condition; p_values_do_not_establish_biological_replicate_significance,Tumor,False,False
cluster_tissue__C0__bone_marrow,cluster_tissue,C0,bone_marrow,Tumor_T2_vs_Control_Ctrl,2090,2533,Fosl2,5.6857376,0.8550565,1.3024917829397633e-08,7.807633328071503e-07,0.1105263157894736,0.13557757,0.07721272,0.110526315789474,0.0635609948677459,False,True,False,True,True,passes_recommended_min20,exploratory_cell_level_comparison; one_sample_per_tissue_condition; p_values_do_not_establish_biological_replicate_significance,Tumor,True,True
cluster_tissue__C0__bone_marrow,cluster_tissue,C0,bone_marrow,Tumor_T2_vs_Control_Ctrl,2090,2533,Gm20186,5.56525,0.9561039,2.6177698198500326e-08,1.4857236158404172e-06,0.0880382775119617,0.108275555,0.05727201,0.0880382775119618,0.0473746545598105,False,True,False,True,True,passes_recommended_min20,exploratory_cell_level_comparison; one_sample_per_tissue_condition; p_values_do_not_establish_biological_replicate_significance,Tumor,False,False
cluster_tissue__C0__bone_marrow,cluster_tissue,C0,bone_marrow,Tumor_T2_vs_Control_Ctrl,2090,2533,Impact,5.48249,0.60969037,4.193804468395607e-08,2.306592457617584e-06,0.1990430622009569,0.24822104,0.16943625,0.1990430622009561,0.1397552309514416,False,True,False,True,True,passes_recommended_min20,exploratory_cell_level_comparison; one_sample_per_tissue_condition; p_values_do_not_establish_biological_replicate_significance,Tumor,False,False
cluster_tissue__C0__bone_marrow,cluster_tissue,C0,bone_marrow,Tumor_T2_vs_Control_Ctrl,2090,2533,Klf4,4.976339,1.2193608,6.479817585350204e-07,2.868865296086584e-05,0.0521531100478468,0.07514499,0.032966837,0.0521531100478467,0.024476904855902,True,True,False,True,True,passes_recommended_min20,exploratory_cell_level_comparison; one_sample_per_tissue_condition; p_values_do_not_establish_biological_replicate_significance,Tumor,True,False
cluster_tissue__C0__bone_marrow,cluster_tissue,C0,bone_marrow,Tumor_T2_vs_Control_Ctrl,2090,2533,Haghl,4.883604,0.7248565,1.0416422794454513e-06,4.481581903904422e-05,0.1047846889952153,0.12220508,0.07570922,0.1047846889952156,0.0647453612317412,False,True,False,True,True,passes_recommended_min20,exploratory_cell_level_comparison; one_sample_per_tissue_condition; p_values_do_not_establish_biological_replicate_significance,Tumor,False,False
cluster_tissue__C0__bone_marrow,cluster_tissue,C0,bone_marrow,Tumor_T2_vs_Control_Ctrl,2090,2533,Gm33104,4.791256,0.68650866,1.657403692465398e-06,6.749808167406792e-05,0.1062200956937799,0.13011187,0.08281511,0.1062200956937802,0.0663245163837348,False,True,False,True,True,passes_recommended_min20,exploratory_cell_level_comparison; one_sample_per_tissue_condition; p_values_do_not_establish_biological_replicate_significance,Tumor,False,False
cluster_tissue__C0__bone_marrow,cluster_tissue,C0,bone_marrow,Tumor_T2_vs_Control_Ctrl,2090,2533,Krt83,4.62923,0.7121033,3.670276682805206e-06,0.0001359786534914,0.0985645933014354,0.12705007,0.07945538,0.0985645933014356,0.0615870509277538,False,True,False,True,True,passes_recommended_min20,exploratory_cell_level_comparison; one_sample_per_tissue_condition; p_values_do_not_establish_biological_replicate_significance,Tumor,False,False
cluster_tissue__C0__bone_marrow,cluster_tissue,C0,bone_marrow,Tumor_T2_vs_Control_Ctrl,2090,2533,Slc14a1,4.574014,0.62595683,4.784674896581711e-06,0.0001724745984679,0.1095693779904306,0.12921599,0.08560967,0.1095693779904309,0.0702724042637191,False,True,False,True,True,passes_recommended_min20,exploratory_cell_level_comparison; one_sample_per_tissue_condition; p_values_do_not_establish_biological_replicate_significance,Tumor,False,False
cluster_tissue__C0__bone_marrow,cluster_tissue,C0,bone_marrow,Tumor_T2_vs_Control_Ctrl,2090,2533,Ctse,4.556015,0.964589,5.213319567248229e-06,0.000186664831485,0.0545454545454545,0.06366412,0.03312903,0.0545454545454544,0.0280300039478878,False,True,False,True,True,passes_recommended_min20,exploratory_cell_level_comparison; one_sample_per_tissue_condition; p_values_do_not_establish_biological_replicate_significance,Tumor,True,False
cluster_tissue__C0__bone_marrow,cluster_tissue,C0,bone_marrow,Tumor_T2_vs_Control_Ctrl,2090,2533,Sp3os,4.458272,0.6886669,8.26230006454607e-06,0.0002816573216891,0.0980861244019138,0.117742114,0.07466656,0.0980861244019141,0.062771417291749,False,True,False,True,True,passes_recommended_min20,exploratory_cell_level_comparison; one_sample_per_tissue_condition; p_values_do_not_establish_biological_replicate_significance,Tumor,False,False
cluster_tissue__C0__bone_marrow,cluster_tissue,C0,bone_marrow,Tumor_T2_vs_Control_Ctrl,2090,2533,A830035O19Rik,4.1789155,1.4548757,2.929022137605575e-05,0.0008469557238008,0.0258373205741626,0.03096329,0.011406372,0.0258373205741626,0.0098697196999605,True,True,False,True,True,passes_recommended_min20,exploratory_cell_level_comparison; one_sample_per_tissue_condition; p_values_do_not_establish_biological_replicate_significance,Tumor,False,False
cluster_tissue__C0__bone_marrow,cluster_tissue,C0,bone_marrow,Tumor_T2_vs_Control_Ctrl,2090,2533,Gm4258,4.1186857,0.6030468,3.8103935648581695e-05,0.001061537841698,0.1229665071770334,0.15526538,0.10488576,0.122966507177034,0.0868535333596529,False,True,False,True,True,passes_recommended_min20,exploratory_cell_level_comparison; one_sample_per_tissue_condition; p_values_do_not_establish_biological_replicate_significance,Tumor,False,False
cluster_tissue__C0__bone_marrow,cluster_tissue,C0,bone_marrow,Tumor_T2_vs_Control_Ctrl,2090,2533,Gm20234,3.9436083,0.9548458,8.026476372568999e-05,0.0020103873919087,0.038755980861244,0.04538311,0.023670048,0.0387559808612439,0.0193446506119226,False,True,False,True,True,passes_recommended_min20,exploratory_cell_level_comparison; one_sample_per_tissue_condition; p_values_do_not_establish_biological_replicate_significance,Tumor,False,False
cluster_tissue__C0__bone_marrow,cluster_tissue,C0,bone_marrow,Tumor_T2_vs_Control_Ctrl,2090,2533,Lcn4,3.9071202,0.934363,9.340264873991422e-05,0.0022805635287297,0.0411483253588516,0.04897544,0.025926469,0.0411483253588515,0.0213185945519147,False,True,False,True,True,passes_recommended_min20,exploratory_cell_level_comparison; one_sample_per_tissue_condition; p_values_do_not_establish_biological_replicate_significance,Tumor,False,False
cluster_tissue__C0__bone_marrow,cluster_tissue,C0,bone_marrow,Tumor_T2_vs_Control_Ctrl,2090,2533,Sik1,3.9013908,0.8387004,9.564159604186196e-05,0.0023298991547184,0.0521531100478468,0.060619995,0.034347262,0.0521531100478467,0.0296091590998815,False,True,False,True,True,passes_recommended_min20,exploratory_cell_level_comparison; one_sample_per_tissue_condition; p_values_do_not_establish_biological_replicate_significance,Tumor,True,False
cluster_tissue__C0__bone_marrow,cluster_tissue,C0,bone_marrow,Tumor_T2_vs_Control_Ctrl,2090,2533,Samd13,3.8962765,1.3570905,9.76828878854868e-05,0.0023668412493187,0.0239234449760765,0.027462045,0.010810237,0.0239234449760765,0.009474930911962,True,True,False,True,True,passes_recommended_min20,exploratory_cell_level_comparison; one_sample_per_tissue_condition; p_values_do_not_establish_biological_replicate_significance,Tumor,False,False
cluster_tissue__C0__bone_marrow,cluster_tissue,C0,bone_marrow,Tumor_T2_vs_Control_Ctrl,2090,2533,4930417O13Rik,3.8814726,1.3812914,0.0001038258900251,0.002483906382439,0.0220095693779904,0.025151137,0.009729844,0.0220095693779904,0.0082905645479668,True,True,False,True,True,passes_recommended_min20,exploratory_cell_level_comparison; one_sample_per_tissue_condition; p_values_do_not_establish_biological_replicate_significance,Tumor,False,False
cluster_tissue__C0__bone_marrow,cluster_tissue,C0,bone_marrow,Tumor_T2_vs_Control_Ctrl,2090,2533,Pmepa1,3.71569,0.5850829,0.0002026499839428,0.0045047402680627,0.0875598086124401,0.10847759,0.073603794,0.0875598086124403,0.0588235294117648,False,True,False,True,True,passes_recommended_min20,exploratory_cell_level_comparison; one_sample_per_tissue_condition; p_values_do_not_establish_biological_replicate_significance,Tumor,False,False
cluster_tissue__C0__bone_marrow,cluster_tissue,C0,bone_marrow,Tumor_T2_vs_Control_Ctrl,2090,2533,Nr4a1,3.7069037,0.82525724,0.0002098086526989,0.0046157903593777,0.0473684210526315,0.058258906,0.033296376,0.0473684210526314,0.0268456375838925,False,True,False,True,True,passes_recommended_min20,exploratory_cell_level_comparison; one_sample_per_tissue_condition; p_values_do_not_establish_biological_replicate_significance,Tumor,True,True
cluster_tissue__C0__bone_marrow,cluster_tissue,C0,bone_marrow,Tumor_T2_vs_Control_Ctrl,2090,2533,Nr4a3,3.6548374,0.9529781,0.0002573450365108,0.0054589891442753,0.031578947368421,0.039488703,0.020593088,0.031578947368421,0.0153967627319383,False,True,False,True,True,passes_recommended_min20,exploratory_cell_level_comparison; one_sample_per_tissue_condition; p_values_do_not_establish_biological_replicate_significance,Tumor,True,False
cluster_tissue__C0__bone_marrow,cluster_tissue,C0,bone_marrow,Tumor_T2_vs_Control_Ctrl,2090,2533,4930481B07Rik,3.6141891,2.0877657,0.0003012890485497,0.0062665772866009,0.0114832535885167,0.01299313,0.0030717857,0.0114832535885167,0.0027635215159889,True,True,False,True,True,passes_recommended_min20,exploratory_cell_level_comparison; one_sample_per_tissue_condition; p_values_do_not_establish_biological_replicate_significance,Tumor,False,False
cluster_tissue__C0__bone_marrow,cluster_tissue,C0,bone_marrow,Tumor_T2_vs_Control_Ctrl,2090,2533,Slc22a15,3.5688818,0.7368696,0.0003585082078317,0.0072724003375749,0.0526315789473684,0.062400118,0.0379078,0.0526315789473682,0.0315831030398736,False,True,False,True,True,passes_recommended_min20,exploratory_cell_level_comparison; one_sample_per_tissue_condition; p_values_do_not_establish_biological_replicate_significance,Tumor,False,False
cluster_tissue__C0__bone_marrow,cluster_tissue,C0,bone_marrow,Tumor_T2_vs_Control_Ctrl,2090,2533,Gm17354,3.5645523,1.7398425,0.0003644778922931,0.0073654907400915,0.0148325358851674,0.017237475,0.0051921746,0.0148325358851674,0.004737465455981,True,True,False,True,True,passes_recommended_min20,exploratory_cell_level_comparison; one_sample_per_tissue_condition; p_values_do_not_establish_biological_replicate_significance,Tumor,False,False
cluster_tissue__C0__bone_marrow,cluster_tissue,C0,bone_marrow,Tumor_T2_vs_Control_Ctrl,2090,2533,Osm,3.5574124,0.722593,0.0003745260499607,0.0075399867039274,0.0516746411483253,0.05852031,0.035870828,0.0516746411483252,0.0307935254638767,False,True,False,True,True,passes_recommended_min20,exploratory_cell_level_comparison; one_sample_per_tissue_condition; p_values_do_not_establish_biological_replicate_significance,Tumor,True,False
cluster_tissue__C0__bone_marrow,cluster_tissue,C0,bone_marrow,Tumor_T2_vs_Control_Ctrl,2090,2533,Tpk1,3.4973683,1.0870442,0.0004698727067805,0.009017161477246,0.0267942583732057,0.0327585,0.015553996,0.0267942583732057,0.0126332412159494,True,True,False,True,True,passes_recommended_min20,exploratory_cell_level_comparison; one_sample_per_tissue_condition; p_values_do_not_establish_biological_replicate_significance,Tumor,True,False
cluster_tissue__C0__bone_marrow,cluster_tissue,C0,bone_marrow,Tumor_T2_vs_Control_Ctrl,2090,2533,Trmt10a,3.448404,0.7551168,0.0005639095658832,0.0103919085802659,0.0406698564593301,0.04640746,0.027755577,0.04066985645933,0.0228977497039083,False,True,False,True,True,passes_recommended_min20,exploratory_cell_level_comparison; one_sample_per_tissue_condition; p_values_do_not_establish_biological_replicate_significance,Tumor,False,False
cluster_tissue__C0__bone_marrow,cluster_tissue,C0,bone_marrow,Tumor_T2_vs_Control_Ctrl,2090,2533,Nmnat3,3.3990176,0.74797547,0.0006762834923537,0.0119932716190285,0.04688995215311,0.05536965,0.033337146,0.0468899521531099,0.0280300039478878,False,True,False,True,True,passes_recommended_min20,exploratory_cell_level_comparison; one_sample_per_tissue_condition; p_values_do_not_establish_biological_replicate_significance,Tumor,True,False
cluster_tissue__C0__bone_marrow,cluster_tissue,C0,bone_marrow,Tumor_T2_vs_Control_Ctrl,2090,2533,E130102H24Rik,3.3477173,0.78227985,0.0008148005718917,0.0139773667236092,0.0454545454545454,0.054992154,0.032341894,0.0454545454545453,0.027240426371891,False,True,False,True,True,passes_recommended_min20,exploratory_cell_level_comparison; one_sample_per_tissue_condition; p_values_do_not_establish_biological_replicate_significance,Tumor,False,False
cluster_tissue__C0__bone_marrow,cluster_tissue,C0,bone_marrow,Tumor_T2_vs_Control_Ctrl,2090,2533,Klf10,3.33978,0.67558503,0.0008384476787554,0.0143139787717122,0.0564593301435406,0.0674481,0.042757183,0.0564593301435405,0.0359257797078562,False,True,False,True,True,passes_recommended_min20,exploratory_cell_level_comparison; one_sample_per_tissue_condition; p_values_do_not_establish_biological_replicate_significance,Tumor,False,False
cluster_tissue__C0__bone_marrow,cluster_tissue,C0,bone_marrow,Tumor_T2_vs_Control_Ctrl,2090,2533,Gm3604,3.3321705,1.2730972,0.0008617145588482,0.0145659736909898,0.0172248803827751,0.018975897,0.007895385,0.0172248803827751,0.0067114093959731,True,True,False,True,True,passes_recommended_min20,exploratory_cell_level_comparison; one_sample_per_tissue_condition; p_values_do_not_establish_biological_replicate_significance,Tumor,False,False
cluster_tissue__C0__bone_marrow,cluster_tissue,C0,bone_marrow,Tumor_T2_vs_Control_Ctrl,2090,2533,Klf7,3.3266647,0.6580801,0.0008789208857216,0.0147454180041664,0.062200956937799,0.0756812,0.04862092,0.0622009569377988,0.0406632451638373,False,True,False,True,True,passes_recommended_min20,exploratory_cell_level_comparison; one_sample_per_tissue_condition; p_values_do_not_establish_biological_replicate_significance,Tumor,False,False
cluster_tissue__C0__bone_marrow,cluster_tissue,C0,bone_marrow,Tumor_T2_vs_Control_Ctrl,2090,2533,Gm43581,3.2988067,2.3984234,0.0009709677623034,0.0159551816615809,0.008133971291866,0.008956237,0.0017049196,0.008133971291866,0.0015791551519936,True,True,False,True,True,passes_recommended_min20,exploratory_cell_level_comparison; one_sample_per_tissue_condition; p_values_do_not_establish_biological_replicate_significance,Tumor,False,False
cluster_tissue__C0__bone_marrow,cluster_tissue,C0,bone_marrow,Tumor_T2_vs_Control_Ctrl,2090,2533,Ccno,3.1793852,1.45522,0.0014758784402427,0.0223792503528823,0.0114832535885167,0.013179161,0.0048265774,0.0114832535885167,0.0035530990919857,True,True,False,True,True,passes_recommended_min20,exploratory_cell_level_comparison; one_sample_per_tissue_condition; p_values_do_not_establish_biological_replicate_significance,Tumor,False,False
cluster_tissue__C0__bone_marrow,cluster_tissue,C0,bone_marrow,Tumor_T2_vs_Control_Ctrl,2090,2533,Mir22hg,3.1703582,1.1273483,0.0015225115127756,0.0230101952426579,0.023444976076555,0.027791886,0.012817842,0.0234449760765549,0.0114488748519541,True,True,False,True,True,passes_recommended_min20,exploratory_cell_level_comparison; one_sample_per_tissue_condition; p_values_do_not_establish_biological_replicate_significance,Tumor,False,False
cluster_tissue__C0__bone_marrow,cluster_tissue,C0,bone_marrow,Tumor_T2_vs_Control_Ctrl,2090,2533,Frmd4b,3.1607606,0.82568115,0.0015735779207319,0.0236551868480528,0.0306220095693779,0.037748057,0.021472933,0.0306220095693779,0.0165811290959336,False,True,False,True,True,passes_recommended_min20,exploratory_cell_level_comparison; one_sample_per_tissue_condition; p_values_do_not_establish_biological_replicate_significance,Tumor,False,False
cluster_tissue__C0__bone_marrow,cluster_tissue,C0,bone_marrow,Tumor_T2_vs_Control_Ctrl,2090,2533,Ermard,3.1570773,0.7127704,0.0015935902801099,0.0238145774352565,0.04688995215311,0.05495023,0.033885363,0.0468899521531099,0.0292143703118831,False,True,False,True,True,passes_recommended_min20,exploratory_cell_level_comparison; one_sample_per_tissue_condition; p_values_do_not_establish_biological_replicate_significance,Tumor,False,False
cluster_tissue__C0__bone_marrow,cluster_tissue,C0,bone_marrow,Tumor_T2_vs_Control_Ctrl,2090,2533,Gm21887,3.1558163,0.9547829,0.0016004958830613,0.023850965184727,0.0229665071770334,0.025514064,0.013244462,0.0229665071770334,0.0110540860639557,False,True,False,True,True,passes_recommended_min20,exploratory_cell_level_comparison; one_sample_per_tissue_condition; p_values_do_not_establish_biological_replicate_significance,Tumor,False,False
cluster_tissue__C0__bone_marrow,cluster_tissue,C0,bone_marrow,Tumor_T2_vs_Control_Ctrl,2090,2533,4933421O10Rik,3.1491563,0.6491559,0.001637425581872,0.0241767973229893,0.0526315789473684,0.061115663,0.039399646,0.0526315789473682,0.0339518357678641,False,True,False,True,True,passes_recommended_min20,exploratory_cell_level_comparison; one_sample_per_tissue_condition; p_values_do_not_establish_biological_replicate_significance,Tumor,False,False
cluster_tissue__C0__bone_marrow,cluster_tissue,C0,bone_marrow,Tumor_T2_vs_Control_Ctrl,2090,2533,Tlr7,3.1330364,2.3589907,0.0017300794450499,0.0251497924777704,0.0076555023923444,0.009230885,0.0018060508,0.0076555023923444,0.0015791551519936,True,True,False,True,True,passes_recommended_min20,exploratory_cell_level_comparison; one_sample_per_tissue_condition; p_values_do_not_establish_biological_replicate_significance,Tumor,True,True
cluster_tissue__C0__bone_marrow,cluster_tissue,C0,bone_marrow,Tumor_T2_vs_Control_Ctrl,2090,2533,4933433G15Rik,3.0699632,1.0982497,0.0021408518086765,0.0296276119307121,0.0191387559808612,0.022637801,0.01063754,0.0191387559808612,0.0086853533359652,True,True,False,True,True,passes_recommended_min20,exploratory_cell_level_comparison; one_sample_per_tissue_condition; p_values_do_not_establish_biological_replicate_significance,Tumor,False,False
cluster_tissue__C0__bone_marrow,cluster_tissue,C0,bone_marrow,Tumor_T2_vs_Control_Ctrl,2090,2533,Gadd45g,3.0134995,0.62041116,0.0025825356354149,0.0345742223712392,0.0598086124401913,0.07958646,0.052483987,0.0598086124401912,0.0406632451638373,False,True,False,True,True,passes_recommended_min20,exploratory_cell_level_comparison; one_sample_per_tissue_condition; p_values_do_not_establish_biological_replicate_significance,Tumor,True,True
cluster_tissue__C0__bone_marrow,cluster_tissue,C0,bone_marrow,Tumor_T2_vs_Control_Ctrl,2090,2533,B230217O12Rik,3.0075896,1.359906,0.0026332855781352,0.0348599964251903,0.0153110047846889,0.017223272,0.006745636,0.0153110047846889,0.0063166206079747,True,True,False,True,True,passes_recommended_min20,exploratory_cell_level_comparison; one_sample_per_tissue_condition; p_values_do_not_establish_biological_replicate_significance,Tumor,False,False
cluster_tissue__C0__bone_marrow,cluster_tissue,C0,bone_marrow,Tumor_T2_vs_Control_Ctrl,2090,2533,1700007L15Rik,2.997278,0.657563,0.002724021894113,0.0357506932474621,0.0449760765550239,0.05278052,0.033781797,0.0449760765550238,0.0284247927358862,False,True,False,True,True,passes_recommended_min20,exploratory_cell_level_comparison; one_sample_per_tissue_condition; p_values_do_not_establish_biological_replicate_significance,Tumor,False,False
cluster_tissue__C0__bone_marrow,cluster_tissue,C0,bone_marrow,Tumor_T2_vs_Control_Ctrl,2090,2533,Gm10369,2.9885488,1.6585084,0.0028030587366536,0.0364005581081527,0.0114832535885167,0.013318799,0.004238175,0.0114832535885167,0.0039478878799842,True,True,False,True,True,passes_recommended_min20,exploratory_cell_level_comparison; one_sample_per_tissue_condition; p_values_do_not_establish_biological_replicate_significance,Tumor,False,False
cluster_tissue__C0__bone_marrow,cluster_tissue,C0,bone_marrow,Tumor_T2_vs_Control_Ctrl,2090,2533,1700113A16Rik,2.981197,0.8821622,0.0028712396246924,0.0370244747294437,0.024401913875598,0.026961394,0.014718139,0.024401913875598,0.0126332412159494,False,True,False,True,True,passes_recommended_min20,exploratory_cell_level_comparison; one_sample_per_tissue_condition; p_values_do_not_establish_biological_replicate_significance,Tumor,False,False
cluster_tissue__C0__bone_marrow,cluster_tissue,C0,bone_marrow,Tumor_T2_vs_Control_Ctrl,2090,2533,1500015A07Rik,2.981041,0.6407257,0.0028727027611042,0.0370244747294437,0.0488038277511961,0.05740584,0.037196457,0.048803827751196,0.0315831030398736,False,True,False,True,True,passes_recommended_min20,exploratory_cell_level_comparison; one_sample_per_tissue_condition; p_values_do_not_establish_biological_replicate_significance,Tumor,False,False
cluster_tissue__C0__bone_marrow,cluster_tissue,C0,bone_marrow,Tumor_T2_vs_Control_Ctrl,2090,2533,Gm15764,2.9770381,0.95251447,0.0029104779632816,0.0374154215279698,0.0210526315789473,0.02333779,0.012127349,0.0210526315789473,0.0102645084879589,False,True,False,True,True,passes_recommended_min20,exploratory_cell_level_comparison; one_sample_per_tissue_condition; p_values_do_not_establish_biological_replicate_significance,Tumor,False,False
cluster_tissue__C0__bone_marrow,cluster_tissue,C0,bone_marrow,Tumor_T2_vs_Control_Ctrl,2090,2533,Gm4924,2.9713988,0.9288324,0.0029644643770238,0.0380134891557931,0.0253588516746411,0.030005533,0.015873596,0.0253588516746411,0.0134228187919462,False,True,False,True,True,passes_recommended_min20,exploratory_cell_level_comparison; one_sample_per_tissue_condition; p_values_do_not_establish_biological_replicate_significance,Tumor,False,False
cluster_tissue__C0__bone_marrow,cluster_tissue,C0,bone_marrow,Tumor_T2_vs_Control_Ctrl,2090,2533,Epg5,2.961578,0.71174455,0.0030606704047308,0.039017148409173,0.039712918660287,0.045756403,0.028186057,0.039712918660287,0.024476904855902,False,True,False,True,True,passes_recommended_min20,exploratory_cell_level_comparison; one_sample_per_tissue_condition; p_values_do_not_establish_biological_replicate_significance,Tumor,False,False
cluster_tissue__C0__bone_marrow,cluster_tissue,C0,bone_marrow,Tumor_T2_vs_Control_Ctrl,2090,2533,Gm4890,2.953915,0.7778471,0.0031377037784007,0.0395736398528792,0.0306220095693779,0.03577156,0.02101848,0.0306220095693779,0.0173707066719305,False,True,False,True,True,passes_recommended_min20,exploratory_cell_level_comparison; one_sample_per_tissue_condition; p_values_do_not_establish_biological_replicate_significance,Tumor,False,False
cluster_tissue__C0__bone_marrow,cluster_tissue,C0,bone_marrow,Tumor_T2_vs_Control_Ctrl,2090,2533,4833417C18Rik,2.938673,1.8345972,0.0032962054426602,0.0411351018399819,0.0086124401913875,0.009713378,0.0027328688,0.0086124401913875,0.0023687327279905,True,True,False,True,True,passes_recommended_min20,exploratory_cell_level_comparison; one_sample_per_tissue_condition; p_values_do_not_establish_biological_replicate_significance,Tumor,False,False
cluster_tissue__C0__bone_marrow,cluster_tissue,C0,bone_marrow,Tumor_T2_vs_Control_Ctrl,2090,2533,E130311K13Rik,2.880705,0.66067505,0.0039678671692128,0.0478385793169509,0.039712918660287,0.04637751,0.029586503,0.039712918660287,0.0248716936439004,False,True,False,True,True,passes_recommended_min20,exploratory_cell_level_comparison; one_sample_per_tissue_condition; p_values_do_not_establish_biological_replicate_significance,Tumor,False,False
cluster_tissue__C0__bone_marrow,cluster_tissue,C0,bone_marrow,Tumor_T2_vs_Control_Ctrl,2090,2533,Gm6225,2.8471491,0.87983274,0.0044112703125711,0.051328521521411,0.0258373205741626,0.030678868,0.016788485,0.0258373205741626,0.0142123963679431,False,False,False,True,True,passes_recommended_min20,exploratory_cell_level_comparison; one_sample_per_tissue_condition; p_values_do_not_establish_biological_replicate_significance,Tumor,False,False
cluster_tissue__C0__bone_marrow,cluster_tissue,C0,bone_marrow,Tumor_T2_vs_Control_Ctrl,2090,2533,Gm13031,2.827495,1.2784641,0.0046913728897366,0.0536086466265485,0.0110047846889952,0.01195939,0.0049474086,0.0110047846889952,0.0039478878799842,True,False,False,True,True,passes_recommended_min20,exploratory_cell_level_comparison; one_sample_per_tissue_condition; p_values_do_not_establish_biological_replicate_significance,Tumor,False,False
cluster_tissue__C0__bone_marrow,cluster_tissue,C0,bone_marrow,Tumor_T2_vs_Control_Ctrl,2090,2533,Ahr,2.8000257,1.0505517,0.0051098523136143,0.0569588969241849,0.0191387559808612,0.022713255,0.011030008,0.0191387559808612,0.009474930911962,True,False,False,True,True,passes_recommended_min20,exploratory_cell_level_comparison; one_sample_per_tissue_condition; p_values_do_not_establish_biological_replicate_significance,Tumor,True,True
cluster_tissue__C0__bone_marrow,cluster_tissue,C0,bone_marrow,Tumor_T2_vs_Control_Ctrl,2090,2533,Rd3,2.7960002,1.6676506,0.0051739345642472,0.0574631155714013,0.0095693779904306,0.0109154815,0.003448683,0.0095693779904306,0.0031583103039873,True,False,False,True,True,passes_recommended_min20,exploratory_cell_level_comparison; one_sample_per_tissue_condition; p_values_do_not_establish_biological_replicate_significance,Tumor,False,False
cluster_tissue__C0__bone_marrow,cluster_tissue,C0,bone_marrow,Tumor_T2_vs_Control_Ctrl,2090,2533,Ptpn5,2.7749052,1.8730842,0.0055217783686268,0.0603043758375115,0.008133971291866,0.009438255,0.0025853931,0.008133971291866,0.0023687327279905,True,False,False,True,True,passes_recommended_min20,exploratory_cell_level_comparison; one_sample_per_tissue_condition; p_values_do_not_establish_biological_replicate_significance,Tumor,True,True
cluster_tissue__C0__bone_marrow,cluster_tissue,C0,bone_marrow,Tumor_T2_vs_Control_Ctrl,2090,2533,Jchain,2.7701817,1.4062338,0.0056025047491535,0.0609365195448197,0.008133971291866,0.010244539,0.0038775553,0.008133971291866,0.0023687327279905,True,False,False,True,True,passes_recommended_min20,exploratory_cell_level_comparison; one_sample_per_tissue_condition; p_values_do_not_establish_biological_replicate_significance,Tumor,False,False
cluster_tissue__C0__bone_marrow,cluster_tissue,C0,bone_marrow,Tumor_T2_vs_Control_Ctrl,2090,2533,Pex12,2.754545,0.61894804,0.0058773828571361,0.0628373497852128,0.0401913875598086,0.045474216,0.029844105,0.0401913875598085,0.0256612712198973,False,False,False,True,True,passes_recommended_min20,exploratory_cell_level_comparison; one_sample_per_tissue_condition; p_values_do_not_establish_biological_replicate_significance,Tumor,True,False
cluster_tissue__C0__bone_marrow,cluster_tissue,C0,bone_marrow,Tumor_T2_vs_Control_Ctrl,2090,2533,9330020H09Rik,2.7454655,0.7422398,0.0060425135493471,0.0638352669025092,0.0325358851674641,0.03822328,0.023025474,0.032535885167464,0.019739439399921,False,False,False,True,True,passes_recommended_min20,exploratory_cell_level_comparison; one_sample_per_tissue_condition; p_values_do_not_establish_biological_replicate_significance,Tumor,False,False
cluster_tissue__C0__bone_marrow,cluster_tissue,C0,bone_marrow,Tumor_T2_vs_Control_Ctrl,2090,2533,Gm15411,2.7431438,0.9665128,0.0060854046769762,0.0642247951566142,0.0205741626794258,0.0250565,0.012900869,0.0205741626794258,0.0106592972759573,False,False,False,True,True,passes_recommended_min20,exploratory_cell_level_comparison; one_sample_per_tissue_condition; p_values_do_not_establish_biological_replicate_significance,Tumor,False,False
cluster_tissue__C0__bone_marrow,cluster_tissue,C0,bone_marrow,Tumor_T2_vs_Control_Ctrl,2090,2533,BC049715,2.7182288,0.8667492,0.0065632410293251,0.0679816344333492,0.0172248803827751,0.01947291,0.0107255,0.0172248803827751,0.0082905645479668,False,False,False,True,True,passes_recommended_min20,exploratory_cell_level_comparison; one_sample_per_tissue_condition; p_values_do_not_establish_biological_replicate_significance,Tumor,False,False
cluster_tissue__C0__bone_marrow,cluster_tissue,C0,bone_marrow,Tumor_T2_vs_Control_Ctrl,2090,2533,Dancr,2.7066727,0.63456076,0.0067961226715437,0.0695884841831633,0.0339712918660287,0.038772687,0.02514657,0.0339712918660286,0.0209238057639162,False,False,False,True,True,passes_recommended_min20,exploratory_cell_level_comparison; one_sample_per_tissue_condition; p_values_do_not_establish_biological_replicate_significance,Tumor,False,False
cluster_tissue__C0__bone_marrow,cluster_tissue,C0,bone_marrow,Tumor_T2_vs_Control_Ctrl,2090,2533,8030456M14Rik,2.7063699,0.7374311,0.0068023232430214,0.0695884841831633,0.0272727272727272,0.03156337,0.01905122,0.0272727272727272,0.0157915515199368,False,False,False,True,True,passes_recommended_min20,exploratory_cell_level_comparison; one_sample_per_tissue_condition; p_values_do_not_establish_biological_replicate_significance,Tumor,False,False
cluster_tissue__C0__bone_marrow,cluster_tissue,C0,bone_marrow,Tumor_T2_vs_Control_Ctrl,2090,2533,Ppp1r16a,2.6890793,0.62727886,0.0071649381054523,0.0719867133570397,0.039712918660287,0.04650627,0.030353697,0.039712918660287,0.0256612712198973,False,False,False,True,True,passes_recommended_min20,exploratory_cell_level_comparison; one_sample_per_tissue_condition; p_values_do_not_establish_biological_replicate_significance,Tumor,False,False
cluster_tissue__C0__bone_marrow,cluster_tissue,C0,bone_marrow,Tumor_T2_vs_Control_Ctrl,2090,2533,Ly6k,2.6880915,1.5602475,0.0071861691428521,0.0721321023087794,0.0105263157894736,0.0126553755,0.004309318,0.0105263157894736,0.0039478878799842,True,False,False,True,True,passes_recommended_min20,exploratory_cell_level_comparison; one_sample_per_tissue_condition; p_values_do_not_establish_biological_replicate_significance,Tumor,False,False
cluster_tissue__C0__bone_marrow,cluster_tissue,C0,bone_marrow,Tumor_T2_vs_Control_Ctrl,2090,2533,Gm42670,2.6860242,0.61448514,0.0072307855047093,0.072413348453471,0.038755980861244,0.046210676,0.030423826,0.0387559808612439,0.0248716936439004,False,False,False,True,True,passes_recommended_min20,exploratory_cell_level_comparison; one_sample_per_tissue_condition; p_values_do_not_establish_biological_replicate_significance,Tumor,False,False
cluster_tissue__C0__bone_marrow,cluster_tissue,C0,bone_marrow,Tumor_T2_vs_Control_Ctrl,2090,2533,Etohd2,2.6770988,0.84816456,0.0074262755536797,0.0736394373995714,0.0224880382775119,0.025625935,0.01431597,0.0224880382775119,0.012238452427951,False,False,False,True,True,passes_recommended_min20,exploratory_cell_level_comparison; one_sample_per_tissue_condition; p_values_do_not_establish_biological_replicate_significance,Tumor,False,False
cluster_tissue__C0__bone_marrow,cluster_tissue,C0,bone_marrow,Tumor_T2_vs_Control_Ctrl,2090,2533,Gm50340,2.6685498,1.2532866,0.0076179474921481,0.0745465781775334,0.0129186602870813,0.014879378,0.0062687495,0.0129186602870813,0.0055270430319778,True,False,False,True,True,passes_recommended_min20,exploratory_cell_level_comparison; one_sample_per_tissue_condition; p_values_do_not_establish_biological_replicate_significance,Tumor,False,False
cluster_tissue__C0__bone_marrow,cluster_tissue,C0,bone_marrow,Tumor_T2_vs_Control_Ctrl,2090,2533,Gm47242,2.6589024,0.8586234,0.0078395666017725,0.0761517840820701,0.0191387559808612,0.021747738,0.01205186,0.0191387559808612,0.0098697196999605,False,False,False,True,True,passes_recommended_min20,exploratory_cell_level_comparison; one_sample_per_tissue_condition; p_values_do_not_establish_biological_replicate_significance,Tumor,False,False
cluster_tissue__C0__bone_marrow,cluster_tissue,C0,bone_marrow,Tumor_T2_vs_Control_Ctrl,2090,2533,Nr4a2,2.6587307,3.1009514,0.0078435623904587,0.0761517840820701,0.0047846889952153,0.006685693,0.0007815368,0.0047846889952153,0.0007895775759968,True,False,False,True,True,passes_recommended_min20,exploratory_cell_level_comparison; one_sample_per_tissue_condition; p_values_do_not_establish_biological_replicate_significance,Tumor,True,True
cluster_tissue__C0__bone_marrow,cluster_tissue,C0,bone_marrow,Tumor_T2_vs_Control_Ctrl,2090,2533,Pced1a,2.6486099,0.6672819,0.0080823589663553,0.0779031347524949,0.0325358851674641,0.037120715,0.023534745,0.032535885167464,0.0201342281879194,False,False,False,True,True,passes_recommended_min20,exploratory_cell_level_comparison; one_sample_per_tissue_condition; p_values_do_not_establish_biological_replicate_significance,Tumor,False,False
cluster_tissue__C0__bone_marrow,cluster_tissue,C0,bone_marrow,Tumor_T2_vs_Control_Ctrl,2090,2533,Rapgef4,2.62384,1.111316,0.0086944612226632,0.0820972577396613,0.0167464114832535,0.0200986,0.00935331,0.0167464114832535,0.0082905645479668,True,False,False,True,True,passes_recommended_min20,exploratory_cell_level_comparison; one_sample_per_tissue_condition; p_values_do_not_establish_biological_replicate_significance,Tumor,True,False
cluster_tissue__C0__bone_marrow,cluster_tissue,C0,bone_marrow,Tumor_T2_vs_Control_Ctrl,2090,2533,Rcn3,2.6054435,0.7793564,0.0091755387437891,0.0849852416633944,0.0282296650717703,0.033662226,0.019750018,0.0282296650717702,0.016975917883932,False,False,False,True,True,passes_recommended_min20,exploratory_cell_level_comparison; one_sample_per_tissue_condition; p_values_do_not_establish_biological_replicate_significance,Tumor,False,False
cluster_tissue__C0__bone_marrow,cluster_tissue,C0,bone_marrow,Tumor_T2_vs_Control_Ctrl,2090,2533,Gcnt2,2.5982425,0.7263722,0.0093702299796881,0.086115722552345,0.0277511961722488,0.033881694,0.020615745,0.0277511961722487,0.0165811290959336,False,False,False,True,True,passes_recommended_min20,exploratory_cell_level_comparison; one_sample_per_tissue_condition; p_values_do_not_establish_biological_replicate_significance,Tumor,True,False
cluster_tissue__C0__bone_marrow,cluster_tissue,C0,bone_marrow,Tumor_T2_vs_Control_Ctrl,2090,2533,Mks1,2.5973172,0.5865265,0.0093955135197753,0.0861995952330203,0.0406698564593301,0.046631172,0.031294376,0.04066985645933,0.0268456375838925,False,False,False,True,True,passes_recommended_min20,exploratory_cell_level_comparison; one_sample_per_tissue_condition; p_values_do_not_establish_biological_replicate_significance,Tumor,False,False
cluster_tissue__C0__bone_marrow,cluster_tissue,C0,bone_marrow,Tumor_T2_vs_Control_Ctrl,2090,2533,Cd8a,2.5841455,1.7855573,0.009762059223367,0.0885724250963662,0.0095693779904306,0.017246457,0.0050332732,0.0095693779904306,0.0035530990919857,True,False,False,True,True,passes_recommended_min20,exploratory_cell_level_comparison; one_sample_per_tissue_condition; p_values_do_not_establish_biological_replicate_significance,Tumor,True,True
cluster_tissue__C0__bone_marrow,cluster_tissue,C0,bone_marrow,Tumor_T2_vs_Control_Ctrl,2090,2533,Wfs1,2.5770218,1.3932462,0.0099655674018508,0.0898079427176929,0.0095693779904306,0.011680052,0.0044627767,0.0095693779904306,0.0035530990919857,True,False,False,True,True,passes_recommended_min20,exploratory_cell_level_comparison; one_sample_per_tissue_condition; p_values_do_not_establish_biological_replicate_significance,Tumor,True,False
cluster_tissue__C0__bone_marrow,cluster_tissue,C0,bone_marrow,Tumor_T2_vs_Control_Ctrl,2090,2533,Gm43848,2.5695844,0.78289706,0.0101820596770777,0.0913730670768873,0.0220095693779904,0.025313525,0.014790061,0.0220095693779904,0.012238452427951,False,False,False,True,True,passes_recommended_min20,exploratory_cell_level_comparison; one_sample_per_tissue_condition; p_values_do_not_establish_biological_replicate_significance,Tumor,False,False
cluster_tissue__C0__bone_marrow,cluster_tissue,C0,bone_marrow,Tumor_T2_vs_Control_Ctrl,2090,2533,Gm34961,2.5299325,1.372821,0.0114084502249208,0.0999410212642898,0.0100478468899521,0.011326948,0.004388954,0.0100478468899521,0.0039478878799842,True,False,False,True,True,passes_recommended_min20,exploratory_cell_level_comparison; one_sample_per_tissue_condition; p_values_do_not_establish_biological_replicate_significance,Tumor,False,False
cluster_tissue__C0__bone_marrow,cluster_tissue,C0,bone_marrow,Tumor_T2_vs_Control_Ctrl,2090,2533,E230034D01Rik,2.5268,1.3538128,0.0115107081721796,0.1004313642962527,0.0100478468899521,0.011354869,0.0044580344,0.0100478468899521,0.0039478878799842,True,False,False,True,True,passes_recommended_min20,exploratory_cell_level_comparison; one_sample_per_tissue_condition; p_values_do_not_establish_biological_replicate_significance,Tumor,False,False
cluster_tissue__C0__bone_marrow,cluster_tissue,C0,bone_marrow,Tumor_T2_vs_Control_Ctrl,2090,2533,Tmem86b,2.52633,1.3076873,0.0115261168200139,0.1004550902584939,0.0100478468899521,0.0113773495,0.0046116784,0.0100478468899521,0.0039478878799842,True,False,False,True,True,passes_recommended_min20,exploratory_cell_level_comparison; one_sample_per_tissue_condition; p_values_do_not_establish_biological_replicate_significance,Tumor,True,False
cluster_tissue__C0__bone_marrow,cluster_tissue,C0,bone_marrow,Tumor_T2_vs_Control_Ctrl,2090,2533,Zmym3,2.5258324,0.6270491,0.0115424499209853,0.1004550902584939,0.0339712918660287,0.038588013,0.025154993,0.0339712918660286,0.0217133833399131,False,False,False,True,True,passes_recommended_min20,exploratory_cell_level_comparison; one_sample_per_tissue_condition; p_values_do_not_establish_biological_replicate_significance,Tumor,False,False
cluster_tissue__C0__bone_marrow,cluster_tissue,C0,bone_marrow,Tumor_T2_vs_Control_Ctrl,2090,2533,Fbxl4,2.5246694,0.7947014,0.0115807177443488,0.1005421141840539,0.0253588516746411,0.030519469,0.017706854,0.0253588516746411,0.0150019739439399,False,False,False,True,True,passes_recommended_min20,exploratory_cell_level_comparison; one_sample_per_tissue_condition; p_values_do_not_establish_biological_replicate_significance,Tumor,False,False
cluster_tissue__C0__bone_marrow,cluster_tissue,C0,bone_marrow,Tumor_T2_vs_Control_Ctrl,2090,2533,Kbtbd7,2.4878438,0.96425074,0.0128520206554737,0.108062301334834,0.016267942583732,0.019015953,0.009791686,0.016267942583732,0.0082905645479668,False,False,False,True,True,passes_recommended_min20,exploratory_cell_level_comparison; one_sample_per_tissue_condition; p_values_do_not_establish_biological_replicate_significance,Tumor,False,False
cluster_tissue__C0__bone_marrow,cluster_tissue,C0,bone_marrow,Tumor_T2_vs_Control_Ctrl,2090,2533,Usp49,2.4872968,1.3321587,0.0128717955400843,0.1080707713440582,0.0105263157894736,0.011653683,0.004644804,0.0105263157894736,0.0043426766679826,True,False,False,True,True,passes_recommended_min20,exploratory_cell_level_comparison; one_sample_per_tissue_condition; p_values_do_not_establish_biological_replicate_significance,Tumor,False,False
cluster_tissue__C0__bone_marrow,cluster_tissue,C0,bone_marrow,Tumor_T2_vs_Control_Ctrl,2090,2533,Hist2h4,2.481126,0.7829603,0.0130968003487655,0.1096022429186889,0.0306220095693779,0.03924695,0.022996321,0.0306220095693779,0.0193446506119226,False,False,False,True,True,passes_recommended_min20,exploratory_cell_level_comparison; one_sample_per_tissue_condition; p_values_do_not_establish_biological_replicate_significance,Tumor,True,False
cluster_tissue__C0__bone_marrow,cluster_tissue,C0,bone_marrow,Tumor_T2_vs_Control_Ctrl,2090,2533,4933429H19Rik,2.461276,1.3185188,0.013844377827197,0.1133516702517026,0.0086124401913875,0.009274672,0.0037289823,0.0086124401913875,0.0031583103039873,True,False,False,True,True,passes_recommended_min20,exploratory_cell_level_comparison; one_sample_per_tissue_condition; p_values_do_not_establish_biological_replicate_significance,Tumor,False,False
cluster_tissue__C0__bone_marrow,cluster_tissue,C0,bone_marrow,Tumor_T2_vs_Control_Ctrl,2090,2533,Lypd6b,2.4602084,0.6245999,0.0138856370907015,0.1134454423872783,0.0301435406698564,0.03502732,0.022858037,0.0301435406698564,0.0189498618239241,False,False,False,True,True,passes_recommended_min20,exploratory_cell_level_comparison; one_sample_per_tissue_condition; p_values_do_not_establish_biological_replicate_significance,Tumor,False,False
cluster_tissue__C0__bone_marrow,cluster_tissue,C0,bone_marrow,Tumor_T2_vs_Control_Ctrl,2090,2533,Nanos3,2.446727,1.055096,0.014416000811095,0.1160020578087365,0.0138755980861244,0.016324043,0.007889463,0.0138755980861244,0.0067114093959731,True,False,False,True,True,passes_recommended_min20,exploratory_cell_level_comparison; one_sample_per_tissue_condition; p_values_do_not_establish_biological_replicate_significance,Tumor,False,False
cluster_tissue__C0__bone_marrow,cluster_tissue,C0,bone_marrow,Tumor_T2_vs_Control_Ctrl,2090,2533,Pde4a,2.4413013,0.8652216,0.0146344391249914,0.1173174045557168,0.024401913875598,0.02854237,0.015769439,0.024401913875598,0.0146071851559415,False,False,False,True,True,passes_recommended_min20,exploratory_cell_level_comparison; one_sample_per_tissue_condition; p_values_do_not_establish_biological_replicate_significance,Tumor,True,False
cluster_tissue__C0__bone_marrow,cluster_tissue,C0,bone_marrow,Tumor_T2_vs_Control_Ctrl,2090,2533,Eid2b,2.439669,0.58832085,0.0147007332562545,0.1177603782614386,0.0368421052631578,0.042899035,0.028736833,0.0368421052631578,0.024476904855902,False,False,False,True,True,passes_recommended_min20,exploratory_cell_level_comparison; one_sample_per_tissue_condition; p_values_do_not_establish_biological_replicate_significance,Tumor,False,False
cluster_tissue__C0__bone_marrow,cluster_tissue,C0,bone_marrow,Tumor_T2_vs_Control_Ctrl,2090,2533,Pomc,2.4272609,0.8944475,0.0152133106110069,0.1204443750992238,0.0181818181818181,0.022517754,0.012176475,0.0181818181818181,0.0098697196999605,False,False,False,True,True,passes_recommended_min20,exploratory_cell_level_comparison; one_sample_per_tissue_condition; p_values_do_not_establish_biological_replicate_significance,Tumor,True,True
cluster_tissue__C0__bone_marrow,cluster_tissue,C0,bone_marrow,Tumor_T2_vs_Control_Ctrl,2090,2533,She,2.4132888,1.149451,0.0158092867984345,0.1234222678352205,0.0114832535885167,0.012980614,0.005872485,0.0114832535885167,0.0051322542439794,True,False,False,True,True,passes_recommended_min20,exploratory_cell_level_comparison; one_sample_per_tissue_condition; p_values_do_not_establish_biological_replicate_significance,Tumor,False,False
cluster_tissue__C0__bone_marrow,cluster_tissue,C0,bone_marrow,Tumor_T2_vs_Control_Ctrl,2090,2533,Il6ra,2.4061835,0.6881778,0.0161201697653678,0.124099719622276,0.0263157894736842,0.033668086,0.021028748,0.0263157894736841,0.0161863403079352,False,False,False,True,True,passes_recommended_min20,exploratory_cell_level_comparison; one_sample_per_tissue_condition; p_values_do_not_establish_biological_replicate_significance,Tumor,True,True
cluster_tissue__C0__bone_marrow,cluster_tissue,C0,bone_marrow,Tumor_T2_vs_Control_Ctrl,2090,2533,Atp6v0a1,2.399917,0.72100073,0.0163987895161037,0.1255201464396175,0.0186602870813397,0.021660382,0.013196733,0.0186602870813397,0.0102645084879589,False,False,False,True,True,passes_recommended_min20,exploratory_cell_level_comparison; one_sample_per_tissue_condition; p_values_do_not_establish_biological_replicate_significance,Tumor,True,False
cluster_tissue__C0__bone_marrow,cluster_tissue,C0,bone_marrow,Tumor_T2_vs_Control_Ctrl,2090,2533,Swsap1,2.3947997,0.72133464,0.0166294489947697,0.1263179657025115,0.0263157894736842,0.030861612,0.018832078,0.0263157894736841,0.0161863403079352,False,False,False,True,True,passes_recommended_min20,exploratory_cell_level_comparison; one_sample_per_tissue_condition; p_values_do_not_establish_biological_replicate_significance,Tumor,False,False
cluster_tissue__C0__bone_marrow,cluster_tissue,C0,bone_marrow,Tumor_T2_vs_Control_Ctrl,2090,2533,Gm43149,2.3942618,0.68135643,0.0166538550137169,0.126384518489587,0.0263157894736842,0.030378724,0.019051567,0.0263157894736841,0.0161863403079352,False,False,False,True,True,passes_recommended_min20,exploratory_cell_level_comparison; one_sample_per_tissue_condition; p_values_do_not_establish_biological_replicate_significance,Tumor,False,False
cluster_tissue__C0__bone_marrow,cluster_tissue,C0,bone_marrow,Tumor_T2_vs_Control_Ctrl,2090,2533,Gm47015,2.3868947,0.6753314,0.0169913615080612,0.128164895419042,0.0282296650717703,0.033174794,0.020902105,0.0282296650717702,0.0177654954599289,False,False,False,True,True,passes_recommended_min20,exploratory_cell_level_comparison; one_sample_per_tissue_condition; p_values_do_not_establish_biological_replicate_significance,Tumor,False,False
cluster_tissue__C0__bone_marrow,cluster_tissue,C0,bone_marrow,Tumor_T2_vs_Control_Ctrl,2090,2533,Apobec1,2.372773,0.88025945,0.0176551107662999,0.1312752835375753,0.0215311004784689,0.02691068,0.014709529,0.0215311004784688,0.0126332412159494,False,False,False,True,True,passes_recommended_min20,exploratory_cell_level_comparison; one_sample_per_tissue_condition; p_values_do_not_establish_biological_replicate_significance,Tumor,False,False
cluster_tissue__C0__bone_marrow,cluster_tissue,C0,bone_marrow,Tumor_T2_vs_Control_Ctrl,2090,2533,Ldlr,2.3707938,0.7360816,0.0177499269028076,0.1318883844379927,0.0200956937799043,0.022664392,0.013668496,0.0200956937799042,0.0114488748519541,False,False,False,True,True,passes_recommended_min20,exploratory_cell_level_comparison; one_sample_per_tissue_condition; p_values_do_not_establish_biological_replicate_significance,Tumor,True,True
cluster_tissue__C0__bone_marrow,cluster_tissue,C0,bone_marrow,Tumor_T2_vs_Control_Ctrl,2090,2533,Nipal1,2.3653228,0.6148043,0.0180143575883339,0.1335741455646442,0.0325358851674641,0.038355127,0.025212614,0.032535885167464,0.0213185945519147,False,False,False,True,True,passes_recommended_min20,exploratory_cell_level_comparison; one_sample_per_tissue_condition; p_values_do_not_establish_biological_replicate_significance,Tumor,False,False
cluster_tissue__C0__bone_marrow,cluster_tissue,C0,bone_marrow,Tumor_T2_vs_Control_Ctrl,2090,2533,Rwdd3,2.3545315,0.85293263,0.0185460677805564,0.1361098160553734,0.0157894736842105,0.018104466,0.010064158,0.0157894736842105,0.0082905645479668,False,False,False,True,True,passes_recommended_min20,exploratory_cell_level_comparison; one_sample_per_tissue_condition; p_values_do_not_establish_biological_replicate_significance,Tumor,False,False
cluster_tissue__C0__bone_marrow,cluster_tissue,C0,bone_marrow,Tumor_T2_vs_Control_Ctrl,2090,2533,Gm10125,2.3379152,0.72859895,0.0193916443432196,0.1404676477543475,0.0215311004784689,0.024181826,0.014663328,0.0215311004784688,0.0126332412159494,False,False,False,True,True,passes_recommended_min20,exploratory_cell_level_comparison; one_sample_per_tissue_condition; p_values_do_not_establish_biological_replicate_significance,Tumor,False,False
cluster_tissue__C0__bone_marrow,cluster_tissue,C0,bone_marrow,Tumor_T2_vs_Control_Ctrl,2090,2533,Tcf4,2.3294737,1.2271148,0.0198339808450191,0.1424871997886246,0.0100478468899521,0.0121487705,0.0052076685,0.0100478468899521,0.0043426766679826,True,False,False,True,True,passes_recommended_min20,exploratory_cell_level_comparison; one_sample_per_tissue_condition; p_values_do_not_establish_biological_replicate_significance,Tumor,False,False
cluster_tissue__C0__bone_marrow,cluster_tissue,C0,bone_marrow,Tumor_T2_vs_Control_Ctrl,2090,2533,Gm4356,2.325778,0.76803404,0.0200303967065754,0.1435354821082338,0.0239234449760765,0.028550163,0.016863767,0.0239234449760765,0.0146071851559415,False,False,False,True,True,passes_recommended_min20,exploratory_cell_level_comparison; one_sample_per_tissue_condition; p_values_do_not_establish_biological_replicate_significance,Tumor,False,False
cluster_tissue__C0__bone_marrow,cluster_tissue,C0,bone_marrow,Tumor_T2_vs_Control_Ctrl,2090,2533,Gpr183,2.2997596,0.690082,0.0214618389185935,0.1494830334428209,0.0267942583732057,0.032237925,0.020103797,0.0267942583732057,0.016975917883932,False,False,False,True,True,passes_recommended_min20,exploratory_cell_level_comparison; one_sample_per_tissue_condition; p_values_do_not_establish_biological_replicate_significance,Tumor,False,False
cluster_tissue__C0__bone_marrow,cluster_tissue,C0,bone_marrow,Tumor_T2_vs_Control_Ctrl,2090,2533,Slc5a11,2.2992797,1.4432572,0.0214890640616571,0.1494830334428209,0.008133971291866,0.00973225,0.0035899198,0.008133971291866,0.0031583103039873,True,False,False,True,True,passes_recommended_min20,exploratory_cell_level_comparison; one_sample_per_tissue_condition; p_values_do_not_establish_biological_replicate_significance,Tumor,False,False
cluster_tissue__C0__bone_marrow,cluster_tissue,C0,bone_marrow,Tumor_T2_vs_Control_Ctrl,2090,2533,Gm4285,2.2981873,1.2305667,0.0215511294982657,0.1494950450653829,0.0105263157894736,0.012359055,0.0052854987,0.0105263157894736,0.004737465455981,True,False,False,True,True,passes_recommended_min20,exploratory_cell_level_comparison; one_sample_per_tissue_condition; p_values_do_not_establish_biological_replicate_significance,Tumor,False,False
cluster_tissue__C0__bone_marrow,cluster_tissue,C0,bone_marrow,Tumor_T2_vs_Control_Ctrl,2090,2533,D130020L05Rik,2.2968395,1.3780555,0.0216279296741307,0.1497534131232801,0.008133971291866,0.008860652,0.003418319,0.008133971291866,0.0031583103039873,True,False,False,True,True,passes_recommended_min20,exploratory_cell_level_comparison; one_sample_per_tissue_condition; p_values_do_not_establish_biological_replicate_significance,Tumor,False,False
cluster_tissue__C0__bone_marrow,cluster_tissue,C0,bone_marrow,Tumor_T2_vs_Control_Ctrl,2090,2533,Gm50105,2.2795806,0.63636225,0.0226325762236356,0.153717115408143,0.0325358851674641,0.038345143,0.024836764,0.032535885167464,0.0217133833399131,False,False,False,True,True,passes_recommended_min20,exploratory_cell_level_comparison; one_sample_per_tissue_condition; p_values_do_not_establish_biological_replicate_significance,Tumor,False,False
cluster_tissue__C0__bone_marrow,cluster_tissue,C0,bone_marrow,Tumor_T2_vs_Control_Ctrl,2090,2533,Scn1b,2.257407,1.0993328,0.0239826619704481,0.1591386835974386,0.0110047846889952,0.013567419,0.006355266,0.0110047846889952,0.0051322542439794,True,False,False,True,True,passes_recommended_min20,exploratory_cell_level_comparison; one_sample_per_tissue_condition; p_values_do_not_establish_biological_replicate_significance,Tumor,True,False
cluster_tissue__C0__bone_marrow,cluster_tissue,C0,bone_marrow,Tumor_T2_vs_Control_Ctrl,2090,2533,Mapkbp1,2.2516055,0.7690125,0.0243472103570978,0.1609570845788312,0.0200956937799043,0.023311017,0.013745134,0.0200956937799042,0.0118436636399526,False,False,False,True,True,passes_recommended_min20,exploratory_cell_level_comparison; one_sample_per_tissue_condition; p_values_do_not_establish_biological_replicate_significance,Tumor,False,False
cluster_tissue__C0__bone_marrow,cluster_tissue,C0,bone_marrow,Tumor_T2_vs_Control_Ctrl,2090,2533,Zfp335os,2.2307928,0.86848193,0.0256948617305211,0.1662144806683546,0.0153110047846889,0.01810828,0.009958911,0.0153110047846889,0.0082905645479668,False,False,False,True,True,passes_recommended_min20,exploratory_cell_level_comparison; one_sample_per_tissue_condition; p_values_do_not_establish_biological_replicate_significance,Tumor,False,False
cluster_tissue__C0__bone_marrow,cluster_tissue,C0,bone_marrow,Tumor_T2_vs_Control_Ctrl,2090,2533,Rdh13,2.2294931,0.71446675,0.0257811181463866,0.1665488187882569,0.0215311004784689,0.025223471,0.015447527,0.0215311004784688,0.0130280300039478,False,False,False,True,True,passes_recommended_min20,exploratory_cell_level_comparison; one_sample_per_tissue_condition; p_values_do_not_establish_biological_replicate_significance,Tumor,False,False
cluster_tissue__C0__bone_marrow,cluster_tissue,C0,bone_marrow,Tumor_T2_vs_Control_Ctrl,2090,2533,Mfsd3,2.2146966,0.9294945,0.026780895775549,0.1713268902545665,0.016267942583732,0.01935471,0.0102087315,0.016267942583732,0.0090801421239636,False,False,False,True,True,passes_recommended_min20,exploratory_cell_level_comparison; one_sample_per_tissue_condition; p_values_do_not_establish_biological_replicate_significance,Tumor,False,False
cluster_tissue__C0__bone_marrow,cluster_tissue,C0,bone_marrow,Tumor_T2_vs_Control_Ctrl,2090,2533,Gm34680,2.2113183,0.8358828,0.0270137985050392,0.1724938540088383,0.0157894736842105,0.017531496,0.009859681,0.0157894736842105,0.0086853533359652,False,False,False,True,True,passes_recommended_min20,exploratory_cell_level_comparison; one_sample_per_tissue_condition; p_values_do_not_establish_biological_replicate_significance,Tumor,False,False
cluster_tissue__C0__bone_marrow,cluster_tissue,C0,bone_marrow,Tumor_T2_vs_Control_Ctrl,2090,2533,Il1r1,2.2024972,21.144537,0.0276301991349262,0.1751718507246958,0.0019138755980861,0.0023154572,0.0,0.0019138755980861,0.0,True,False,False,True,True,passes_recommended_min20,exploratory_cell_level_comparison; one_sample_per_tissue_condition; p_values_do_not_establish_biological_replicate_significance,Tumor,True,True
cluster_tissue__C0__bone_marrow,cluster_tissue,C0,bone_marrow,Tumor_T2_vs_Control_Ctrl,2090,2533,Gm6710,2.192698,0.6182546,0.0283291479903349,0.1776987085494793,0.024401913875598,0.026783703,0.017529693,0.024401913875598,0.0153967627319383,False,False,False,True,True,passes_recommended_min20,exploratory_cell_level_comparison; one_sample_per_tissue_condition; p_values_do_not_establish_biological_replicate_significance,Tumor,True,False
cluster_tissue__C0__bone_marrow,cluster_tissue,C0,bone_marrow,Tumor_T2_vs_Control_Ctrl,2090,2533,Kctd14,2.1904047,0.8079271,0.0284948975429676,0.1782183802951139,0.0167464114832535,0.019672994,0.011284607,0.0167464114832535,0.009474930911962,False,False,False,True,True,passes_recommended_min20,exploratory_cell_level_comparison; one_sample_per_tissue_condition; p_values_do_not_establish_biological_replicate_significance,Tumor,False,False
cluster_tissue__C0__bone_marrow,cluster_tissue,C0,bone_marrow,Tumor_T2_vs_Control_Ctrl,2090,2533,D330050I16Rik,2.1781628,0.7089864,0.0293939229146191,0.182238906158621,0.0167464114832535,0.019060565,0.011703379,0.0167464114832535,0.009474930911962,False,False,False,True,True,passes_recommended_min20,exploratory_cell_level_comparison; one_sample_per_tissue_condition; p_values_do_not_establish_biological_replicate_significance,Tumor,False,False
cluster_tissue__C0__bone_marrow,cluster_tissue,C0,bone_marrow,Tumor_T2_vs_Control_Ctrl,2090,2533,Gm50069,2.1364696,1.1123812,0.032641149383637,0.1941530368369396,0.0100478468899521,0.012014043,0.0055748005,0.0100478468899521,0.004737465455981,True,False,False,True,True,passes_recommended_min20,exploratory_cell_level_comparison; one_sample_per_tissue_condition; p_values_do_not_establish_biological_replicate_significance,Tumor,False,False
cluster_tissue__C0__bone_marrow,cluster_tissue,C0,bone_marrow,Tumor_T2_vs_Control_Ctrl,2090,2533,Gm20033,2.1355777,0.9993459,0.0327138492503428,0.1941530368369396,0.0138755980861244,0.017067604,0.008574083,0.0138755980861244,0.0075009869719699,False,False,False,True,True,passes_recommended_min20,exploratory_cell_level_comparison; one_sample_per_tissue_condition; p_values_do_not_establish_biological_replicate_significance,Tumor,False,False
cluster_tissue__C0__bone_marrow,cluster_tissue,C0,bone_marrow,Tumor_T2_vs_Control_Ctrl,2090,2533,Hspa2,2.1218324,0.85043263,0.0338518200220161,0.1983519602607976,0.0138755980861244,0.015843812,0.008818255,0.0138755980861244,0.0075009869719699,False,False,False,True,True,passes_recommended_min20,exploratory_cell_level_comparison; one_sample_per_tissue_condition; p_values_do_not_establish_biological_replicate_significance,Tumor,True,True
cluster_tissue__C0__bone_marrow,cluster_tissue,C0,bone_marrow,Tumor_T2_vs_Control_Ctrl,2090,2533,Gnb1l,2.1136186,0.6951829,0.0345478588585573,0.2009954493025121,0.0224880382775119,0.026633829,0.016533462,0.0224880382775119,0.0142123963679431,False,False,False,True,True,passes_recommended_min20,exploratory_cell_level_comparison; one_sample_per_tissue_condition; p_values_do_not_establish_biological_replicate_significance,Tumor,False,False
cluster_tissue__C0__bone_marrow,cluster_tissue,C0,bone_marrow,Tumor_T2_vs_Control_Ctrl,2090,2533,Kifap3,2.1022549,0.6098886,0.0355309591853334,0.2048164962223163,0.0215311004784689,0.025585448,0.016838536,0.0215311004784688,0.0134228187919462,False,False,False,True,True,passes_recommended_min20,exploratory_cell_level_comparison; one_sample_per_tissue_condition; p_values_do_not_establish_biological_replicate_significance,Tumor,False,False
cluster_tissue__C0__bone_marrow,cluster_tissue,C0,bone_marrow,Tumor_T2_vs_Control_Ctrl,2090,2533,C1qtnf6,2.0952516,0.6303096,0.0361486322871728,0.2069065289062558,0.0282296650717703,0.0336697,0.021881085,0.0282296650717702,0.0189498618239241,False,False,False,True,True,passes_recommended_min20,exploratory_cell_level_comparison; one_sample_per_tissue_condition; p_values_do_not_establish_biological_replicate_significance,Tumor,False,False
cluster_tissue__C0__bone_marrow,cluster_tissue,C0,bone_marrow,Tumor_T2_vs_Control_Ctrl,2090,2533,Gm12454,2.0862546,0.7864706,0.0369555624159886,0.2089644149330148,0.0153110047846889,0.01790674,0.0104206465,0.0153110047846889,0.0086853533359652,False,False,False,True,True,passes_recommended_min20,exploratory_cell_level_comparison; one_sample_per_tissue_condition; p_values_do_not_establish_biological_replicate_significance,Tumor,False,False
cluster_tissue__C0__bone_marrow,cluster_tissue,C0,bone_marrow,Tumor_T2_vs_Control_Ctrl,2090,2533,Gm16023,2.0798154,1.00137,0.037542468719672,0.211052761453583,0.0110047846889952,0.0124305105,0.006228669,0.0110047846889952,0.0055270430319778,True,False,False,True,True,passes_recommended_min20,exploratory_cell_level_comparison; one_sample_per_tissue_condition; p_values_do_not_establish_biological_replicate_significance,Tumor,False,False
cluster_tissue__C0__bone_marrow,cluster_tissue,C0,bone_marrow,Tumor_T2_vs_Control_Ctrl,2090,2533,Gm17092,2.070465,0.8149217,0.0384088169453641,0.2144542526462768,0.016267942583732,0.019198183,0.01095817,0.016267942583732,0.009474930911962,False,False,False,True,True,passes_recommended_min20,exploratory_cell_level_comparison; one_sample_per_tissue_condition; p_values_do_not_establish_biological_replicate_significance,Tumor,False,False
cluster_tissue__C0__bone_marrow,cluster_tissue,C0,bone_marrow,Tumor_T2_vs_Control_Ctrl,2090,2533,Hist1h3f,2.066248,1.0142512,0.0388050648083094,0.2155388034901933,0.008133971291866,0.009131595,0.0045313393,0.008133971291866,0.0035530990919857,True,False,False,True,True,passes_recommended_min20,exploratory_cell_level_comparison; one_sample_per_tissue_condition; p_values_do_not_establish_biological_replicate_significance,Tumor,True,False
cluster_tissue__C0__bone_marrow,cluster_tissue,C0,bone_marrow,Tumor_T2_vs_Control_Ctrl,2090,2533,Degs2,2.0605364,0.9842081,0.0393472882470591,0.2165316627732769,0.0114832535885167,0.013312913,0.006751869,0.0114832535885167,0.0059218318199763,False,False,False,True,True,passes_recommended_min20,exploratory_cell_level_comparison; one_sample_per_tissue_condition; p_values_do_not_establish_biological_replicate_significance,Tumor,True,False
cluster_tissue__C0__bone_marrow,cluster_tissue,C0,bone_marrow,Tumor_T2_vs_Control_Ctrl,2090,2533,Gm17227,2.0564833,0.9356365,0.0397359571850808,0.2180980777596772,0.0114832535885167,0.013277077,0.006963395,0.0114832535885167,0.0059218318199763,False,False,False,True,True,passes_recommended_min20,exploratory_cell_level_comparison; one_sample_per_tissue_condition; p_values_do_not_establish_biological_replicate_significance,Tumor,False,False
cluster_tissue__C0__bone_marrow,cluster_tissue,C0,bone_marrow,Tumor_T2_vs_Control_Ctrl,2090,2533,Dsn1,2.0451605,0.7516921,0.0408390447611988,0.2217817084400186,0.0172248803827751,0.019911397,0.0118732555,0.0172248803827751,0.0102645084879589,False,False,False,True,True,passes_recommended_min20,exploratory_cell_level_comparison; one_sample_per_tissue_condition; p_values_do_not_establish_biological_replicate_significance,Tumor,False,False
cluster_tissue__C0__bone_marrow,cluster_tissue,C0,bone_marrow,Tumor_T2_vs_Control_Ctrl,2090,2533,4933406P04Rik,2.0403008,0.7414789,0.0413203665681054,0.2233476754213198,0.0177033492822966,0.020919226,0.012564853,0.0177033492822966,0.0106592972759573,False,False,False,True,True,passes_recommended_min20,exploratory_cell_level_comparison; one_sample_per_tissue_condition; p_values_do_not_establish_biological_replicate_significance,Tumor,False,False
cluster_tissue__C0__bone_marrow,cluster_tissue,C0,bone_marrow,Tumor_T2_vs_Control_Ctrl,2090,2533,Ptp4a1,2.0379927,0.69629455,0.0415506521763117,0.2237988181328853,0.0172248803827751,0.019257601,0.011928675,0.0172248803827751,0.0102645084879589,False,False,False,True,True,passes_recommended_min20,exploratory_cell_level_comparison; one_sample_per_tissue_condition; p_values_do_not_establish_biological_replicate_significance,Tumor,False,False
cluster_tissue__C0__bone_marrow,cluster_tissue,C0,bone_marrow,Tumor_T2_vs_Control_Ctrl,2090,2533,Gm19391,2.0333993,0.75351965,0.0420121844668541,0.2248845069301991,0.0181818181818181,0.021134142,0.012589636,0.0181818181818181,0.0110540860639557,False,False,False,True,True,passes_recommended_min20,exploratory_cell_level_comparison; one_sample_per_tissue_condition; p_values_do_not_establish_biological_replicate_significance,Tumor,False,False
cluster_tissue__C0__bone_marrow,cluster_tissue,C0,bone_marrow,Tumor_T2_vs_Control_Ctrl,2090,2533,Gm37170,2.0307288,1.0068693,0.0422825026587198,0.2253474503224747,0.0086124401913875,0.009898077,0.004937775,0.0086124401913875,0.0039478878799842,True,False,False,True,True,passes_recommended_min20,exploratory_cell_level_comparison; one_sample_per_tissue_condition; p_values_do_not_establish_biological_replicate_significance,Tumor,False,False
cluster_tissue__C0__bone_marrow,cluster_tissue,C0,bone_marrow,Tumor_T2_vs_Control_Ctrl,2090,2533,Sdc4,2.0287263,0.75773084,0.0424861621880072,0.2255992417144015,0.0196172248803827,0.025577478,0.015206099,0.0196172248803827,0.012238452427951,False,False,False,True,True,passes_recommended_min20,exploratory_cell_level_comparison; one_sample_per_tissue_condition; p_values_do_not_establish_biological_replicate_significance,Tumor,True,True
cluster_tissue__C0__bone_marrow,cluster_tissue,C0,bone_marrow,Tumor_T2_vs_Control_Ctrl,2090,2533,Adamts6,2.0285614,0.69040906,0.0425029792794464,0.2255992417144015,0.0119617224880382,0.012810219,0.007957529,0.0119617224880382,0.0063166206079747,False,False,False,True,True,passes_recommended_min20,exploratory_cell_level_comparison; one_sample_per_tissue_condition; p_values_do_not_establish_biological_replicate_significance,Tumor,False,False
cluster_tissue__C0__bone_marrow,cluster_tissue,C0,bone_marrow,Tumor_T2_vs_Control_Ctrl,2090,2533,B630019A10Rik,2.0188055,0.90389115,0.0435074439939917,0.2294732710904062,0.0124401913875598,0.013889967,0.007447394,0.0124401913875598,0.0067114093959731,False,False,False,True,True,passes_recommended_min20,exploratory_cell_level_comparison; one_sample_per_tissue_condition; p_values_do_not_establish_biological_replicate_significance,Tumor,False,False
cluster_tissue__C0__bone_marrow,cluster_tissue,C0,bone_marrow,Tumor_T2_vs_Control_Ctrl,2090,2533,Gm43387,2.0137806,0.6679883,0.0440325704857239,0.231328176800923,0.0200956937799043,0.023721624,0.014995493,0.0200956937799042,0.0126332412159494,False,False,False,True,True,passes_recommended_min20,exploratory_cell_level_comparison; one_sample_per_tissue_condition; p_values_do_not_establish_biological_replicate_significance,Tumor,False,False
cluster_tissue__C0__bone_marrow,cluster_tissue,C0,bone_marrow,Tumor_T2_vs_Control_Ctrl,2090,2533,Lrrc8b,2.0092208,0.6567186,0.0445137287116908,0.2329741069591522,0.0191387559808612,0.02279097,0.014516871,0.0191387559808612,0.0118436636399526,False,False,False,True,True,passes_recommended_min20,exploratory_cell_level_comparison; one_sample_per_tissue_condition; p_values_do_not_establish_biological_replicate_significance,Tumor,False,False
cluster_tissue__C0__bone_marrow,cluster_tissue,C0,bone_marrow,Tumor_T2_vs_Control_Ctrl,2090,2533,Klrb1b,2.0034163,0.8364819,0.0451326143489254,0.2353099290885807,0.0129186602870813,0.01720017,0.009668648,0.0129186602870813,0.0071061981839715,False,False,False,True,True,passes_recommended_min20,exploratory_cell_level_comparison; one_sample_per_tissue_condition; p_values_do_not_establish_biological_replicate_significance,Tumor,False,False
cluster_tissue__C0__bone_marrow,cluster_tissue,C0,bone_marrow,Tumor_T2_vs_Control_Ctrl,2090,2533,Gm26640,1.9982749,0.93594646,0.0456868597147362,0.2371005803289084,0.009090909090909,0.010819484,0.0056699375,0.009090909090909,0.0043426766679826,False,False,False,True,True,passes_recommended_min20,exploratory_cell_level_comparison; one_sample_per_tissue_condition; p_values_do_not_establish_biological_replicate_significance,Tumor,False,False
cluster_tissue__C0__bone_marrow,cluster_tissue,C0,bone_marrow,Tumor_T2_vs_Control_Ctrl,2090,2533,A430078I02Rik,1.996683,0.97608685,0.0458596351211213,0.2377165204103215,0.009090909090909,0.010303093,0.0052509117,0.009090909090909,0.0043426766679826,False,False,False,True,True,passes_recommended_min20,exploratory_cell_level_comparison; one_sample_per_tissue_condition; p_values_do_not_establish_biological_replicate_significance,Tumor,False,False
cluster_tissue__C0__bone_marrow,cluster_tissue,C0,bone_marrow,Tumor_T2_vs_Control_Ctrl,2090,2533,Ciita,1.9891411,0.9188799,0.0466856326109453,0.2401811475211123,0.0138755980861244,0.017414322,0.009248541,0.0138755980861244,0.0078957757599684,False,False,False,True,True,passes_recommended_min20,exploratory_cell_level_comparison; one_sample_per_tissue_condition; p_values_do_not_establish_biological_replicate_significance,Tumor,True,True
cluster_tissue__C0__bone_marrow,cluster_tissue,C0,bone_marrow,Tumor_T2_vs_Control_Ctrl,2090,2533,Zfp580,1.9846021,0.5881736,0.047188761906898,0.2416046494945307,0.024401913875598,0.027658047,0.018482625,0.024401913875598,0.0161863403079352,False,False,False,True,True,passes_recommended_min20,exploratory_cell_level_comparison; one_sample_per_tissue_condition; p_values_do_not_establish_biological_replicate_significance,Tumor,False,False
cluster_tissue__C0__bone_marrow,cluster_tissue,C0,bone_marrow,Tumor_T2_vs_Control_Ctrl,2090,2533,Zfp772,1.9727943,0.71147776,0.0485190052101009,0.2459371903048822,0.0133971291866028,0.01539721,0.009431137,0.0133971291866028,0.0075009869719699,False,False,False,True,True,passes_recommended_min20,exploratory_cell_level_comparison; one_sample_per_tissue_condition; p_values_do_not_establish_biological_replicate_significance,Tumor,True,False
cluster_tissue__C0__bone_marrow,cluster_tissue,C0,bone_marrow,Tumor_T2_vs_Control_Ctrl,2090,2533,Rps6kc1,1.9719551,0.8635187,0.0486147389084892,0.2463054435677018,0.0143540669856459,0.01763192,0.009729142,0.0143540669856459,0.0082905645479668,False,False,False,True,True,passes_recommended_min20,exploratory_cell_level_comparison; one_sample_per_tissue_condition; p_values_do_not_establish_biological_replicate_significance,Tumor,False,False
cluster_tissue__C0__bone_marrow,cluster_tissue,C0,bone_marrow,Tumor_T2_vs_Control_Ctrl,2090,2533,Xkrx,1.9648765,1.9906849,0.0494285342279508,0.2488621163152576,0.0033492822966507,0.0038557616,0.00097158446,0.0033492822966507,0.0007895775759968,True,False,False,True,True,passes_recommended_min20,exploratory_cell_level_comparison; one_sample_per_tissue_condition; p_values_do_not_establish_biological_replicate_significance,Tumor,False,False
cluster_tissue__C0__bone_marrow,cluster_tissue,C0,bone_marrow,Tumor_T2_vs_Control_Ctrl,2090,2533,Mxd4,-13.078911,-0.7052864,4.3462369533869925e-39,2.016276012723444e-36,0.5856459330143541,0.86010224,1.1703072,0.5856459330143463,0.7260165811290689,False,False,True,True,True,passes_recommended_min20,exploratory_cell_level_comparison; one_sample_per_tissue_condition; p_values_do_not_establish_biological_replicate_significance,Control,False,False
cluster_tissue__C0__bone_marrow,cluster_tissue,C0,bone_marrow,Tumor_T2_vs_Control_Ctrl,2090,2533,Sfpq,-10.578219,-0.5991441,3.7603577497394046e-26,8.188370855044786e-24,0.5253588516746411,0.73686266,0.9746338,0.5253588516746345,0.6454796683774018,False,False,True,True,True,passes_recommended_min20,exploratory_cell_level_comparison; one_sample_per_tissue_condition; p_values_do_not_establish_biological_replicate_significance,Control,False,False
cluster_tissue__C0__bone_marrow,cluster_tissue,C0,bone_marrow,Tumor_T2_vs_Control_Ctrl,2090,2533,Pink1,-8.630239,-0.96379524,6.1224013060666314e-18,8.269116700725437e-16,0.1215311004784689,0.14759324,0.27017954,0.1215311004784693,0.2171338333991326,False,False,True,True,True,passes_recommended_min20,exploratory_cell_level_comparison; one_sample_per_tissue_condition; p_values_do_not_establish_biological_replicate_significance,Control,True,False
cluster_tissue__C0__bone_marrow,cluster_tissue,C0,bone_marrow,Tumor_T2_vs_Control_Ctrl,2090,2533,Xlr,-8.072768,-3.9143474,6.872217905219415e-16,8.428340810194385e-14,0.0028708133971291,0.0031208042,0.046051327,0.0028708133971291,0.0378997236478484,False,False,True,True,True,passes_recommended_min20,exploratory_cell_level_comparison; one_sample_per_tissue_condition; p_values_do_not_establish_biological_replicate_significance,Control,False,False
cluster_tissue__C0__bone_marrow,cluster_tissue,C0,bone_marrow,Tumor_T2_vs_Control_Ctrl,2090,2533,Hsph1,-7.7532554,-1.0265374,8.956613844219632e-15,1.0166709544449306e-12,0.0832535885167464,0.10170104,0.19727558,0.0832535885167464,0.1587050927753659,False,False,True,True,True,passes_recommended_min20,exploratory_cell_level_comparison; one_sample_per_tissue_condition; p_values_do_not_establish_biological_replicate_significance,Control,True,False
cluster_tissue__C0__bone_marrow,cluster_tissue,C0,bone_marrow,Tumor_T2_vs_Control_Ctrl,2090,2533,Safb,-7.3692784,-0.60245687,1.7155381633573545e-13,1.7600761733675934e-11,0.2631578947368421,0.33023167,0.46630627,0.2631578947368401,0.3564942755625762,False,False,True,True,True,passes_recommended_min20,exploratory_cell_level_comparison; one_sample_per_tissue_condition; p_values_do_not_establish_biological_replicate_significance,Control,False,False
cluster_tissue__C0__bone_marrow,cluster_tissue,C0,bone_marrow,Tumor_T2_vs_Control_Ctrl,2090,2533,Banp,-6.7200193,-0.99511033,1.817006926721932e-11,1.5635051538808883e-09,0.0679425837320574,0.07895709,0.15165587,0.0679425837320573,0.1275167785234905,False,False,True,True,True,passes_recommended_min20,exploratory_cell_level_comparison; one_sample_per_tissue_condition; p_values_do_not_establish_biological_replicate_significance,Control,False,False
cluster_tissue__C0__bone_marrow,cluster_tissue,C0,bone_marrow,Tumor_T2_vs_Control_Ctrl,2090,2533,Gbp8,-6.223082,-0.686728,4.874815465201132e-10,3.538386463516741e-08,0.1578947368421052,0.18734813,0.28642547,0.1578947368421052,0.225819186735098,False,False,True,True,True,passes_recommended_min20,exploratory_cell_level_comparison; one_sample_per_tissue_condition; p_values_do_not_establish_biological_replicate_significance,Control,False,False
cluster_tissue__C0__bone_marrow,cluster_tissue,C0,bone_marrow,Tumor_T2_vs_Control_Ctrl,2090,2533,Slc15a2,-6.15626,-2.7293215,7.448293759743613e-10,5.228506211609497e-08,0.0043062200956937,0.005273398,0.03446189,0.0043062200956937,0.0280300039478878,False,False,True,True,True,passes_recommended_min20,exploratory_cell_level_comparison; one_sample_per_tissue_condition; p_values_do_not_establish_biological_replicate_significance,Control,False,False
cluster_tissue__C0__bone_marrow,cluster_tissue,C0,bone_marrow,Tumor_T2_vs_Control_Ctrl,2090,2533,Rpain,-5.574894,-0.87756103,2.4768038738692648e-08,1.4208331900099492e-06,0.0655502392344497,0.0748016,0.1333948,0.0655502392344496,0.112120015791552,False,False,True,True,True,passes_recommended_min20,exploratory_cell_level_comparison; one_sample_per_tissue_condition; p_values_do_not_establish_biological_replicate_significance,Control,False,False
cluster_tissue__C0__bone_marrow,cluster_tissue,C0,bone_marrow,Tumor_T2_vs_Control_Ctrl,2090,2533,Ahsa2,-5.4562473,-0.6295989,4.863022523726134e-08,2.6206288044524166e-06,0.1334928229665072,0.15662168,0.23295231,0.1334928229665075,0.1910777733912367,False,False,True,True,True,passes_recommended_min20,exploratory_cell_level_comparison; one_sample_per_tissue_condition; p_values_do_not_establish_biological_replicate_significance,Control,False,False
cluster_tissue__C0__bone_marrow,cluster_tissue,C0,bone_marrow,Tumor_T2_vs_Control_Ctrl,2090,2533,Cd72,-5.4169087,-0.7207282,6.063827800563852e-08,3.235052131600815e-06,0.100956937799043,0.12080392,0.1919508,0.1009569377990433,0.1527832609553896,False,False,True,True,True,passes_recommended_min20,exploratory_cell_level_comparison; one_sample_per_tissue_condition; p_values_do_not_establish_biological_replicate_significance,Control,True,False
cluster_tissue__C0__bone_marrow,cluster_tissue,C0,bone_marrow,Tumor_T2_vs_Control_Ctrl,2090,2533,Ppat,-4.773287,-0.71873033,1.812433538002616e-06,7.270175131762372e-05,0.0822966507177033,0.09378406,0.14998147,0.0822966507177034,0.1235688906435063,False,False,True,True,True,passes_recommended_min20,exploratory_cell_level_comparison; one_sample_per_tissue_condition; p_values_do_not_establish_biological_replicate_significance,Control,True,False
cluster_tissue__C0__bone_marrow,cluster_tissue,C0,bone_marrow,Tumor_T2_vs_Control_Ctrl,2090,2533,3830403N18Rik,-4.7083974,-2.6320093,2.4967206368180145e-06,9.722631093010296e-05,0.0033492822966507,0.004012552,0.02461782,0.0033492822966507,0.0181602842479273,False,False,True,True,True,passes_recommended_min20,exploratory_cell_level_comparison; one_sample_per_tissue_condition; p_values_do_not_establish_biological_replicate_significance,Control,False,False
cluster_tissue__C0__bone_marrow,cluster_tissue,C0,bone_marrow,Tumor_T2_vs_Control_Ctrl,2090,2533,Nup35,-4.6642556,-0.70568687,3.0973618736692978e-06,0.0001180316114001,0.0688995215311004,0.08017662,0.12764244,0.0688995215311003,0.1081721279115677,False,False,True,True,True,passes_recommended_min20,exploratory_cell_level_comparison; one_sample_per_tissue_condition; p_values_do_not_establish_biological_replicate_significance,Control,True,False
cluster_tissue__C0__bone_marrow,cluster_tissue,C0,bone_marrow,Tumor_T2_vs_Control_Ctrl,2090,2533,Spast,-4.5642495,-0.58792746,5.012848157448382e-06,0.0001800912115824,0.0952153110047846,0.11348589,0.16605239,0.0952153110047848,0.1385708645874463,False,False,True,True,True,passes_recommended_min20,exploratory_cell_level_comparison; one_sample_per_tissue_condition; p_values_do_not_establish_biological_replicate_significance,Control,False,False
cluster_tissue__C0__bone_marrow,cluster_tissue,C0,bone_marrow,Tumor_T2_vs_Control_Ctrl,2090,2533,Zfp874a,-4.5269527,-1.3041595,5.984030395723316e-06,0.0002114225308687,0.0153110047846889,0.017863128,0.043545507,0.0153110047846889,0.0371101460718515,False,False,True,True,True,passes_recommended_min20,exploratory_cell_level_comparison; one_sample_per_tissue_condition; p_values_do_not_establish_biological_replicate_significance,Control,True,False
cluster_tissue__C0__bone_marrow,cluster_tissue,C0,bone_marrow,Tumor_T2_vs_Control_Ctrl,2090,2533,Dtx1,-4.335372,-0.7221126,1.455137201464704e-05,0.0004621787428564,0.0574162679425837,0.06998417,0.11295468,0.0574162679425835,0.091590998815634,False,False,True,True,True,passes_recommended_min20,exploratory_cell_level_comparison; one_sample_per_tissue_condition; p_values_do_not_establish_biological_replicate_significance,Control,True,False
cluster_tissue__C0__bone_marrow,cluster_tissue,C0,bone_marrow,Tumor_T2_vs_Control_Ctrl,2090,2533,Stmn1,-4.2731495,-1.180045,1.9273102646068555e-05,0.0005892378373454,0.0215311004784689,0.025249822,0.056324054,0.0215311004784688,0.0442163442558231,False,False,True,True,True,passes_recommended_min20,exploratory_cell_level_comparison; one_sample_per_tissue_condition; p_values_do_not_establish_biological_replicate_significance,Control,True,False
cluster_tissue__C0__bone_marrow,cluster_tissue,C0,bone_marrow,Tumor_T2_vs_Control_Ctrl,2090,2533,Apip,-4.162041,-0.74099356,3.1541562962542775e-05,0.0008927015300008,0.0459330143540669,0.0543334,0.08921997,0.0459330143540668,0.075799447295697,False,False,True,True,True,passes_recommended_min20,exploratory_cell_level_comparison; one_sample_per_tissue_condition; p_values_do_not_establish_biological_replicate_significance,Control,True,False
cluster_tissue__C0__bone_marrow,cluster_tissue,C0,bone_marrow,Tumor_T2_vs_Control_Ctrl,2090,2533,Srprb,-4.0510836,-0.6076519,5.098102259733135e-05,0.0013633270955226,0.0784688995215311,0.090217546,0.13441142,0.0784688995215311,0.1133043821555472,False,False,True,True,True,passes_recommended_min20,exploratory_cell_level_comparison; one_sample_per_tissue_condition; p_values_do_not_establish_biological_replicate_significance,Control,True,False
cluster_tissue__C0__bone_marrow,cluster_tissue,C0,bone_marrow,Tumor_T2_vs_Control_Ctrl,2090,2533,Vill,-3.9699156,-1.9007814,7.189808542114876e-05,0.001830913058338,0.0043062200956937,0.0054425653,0.020173915,0.0043062200956937,0.0165811290959336,False,False,True,True,True,passes_recommended_min20,exploratory_cell_level_comparison; one_sample_per_tissue_condition; p_values_do_not_establish_biological_replicate_significance,Control,False,False
cluster_tissue__C0__bone_marrow,cluster_tissue,C0,bone_marrow,Tumor_T2_vs_Control_Ctrl,2090,2533,Cryzl2,-3.856571,-2.244872,0.0001149887159182,0.0027286453541123,0.0028708133971291,0.0034256973,0.016134618,0.0028708133971291,0.0134228187919462,False,False,True,True,True,passes_recommended_min20,exploratory_cell_level_comparison; one_sample_per_tissue_condition; p_values_do_not_establish_biological_replicate_significance,Control,False,False
cluster_tissue__C0__bone_marrow,cluster_tissue,C0,bone_marrow,Tumor_T2_vs_Control_Ctrl,2090,2533,Dhx29,-3.8289993,-0.63797593,0.0001286654382075,0.0030106583896373,0.0645933014354067,0.07506764,0.1144998,0.0645933014354065,0.0947493091196213,False,False,True,True,True,passes_recommended_min20,exploratory_cell_level_comparison; one_sample_per_tissue_condition; p_values_do_not_establish_biological_replicate_significance,Control,False,False
cluster_tissue__C0__bone_marrow,cluster_tissue,C0,bone_marrow,Tumor_T2_vs_Control_Ctrl,2090,2533,Nutf2-ps1,-3.7876868,-1.2156559,0.0001520562939315,0.0035117763122287,0.0114832535885167,0.013020681,0.029983753,0.0114832535885167,0.027240426371891,False,False,True,True,True,passes_recommended_min20,exploratory_cell_level_comparison; one_sample_per_tissue_condition; p_values_do_not_establish_biological_replicate_significance,Control,False,False
cluster_tissue__C0__bone_marrow,cluster_tissue,C0,bone_marrow,Tumor_T2_vs_Control_Ctrl,2090,2533,Bbc3,-3.67621,-0.6917825,0.0002367247531538,0.0050821994288758,0.04688995215311,0.054489583,0.08659774,0.0468899521531099,0.0726411369917096,False,False,True,True,True,passes_recommended_min20,exploratory_cell_level_comparison; one_sample_per_tissue_condition; p_values_do_not_establish_biological_replicate_significance,Control,True,False
cluster_tissue__C0__bone_marrow,cluster_tissue,C0,bone_marrow,Tumor_T2_vs_Control_Ctrl,2090,2533,Zdhhc12,-3.6083016,-0.67484325,0.0003082080812799,0.0063732174946836,0.0459330143540669,0.05294249,0.08323386,0.0459330143540668,0.0710619818397159,False,False,True,True,True,passes_recommended_min20,exploratory_cell_level_comparison; one_sample_per_tissue_condition; p_values_do_not_establish_biological_replicate_significance,Control,False,False
cluster_tissue__C0__bone_marrow,cluster_tissue,C0,bone_marrow,Tumor_T2_vs_Control_Ctrl,2090,2533,Atg16l2,-3.5372674,-0.67204255,0.0004042901761275,0.008048089886718,0.0511961722488038,0.05894796,0.092348464,0.0511961722488037,0.0761942360836954,False,False,True,True,True,passes_recommended_min20,exploratory_cell_level_comparison; one_sample_per_tissue_condition; p_values_do_not_establish_biological_replicate_significance,Control,True,False
cluster_tissue__C0__bone_marrow,cluster_tissue,C0,bone_marrow,Tumor_T2_vs_Control_Ctrl,2090,2533,Exog,-3.5325487,-0.9324207,0.0004115746153741,0.0081474974880193,0.0200956937799043,0.023245033,0.043904148,0.0200956937799042,0.0378997236478484,False,False,True,True,True,passes_recommended_min20,exploratory_cell_level_comparison; one_sample_per_tissue_condition; p_values_do_not_establish_biological_replicate_significance,Control,False,False
cluster_tissue__C0__bone_marrow,cluster_tissue,C0,bone_marrow,Tumor_T2_vs_Control_Ctrl,2090,2533,Cenps,-3.5138698,-1.8578097,0.0004416292649575,0.0085988763815646,0.0043062200956937,0.0048357937,0.017417552,0.0043062200956937,0.0146071851559415,False,False,True,True,True,passes_recommended_min20,exploratory_cell_level_comparison; one_sample_per_tissue_condition; p_values_do_not_establish_biological_replicate_significance,Control,True,False
cluster_tissue__C0__bone_marrow,cluster_tissue,C0,bone_marrow,Tumor_T2_vs_Control_Ctrl,2090,2533,Cep85,-3.4957674,-0.64566314,0.0004727007192777,0.0090551466332014,0.0583732057416267,0.06715097,0.10315433,0.0583732057416266,0.0844848006316623,False,False,True,True,True,passes_recommended_min20,exploratory_cell_level_comparison; one_sample_per_tissue_condition; p_values_do_not_establish_biological_replicate_significance,Control,False,False
cluster_tissue__C0__bone_marrow,cluster_tissue,C0,bone_marrow,Tumor_T2_vs_Control_Ctrl,2090,2533,Dcxr,-3.4876406,-0.6883596,0.0004873027463911,0.0093014674490051,0.0416267942583732,0.049085435,0.07795332,0.0416267942583731,0.0651401500197396,False,False,True,True,True,passes_recommended_min20,exploratory_cell_level_comparison; one_sample_per_tissue_condition; p_values_do_not_establish_biological_replicate_significance,Control,True,False
cluster_tissue__C0__bone_marrow,cluster_tissue,C0,bone_marrow,Tumor_T2_vs_Control_Ctrl,2090,2533,Ccdc90b,-3.4512994,-0.83196104,0.0005578943714961,0.0102988459236407,0.0277511961722488,0.031131392,0.05476155,0.0277511961722487,0.0473746545598105,False,False,True,True,True,passes_recommended_min20,exploratory_cell_level_comparison; one_sample_per_tissue_condition; p_values_do_not_establish_biological_replicate_significance,Control,False,False
cluster_tissue__C0__bone_marrow,cluster_tissue,C0,bone_marrow,Tumor_T2_vs_Control_Ctrl,2090,2533,Cdk5rap1,-3.4403718,-1.0393451,0.0005809156989518,0.0106106493834035,0.0153110047846889,0.017713618,0.03607255,0.0153110047846889,0.0307935254638767,False,False,True,True,True,passes_recommended_min20,exploratory_cell_level_comparison; one_sample_per_tissue_condition; p_values_do_not_establish_biological_replicate_significance,Control,False,False
cluster_tissue__C0__bone_marrow,cluster_tissue,C0,bone_marrow,Tumor_T2_vs_Control_Ctrl,2090,2533,Gm26520,-3.4101508,-1.4323306,0.0006492698535524,0.0116628103323301,0.0057416267942583,0.0070091225,0.018804908,0.0057416267942583,0.0165811290959336,False,False,True,True,True,passes_recommended_min20,exploratory_cell_level_comparison; one_sample_per_tissue_condition; p_values_do_not_establish_biological_replicate_significance,Control,False,False
cluster_tissue__C0__bone_marrow,cluster_tissue,C0,bone_marrow,Tumor_T2_vs_Control_Ctrl,2090,2533,Sord,-3.3906474,-1.1579148,0.0006972772442051,0.0122771422370781,0.0110047846889952,0.012210925,0.027044808,0.0110047846889952,0.024476904855902,False,False,True,True,True,passes_recommended_min20,exploratory_cell_level_comparison; one_sample_per_tissue_condition; p_values_do_not_establish_biological_replicate_significance,Control,True,False
cluster_tissue__C0__bone_marrow,cluster_tissue,C0,bone_marrow,Tumor_T2_vs_Control_Ctrl,2090,2533,Smim40,-3.3754413,-1.5891801,0.000736973884822,0.0128488747566188,0.0076555023923444,0.008224352,0.024543654,0.0076555023923444,0.0193446506119226,False,False,True,True,True,passes_recommended_min20,exploratory_cell_level_comparison; one_sample_per_tissue_condition; p_values_do_not_establish_biological_replicate_significance,Control,False,False
cluster_tissue__C0__bone_marrow,cluster_tissue,C0,bone_marrow,Tumor_T2_vs_Control_Ctrl,2090,2533,P4ha1,-3.3424563,-0.60396427,0.0008304043113064,0.0142221733573668,0.0454545454545454,0.053082217,0.07960449,0.0454545454545453,0.0686932491117254,False,False,True,True,True,passes_recommended_min20,exploratory_cell_level_comparison; one_sample_per_tissue_condition; p_values_do_not_establish_biological_replicate_significance,Control,True,False
cluster_tissue__C0__bone_marrow,cluster_tissue,C0,bone_marrow,Tumor_T2_vs_Control_Ctrl,2090,2533,Snx19,-3.3247344,-0.58639556,0.0008850281752183,0.0148245692772054,0.0411483253588516,0.049323343,0.07317181,0.0411483253588515,0.0635609948677459,False,False,True,True,True,passes_recommended_min20,exploratory_cell_level_comparison; one_sample_per_tissue_condition; p_values_do_not_establish_biological_replicate_significance,Control,False,False
cluster_tissue__C0__bone_marrow,cluster_tissue,C0,bone_marrow,Tumor_T2_vs_Control_Ctrl,2090,2533,Gm42722,-3.3168554,-0.8737697,0.0009103673604094,0.0151821061715306,0.0248803827751196,0.028205851,0.05109368,0.0248803827751195,0.0426371891038294,False,False,True,True,True,passes_recommended_min20,exploratory_cell_level_comparison; one_sample_per_tissue_condition; p_values_do_not_establish_biological_replicate_significance,Control,False,False
cluster_tissue__C0__bone_marrow,cluster_tissue,C0,bone_marrow,Tumor_T2_vs_Control_Ctrl,2090,2533,Pclaf,-3.315194,-1.7454885,0.0009157959993964,0.0152211007726573,0.0043062200956937,0.005569507,0.018553933,0.0043062200956937,0.0138176075799447,False,False,True,True,True,passes_recommended_min20,exploratory_cell_level_comparison; one_sample_per_tissue_condition; p_values_do_not_establish_biological_replicate_significance,Control,False,False
cluster_tissue__C0__bone_marrow,cluster_tissue,C0,bone_marrow,Tumor_T2_vs_Control_Ctrl,2090,2533,Myo19,-3.2615414,-2.07417,0.0011080825015967,0.0178557040348338,0.0023923444976076,0.0028216715,0.011828666,0.0023923444976076,0.0102645084879589,False,False,True,True,True,passes_recommended_min20,exploratory_cell_level_comparison; one_sample_per_tissue_condition; p_values_do_not_establish_biological_replicate_significance,Control,False,False
cluster_tissue__C0__bone_marrow,cluster_tissue,C0,bone_marrow,Tumor_T2_vs_Control_Ctrl,2090,2533,Gpkow,-3.2326286,-0.6776452,0.0012265687295093,0.019246306388036,0.0368421052631578,0.04250625,0.06714971,0.0368421052631578,0.0572443742597711,False,False,True,True,True,passes_recommended_min20,exploratory_cell_level_comparison; one_sample_per_tissue_condition; p_values_do_not_establish_biological_replicate_significance,Control,False,False
cluster_tissue__C0__bone_marrow,cluster_tissue,C0,bone_marrow,Tumor_T2_vs_Control_Ctrl,2090,2533,Slc6a20b,-3.2286093,-2.5984542,0.0012439368299946,0.0194901703025597,0.0014354066985645,0.0016272943,0.009815204,0.0014354066985645,0.0082905645479668,False,False,True,True,True,passes_recommended_min20,exploratory_cell_level_comparison; one_sample_per_tissue_condition; p_values_do_not_establish_biological_replicate_significance,Control,False,False
cluster_tissue__C0__bone_marrow,cluster_tissue,C0,bone_marrow,Tumor_T2_vs_Control_Ctrl,2090,2533,Hist1h1a,-3.2275422,-2.5636594,0.0012485866063708,0.0195343388416083,0.0014354066985645,0.0017131836,0.010086084,0.0014354066985645,0.0082905645479668,False,False,True,True,True,passes_recommended_min20,exploratory_cell_level_comparison; one_sample_per_tissue_condition; p_values_do_not_establish_biological_replicate_significance,Control,False,False
cluster_tissue__C0__bone_marrow,cluster_tissue,C0,bone_marrow,Tumor_T2_vs_Control_Ctrl,2090,2533,Tsc22d1,-3.1891687,-0.81558317,0.001426825431198,0.0218112139697468,0.0239234449760765,0.027706295,0.048261575,0.0239234449760765,0.0406632451638373,False,False,True,True,True,passes_recommended_min20,exploratory_cell_level_comparison; one_sample_per_tissue_condition; p_values_do_not_establish_biological_replicate_significance,Control,False,False
cluster_tissue__C0__bone_marrow,cluster_tissue,C0,bone_marrow,Tumor_T2_vs_Control_Ctrl,2090,2533,Sass6,-3.1651518,-0.7132294,0.0015500199149332,0.0233597634072574,0.0263157894736842,0.03163588,0.051353756,0.0263157894736841,0.0438215554678247,False,False,True,True,True,passes_recommended_min20,exploratory_cell_level_comparison; one_sample_per_tissue_condition; p_values_do_not_establish_biological_replicate_significance,Control,False,False
cluster_tissue__C0__bone_marrow,cluster_tissue,C0,bone_marrow,Tumor_T2_vs_Control_Ctrl,2090,2533,Zfp954,-3.160672,-0.6931618,0.0015740564819229,0.0236551868480528,0.0358851674641148,0.040984944,0.06545256,0.0358851674641147,0.055270430319779,False,False,True,True,True,passes_recommended_min20,exploratory_cell_level_comparison; one_sample_per_tissue_condition; p_values_do_not_establish_biological_replicate_significance,Control,True,False
cluster_tissue__C0__bone_marrow,cluster_tissue,C0,bone_marrow,Tumor_T2_vs_Control_Ctrl,2090,2533,Pign,-3.159697,-0.6831123,0.0015793330767056,0.0236678145062482,0.0330143540669856,0.038328983,0.06084637,0.0330143540669855,0.0521121200157916,False,False,True,True,True,passes_recommended_min20,exploratory_cell_level_comparison; one_sample_per_tissue_condition; p_values_do_not_establish_biological_replicate_significance,Control,True,False
cluster_tissue__C0__bone_marrow,cluster_tissue,C0,bone_marrow,Tumor_T2_vs_Control_Ctrl,2090,2533,As3mt,-3.1256337,-1.7614471,0.0017742241992194,0.025651723855924,0.0028708133971291,0.0037755477,0.012743197,0.0028708133971291,0.0106592972759573,False,False,True,True,True,passes_recommended_min20,exploratory_cell_level_comparison; one_sample_per_tissue_condition; p_values_do_not_establish_biological_replicate_significance,Control,False,False
cluster_tissue__C0__bone_marrow,cluster_tissue,C0,bone_marrow,Tumor_T2_vs_Control_Ctrl,2090,2533,Cd74,-3.1191583,-1.0921816,0.0018136846453885,0.0261867593589933,0.0105263157894736,0.013231138,0.028000034,0.0105263157894736,0.0225029609159099,False,False,True,True,True,passes_recommended_min20,exploratory_cell_level_comparison; one_sample_per_tissue_condition; p_values_do_not_establish_biological_replicate_significance,Control,True,False
cluster_tissue__C0__bone_marrow,cluster_tissue,C0,bone_marrow,Tumor_T2_vs_Control_Ctrl,2090,2533,Dhx32,-3.1127274,-0.64965755,0.0018536721854411,0.0265485667364523,0.0334928229665071,0.04007161,0.062167626,0.0334928229665071,0.05250690880379,False,False,True,True,True,passes_recommended_min20,exploratory_cell_level_comparison; one_sample_per_tissue_condition; p_values_do_not_establish_biological_replicate_significance,Control,False,False
cluster_tissue__C0__bone_marrow,cluster_tissue,C0,bone_marrow,Tumor_T2_vs_Control_Ctrl,2090,2533,Pxdc1,-3.0781367,-1.1701127,0.0020829942130175,0.0290910317446294,0.0124401913875598,0.014026169,0.03129068,0.0124401913875598,0.0248716936439004,False,False,True,True,True,passes_recommended_min20,exploratory_cell_level_comparison; one_sample_per_tissue_condition; p_values_do_not_establish_biological_replicate_significance,Control,False,False
cluster_tissue__C0__bone_marrow,cluster_tissue,C0,bone_marrow,Tumor_T2_vs_Control_Ctrl,2090,2533,Alg9,-3.074542,-0.8901032,0.0021082604578545,0.0292905456839947,0.0177033492822966,0.020556672,0.0377698,0.0177033492822966,0.031977891827872,False,False,True,True,True,passes_recommended_min20,exploratory_cell_level_comparison; one_sample_per_tissue_condition; p_values_do_not_establish_biological_replicate_significance,Control,True,False
cluster_tissue__C0__bone_marrow,cluster_tissue,C0,bone_marrow,Tumor_T2_vs_Control_Ctrl,2090,2533,Plod1,-3.043573,-1.3021387,0.00233786808739,0.0320630494761595,0.0062200956937799,0.0072834915,0.017865688,0.0062200956937799,0.0157915515199368,False,False,True,True,True,passes_recommended_min20,exploratory_cell_level_comparison; one_sample_per_tissue_condition; p_values_do_not_establish_biological_replicate_significance,Control,True,False
cluster_tissue__C0__bone_marrow,cluster_tissue,C0,bone_marrow,Tumor_T2_vs_Control_Ctrl,2090,2533,Krtcap3,-3.033087,-0.6109232,0.0024206582865057,0.0329444182615,0.0296650717703349,0.03607382,0.054581955,0.0296650717703348,0.0473746545598105,False,False,True,True,True,passes_recommended_min20,exploratory_cell_level_comparison; one_sample_per_tissue_condition; p_values_do_not_establish_biological_replicate_significance,Control,False,False
cluster_tissue__C0__bone_marrow,cluster_tissue,C0,bone_marrow,Tumor_T2_vs_Control_Ctrl,2090,2533,Lrrc42,-3.0305128,-0.71913636,0.0024413882175693,0.033099888540616,0.0296650717703349,0.03416624,0.055639237,0.0296650717703348,0.0469798657718121,False,False,True,True,True,passes_recommended_min20,exploratory_cell_level_comparison; one_sample_per_tissue_condition; p_values_do_not_establish_biological_replicate_significance,Control,False,False
cluster_tissue__C0__bone_marrow,cluster_tissue,C0,bone_marrow,Tumor_T2_vs_Control_Ctrl,2090,2533,Tnfsf8,-3.0285878,-0.6036337,0.0024569966803419,0.0332692316995537,0.0339712918660287,0.043531418,0.06542116,0.0339712918660286,0.05250690880379,False,False,True,True,True,passes_recommended_min20,exploratory_cell_level_comparison; one_sample_per_tissue_condition; p_values_do_not_establish_biological_replicate_significance,Control,True,False
cluster_tissue__C0__bone_marrow,cluster_tissue,C0,bone_marrow,Tumor_T2_vs_Control_Ctrl,2090,2533,Vpreb1,-3.0201907,-1.9537718,0.002526155512694,0.0339472031743644,0.0028708133971291,0.0032034228,0.012352901,0.0028708133971291,0.0102645084879589,False,False,True,True,True,passes_recommended_min20,exploratory_cell_level_comparison; one_sample_per_tissue_condition; p_values_do_not_establish_biological_replicate_significance,Control,False,False
cluster_tissue__C0__bone_marrow,cluster_tissue,C0,bone_marrow,Tumor_T2_vs_Control_Ctrl,2090,2533,6530402F18Rik,-3.016122,-0.64994043,0.0025603016091589,0.0343627901505985,0.0339712918660287,0.038708046,0.060085878,0.0339712918660286,0.0521121200157916,False,False,True,True,True,passes_recommended_min20,exploratory_cell_level_comparison; one_sample_per_tissue_condition; p_values_do_not_establish_biological_replicate_significance,Control,False,False
cluster_tissue__C0__bone_marrow,cluster_tissue,C0,bone_marrow,Tumor_T2_vs_Control_Ctrl,2090,2533,Alg10b,-3.0100057,-0.6685961,0.0026124283344247,0.0346723866617524,0.0330143540669856,0.03725514,0.058584813,0.0330143540669855,0.0509277536517963,False,False,True,True,True,passes_recommended_min20,exploratory_cell_level_comparison; one_sample_per_tissue_condition; p_values_do_not_establish_biological_replicate_significance,Control,True,False
cluster_tissue__C0__bone_marrow,cluster_tissue,C0,bone_marrow,Tumor_T2_vs_Control_Ctrl,2090,2533,Ammecr1l,-2.9581447,-0.6257807,0.0030949695189234,0.0391735762359593,0.0430622009569378,0.048379388,0.07370282,0.0430622009569377,0.0623766285037506,False,False,True,True,True,passes_recommended_min20,exploratory_cell_level_comparison; one_sample_per_tissue_condition; p_values_do_not_establish_biological_replicate_significance,Control,False,False
cluster_tissue__C0__bone_marrow,cluster_tissue,C0,bone_marrow,Tumor_T2_vs_Control_Ctrl,2090,2533,Gm19325,-2.9439285,-2.2982042,0.0032407480752618,0.040506291677406,0.0019138755980861,0.002055198,0.010067938,0.0019138755980861,0.0082905645479668,False,False,True,True,True,passes_recommended_min20,exploratory_cell_level_comparison; one_sample_per_tissue_condition; p_values_do_not_establish_biological_replicate_significance,Control,False,False
cluster_tissue__C0__bone_marrow,cluster_tissue,C0,bone_marrow,Tumor_T2_vs_Control_Ctrl,2090,2533,Mki67,-2.9369202,-1.1601818,0.0033148941300458,0.0413200004294265,0.0114832535885167,0.013603644,0.030150775,0.0114832535885167,0.0228977497039083,False,False,True,True,True,passes_recommended_min20,exploratory_cell_level_comparison; one_sample_per_tissue_condition; p_values_do_not_establish_biological_replicate_significance,Control,False,False
cluster_tissue__C0__bone_marrow,cluster_tissue,C0,bone_marrow,Tumor_T2_vs_Control_Ctrl,2090,2533,Suv39h1,-2.9008114,-0.7080814,0.00372197697914,0.045335039232219,0.0277511961722488,0.03239954,0.05239852,0.0277511961722487,0.0438215554678247,False,False,True,True,True,passes_recommended_min20,exploratory_cell_level_comparison; one_sample_per_tissue_condition; p_values_do_not_establish_biological_replicate_significance,Control,True,False
cluster_tissue__C0__bone_marrow,cluster_tissue,C0,bone_marrow,Tumor_T2_vs_Control_Ctrl,2090,2533,Nme3,-2.8946447,-1.3245592,0.0037958781662461,0.0460773834287213,0.0071770334928229,0.0073517435,0.018312067,0.0071770334928229,0.0165811290959336,False,False,True,True,True,passes_recommended_min20,exploratory_cell_level_comparison; one_sample_per_tissue_condition; p_values_do_not_establish_biological_replicate_significance,Control,True,False
cluster_tissue__C0__bone_marrow,cluster_tissue,C0,bone_marrow,Tumor_T2_vs_Control_Ctrl,2090,2533,Gfod2,-2.8658824,-1.1595726,0.0041584884661015,0.0493566760595458,0.0100478468899521,0.011076227,0.024576373,0.0100478468899521,0.0205290169759178,False,False,True,True,True,passes_recommended_min20,exploratory_cell_level_comparison; one_sample_per_tissue_condition; p_values_do_not_establish_biological_replicate_significance,Control,False,False
cluster_tissue__C0__bone_marrow,cluster_tissue,C0,bone_marrow,Tumor_T2_vs_Control_Ctrl,2090,2533,Ccsap,-2.865878,-0.679619,0.0041585428095156,0.0493566760595458,0.0287081339712918,0.033020068,0.052375823,0.0287081339712918,0.0446111330438216,False,False,True,True,True,passes_recommended_min20,exploratory_cell_level_comparison; one_sample_per_tissue_condition; p_values_do_not_establish_biological_replicate_significance,Control,False,False
cluster_tissue__C0__bone_marrow,cluster_tissue,C0,bone_marrow,Tumor_T2_vs_Control_Ctrl,2090,2533,Acat2,-2.85268,-0.6287598,0.0043352250419807,0.050664678201462,0.0349282296650717,0.03980049,0.06089001,0.0349282296650717,0.0521121200157916,False,False,False,True,True,passes_recommended_min20,exploratory_cell_level_comparison; one_sample_per_tissue_condition; p_values_do_not_establish_biological_replicate_significance,Control,True,False
cluster_tissue__C0__bone_marrow,cluster_tissue,C0,bone_marrow,Tumor_T2_vs_Control_Ctrl,2090,2533,Otud3,-2.809678,-0.9210214,0.0049591086000671,0.0557573116572352,0.0157894736842105,0.01793489,0.033691294,0.0157894736842105,0.0280300039478878,False,False,False,True,True,passes_recommended_min20,exploratory_cell_level_comparison; one_sample_per_tissue_condition; p_values_do_not_establish_biological_replicate_significance,Control,False,False
cluster_tissue__C0__bone_marrow,cluster_tissue,C0,bone_marrow,Tumor_T2_vs_Control_Ctrl,2090,2533,Zfp566,-2.7952404,-0.8259944,0.0051861125604797,0.0575216434722646,0.0157894736842105,0.018293615,0.032204397,0.0157894736842105,0.0280300039478878,False,False,False,True,True,passes_recommended_min20,exploratory_cell_level_comparison; one_sample_per_tissue_condition; p_values_do_not_establish_biological_replicate_significance,Control,True,False
cluster_tissue__C0__bone_marrow,cluster_tissue,C0,bone_marrow,Tumor_T2_vs_Control_Ctrl,2090,2533,Aqp11,-2.7840848,-1.6705533,0.0053678998974227,0.0591078347837981,0.0028708133971291,0.0033627753,0.010665886,0.0028708133971291,0.009474930911962,False,False,False,True,True,passes_recommended_min20,exploratory_cell_level_comparison; one_sample_per_tissue_condition; p_values_do_not_establish_biological_replicate_significance,Control,False,False
cluster_tissue__C0__bone_marrow,cluster_tissue,C0,bone_marrow,Tumor_T2_vs_Control_Ctrl,2090,2533,St3gal3,-2.7829669,-1.6001182,0.0053864297356467,0.0591897067758501,0.0038277511961722,0.004331508,0.0130743915,0.0038277511961722,0.0110540860639557,False,False,False,True,True,passes_recommended_min20,exploratory_cell_level_comparison; one_sample_per_tissue_condition; p_values_do_not_establish_biological_replicate_significance,Control,True,False
cluster_tissue__C0__bone_marrow,cluster_tissue,C0,bone_marrow,Tumor_T2_vs_Control_Ctrl,2090,2533,Pkmyt1,-2.7675753,-0.6706007,0.0056474986049342,0.0611764569691858,0.0258373205741626,0.029913876,0.047202554,0.0258373205741626,0.0406632451638373,False,False,False,True,True,passes_recommended_min20,exploratory_cell_level_comparison; one_sample_per_tissue_condition; p_values_do_not_establish_biological_replicate_significance,Control,True,False
cluster_tissue__C0__bone_marrow,cluster_tissue,C0,bone_marrow,Tumor_T2_vs_Control_Ctrl,2090,2533,Men1,-2.7651985,-0.5925976,0.0056888171477438,0.0613630978139499,0.038755980861244,0.045072604,0.06721246,0.0387559808612439,0.0560600078957758,False,False,False,True,True,passes_recommended_min20,exploratory_cell_level_comparison; one_sample_per_tissue_condition; p_values_do_not_establish_biological_replicate_significance,Control,True,False
cluster_tissue__C0__bone_marrow,cluster_tissue,C0,bone_marrow,Tumor_T2_vs_Control_Ctrl,2090,2533,Ulk1,-2.7519119,-0.6145022,0.0059248472145893,0.0630314625572815,0.0311004784688995,0.035851166,0.05437928,0.0311004784688994,0.0469798657718121,False,False,False,True,True,passes_recommended_min20,exploratory_cell_level_comparison; one_sample_per_tissue_condition; p_values_do_not_establish_biological_replicate_significance,Control,True,False
cluster_tissue__C0__bone_marrow,cluster_tissue,C0,bone_marrow,Tumor_T2_vs_Control_Ctrl,2090,2533,Tnfsf9,-2.7499092,-0.9050676,0.0059611788569452,0.0632264198843002,0.0114832535885167,0.013802223,0.02569278,0.0114832535885167,0.0221081721279115,False,False,False,True,True,passes_recommended_min20,exploratory_cell_level_comparison; one_sample_per_tissue_condition; p_values_do_not_establish_biological_replicate_significance,Control,True,False
cluster_tissue__C0__bone_marrow,cluster_tissue,C0,bone_marrow,Tumor_T2_vs_Control_Ctrl,2090,2533,Acad8,-2.7286491,-0.7283575,0.0063594318793326,0.0665899294921293,0.0282296650717703,0.031218758,0.051203948,0.0282296650717702,0.0430319778918279,False,False,False,True,True,passes_recommended_min20,exploratory_cell_level_comparison; one_sample_per_tissue_condition; p_values_do_not_establish_biological_replicate_significance,Control,True,False
cluster_tissue__C0__bone_marrow,cluster_tissue,C0,bone_marrow,Tumor_T2_vs_Control_Ctrl,2090,2533,Slc25a27,-2.7228644,-0.8533175,0.0064718623870151,0.0674363004584489,0.0157894736842105,0.01854068,0.03325002,0.0157894736842105,0.0276352151598894,False,False,False,True,True,passes_recommended_min20,exploratory_cell_level_comparison; one_sample_per_tissue_condition; p_values_do_not_establish_biological_replicate_significance,Control,False,False
cluster_tissue__C0__bone_marrow,cluster_tissue,C0,bone_marrow,Tumor_T2_vs_Control_Ctrl,2090,2533,S100a9,-2.6988795,-1.0316296,0.0069573356302495,0.0706325130111917,0.009090909090909,0.011585808,0.023543643,0.009090909090909,0.0185550730359257,False,False,False,True,True,passes_recommended_min20,exploratory_cell_level_comparison; one_sample_per_tissue_condition; p_values_do_not_establish_biological_replicate_significance,Control,True,False
cluster_tissue__C0__bone_marrow,cluster_tissue,C0,bone_marrow,Tumor_T2_vs_Control_Ctrl,2090,2533,Dck,-2.6946034,-0.624449,0.0070472443528179,0.071341648239628,0.0277511961722488,0.032553602,0.049752705,0.0277511961722487,0.0426371891038294,False,False,False,True,True,passes_recommended_min20,exploratory_cell_level_comparison; one_sample_per_tissue_condition; p_values_do_not_establish_biological_replicate_significance,Control,True,False
cluster_tissue__C0__bone_marrow,cluster_tissue,C0,bone_marrow,Tumor_T2_vs_Control_Ctrl,2090,2533,Apbb3,-2.6794696,-0.60008913,0.0073738923421804,0.0733662497570387,0.0301435406698564,0.03491345,0.052456636,0.0301435406698564,0.0454007106198184,False,False,False,True,True,passes_recommended_min20,exploratory_cell_level_comparison; one_sample_per_tissue_condition; p_values_do_not_establish_biological_replicate_significance,Control,False,False
cluster_tissue__C0__bone_marrow,cluster_tissue,C0,bone_marrow,Tumor_T2_vs_Control_Ctrl,2090,2533,Tgtp1,-2.6722884,-1.0455661,0.0075335865346629,0.0740860537556257,0.0100478468899521,0.011501832,0.02359823,0.0100478468899521,0.019739439399921,False,False,False,True,True,passes_recommended_min20,exploratory_cell_level_comparison; one_sample_per_tissue_condition; p_values_do_not_establish_biological_replicate_significance,Control,False,False
cluster_tissue__C0__bone_marrow,cluster_tissue,C0,bone_marrow,Tumor_T2_vs_Control_Ctrl,2090,2533,S100a8,-2.6712449,-1.2595414,0.0075570497450741,0.0741650804432353,0.0043062200956937,0.006138658,0.014634743,0.0043062200956937,0.0114488748519541,False,False,False,True,True,passes_recommended_min20,exploratory_cell_level_comparison; one_sample_per_tissue_condition; p_values_do_not_establish_biological_replicate_significance,Control,True,False
cluster_tissue__C0__bone_marrow,cluster_tissue,C0,bone_marrow,Tumor_T2_vs_Control_Ctrl,2090,2533,Foxo4,-2.6471615,-0.6939791,0.0081170581549289,0.0779111369655012,0.0220095693779904,0.025379553,0.040741608,0.0220095693779904,0.0351362021318594,False,False,False,True,True,passes_recommended_min20,exploratory_cell_level_comparison; one_sample_per_tissue_condition; p_values_do_not_establish_biological_replicate_significance,Control,True,False
cluster_tissue__C0__bone_marrow,cluster_tissue,C0,bone_marrow,Tumor_T2_vs_Control_Ctrl,2090,2533,Smim13,-2.634543,-0.6341364,0.0084250670617663,0.0800446444849461,0.0306220095693779,0.034610774,0.053215224,0.0306220095693779,0.0454007106198184,False,False,False,True,True,passes_recommended_min20,exploratory_cell_level_comparison; one_sample_per_tissue_condition; p_values_do_not_establish_biological_replicate_significance,Control,False,False
cluster_tissue__C0__bone_marrow,cluster_tissue,C0,bone_marrow,Tumor_T2_vs_Control_Ctrl,2090,2533,Gzma,-2.6177316,-0.8723767,0.0088516380327848,0.0830153004923748,0.0119617224880382,0.014643341,0.026646268,0.0119617224880382,0.0221081721279115,False,False,False,True,True,passes_recommended_min20,exploratory_cell_level_comparison; one_sample_per_tissue_condition; p_values_do_not_establish_biological_replicate_significance,Control,True,False
cluster_tissue__C0__bone_marrow,cluster_tissue,C0,bone_marrow,Tumor_T2_vs_Control_Ctrl,2090,2533,Rasgef1a,-2.614281,-1.1621125,0.0089415465742448,0.0837311803553075,0.0057416267942583,0.006814126,0.015185173,0.0057416267942583,0.0134228187919462,False,False,False,True,True,passes_recommended_min20,exploratory_cell_level_comparison; one_sample_per_tissue_condition; p_values_do_not_establish_biological_replicate_significance,Control,False,False
cluster_tissue__C0__bone_marrow,cluster_tissue,C0,bone_marrow,Tumor_T2_vs_Control_Ctrl,2090,2533,Klc3,-2.6088552,-0.9312333,0.0090845652045354,0.0845444760683139,0.0129186602870813,0.014451446,0.027379366,0.0129186602870813,0.0232925384919068,False,False,False,True,True,passes_recommended_min20,exploratory_cell_level_comparison; one_sample_per_tissue_condition; p_values_do_not_establish_biological_replicate_significance,Control,True,False
cluster_tissue__C0__bone_marrow,cluster_tissue,C0,bone_marrow,Tumor_T2_vs_Control_Ctrl,2090,2533,A930037H05Rik,-2.6087134,-0.9506149,0.0090883330881308,0.0845444760683139,0.0129186602870813,0.01441088,0.027667215,0.0129186602870813,0.0232925384919068,False,False,False,True,True,passes_recommended_min20,exploratory_cell_level_comparison; one_sample_per_tissue_condition; p_values_do_not_establish_biological_replicate_significance,Control,False,False
cluster_tissue__C0__bone_marrow,cluster_tissue,C0,bone_marrow,Tumor_T2_vs_Control_Ctrl,2090,2533,Serpina3f,-2.5930614,-0.60698026,0.0095125802451219,0.08697449118719,0.0330143540669856,0.043990713,0.06625245,0.0330143540669855,0.0481642321358074,False,False,False,True,True,passes_recommended_min20,exploratory_cell_level_comparison; one_sample_per_tissue_condition; p_values_do_not_establish_biological_replicate_significance,Control,False,False
cluster_tissue__C0__bone_marrow,cluster_tissue,C0,bone_marrow,Tumor_T2_vs_Control_Ctrl,2090,2533,Il1rap,-2.5899627,-0.7781766,0.009598635241842,0.0875362718209014,0.0172248803827751,0.020517752,0.03493329,0.0172248803827751,0.0288195815238846,False,False,False,True,True,passes_recommended_min20,exploratory_cell_level_comparison; one_sample_per_tissue_condition; p_values_do_not_establish_biological_replicate_significance,Control,True,False
cluster_tissue__C0__bone_marrow,cluster_tissue,C0,bone_marrow,Tumor_T2_vs_Control_Ctrl,2090,2533,Asf1b,-2.58734,-0.70282775,0.0096720100327872,0.0879798355071099,0.0153110047846889,0.019199168,0.031064715,0.0153110047846889,0.0264508487958941,False,False,False,True,True,passes_recommended_min20,exploratory_cell_level_comparison; one_sample_per_tissue_condition; p_values_do_not_establish_biological_replicate_significance,Control,False,False
cluster_tissue__C0__bone_marrow,cluster_tissue,C0,bone_marrow,Tumor_T2_vs_Control_Ctrl,2090,2533,Prune1,-2.582455,-0.81778073,0.0098100156180236,0.0887997325030846,0.0138755980861244,0.016274713,0.02851168,0.0138755980861244,0.024476904855902,False,False,False,True,True,passes_recommended_min20,exploratory_cell_level_comparison; one_sample_per_tissue_condition; p_values_do_not_establish_biological_replicate_significance,Control,True,False
cluster_tissue__C0__bone_marrow,cluster_tissue,C0,bone_marrow,Tumor_T2_vs_Control_Ctrl,2090,2533,Gm45464,-2.582193,-2.225048,0.009817467575802,0.0887997325030846,0.0014354066985645,0.001641096,0.007649529,0.0014354066985645,0.0063166206079747,False,False,False,True,True,passes_recommended_min20,exploratory_cell_level_comparison; one_sample_per_tissue_condition; p_values_do_not_establish_biological_replicate_significance,Control,False,False
cluster_tissue__C0__bone_marrow,cluster_tissue,C0,bone_marrow,Tumor_T2_vs_Control_Ctrl,2090,2533,Natd1,-2.5731366,-0.82539254,0.0100781407019587,0.0905166340824071,0.0177033492822966,0.019316036,0.033977248,0.0177033492822966,0.0292143703118831,False,False,False,True,True,passes_recommended_min20,exploratory_cell_level_comparison; one_sample_per_tissue_condition; p_values_do_not_establish_biological_replicate_significance,Control,False,False
cluster_tissue__C0__bone_marrow,cluster_tissue,C0,bone_marrow,Tumor_T2_vs_Control_Ctrl,2090,2533,Ulbp1,-2.5543456,-0.6504407,0.0106387626936606,0.0945175669786503,0.0320574162679425,0.036459144,0.056648783,0.0320574162679425,0.0465850769838137,False,False,False,True,True,passes_recommended_min20,exploratory_cell_level_comparison; one_sample_per_tissue_condition; p_values_do_not_establish_biological_replicate_significance,Control,True,False
cluster_tissue__C0__bone_marrow,cluster_tissue,C0,bone_marrow,Tumor_T2_vs_Control_Ctrl,2090,2533,Fes,-2.5475073,-1.3415515,0.0108495574738445,0.0960703553908064,0.0038277511961722,0.0047485204,0.011990324,0.0038277511961722,0.0102645084879589,False,False,False,True,True,passes_recommended_min20,exploratory_cell_level_comparison; one_sample_per_tissue_condition; p_values_do_not_establish_biological_replicate_significance,Control,True,False
cluster_tissue__C0__bone_marrow,cluster_tissue,C0,bone_marrow,Tumor_T2_vs_Control_Ctrl,2090,2533,Itgae,-2.546161,-1.3470267,0.0108914984490309,0.0962819291227506,0.0038277511961722,0.0047556204,0.012053571,0.0038277511961722,0.0102645084879589,False,False,False,True,True,passes_recommended_min20,exploratory_cell_level_comparison; one_sample_per_tissue_condition; p_values_do_not_establish_biological_replicate_significance,Control,True,False
cluster_tissue__C0__bone_marrow,cluster_tissue,C0,bone_marrow,Tumor_T2_vs_Control_Ctrl,2090,2533,1500004A13Rik,-2.5328326,-0.8002471,0.0113144946314038,0.0994445285972648,0.0143540669856459,0.016811874,0.029096227,0.0143540669856459,0.0248716936439004,False,False,False,True,True,passes_recommended_min20,exploratory_cell_level_comparison; one_sample_per_tissue_condition; p_values_do_not_establish_biological_replicate_significance,Control,False,False
cluster_tissue__C0__bone_marrow,cluster_tissue,C0,bone_marrow,Tumor_T2_vs_Control_Ctrl,2090,2533,2200002D01Rik,-2.523628,-1.0914482,0.0116150790822489,0.1006765993562929,0.009090909090909,0.010280529,0.021780623,0.009090909090909,0.0177654954599289,False,False,False,True,True,passes_recommended_min20,exploratory_cell_level_comparison; one_sample_per_tissue_condition; p_values_do_not_establish_biological_replicate_significance,Control,False,False
cluster_tissue__C0__bone_marrow,cluster_tissue,C0,bone_marrow,Tumor_T2_vs_Control_Ctrl,2090,2533,Chek2,-2.5186737,-1.3178736,0.0117797800150591,0.1015562273378546,0.0057416267942583,0.006179038,0.015333768,0.0057416267942583,0.0130280300039478,False,False,False,True,True,passes_recommended_min20,exploratory_cell_level_comparison; one_sample_per_tissue_condition; p_values_do_not_establish_biological_replicate_significance,Control,True,False
cluster_tissue__C0__bone_marrow,cluster_tissue,C0,bone_marrow,Tumor_T2_vs_Control_Ctrl,2090,2533,Kif3c,-2.515577,-1.0443022,0.0118837654804007,0.1020932187406407,0.0076555023923444,0.00935992,0.019208562,0.0076555023923444,0.0157915515199368,False,False,False,True,True,passes_recommended_min20,exploratory_cell_level_comparison; one_sample_per_tissue_condition; p_values_do_not_establish_biological_replicate_significance,Control,False,False
cluster_tissue__C0__bone_marrow,cluster_tissue,C0,bone_marrow,Tumor_T2_vs_Control_Ctrl,2090,2533,Tmtc4,-2.481328,-0.75289047,0.0130893857909241,0.1096022429186889,0.0177033492822966,0.020927032,0.035016794,0.0177033492822966,0.0288195815238846,False,False,False,True,True,passes_recommended_min20,exploratory_cell_level_comparison; one_sample_per_tissue_condition; p_values_do_not_establish_biological_replicate_significance,Control,False,False
cluster_tissue__C0__bone_marrow,cluster_tissue,C0,bone_marrow,Tumor_T2_vs_Control_Ctrl,2090,2533,Sesn2,-2.4791794,-0.8907695,0.0131685046517354,0.1099436186494655,0.0100478468899521,0.012051431,0.022231564,0.0100478468899521,0.0189498618239241,False,False,False,True,True,passes_recommended_min20,exploratory_cell_level_comparison; one_sample_per_tissue_condition; p_values_do_not_establish_biological_replicate_significance,Control,True,False
cluster_tissue__C0__bone_marrow,cluster_tissue,C0,bone_marrow,Tumor_T2_vs_Control_Ctrl,2090,2533,Rab3ip,-2.469162,-0.69855046,0.0135429901010128,0.1121052788035745,0.0215311004784689,0.024226276,0.039024822,0.0215311004784688,0.0335570469798657,False,False,False,True,True,passes_recommended_min20,exploratory_cell_level_comparison; one_sample_per_tissue_condition; p_values_do_not_establish_biological_replicate_significance,Control,False,False
cluster_tissue__C0__bone_marrow,cluster_tissue,C0,bone_marrow,Tumor_T2_vs_Control_Ctrl,2090,2533,Aplf,-2.4679115,-0.8339045,0.0135903918492549,0.1123233780259875,0.0133971291866028,0.015108742,0.026774203,0.0133971291866028,0.0232925384919068,False,False,False,True,True,passes_recommended_min20,exploratory_cell_level_comparison; one_sample_per_tissue_condition; p_values_do_not_establish_biological_replicate_significance,Control,False,False
cluster_tissue__C0__bone_marrow,cluster_tissue,C0,bone_marrow,Tumor_T2_vs_Control_Ctrl,2090,2533,Sntb1,-2.4633987,-0.67159647,0.0137626762997969,0.1128729870244685,0.0186602870813397,0.021915546,0.034684632,0.0186602870813397,0.0300039478878799,False,False,False,True,True,passes_recommended_min20,exploratory_cell_level_comparison; one_sample_per_tissue_condition; p_values_do_not_establish_biological_replicate_significance,Control,False,False
cluster_tissue__C0__bone_marrow,cluster_tissue,C0,bone_marrow,Tumor_T2_vs_Control_Ctrl,2090,2533,Amacr,-2.452245,-0.79282236,0.0141967964653554,0.1151361363336715,0.0153110047846889,0.017190862,0.029597595,0.0153110047846889,0.0256612712198973,False,False,False,True,True,passes_recommended_min20,exploratory_cell_level_comparison; one_sample_per_tissue_condition; p_values_do_not_establish_biological_replicate_significance,Control,True,False
cluster_tissue__C0__bone_marrow,cluster_tissue,C0,bone_marrow,Tumor_T2_vs_Control_Ctrl,2090,2533,Chek1,-2.436834,-1.9714358,0.0148164786940466,0.1183322063364354,0.0014354066985645,0.0016483197,0.006448517,0.0014354066985645,0.0059218318199763,False,False,False,True,True,passes_recommended_min20,exploratory_cell_level_comparison; one_sample_per_tissue_condition; p_values_do_not_establish_biological_replicate_significance,Control,True,False
cluster_tissue__C0__bone_marrow,cluster_tissue,C0,bone_marrow,Tumor_T2_vs_Control_Ctrl,2090,2533,Zfp300,-2.421012,-0.9805625,0.0154773742544916,0.121787303315211,0.0062200956937799,0.00762891,0.014998158,0.0062200956937799,0.0134228187919462,False,False,False,True,True,passes_recommended_min20,exploratory_cell_level_comparison; one_sample_per_tissue_condition; p_values_do_not_establish_biological_replicate_significance,Control,True,False
cluster_tissue__C0__bone_marrow,cluster_tissue,C0,bone_marrow,Tumor_T2_vs_Control_Ctrl,2090,2533,Mex3d,-2.417113,-0.63873184,0.0156441580233065,0.122647440197414,0.0200956937799043,0.023597838,0.036503393,0.0200956937799042,0.0315831030398736,False,False,False,True,True,passes_recommended_min20,exploratory_cell_level_comparison; one_sample_per_tissue_condition; p_values_do_not_establish_biological_replicate_significance,Control,False,False
cluster_tissue__C0__bone_marrow,cluster_tissue,C0,bone_marrow,Tumor_T2_vs_Control_Ctrl,2090,2533,Cdca3,-2.4136312,-1.8655745,0.0157944438808854,0.1234222678352205,0.0019138755980861,0.002223301,0.008078296,0.0019138755980861,0.0067114093959731,False,False,False,True,True,passes_recommended_min20,exploratory_cell_level_comparison; one_sample_per_tissue_condition; p_values_do_not_establish_biological_replicate_significance,Control,False,False
cluster_tissue__C0__bone_marrow,cluster_tissue,C0,bone_marrow,Tumor_T2_vs_Control_Ctrl,2090,2533,Cdc45,-2.4107614,-1.3439548,0.0159192573750505,0.1238035540756479,0.0033492822966507,0.0040948065,0.010361953,0.0033492822966507,0.0090801421239636,False,False,False,True,True,passes_recommended_min20,exploratory_cell_level_comparison; one_sample_per_tissue_condition; p_values_do_not_establish_biological_replicate_significance,Control,True,False
cluster_tissue__C0__bone_marrow,cluster_tissue,C0,bone_marrow,Tumor_T2_vs_Control_Ctrl,2090,2533,Cd8b1,-2.4092069,-0.8704098,0.015987228122459,0.1239707296995916,0.0076555023923444,0.010093374,0.018376088,0.0076555023923444,0.0153967627319383,False,False,False,True,True,passes_recommended_min20,exploratory_cell_level_comparison; one_sample_per_tissue_condition; p_values_do_not_establish_biological_replicate_significance,Control,True,False
cluster_tissue__C0__bone_marrow,cluster_tissue,C0,bone_marrow,Tumor_T2_vs_Control_Ctrl,2090,2533,Rdh12,-2.404104,-0.646462,0.0162121630984485,0.1245383587188234,0.0224880382775119,0.02563479,0.039841212,0.0224880382775119,0.0343466245558625,False,False,False,True,True,passes_recommended_min20,exploratory_cell_level_comparison; one_sample_per_tissue_condition; p_values_do_not_establish_biological_replicate_significance,Control,True,False
cluster_tissue__C0__bone_marrow,cluster_tissue,C0,bone_marrow,Tumor_T2_vs_Control_Ctrl,2090,2533,Ccdc28b,-2.3982418,-0.7173275,0.0164739830210105,0.1258249096880329,0.0148325358851674,0.01687075,0.027588971,0.0148325358851674,0.0248716936439004,False,False,False,True,True,passes_recommended_min20,exploratory_cell_level_comparison; one_sample_per_tissue_condition; p_values_do_not_establish_biological_replicate_significance,Control,False,False
cluster_tissue__C0__bone_marrow,cluster_tissue,C0,bone_marrow,Tumor_T2_vs_Control_Ctrl,2090,2533,Brpf3,-2.3877997,-0.68214947,0.0169495789807333,0.128164895419042,0.0167464114832535,0.020227613,0.032260258,0.0167464114832535,0.027240426371891,False,False,False,True,True,passes_recommended_min20,exploratory_cell_level_comparison; one_sample_per_tissue_condition; p_values_do_not_establish_biological_replicate_significance,Control,False,False
cluster_tissue__C0__bone_marrow,cluster_tissue,C0,bone_marrow,Tumor_T2_vs_Control_Ctrl,2090,2533,Nr2c1,-2.3871531,-0.6866802,0.016979414306736,0.128164895419042,0.0167464114832535,0.019806733,0.031690747,0.0167464114832535,0.027240426371891,False,False,False,True,True,passes_recommended_min20,exploratory_cell_level_comparison; one_sample_per_tissue_condition; p_values_do_not_establish_biological_replicate_significance,Control,False,False
cluster_tissue__C0__bone_marrow,cluster_tissue,C0,bone_marrow,Tumor_T2_vs_Control_Ctrl,2090,2533,Tmie,-2.3795612,-0.818716,0.0173332600815678,0.1298777282797257,0.0143540669856459,0.016858725,0.02954724,0.0143540669856459,0.0240821160679036,False,False,False,True,True,passes_recommended_min20,exploratory_cell_level_comparison; one_sample_per_tissue_condition; p_values_do_not_establish_biological_replicate_significance,Control,False,False
cluster_tissue__C0__bone_marrow,cluster_tissue,C0,bone_marrow,Tumor_T2_vs_Control_Ctrl,2090,2533,Cenpl,-2.3740168,-0.6158754,0.0175957554658853,0.1311996581558328,0.0157894736842105,0.019746795,0.03010475,0.0157894736842105,0.0260560600078957,False,False,False,True,True,passes_recommended_min20,exploratory_cell_level_comparison; one_sample_per_tissue_condition; p_values_do_not_establish_biological_replicate_significance,Control,False,False
cluster_tissue__C0__bone_marrow,cluster_tissue,C0,bone_marrow,Tumor_T2_vs_Control_Ctrl,2090,2533,Isoc2a,-2.3579352,-1.1148678,0.0183769045133531,0.1352582002500146,0.0066985645933014,0.0073943366,0.015945839,0.0066985645933014,0.0138176075799447,False,False,False,True,True,passes_recommended_min20,exploratory_cell_level_comparison; one_sample_per_tissue_condition; p_values_do_not_establish_biological_replicate_significance,Control,False,False
cluster_tissue__C0__bone_marrow,cluster_tissue,C0,bone_marrow,Tumor_T2_vs_Control_Ctrl,2090,2533,Zfand2a,-2.3397424,-0.77043825,0.0192970397290826,0.140112491254678,0.0129186602870813,0.015203135,0.025795873,0.0129186602870813,0.0221081721279115,False,False,False,True,True,passes_recommended_min20,exploratory_cell_level_comparison; one_sample_per_tissue_condition; p_values_do_not_establish_biological_replicate_significance,Control,False,False
cluster_tissue__C0__bone_marrow,cluster_tissue,C0,bone_marrow,Tumor_T2_vs_Control_Ctrl,2090,2533,Lratd2,-2.3036234,-0.813242,0.0212437908193346,0.1488320735668419,0.0143540669856459,0.01592869,0.027822625,0.0143540669856459,0.0236873272799052,False,False,False,True,True,passes_recommended_min20,exploratory_cell_level_comparison; one_sample_per_tissue_condition; p_values_do_not_establish_biological_replicate_significance,Control,False,False
cluster_tissue__C0__bone_marrow,cluster_tissue,C0,bone_marrow,Tumor_T2_vs_Control_Ctrl,2090,2533,Ccdc22,-2.2983563,-0.6442397,0.0215415155665248,0.1494950450653829,0.0229665071770334,0.026124181,0.040535115,0.0229665071770334,0.0343466245558625,False,False,False,True,True,passes_recommended_min20,exploratory_cell_level_comparison; one_sample_per_tissue_condition; p_values_do_not_establish_biological_replicate_significance,Control,False,False
cluster_tissue__C0__bone_marrow,cluster_tissue,C0,bone_marrow,Tumor_T2_vs_Control_Ctrl,2090,2533,Rnf149,-2.2973328,-0.6486209,0.0215997993881653,0.1496557529037169,0.0220095693779904,0.025400152,0.03953706,0.0220095693779904,0.0331622581918673,False,False,False,True,True,passes_recommended_min20,exploratory_cell_level_comparison; one_sample_per_tissue_condition; p_values_do_not_establish_biological_replicate_significance,Control,False,False
cluster_tissue__C0__bone_marrow,cluster_tissue,C0,bone_marrow,Tumor_T2_vs_Control_Ctrl,2090,2533,Tigar,-2.2943232,-0.6638045,0.0217719453722604,0.1506528256303626,0.0200956937799043,0.02335953,0.036759112,0.0200956937799042,0.0307935254638767,False,False,False,True,True,passes_recommended_min20,exploratory_cell_level_comparison; one_sample_per_tissue_condition; p_values_do_not_establish_biological_replicate_significance,Control,True,False
cluster_tissue__C0__bone_marrow,cluster_tissue,C0,bone_marrow,Tumor_T2_vs_Control_Ctrl,2090,2533,Abhd6,-2.2937531,-0.62246054,0.0218046792026729,0.1507087987756049,0.0263157894736842,0.030616432,0.046752766,0.0263157894736841,0.0382945124358468,False,False,False,True,True,passes_recommended_min20,exploratory_cell_level_comparison; one_sample_per_tissue_condition; p_values_do_not_establish_biological_replicate_significance,Control,True,False
cluster_tissue__C0__bone_marrow,cluster_tissue,C0,bone_marrow,Tumor_T2_vs_Control_Ctrl,2090,2533,Birc5,-2.2926378,-1.5605543,0.0218688629610412,0.1509319325965787,0.0033492822966507,0.0036207456,0.010642536,0.0033492822966507,0.0086853533359652,False,False,False,True,True,passes_recommended_min20,exploratory_cell_level_comparison; one_sample_per_tissue_condition; p_values_do_not_establish_biological_replicate_significance,Control,True,False
cluster_tissue__C0__bone_marrow,cluster_tissue,C0,bone_marrow,Tumor_T2_vs_Control_Ctrl,2090,2533,Prdm16,-2.2902565,-1.1334686,0.022006446940036,0.1514895411936677,0.0057416267942583,0.0070465575,0.015394619,0.0057416267942583,0.012238452427951,False,False,False,True,True,passes_recommended_min20,exploratory_cell_level_comparison; one_sample_per_tissue_condition; p_values_do_not_establish_biological_replicate_significance,Control,True,False
cluster_tissue__C0__bone_marrow,cluster_tissue,C0,bone_marrow,Tumor_T2_vs_Control_Ctrl,2090,2533,Paqr4,-2.288526,-2.0399203,0.022106905839812,0.1516967181588862,0.0014354066985645,0.001607003,0.0065919044,0.0014354066985645,0.0055270430319778,False,False,False,True,True,passes_recommended_min20,exploratory_cell_level_comparison; one_sample_per_tissue_condition; p_values_do_not_establish_biological_replicate_significance,Control,False,False
cluster_tissue__C0__bone_marrow,cluster_tissue,C0,bone_marrow,Tumor_T2_vs_Control_Ctrl,2090,2533,Cenpm,-2.2845135,-1.660135,0.0223413710760035,0.1527887924328691,0.0014354066985645,0.0019709654,0.0062159454,0.0014354066985645,0.0055270430319778,False,False,False,True,True,passes_recommended_min20,exploratory_cell_level_comparison; one_sample_per_tissue_condition; p_values_do_not_establish_biological_replicate_significance,Control,False,False
cluster_tissue__C0__bone_marrow,cluster_tissue,C0,bone_marrow,Tumor_T2_vs_Control_Ctrl,2090,2533,4930563E22Rik,-2.2742746,-1.597644,0.0229494872295281,0.1549816637589022,0.0028708133971291,0.003146937,0.009493954,0.0028708133971291,0.0078957757599684,False,False,False,True,True,passes_recommended_min20,exploratory_cell_level_comparison; one_sample_per_tissue_condition; p_values_do_not_establish_biological_replicate_significance,Control,False,False
cluster_tissue__C0__bone_marrow,cluster_tissue,C0,bone_marrow,Tumor_T2_vs_Control_Ctrl,2090,2533,Spag1,-2.2711978,-1.4009444,0.023135013007871,0.1559384641781324,0.0028708133971291,0.0033549697,0.008835348,0.0028708133971291,0.0078957757599684,False,False,False,True,True,passes_recommended_min20,exploratory_cell_level_comparison; one_sample_per_tissue_condition; p_values_do_not_establish_biological_replicate_significance,Control,False,False
cluster_tissue__C0__bone_marrow,cluster_tissue,C0,bone_marrow,Tumor_T2_vs_Control_Ctrl,2090,2533,Nthl1,-2.2682028,-1.1596646,0.0233168524118628,0.1566692791149728,0.008133971291866,0.008322543,0.01849845,0.008133971291866,0.0153967627319383,False,False,False,True,True,passes_recommended_min20,exploratory_cell_level_comparison; one_sample_per_tissue_condition; p_values_do_not_establish_biological_replicate_significance,Control,True,False
cluster_tissue__C0__bone_marrow,cluster_tissue,C0,bone_marrow,Tumor_T2_vs_Control_Ctrl,2090,2533,Slc27a4,-2.2633772,-0.70616156,0.0236124460502693,0.1577588485394986,0.0205741626794258,0.023320757,0.037771538,0.0205741626794258,0.0311883142518752,False,False,False,True,True,passes_recommended_min20,exploratory_cell_level_comparison; one_sample_per_tissue_condition; p_values_do_not_establish_biological_replicate_significance,Control,True,False
cluster_tissue__C0__bone_marrow,cluster_tissue,C0,bone_marrow,Tumor_T2_vs_Control_Ctrl,2090,2533,Chchd6,-2.2521746,-0.7468779,0.0243112374801519,0.1608189112915195,0.0129186602870813,0.015139501,0.025277568,0.0129186602870813,0.0217133833399131,False,False,False,True,True,passes_recommended_min20,exploratory_cell_level_comparison; one_sample_per_tissue_condition; p_values_do_not_establish_biological_replicate_significance,Control,False,False
cluster_tissue__C0__bone_marrow,cluster_tissue,C0,bone_marrow,Tumor_T2_vs_Control_Ctrl,2090,2533,Extl2,-2.2409863,-0.85478455,0.0250269603344317,0.1634259856967679,0.0105263157894736,0.012115027,0.02180371,0.0105263157894736,0.0185550730359257,False,False,False,True,True,passes_recommended_min20,exploratory_cell_level_comparison; one_sample_per_tissue_condition; p_values_do_not_establish_biological_replicate_significance,Control,True,False
cluster_tissue__C0__bone_marrow,cluster_tissue,C0,bone_marrow,Tumor_T2_vs_Control_Ctrl,2090,2533,Oas2,-2.2361155,-1.1935096,0.0253442151442411,0.1647635940877937,0.0047846889952153,0.0055779456,0.012711741,0.0047846889952153,0.0106592972759573,False,False,False,True,True,passes_recommended_min20,exploratory_cell_level_comparison; one_sample_per_tissue_condition; p_values_do_not_establish_biological_replicate_significance,Control,True,False
cluster_tissue__C0__bone_marrow,cluster_tissue,C0,bone_marrow,Tumor_T2_vs_Control_Ctrl,2090,2533,Pkig,-2.2234685,-0.805845,0.0261842195166234,0.168102059110934,0.0124401913875598,0.013815747,0.024028853,0.0124401913875598,0.0209238057639162,False,False,False,True,True,passes_recommended_min20,exploratory_cell_level_comparison; one_sample_per_tissue_condition; p_values_do_not_establish_biological_replicate_significance,Control,False,False
cluster_tissue__C0__bone_marrow,cluster_tissue,C0,bone_marrow,Tumor_T2_vs_Control_Ctrl,2090,2533,Zfp629,-2.2069154,-0.9863683,0.0273199762445511,0.1737211838673184,0.0062200956937799,0.007481468,0.01476822,0.0062200956937799,0.0126332412159494,False,False,False,True,True,passes_recommended_min20,exploratory_cell_level_comparison; one_sample_per_tissue_condition; p_values_do_not_establish_biological_replicate_significance,Control,False,False
cluster_tissue__C0__bone_marrow,cluster_tissue,C0,bone_marrow,Tumor_T2_vs_Control_Ctrl,2090,2533,Hyal2,-2.2058036,-0.8611467,0.0273977538284668,0.1741119912744141,0.0100478468899521,0.011086279,0.020047756,0.0100478468899521,0.0177654954599289,False,False,False,True,True,passes_recommended_min20,exploratory_cell_level_comparison; one_sample_per_tissue_condition; p_values_do_not_establish_biological_replicate_significance,Control,True,False
cluster_tissue__C0__bone_marrow,cluster_tissue,C0,bone_marrow,Tumor_T2_vs_Control_Ctrl,2090,2533,Lrp5,-2.1993935,-0.8600035,0.0278499609344261,0.1759378822796492,0.0076555023923444,0.009340899,0.016890116,0.0076555023923444,0.0146071851559415,False,False,False,True,True,passes_recommended_min20,exploratory_cell_level_comparison; one_sample_per_tissue_condition; p_values_do_not_establish_biological_replicate_significance,Control,True,False
cluster_tissue__C0__bone_marrow,cluster_tissue,C0,bone_marrow,Tumor_T2_vs_Control_Ctrl,2090,2533,St3gal2,-2.1970322,-0.6044536,0.0280181494707961,0.1764779544589111,0.0200956937799043,0.023685066,0.03579243,0.0200956937799042,0.0303987366758783,False,False,False,True,True,passes_recommended_min20,exploratory_cell_level_comparison; one_sample_per_tissue_condition; p_values_do_not_establish_biological_replicate_significance,Control,True,False
cluster_tissue__C0__bone_marrow,cluster_tissue,C0,bone_marrow,Tumor_T2_vs_Control_Ctrl,2090,2533,Kremen2,-2.194463,-0.68529624,0.0282021402295156,0.1771140884337445,0.0143540669856459,0.016861357,0.02697632,0.0143540669856459,0.0232925384919068,False,False,False,True,True,passes_recommended_min20,exploratory_cell_level_comparison; one_sample_per_tissue_condition; p_values_do_not_establish_biological_replicate_significance,Control,False,False
cluster_tissue__C0__bone_marrow,cluster_tissue,C0,bone_marrow,Tumor_T2_vs_Control_Ctrl,2090,2533,Gm32036,-2.1786125,-0.75322,0.0293604685678567,0.1821774260527182,0.0167464114832535,0.019023128,0.03185846,0.0167464114832535,0.0260560600078957,False,False,False,True,True,passes_recommended_min20,exploratory_cell_level_comparison; one_sample_per_tissue_condition; p_values_do_not_establish_biological_replicate_significance,Control,False,False
cluster_tissue__C0__bone_marrow,cluster_tissue,C0,bone_marrow,Tumor_T2_vs_Control_Ctrl,2090,2533,Mgst3,-2.1710238,-0.7461088,0.0299293672777939,0.1841674445525153,0.0157894736842105,0.017475042,0.02913914,0.0157894736842105,0.0248716936439004,False,False,False,True,True,passes_recommended_min20,exploratory_cell_level_comparison; one_sample_per_tissue_condition; p_values_do_not_establish_biological_replicate_significance,Control,True,False
cluster_tissue__C0__bone_marrow,cluster_tissue,C0,bone_marrow,Tumor_T2_vs_Control_Ctrl,2090,2533,Plscr1,-2.1665459,-0.7056567,0.0302694960157898,0.1850862593057181,0.0148325358851674,0.017157339,0.027832167,0.0148325358851674,0.0236873272799052,False,False,False,True,True,passes_recommended_min20,exploratory_cell_level_comparison; one_sample_per_tissue_condition; p_values_do_not_establish_biological_replicate_significance,Control,False,False
cluster_tissue__C0__bone_marrow,cluster_tissue,C0,bone_marrow,Tumor_T2_vs_Control_Ctrl,2090,2533,Cdk5r1,-2.1636395,-2.2282777,0.0304920222418701,0.185788089322292,0.000956937799043,0.0010496238,0.0049087857,0.000956937799043,0.0043426766679826,False,False,False,True,True,passes_recommended_min20,exploratory_cell_level_comparison; one_sample_per_tissue_condition; p_values_do_not_establish_biological_replicate_significance,Control,True,False
cluster_tissue__C0__bone_marrow,cluster_tissue,C0,bone_marrow,Tumor_T2_vs_Control_Ctrl,2090,2533,Cnnm4,-2.1500125,-0.98271465,0.0315542349034558,0.1900977991246628,0.008133971291866,0.009088388,0.017881334,0.008133971291866,0.0150019739439399,False,False,False,True,True,passes_recommended_min20,exploratory_cell_level_comparison; one_sample_per_tissue_condition; p_values_do_not_establish_biological_replicate_significance,Control,False,False
cluster_tissue__C0__bone_marrow,cluster_tissue,C0,bone_marrow,Tumor_T2_vs_Control_Ctrl,2090,2533,Bpnt1,-2.1498115,-0.85860014,0.0315701312135803,0.1900977991246628,0.0105263157894736,0.011604424,0.02094375,0.0105263157894736,0.0181602842479273,False,False,False,True,True,passes_recommended_min20,exploratory_cell_level_comparison; one_sample_per_tissue_condition; p_values_do_not_establish_biological_replicate_significance,Control,True,False
cluster_tissue__C0__bone_marrow,cluster_tissue,C0,bone_marrow,Tumor_T2_vs_Control_Ctrl,2090,2533,Tmem170,-2.1262882,-0.87496203,0.0334792645209815,0.1970780370335516,0.009090909090909,0.01043646,0.019057522,0.009090909090909,0.0161863403079352,False,False,False,True,True,passes_recommended_min20,exploratory_cell_level_comparison; one_sample_per_tissue_condition; p_values_do_not_establish_biological_replicate_significance,Control,False,False
cluster_tissue__C0__bone_marrow,cluster_tissue,C0,bone_marrow,Tumor_T2_vs_Control_Ctrl,2090,2533,Matk,-2.1252844,-1.6612765,0.0335628823877265,0.1972004157913228,0.0023923444976076,0.0024630951,0.007770018,0.0023923444976076,0.0067114093959731,False,False,False,True,True,passes_recommended_min20,exploratory_cell_level_comparison; one_sample_per_tissue_condition; p_values_do_not_establish_biological_replicate_significance,Control,True,False
cluster_tissue__C0__bone_marrow,cluster_tissue,C0,bone_marrow,Tumor_T2_vs_Control_Ctrl,2090,2533,Nek3,-2.123126,-0.84418577,0.0337432952668566,0.1980254413949159,0.009090909090909,0.010380738,0.018559795,0.009090909090909,0.0161863403079352,False,False,False,True,True,passes_recommended_min20,exploratory_cell_level_comparison; one_sample_per_tissue_condition; p_values_do_not_establish_biological_replicate_significance,Control,False,False
cluster_tissue__C0__bone_marrow,cluster_tissue,C0,bone_marrow,Tumor_T2_vs_Control_Ctrl,2090,2533,Bard1,-2.1229389,-1.7628897,0.0337589763727602,0.1980254413949159,0.0019138755980861,0.0021057832,0.0071286117,0.0019138755980861,0.0059218318199763,False,False,False,True,True,passes_recommended_min20,exploratory_cell_level_comparison; one_sample_per_tissue_condition; p_values_do_not_establish_biological_replicate_significance,Control,True,False
cluster_tissue__C0__bone_marrow,cluster_tissue,C0,bone_marrow,Tumor_T2_vs_Control_Ctrl,2090,2533,9230114K14Rik,-2.1211405,-1.802004,0.033909972523753,0.198583648094646,0.0019138755980861,0.0019277609,0.0067061335,0.0019138755980861,0.0059218318199763,False,False,False,True,True,passes_recommended_min20,exploratory_cell_level_comparison; one_sample_per_tissue_condition; p_values_do_not_establish_biological_replicate_significance,Control,False,False
cluster_tissue__C0__bone_marrow,cluster_tissue,C0,bone_marrow,Tumor_T2_vs_Control_Ctrl,2090,2533,Ripk2,-2.1205773,-0.6220404,0.0339573933990289,0.1987522696476351,0.0181818181818181,0.021054728,0.032223042,0.0181818181818181,0.0276352151598894,False,False,False,True,True,passes_recommended_min20,exploratory_cell_level_comparison; one_sample_per_tissue_condition; p_values_do_not_establish_biological_replicate_significance,Control,True,False
cluster_tissue__C0__bone_marrow,cluster_tissue,C0,bone_marrow,Tumor_T2_vs_Control_Ctrl,2090,2533,Ift88,-2.1140199,-1.0072285,0.0345135683637656,0.2009954493025121,0.0076555023923444,0.008212423,0.016439445,0.0076555023923444,0.0142123963679431,False,False,False,True,True,passes_recommended_min20,exploratory_cell_level_comparison; one_sample_per_tissue_condition; p_values_do_not_establish_biological_replicate_significance,Control,False,False
cluster_tissue__C0__bone_marrow,cluster_tissue,C0,bone_marrow,Tumor_T2_vs_Control_Ctrl,2090,2533,Xkr8,-2.104183,-0.59866357,0.0353624844431399,0.2042867942654591,0.0143540669856459,0.016892873,0.025471227,0.0143540669856459,0.0228977497039083,False,False,False,True,True,passes_recommended_min20,exploratory_cell_level_comparison; one_sample_per_tissue_condition; p_values_do_not_establish_biological_replicate_significance,Control,False,False
cluster_tissue__C0__bone_marrow,cluster_tissue,C0,bone_marrow,Tumor_T2_vs_Control_Ctrl,2090,2533,Gm13205,-2.1010754,-1.074242,0.0356343527215853,0.2051852580505986,0.0062200956937799,0.006834008,0.014335825,0.0062200956937799,0.012238452427951,False,False,False,True,True,passes_recommended_min20,exploratory_cell_level_comparison; one_sample_per_tissue_condition; p_values_do_not_establish_biological_replicate_significance,Control,False,False
cluster_tissue__C0__bone_marrow,cluster_tissue,C0,bone_marrow,Tumor_T2_vs_Control_Ctrl,2090,2533,Chst11,-2.0977073,-0.6735385,0.0359310086432361,0.2062841016975264,0.0177033492822966,0.020641994,0.032724388,0.0177033492822966,0.0268456375838925,False,False,False,True,True,passes_recommended_min20,exploratory_cell_level_comparison; one_sample_per_tissue_condition; p_values_do_not_establish_biological_replicate_significance,Control,True,False
cluster_tissue__C0__bone_marrow,cluster_tissue,C0,bone_marrow,Tumor_T2_vs_Control_Ctrl,2090,2533,Cep128,-2.0827837,-0.6271192,0.0372709408568489,0.2101907711112991,0.024401913875598,0.026859604,0.041186288,0.024401913875598,0.034741413343861,False,False,False,True,True,passes_recommended_min20,exploratory_cell_level_comparison; one_sample_per_tissue_condition; p_values_do_not_establish_biological_replicate_significance,Control,False,False
cluster_tissue__C0__bone_marrow,cluster_tissue,C0,bone_marrow,Tumor_T2_vs_Control_Ctrl,2090,2533,Hsf2,-2.0770826,-0.62676626,0.0377939235325419,0.2121992524506284,0.0167464114832535,0.019707657,0.030269649,0.0167464114832535,0.0256612712198973,False,False,False,True,True,passes_recommended_min20,exploratory_cell_level_comparison; one_sample_per_tissue_condition; p_values_do_not_establish_biological_replicate_significance,Control,False,False
cluster_tissue__C0__bone_marrow,cluster_tissue,C0,bone_marrow,Tumor_T2_vs_Control_Ctrl,2090,2533,Gm19605,-2.076951,-0.69349205,0.0378060711254587,0.2121992524506284,0.0129186602870813,0.014889481,0.023969738,0.0129186602870813,0.0209238057639162,False,False,False,True,True,passes_recommended_min20,exploratory_cell_level_comparison; one_sample_per_tissue_condition; p_values_do_not_establish_biological_replicate_significance,Control,False,False
cluster_tissue__C0__bone_marrow,cluster_tissue,C0,bone_marrow,Tumor_T2_vs_Control_Ctrl,2090,2533,Aldh7a1,-2.0642185,-0.83236843,0.0389970031113796,0.2155948306727569,0.0095693779904306,0.011018453,0.019535938,0.0095693779904306,0.0165811290959336,False,False,False,True,True,passes_recommended_min20,exploratory_cell_level_comparison; one_sample_per_tissue_condition; p_values_do_not_establish_biological_replicate_significance,Control,True,False
cluster_tissue__C0__bone_marrow,cluster_tissue,C0,bone_marrow,Tumor_T2_vs_Control_Ctrl,2090,2533,Rnase4,-2.061327,-0.610271,0.0392718500921193,0.2164414465304305,0.0191387559808612,0.02220516,0.033701997,0.0191387559808612,0.0284247927358862,False,False,False,True,True,passes_recommended_min20,exploratory_cell_level_comparison; one_sample_per_tissue_condition; p_values_do_not_establish_biological_replicate_significance,Control,False,False
cluster_tissue__C0__bone_marrow,cluster_tissue,C0,bone_marrow,Tumor_T2_vs_Control_Ctrl,2090,2533,Mex3b,-2.050911,-0.6978984,0.0402756085437942,0.220077267921739,0.0153110047846889,0.017895127,0.028868943,0.0153110047846889,0.0236873272799052,False,False,False,True,True,passes_recommended_min20,exploratory_cell_level_comparison; one_sample_per_tissue_condition; p_values_do_not_establish_biological_replicate_significance,Control,False,False
cluster_tissue__C0__bone_marrow,cluster_tissue,C0,bone_marrow,Tumor_T2_vs_Control_Ctrl,2090,2533,Gsdme,-2.0333781,-0.6219142,0.0420143324159858,0.2248845069301991,0.0229665071770334,0.025602758,0.039133392,0.0229665071770334,0.0327674694038689,False,False,False,True,True,passes_recommended_min20,exploratory_cell_level_comparison; one_sample_per_tissue_condition; p_values_do_not_establish_biological_replicate_significance,Control,False,False
cluster_tissue__C0__bone_marrow,cluster_tissue,C0,bone_marrow,Tumor_T2_vs_Control_Ctrl,2090,2533,Wnt10a,-2.0262272,-1.1127089,0.0427414984524223,0.226440808583588,0.0052631578947368,0.0060739876,0.013089016,0.0052631578947368,0.0106592972759573,False,False,False,True,True,passes_recommended_min20,exploratory_cell_level_comparison; one_sample_per_tissue_condition; p_values_do_not_establish_biological_replicate_significance,Control,True,False
cluster_tissue__C0__bone_marrow,cluster_tissue,C0,bone_marrow,Tumor_T2_vs_Control_Ctrl,2090,2533,Gm38394,-2.0198746,-1.3037608,0.0433964109281265,0.2291900016334479,0.0033492822966507,0.0037017243,0.009113785,0.0033492822966507,0.0078957757599684,False,False,False,True,True,passes_recommended_min20,exploratory_cell_level_comparison; one_sample_per_tissue_condition; p_values_do_not_establish_biological_replicate_significance,Control,False,False
cluster_tissue__C0__bone_marrow,cluster_tissue,C0,bone_marrow,Tumor_T2_vs_Control_Ctrl,2090,2533,Tead2,-1.9800826,-0.98530394,0.0476942449110084,0.2431426627809173,0.0047846889952153,0.005988557,0.011821154,0.0047846889952153,0.0098697196999605,False,False,False,True,True,passes_recommended_min20,exploratory_cell_level_comparison; one_sample_per_tissue_condition; p_values_do_not_establish_biological_replicate_significance,Control,True,False
cluster_tissue__C0__bone_marrow,cluster_tissue,C0,bone_marrow,Tumor_T2_vs_Control_Ctrl,2090,2533,Zfyve21,-1.9732988,-0.6065369,0.0484615318686665,0.2459371903048822,0.0129186602870813,0.0154335415,0.023405328,0.0129186602870813,0.0205290169759178,False,False,False,True,True,passes_recommended_min20,exploratory_cell_level_comparison; one_sample_per_tissue_condition; p_values_do_not_establish_biological_replicate_significance,Control,False,False
cluster_tissue__C0__bone_marrow,cluster_tissue,C0,bone_marrow,Tumor_T2_vs_Control_Ctrl,2090,2533,2210011C24Rik,-1.9645332,-1.6674404,0.0494682880231528,0.2488621163152576,0.0019138755980861,0.0021225368,0.0067267357,0.0019138755980861,0.0055270430319778,False,False,False,True,True,passes_recommended_min20,exploratory_cell_level_comparison; one_sample_per_tissue_condition; p_values_do_not_establish_biological_replicate_significance,Control,False,False
cluster_tissue__C0__bone_marrow,cluster_tissue,C0,bone_marrow,Tumor_T2_vs_Control_Ctrl,2090,2533,Rasal1,-1.9641227,-1.5887097,0.0495158643802522,0.2488621163152576,0.0019138755980861,0.0019385323,0.0058194133,0.0019138755980861,0.0055270430319778,False,False,False,True,True,passes_recommended_min20,exploratory_cell_level_comparison; one_sample_per_tissue_condition; p_values_do_not_establish_biological_replicate_significance,Control,True,False
cluster_tissue__C5-1__spleen,cluster_tissue,C5-1,spleen,Tumor_T2_vs_Control_Ctrl,345,239,Jun,6.3711658,1.375917,1.8759649574540244e-10,1.0814240146454037e-07,0.5681159420289855,0.847528,0.41472247,0.5681159420289845,0.3179916317991636,True,True,False,True,True,passes_recommended_min20,exploratory_cell_level_comparison; one_sample_per_tissue_condition; p_values_do_not_establish_biological_replicate_significance,Tumor,True,True
cluster_tissue__C5-1__spleen,cluster_tissue,C5-1,spleen,Tumor_T2_vs_Control_Ctrl,345,239,Srsf5,5.410482,0.77422005,6.285535633838357e-08,2.312643628036389e-05,0.8202898550724638,1.1975319,0.85517913,0.8202898550724581,0.6234309623430958,False,True,False,True,True,passes_recommended_min20,exploratory_cell_level_comparison; one_sample_per_tissue_condition; p_values_do_not_establish_biological_replicate_significance,Tumor,True,False
cluster_tissue__C5-1__spleen,cluster_tissue,C5-1,spleen,Tumor_T2_vs_Control_Ctrl,345,239,Ndufv3,4.6745076,0.63497084,2.946597024538495e-06,0.0007145497784505,0.7623188405797101,1.0319258,0.77162564,0.7623188405797056,0.6234309623430958,False,True,False,True,True,passes_recommended_min20,exploratory_cell_level_comparison; one_sample_per_tissue_condition; p_values_do_not_establish_biological_replicate_significance,Tumor,True,False
cluster_tissue__C5-1__spleen,cluster_tissue,C5-1,spleen,Tumor_T2_vs_Control_Ctrl,345,239,Cirbp,4.4716473,0.820926,7.761940497131106e-06,0.0016239197079291,0.5884057971014492,0.704583,0.4568551,0.5884057971014479,0.3849372384937244,False,True,False,True,True,passes_recommended_min20,exploratory_cell_level_comparison; one_sample_per_tissue_condition; p_values_do_not_establish_biological_replicate_significance,Tumor,False,False
cluster_tissue__C5-1__spleen,cluster_tissue,C5-1,spleen,Tumor_T2_vs_Control_Ctrl,345,239,Junb,4.337225,0.66849446,1.4429279315478971e-05,0.0027492930410028,0.744927536231884,1.2400637,0.93417704,0.7449275362318798,0.6401673640167358,False,True,False,True,True,passes_recommended_min20,exploratory_cell_level_comparison; one_sample_per_tissue_condition; p_values_do_not_establish_biological_replicate_significance,Tumor,True,True
cluster_tissue__C5-1__spleen,cluster_tissue,C5-1,spleen,Tumor_T2_vs_Control_Ctrl,345,239,Ndufb1-ps,4.2162747,0.7118703,2.483709899292693e-05,0.0044917262077039,0.6840579710144927,0.8566195,0.60288256,0.6840579710144896,0.4853556485355657,False,True,False,True,True,passes_recommended_min20,exploratory_cell_level_comparison; one_sample_per_tissue_condition; p_values_do_not_establish_biological_replicate_significance,Tumor,False,False
cluster_tissue__C5-1__spleen,cluster_tissue,C5-1,spleen,Tumor_T2_vs_Control_Ctrl,345,239,Hspa1b,4.0113807,1.5778608,6.0364685865174754e-05,0.0092407716489705,0.1913043478260869,0.23393887,0.08460698,0.191304347826087,0.0753138075313807,True,True,False,True,True,passes_recommended_min20,exploratory_cell_level_comparison; one_sample_per_tissue_condition; p_values_do_not_establish_biological_replicate_significance,Tumor,True,True
cluster_tissue__C5-1__spleen,cluster_tissue,C5-1,spleen,Tumor_T2_vs_Control_Ctrl,345,239,mt-Nd3,3.9044774,0.62744266,9.44292673163305e-05,0.0127539276236107,0.6260869565217392,0.8601217,0.6326494,0.6260869565217371,0.5271966527196659,False,True,False,True,True,passes_recommended_min20,exploratory_cell_level_comparison; one_sample_per_tissue_condition; p_values_do_not_establish_biological_replicate_significance,Tumor,False,False
cluster_tissue__C5-1__spleen,cluster_tissue,C5-1,spleen,Tumor_T2_vs_Control_Ctrl,345,239,Kctd13,3.6688135,1.7367665,0.0002436786734931,0.0298856488065777,0.1420289855072463,0.14584737,0.046036255,0.1420289855072464,0.0502092050209204,True,True,False,True,True,passes_recommended_min20,exploratory_cell_level_comparison; one_sample_per_tissue_condition; p_values_do_not_establish_biological_replicate_significance,Tumor,False,False
cluster_tissue__C5-1__spleen,cluster_tissue,C5-1,spleen,Tumor_T2_vs_Control_Ctrl,345,239,Spty2d1,3.5664759,1.2734379,0.0003618142451938,0.0406374525917737,0.2028985507246377,0.21054667,0.09252933,0.2028985507246377,0.0920502092050208,True,True,False,True,True,passes_recommended_min20,exploratory_cell_level_comparison; one_sample_per_tissue_condition; p_values_do_not_establish_biological_replicate_significance,Tumor,False,False
cluster_tissue__C5-1__spleen,cluster_tissue,C5-1,spleen,Tumor_T2_vs_Control_Ctrl,345,239,Ctdp1,3.5312026,3.226237,0.0004136746536143,0.0445849348895503,0.0695652173913043,0.06786661,0.007475805,0.0695652173913043,0.00836820083682,True,True,False,True,True,passes_recommended_min20,exploratory_cell_level_comparison; one_sample_per_tissue_condition; p_values_do_not_establish_biological_replicate_significance,Tumor,False,False
cluster_tissue__C5-1__spleen,cluster_tissue,C5-1,spleen,Tumor_T2_vs_Control_Ctrl,345,239,Pdk1,3.5064375,0.9160902,0.0004541481866335,0.0475074622684293,0.3101449275362319,0.3380718,0.19323269,0.310144927536232,0.1799163179916318,False,True,False,True,True,passes_recommended_min20,exploratory_cell_level_comparison; one_sample_per_tissue_condition; p_values_do_not_establish_biological_replicate_significance,Tumor,True,False
cluster_tissue__C5-1__spleen,cluster_tissue,C5-1,spleen,Tumor_T2_vs_Control_Ctrl,345,239,Mrps21,3.4221113,0.66438156,0.0006213685745622,0.0608257127576033,0.5246376811594203,0.5957029,0.4146187,0.5246376811594201,0.3598326359832641,False,False,False,True,True,passes_recommended_min20,exploratory_cell_level_comparison; one_sample_per_tissue_condition; p_values_do_not_establish_biological_replicate_significance,Tumor,True,False
cluster_tissue__C5-1__spleen,cluster_tissue,C5-1,spleen,Tumor_T2_vs_Control_Ctrl,345,239,Rab3gap2,3.337267,2.6412284,0.0008460665331368,0.0746076851947948,0.072463768115942,0.068715036,0.011337186,0.072463768115942,0.0125523012552301,True,False,False,True,True,passes_recommended_min20,exploratory_cell_level_comparison; one_sample_per_tissue_condition; p_values_do_not_establish_biological_replicate_significance,Tumor,False,False
cluster_tissue__C5-1__spleen,cluster_tissue,C5-1,spleen,Tumor_T2_vs_Control_Ctrl,345,239,Ypel5,3.2814126,1.0202738,0.0010328853013349,0.0863442378021413,0.2231884057971014,0.22702612,0.11836337,0.2231884057971015,0.112970711297071,True,False,False,True,True,passes_recommended_min20,exploratory_cell_level_comparison; one_sample_per_tissue_condition; p_values_do_not_establish_biological_replicate_significance,Tumor,False,False
cluster_tissue__C5-1__spleen,cluster_tissue,C5-1,spleen,Tumor_T2_vs_Control_Ctrl,345,239,Syngr2,3.2431936,0.97625214,0.0011819784801399,0.0977651967681664,0.2550724637681159,0.27494833,0.14915892,0.255072463768116,0.1464435146443514,False,False,False,True,True,passes_recommended_min20,exploratory_cell_level_comparison; one_sample_per_tissue_condition; p_values_do_not_establish_biological_replicate_significance,Tumor,False,False
cluster_tissue__C5-1__spleen,cluster_tissue,C5-1,spleen,Tumor_T2_vs_Control_Ctrl,345,239,Gm36738,3.1661756,1.6011674,0.0015445751392481,0.1211810054101336,0.1101449275362318,0.11750708,0.04027684,0.1101449275362319,0.0376569037656903,True,False,False,True,True,passes_recommended_min20,exploratory_cell_level_comparison; one_sample_per_tissue_condition; p_values_do_not_establish_biological_replicate_significance,Tumor,False,False
cluster_tissue__C5-1__spleen,cluster_tissue,C5-1,spleen,Tumor_T2_vs_Control_Ctrl,345,239,C1galt1c1,3.1225448,1.5152928,0.0017929487645551,0.1376313907755675,0.1159420289855072,0.11565415,0.041996893,0.1159420289855073,0.0418410041841004,True,False,False,True,True,passes_recommended_min20,exploratory_cell_level_comparison; one_sample_per_tissue_condition; p_values_do_not_establish_biological_replicate_significance,Tumor,True,True
cluster_tissue__C5-1__spleen,cluster_tissue,C5-1,spleen,Tumor_T2_vs_Control_Ctrl,345,239,Accs,3.085266,2.2856815,0.0020337004080203,0.1505820888955966,0.0666666666666666,0.06606255,0.013909035,0.0666666666666667,0.0125523012552301,True,False,False,True,True,passes_recommended_min20,exploratory_cell_level_comparison; one_sample_per_tissue_condition; p_values_do_not_establish_biological_replicate_significance,Tumor,False,False
cluster_tissue__C5-1__spleen,cluster_tissue,C5-1,spleen,Tumor_T2_vs_Control_Ctrl,345,239,Ppp1r15a,3.007981,0.7320289,0.0026298949454446,0.1786603159879743,0.3391304347826087,0.40820727,0.2650592,0.3391304347826088,0.2343096234309625,False,False,False,True,True,passes_recommended_min20,exploratory_cell_level_comparison; one_sample_per_tissue_condition; p_values_do_not_establish_biological_replicate_significance,Tumor,True,False
cluster_tissue__C5-1__spleen,cluster_tissue,C5-1,spleen,Tumor_T2_vs_Control_Ctrl,345,239,Gpcpd1,3.0061736,0.7619526,0.0026455791870759,0.1786603159879743,0.3130434782608696,0.34002414,0.21415663,0.3130434782608697,0.2092050209205022,False,False,False,True,True,passes_recommended_min20,exploratory_cell_level_comparison; one_sample_per_tissue_condition; p_values_do_not_establish_biological_replicate_significance,Tumor,True,False
cluster_tissue__C5-1__spleen,cluster_tissue,C5-1,spleen,Tumor_T2_vs_Control_Ctrl,345,239,Uso1,3.0030472,1.0867836,0.0026729094854691,0.1793628528556936,0.1565217391304348,0.15845291,0.07773528,0.1565217391304348,0.0711297071129706,True,False,False,True,True,passes_recommended_min20,exploratory_cell_level_comparison; one_sample_per_tissue_condition; p_values_do_not_establish_biological_replicate_significance,Tumor,False,False
cluster_tissue__C5-1__spleen,cluster_tissue,C5-1,spleen,Tumor_T2_vs_Control_Ctrl,345,239,Rnf145,3.001152,0.8943549,0.0026896022921191,0.1793628528556936,0.2289855072463768,0.24040219,0.13645542,0.2289855072463769,0.1255230125523012,False,False,False,True,True,passes_recommended_min20,exploratory_cell_level_comparison; one_sample_per_tissue_condition; p_values_do_not_establish_biological_replicate_significance,Tumor,False,False
cluster_tissue__C5-1__spleen,cluster_tissue,C5-1,spleen,Tumor_T2_vs_Control_Ctrl,345,239,Recql,2.9711678,1.2886035,0.0029666971087085,0.1953991243822206,0.1304347826086956,0.13414928,0.057105307,0.1304347826086957,0.0543933054393305,True,False,False,True,True,passes_recommended_min20,exploratory_cell_level_comparison; one_sample_per_tissue_condition; p_values_do_not_establish_biological_replicate_significance,Tumor,False,False
cluster_tissue__C5-1__spleen,cluster_tissue,C5-1,spleen,Tumor_T2_vs_Control_Ctrl,345,239,Gab3,2.963741,1.2263235,0.0030392393950647,0.1964644510033954,0.1072463768115942,0.102868065,0.045267105,0.1072463768115942,0.0376569037656903,True,False,False,True,True,passes_recommended_min20,exploratory_cell_level_comparison; one_sample_per_tissue_condition; p_values_do_not_establish_biological_replicate_significance,Tumor,False,False
cluster_tissue__C5-1__spleen,cluster_tissue,C5-1,spleen,Tumor_T2_vs_Control_Ctrl,345,239,Srp54a,2.9411597,2.1700652,0.0032698577708183,0.2024010253675724,0.0695652173913043,0.07116913,0.016257273,0.0695652173913043,0.0167364016736401,True,False,False,True,True,passes_recommended_min20,exploratory_cell_level_comparison; one_sample_per_tissue_condition; p_values_do_not_establish_biological_replicate_significance,Tumor,True,False
cluster_tissue__C5-1__spleen,cluster_tissue,C5-1,spleen,Tumor_T2_vs_Control_Ctrl,345,239,Hist1h4d,2.936264,1.2475717,0.0033219145090032,0.2024010253675724,0.1536231884057971,0.16170412,0.07131381,0.1536231884057971,0.0753138075313807,True,False,False,True,True,passes_recommended_min20,exploratory_cell_level_comparison; one_sample_per_tissue_condition; p_values_do_not_establish_biological_replicate_significance,Tumor,True,False
cluster_tissue__C5-1__spleen,cluster_tissue,C5-1,spleen,Tumor_T2_vs_Control_Ctrl,345,239,Dnajb4,2.9346468,1.2822963,0.0033392753246379,0.2024010253675724,0.1304347826086956,0.13495591,0.05770665,0.1304347826086957,0.0543933054393305,True,False,False,True,True,passes_recommended_min20,exploratory_cell_level_comparison; one_sample_per_tissue_condition; p_values_do_not_establish_biological_replicate_significance,Tumor,False,False
cluster_tissue__C5-1__spleen,cluster_tissue,C5-1,spleen,Tumor_T2_vs_Control_Ctrl,345,239,2810006K23Rik,2.9329534,1.7010334,0.0033575427825736,0.2024010253675724,0.0956521739130434,0.09739964,0.030979363,0.0956521739130435,0.0334728033472803,True,False,False,True,True,passes_recommended_min20,exploratory_cell_level_comparison; one_sample_per_tissue_condition; p_values_do_not_establish_biological_replicate_significance,Tumor,False,False
cluster_tissue__C5-1__spleen,cluster_tissue,C5-1,spleen,Tumor_T2_vs_Control_Ctrl,345,239,Hspa1a,2.9292421,1.2941304,0.0033978972707324,0.2034255513432618,0.1391304347826087,0.16558938,0.07086545,0.1391304347826087,0.0627615062761506,True,False,False,True,True,passes_recommended_min20,exploratory_cell_level_comparison; one_sample_per_tissue_condition; p_values_do_not_establish_biological_replicate_significance,Tumor,True,True
cluster_tissue__C5-1__spleen,cluster_tissue,C5-1,spleen,Tumor_T2_vs_Control_Ctrl,345,239,Lrrc8d,2.9263394,2.0092344,0.0034297642595998,0.2034255513432618,0.0695652173913043,0.06683639,0.017024145,0.0695652173913043,0.0167364016736401,True,False,False,True,True,passes_recommended_min20,exploratory_cell_level_comparison; one_sample_per_tissue_condition; p_values_do_not_establish_biological_replicate_significance,Tumor,False,False
cluster_tissue__C5-1__spleen,cluster_tissue,C5-1,spleen,Tumor_T2_vs_Control_Ctrl,345,239,Slc43a2,2.9248407,1.1469425,0.0034463257066442,0.2034255513432618,0.1536231884057971,0.15386519,0.07242591,0.1536231884057971,0.0753138075313807,True,False,False,True,True,passes_recommended_min20,exploratory_cell_level_comparison; one_sample_per_tissue_condition; p_values_do_not_establish_biological_replicate_significance,Tumor,False,False
cluster_tissue__C5-1__spleen,cluster_tissue,C5-1,spleen,Tumor_T2_vs_Control_Ctrl,345,239,Fos,2.9083896,1.1121943,0.0036329534410661,0.2083897829296103,0.1681159420289855,0.18535006,0.090025015,0.1681159420289855,0.0836820083682008,True,False,False,True,True,passes_recommended_min20,exploratory_cell_level_comparison; one_sample_per_tissue_condition; p_values_do_not_establish_biological_replicate_significance,Tumor,True,True
cluster_tissue__C5-1__spleen,cluster_tissue,C5-1,spleen,Tumor_T2_vs_Control_Ctrl,345,239,Impact,2.8860335,1.0138108,0.0039013057941345,0.2156835897586311,0.1681159420289855,0.17261703,0.0892079,0.1681159420289855,0.0836820083682008,True,False,False,True,True,passes_recommended_min20,exploratory_cell_level_comparison; one_sample_per_tissue_condition; p_values_do_not_establish_biological_replicate_significance,Tumor,False,False
cluster_tissue__C5-1__spleen,cluster_tissue,C5-1,spleen,Tumor_T2_vs_Control_Ctrl,345,239,Clstn3,2.8782794,1.8021494,0.0039985075285476,0.2187901298954017,0.0753623188405797,0.08153366,0.024067134,0.0753623188405797,0.0209205020920502,True,False,False,True,True,passes_recommended_min20,exploratory_cell_level_comparison; one_sample_per_tissue_condition; p_values_do_not_establish_biological_replicate_significance,Tumor,False,False
cluster_tissue__C5-1__spleen,cluster_tissue,C5-1,spleen,Tumor_T2_vs_Control_Ctrl,345,239,Ptpmt1,2.8585296,0.9210353,0.0042560947460429,0.225078561773288,0.1942028985507246,0.19924203,0.11014565,0.1942028985507247,0.104602510460251,False,False,False,True,True,passes_recommended_min20,exploratory_cell_level_comparison; one_sample_per_tissue_condition; p_values_do_not_establish_biological_replicate_significance,Tumor,False,False
cluster_tissue__C5-1__spleen,cluster_tissue,C5-1,spleen,Tumor_T2_vs_Control_Ctrl,345,239,Gm38115,2.8496141,2.6059272,0.0043772289413154,0.2289815872593782,0.0521739130434782,0.050262272,0.008431554,0.0521739130434782,0.00836820083682,True,False,False,True,True,passes_recommended_min20,exploratory_cell_level_comparison; one_sample_per_tissue_condition; p_values_do_not_establish_biological_replicate_significance,Tumor,False,False
cluster_tissue__C5-1__spleen,cluster_tissue,C5-1,spleen,Tumor_T2_vs_Control_Ctrl,345,239,E230034D01Rik,2.8385324,2.4326954,0.0045321523557761,0.2336138436528113,0.0521739130434782,0.04776676,0.009021208,0.0521739130434782,0.00836820083682,True,False,False,True,True,passes_recommended_min20,exploratory_cell_level_comparison; one_sample_per_tissue_condition; p_values_do_not_establish_biological_replicate_significance,Tumor,False,False
cluster_tissue__C5-1__spleen,cluster_tissue,C5-1,spleen,Tumor_T2_vs_Control_Ctrl,345,239,Dcp2,2.8271463,0.9223678,0.0046964864002099,0.2374953075366837,0.1768115942028985,0.17398751,0.09555881,0.1768115942028986,0.0920502092050208,False,False,False,True,True,passes_recommended_min20,exploratory_cell_level_comparison; one_sample_per_tissue_condition; p_values_do_not_establish_biological_replicate_significance,Tumor,True,False
cluster_tissue__C5-1__spleen,cluster_tissue,C5-1,spleen,Tumor_T2_vs_Control_Ctrl,345,239,Zfp438,2.7843046,24.885025,0.0053642618898448,0.2488551059332357,0.0318840579710144,0.030513803,0.0,0.0318840579710145,0.0,True,False,False,True,True,passes_recommended_min20,exploratory_cell_level_comparison; one_sample_per_tissue_condition; p_values_do_not_establish_biological_replicate_significance,Tumor,False,False
cluster_tissue__C5-1__spleen,cluster_tissue,C5-1,spleen,Tumor_T2_vs_Control_Ctrl,345,239,Hdhd3,2.7843046,24.89444,0.0053642618898448,0.2488551059332357,0.0318840579710144,0.03071053,0.0,0.0318840579710145,0.0,True,False,False,True,True,passes_recommended_min20,exploratory_cell_level_comparison; one_sample_per_tissue_condition; p_values_do_not_establish_biological_replicate_significance,Tumor,False,False
cluster_tissue__C5-1__spleen,cluster_tissue,C5-1,spleen,Tumor_T2_vs_Control_Ctrl,345,239,Il17re,2.7843046,24.969831,0.0053642618898448,0.2488551059332357,0.0318840579710144,0.032331698,0.0,0.0318840579710145,0.0,True,False,False,True,True,passes_recommended_min20,exploratory_cell_level_comparison; one_sample_per_tissue_condition; p_values_do_not_establish_biological_replicate_significance,Tumor,True,True
cluster_tissue__C5-1__spleen,cluster_tissue,C5-1,spleen,Tumor_T2_vs_Control_Ctrl,345,239,Pnkp,2.7523856,0.76241565,0.0059162794239852,0.2652382414030369,0.2405797101449275,0.24112983,0.14906707,0.2405797101449276,0.1380753138075313,False,False,False,True,True,passes_recommended_min20,exploratory_cell_level_comparison; one_sample_per_tissue_condition; p_values_do_not_establish_biological_replicate_significance,Tumor,False,False
cluster_tissue__C5-1__spleen,cluster_tissue,C5-1,spleen,Tumor_T2_vs_Control_Ctrl,345,239,Swap70,2.7409983,1.039108,0.0061252809070195,0.2689578077279777,0.1507246376811594,0.16678175,0.08463636,0.1507246376811594,0.0753138075313807,True,False,False,True,True,passes_recommended_min20,exploratory_cell_level_comparison; one_sample_per_tissue_condition; p_values_do_not_establish_biological_replicate_significance,Tumor,False,False
cluster_tissue__C5-1__spleen,cluster_tissue,C5-1,spleen,Tumor_T2_vs_Control_Ctrl,345,239,Itgb3bp,2.730672,1.0954723,0.0063205374992229,0.2720646637715527,0.1594202898550724,0.16783129,0.082057096,0.1594202898550725,0.0836820083682008,True,False,False,True,True,passes_recommended_min20,exploratory_cell_level_comparison; one_sample_per_tissue_condition; p_values_do_not_establish_biological_replicate_significance,Tumor,False,False
cluster_tissue__C5-1__spleen,cluster_tissue,C5-1,spleen,Tumor_T2_vs_Control_Ctrl,345,239,Ddx18,2.730516,0.6169864,0.0063235273303978,0.2720646637715527,0.4231884057971014,0.46908736,0.32949328,0.4231884057971016,0.3054393305439334,False,False,False,True,True,passes_recommended_min20,exploratory_cell_level_comparison; one_sample_per_tissue_condition; p_values_do_not_establish_biological_replicate_significance,Tumor,False,False
cluster_tissue__C5-1__spleen,cluster_tissue,C5-1,spleen,Tumor_T2_vs_Control_Ctrl,345,239,Alkbh1,2.723704,0.6211304,0.0064554326836765,0.2735576856869769,0.3536231884057971,0.3978144,0.27584818,0.3536231884057972,0.2468619246861927,False,False,False,True,True,passes_recommended_min20,exploratory_cell_level_comparison; one_sample_per_tissue_condition; p_values_do_not_establish_biological_replicate_significance,Tumor,False,False
cluster_tissue__C5-1__spleen,cluster_tissue,C5-1,spleen,Tumor_T2_vs_Control_Ctrl,345,239,Zc3h6,2.7207196,1.1732522,0.0065139986759333,0.2736392357173566,0.1333333333333333,0.14361909,0.066240594,0.1333333333333334,0.0627615062761506,True,False,False,True,True,passes_recommended_min20,exploratory_cell_level_comparison; one_sample_per_tissue_condition; p_values_do_not_establish_biological_replicate_significance,Tumor,False,False
cluster_tissue__C5-1__spleen,cluster_tissue,C5-1,spleen,Tumor_T2_vs_Control_Ctrl,345,239,Iglc2,2.7158234,2.0836906,0.0066111193092163,0.2766299726640743,0.0492753623188405,0.06446552,0.015586866,0.0492753623188405,0.00836820083682,True,False,False,True,True,passes_recommended_min20,exploratory_cell_level_comparison; one_sample_per_tissue_condition; p_values_do_not_establish_biological_replicate_significance,Tumor,False,False
cluster_tissue__C5-1__spleen,cluster_tissue,C5-1,spleen,Tumor_T2_vs_Control_Ctrl,345,239,Rnf144a,2.7124908,0.77692777,0.0066779615961982,0.2783353524665452,0.2434782608695652,0.26102495,0.16047381,0.2434782608695653,0.1506276150627615,False,False,False,True,True,passes_recommended_min20,exploratory_cell_level_comparison; one_sample_per_tissue_condition; p_values_do_not_establish_biological_replicate_significance,Tumor,False,False
cluster_tissue__C5-1__spleen,cluster_tissue,C5-1,spleen,Tumor_T2_vs_Control_Ctrl,345,239,Otud5,2.7040448,0.8082899,0.0068501052050245,0.280970204880525,0.217391304347826,0.22589624,0.1351707,0.2173913043478262,0.1297071129707112,False,False,False,True,True,passes_recommended_min20,exploratory_cell_level_comparison; one_sample_per_tissue_condition; p_values_do_not_establish_biological_replicate_significance,Tumor,True,False
cluster_tissue__C5-1__spleen,cluster_tissue,C5-1,spleen,Tumor_T2_vs_Control_Ctrl,345,239,Smim26,2.7029436,0.83723575,0.0068728419375648,0.280970204880525,0.2289855072463768,0.2414261,0.14222643,0.2289855072463769,0.1422594142259414,False,False,False,True,True,passes_recommended_min20,exploratory_cell_level_comparison; one_sample_per_tissue_condition; p_values_do_not_establish_biological_replicate_significance,Tumor,False,False
cluster_tissue__C5-1__spleen,cluster_tissue,C5-1,spleen,Tumor_T2_vs_Control_Ctrl,345,239,Galnt11,2.6500998,0.74132895,0.0080468005730622,0.3102912829990153,0.2289855072463768,0.23626944,0.14792538,0.2289855072463769,0.1338912133891213,False,False,False,True,True,passes_recommended_min20,exploratory_cell_level_comparison; one_sample_per_tissue_condition; p_values_do_not_establish_biological_replicate_significance,Tumor,True,True
cluster_tissue__C5-1__spleen,cluster_tissue,C5-1,spleen,Tumor_T2_vs_Control_Ctrl,345,239,Pick1,2.6464672,1.3519934,0.0081337382307209,0.3102912829990153,0.0956521739130434,0.09439286,0.038046874,0.0956521739130435,0.0376569037656903,True,False,False,True,True,passes_recommended_min20,exploratory_cell_level_comparison; one_sample_per_tissue_condition; p_values_do_not_establish_biological_replicate_significance,Tumor,False,False
cluster_tissue__C5-1__spleen,cluster_tissue,C5-1,spleen,Tumor_T2_vs_Control_Ctrl,345,239,1700113A16Rik,2.6438415,2.1291585,0.0081971024235871,0.3102912829990153,0.0550724637681159,0.058175903,0.013600033,0.0550724637681159,0.0125523012552301,True,False,False,True,True,passes_recommended_min20,exploratory_cell_level_comparison; one_sample_per_tissue_condition; p_values_do_not_establish_biological_replicate_significance,Tumor,False,False
cluster_tissue__C5-1__spleen,cluster_tissue,C5-1,spleen,Tumor_T2_vs_Control_Ctrl,345,239,Khnyn,2.6304162,0.99431574,0.0085280397500962,0.3148587686281208,0.1652173913043478,0.16828689,0.088010654,0.1652173913043479,0.0878661087866108,False,False,False,True,True,passes_recommended_min20,exploratory_cell_level_comparison; one_sample_per_tissue_condition; p_values_do_not_establish_biological_replicate_significance,Tumor,False,False
cluster_tissue__C5-1__spleen,cluster_tissue,C5-1,spleen,Tumor_T2_vs_Control_Ctrl,345,239,Atl3,2.6215591,0.7881946,0.0087528596777974,0.3192244816939333,0.1971014492753623,0.20820025,0.12577851,0.1971014492753624,0.112970711297071,False,False,False,True,True,passes_recommended_min20,exploratory_cell_level_comparison; one_sample_per_tissue_condition; p_values_do_not_establish_biological_replicate_significance,Tumor,False,False
cluster_tissue__C5-1__spleen,cluster_tissue,C5-1,spleen,Tumor_T2_vs_Control_Ctrl,345,239,Gstp1,2.619584,0.6560312,0.0088037048456663,0.3192244816939333,0.3014492753623188,0.31165847,0.20869865,0.3014492753623189,0.2008368200836821,False,False,False,True,True,passes_recommended_min20,exploratory_cell_level_comparison; one_sample_per_tissue_condition; p_values_do_not_establish_biological_replicate_significance,Tumor,True,True
cluster_tissue__C5-1__spleen,cluster_tissue,C5-1,spleen,Tumor_T2_vs_Control_Ctrl,345,239,Rccd1,2.6154127,2.5358152,0.0089119681180972,0.3192244816939333,0.0463768115942029,0.04434386,0.0077884197,0.0463768115942029,0.00836820083682,True,False,False,True,True,passes_recommended_min20,exploratory_cell_level_comparison; one_sample_per_tissue_condition; p_values_do_not_establish_biological_replicate_significance,Tumor,False,False
cluster_tissue__C5-1__spleen,cluster_tissue,C5-1,spleen,Tumor_T2_vs_Control_Ctrl,345,239,S100a4,2.614866,0.66255,0.0089262462712368,0.3192244816939333,0.3536231884057971,0.52410555,0.3613389,0.3536231884057972,0.2510460251046028,False,False,False,True,True,passes_recommended_min20,exploratory_cell_level_comparison; one_sample_per_tissue_condition; p_values_do_not_establish_biological_replicate_significance,Tumor,False,False
cluster_tissue__C5-1__spleen,cluster_tissue,C5-1,spleen,Tumor_T2_vs_Control_Ctrl,345,239,Fam53c,2.6060667,2.029509,0.0091588603745197,0.3235928483315415,0.0608695652173913,0.061452165,0.015404836,0.0608695652173913,0.0167364016736401,True,False,False,True,True,passes_recommended_min20,exploratory_cell_level_comparison; one_sample_per_tissue_condition; p_values_do_not_establish_biological_replicate_significance,Tumor,False,False
cluster_tissue__C5-1__spleen,cluster_tissue,C5-1,spleen,Tumor_T2_vs_Control_Ctrl,345,239,Sumo3,2.600605,0.61690164,0.009305954513833,0.3266267587585477,0.3246376811594202,0.35029605,0.24179678,0.3246376811594204,0.2175732217573223,False,False,False,True,True,passes_recommended_min20,exploratory_cell_level_comparison; one_sample_per_tissue_condition; p_values_do_not_establish_biological_replicate_significance,Tumor,True,True
cluster_tissue__C5-1__spleen,cluster_tissue,C5-1,spleen,Tumor_T2_vs_Control_Ctrl,345,239,1810013L24Rik,2.5935783,0.81968325,0.0094982911834048,0.3274082549393909,0.1710144927536231,0.16733736,0.098216616,0.1710144927536232,0.0920502092050208,False,False,False,True,True,passes_recommended_min20,exploratory_cell_level_comparison; one_sample_per_tissue_condition; p_values_do_not_establish_biological_replicate_significance,Tumor,False,False
cluster_tissue__C5-1__spleen,cluster_tissue,C5-1,spleen,Tumor_T2_vs_Control_Ctrl,345,239,1110038B12Rik,2.5886288,0.73276454,0.009635891914144,0.3274082549393909,0.2753623188405797,0.29470327,0.18750513,0.2753623188405798,0.1799163179916318,False,False,False,True,True,passes_recommended_min20,exploratory_cell_level_comparison; one_sample_per_tissue_condition; p_values_do_not_establish_biological_replicate_significance,Tumor,False,False
cluster_tissue__C5-1__spleen,cluster_tissue,C5-1,spleen,Tumor_T2_vs_Control_Ctrl,345,239,E430024I08Rik,2.587359,2.4948933,0.0096714795215638,0.3274082549393909,0.0376811594202898,0.035625197,0.0064133494,0.0376811594202898,0.00418410041841,True,False,False,True,True,passes_recommended_min20,exploratory_cell_level_comparison; one_sample_per_tissue_condition; p_values_do_not_establish_biological_replicate_significance,Tumor,False,False
cluster_tissue__C5-1__spleen,cluster_tissue,C5-1,spleen,Tumor_T2_vs_Control_Ctrl,345,239,Kars,2.5850155,0.78931165,0.0097374638174989,0.3274082549393909,0.1855072463768116,0.18300119,0.10992652,0.1855072463768116,0.104602510460251,False,False,False,True,True,passes_recommended_min20,exploratory_cell_level_comparison; one_sample_per_tissue_condition; p_values_do_not_establish_biological_replicate_significance,Tumor,True,False
cluster_tissue__C5-1__spleen,cluster_tissue,C5-1,spleen,Tumor_T2_vs_Control_Ctrl,345,239,Akr1b10,2.5843022,0.7913841,0.0097576267003699,0.3274082549393909,0.1971014492753623,0.20391312,0.12282907,0.1971014492753624,0.112970711297071,False,False,False,True,True,passes_recommended_min20,exploratory_cell_level_comparison; one_sample_per_tissue_condition; p_values_do_not_establish_biological_replicate_significance,Tumor,True,True
cluster_tissue__C5-1__spleen,cluster_tissue,C5-1,spleen,Tumor_T2_vs_Control_Ctrl,345,239,Znhit3,2.5828273,0.97885627,0.0097994355985416,0.3277742251926003,0.136231884057971,0.13954554,0.073232815,0.136231884057971,0.0669456066945606,False,False,False,True,True,passes_recommended_min20,exploratory_cell_level_comparison; one_sample_per_tissue_condition; p_values_do_not_establish_biological_replicate_significance,Tumor,False,False
cluster_tissue__C5-1__spleen,cluster_tissue,C5-1,spleen,Tumor_T2_vs_Control_Ctrl,345,239,Tdrd3,2.5758238,1.4825871,0.0100001575697539,0.3334427539664821,0.081159420289855,0.076405935,0.028017076,0.0811594202898551,0.0292887029288702,True,False,False,True,True,passes_recommended_min20,exploratory_cell_level_comparison; one_sample_per_tissue_condition; p_values_do_not_establish_biological_replicate_significance,Tumor,False,False
cluster_tissue__C5-1__spleen,cluster_tissue,C5-1,spleen,Tumor_T2_vs_Control_Ctrl,345,239,Gm12840,2.564953,0.7015108,0.0103189785964412,0.3349062876087876,0.3101449275362319,0.46644115,0.3114899,0.310144927536232,0.2175732217573223,False,False,False,True,True,passes_recommended_min20,exploratory_cell_level_comparison; one_sample_per_tissue_condition; p_values_do_not_establish_biological_replicate_significance,Tumor,False,False
cluster_tissue__C5-1__spleen,cluster_tissue,C5-1,spleen,Tumor_T2_vs_Control_Ctrl,345,239,2010300C02Rik,2.560547,1.7817835,0.0104507507226142,0.3349062876087876,0.0666666666666666,0.06710718,0.019985057,0.0666666666666667,0.0209205020920502,True,False,False,True,True,passes_recommended_min20,exploratory_cell_level_comparison; one_sample_per_tissue_condition; p_values_do_not_establish_biological_replicate_significance,Tumor,False,False
cluster_tissue__C5-1__spleen,cluster_tissue,C5-1,spleen,Tumor_T2_vs_Control_Ctrl,345,239,Cenpb,2.5600977,0.67170346,0.0104642740168957,0.3349062876087876,0.2666666666666666,0.28157324,0.18578003,0.2666666666666668,0.1757322175732218,False,False,False,True,True,passes_recommended_min20,exploratory_cell_level_comparison; one_sample_per_tissue_condition; p_values_do_not_establish_biological_replicate_significance,Tumor,False,False
cluster_tissue__C5-1__spleen,cluster_tissue,C5-1,spleen,Tumor_T2_vs_Control_Ctrl,345,239,Lpcat3,2.5594604,0.6174897,0.0104834770441738,0.3349062876087876,0.3014492753623188,0.31651452,0.2172786,0.3014492753623189,0.2008368200836821,False,False,False,True,True,passes_recommended_min20,exploratory_cell_level_comparison; one_sample_per_tissue_condition; p_values_do_not_establish_biological_replicate_significance,Tumor,True,False
cluster_tissue__C5-1__spleen,cluster_tissue,C5-1,spleen,Tumor_T2_vs_Control_Ctrl,345,239,Ttc27,2.552924,1.257401,0.0106822792342773,0.336271820584889,0.1043478260869565,0.10746718,0.04636588,0.1043478260869565,0.0460251046025104,True,False,False,True,True,passes_recommended_min20,exploratory_cell_level_comparison; one_sample_per_tissue_condition; p_values_do_not_establish_biological_replicate_significance,Tumor,False,False
cluster_tissue__C5-1__spleen,cluster_tissue,C5-1,spleen,Tumor_T2_vs_Control_Ctrl,345,239,Thra,2.5518484,0.7992455,0.010715315744973,0.336271820584889,0.2231884057971014,0.24301726,0.1467641,0.2231884057971015,0.1380753138075313,False,False,False,True,True,passes_recommended_min20,exploratory_cell_level_comparison; one_sample_per_tissue_condition; p_values_do_not_establish_biological_replicate_significance,Tumor,True,False
cluster_tissue__C5-1__spleen,cluster_tissue,C5-1,spleen,Tumor_T2_vs_Control_Ctrl,345,239,Mettl27,2.5343106,1.2383283,0.0112668855666616,0.3474499103938724,0.0927536231884058,0.0914924,0.039806798,0.0927536231884058,0.0376569037656903,True,False,False,True,True,passes_recommended_min20,exploratory_cell_level_comparison; one_sample_per_tissue_condition; p_values_do_not_establish_biological_replicate_significance,Tumor,False,False
cluster_tissue__C5-1__spleen,cluster_tissue,C5-1,spleen,Tumor_T2_vs_Control_Ctrl,345,239,Gtf3c6,2.5307143,0.61089295,0.0113830518787248,0.3490148377758442,0.2927536231884058,0.30556637,0.21027572,0.2927536231884059,0.192468619246862,False,False,False,True,True,passes_recommended_min20,exploratory_cell_level_comparison; one_sample_per_tissue_condition; p_values_do_not_establish_biological_replicate_significance,Tumor,False,False
cluster_tissue__C5-1__spleen,cluster_tissue,C5-1,spleen,Tumor_T2_vs_Control_Ctrl,345,239,Pdcd2l,2.5159097,1.1480318,0.0118725631977461,0.3556108651953,0.1159420289855072,0.11680652,0.054402553,0.1159420289855073,0.0543933054393305,True,False,False,True,True,passes_recommended_min20,exploratory_cell_level_comparison; one_sample_per_tissue_condition; p_values_do_not_establish_biological_replicate_significance,Tumor,False,False
cluster_tissue__C5-1__spleen,cluster_tissue,C5-1,spleen,Tumor_T2_vs_Control_Ctrl,345,239,Zfp971,2.514165,24.612745,0.0119314610815292,0.3556108651953,0.0260869565217391,0.025331588,0.0,0.0260869565217391,0.0,True,False,False,True,True,passes_recommended_min20,exploratory_cell_level_comparison; one_sample_per_tissue_condition; p_values_do_not_establish_biological_replicate_significance,Tumor,False,False
cluster_tissue__C5-1__spleen,cluster_tissue,C5-1,spleen,Tumor_T2_vs_Control_Ctrl,345,239,Zfp365,2.514165,24.54042,0.0119314610815292,0.3556108651953,0.0260869565217391,0.024107784,0.0,0.0260869565217391,0.0,True,False,False,True,True,passes_recommended_min20,exploratory_cell_level_comparison; one_sample_per_tissue_condition; p_values_do_not_establish_biological_replicate_significance,Tumor,False,False
cluster_tissue__C5-1__spleen,cluster_tissue,C5-1,spleen,Tumor_T2_vs_Control_Ctrl,345,239,Nek3,2.514165,24.621378,0.0119314610815292,0.3556108651953,0.0260869565217391,0.025481675,0.0,0.0260869565217391,0.0,True,False,False,True,True,passes_recommended_min20,exploratory_cell_level_comparison; one_sample_per_tissue_condition; p_values_do_not_establish_biological_replicate_significance,Tumor,False,False
cluster_tissue__C5-1__spleen,cluster_tissue,C5-1,spleen,Tumor_T2_vs_Control_Ctrl,345,239,Bckdk,2.5110176,0.7623926,0.0120383710939699,0.3558155666832663,0.1681159420289855,0.16328754,0.09945233,0.1681159420289855,0.0920502092050208,False,False,False,True,True,passes_recommended_min20,exploratory_cell_level_comparison; one_sample_per_tissue_condition; p_values_do_not_establish_biological_replicate_significance,Tumor,False,False
cluster_tissue__C5-1__spleen,cluster_tissue,C5-1,spleen,Tumor_T2_vs_Control_Ctrl,345,239,Top3b,2.5051794,0.7428857,0.0122389322264079,0.3607442178336273,0.1797101449275362,0.18182774,0.11257356,0.1797101449275363,0.104602510460251,False,False,False,True,True,passes_recommended_min20,exploratory_cell_level_comparison; one_sample_per_tissue_condition; p_values_do_not_establish_biological_replicate_significance,Tumor,True,True
cluster_tissue__C5-1__spleen,cluster_tissue,C5-1,spleen,Tumor_T2_vs_Control_Ctrl,345,239,Ankrd40,2.4990408,0.7200888,0.012452996228282,0.3650370048235433,0.2,0.20340464,0.12833473,0.2000000000000001,0.1171548117154811,False,False,False,True,True,passes_recommended_min20,exploratory_cell_level_comparison; one_sample_per_tissue_condition; p_values_do_not_establish_biological_replicate_significance,Tumor,False,False
cluster_tissue__C5-1__spleen,cluster_tissue,C5-1,spleen,Tumor_T2_vs_Control_Ctrl,345,239,Arntl,2.4980545,0.77342796,0.0124877009176388,0.3650514213457723,0.1565217391304348,0.15328056,0.09249773,0.1565217391304348,0.0836820083682008,False,False,False,True,True,passes_recommended_min20,exploratory_cell_level_comparison; one_sample_per_tissue_condition; p_values_do_not_establish_biological_replicate_significance,Tumor,True,False
cluster_tissue__C5-1__spleen,cluster_tissue,C5-1,spleen,Tumor_T2_vs_Control_Ctrl,345,239,5830454E08Rik,2.4945219,2.5318856,0.0126126928835251,0.3666960029079386,0.0434782608695652,0.043128308,0.0075916843,0.0434782608695652,0.00836820083682,True,False,False,True,True,passes_recommended_min20,exploratory_cell_level_comparison; one_sample_per_tissue_condition; p_values_do_not_establish_biological_replicate_significance,Tumor,False,False
cluster_tissue__C5-1__spleen,cluster_tissue,C5-1,spleen,Tumor_T2_vs_Control_Ctrl,345,239,Rundc3b,2.4912136,1.5601765,0.0127307584007488,0.3681804529635925,0.072463768115942,0.0714349,0.024800373,0.072463768115942,0.0251046025104602,True,False,False,True,True,passes_recommended_min20,exploratory_cell_level_comparison; one_sample_per_tissue_condition; p_values_do_not_establish_biological_replicate_significance,Tumor,False,False
cluster_tissue__C5-1__spleen,cluster_tissue,C5-1,spleen,Tumor_T2_vs_Control_Ctrl,345,239,Eid2b,2.4864454,1.5145258,0.0129026343572994,0.3689747798001913,0.0666666666666666,0.063096195,0.022540055,0.0666666666666667,0.0209205020920502,True,False,False,True,True,passes_recommended_min20,exploratory_cell_level_comparison; one_sample_per_tissue_condition; p_values_do_not_establish_biological_replicate_significance,Tumor,False,False
cluster_tissue__C5-1__spleen,cluster_tissue,C5-1,spleen,Tumor_T2_vs_Control_Ctrl,345,239,Tep1,2.485824,1.1049465,0.0129251821131883,0.3689747798001913,0.1246376811594203,0.1300712,0.06258198,0.1246376811594203,0.0627615062761506,True,False,False,True,True,passes_recommended_min20,exploratory_cell_level_comparison; one_sample_per_tissue_condition; p_values_do_not_establish_biological_replicate_significance,Tumor,False,False
cluster_tissue__C5-1__spleen,cluster_tissue,C5-1,spleen,Tumor_T2_vs_Control_Ctrl,345,239,Dlg4,2.4857109,0.76485234,0.0129292962353223,0.3689747798001913,0.2115942028985507,0.22386257,0.13772288,0.2115942028985508,0.1338912133891213,False,False,False,True,True,passes_recommended_min20,exploratory_cell_level_comparison; one_sample_per_tissue_condition; p_values_do_not_establish_biological_replicate_significance,Tumor,True,True
cluster_tissue__C5-1__spleen,cluster_tissue,C5-1,spleen,Tumor_T2_vs_Control_Ctrl,345,239,Pced1b,2.4846077,0.9965148,0.0129694264992048,0.3689747798001913,0.1420289855072463,0.14723107,0.07650044,0.1420289855072464,0.0753138075313807,False,False,False,True,True,passes_recommended_min20,exploratory_cell_level_comparison; one_sample_per_tissue_condition; p_values_do_not_establish_biological_replicate_significance,Tumor,False,False
cluster_tissue__C5-1__spleen,cluster_tissue,C5-1,spleen,Tumor_T2_vs_Control_Ctrl,345,239,Dpagt1,2.4845548,1.5343623,0.0129713512751175,0.3689747798001913,0.0782608695652174,0.07883034,0.027922679,0.0782608695652174,0.0292887029288702,True,False,False,True,True,passes_recommended_min20,exploratory_cell_level_comparison; one_sample_per_tissue_condition; p_values_do_not_establish_biological_replicate_significance,Tumor,True,False
cluster_tissue__C5-1__spleen,cluster_tissue,C5-1,spleen,Tumor_T2_vs_Control_Ctrl,345,239,Sec22a,2.4837062,0.98274684,0.0130022977699036,0.3689747798001913,0.1420289855072463,0.13854934,0.072503984,0.1420289855072464,0.0753138075313807,False,False,False,True,True,passes_recommended_min20,exploratory_cell_level_comparison; one_sample_per_tissue_condition; p_values_do_not_establish_biological_replicate_significance,Tumor,False,False
cluster_tissue__C5-1__spleen,cluster_tissue,C5-1,spleen,Tumor_T2_vs_Control_Ctrl,345,239,Sik1,2.4705443,2.3991969,0.013490757583824,0.3719544791199043,0.0434782608695652,0.04379787,0.008451454,0.0434782608695652,0.00836820083682,True,False,False,True,True,passes_recommended_min20,exploratory_cell_level_comparison; one_sample_per_tissue_condition; p_values_do_not_establish_biological_replicate_significance,Tumor,True,False
cluster_tissue__C5-1__spleen,cluster_tissue,C5-1,spleen,Tumor_T2_vs_Control_Ctrl,345,239,Cln6,2.4679987,1.2039038,0.0135870800727987,0.3726431173543719,0.0956521739130434,0.09683916,0.043194123,0.0956521739130435,0.0418410041841004,True,False,False,True,True,passes_recommended_min20,exploratory_cell_level_comparison; one_sample_per_tissue_condition; p_values_do_not_establish_biological_replicate_significance,Tumor,False,False
cluster_tissue__C5-1__spleen,cluster_tissue,C5-1,spleen,Tumor_T2_vs_Control_Ctrl,345,239,Gm17173,2.467119,2.257823,0.0136205075696537,0.3726431173543719,0.0434782608695652,0.046689235,0.0099439975,0.0434782608695652,0.00836820083682,True,False,False,True,True,passes_recommended_min20,exploratory_cell_level_comparison; one_sample_per_tissue_condition; p_values_do_not_establish_biological_replicate_significance,Tumor,False,False
cluster_tissue__C5-1__spleen,cluster_tissue,C5-1,spleen,Tumor_T2_vs_Control_Ctrl,345,239,Slc25a30,2.4632392,1.0252633,0.0137688055966131,0.3734595675050001,0.1246376811594203,0.12606926,0.06392663,0.1246376811594203,0.0627615062761506,True,False,False,True,True,passes_recommended_min20,exploratory_cell_level_comparison; one_sample_per_tissue_condition; p_values_do_not_establish_biological_replicate_significance,Tumor,False,False
cluster_tissue__C5-1__spleen,cluster_tissue,C5-1,spleen,Tumor_T2_vs_Control_Ctrl,345,239,Gabpb1,2.4626784,1.035225,0.013790353289313,0.3734595675050001,0.1101449275362318,0.10685339,0.053564943,0.1101449275362319,0.0502092050209204,True,False,False,True,True,passes_recommended_min20,exploratory_cell_level_comparison; one_sample_per_tissue_condition; p_values_do_not_establish_biological_replicate_significance,Tumor,False,False
cluster_tissue__C5-1__spleen,cluster_tissue,C5-1,spleen,Tumor_T2_vs_Control_Ctrl,345,239,Eef1akmt4,2.4493935,1.7976637,0.0143097011405241,0.3844849630208183,0.0579710144927536,0.058100265,0.017060623,0.0579710144927536,0.0167364016736401,True,False,False,True,True,passes_recommended_min20,exploratory_cell_level_comparison; one_sample_per_tissue_condition; p_values_do_not_establish_biological_replicate_significance,Tumor,False,False
cluster_tissue__C5-1__spleen,cluster_tissue,C5-1,spleen,Tumor_T2_vs_Control_Ctrl,345,239,Ide,2.4382029,0.90292895,0.014760484339067,0.3844849630208183,0.1536231884057971,0.15458442,0.085630745,0.1536231884057971,0.0836820083682008,False,False,False,True,True,passes_recommended_min20,exploratory_cell_level_comparison; one_sample_per_tissue_condition; p_values_do_not_establish_biological_replicate_significance,Tumor,True,False
cluster_tissue__C5-1__spleen,cluster_tissue,C5-1,spleen,Tumor_T2_vs_Control_Ctrl,345,239,Rmi1,2.4360096,1.0068198,0.0148502931821953,0.3844849630208183,0.1304347826086956,0.13266248,0.06821713,0.1304347826086957,0.0669456066945606,True,False,False,True,True,passes_recommended_min20,exploratory_cell_level_comparison; one_sample_per_tissue_condition; p_values_do_not_establish_biological_replicate_significance,Tumor,True,True
cluster_tissue__C5-1__spleen,cluster_tissue,C5-1,spleen,Tumor_T2_vs_Control_Ctrl,345,239,Sertad2,2.43516,0.68133706,0.0148852127819285,0.3844849630208183,0.2202898550724637,0.22286141,0.14468622,0.2202898550724638,0.1338912133891213,False,False,False,True,True,passes_recommended_min20,exploratory_cell_level_comparison; one_sample_per_tissue_condition; p_values_do_not_establish_biological_replicate_significance,Tumor,False,False
cluster_tissue__C5-1__spleen,cluster_tissue,C5-1,spleen,Tumor_T2_vs_Control_Ctrl,345,239,4932438H23Rik,2.4334426,1.2382268,0.014956009132667,0.3844849630208183,0.072463768115942,0.07290539,0.031555384,0.072463768115942,0.0251046025104602,True,False,False,True,True,passes_recommended_min20,exploratory_cell_level_comparison; one_sample_per_tissue_condition; p_values_do_not_establish_biological_replicate_significance,Tumor,False,False
cluster_tissue__C5-1__spleen,cluster_tissue,C5-1,spleen,Tumor_T2_vs_Control_Ctrl,345,239,Cyb5r1,2.431991,1.599325,0.0150160770036206,0.3844849630208183,0.0579710144927536,0.05302748,0.017813446,0.0579710144927536,0.0167364016736401,True,False,False,True,True,passes_recommended_min20,exploratory_cell_level_comparison; one_sample_per_tissue_condition; p_values_do_not_establish_biological_replicate_significance,Tumor,True,False
cluster_tissue__C5-1__spleen,cluster_tissue,C5-1,spleen,Tumor_T2_vs_Control_Ctrl,345,239,Dstyk,2.4317455,1.5727326,0.0150262633158089,0.3844849630208183,0.0695652173913043,0.07596208,0.02618533,0.0695652173913043,0.0251046025104602,True,False,False,True,True,passes_recommended_min20,exploratory_cell_level_comparison; one_sample_per_tissue_condition; p_values_do_not_establish_biological_replicate_significance,Tumor,False,False
cluster_tissue__C5-1__spleen,cluster_tissue,C5-1,spleen,Tumor_T2_vs_Control_Ctrl,345,239,Plekhn1,2.4232898,1.3576735,0.0153806488039941,0.3873606033756298,0.0579710144927536,0.05799173,0.023030775,0.0579710144927536,0.0167364016736401,True,False,False,True,True,passes_recommended_min20,exploratory_cell_level_comparison; one_sample_per_tissue_condition; p_values_do_not_establish_biological_replicate_significance,Tumor,False,False
cluster_tissue__C5-1__spleen,cluster_tissue,C5-1,spleen,Tumor_T2_vs_Control_Ctrl,345,239,Haus1,2.4133961,1.1100904,0.0158046329718642,0.3894582766969778,0.1072463768115942,0.107077725,0.05103389,0.1072463768115942,0.0502092050209204,True,False,False,True,True,passes_recommended_min20,exploratory_cell_level_comparison; one_sample_per_tissue_condition; p_values_do_not_establish_biological_replicate_significance,Tumor,False,False
cluster_tissue__C5-1__spleen,cluster_tissue,C5-1,spleen,Tumor_T2_vs_Control_Ctrl,345,239,Rab35,2.4057782,0.6878349,0.0161380585788088,0.3922393736580636,0.2492753623188406,0.25922233,0.16864833,0.2492753623188407,0.1589958158995816,False,False,False,True,True,passes_recommended_min20,exploratory_cell_level_comparison; one_sample_per_tissue_condition; p_values_do_not_establish_biological_replicate_significance,Tumor,True,False
cluster_tissue__C5-1__spleen,cluster_tissue,C5-1,spleen,Tumor_T2_vs_Control_Ctrl,345,239,Lmf1,2.4023838,1.5345874,0.0162886089373749,0.394998766731343,0.0637681159420289,0.065232836,0.023001034,0.063768115942029,0.0209205020920502,True,False,False,True,True,passes_recommended_min20,exploratory_cell_level_comparison; one_sample_per_tissue_condition; p_values_do_not_establish_biological_replicate_significance,Tumor,False,False
cluster_tissue__C5-1__spleen,cluster_tissue,C5-1,spleen,Tumor_T2_vs_Control_Ctrl,345,239,Mlh1,2.3997629,1.2391953,0.0164056960691631,0.3952408237090367,0.0840579710144927,0.08247965,0.035772882,0.0840579710144927,0.0334728033472803,True,False,False,True,True,passes_recommended_min20,exploratory_cell_level_comparison; one_sample_per_tissue_condition; p_values_do_not_establish_biological_replicate_significance,Tumor,True,True
cluster_tissue__C5-1__spleen,cluster_tissue,C5-1,spleen,Tumor_T2_vs_Control_Ctrl,345,239,Coq3,2.3941588,1.4149613,0.0166585346974599,0.3952408237090367,0.0637681159420289,0.063857794,0.02442829,0.063768115942029,0.0209205020920502,True,False,False,True,True,passes_recommended_min20,exploratory_cell_level_comparison; one_sample_per_tissue_condition; p_values_do_not_establish_biological_replicate_significance,Tumor,True,False
cluster_tissue__C5-1__spleen,cluster_tissue,C5-1,spleen,Tumor_T2_vs_Control_Ctrl,345,239,Hells,2.393928,1.1282226,0.0166690131836051,0.3952408237090367,0.1217391304347826,0.12604207,0.059638817,0.1217391304347826,0.0627615062761506,True,False,False,True,True,passes_recommended_min20,exploratory_cell_level_comparison; one_sample_per_tissue_condition; p_values_do_not_establish_biological_replicate_significance,Tumor,False,False
cluster_tissue__C5-1__spleen,cluster_tissue,C5-1,spleen,Tumor_T2_vs_Control_Ctrl,345,239,2610002M06Rik,2.3893185,0.7178121,0.0168796611312327,0.3967092164543019,0.1884057971014492,0.18753244,0.11815245,0.1884057971014493,0.112970711297071,False,False,False,True,True,passes_recommended_min20,exploratory_cell_level_comparison; one_sample_per_tissue_condition; p_values_do_not_establish_biological_replicate_significance,Tumor,True,False
cluster_tissue__C5-1__spleen,cluster_tissue,C5-1,spleen,Tumor_T2_vs_Control_Ctrl,345,239,Kin,2.3861325,0.6403077,0.0170266213841579,0.399283626744978,0.2492753623188406,0.26815125,0.18008026,0.2492753623188407,0.1673640167364017,False,False,False,True,True,passes_recommended_min20,exploratory_cell_level_comparison; one_sample_per_tissue_condition; p_values_do_not_establish_biological_replicate_significance,Tumor,False,False
cluster_tissue__C5-1__spleen,cluster_tissue,C5-1,spleen,Tumor_T2_vs_Control_Ctrl,345,239,Ebag9,2.37349,0.7192994,0.0176208708325046,0.4067442950402367,0.1913043478260869,0.18926609,0.119166724,0.191304347826087,0.112970711297071,False,False,False,True,True,passes_recommended_min20,exploratory_cell_level_comparison; one_sample_per_tissue_condition; p_values_do_not_establish_biological_replicate_significance,Tumor,True,True
cluster_tissue__C5-1__spleen,cluster_tissue,C5-1,spleen,Tumor_T2_vs_Control_Ctrl,345,239,Tmem14a,2.3691375,1.4546098,0.0178296197931756,0.4067442950402367,0.0492753623188405,0.04751941,0.017600372,0.0492753623188405,0.0125523012552301,True,False,False,True,True,passes_recommended_min20,exploratory_cell_level_comparison; one_sample_per_tissue_condition; p_values_do_not_establish_biological_replicate_significance,Tumor,False,False
cluster_tissue__C5-1__spleen,cluster_tissue,C5-1,spleen,Tumor_T2_vs_Control_Ctrl,345,239,Acer3,2.368339,24.416386,0.0178681527985828,0.4067442950402367,0.0231884057971014,0.02214356,0.0,0.0231884057971014,0.0,True,False,False,True,True,passes_recommended_min20,exploratory_cell_level_comparison; one_sample_per_tissue_condition; p_values_do_not_establish_biological_replicate_significance,Tumor,True,False
cluster_tissue__C5-1__spleen,cluster_tissue,C5-1,spleen,Tumor_T2_vs_Control_Ctrl,345,239,Elovl7,2.368339,24.478327,0.0178681527985828,0.4067442950402367,0.0231884057971014,0.023103826,0.0,0.0231884057971014,0.0,True,False,False,True,True,passes_recommended_min20,exploratory_cell_level_comparison; one_sample_per_tissue_condition; p_values_do_not_establish_biological_replicate_significance,Tumor,True,False
cluster_tissue__C5-1__spleen,cluster_tissue,C5-1,spleen,Tumor_T2_vs_Control_Ctrl,345,239,1700066M21Rik,2.368339,24.62611,0.0178681527985828,0.4067442950402367,0.0231884057971014,0.025564335,0.0,0.0231884057971014,0.0,True,False,False,True,True,passes_recommended_min20,exploratory_cell_level_comparison; one_sample_per_tissue_condition; p_values_do_not_establish_biological_replicate_significance,Tumor,False,False
cluster_tissue__C5-1__spleen,cluster_tissue,C5-1,spleen,Tumor_T2_vs_Control_Ctrl,345,239,Myo5a,2.368339,24.516447,0.0178681527985828,0.4067442950402367,0.0231884057971014,0.023715166,0.0,0.0231884057971014,0.0,True,False,False,True,True,passes_recommended_min20,exploratory_cell_level_comparison; one_sample_per_tissue_condition; p_values_do_not_establish_biological_replicate_significance,Tumor,False,False
cluster_tissue__C5-1__spleen,cluster_tissue,C5-1,spleen,Tumor_T2_vs_Control_Ctrl,345,239,Dtwd2,2.3628051,1.4879649,0.0181372051795474,0.4091416052130476,0.0492753623188405,0.046270456,0.016742766,0.0492753623188405,0.0125523012552301,True,False,False,True,True,passes_recommended_min20,exploratory_cell_level_comparison; one_sample_per_tissue_condition; p_values_do_not_establish_biological_replicate_significance,Tumor,False,False
cluster_tissue__C5-1__spleen,cluster_tissue,C5-1,spleen,Tumor_T2_vs_Control_Ctrl,345,239,Kdm2b,2.3575776,0.7033455,0.0183946152471842,0.4136056896180068,0.1884057971014492,0.19340666,0.12314121,0.1884057971014493,0.108786610878661,False,False,False,True,True,passes_recommended_min20,exploratory_cell_level_comparison; one_sample_per_tissue_condition; p_values_do_not_establish_biological_replicate_significance,Tumor,False,False
cluster_tissue__C5-1__spleen,cluster_tissue,C5-1,spleen,Tumor_T2_vs_Control_Ctrl,345,239,Ube2e3,2.3556535,0.8933393,0.0184901512603363,0.4136056896180068,0.1536231884057971,0.15907736,0.088770464,0.1536231884057971,0.0878661087866108,False,False,False,True,True,passes_recommended_min20,exploratory_cell_level_comparison; one_sample_per_tissue_condition; p_values_do_not_establish_biological_replicate_significance,Tumor,True,False
cluster_tissue__C5-1__spleen,cluster_tissue,C5-1,spleen,Tumor_T2_vs_Control_Ctrl,345,239,D3Ertd751e,2.3534734,1.080591,0.0185989374787451,0.4141608669211638,0.1101449275362318,0.120133564,0.058604874,0.1101449275362319,0.0543933054393305,True,False,False,True,True,passes_recommended_min20,exploratory_cell_level_comparison; one_sample_per_tissue_condition; p_values_do_not_establish_biological_replicate_significance,Tumor,False,False
cluster_tissue__C5-1__spleen,cluster_tissue,C5-1,spleen,Tumor_T2_vs_Control_Ctrl,345,239,Mcph1,2.3526337,1.871984,0.0186409803435707,0.4141608669211638,0.0550724637681159,0.05586887,0.015575722,0.0550724637681159,0.0167364016736401,True,False,False,True,True,passes_recommended_min20,exploratory_cell_level_comparison; one_sample_per_tissue_condition; p_values_do_not_establish_biological_replicate_significance,Tumor,False,False
cluster_tissue__C5-1__spleen,cluster_tissue,C5-1,spleen,Tumor_T2_vs_Control_Ctrl,345,239,Usp46,2.3452337,1.7405217,0.0190151619634425,0.4169558119963356,0.0550724637681159,0.05481923,0.016722666,0.0550724637681159,0.0167364016736401,True,False,False,True,True,passes_recommended_min20,exploratory_cell_level_comparison; one_sample_per_tissue_condition; p_values_do_not_establish_biological_replicate_significance,Tumor,False,False
cluster_tissue__C5-1__spleen,cluster_tissue,C5-1,spleen,Tumor_T2_vs_Control_Ctrl,345,239,Tmem9,2.3448155,1.1173798,0.0190364982964358,0.4169558119963356,0.1101449275362318,0.111743554,0.053060986,0.1101449275362319,0.0543933054393305,True,False,False,True,True,passes_recommended_min20,exploratory_cell_level_comparison; one_sample_per_tissue_condition; p_values_do_not_establish_biological_replicate_significance,Tumor,False,False
cluster_tissue__C5-1__spleen,cluster_tissue,C5-1,spleen,Tumor_T2_vs_Control_Ctrl,345,239,Atp8a1,2.3437111,0.6220898,0.0190929510239924,0.4169558119963356,0.2318840579710145,0.23804715,0.16095068,0.2318840579710146,0.1464435146443514,False,False,False,True,True,passes_recommended_min20,exploratory_cell_level_comparison; one_sample_per_tissue_condition; p_values_do_not_establish_biological_replicate_significance,Tumor,False,False
cluster_tissue__C5-1__spleen,cluster_tissue,C5-1,spleen,Tumor_T2_vs_Control_Ctrl,345,239,Ilf3,2.3426316,0.7240981,0.0191482849867005,0.4169558119963356,0.2144927536231884,0.22208706,0.14023551,0.2144927536231885,0.1380753138075313,False,False,False,True,True,passes_recommended_min20,exploratory_cell_level_comparison; one_sample_per_tissue_condition; p_values_do_not_establish_biological_replicate_significance,Tumor,False,False
cluster_tissue__C5-1__spleen,cluster_tissue,C5-1,spleen,Tumor_T2_vs_Control_Ctrl,345,239,Mrgpre,2.3388884,2.0608623,0.0193412089144551,0.4176196220404297,0.0405797101449275,0.0410997,0.010005482,0.0405797101449275,0.00836820083682,True,False,False,True,True,passes_recommended_min20,exploratory_cell_level_comparison; one_sample_per_tissue_condition; p_values_do_not_establish_biological_replicate_significance,Tumor,False,False
cluster_tissue__C5-1__spleen,cluster_tissue,C5-1,spleen,Tumor_T2_vs_Control_Ctrl,345,239,Ptpa,2.3386455,0.60988414,0.019353791926538,0.4176196220404297,0.2521739130434782,0.24882945,0.16984676,0.2521739130434783,0.1631799163179916,False,False,False,True,True,passes_recommended_min20,exploratory_cell_level_comparison; one_sample_per_tissue_condition; p_values_do_not_establish_biological_replicate_significance,Tumor,True,False
cluster_tissue__C5-1__spleen,cluster_tissue,C5-1,spleen,Tumor_T2_vs_Control_Ctrl,345,239,Gm26930,2.3380086,1.2701008,0.0193868007538428,0.4176196220404297,0.081159420289855,0.07753315,0.032880202,0.0811594202898551,0.0334728033472803,True,False,False,True,True,passes_recommended_min20,exploratory_cell_level_comparison; one_sample_per_tissue_condition; p_values_do_not_establish_biological_replicate_significance,Tumor,False,False
cluster_tissue__C5-1__spleen,cluster_tissue,C5-1,spleen,Tumor_T2_vs_Control_Ctrl,345,239,Ift57,2.327472,1.6995106,0.0199401589734449,0.4246736452029098,0.0550724637681159,0.054884773,0.01722169,0.0550724637681159,0.0167364016736401,True,False,False,True,True,passes_recommended_min20,exploratory_cell_level_comparison; one_sample_per_tissue_condition; p_values_do_not_establish_biological_replicate_significance,Tumor,True,False
cluster_tissue__C5-1__spleen,cluster_tissue,C5-1,spleen,Tumor_T2_vs_Control_Ctrl,345,239,2610507I01Rik,2.327472,1.6891592,0.0199401589734449,0.4246736452029098,0.0550724637681159,0.055370755,0.017501127,0.0550724637681159,0.0167364016736401,True,False,False,True,True,passes_recommended_min20,exploratory_cell_level_comparison; one_sample_per_tissue_condition; p_values_do_not_establish_biological_replicate_significance,Tumor,False,False
cluster_tissue__C5-1__spleen,cluster_tissue,C5-1,spleen,Tumor_T2_vs_Control_Ctrl,345,239,Zfp940,2.3250444,3.297102,0.0200695870536523,0.4257306041003393,0.0318840579710144,0.03153695,0.0032542602,0.0318840579710145,0.00418410041841,True,False,False,True,True,passes_recommended_min20,exploratory_cell_level_comparison; one_sample_per_tissue_condition; p_values_do_not_establish_biological_replicate_significance,Tumor,True,False
cluster_tissue__C5-1__spleen,cluster_tissue,C5-1,spleen,Tumor_T2_vs_Control_Ctrl,345,239,Mtx3,2.3250444,3.1248534,0.0200695870536523,0.4257306041003393,0.0318840579710144,0.029802287,0.0034618676,0.0318840579710145,0.00418410041841,True,False,False,True,True,passes_recommended_min20,exploratory_cell_level_comparison; one_sample_per_tissue_condition; p_values_do_not_establish_biological_replicate_significance,Tumor,False,False
cluster_tissue__C5-1__spleen,cluster_tissue,C5-1,spleen,Tumor_T2_vs_Control_Ctrl,345,239,Atp6v0d2,2.3227785,1.1592617,0.0201910525542344,0.4258205614041132,0.0753623188405797,0.09463301,0.043481577,0.0753623188405797,0.0292887029288702,True,False,False,True,True,passes_recommended_min20,exploratory_cell_level_comparison; one_sample_per_tissue_condition; p_values_do_not_establish_biological_replicate_significance,Tumor,True,False
cluster_tissue__C5-1__spleen,cluster_tissue,C5-1,spleen,Tumor_T2_vs_Control_Ctrl,345,239,Sall2,2.3212497,2.055579,0.020273368809118,0.4258205614041132,0.0405797101449275,0.037444316,0.009136206,0.0405797101449275,0.00836820083682,True,False,False,True,True,passes_recommended_min20,exploratory_cell_level_comparison; one_sample_per_tissue_condition; p_values_do_not_establish_biological_replicate_significance,Tumor,False,False
cluster_tissue__C5-1__spleen,cluster_tissue,C5-1,spleen,Tumor_T2_vs_Control_Ctrl,345,239,Gm20186,2.3135698,0.9761511,0.0206913285608953,0.4324613814393253,0.1159420289855072,0.12310083,0.06446755,0.1159420289855073,0.0585774058577405,False,False,False,True,True,passes_recommended_min20,exploratory_cell_level_comparison; one_sample_per_tissue_condition; p_values_do_not_establish_biological_replicate_significance,Tumor,False,False
cluster_tissue__C5-1__spleen,cluster_tissue,C5-1,spleen,Tumor_T2_vs_Control_Ctrl,345,239,Gm45716,2.313049,0.8704392,0.0207199413563986,0.4324613814393253,0.1217391304347826,0.121370554,0.06820438,0.1217391304347826,0.0627615062761506,False,False,False,True,True,passes_recommended_min20,exploratory_cell_level_comparison; one_sample_per_tissue_condition; p_values_do_not_establish_biological_replicate_significance,Tumor,False,False
cluster_tissue__C5-1__spleen,cluster_tissue,C5-1,spleen,Tumor_T2_vs_Control_Ctrl,345,239,Pqlc2,2.3108363,2.8284032,0.020841896260841,0.4324613814393253,0.0318840579710144,0.030501174,0.0043508806,0.0318840579710145,0.00418410041841,True,False,False,True,True,passes_recommended_min20,exploratory_cell_level_comparison; one_sample_per_tissue_condition; p_values_do_not_establish_biological_replicate_significance,Tumor,False,False
cluster_tissue__C5-1__spleen,cluster_tissue,C5-1,spleen,Tumor_T2_vs_Control_Ctrl,345,239,Dusp22,2.3108363,2.5927002,0.020841896260841,0.4324613814393253,0.0318840579710144,0.030129664,0.0050579417,0.0318840579710145,0.00418410041841,True,False,False,True,True,passes_recommended_min20,exploratory_cell_level_comparison; one_sample_per_tissue_condition; p_values_do_not_establish_biological_replicate_significance,Tumor,False,False
cluster_tissue__C5-1__spleen,cluster_tissue,C5-1,spleen,Tumor_T2_vs_Control_Ctrl,345,239,Rhob,2.3092391,1.6902591,0.0209303193242721,0.4324613814393253,0.0608695652173913,0.06297639,0.019941986,0.0608695652173913,0.0209205020920502,True,False,False,True,True,passes_recommended_min20,exploratory_cell_level_comparison; one_sample_per_tissue_condition; p_values_do_not_establish_biological_replicate_significance,Tumor,False,False
cluster_tissue__C5-1__spleen,cluster_tissue,C5-1,spleen,Tumor_T2_vs_Control_Ctrl,345,239,Gm11423,2.3088067,2.751847,0.0209543143584002,0.4324613814393253,0.0318840579710144,0.031488974,0.004738014,0.0318840579710145,0.00418410041841,True,False,False,True,True,passes_recommended_min20,exploratory_cell_level_comparison; one_sample_per_tissue_condition; p_values_do_not_establish_biological_replicate_significance,Tumor,False,False
cluster_tissue__C5-1__spleen,cluster_tissue,C5-1,spleen,Tumor_T2_vs_Control_Ctrl,345,239,Lgals3,2.3074512,0.6330878,0.0210296757473004,0.4331788421306875,0.1768115942028985,0.22765282,0.15258491,0.1768115942028986,0.104602510460251,False,False,False,True,True,passes_recommended_min20,exploratory_cell_level_comparison; one_sample_per_tissue_condition; p_values_do_not_establish_biological_replicate_significance,Tumor,False,False
cluster_tissue__C5-1__spleen,cluster_tissue,C5-1,spleen,Tumor_T2_vs_Control_Ctrl,345,239,Ints14,2.2991936,1.06649,0.02149394467175,0.4410392108607164,0.0985507246376811,0.09283021,0.04540061,0.0985507246376812,0.0460251046025104,True,False,False,True,True,passes_recommended_min20,exploratory_cell_level_comparison; one_sample_per_tissue_condition; p_values_do_not_establish_biological_replicate_significance,Tumor,False,False
cluster_tissue__C5-1__spleen,cluster_tissue,C5-1,spleen,Tumor_T2_vs_Control_Ctrl,345,239,Zranb1,2.296313,0.5873684,0.0216579866907325,0.4427025248852811,0.217391304347826,0.22868234,0.15786636,0.2173913043478262,0.1380753138075313,False,False,False,True,True,passes_recommended_min20,exploratory_cell_level_comparison; one_sample_per_tissue_condition; p_values_do_not_establish_biological_replicate_significance,Tumor,False,False
cluster_tissue__C5-1__spleen,cluster_tissue,C5-1,spleen,Tumor_T2_vs_Control_Ctrl,345,239,Dus3l,2.2924943,0.9382257,0.021877139425778,0.4437815164886914,0.1188405797101449,0.11911575,0.06392953,0.1188405797101449,0.0627615062761506,False,False,False,True,True,passes_recommended_min20,exploratory_cell_level_comparison; one_sample_per_tissue_condition; p_values_do_not_establish_biological_replicate_significance,Tumor,False,False
cluster_tissue__C5-1__spleen,cluster_tissue,C5-1,spleen,Tumor_T2_vs_Control_Ctrl,345,239,Polr3c,2.2859588,0.6390335,0.0222566766739695,0.4480730945495378,0.2318840579710145,0.23827961,0.15937492,0.2318840579710146,0.1506276150627615,False,False,False,True,True,passes_recommended_min20,exploratory_cell_level_comparison; one_sample_per_tissue_condition; p_values_do_not_establish_biological_replicate_significance,Tumor,True,False
cluster_tissue__C5-1__spleen,cluster_tissue,C5-1,spleen,Tumor_T2_vs_Control_Ctrl,345,239,Rxylt1,2.2780936,0.84629345,0.0227210058092765,0.4521454175495937,0.1333333333333333,0.1265237,0.07233909,0.1333333333333334,0.0711297071129706,False,False,False,True,True,passes_recommended_min20,exploratory_cell_level_comparison; one_sample_per_tissue_condition; p_values_do_not_establish_biological_replicate_significance,Tumor,True,True
cluster_tissue__C5-1__spleen,cluster_tissue,C5-1,spleen,Tumor_T2_vs_Control_Ctrl,345,239,Tango2,2.2776945,0.94661003,0.0227447827887248,0.4521454175495937,0.1217391304347826,0.124316625,0.066426545,0.1217391304347826,0.0627615062761506,False,False,False,True,True,passes_recommended_min20,exploratory_cell_level_comparison; one_sample_per_tissue_condition; p_values_do_not_establish_biological_replicate_significance,Tumor,False,False
cluster_tissue__C5-1__spleen,cluster_tissue,C5-1,spleen,Tumor_T2_vs_Control_Ctrl,345,239,Prkx,2.2769427,0.7116547,0.0227896421514099,0.4521454175495937,0.2231884057971014,0.23986582,0.15317231,0.2231884057971015,0.1464435146443514,False,False,False,True,True,passes_recommended_min20,exploratory_cell_level_comparison; one_sample_per_tissue_condition; p_values_do_not_establish_biological_replicate_significance,Tumor,False,False
cluster_tissue__C5-1__spleen,cluster_tissue,C5-1,spleen,Tumor_T2_vs_Control_Ctrl,345,239,9330020H09Rik,2.2727878,2.0082152,0.0230389653952589,0.4535530641465183,0.0463768115942029,0.04751761,0.0120244995,0.0463768115942029,0.0125523012552301,True,False,False,True,True,passes_recommended_min20,exploratory_cell_level_comparison; one_sample_per_tissue_condition; p_values_do_not_establish_biological_replicate_significance,Tumor,False,False
cluster_tissue__C5-1__spleen,cluster_tissue,C5-1,spleen,Tumor_T2_vs_Control_Ctrl,345,239,Alad,2.2703726,0.78749657,0.0231849803548395,0.4547495227686368,0.1681159420289855,0.16598463,0.09948708,0.1681159420289855,0.1004184100418409,False,False,False,True,True,passes_recommended_min20,exploratory_cell_level_comparison; one_sample_per_tissue_condition; p_values_do_not_establish_biological_replicate_significance,Tumor,True,False
cluster_tissue__C5-1__spleen,cluster_tissue,C5-1,spleen,Tumor_T2_vs_Control_Ctrl,345,239,Srek1ip1,2.2650256,0.75478804,0.0235111031528823,0.4593463518547864,0.136231884057971,0.13534804,0.0824031,0.136231884057971,0.0753138075313807,False,False,False,True,True,passes_recommended_min20,exploratory_cell_level_comparison; one_sample_per_tissue_condition; p_values_do_not_establish_biological_replicate_significance,Tumor,False,False
cluster_tissue__C5-1__spleen,cluster_tissue,C5-1,spleen,Tumor_T2_vs_Control_Ctrl,345,239,Ncln,2.259113,0.8628767,0.0238763453209974,0.4593463518547864,0.144927536231884,0.15769926,0.08977027,0.1449275362318841,0.0836820083682008,False,False,False,True,True,passes_recommended_min20,exploratory_cell_level_comparison; one_sample_per_tissue_condition; p_values_do_not_establish_biological_replicate_significance,Tumor,False,False
cluster_tissue__C5-1__spleen,cluster_tissue,C5-1,spleen,Tumor_T2_vs_Control_Ctrl,345,239,Myo1g,2.2495642,0.58938605,0.0244766312941686,0.464707572791422,0.2492753623188406,0.26033464,0.18034947,0.2492753623188407,0.1673640167364017,False,False,False,True,True,passes_recommended_min20,exploratory_cell_level_comparison; one_sample_per_tissue_condition; p_values_do_not_establish_biological_replicate_significance,Tumor,False,False
cluster_tissue__C5-1__spleen,cluster_tissue,C5-1,spleen,Tumor_T2_vs_Control_Ctrl,345,239,Hlcs,2.2485578,0.8911989,0.0245406498985332,0.4650954430148314,0.1101449275362318,0.106511116,0.058831964,0.1101449275362319,0.0543933054393305,False,False,False,True,True,passes_recommended_min20,exploratory_cell_level_comparison; one_sample_per_tissue_condition; p_values_do_not_establish_biological_replicate_significance,Tumor,False,False
cluster_tissue__C5-1__spleen,cluster_tissue,C5-1,spleen,Tumor_T2_vs_Control_Ctrl,345,239,Itga6,2.2157085,0.7531173,0.0267114766946385,0.4828414472369697,0.1478260869565217,0.1489305,0.091012456,0.1478260869565218,0.0836820083682008,False,False,False,True,True,passes_recommended_min20,exploratory_cell_level_comparison; one_sample_per_tissue_condition; p_values_do_not_establish_biological_replicate_significance,Tumor,True,False
cluster_tissue__C5-1__spleen,cluster_tissue,C5-1,spleen,Tumor_T2_vs_Control_Ctrl,345,239,Pex16,2.2142298,0.7309384,0.0268129698265116,0.4828414472369697,0.144927536231884,0.14290367,0.08852088,0.1449275362318841,0.0794979079497907,False,False,False,True,True,passes_recommended_min20,exploratory_cell_level_comparison; one_sample_per_tissue_condition; p_values_do_not_establish_biological_replicate_significance,Tumor,True,False
cluster_tissue__C5-1__spleen,cluster_tissue,C5-1,spleen,Tumor_T2_vs_Control_Ctrl,345,239,Tcea2,2.2134743,24.285429,0.0268649633467753,0.4828414472369697,0.0202898550724637,0.02024136,0.0,0.0202898550724637,0.0,True,False,False,True,True,passes_recommended_min20,exploratory_cell_level_comparison; one_sample_per_tissue_condition; p_values_do_not_establish_biological_replicate_significance,Tumor,False,False
cluster_tissue__C5-1__spleen,cluster_tissue,C5-1,spleen,Tumor_T2_vs_Control_Ctrl,345,239,Apbb2,2.2134743,24.284718,0.0268649633467753,0.4828414472369697,0.0202898550724637,0.020231485,0.0,0.0202898550724637,0.0,True,False,False,True,True,passes_recommended_min20,exploratory_cell_level_comparison; one_sample_per_tissue_condition; p_values_do_not_establish_biological_replicate_significance,Tumor,False,False
cluster_tissue__C5-1__spleen,cluster_tissue,C5-1,spleen,Tumor_T2_vs_Control_Ctrl,345,239,Nadsyn1,2.2134743,24.185293,0.0268649633467753,0.4828414472369697,0.0202898550724637,0.018896831,0.0,0.0202898550724637,0.0,True,False,False,True,True,passes_recommended_min20,exploratory_cell_level_comparison; one_sample_per_tissue_condition; p_values_do_not_establish_biological_replicate_significance,Tumor,True,False
cluster_tissue__C5-1__spleen,cluster_tissue,C5-1,spleen,Tumor_T2_vs_Control_Ctrl,345,239,Frmd4a,2.2134743,24.210608,0.0268649633467753,0.4828414472369697,0.0202898550724637,0.019228138,0.0,0.0202898550724637,0.0,True,False,False,True,True,passes_recommended_min20,exploratory_cell_level_comparison; one_sample_per_tissue_condition; p_values_do_not_establish_biological_replicate_significance,Tumor,False,False
cluster_tissue__C5-1__spleen,cluster_tissue,C5-1,spleen,Tumor_T2_vs_Control_Ctrl,345,239,Plscr1,2.2134743,24.255816,0.0268649633467753,0.4828414472369697,0.0202898550724637,0.019834157,0.0,0.0202898550724637,0.0,True,False,False,True,True,passes_recommended_min20,exploratory_cell_level_comparison; one_sample_per_tissue_condition; p_values_do_not_establish_biological_replicate_significance,Tumor,False,False
cluster_tissue__C5-1__spleen,cluster_tissue,C5-1,spleen,Tumor_T2_vs_Control_Ctrl,345,239,Hdac5,2.2093186,0.94642055,0.0271524900393368,0.4854906611631733,0.1072463768115942,0.110504925,0.058864366,0.1072463768115942,0.0543933054393305,False,False,False,True,True,passes_recommended_min20,exploratory_cell_level_comparison; one_sample_per_tissue_condition; p_values_do_not_establish_biological_replicate_significance,Tumor,True,False
cluster_tissue__C5-1__spleen,cluster_tissue,C5-1,spleen,Tumor_T2_vs_Control_Ctrl,345,239,Platr25,2.2087421,2.3155951,0.0271925856060131,0.4854906611631733,0.0376811594202898,0.03502733,0.007135448,0.0376811594202898,0.00836820083682,True,False,False,True,True,passes_recommended_min20,exploratory_cell_level_comparison; one_sample_per_tissue_condition; p_values_do_not_establish_biological_replicate_significance,Tumor,False,False
cluster_tissue__C5-1__spleen,cluster_tissue,C5-1,spleen,Tumor_T2_vs_Control_Ctrl,345,239,4933421O10Rik,2.20218,1.525562,0.0276525943740581,0.4863261469661004,0.0579710144927536,0.058745977,0.020798543,0.0579710144927536,0.0209205020920502,True,False,False,True,True,passes_recommended_min20,exploratory_cell_level_comparison; one_sample_per_tissue_condition; p_values_do_not_establish_biological_replicate_significance,Tumor,False,False
cluster_tissue__C5-1__spleen,cluster_tissue,C5-1,spleen,Tumor_T2_vs_Control_Ctrl,345,239,Zfp446,2.1923614,2.1512358,0.0283534326403165,0.494331905673493,0.0376811594202898,0.034980733,0.0079822615,0.0376811594202898,0.00836820083682,True,False,False,True,True,passes_recommended_min20,exploratory_cell_level_comparison; one_sample_per_tissue_condition; p_values_do_not_establish_biological_replicate_significance,Tumor,False,False
cluster_tissue__C5-1__spleen,cluster_tissue,C5-1,spleen,Tumor_T2_vs_Control_Ctrl,345,239,Itpr1,2.1914258,0.64644897,0.0284209966247976,0.4945459542933281,0.1884057971014492,0.19579554,0.12942126,0.1884057971014493,0.1171548117154811,False,False,False,True,True,passes_recommended_min20,exploratory_cell_level_comparison; one_sample_per_tissue_condition; p_values_do_not_establish_biological_replicate_significance,Tumor,True,True
cluster_tissue__C5-1__spleen,cluster_tissue,C5-1,spleen,Tumor_T2_vs_Control_Ctrl,345,239,Sept2,2.1905406,2.119646,0.0284850490612643,0.4945459542933281,0.0376811594202898,0.034076832,0.007944683,0.0376811594202898,0.00836820083682,True,False,False,True,True,passes_recommended_min20,exploratory_cell_level_comparison; one_sample_per_tissue_condition; p_values_do_not_establish_biological_replicate_significance,Tumor,True,False
cluster_tissue__C5-1__spleen,cluster_tissue,C5-1,spleen,Tumor_T2_vs_Control_Ctrl,345,239,Parn,2.1902688,1.0268031,0.0285047574405245,0.4945459542933281,0.0782608695652174,0.08046191,0.040299594,0.0782608695652174,0.0334728033472803,True,False,False,True,True,passes_recommended_min20,exploratory_cell_level_comparison; one_sample_per_tissue_condition; p_values_do_not_establish_biological_replicate_significance,Tumor,True,False
cluster_tissue__C5-1__spleen,cluster_tissue,C5-1,spleen,Tumor_T2_vs_Control_Ctrl,345,239,Rnf19b,2.1839569,0.78991514,0.0289654244115537,0.4992909183704022,0.144927536231884,0.14817446,0.08835493,0.1449275362318841,0.0836820083682008,False,False,False,True,True,passes_recommended_min20,exploratory_cell_level_comparison; one_sample_per_tissue_condition; p_values_do_not_establish_biological_replicate_significance,Tumor,False,False
cluster_tissue__C5-1__spleen,cluster_tissue,C5-1,spleen,Tumor_T2_vs_Control_Ctrl,345,239,Evi5l,2.1742783,2.966818,0.029684245323986,0.501584248762758,0.0289855072463768,0.026751118,0.0034618676,0.0289855072463768,0.00418410041841,True,False,False,True,True,passes_recommended_min20,exploratory_cell_level_comparison; one_sample_per_tissue_condition; p_values_do_not_establish_biological_replicate_significance,Tumor,False,False
cluster_tissue__C5-1__spleen,cluster_tissue,C5-1,spleen,Tumor_T2_vs_Control_Ctrl,345,239,Foxp4,2.1710715,0.92445725,0.0299257595530727,0.501584248762758,0.1217391304347826,0.124105334,0.067302674,0.1217391304347826,0.0669456066945606,False,False,False,True,True,passes_recommended_min20,exploratory_cell_level_comparison; one_sample_per_tissue_condition; p_values_do_not_establish_biological_replicate_significance,Tumor,False,False
cluster_tissue__C5-1__spleen,cluster_tissue,C5-1,spleen,Tumor_T2_vs_Control_Ctrl,345,239,Ano8,2.170042,2.8740447,0.0300036682321124,0.501584248762758,0.0289855072463768,0.026193025,0.0036134927,0.0289855072463768,0.00418410041841,True,False,False,True,True,passes_recommended_min20,exploratory_cell_level_comparison; one_sample_per_tissue_condition; p_values_do_not_establish_biological_replicate_significance,Tumor,False,False
cluster_tissue__C5-1__spleen,cluster_tissue,C5-1,spleen,Tumor_T2_vs_Control_Ctrl,345,239,Klhdc2,2.1693068,0.61117226,0.0300594101433449,0.501584248762758,0.2347826086956521,0.24554624,0.16738205,0.2347826086956523,0.1548117154811715,False,False,False,True,True,passes_recommended_min20,exploratory_cell_level_comparison; one_sample_per_tissue_condition; p_values_do_not_establish_biological_replicate_significance,Tumor,False,False
cluster_tissue__C5-1__spleen,cluster_tissue,C5-1,spleen,Tumor_T2_vs_Control_Ctrl,345,239,Cand1,2.1679273,0.7138495,0.0301642243607778,0.501584248762758,0.1710144927536231,0.17831,0.11244357,0.1710144927536232,0.104602510460251,False,False,False,True,True,passes_recommended_min20,exploratory_cell_level_comparison; one_sample_per_tissue_condition; p_values_do_not_establish_biological_replicate_significance,Tumor,False,False
cluster_tissue__C5-1__spleen,cluster_tissue,C5-1,spleen,Tumor_T2_vs_Control_Ctrl,345,239,Rell2,2.1666262,1.4504237,0.0302633586854836,0.501584248762758,0.0579710144927536,0.052235596,0.01943172,0.0579710144927536,0.0209205020920502,True,False,False,True,True,passes_recommended_min20,exploratory_cell_level_comparison; one_sample_per_tissue_condition; p_values_do_not_establish_biological_replicate_significance,Tumor,False,False
cluster_tissue__C5-1__spleen,cluster_tissue,C5-1,spleen,Tumor_T2_vs_Control_Ctrl,345,239,Baz2b,2.1663337,0.88245296,0.0302857004308348,0.501584248762758,0.1275362318840579,0.13361815,0.07468609,0.127536231884058,0.0711297071129706,False,False,False,True,True,passes_recommended_min20,exploratory_cell_level_comparison; one_sample_per_tissue_condition; p_values_do_not_establish_biological_replicate_significance,Tumor,False,False
cluster_tissue__C5-1__spleen,cluster_tissue,C5-1,spleen,Tumor_T2_vs_Control_Ctrl,345,239,Rpgr,2.1658056,2.7684658,0.030326041109213,0.501584248762758,0.0289855072463768,0.026921801,0.00399672,0.0289855072463768,0.00418410041841,True,False,False,True,True,passes_recommended_min20,exploratory_cell_level_comparison; one_sample_per_tissue_condition; p_values_do_not_establish_biological_replicate_significance,Tumor,False,False
cluster_tissue__C5-1__spleen,cluster_tissue,C5-1,spleen,Tumor_T2_vs_Control_Ctrl,345,239,0610040B10Rik,2.1636875,2.8021007,0.0304883404717088,0.501584248762758,0.0289855072463768,0.027709028,0.004020336,0.0289855072463768,0.00418410041841,True,False,False,True,True,passes_recommended_min20,exploratory_cell_level_comparison; one_sample_per_tissue_condition; p_values_do_not_establish_biological_replicate_significance,Tumor,False,False
cluster_tissue__C5-1__spleen,cluster_tissue,C5-1,spleen,Tumor_T2_vs_Control_Ctrl,345,239,Syne1,2.1623943,0.6128013,0.0305878046437702,0.501584248762758,0.2521739130434782,0.27920315,0.19112739,0.2521739130434783,0.1757322175732218,False,False,False,True,True,passes_recommended_min20,exploratory_cell_level_comparison; one_sample_per_tissue_condition; p_values_do_not_establish_biological_replicate_significance,Tumor,False,False
cluster_tissue__C5-1__spleen,cluster_tissue,C5-1,spleen,Tumor_T2_vs_Control_Ctrl,345,239,Slc35a3,2.1623826,1.0678703,0.0305886972101421,0.501584248762758,0.0782608695652174,0.07440367,0.03618339,0.0782608695652174,0.0334728033472803,True,False,False,True,True,passes_recommended_min20,exploratory_cell_level_comparison; one_sample_per_tissue_condition; p_values_do_not_establish_biological_replicate_significance,Tumor,False,False
cluster_tissue__C5-1__spleen,cluster_tissue,C5-1,spleen,Tumor_T2_vs_Control_Ctrl,345,239,Fosb,2.1617997,0.86490756,0.0306336155949241,0.501584248762758,0.1536231884057971,0.17389975,0.09920306,0.1536231884057971,0.0920502092050208,False,False,False,True,True,passes_recommended_min20,exploratory_cell_level_comparison; one_sample_per_tissue_condition; p_values_do_not_establish_biological_replicate_significance,Tumor,True,True
cluster_tissue__C5-1__spleen,cluster_tissue,C5-1,spleen,Tumor_T2_vs_Control_Ctrl,345,239,Akr1c12,2.1615694,2.8030074,0.030651385360426,0.501584248762758,0.0289855072463768,0.02808347,0.004072764,0.0289855072463768,0.00418410041841,True,False,False,True,True,passes_recommended_min20,exploratory_cell_level_comparison; one_sample_per_tissue_condition; p_values_do_not_establish_biological_replicate_significance,Tumor,False,False
cluster_tissue__C5-1__spleen,cluster_tissue,C5-1,spleen,Tumor_T2_vs_Control_Ctrl,345,239,Pola1,2.161072,1.4510316,0.0306897718261554,0.501584248762758,0.0637681159420289,0.066480234,0.0248314,0.063768115942029,0.0251046025104602,True,False,False,True,True,passes_recommended_min20,exploratory_cell_level_comparison; one_sample_per_tissue_condition; p_values_do_not_establish_biological_replicate_significance,Tumor,True,False
cluster_tissue__C5-1__spleen,cluster_tissue,C5-1,spleen,Tumor_T2_vs_Control_Ctrl,345,239,Cbx7,2.1604016,0.5891686,0.0307415979358617,0.501584248762758,0.2231884057971014,0.23169602,0.15983586,0.2231884057971015,0.1506276150627615,False,False,False,True,True,passes_recommended_min20,exploratory_cell_level_comparison; one_sample_per_tissue_condition; p_values_do_not_establish_biological_replicate_significance,Tumor,False,False
cluster_tissue__C5-1__spleen,cluster_tissue,C5-1,spleen,Tumor_T2_vs_Control_Ctrl,345,239,Galns,2.1599932,1.4400252,0.0307731976816821,0.501584248762758,0.0695652173913043,0.072319776,0.02726658,0.0695652173913043,0.0292887029288702,True,False,False,True,True,passes_recommended_min20,exploratory_cell_level_comparison; one_sample_per_tissue_condition; p_values_do_not_establish_biological_replicate_significance,Tumor,True,False
cluster_tissue__C5-1__spleen,cluster_tissue,C5-1,spleen,Tumor_T2_vs_Control_Ctrl,345,239,Eefsec,2.1593106,0.70257014,0.0308260761826057,0.501584248762758,0.1681159420289855,0.1764041,0.11202857,0.1681159420289855,0.1004184100418409,False,False,False,True,True,passes_recommended_min20,exploratory_cell_level_comparison; one_sample_per_tissue_condition; p_values_do_not_establish_biological_replicate_significance,Tumor,False,False
cluster_tissue__C5-1__spleen,cluster_tissue,C5-1,spleen,Tumor_T2_vs_Control_Ctrl,345,239,Mms19,2.1570714,0.6521054,0.0310001115870233,0.501584248762758,0.1739130434782608,0.16820598,0.11025874,0.1739130434782609,0.104602510460251,False,False,False,True,True,passes_recommended_min20,exploratory_cell_level_comparison; one_sample_per_tissue_condition; p_values_do_not_establish_biological_replicate_significance,Tumor,False,False
cluster_tissue__C5-1__spleen,cluster_tissue,C5-1,spleen,Tumor_T2_vs_Control_Ctrl,345,239,1110051M20Rik,2.155215,2.0955048,0.0311450201092309,0.501584248762758,0.0289855072463768,0.02856331,0.0067569045,0.0289855072463768,0.00418410041841,True,False,False,True,True,passes_recommended_min20,exploratory_cell_level_comparison; one_sample_per_tissue_condition; p_values_do_not_establish_biological_replicate_significance,Tumor,False,False
cluster_tissue__C5-1__spleen,cluster_tissue,C5-1,spleen,Tumor_T2_vs_Control_Ctrl,345,239,Adam15,2.155215,2.461183,0.0311450201092309,0.501584248762758,0.0289855072463768,0.027367013,0.0050257607,0.0289855072463768,0.00418410041841,True,False,False,True,True,passes_recommended_min20,exploratory_cell_level_comparison; one_sample_per_tissue_condition; p_values_do_not_establish_biological_replicate_significance,Tumor,False,False
cluster_tissue__C5-1__spleen,cluster_tissue,C5-1,spleen,Tumor_T2_vs_Control_Ctrl,345,239,Dse,2.1543355,1.4135879,0.0312138651526214,0.501584248762758,0.0637681159420289,0.06359765,0.024349704,0.063768115942029,0.0251046025104602,True,False,False,True,True,passes_recommended_min20,exploratory_cell_level_comparison; one_sample_per_tissue_condition; p_values_do_not_establish_biological_replicate_significance,Tumor,True,False
cluster_tissue__C5-1__spleen,cluster_tissue,C5-1,spleen,Tumor_T2_vs_Control_Ctrl,345,239,Ppp6r2,2.1426494,1.1331165,0.0321412581712208,0.5110986955095767,0.0869565217391304,0.08622276,0.04023565,0.0869565217391304,0.0418410041841004,True,False,False,True,True,passes_recommended_min20,exploratory_cell_level_comparison; one_sample_per_tissue_condition; p_values_do_not_establish_biological_replicate_significance,Tumor,False,False
cluster_tissue__C5-1__spleen,cluster_tissue,C5-1,spleen,Tumor_T2_vs_Control_Ctrl,345,239,Yod1,2.1394525,1.3349806,0.0323990485609796,0.51287057181251,0.0695652173913043,0.0727324,0.029466845,0.0695652173913043,0.0292887029288702,True,False,False,True,True,passes_recommended_min20,exploratory_cell_level_comparison; one_sample_per_tissue_condition; p_values_do_not_establish_biological_replicate_significance,Tumor,True,False
cluster_tissue__C5-1__spleen,cluster_tissue,C5-1,spleen,Tumor_T2_vs_Control_Ctrl,345,239,Net1,2.1385732,1.3238039,0.0324702592493983,0.51287057181251,0.0753623188405797,0.078161225,0.031960312,0.0753623188405797,0.0334728033472803,True,False,False,True,True,passes_recommended_min20,exploratory_cell_level_comparison; one_sample_per_tissue_condition; p_values_do_not_establish_biological_replicate_significance,Tumor,False,False
cluster_tissue__C5-1__spleen,cluster_tissue,C5-1,spleen,Tumor_T2_vs_Control_Ctrl,345,239,1110002L01Rik,2.138093,1.1803267,0.0325091932254052,0.51287057181251,0.0869565217391304,0.08821325,0.039886523,0.0869565217391304,0.0418410041841004,True,False,False,True,True,passes_recommended_min20,exploratory_cell_level_comparison; one_sample_per_tissue_condition; p_values_do_not_establish_biological_replicate_significance,Tumor,False,False
cluster_tissue__C5-1__spleen,cluster_tissue,C5-1,spleen,Tumor_T2_vs_Control_Ctrl,345,239,Tbc1d9b,2.1333115,0.9717755,0.0328991853848699,0.51287057181251,0.1043478260869565,0.104824096,0.05481893,0.1043478260869565,0.0543933054393305,False,False,False,True,True,passes_recommended_min20,exploratory_cell_level_comparison; one_sample_per_tissue_condition; p_values_do_not_establish_biological_replicate_significance,Tumor,False,False
cluster_tissue__C5-1__spleen,cluster_tissue,C5-1,spleen,Tumor_T2_vs_Control_Ctrl,345,239,Nxpe3,2.130603,0.6147033,0.0331218562304224,0.51287057181251,0.2434782608695652,0.2552725,0.17388585,0.2434782608695653,0.1673640167364017,False,False,False,True,True,passes_recommended_min20,exploratory_cell_level_comparison; one_sample_per_tissue_condition; p_values_do_not_establish_biological_replicate_significance,Tumor,False,False
cluster_tissue__C5-1__spleen,cluster_tissue,C5-1,spleen,Tumor_T2_vs_Control_Ctrl,345,239,Nosip,2.129118,0.6125627,0.0332444995578975,0.51287057181251,0.1971014492753623,0.20499173,0.13872008,0.1971014492753624,0.1255230125523012,False,False,False,True,True,passes_recommended_min20,exploratory_cell_level_comparison; one_sample_per_tissue_condition; p_values_do_not_establish_biological_replicate_significance,Tumor,False,False
cluster_tissue__C5-1__spleen,cluster_tissue,C5-1,spleen,Tumor_T2_vs_Control_Ctrl,345,239,Zfp709,2.1246948,1.2217965,0.0336120765742972,0.516773569233071,0.0637681159420289,0.064386696,0.02811485,0.063768115942029,0.0251046025104602,True,False,False,True,True,passes_recommended_min20,exploratory_cell_level_comparison; one_sample_per_tissue_condition; p_values_do_not_establish_biological_replicate_significance,Tumor,True,False
cluster_tissue__C5-1__spleen,cluster_tissue,C5-1,spleen,Tumor_T2_vs_Control_Ctrl,345,239,Usp21,2.1233475,1.2775359,0.0337247321219332,0.516925845729191,0.0637681159420289,0.062629305,0.026311502,0.063768115942029,0.0251046025104602,True,False,False,True,True,passes_recommended_min20,exploratory_cell_level_comparison; one_sample_per_tissue_condition; p_values_do_not_establish_biological_replicate_significance,Tumor,True,False
cluster_tissue__C5-1__spleen,cluster_tissue,C5-1,spleen,Tumor_T2_vs_Control_Ctrl,345,239,Clcn7,2.1189115,1.2578527,0.0340979397705512,0.516925845729191,0.0695652173913043,0.06720287,0.02865327,0.0695652173913043,0.0292887029288702,True,False,False,True,True,passes_recommended_min20,exploratory_cell_level_comparison; one_sample_per_tissue_condition; p_values_do_not_establish_biological_replicate_significance,Tumor,False,False
cluster_tissue__C5-1__spleen,cluster_tissue,C5-1,spleen,Tumor_T2_vs_Control_Ctrl,345,239,Mlycd,2.1182034,0.71065515,0.0341578510925457,0.516925845729191,0.1681159420289855,0.16462488,0.103771135,0.1681159420289855,0.104602510460251,False,False,False,True,True,passes_recommended_min20,exploratory_cell_level_comparison; one_sample_per_tissue_condition; p_values_do_not_establish_biological_replicate_significance,Tumor,True,False
cluster_tissue__C5-1__spleen,cluster_tissue,C5-1,spleen,Tumor_T2_vs_Control_Ctrl,345,239,Ercc5,2.1156764,0.9757208,0.0343723312150556,0.516925845729191,0.1043478260869565,0.10745426,0.05608027,0.1043478260869565,0.0543933054393305,False,False,False,True,True,passes_recommended_min20,exploratory_cell_level_comparison; one_sample_per_tissue_condition; p_values_do_not_establish_biological_replicate_significance,Tumor,True,False
cluster_tissue__C5-1__spleen,cluster_tissue,C5-1,spleen,Tumor_T2_vs_Control_Ctrl,345,239,Kif1c,2.1148195,1.7775148,0.0344453396508428,0.516925845729191,0.0434782608695652,0.045040514,0.013348527,0.0434782608695652,0.0125523012552301,True,False,False,True,True,passes_recommended_min20,exploratory_cell_level_comparison; one_sample_per_tissue_condition; p_values_do_not_establish_biological_replicate_significance,Tumor,False,False
cluster_tissue__C5-1__spleen,cluster_tissue,C5-1,spleen,Tumor_T2_vs_Control_Ctrl,345,239,Poc5,2.1140072,0.9857364,0.0345146491160251,0.5172349804325677,0.0579710144927536,0.056851164,0.029111845,0.0579710144927536,0.0209205020920502,False,False,False,True,True,passes_recommended_min20,exploratory_cell_level_comparison; one_sample_per_tissue_condition; p_values_do_not_establish_biological_replicate_significance,Tumor,False,False
cluster_tissue__C5-1__spleen,cluster_tissue,C5-1,spleen,Tumor_T2_vs_Control_Ctrl,345,239,Acvr1b,2.1058328,1.1260948,0.0352188866415987,0.5223312065976742,0.0637681159420289,0.059640218,0.027766593,0.063768115942029,0.0251046025104602,True,False,False,True,True,passes_recommended_min20,exploratory_cell_level_comparison; one_sample_per_tissue_condition; p_values_do_not_establish_biological_replicate_significance,Tumor,True,False
cluster_tissue__C5-1__spleen,cluster_tissue,C5-1,spleen,Tumor_T2_vs_Control_Ctrl,345,239,Mettl5,2.1042693,0.7614412,0.0353549685483473,0.5223312065976742,0.1565217391304348,0.16248338,0.09900925,0.1565217391304348,0.0962343096234309,False,False,False,True,True,passes_recommended_min20,exploratory_cell_level_comparison; one_sample_per_tissue_condition; p_values_do_not_establish_biological_replicate_significance,Tumor,False,False
cluster_tissue__C5-1__spleen,cluster_tissue,C5-1,spleen,Tumor_T2_vs_Control_Ctrl,345,239,Zfp263,2.0988243,0.6691028,0.0358323866067965,0.5235285792786206,0.1391304347826087,0.13736124,0.088560626,0.1391304347826087,0.0794979079497907,False,False,False,True,True,passes_recommended_min20,exploratory_cell_level_comparison; one_sample_per_tissue_condition; p_values_do_not_establish_biological_replicate_significance,Tumor,False,False
cluster_tissue__C5-1__spleen,cluster_tissue,C5-1,spleen,Tumor_T2_vs_Control_Ctrl,345,239,Nedd1,2.0924833,1.071302,0.0363953006186879,0.5235285792786206,0.0753623188405797,0.07077482,0.03430624,0.0753623188405797,0.0334728033472803,True,False,False,True,True,passes_recommended_min20,exploratory_cell_level_comparison; one_sample_per_tissue_condition; p_values_do_not_establish_biological_replicate_significance,Tumor,False,False
cluster_tissue__C5-1__spleen,cluster_tissue,C5-1,spleen,Tumor_T2_vs_Control_Ctrl,345,239,Sugp1,2.0917628,0.6380615,0.0364597494642539,0.5235285792786206,0.1594202898550724,0.15841961,0.10463301,0.1594202898550725,0.0962343096234309,False,False,False,True,True,passes_recommended_min20,exploratory_cell_level_comparison; one_sample_per_tissue_condition; p_values_do_not_establish_biological_replicate_significance,Tumor,False,False
cluster_tissue__C5-1__spleen,cluster_tissue,C5-1,spleen,Tumor_T2_vs_Control_Ctrl,345,239,Wdr75,2.0906835,0.6812865,0.0365564423932702,0.5235285792786206,0.1681159420289855,0.1653375,0.10626755,0.1681159420289855,0.104602510460251,False,False,False,True,True,passes_recommended_min20,exploratory_cell_level_comparison; one_sample_per_tissue_condition; p_values_do_not_establish_biological_replicate_significance,Tumor,True,False
cluster_tissue__C5-1__spleen,cluster_tissue,C5-1,spleen,Tumor_T2_vs_Control_Ctrl,345,239,Zbtb37,2.0892334,0.7169329,0.0366867286889167,0.5235285792786206,0.1159420289855072,0.11559512,0.07190459,0.1159420289855073,0.0627615062761506,False,False,False,True,True,passes_recommended_min20,exploratory_cell_level_comparison; one_sample_per_tissue_condition; p_values_do_not_establish_biological_replicate_significance,Tumor,False,False
cluster_tissue__C5-1__spleen,cluster_tissue,C5-1,spleen,Tumor_T2_vs_Control_Ctrl,345,239,Mettl2,2.0872648,0.8466449,0.0368642090533809,0.5235285792786206,0.1159420289855072,0.11535372,0.06577993,0.1159420289855073,0.0627615062761506,False,False,False,True,True,passes_recommended_min20,exploratory_cell_level_comparison; one_sample_per_tissue_condition; p_values_do_not_establish_biological_replicate_significance,Tumor,False,False
cluster_tissue__C5-1__spleen,cluster_tissue,C5-1,spleen,Tumor_T2_vs_Control_Ctrl,345,239,Sgpl1,2.0868335,1.051459,0.0369031897993784,0.5235285792786206,0.0869565217391304,0.08734752,0.04309664,0.0869565217391304,0.0418410041841004,True,False,False,True,True,passes_recommended_min20,exploratory_cell_level_comparison; one_sample_per_tissue_condition; p_values_do_not_establish_biological_replicate_significance,Tumor,True,False
cluster_tissue__C5-1__spleen,cluster_tissue,C5-1,spleen,Tumor_T2_vs_Control_Ctrl,345,239,Mocs1,2.0861175,1.6342801,0.0369679741267514,0.5235285792786206,0.0550724637681159,0.05376242,0.017636111,0.0550724637681159,0.0209205020920502,True,False,False,True,True,passes_recommended_min20,exploratory_cell_level_comparison; one_sample_per_tissue_condition; p_values_do_not_establish_biological_replicate_significance,Tumor,True,True
cluster_tissue__C5-1__spleen,cluster_tissue,C5-1,spleen,Tumor_T2_vs_Control_Ctrl,345,239,Ciapin1,2.0858228,0.627457,0.0369946736670305,0.5235285792786206,0.1971014492753623,0.20452031,0.13706231,0.1971014492753624,0.1255230125523012,False,False,False,True,True,passes_recommended_min20,exploratory_cell_level_comparison; one_sample_per_tissue_condition; p_values_do_not_establish_biological_replicate_significance,Tumor,False,False
cluster_tissue__C5-1__spleen,cluster_tissue,C5-1,spleen,Tumor_T2_vs_Control_Ctrl,345,239,Zfp955b,2.085296,0.8094822,0.0370424423721037,0.5235285792786206,0.1159420289855072,0.11584268,0.067732476,0.1159420289855073,0.0627615062761506,False,False,False,True,True,passes_recommended_min20,exploratory_cell_level_comparison; one_sample_per_tissue_condition; p_values_do_not_establish_biological_replicate_significance,Tumor,False,False
cluster_tissue__C5-1__spleen,cluster_tissue,C5-1,spleen,Tumor_T2_vs_Control_Ctrl,345,239,Ccdc167,2.0772743,1.1357903,0.0377762382295996,0.5270805404751185,0.081159420289855,0.08006943,0.03723506,0.0811594202898551,0.0376569037656903,True,False,False,True,True,passes_recommended_min20,exploratory_cell_level_comparison; one_sample_per_tissue_condition; p_values_do_not_establish_biological_replicate_significance,Tumor,False,False
cluster_tissue__C5-1__spleen,cluster_tissue,C5-1,spleen,Tumor_T2_vs_Control_Ctrl,345,239,Tnrc18,2.077128,0.8323143,0.0377897482158824,0.5270805404751185,0.1391304347826087,0.1483271,0.085994095,0.1391304347826087,0.0836820083682008,False,False,False,True,True,passes_recommended_min20,exploratory_cell_level_comparison; one_sample_per_tissue_condition; p_values_do_not_establish_biological_replicate_significance,Tumor,False,False
cluster_tissue__C5-1__spleen,cluster_tissue,C5-1,spleen,Tumor_T2_vs_Control_Ctrl,345,239,Nrf1,2.0735273,0.7459003,0.0381232262485026,0.5287719186400719,0.1681159420289855,0.17033146,0.10501817,0.1681159420289855,0.108786610878661,False,False,False,True,True,passes_recommended_min20,exploratory_cell_level_comparison; one_sample_per_tissue_condition; p_values_do_not_establish_biological_replicate_significance,Tumor,True,False
cluster_tissue__C5-1__spleen,cluster_tissue,C5-1,spleen,Tumor_T2_vs_Control_Ctrl,345,239,Cdk10,2.0722036,1.1107754,0.0382464601304244,0.5287719186400719,0.0753623188405797,0.07407806,0.03498477,0.0753623188405797,0.0334728033472803,True,False,False,True,True,passes_recommended_min20,exploratory_cell_level_comparison; one_sample_per_tissue_condition; p_values_do_not_establish_biological_replicate_significance,Tumor,False,False
cluster_tissue__C5-1__spleen,cluster_tissue,C5-1,spleen,Tumor_T2_vs_Control_Ctrl,345,239,Armc3,2.0720809,0.7839342,0.0382579120140708,0.5287719186400719,0.1217391304347826,0.12624505,0.07524658,0.1217391304347826,0.0669456066945606,False,False,False,True,True,passes_recommended_min20,exploratory_cell_level_comparison; one_sample_per_tissue_condition; p_values_do_not_establish_biological_replicate_significance,Tumor,False,False
cluster_tissue__C5-1__spleen,cluster_tissue,C5-1,spleen,Tumor_T2_vs_Control_Ctrl,345,239,Cyb561a3,2.0701272,0.7775424,0.0384404351427304,0.5292379909328176,0.0695652173913043,0.06551838,0.038740467,0.0695652173913043,0.0292887029288702,False,False,False,True,True,passes_recommended_min20,exploratory_cell_level_comparison; one_sample_per_tissue_condition; p_values_do_not_establish_biological_replicate_significance,Tumor,False,False
cluster_tissue__C5-1__spleen,cluster_tissue,C5-1,spleen,Tumor_T2_vs_Control_Ctrl,345,239,Rnf103,2.0606341,0.97943646,0.039337956285432,0.5346400098712442,0.0869565217391304,0.08722058,0.04518638,0.0869565217391304,0.0418410041841004,False,False,False,True,True,passes_recommended_min20,exploratory_cell_level_comparison; one_sample_per_tissue_condition; p_values_do_not_establish_biological_replicate_significance,Tumor,False,False
cluster_tissue__C5-1__spleen,cluster_tissue,C5-1,spleen,Tumor_T2_vs_Control_Ctrl,345,239,Ifit1bl1,2.0605805,0.67866236,0.0393430689780404,0.5346400098712442,0.1565217391304348,0.16445428,0.105865926,0.1565217391304348,0.0962343096234309,False,False,False,True,True,passes_recommended_min20,exploratory_cell_level_comparison; one_sample_per_tissue_condition; p_values_do_not_establish_biological_replicate_significance,Tumor,True,False
cluster_tissue__C5-1__spleen,cluster_tissue,C5-1,spleen,Tumor_T2_vs_Control_Ctrl,345,239,Mapkapk2,2.0601523,0.6756012,0.0393839782341891,0.5346400098712442,0.1942028985507246,0.19759382,0.12819633,0.1942028985507247,0.1297071129707112,False,False,False,True,True,passes_recommended_min20,exploratory_cell_level_comparison; one_sample_per_tissue_condition; p_values_do_not_establish_biological_replicate_significance,Tumor,True,False
cluster_tissue__C5-1__spleen,cluster_tissue,C5-1,spleen,Tumor_T2_vs_Control_Ctrl,345,239,Crtc1,2.052763,1.518377,0.0400955786560905,0.5359809329560542,0.0550724637681159,0.058672138,0.020874538,0.0550724637681159,0.0209205020920502,True,False,False,True,True,passes_recommended_min20,exploratory_cell_level_comparison; one_sample_per_tissue_condition; p_values_do_not_establish_biological_replicate_significance,Tumor,True,False
cluster_tissue__C5-1__spleen,cluster_tissue,C5-1,spleen,Tumor_T2_vs_Control_Ctrl,345,239,Ccdc163,2.051816,2.141442,0.0401875395064882,0.5359809329560542,0.0347826086956521,0.034177147,0.0078493655,0.0347826086956521,0.00836820083682,True,False,False,True,True,passes_recommended_min20,exploratory_cell_level_comparison; one_sample_per_tissue_condition; p_values_do_not_establish_biological_replicate_significance,Tumor,False,False
cluster_tissue__C5-1__spleen,cluster_tissue,C5-1,spleen,Tumor_T2_vs_Control_Ctrl,345,239,Zfp983,2.0499337,2.1716816,0.0403709025630226,0.5359809329560542,0.0347826086956521,0.03586849,0.008072899,0.0347826086956521,0.00836820083682,True,False,False,True,True,passes_recommended_min20,exploratory_cell_level_comparison; one_sample_per_tissue_condition; p_values_do_not_establish_biological_replicate_significance,Tumor,False,False
cluster_tissue__C5-1__spleen,cluster_tissue,C5-1,spleen,Tumor_T2_vs_Control_Ctrl,345,239,Gm50240,2.0478938,0.9630713,0.0405704071428763,0.5359809329560542,0.1072463768115942,0.112895615,0.059501067,0.1072463768115942,0.0585774058577405,False,False,False,True,True,passes_recommended_min20,exploratory_cell_level_comparison; one_sample_per_tissue_condition; p_values_do_not_establish_biological_replicate_significance,Tumor,False,False
cluster_tissue__C5-1__spleen,cluster_tissue,C5-1,spleen,Tumor_T2_vs_Control_Ctrl,345,239,Cdk5r1,2.0475187,24.025246,0.0406071806768169,0.5359809329560542,0.017391304347826,0.016929278,0.0,0.017391304347826,0.0,True,False,False,True,True,passes_recommended_min20,exploratory_cell_level_comparison; one_sample_per_tissue_condition; p_values_do_not_establish_biological_replicate_significance,Tumor,True,True
cluster_tissue__C5-1__spleen,cluster_tissue,C5-1,spleen,Tumor_T2_vs_Control_Ctrl,345,239,Ccdc180,2.0475187,23.894573,0.0406071806768169,0.5359809329560542,0.017391304347826,0.015474575,0.0,0.017391304347826,0.0,True,False,False,True,True,passes_recommended_min20,exploratory_cell_level_comparison; one_sample_per_tissue_condition; p_values_do_not_establish_biological_replicate_significance,Tumor,False,False
cluster_tissue__C5-1__spleen,cluster_tissue,C5-1,spleen,Tumor_T2_vs_Control_Ctrl,345,239,Akap7,2.0475187,23.992405,0.0406071806768169,0.5359809329560542,0.017391304347826,0.016551398,0.0,0.017391304347826,0.0,True,False,False,True,True,passes_recommended_min20,exploratory_cell_level_comparison; one_sample_per_tissue_condition; p_values_do_not_establish_biological_replicate_significance,Tumor,False,False
cluster_tissue__C5-1__spleen,cluster_tissue,C5-1,spleen,Tumor_T2_vs_Control_Ctrl,345,239,Wdr25,2.0475187,24.196562,0.0406071806768169,0.5359809329560542,0.017391304347826,0.019043595,0.0,0.017391304347826,0.0,True,False,False,True,True,passes_recommended_min20,exploratory_cell_level_comparison; one_sample_per_tissue_condition; p_values_do_not_establish_biological_replicate_significance,Tumor,False,False
cluster_tissue__C5-1__spleen,cluster_tissue,C5-1,spleen,Tumor_T2_vs_Control_Ctrl,345,239,Rasgrf2,2.0475187,24.193573,0.0406071806768169,0.5359809329560542,0.017391304347826,0.019004565,0.0,0.017391304347826,0.0,True,False,False,True,True,passes_recommended_min20,exploratory_cell_level_comparison; one_sample_per_tissue_condition; p_values_do_not_establish_biological_replicate_significance,Tumor,True,False
cluster_tissue__C5-1__spleen,cluster_tissue,C5-1,spleen,Tumor_T2_vs_Control_Ctrl,345,239,Zcchc24,2.0475187,24.0912,0.0406071806768169,0.5359809329560542,0.017391304347826,0.017714195,0.0,0.017391304347826,0.0,True,False,False,True,True,passes_recommended_min20,exploratory_cell_level_comparison; one_sample_per_tissue_condition; p_values_do_not_establish_biological_replicate_significance,Tumor,False,False
cluster_tissue__C5-1__spleen,cluster_tissue,C5-1,spleen,Tumor_T2_vs_Control_Ctrl,345,239,2210011C24Rik,2.0475187,24.028666,0.0406071806768169,0.5359809329560542,0.017391304347826,0.016969107,0.0,0.017391304347826,0.0,True,False,False,True,True,passes_recommended_min20,exploratory_cell_level_comparison; one_sample_per_tissue_condition; p_values_do_not_establish_biological_replicate_significance,Tumor,False,False
cluster_tissue__C5-1__spleen,cluster_tissue,C5-1,spleen,Tumor_T2_vs_Control_Ctrl,345,239,Gm49032,2.0475187,24.01206,0.0406071806768169,0.5359809329560542,0.017391304347826,0.016776536,0.0,0.017391304347826,0.0,True,False,False,True,True,passes_recommended_min20,exploratory_cell_level_comparison; one_sample_per_tissue_condition; p_values_do_not_establish_biological_replicate_significance,Tumor,False,False
cluster_tissue__C5-1__spleen,cluster_tissue,C5-1,spleen,Tumor_T2_vs_Control_Ctrl,345,239,Ralgapa2,2.0443423,0.9442235,0.0409197528691767,0.5383646894132135,0.1217391304347826,0.12453231,0.0666517,0.1217391304347826,0.0711297071129706,False,False,False,True,True,passes_recommended_min20,exploratory_cell_level_comparison; one_sample_per_tissue_condition; p_values_do_not_establish_biological_replicate_significance,Tumor,False,False
cluster_tissue__C5-1__spleen,cluster_tissue,C5-1,spleen,Tumor_T2_vs_Control_Ctrl,345,239,Tmem248,2.043294,0.61692274,0.0410233387444188,0.5386241493336367,0.1652173913043478,0.16172509,0.10837062,0.1652173913043479,0.104602510460251,False,False,False,True,True,passes_recommended_min20,exploratory_cell_level_comparison; one_sample_per_tissue_condition; p_values_do_not_establish_biological_replicate_significance,Tumor,False,False
cluster_tissue__C5-1__spleen,cluster_tissue,C5-1,spleen,Tumor_T2_vs_Control_Ctrl,345,239,Ccsap,2.0426114,1.4316723,0.0410909144852465,0.5386241493336367,0.0550724637681159,0.052690275,0.019857598,0.0550724637681159,0.0209205020920502,True,False,False,True,True,passes_recommended_min20,exploratory_cell_level_comparison; one_sample_per_tissue_condition; p_values_do_not_establish_biological_replicate_significance,Tumor,False,False
cluster_tissue__C5-1__spleen,cluster_tissue,C5-1,spleen,Tumor_T2_vs_Control_Ctrl,345,239,Atp13a1,2.0392292,0.7117606,0.0414271520904124,0.5404137314669862,0.1594202898550724,0.15748549,0.09906847,0.1594202898550725,0.1004184100418409,False,False,False,True,True,passes_recommended_min20,exploratory_cell_level_comparison; one_sample_per_tissue_condition; p_values_do_not_establish_biological_replicate_significance,Tumor,False,False
cluster_tissue__C5-1__spleen,cluster_tissue,C5-1,spleen,Tumor_T2_vs_Control_Ctrl,345,239,Nat8f1,2.0368106,1.4188157,0.041669019718572,0.5404137314669862,0.0550724637681159,0.05245098,0.019941116,0.0550724637681159,0.0209205020920502,True,False,False,True,True,passes_recommended_min20,exploratory_cell_level_comparison; one_sample_per_tissue_condition; p_values_do_not_establish_biological_replicate_significance,Tumor,True,False
cluster_tissue__C5-1__spleen,cluster_tissue,C5-1,spleen,Tumor_T2_vs_Control_Ctrl,345,239,Klra1,2.036757,1.7488657,0.0416744109538305,0.5404137314669862,0.0347826086956521,0.043084007,0.013014128,0.0347826086956521,0.00836820083682,True,False,False,True,True,passes_recommended_min20,exploratory_cell_level_comparison; one_sample_per_tissue_condition; p_values_do_not_establish_biological_replicate_significance,Tumor,True,False
cluster_tissue__C5-1__spleen,cluster_tissue,C5-1,spleen,Tumor_T2_vs_Control_Ctrl,345,239,Smc2,2.034211,0.6806495,0.0419303357084294,0.5404137314669862,0.1652173913043478,0.17968473,0.115830354,0.1652173913043479,0.104602510460251,False,False,False,True,True,passes_recommended_min20,exploratory_cell_level_comparison; one_sample_per_tissue_condition; p_values_do_not_establish_biological_replicate_significance,Tumor,False,False
cluster_tissue__C5-1__spleen,cluster_tissue,C5-1,spleen,Tumor_T2_vs_Control_Ctrl,345,239,Zfp952,2.0322967,1.26057,0.042123633697001,0.5404137314669862,0.0782608695652174,0.081816435,0.034965806,0.0782608695652174,0.0376569037656903,True,False,False,True,True,passes_recommended_min20,exploratory_cell_level_comparison; one_sample_per_tissue_condition; p_values_do_not_establish_biological_replicate_significance,Tumor,True,False
cluster_tissue__C5-1__spleen,cluster_tissue,C5-1,spleen,Tumor_T2_vs_Control_Ctrl,345,239,Agtrap,2.032083,0.8369903,0.042145260369773,0.5404137314669862,0.1333333333333333,0.13934961,0.08038677,0.1333333333333334,0.0794979079497907,False,False,False,True,True,passes_recommended_min20,exploratory_cell_level_comparison; one_sample_per_tissue_condition; p_values_do_not_establish_biological_replicate_significance,Tumor,False,False
cluster_tissue__C5-1__spleen,cluster_tissue,C5-1,spleen,Tumor_T2_vs_Control_Ctrl,345,239,Uba7,2.024374,0.62671816,0.0429316803311604,0.5404137314669862,0.2144927536231884,0.22475728,0.15119153,0.2144927536231885,0.1464435146443514,False,False,False,True,True,passes_recommended_min20,exploratory_cell_level_comparison; one_sample_per_tissue_condition; p_values_do_not_establish_biological_replicate_significance,Tumor,True,False
cluster_tissue__C5-1__spleen,cluster_tissue,C5-1,spleen,Tumor_T2_vs_Control_Ctrl,345,239,Tor4a,2.0240784,0.76555413,0.0429621002566431,0.5404137314669862,0.0927536231884058,0.08681741,0.051976282,0.0927536231884058,0.0460251046025104,False,False,False,True,True,passes_recommended_min20,exploratory_cell_level_comparison; one_sample_per_tissue_condition; p_values_do_not_establish_biological_replicate_significance,Tumor,False,False
cluster_tissue__C5-1__spleen,cluster_tissue,C5-1,spleen,Tumor_T2_vs_Control_Ctrl,345,239,Pskh1,2.0215788,0.91579455,0.0432198800077056,0.5404137314669862,0.1014492753623188,0.09796241,0.053117584,0.1014492753623188,0.0543933054393305,False,False,False,True,True,passes_recommended_min20,exploratory_cell_level_comparison; one_sample_per_tissue_condition; p_values_do_not_establish_biological_replicate_significance,Tumor,False,False
cluster_tissue__C5-1__spleen,cluster_tissue,C5-1,spleen,Tumor_T2_vs_Control_Ctrl,345,239,Phlda1,2.0176597,0.9898263,0.0436267099225523,0.5404137314669862,0.0956521739130434,0.10009266,0.05165193,0.0956521739130435,0.0502092050209204,False,False,False,True,True,passes_recommended_min20,exploratory_cell_level_comparison; one_sample_per_tissue_condition; p_values_do_not_establish_biological_replicate_significance,Tumor,False,False
cluster_tissue__C5-1__spleen,cluster_tissue,C5-1,spleen,Tumor_T2_vs_Control_Ctrl,345,239,Slf1,2.0166469,0.84301925,0.0437323773343106,0.5404137314669862,0.1304347826086956,0.13541287,0.0777378,0.1304347826086957,0.0794979079497907,False,False,False,True,True,passes_recommended_min20,exploratory_cell_level_comparison; one_sample_per_tissue_condition; p_values_do_not_establish_biological_replicate_significance,Tumor,False,False
cluster_tissue__C5-1__spleen,cluster_tissue,C5-1,spleen,Tumor_T2_vs_Control_Ctrl,345,239,Gpr155,2.0144382,1.3574351,0.0439635448439758,0.5404137314669862,0.0608695652173913,0.06479136,0.02578824,0.0608695652173913,0.0251046025104602,True,False,False,True,True,passes_recommended_min20,exploratory_cell_level_comparison; one_sample_per_tissue_condition; p_values_do_not_establish_biological_replicate_significance,Tumor,False,False
cluster_tissue__C5-1__spleen,cluster_tissue,C5-1,spleen,Tumor_T2_vs_Control_Ctrl,345,239,Ttl,2.0143044,3.0827088,0.0439775914286612,0.5404137314669862,0.0260869565217391,0.026710283,0.0031901463,0.0260869565217391,0.00418410041841,True,False,False,True,True,passes_recommended_min20,exploratory_cell_level_comparison; one_sample_per_tissue_condition; p_values_do_not_establish_biological_replicate_significance,Tumor,False,False
cluster_tissue__C5-1__spleen,cluster_tissue,C5-1,spleen,Tumor_T2_vs_Control_Ctrl,345,239,1700066B19Rik,2.0120847,2.9922504,0.0442110078476264,0.5404137314669862,0.0260869565217391,0.0276857,0.0035217537,0.0260869565217391,0.00418410041841,True,False,False,True,True,passes_recommended_min20,exploratory_cell_level_comparison; one_sample_per_tissue_condition; p_values_do_not_establish_biological_replicate_significance,Tumor,False,False
cluster_tissue__C5-1__spleen,cluster_tissue,C5-1,spleen,Tumor_T2_vs_Control_Ctrl,345,239,Kat6b,2.011669,0.60993207,0.0442548480760999,0.5404137314669862,0.1913043478260869,0.1943354,0.13150938,0.191304347826087,0.1255230125523012,False,False,False,True,True,passes_recommended_min20,exploratory_cell_level_comparison; one_sample_per_tissue_condition; p_values_do_not_establish_biological_replicate_significance,Tumor,False,False
cluster_tissue__C5-1__spleen,cluster_tissue,C5-1,spleen,Tumor_T2_vs_Control_Ctrl,345,239,Chtf8,2.009865,2.8907335,0.0444454690495775,0.5404137314669862,0.0260869565217391,0.026428977,0.0036045534,0.0260869565217391,0.00418410041841,True,False,False,True,True,passes_recommended_min20,exploratory_cell_level_comparison; one_sample_per_tissue_condition; p_values_do_not_establish_biological_replicate_significance,Tumor,False,False
cluster_tissue__C5-1__spleen,cluster_tissue,C5-1,spleen,Tumor_T2_vs_Control_Ctrl,345,239,Phf11a,2.007424,1.1704224,0.0447045233101801,0.5404137314669862,0.072463768115942,0.06771193,0.030651132,0.072463768115942,0.0334728033472803,True,False,False,True,True,passes_recommended_min20,exploratory_cell_level_comparison; one_sample_per_tissue_condition; p_values_do_not_establish_biological_replicate_significance,Tumor,False,False
cluster_tissue__C5-1__spleen,cluster_tissue,C5-1,spleen,Tumor_T2_vs_Control_Ctrl,345,239,Zfp930,2.0072584,0.9538748,0.0447221485365837,0.5404137314669862,0.0840579710144927,0.08262173,0.04350436,0.0840579710144927,0.0418410041841004,False,False,False,True,True,passes_recommended_min20,exploratory_cell_level_comparison; one_sample_per_tissue_condition; p_values_do_not_establish_biological_replicate_significance,Tumor,True,False
cluster_tissue__C5-1__spleen,cluster_tissue,C5-1,spleen,Tumor_T2_vs_Control_Ctrl,345,239,Pex3,2.004149,0.74777406,0.0450541152610214,0.5418482684236472,0.1101449275362318,0.10953681,0.06666589,0.1101449275362319,0.0585774058577405,False,False,False,True,True,passes_recommended_min20,exploratory_cell_level_comparison; one_sample_per_tissue_condition; p_values_do_not_establish_biological_replicate_significance,Tumor,True,False
cluster_tissue__C5-1__spleen,cluster_tissue,C5-1,spleen,Tumor_T2_vs_Control_Ctrl,345,239,Zfp367,2.0032063,2.8899796,0.0451551565422549,0.5418482684236472,0.0260869565217391,0.027035786,0.0036902071,0.0260869565217391,0.00418410041841,True,False,False,True,True,passes_recommended_min20,exploratory_cell_level_comparison; one_sample_per_tissue_condition; p_values_do_not_establish_biological_replicate_significance,Tumor,False,False
cluster_tissue__C5-1__spleen,cluster_tissue,C5-1,spleen,Tumor_T2_vs_Control_Ctrl,345,239,Cnbd2,2.0009866,2.5393956,0.0453938320917897,0.5418482684236472,0.0260869565217391,0.026457245,0.004601172,0.0260869565217391,0.00418410041841,True,False,False,True,True,passes_recommended_min20,exploratory_cell_level_comparison; one_sample_per_tissue_condition; p_values_do_not_establish_biological_replicate_significance,Tumor,False,False
cluster_tissue__C5-1__spleen,cluster_tissue,C5-1,spleen,Tumor_T2_vs_Control_Ctrl,345,239,Rufy3,2.0009866,2.6329548,0.0453938320917897,0.5418482684236472,0.0260869565217391,0.025104215,0.004089992,0.0260869565217391,0.00418410041841,True,False,False,True,True,passes_recommended_min20,exploratory_cell_level_comparison; one_sample_per_tissue_condition; p_values_do_not_establish_biological_replicate_significance,Tumor,False,False
cluster_tissue__C5-1__spleen,cluster_tissue,C5-1,spleen,Tumor_T2_vs_Control_Ctrl,345,239,Ercc1,2.0009027,0.6624729,0.0454028773911176,0.5418482684236472,0.1623188405797101,0.16178948,0.10521654,0.1623188405797102,0.104602510460251,False,False,False,True,True,passes_recommended_min20,exploratory_cell_level_comparison; one_sample_per_tissue_condition; p_values_do_not_establish_biological_replicate_significance,Tumor,True,True
cluster_tissue__C5-1__spleen,cluster_tissue,C5-1,spleen,Tumor_T2_vs_Control_Ctrl,345,239,Mcu,1.999359,1.2417833,0.0455695176343278,0.5420588106558281,0.0608695652173913,0.05992786,0.025779989,0.0608695652173913,0.0251046025104602,True,False,False,True,True,passes_recommended_min20,exploratory_cell_level_comparison; one_sample_per_tissue_condition; p_values_do_not_establish_biological_replicate_significance,Tumor,True,False
cluster_tissue__C5-1__spleen,cluster_tissue,C5-1,spleen,Tumor_T2_vs_Control_Ctrl,345,239,Abr,1.9978958,0.6651417,0.045727960057121,0.5433377882065498,0.1884057971014492,0.18919602,0.12340764,0.1884057971014493,0.1255230125523012,False,False,False,True,True,passes_recommended_min20,exploratory_cell_level_comparison; one_sample_per_tissue_condition; p_values_do_not_establish_biological_replicate_significance,Tumor,False,False
cluster_tissue__C5-1__spleen,cluster_tissue,C5-1,spleen,Tumor_T2_vs_Control_Ctrl,345,239,Zfp985,1.9965473,2.4945087,0.0458743739859436,0.5434275777319364,0.0260869565217391,0.024689957,0.0044259774,0.0260869565217391,0.00418410041841,True,False,False,True,True,passes_recommended_min20,exploratory_cell_level_comparison; one_sample_per_tissue_condition; p_values_do_not_establish_biological_replicate_significance,Tumor,True,False
cluster_tissue__C5-1__spleen,cluster_tissue,C5-1,spleen,Tumor_T2_vs_Control_Ctrl,345,239,Atad3a,1.9937371,0.70404243,0.0461807962252136,0.5434275777319364,0.1304347826086956,0.12884033,0.08103562,0.1304347826086957,0.0753138075313807,False,False,False,True,True,passes_recommended_min20,exploratory_cell_level_comparison; one_sample_per_tissue_condition; p_values_do_not_establish_biological_replicate_significance,Tumor,False,False
cluster_tissue__C5-1__spleen,cluster_tissue,C5-1,spleen,Tumor_T2_vs_Control_Ctrl,345,239,Elmod2,1.9909933,1.9234297,0.0464816227812966,0.5434275777319364,0.0405797101449275,0.04243898,0.011364044,0.0405797101449275,0.0125523012552301,True,False,False,True,True,passes_recommended_min20,exploratory_cell_level_comparison; one_sample_per_tissue_condition; p_values_do_not_establish_biological_replicate_significance,Tumor,False,False
cluster_tissue__C5-1__spleen,cluster_tissue,C5-1,spleen,Tumor_T2_vs_Control_Ctrl,345,239,Wars,1.9903187,0.7028153,0.0465558506793641,0.5434275777319364,0.1420289855072463,0.1491724,0.09425139,0.1420289855072464,0.0878661087866108,False,False,False,True,True,passes_recommended_min20,exploratory_cell_level_comparison; one_sample_per_tissue_condition; p_values_do_not_establish_biological_replicate_significance,Tumor,True,False
cluster_tissue__C5-1__spleen,cluster_tissue,C5-1,spleen,Tumor_T2_vs_Control_Ctrl,345,239,Snapc3,1.989803,0.7216277,0.0466126427630512,0.5434275777319364,0.1478260869565217,0.15657774,0.0978415,0.1478260869565218,0.0920502092050208,False,False,False,True,True,passes_recommended_min20,exploratory_cell_level_comparison; one_sample_per_tissue_condition; p_values_do_not_establish_biological_replicate_significance,Tumor,False,False
cluster_tissue__C5-1__spleen,cluster_tissue,C5-1,spleen,Tumor_T2_vs_Control_Ctrl,345,239,Ulk3,1.9897633,0.9999616,0.0466170227747783,0.5434275777319364,0.0608695652173913,0.05908694,0.0299806,0.0608695652173913,0.0251046025104602,False,False,False,True,True,passes_recommended_min20,exploratory_cell_level_comparison; one_sample_per_tissue_condition; p_values_do_not_establish_biological_replicate_significance,Tumor,False,False
cluster_tissue__C5-1__spleen,cluster_tissue,C5-1,spleen,Tumor_T2_vs_Control_Ctrl,345,239,Abca7,1.9888461,0.8665841,0.0467181992530485,0.5434275777319364,0.1159420289855072,0.12058849,0.06792859,0.1159420289855073,0.0669456066945606,False,False,False,True,True,passes_recommended_min20,exploratory_cell_level_comparison; one_sample_per_tissue_condition; p_values_do_not_establish_biological_replicate_significance,Tumor,True,False
cluster_tissue__C5-1__spleen,cluster_tissue,C5-1,spleen,Tumor_T2_vs_Control_Ctrl,345,239,Pomgnt1,1.9883924,1.1297318,0.0467683080081701,0.5434275777319364,0.0608695652173913,0.061387736,0.028522559,0.0608695652173913,0.0251046025104602,True,False,False,True,True,passes_recommended_min20,exploratory_cell_level_comparison; one_sample_per_tissue_condition; p_values_do_not_establish_biological_replicate_significance,Tumor,True,True
cluster_tissue__C5-1__spleen,cluster_tissue,C5-1,spleen,Tumor_T2_vs_Control_Ctrl,345,239,Map2k7,1.9870962,0.59080625,0.0469117338501018,0.5434275777319364,0.2028985507246377,0.20225377,0.13874833,0.2028985507246377,0.1338912133891213,False,False,False,True,True,passes_recommended_min20,exploratory_cell_level_comparison; one_sample_per_tissue_condition; p_values_do_not_establish_biological_replicate_significance,Tumor,True,True
cluster_tissue__C5-1__spleen,cluster_tissue,C5-1,spleen,Tumor_T2_vs_Control_Ctrl,345,239,Mcm5,1.9851646,1.0008634,0.0471261560041059,0.5436065779068218,0.0666666666666666,0.06298291,0.031968396,0.0666666666666667,0.0292887029288702,True,False,False,True,True,passes_recommended_min20,exploratory_cell_level_comparison; one_sample_per_tissue_condition; p_values_do_not_establish_biological_replicate_significance,Tumor,True,False
cluster_tissue__C5-1__spleen,cluster_tissue,C5-1,spleen,Tumor_T2_vs_Control_Ctrl,345,239,Ccnc,1.9784062,0.66791946,0.0478829010081557,0.5484244026588716,0.1275362318840579,0.117759496,0.07571957,0.127536231884058,0.0711297071129706,False,False,False,True,True,passes_recommended_min20,exploratory_cell_level_comparison; one_sample_per_tissue_condition; p_values_do_not_establish_biological_replicate_significance,Tumor,False,False
cluster_tissue__C5-1__spleen,cluster_tissue,C5-1,spleen,Tumor_T2_vs_Control_Ctrl,345,239,Hist3h2ba,1.9755791,1.7369148,0.0482024599843056,0.5491987084224927,0.0405797101449275,0.044765033,0.013641642,0.0405797101449275,0.0125523012552301,True,False,False,True,True,passes_recommended_min20,exploratory_cell_level_comparison; one_sample_per_tissue_condition; p_values_do_not_establish_biological_replicate_significance,Tumor,True,False
cluster_tissue__C5-1__spleen,cluster_tissue,C5-1,spleen,Tumor_T2_vs_Control_Ctrl,345,239,Cplane1,1.9749856,0.94184446,0.0482697842089254,0.5491987084224927,0.0840579710144927,0.08307203,0.044104483,0.0840579710144927,0.0418410041841004,False,False,False,True,True,passes_recommended_min20,exploratory_cell_level_comparison; one_sample_per_tissue_condition; p_values_do_not_establish_biological_replicate_significance,Tumor,False,False
cluster_tissue__C5-1__spleen,cluster_tissue,C5-1,spleen,Tumor_T2_vs_Control_Ctrl,345,239,Lin37,1.9745057,0.6257188,0.0483242723290569,0.5491987084224927,0.208695652173913,0.22097874,0.14865473,0.2086956521739131,0.1422594142259414,False,False,False,True,True,passes_recommended_min20,exploratory_cell_level_comparison; one_sample_per_tissue_condition; p_values_do_not_establish_biological_replicate_significance,Tumor,True,False
cluster_tissue__C5-1__spleen,cluster_tissue,C5-1,spleen,Tumor_T2_vs_Control_Ctrl,345,239,Nebl,1.9686558,0.756586,0.0489926224979275,0.5537619513272102,0.1420289855072463,0.15047327,0.09177161,0.1420289855072464,0.0878661087866108,False,False,False,True,True,passes_recommended_min20,exploratory_cell_level_comparison; one_sample_per_tissue_condition; p_values_do_not_establish_biological_replicate_significance,Tumor,False,False
cluster_tissue__C5-1__spleen,cluster_tissue,C5-1,spleen,Tumor_T2_vs_Control_Ctrl,345,239,Aimp2,1.9665986,0.707785,0.0492295026830979,0.5543124119798325,0.1507246376811594,0.15336686,0.096657954,0.1507246376811594,0.0962343096234309,False,False,False,True,True,passes_recommended_min20,exploratory_cell_level_comparison; one_sample_per_tissue_condition; p_values_do_not_establish_biological_replicate_significance,Tumor,False,False
cluster_tissue__C5-1__spleen,cluster_tissue,C5-1,spleen,Tumor_T2_vs_Control_Ctrl,345,239,Itfg1,1.9633507,0.6345435,0.0496054478961655,0.5571475042653539,0.1420289855072463,0.14128368,0.09326244,0.1420289855072464,0.0878661087866108,False,False,False,True,True,passes_recommended_min20,exploratory_cell_level_comparison; one_sample_per_tissue_condition; p_values_do_not_establish_biological_replicate_significance,Tumor,False,False
cluster_tissue__C5-1__spleen,cluster_tissue,C5-1,spleen,Tumor_T2_vs_Control_Ctrl,345,239,Dnaja1,-6.879364,-0.7633554,6.012034228221243e-12,5.345700434593388e-09,0.8231884057971014,1.2983743,1.7085295,0.8231884057970957,0.9037656903765656,False,False,True,True,True,passes_recommended_min20,exploratory_cell_level_comparison; one_sample_per_tissue_condition; p_values_do_not_establish_biological_replicate_significance,Control,True,False
cluster_tissue__C5-1__spleen,cluster_tissue,C5-1,spleen,Tumor_T2_vs_Control_Ctrl,345,239,Dynll1,-6.3671536,-0.76903933,1.9256847496028744e-10,1.0814240146454037e-07,0.7391304347826086,1.020643,1.392476,0.7391304347826045,0.8326359832635957,False,False,True,True,True,passes_recommended_min20,exploratory_cell_level_comparison; one_sample_per_tissue_condition; p_values_do_not_establish_biological_replicate_significance,Control,True,False
cluster_tissue__C5-1__spleen,cluster_tissue,C5-1,spleen,Tumor_T2_vs_Control_Ctrl,345,239,Hsph1,-5.302045,-1.6466548,1.1451256852513017e-07,3.818278456759809e-05,0.1014492753623188,0.098709166,0.28128666,0.1014492753623188,0.2594142259414229,False,False,True,True,True,passes_recommended_min20,exploratory_cell_level_comparison; one_sample_per_tissue_condition; p_values_do_not_establish_biological_replicate_significance,Control,True,False
cluster_tissue__C5-1__spleen,cluster_tissue,C5-1,spleen,Tumor_T2_vs_Control_Ctrl,345,239,Sfpq,-4.6551867,-0.6631767,3.2368711087229283e-06,0.0007674981051127,0.5855072463768116,0.7369988,1.0026671,0.5855072463768103,0.7154811715481157,False,False,True,True,True,passes_recommended_min20,exploratory_cell_level_comparison; one_sample_per_tissue_condition; p_values_do_not_establish_biological_replicate_significance,Control,False,False
cluster_tissue__C5-1__spleen,cluster_tissue,C5-1,spleen,Tumor_T2_vs_Control_Ctrl,345,239,Cd48,-4.406296,-0.70092976,1.0515343696410049e-05,0.0020837129860081,0.4753623188405797,0.5712061,0.81196356,0.4753623188405799,0.6443514644351458,False,False,True,True,True,passes_recommended_min20,exploratory_cell_level_comparison; one_sample_per_tissue_condition; p_values_do_not_establish_biological_replicate_significance,Control,True,False
cluster_tissue__C5-1__spleen,cluster_tissue,C5-1,spleen,Tumor_T2_vs_Control_Ctrl,345,239,Vps13c,-4.065878,-1.4755687,4.78519760870151e-05,0.0075570066606949,0.0695652173913043,0.06999614,0.183678,0.0695652173913043,0.1757322175732218,False,False,True,True,True,passes_recommended_min20,exploratory_cell_level_comparison; one_sample_per_tissue_condition; p_values_do_not_establish_biological_replicate_significance,Control,False,False
cluster_tissue__C5-1__spleen,cluster_tissue,C5-1,spleen,Tumor_T2_vs_Control_Ctrl,345,239,Smg8,-4.0103703,-2.5322244,6.062361906541117e-05,0.0092407716489705,0.017391304347826,0.01614389,0.08997258,0.017391304347826,0.0878661087866108,False,False,True,True,True,passes_recommended_min20,exploratory_cell_level_comparison; one_sample_per_tissue_condition; p_values_do_not_establish_biological_replicate_significance,Control,False,False
cluster_tissue__C5-1__spleen,cluster_tissue,C5-1,spleen,Tumor_T2_vs_Control_Ctrl,345,239,Zfp873,-3.7797744,-1.8762468,0.0001569704728014,0.0201792162023047,0.0289855072463768,0.030260282,0.10686954,0.0289855072463768,0.104602510460251,False,False,True,True,True,passes_recommended_min20,exploratory_cell_level_comparison; one_sample_per_tissue_condition; p_values_do_not_establish_biological_replicate_significance,Control,False,False
cluster_tissue__C5-1__spleen,cluster_tissue,C5-1,spleen,Tumor_T2_vs_Control_Ctrl,345,239,Aen,-3.7591422,-1.1293546,0.0001704968835967,0.021657163666391,0.1188405797101449,0.12431696,0.25431976,0.1188405797101449,0.2343096234309625,False,False,True,True,True,passes_recommended_min20,exploratory_cell_level_comparison; one_sample_per_tissue_condition; p_values_do_not_establish_biological_replicate_significance,Control,False,False
cluster_tissue__C5-1__spleen,cluster_tissue,C5-1,spleen,Tumor_T2_vs_Control_Ctrl,345,239,Pms1,-3.6925797,-2.44458,0.0002219906969157,0.0278663616010687,0.017391304347826,0.015700735,0.082633935,0.017391304347826,0.0794979079497907,False,False,True,True,True,passes_recommended_min20,exploratory_cell_level_comparison; one_sample_per_tissue_condition; p_values_do_not_establish_biological_replicate_significance,Control,False,False
cluster_tissue__C5-1__spleen,cluster_tissue,C5-1,spleen,Tumor_T2_vs_Control_Ctrl,345,239,Bop1,-3.6837013,-1.2351687,0.0002298715751067,0.0285201128649885,0.0927536231884058,0.0949083,0.21055946,0.0927536231884058,0.1966527196652721,False,False,True,True,True,passes_recommended_min20,exploratory_cell_level_comparison; one_sample_per_tissue_condition; p_values_do_not_establish_biological_replicate_significance,Control,False,False
cluster_tissue__C5-1__spleen,cluster_tissue,C5-1,spleen,Tumor_T2_vs_Control_Ctrl,345,239,Slc15a2,-3.6539347,-3.3794544,0.0002582519981726,0.0311657114847012,0.0057971014492753,0.0051085195,0.051927485,0.0057971014492753,0.0543933054393305,False,False,True,True,True,passes_recommended_min20,exploratory_cell_level_comparison; one_sample_per_tissue_condition; p_values_do_not_establish_biological_replicate_significance,Control,False,False
cluster_tissue__C5-1__spleen,cluster_tissue,C5-1,spleen,Tumor_T2_vs_Control_Ctrl,345,239,Map4k3,-3.6502943,-3.4028041,0.0002619399160829,0.0311657114847012,0.0057971014492753,0.0057715136,0.05941872,0.0057971014492753,0.0543933054393305,False,False,True,True,True,passes_recommended_min20,exploratory_cell_level_comparison; one_sample_per_tissue_condition; p_values_do_not_establish_biological_replicate_significance,Control,True,False
cluster_tissue__C5-1__spleen,cluster_tissue,C5-1,spleen,Tumor_T2_vs_Control_Ctrl,345,239,Xcl1,-3.6493757,-1.4612092,0.000262878541108,0.0311657114847012,0.0463768115942029,0.052250586,0.13775219,0.0463768115942029,0.1297071129707112,False,False,True,True,True,passes_recommended_min20,exploratory_cell_level_comparison; one_sample_per_tissue_condition; p_values_do_not_establish_biological_replicate_significance,Control,True,False
cluster_tissue__C5-1__spleen,cluster_tissue,C5-1,spleen,Tumor_T2_vs_Control_Ctrl,345,239,Nkg7,-3.636364,-0.9925036,0.0002765134915206,0.0324219665332469,0.2028985507246377,0.3247147,0.56718403,0.2028985507246377,0.3305439330543938,False,False,True,True,True,passes_recommended_min20,exploratory_cell_level_comparison; one_sample_per_tissue_condition; p_values_do_not_establish_biological_replicate_significance,Control,False,False
cluster_tissue__C5-1__spleen,cluster_tissue,C5-1,spleen,Tumor_T2_vs_Control_Ctrl,345,239,Nsd1,-3.62839,-0.58600146,0.0002851941323567,0.0330763194809414,0.5217391304347826,0.6574606,0.87373084,0.5217391304347825,0.6485355648535558,False,False,True,True,True,passes_recommended_min20,exploratory_cell_level_comparison; one_sample_per_tissue_condition; p_values_do_not_establish_biological_replicate_significance,Control,True,False
cluster_tissue__C5-1__spleen,cluster_tissue,C5-1,spleen,Tumor_T2_vs_Control_Ctrl,345,239,Mxd4,-3.5556164,-0.73174435,0.0003770938860708,0.0414803274677949,0.3478260869565217,0.40134168,0.5988764,0.3478260869565219,0.4644351464435154,False,False,True,True,True,passes_recommended_min20,exploratory_cell_level_comparison; one_sample_per_tissue_condition; p_values_do_not_establish_biological_replicate_significance,Control,False,False
cluster_tissue__C5-1__spleen,cluster_tissue,C5-1,spleen,Tumor_T2_vs_Control_Ctrl,345,239,Tmem165,-3.5126553,-0.8287506,0.0004436525249779,0.0468690340744065,0.217391304347826,0.22783954,0.3746533,0.2173913043478262,0.3347280334728038,False,False,True,True,True,passes_recommended_min20,exploratory_cell_level_comparison; one_sample_per_tissue_condition; p_values_do_not_establish_biological_replicate_significance,Control,False,False
cluster_tissue__C5-1__spleen,cluster_tissue,C5-1,spleen,Tumor_T2_vs_Control_Ctrl,345,239,Baz1a,-3.4940307,-0.81729794,0.0004757862127945,0.0492877562186203,0.2579710144927536,0.28289875,0.45498908,0.2579710144927537,0.3807531380753144,False,False,True,True,True,passes_recommended_min20,exploratory_cell_level_comparison; one_sample_per_tissue_condition; p_values_do_not_establish_biological_replicate_significance,Control,False,False
cluster_tissue__C5-1__spleen,cluster_tissue,C5-1,spleen,Tumor_T2_vs_Control_Ctrl,345,239,Ahsa1,-3.4619381,-0.6753674,0.0005363002125188,0.0546383465336917,0.3130434782608696,0.32854763,0.48313802,0.3130434782608697,0.4351464435146451,False,False,False,True,True,passes_recommended_min20,exploratory_cell_level_comparison; one_sample_per_tissue_condition; p_values_do_not_establish_biological_replicate_significance,Control,False,False
cluster_tissue__C5-1__spleen,cluster_tissue,C5-1,spleen,Tumor_T2_vs_Control_Ctrl,345,239,Cand2,-3.3965144,-1.924478,0.0006824994032112,0.0650202556452131,0.0202898550724637,0.021801516,0.08035081,0.0202898550724637,0.0794979079497907,False,False,False,True,True,passes_recommended_min20,exploratory_cell_level_comparison; one_sample_per_tissue_condition; p_values_do_not_establish_biological_replicate_significance,Control,False,False
cluster_tissue__C5-1__spleen,cluster_tissue,C5-1,spleen,Tumor_T2_vs_Control_Ctrl,345,239,Chordc1,-3.3828106,-0.6628905,0.000717480815329,0.0677479672527546,0.3275362318840579,0.3465515,0.5042569,0.3275362318840581,0.4435146443514652,False,False,False,True,True,passes_recommended_min20,exploratory_cell_level_comparison; one_sample_per_tissue_condition; p_values_do_not_establish_biological_replicate_significance,Control,False,False
cluster_tissue__C5-1__spleen,cluster_tissue,C5-1,spleen,Tumor_T2_vs_Control_Ctrl,345,239,Srrt,-3.3710098,-0.80309063,0.0007489317948315,0.0686547513485127,0.2492753623188406,0.2576575,0.41396177,0.2492753623188407,0.3556485355648541,False,False,False,True,True,passes_recommended_min20,exploratory_cell_level_comparison; one_sample_per_tissue_condition; p_values_do_not_establish_biological_replicate_significance,Control,False,False
cluster_tissue__C5-1__spleen,cluster_tissue,C5-1,spleen,Tumor_T2_vs_Control_Ctrl,345,239,Utp18,-3.311741,-0.91337055,0.0009271733757499,0.0804304058475774,0.1652173913043478,0.16223349,0.28648594,0.1652173913043479,0.271966527196653,False,False,False,True,True,passes_recommended_min20,exploratory_cell_level_comparison; one_sample_per_tissue_condition; p_values_do_not_establish_biological_replicate_significance,Control,True,False
cluster_tissue__C5-1__spleen,cluster_tissue,C5-1,spleen,Tumor_T2_vs_Control_Ctrl,345,239,Itgb1,-3.3072069,-0.81094635,0.0009423130044892,0.0810845141766129,0.1884057971014492,0.22544764,0.367174,0.1884057971014493,0.3012552301255234,False,False,False,True,True,passes_recommended_min20,exploratory_cell_level_comparison; one_sample_per_tissue_condition; p_values_do_not_establish_biological_replicate_significance,Control,True,False
cluster_tissue__C5-1__spleen,cluster_tissue,C5-1,spleen,Tumor_T2_vs_Control_Ctrl,345,239,Ifngr1,-3.284127,-0.981891,0.0010229879151631,0.0863442378021413,0.1681159420289855,0.20250216,0.36694986,0.1681159420289855,0.271966527196653,False,False,False,True,True,passes_recommended_min20,exploratory_cell_level_comparison; one_sample_per_tissue_condition; p_values_do_not_establish_biological_replicate_significance,Control,True,False
cluster_tissue__C5-1__spleen,cluster_tissue,C5-1,spleen,Tumor_T2_vs_Control_Ctrl,345,239,Slc41a1,-3.2806158,-1.5237671,0.0010358071638869,0.0863442378021413,0.0463768115942029,0.04489586,0.12401751,0.0463768115942029,0.1171548117154811,False,False,False,True,True,passes_recommended_min20,exploratory_cell_level_comparison; one_sample_per_tissue_condition; p_values_do_not_establish_biological_replicate_significance,Control,False,False
cluster_tissue__C5-1__spleen,cluster_tissue,C5-1,spleen,Tumor_T2_vs_Control_Ctrl,345,239,Aldh2,-3.1117878,-1.7447158,0.0018595809526323,0.1417266340327623,0.0318840579710144,0.031033736,0.10041857,0.0318840579710145,0.0920502092050208,False,False,False,True,True,passes_recommended_min20,exploratory_cell_level_comparison; one_sample_per_tissue_condition; p_values_do_not_establish_biological_replicate_significance,Control,True,False
cluster_tissue__C5-1__spleen,cluster_tissue,C5-1,spleen,Tumor_T2_vs_Control_Ctrl,345,239,Cep350,-3.0743968,-0.5891147,0.0021092869863964,0.1541513160606143,0.3333333333333333,0.36575973,0.50941813,0.3333333333333335,0.4393305439330551,False,False,False,True,True,passes_recommended_min20,exploratory_cell_level_comparison; one_sample_per_tissue_condition; p_values_do_not_establish_biological_replicate_significance,Control,False,False
cluster_tissue__C5-1__spleen,cluster_tissue,C5-1,spleen,Tumor_T2_vs_Control_Ctrl,345,239,Dip2b,-3.0508022,-1.0029982,0.0022823086319282,0.1634378060582141,0.1101449275362318,0.11322572,0.2153276,0.1101449275362319,0.1966527196652721,False,False,False,True,True,passes_recommended_min20,exploratory_cell_level_comparison; one_sample_per_tissue_condition; p_values_do_not_establish_biological_replicate_significance,Control,False,False
cluster_tissue__C5-1__spleen,cluster_tissue,C5-1,spleen,Tumor_T2_vs_Control_Ctrl,345,239,Pnpt1,-3.0276484,-1.1406384,0.002464646758751,0.1741574895090962,0.0695652173913043,0.06904544,0.14635654,0.0695652173913043,0.1464435146443514,False,False,False,True,True,passes_recommended_min20,exploratory_cell_level_comparison; one_sample_per_tissue_condition; p_values_do_not_establish_biological_replicate_significance,Control,True,False
cluster_tissue__C5-1__spleen,cluster_tissue,C5-1,spleen,Tumor_T2_vs_Control_Ctrl,345,239,Smad5,-3.0196638,-1.3074996,0.0025305535583854,0.1774115117578152,0.0434782608695652,0.047932114,0.11469124,0.0434782608695652,0.108786610878661,False,False,False,True,True,passes_recommended_min20,exploratory_cell_level_comparison; one_sample_per_tissue_condition; p_values_do_not_establish_biological_replicate_significance,Control,True,False
cluster_tissue__C5-1__spleen,cluster_tissue,C5-1,spleen,Tumor_T2_vs_Control_Ctrl,345,239,Kif1b,-3.007937,-1.1824355,0.0026302763077315,0.1786603159879743,0.1014492753623188,0.10153369,0.21716198,0.1014492753623188,0.1799163179916318,False,False,False,True,True,passes_recommended_min20,exploratory_cell_level_comparison; one_sample_per_tissue_condition; p_values_do_not_establish_biological_replicate_significance,Control,False,False
cluster_tissue__C5-1__spleen,cluster_tissue,C5-1,spleen,Tumor_T2_vs_Control_Ctrl,345,239,Ascc1,-2.979212,-0.88095355,0.002889906371393,0.1915236085885948,0.144927536231884,0.14586909,0.25403136,0.1449275362318841,0.2384937238493726,False,False,False,True,True,passes_recommended_min20,exploratory_cell_level_comparison; one_sample_per_tissue_condition; p_values_do_not_establish_biological_replicate_significance,Control,False,False
cluster_tissue__C5-1__spleen,cluster_tissue,C5-1,spleen,Tumor_T2_vs_Control_Ctrl,345,239,Lztr1,-2.9673808,-1.6171446,0.0030034881324727,0.1964644510033954,0.0376811594202898,0.033941664,0.10066774,0.0376811594202898,0.0962343096234309,False,False,False,True,True,passes_recommended_min20,exploratory_cell_level_comparison; one_sample_per_tissue_condition; p_values_do_not_establish_biological_replicate_significance,Control,False,False
cluster_tissue__C5-1__spleen,cluster_tissue,C5-1,spleen,Tumor_T2_vs_Control_Ctrl,345,239,Slc27a6,-2.9559848,-3.8514729,0.0031167250797946,0.1971020428948387,0.0028985507246376,0.0025197014,0.035769664,0.0028985507246376,0.0334728033472803,False,False,False,True,True,passes_recommended_min20,exploratory_cell_level_comparison; one_sample_per_tissue_condition; p_values_do_not_establish_biological_replicate_significance,Control,True,False
cluster_tissue__C5-1__spleen,cluster_tissue,C5-1,spleen,Tumor_T2_vs_Control_Ctrl,345,239,As3mt,-2.9556231,-24.573824,0.0031203798772658,0.1971020428948387,0.0,0.0,0.02466556,0.0,0.0251046025104602,False,False,False,True,True,passes_recommended_min20,exploratory_cell_level_comparison; one_sample_per_tissue_condition; p_values_do_not_establish_biological_replicate_significance,Control,False,False
cluster_tissue__C5-1__spleen,cluster_tissue,C5-1,spleen,Tumor_T2_vs_Control_Ctrl,345,239,Adam17,-2.9358695,-1.1145343,0.0033261436803541,0.2024010253675724,0.072463768115942,0.07491196,0.15566377,0.072463768115942,0.1464435146443514,False,False,False,True,True,passes_recommended_min20,exploratory_cell_level_comparison; one_sample_per_tissue_condition; p_values_do_not_establish_biological_replicate_significance,Control,True,False
cluster_tissue__C5-1__spleen,cluster_tissue,C5-1,spleen,Tumor_T2_vs_Control_Ctrl,345,239,Chmp2b,-2.935386,-0.9763603,0.0033313304426813,0.2024010253675724,0.1101449275362318,0.1104712,0.20686105,0.1101449275362319,0.192468619246862,False,False,False,True,True,passes_recommended_min20,exploratory_cell_level_comparison; one_sample_per_tissue_condition; p_values_do_not_establish_biological_replicate_significance,Control,True,False
cluster_tissue__C5-1__spleen,cluster_tissue,C5-1,spleen,Tumor_T2_vs_Control_Ctrl,345,239,Stxbp3,-2.9214642,-0.8249055,0.0034839024146062,0.2034255513432618,0.1507246376811594,0.15657505,0.26255867,0.1507246376811594,0.2426778242677826,False,False,False,True,True,passes_recommended_min20,exploratory_cell_level_comparison; one_sample_per_tissue_condition; p_values_do_not_establish_biological_replicate_significance,Control,False,False
cluster_tissue__C5-1__spleen,cluster_tissue,C5-1,spleen,Tumor_T2_vs_Control_Ctrl,345,239,5830432E09Rik,-2.8923078,-2.3923545,0.0038242318509815,0.214760809736698,0.008695652173913,0.00860346,0.044365328,0.008695652173913,0.0460251046025104,False,False,False,True,True,passes_recommended_min20,exploratory_cell_level_comparison; one_sample_per_tissue_condition; p_values_do_not_establish_biological_replicate_significance,Control,False,False
cluster_tissue__C5-1__spleen,cluster_tissue,C5-1,spleen,Tumor_T2_vs_Control_Ctrl,345,239,Hook3,-2.869635,-0.767105,0.0041094568937706,0.2225781982565122,0.1739130434782608,0.184729,0.2966117,0.1739130434782609,0.267782426778243,False,False,False,True,True,passes_recommended_min20,exploratory_cell_level_comparison; one_sample_per_tissue_condition; p_values_do_not_establish_biological_replicate_significance,Control,False,False
cluster_tissue__C5-1__spleen,cluster_tissue,C5-1,spleen,Tumor_T2_vs_Control_Ctrl,345,239,Map7d1,-2.8619258,-1.0076101,0.0042107532800622,0.225078561773288,0.1043478260869565,0.10293379,0.1971961,0.1043478260869565,0.1841004184100419,False,False,False,True,True,passes_recommended_min20,exploratory_cell_level_comparison; one_sample_per_tissue_condition; p_values_do_not_establish_biological_replicate_significance,Control,False,False
cluster_tissue__C5-1__spleen,cluster_tissue,C5-1,spleen,Tumor_T2_vs_Control_Ctrl,345,239,Stip1,-2.849565,-0.63051647,0.0043779047610977,0.2289815872593782,0.2492753623188406,0.25529173,0.37173736,0.2492753623188407,0.3389121338912139,False,False,False,True,True,passes_recommended_min20,exploratory_cell_level_comparison; one_sample_per_tissue_condition; p_values_do_not_establish_biological_replicate_significance,Control,True,False
cluster_tissue__C5-1__spleen,cluster_tissue,C5-1,spleen,Tumor_T2_vs_Control_Ctrl,345,239,Rbmxl1,-2.8307443,-0.67568403,0.0046439819364301,0.2372353158735938,0.2463768115942029,0.23904532,0.35861328,0.246376811594203,0.3221757322175737,False,False,False,True,True,passes_recommended_min20,exploratory_cell_level_comparison; one_sample_per_tissue_condition; p_values_do_not_establish_biological_replicate_significance,Control,True,False
cluster_tissue__C5-1__spleen,cluster_tissue,C5-1,spleen,Tumor_T2_vs_Control_Ctrl,345,239,Rab11fip4,-2.8214788,-1.4640297,0.0047802804469802,0.2394628749731402,0.0405797101449275,0.036897324,0.09866163,0.0405797101449275,0.0962343096234309,False,False,False,True,True,passes_recommended_min20,exploratory_cell_level_comparison; one_sample_per_tissue_condition; p_values_do_not_establish_biological_replicate_significance,Control,True,False
cluster_tissue__C5-1__spleen,cluster_tissue,C5-1,spleen,Tumor_T2_vs_Control_Ctrl,345,239,Dnajb12,-2.8120284,-1.4393247,0.0049230171611099,0.245460715462818,0.0405797101449275,0.03917141,0.102862045,0.0405797101449275,0.0962343096234309,False,False,False,True,True,passes_recommended_min20,exploratory_cell_level_comparison; one_sample_per_tissue_condition; p_values_do_not_establish_biological_replicate_significance,Control,True,False
cluster_tissue__C5-1__spleen,cluster_tissue,C5-1,spleen,Tumor_T2_vs_Control_Ctrl,345,239,Trim30a,-2.808266,-0.5922239,0.0049809061738088,0.2471919482536743,0.3391304347826087,0.39092958,0.54299396,0.3391304347826088,0.430962343096235,False,False,False,True,True,passes_recommended_min20,exploratory_cell_level_comparison; one_sample_per_tissue_condition; p_values_do_not_establish_biological_replicate_significance,Control,False,False
cluster_tissue__C5-1__spleen,cluster_tissue,C5-1,spleen,Tumor_T2_vs_Control_Ctrl,345,239,Hsd17b11,-2.800432,-1.5792232,0.0051034261077814,0.2488551059332357,0.0289855072463768,0.028159767,0.081893146,0.0289855072463768,0.0794979079497907,False,False,False,True,True,passes_recommended_min20,exploratory_cell_level_comparison; one_sample_per_tissue_condition; p_values_do_not_establish_biological_replicate_significance,Control,False,False
cluster_tissue__C5-1__spleen,cluster_tissue,C5-1,spleen,Tumor_T2_vs_Control_Ctrl,345,239,Fhod1,-2.7958126,-1.6573731,0.0051769394298417,0.2488551059332357,0.0260869565217391,0.02516912,0.07733268,0.0260869565217391,0.0753138075313807,False,False,False,True,True,passes_recommended_min20,exploratory_cell_level_comparison; one_sample_per_tissue_condition; p_values_do_not_establish_biological_replicate_significance,Control,False,False
cluster_tissue__C5-1__spleen,cluster_tissue,C5-1,spleen,Tumor_T2_vs_Control_Ctrl,345,239,Zfp715,-2.7958126,-1.6696767,0.0051769394298417,0.2488551059332357,0.0260869565217391,0.025790462,0.07984376,0.0260869565217391,0.0753138075313807,False,False,False,True,True,passes_recommended_min20,exploratory_cell_level_comparison; one_sample_per_tissue_condition; p_values_do_not_establish_biological_replicate_significance,Control,True,False
cluster_tissue__C5-1__spleen,cluster_tissue,C5-1,spleen,Tumor_T2_vs_Control_Ctrl,345,239,Slc15a4,-2.793071,-1.657277,0.0052210226287595,0.2488551059332357,0.0260869565217391,0.026559517,0.08148468,0.0260869565217391,0.0753138075313807,False,False,False,True,True,passes_recommended_min20,exploratory_cell_level_comparison; one_sample_per_tissue_condition; p_values_do_not_establish_biological_replicate_significance,Control,False,False
cluster_tissue__C5-1__spleen,cluster_tissue,C5-1,spleen,Tumor_T2_vs_Control_Ctrl,345,239,Sde2,-2.7850778,-0.713709,0.0053514864556405,0.2488551059332357,0.2202898550724637,0.2264961,0.34846297,0.2202898550724638,0.3096234309623435,False,False,False,True,True,passes_recommended_min20,exploratory_cell_level_comparison; one_sample_per_tissue_condition; p_values_do_not_establish_biological_replicate_significance,Control,False,False
cluster_tissue__C5-1__spleen,cluster_tissue,C5-1,spleen,Tumor_T2_vs_Control_Ctrl,345,239,Xlr,-2.7843046,-2.739195,0.0053642618898448,0.2488551059332357,0.0057971014492753,0.0065271836,0.04279547,0.0057971014492753,0.0376569037656903,False,False,False,True,True,passes_recommended_min20,exploratory_cell_level_comparison; one_sample_per_tissue_condition; p_values_do_not_establish_biological_replicate_significance,Control,False,False
cluster_tissue__C5-1__spleen,cluster_tissue,C5-1,spleen,Tumor_T2_vs_Control_Ctrl,345,239,Prdm16,-2.7779503,-2.7454722,0.0054702995581308,0.2526757414946144,0.0057971014492753,0.006147446,0.040520173,0.0057971014492753,0.0376569037656903,False,False,False,True,True,passes_recommended_min20,exploratory_cell_level_comparison; one_sample_per_tissue_condition; p_values_do_not_establish_biological_replicate_significance,Control,True,False
cluster_tissue__C5-1__spleen,cluster_tissue,C5-1,spleen,Tumor_T2_vs_Control_Ctrl,345,239,Commd1,-2.7697303,-0.6509215,0.0056102701383818,0.2580240619678182,0.2376811594202898,0.24639165,0.3637444,0.2376811594202899,0.3305439330543938,False,False,False,True,True,passes_recommended_min20,exploratory_cell_level_comparison; one_sample_per_tissue_condition; p_values_do_not_establish_biological_replicate_significance,Control,False,False
cluster_tissue__C5-1__spleen,cluster_tissue,C5-1,spleen,Tumor_T2_vs_Control_Ctrl,345,239,Stambpl1,-2.7636003,-0.8375477,0.0057167498612146,0.2617927940736504,0.1333333333333333,0.13697663,0.23296355,0.1333333333333334,0.2175732217573223,False,False,False,True,True,passes_recommended_min20,exploratory_cell_level_comparison; one_sample_per_tissue_condition; p_values_do_not_establish_biological_replicate_significance,Control,False,False
cluster_tissue__C5-1__spleen,cluster_tissue,C5-1,spleen,Tumor_T2_vs_Control_Ctrl,345,239,Slc38a9,-2.7582564,-0.765427,0.0058110593603053,0.263451170125177,0.1420289855072463,0.1516304,0.24554688,0.1420289855072464,0.2301255230125525,False,False,False,True,True,passes_recommended_min20,exploratory_cell_level_comparison; one_sample_per_tissue_condition; p_values_do_not_establish_biological_replicate_significance,Control,True,False
cluster_tissue__C5-1__spleen,cluster_tissue,C5-1,spleen,Tumor_T2_vs_Control_Ctrl,345,239,Usp32,-2.756154,-1.2488353,0.0058485428563483,0.263451170125177,0.0463768115942029,0.04862745,0.11191587,0.0463768115942029,0.104602510460251,False,False,False,True,True,passes_recommended_min20,exploratory_cell_level_comparison; one_sample_per_tissue_condition; p_values_do_not_establish_biological_replicate_significance,Control,False,False
cluster_tissue__C5-1__spleen,cluster_tissue,C5-1,spleen,Tumor_T2_vs_Control_Ctrl,345,239,Ubl3,-2.7559762,-0.74251825,0.0058517270215245,0.263451170125177,0.1797101449275362,0.18404125,0.2912315,0.1797101449275363,0.267782426778243,False,False,False,True,True,passes_recommended_min20,exploratory_cell_level_comparison; one_sample_per_tissue_condition; p_values_do_not_establish_biological_replicate_significance,Control,False,False
cluster_tissue__C5-1__spleen,cluster_tissue,C5-1,spleen,Tumor_T2_vs_Control_Ctrl,345,239,Luzp1,-2.7506876,-1.3715649,0.0059470339931328,0.2653562255107669,0.0434782608695652,0.042357866,0.106120445,0.0434782608695652,0.1004184100418409,False,False,False,True,True,passes_recommended_min20,exploratory_cell_level_comparison; one_sample_per_tissue_condition; p_values_do_not_establish_biological_replicate_significance,Control,False,False
cluster_tissue__C5-1__spleen,cluster_tissue,C5-1,spleen,Tumor_T2_vs_Control_Ctrl,345,239,Luc7l,-2.7476354,-0.6760476,0.0060026743636063,0.2657615579239841,0.2231884057971014,0.22739318,0.34213078,0.2231884057971015,0.3096234309623435,False,False,False,True,True,passes_recommended_min20,exploratory_cell_level_comparison; one_sample_per_tissue_condition; p_values_do_not_establish_biological_replicate_significance,Control,False,False
cluster_tissue__C5-1__spleen,cluster_tissue,C5-1,spleen,Tumor_T2_vs_Control_Ctrl,345,239,Tmed7,-2.7239056,-0.6837088,0.0064514945615003,0.2735576856869769,0.1855072463768116,0.1898126,0.28948992,0.1855072463768116,0.2761506276150631,False,False,False,True,True,passes_recommended_min20,exploratory_cell_level_comparison; one_sample_per_tissue_condition; p_values_do_not_establish_biological_replicate_significance,Control,False,False
cluster_tissue__C5-1__spleen,cluster_tissue,C5-1,spleen,Tumor_T2_vs_Control_Ctrl,345,239,Il2rb,-2.7230372,-0.59778917,0.0064684760972099,0.2735576856869769,0.3942028985507246,0.5329753,0.72533494,0.3942028985507248,0.4853556485355657,False,False,False,True,True,passes_recommended_min20,exploratory_cell_level_comparison; one_sample_per_tissue_condition; p_values_do_not_establish_biological_replicate_significance,Control,True,False
cluster_tissue__C5-1__spleen,cluster_tissue,C5-1,spleen,Tumor_T2_vs_Control_Ctrl,345,239,Ero1l,-2.705952,-0.58620816,0.0068108910243425,0.280970204880525,0.2608695652173913,0.28318828,0.39975327,0.2608695652173914,0.3640167364016742,False,False,False,True,True,passes_recommended_min20,exploratory_cell_level_comparison; one_sample_per_tissue_condition; p_values_do_not_establish_biological_replicate_significance,Control,True,False
cluster_tissue__C5-1__spleen,cluster_tissue,C5-1,spleen,Tumor_T2_vs_Control_Ctrl,345,239,Ankrd13c,-2.7057462,-1.0123684,0.0068151113325226,0.280970204880525,0.0840579710144927,0.08570922,0.16595495,0.0840579710144927,0.1548117154811715,False,False,False,True,True,passes_recommended_min20,exploratory_cell_level_comparison; one_sample_per_tissue_condition; p_values_do_not_establish_biological_replicate_significance,Control,False,False
cluster_tissue__C5-1__spleen,cluster_tissue,C5-1,spleen,Tumor_T2_vs_Control_Ctrl,345,239,Zfp551,-2.7040188,-3.6075115,0.0068506390874573,0.280970204880525,0.0028985507246376,0.0025192352,0.030282576,0.0028985507246376,0.0292887029288702,False,False,False,True,True,passes_recommended_min20,exploratory_cell_level_comparison; one_sample_per_tissue_condition; p_values_do_not_establish_biological_replicate_significance,Control,True,False
cluster_tissue__C5-1__spleen,cluster_tissue,C5-1,spleen,Tumor_T2_vs_Control_Ctrl,345,239,F2r,-2.6967413,-1.0666972,0.0070021635643156,0.2838167783082556,0.0608695652173913,0.06408836,0.12983155,0.0608695652173913,0.1255230125523012,False,False,False,True,True,passes_recommended_min20,exploratory_cell_level_comparison; one_sample_per_tissue_condition; p_values_do_not_establish_biological_replicate_significance,Control,True,False
cluster_tissue__C5-1__spleen,cluster_tissue,C5-1,spleen,Tumor_T2_vs_Control_Ctrl,345,239,Per3,-2.6965868,-3.5094955,0.007005412019308,0.2838167783082556,0.0028985507246376,0.0028972188,0.032508418,0.0028985507246376,0.0292887029288702,False,False,False,True,True,passes_recommended_min20,exploratory_cell_level_comparison; one_sample_per_tissue_condition; p_values_do_not_establish_biological_replicate_significance,Control,True,False
cluster_tissue__C5-1__spleen,cluster_tissue,C5-1,spleen,Tumor_T2_vs_Control_Ctrl,345,239,Ufsp1,-2.6957862,-24.361467,0.0070222708035032,0.2838167783082556,0.0,0.0,0.021325208,0.0,0.0209205020920502,False,False,False,True,True,passes_recommended_min20,exploratory_cell_level_comparison; one_sample_per_tissue_condition; p_values_do_not_establish_biological_replicate_significance,Control,False,False
cluster_tissue__C5-1__spleen,cluster_tissue,C5-1,spleen,Tumor_T2_vs_Control_Ctrl,345,239,Itgb1bp1,-2.6877594,-0.6858364,0.0071933229366854,0.2874635046233469,0.2144927536231884,0.2139911,0.32486135,0.2144927536231885,0.3054393305439334,False,False,False,True,True,passes_recommended_min20,exploratory_cell_level_comparison; one_sample_per_tissue_condition; p_values_do_not_establish_biological_replicate_significance,Control,False,False
cluster_tissue__C5-1__spleen,cluster_tissue,C5-1,spleen,Tumor_T2_vs_Control_Ctrl,345,239,BE692007,-2.6812968,-0.660813,0.0073337429508725,0.2919814824097377,0.2811594202898551,0.3782545,0.54628617,0.2811594202898552,0.3682008368200842,False,False,False,True,True,passes_recommended_min20,exploratory_cell_level_comparison; one_sample_per_tissue_condition; p_values_do_not_establish_biological_replicate_significance,Control,False,False
cluster_tissue__C5-1__spleen,cluster_tissue,C5-1,spleen,Tumor_T2_vs_Control_Ctrl,345,239,Slc31a2,-2.6634984,-1.59764,0.0077332793366198,0.3056077426730879,0.0202898550724637,0.022953413,0.06791227,0.0202898550724637,0.0627615062761506,False,False,False,True,True,passes_recommended_min20,exploratory_cell_level_comparison; one_sample_per_tissue_condition; p_values_do_not_establish_biological_replicate_significance,Control,False,False
cluster_tissue__C5-1__spleen,cluster_tissue,C5-1,spleen,Tumor_T2_vs_Control_Ctrl,345,239,Mrps25,-2.6521792,-0.64997035,0.0079974056466909,0.3102912829990153,0.2376811594202898,0.24610117,0.3631381,0.2376811594202899,0.3389121338912139,False,False,False,True,True,passes_recommended_min20,exploratory_cell_level_comparison; one_sample_per_tissue_condition; p_values_do_not_establish_biological_replicate_significance,Control,False,False
cluster_tissue__C5-1__spleen,cluster_tissue,C5-1,spleen,Tumor_T2_vs_Control_Ctrl,345,239,9530018F02Rik,-2.64563,-2.0130224,0.0081538954195037,0.3102912829990153,0.008695652173913,0.009510843,0.03784617,0.008695652173913,0.0418410041841004,False,False,False,True,True,passes_recommended_min20,exploratory_cell_level_comparison; one_sample_per_tissue_condition; p_values_do_not_establish_biological_replicate_significance,Control,False,False
cluster_tissue__C5-1__spleen,cluster_tissue,C5-1,spleen,Tumor_T2_vs_Control_Ctrl,345,239,Senp7,-2.644856,-0.60636467,0.0081725683831169,0.3102912829990153,0.2550724637681159,0.26946342,0.38582397,0.255072463768116,0.3389121338912139,False,False,False,True,True,passes_recommended_min20,exploratory_cell_level_comparison; one_sample_per_tissue_condition; p_values_do_not_establish_biological_replicate_significance,Control,False,False
cluster_tissue__C5-1__spleen,cluster_tissue,C5-1,spleen,Tumor_T2_vs_Control_Ctrl,345,239,Orai3,-2.6434863,-0.94278806,0.0082057118421115,0.3102912829990153,0.081159420289855,0.0810535,0.15039441,0.0811594202898551,0.1506276150627615,False,False,False,True,True,passes_recommended_min20,exploratory_cell_level_comparison; one_sample_per_tissue_condition; p_values_do_not_establish_biological_replicate_significance,Control,True,False
cluster_tissue__C5-1__spleen,cluster_tissue,C5-1,spleen,Tumor_T2_vs_Control_Ctrl,345,239,Banp,-2.6422164,-0.97523177,0.0082365402125345,0.3102912829990153,0.0898550724637681,0.093088344,0.17546159,0.0898550724637681,0.1589958158995816,False,False,False,True,True,passes_recommended_min20,exploratory_cell_level_comparison; one_sample_per_tissue_condition; p_values_do_not_establish_biological_replicate_significance,Control,False,False
cluster_tissue__C5-1__spleen,cluster_tissue,C5-1,spleen,Tumor_T2_vs_Control_Ctrl,345,239,Prkcd,-2.6413789,-0.9747178,0.0082569350472769,0.3102912829990153,0.0782608695652174,0.07913217,0.14999953,0.0782608695652174,0.1464435146443514,False,False,False,True,True,passes_recommended_min20,exploratory_cell_level_comparison; one_sample_per_tissue_condition; p_values_do_not_establish_biological_replicate_significance,Control,True,False
cluster_tissue__C5-1__spleen,cluster_tissue,C5-1,spleen,Tumor_T2_vs_Control_Ctrl,345,239,Plac8,-2.641297,-0.69333535,0.0082589244959438,0.3102912829990153,0.2753623188405797,0.40904573,0.5973019,0.2753623188405798,0.3640167364016742,False,False,False,True,True,passes_recommended_min20,exploratory_cell_level_comparison; one_sample_per_tissue_condition; p_values_do_not_establish_biological_replicate_significance,Control,False,False
cluster_tissue__C5-1__spleen,cluster_tissue,C5-1,spleen,Tumor_T2_vs_Control_Ctrl,345,239,Gfod2,-2.6350195,-1.6787846,0.0084132435519206,0.3138523257923888,0.0231884057971014,0.02169948,0.06787535,0.0231884057971014,0.0669456066945606,False,False,False,True,True,passes_recommended_min20,exploratory_cell_level_comparison; one_sample_per_tissue_condition; p_values_do_not_establish_biological_replicate_significance,Control,False,False
cluster_tissue__C5-1__spleen,cluster_tissue,C5-1,spleen,Tumor_T2_vs_Control_Ctrl,345,239,Madd,-2.6338632,-0.59422266,0.0084419510311542,0.3138523257923888,0.272463768115942,0.29861552,0.4222227,0.2724637681159421,0.3598326359832641,False,False,False,True,True,passes_recommended_min20,exploratory_cell_level_comparison; one_sample_per_tissue_condition; p_values_do_not_establish_biological_replicate_significance,Control,False,False
cluster_tissue__C5-1__spleen,cluster_tissue,C5-1,spleen,Tumor_T2_vs_Control_Ctrl,345,239,Mia3,-2.6287966,-0.6483521,0.0085687610782375,0.3152713127751537,0.2405797101449275,0.25741455,0.37854075,0.2405797101449276,0.3305439330543938,False,False,False,True,True,passes_recommended_min20,exploratory_cell_level_comparison; one_sample_per_tissue_condition; p_values_do_not_establish_biological_replicate_significance,Control,False,False
cluster_tissue__C5-1__spleen,cluster_tissue,C5-1,spleen,Tumor_T2_vs_Control_Ctrl,345,239,Smg6,-2.6257653,-0.63586277,0.0086454407739121,0.3169994950434462,0.2666666666666666,0.28377947,0.41203412,0.2666666666666668,0.3389121338912139,False,False,False,True,True,passes_recommended_min20,exploratory_cell_level_comparison; one_sample_per_tissue_condition; p_values_do_not_establish_biological_replicate_significance,Control,True,False
cluster_tissue__C5-1__spleen,cluster_tissue,C5-1,spleen,Tumor_T2_vs_Control_Ctrl,345,239,Sox4,-2.592792,-2.5197852,0.0095200326802884,0.3274082549393909,0.0115942028985507,0.010907021,0.060995154,0.0115942028985507,0.0460251046025104,False,False,False,True,True,passes_recommended_min20,exploratory_cell_level_comparison; one_sample_per_tissue_condition; p_values_do_not_establish_biological_replicate_significance,Control,False,False
cluster_tissue__C5-1__spleen,cluster_tissue,C5-1,spleen,Tumor_T2_vs_Control_Ctrl,345,239,Cops3,-2.591101,-0.67014635,0.009566940698827,0.3274082549393909,0.1942028985507246,0.20170653,0.30426127,0.1942028985507247,0.2845188284518832,False,False,False,True,True,passes_recommended_min20,exploratory_cell_level_comparison; one_sample_per_tissue_condition; p_values_do_not_establish_biological_replicate_significance,Control,False,False
cluster_tissue__C5-1__spleen,cluster_tissue,C5-1,spleen,Tumor_T2_vs_Control_Ctrl,345,239,Ipo11,-2.5907724,-1.05751,0.0095760815836543,0.3274082549393909,0.0695652173913043,0.06731608,0.13534415,0.0695652173913043,0.1338912133891213,False,False,False,True,True,passes_recommended_min20,exploratory_cell_level_comparison; one_sample_per_tissue_condition; p_values_do_not_establish_biological_replicate_significance,Control,False,False
cluster_tissue__C5-1__spleen,cluster_tissue,C5-1,spleen,Tumor_T2_vs_Control_Ctrl,345,239,Atrn,-2.5852196,-1.2840321,0.0097317018283964,0.3274082549393909,0.0492753623188405,0.047375202,0.11167008,0.0492753623188405,0.104602510460251,False,False,False,True,True,passes_recommended_min20,exploratory_cell_level_comparison; one_sample_per_tissue_condition; p_values_do_not_establish_biological_replicate_significance,Control,False,False
cluster_tissue__C5-1__spleen,cluster_tissue,C5-1,spleen,Tumor_T2_vs_Control_Ctrl,345,239,Gtpbp3,-2.5693045,-1.3496096,0.0101902864538168,0.3349062876087876,0.0289855072463768,0.030167975,0.075156115,0.0289855072463768,0.0753138075313807,False,False,False,True,True,passes_recommended_min20,exploratory_cell_level_comparison; one_sample_per_tissue_condition; p_values_do_not_establish_biological_replicate_significance,Control,False,False
cluster_tissue__C5-1__spleen,cluster_tissue,C5-1,spleen,Tumor_T2_vs_Control_Ctrl,345,239,Zmynd19,-2.5660453,-1.2142682,0.0102865415548399,0.3349062876087876,0.0434782608695652,0.04053636,0.091654435,0.0434782608695652,0.0962343096234309,False,False,False,True,True,passes_recommended_min20,exploratory_cell_level_comparison; one_sample_per_tissue_condition; p_values_do_not_establish_biological_replicate_significance,Control,False,False
cluster_tissue__C5-1__spleen,cluster_tissue,C5-1,spleen,Tumor_T2_vs_Control_Ctrl,345,239,Rab9,-2.5637333,-0.80912226,0.0103553051401497,0.3349062876087876,0.1304347826086956,0.13362959,0.2235459,0.1304347826086957,0.2092050209205022,False,False,False,True,True,passes_recommended_min20,exploratory_cell_level_comparison; one_sample_per_tissue_condition; p_values_do_not_establish_biological_replicate_significance,Control,True,False
cluster_tissue__C5-1__spleen,cluster_tissue,C5-1,spleen,Tumor_T2_vs_Control_Ctrl,345,239,Pink1,-2.5636942,-0.75149536,0.0103564699403689,0.3349062876087876,0.1536231884057971,0.15592155,0.25003523,0.1536231884057971,0.2301255230125525,False,False,False,True,True,passes_recommended_min20,exploratory_cell_level_comparison; one_sample_per_tissue_condition; p_values_do_not_establish_biological_replicate_significance,Control,True,False
cluster_tissue__C5-1__spleen,cluster_tissue,C5-1,spleen,Tumor_T2_vs_Control_Ctrl,345,239,Far1,-2.5599518,-1.1514567,0.0104686688267724,0.3349062876087876,0.0666666666666666,0.06333509,0.1356162,0.0666666666666667,0.1255230125523012,False,False,False,True,True,passes_recommended_min20,exploratory_cell_level_comparison; one_sample_per_tissue_condition; p_values_do_not_establish_biological_replicate_significance,Control,True,False
cluster_tissue__C5-1__spleen,cluster_tissue,C5-1,spleen,Tumor_T2_vs_Control_Ctrl,345,239,Snhg9,-2.5595279,-1.3080373,0.0104814458892243,0.3349062876087876,0.0376811594202898,0.037094668,0.08945017,0.0376811594202898,0.0878661087866108,False,False,False,True,True,passes_recommended_min20,exploratory_cell_level_comparison; one_sample_per_tissue_condition; p_values_do_not_establish_biological_replicate_significance,Control,False,False
cluster_tissue__C5-1__spleen,cluster_tissue,C5-1,spleen,Tumor_T2_vs_Control_Ctrl,345,239,Riox2,-2.5536432,-0.8015927,0.0106602432543021,0.336271820584889,0.1333333333333333,0.12954392,0.21597883,0.1333333333333334,0.2050209205020922,False,False,False,True,True,passes_recommended_min20,exploratory_cell_level_comparison; one_sample_per_tissue_condition; p_values_do_not_establish_biological_replicate_significance,Control,False,False
cluster_tissue__C5-1__spleen,cluster_tissue,C5-1,spleen,Tumor_T2_vs_Control_Ctrl,345,239,Orai1,-2.5530543,-0.6695299,0.0106782802762544,0.336271820584889,0.2521739130434782,0.26422256,0.39272583,0.2521739130434783,0.3263598326359837,False,False,False,True,True,passes_recommended_min20,exploratory_cell_level_comparison; one_sample_per_tissue_condition; p_values_do_not_establish_biological_replicate_significance,Control,True,False
cluster_tissue__C5-1__spleen,cluster_tissue,C5-1,spleen,Tumor_T2_vs_Control_Ctrl,345,239,Med18,-2.5520964,-1.3117759,0.0107076864801569,0.336271820584889,0.0260869565217391,0.02845113,0.06919336,0.0260869565217391,0.0711297071129706,False,False,False,True,True,passes_recommended_min20,exploratory_cell_level_comparison; one_sample_per_tissue_condition; p_values_do_not_establish_biological_replicate_significance,Control,False,False
cluster_tissue__C5-1__spleen,cluster_tissue,C5-1,spleen,Tumor_T2_vs_Control_Ctrl,345,239,Acy1,-2.5459032,-2.8167295,0.0108995437690333,0.3400530175894322,0.0057971014492753,0.0052585048,0.03647376,0.0057971014492753,0.0334728033472803,False,False,False,True,True,passes_recommended_min20,exploratory_cell_level_comparison; one_sample_per_tissue_condition; p_values_do_not_establish_biological_replicate_significance,Control,True,False
cluster_tissue__C5-1__spleen,cluster_tissue,C5-1,spleen,Tumor_T2_vs_Control_Ctrl,345,239,Rgs14,-2.5421524,-0.6733074,0.0110172111339047,0.3427219906669493,0.2,0.19538942,0.29573694,0.2000000000000001,0.271966527196653,False,False,False,True,True,passes_recommended_min20,exploratory_cell_level_comparison; one_sample_per_tissue_condition; p_values_do_not_establish_biological_replicate_significance,Control,True,False
cluster_tissue__C5-1__spleen,cluster_tissue,C5-1,spleen,Tumor_T2_vs_Control_Ctrl,345,239,Nudt5,-2.5392988,-0.7646454,0.0111074950188648,0.3437700856949126,0.1536231884057971,0.14882699,0.2410892,0.1536231884057971,0.2259414225941424,False,False,False,True,True,passes_recommended_min20,exploratory_cell_level_comparison; one_sample_per_tissue_condition; p_values_do_not_establish_biological_replicate_significance,Control,True,False
cluster_tissue__C5-1__spleen,cluster_tissue,C5-1,spleen,Tumor_T2_vs_Control_Ctrl,345,239,Fastkd3,-2.5390518,-2.0404184,0.0111153401653931,0.3437700856949126,0.0144927536231884,0.013096676,0.052810125,0.0144927536231884,0.0502092050209204,False,False,False,True,True,passes_recommended_min20,exploratory_cell_level_comparison; one_sample_per_tissue_condition; p_values_do_not_establish_biological_replicate_significance,Control,False,False
cluster_tissue__C5-1__spleen,cluster_tissue,C5-1,spleen,Tumor_T2_vs_Control_Ctrl,345,239,Serpinb9,-2.5307498,-0.9657017,0.0113818985569076,0.3490148377758442,0.0753623188405797,0.076795496,0.14487226,0.0753623188405797,0.1380753138075313,False,False,False,True,True,passes_recommended_min20,exploratory_cell_level_comparison; one_sample_per_tissue_condition; p_values_do_not_establish_biological_replicate_significance,Control,True,False
cluster_tissue__C5-1__spleen,cluster_tissue,C5-1,spleen,Tumor_T2_vs_Control_Ctrl,345,239,Hdac7,-2.5282695,-0.6126358,0.0114626299519624,0.3504477409382217,0.2144927536231884,0.23581067,0.34119487,0.2144927536231885,0.2970711297071133,False,False,False,True,True,passes_recommended_min20,exploratory_cell_level_comparison; one_sample_per_tissue_condition; p_values_do_not_establish_biological_replicate_significance,Control,True,False
cluster_tissue__C5-1__spleen,cluster_tissue,C5-1,spleen,Tumor_T2_vs_Control_Ctrl,345,239,Vps37a,-2.514578,-0.83423406,0.0119174868721067,0.3556108651953,0.1246376811594203,0.12572163,0.21418364,0.1246376811594203,0.1966527196652721,False,False,False,True,True,passes_recommended_min20,exploratory_cell_level_comparison; one_sample_per_tissue_condition; p_values_do_not_establish_biological_replicate_significance,Control,True,False
cluster_tissue__C5-1__spleen,cluster_tissue,C5-1,spleen,Tumor_T2_vs_Control_Ctrl,345,239,Taf13,-2.5124938,-0.99304277,0.0119881233030967,0.3558155666832663,0.0695652173913043,0.06991918,0.13465868,0.0695652173913043,0.1297071129707112,False,False,False,True,True,passes_recommended_min20,exploratory_cell_level_comparison; one_sample_per_tissue_condition; p_values_do_not_establish_biological_replicate_significance,Control,True,False
cluster_tissue__C5-1__spleen,cluster_tissue,C5-1,spleen,Tumor_T2_vs_Control_Ctrl,345,239,Ino80d,-2.4964163,-0.7373344,0.0125455248867304,0.3657397555776324,0.1507246376811594,0.15771933,0.2506046,0.1507246376811594,0.2301255230125525,False,False,False,True,True,passes_recommended_min20,exploratory_cell_level_comparison; one_sample_per_tissue_condition; p_values_do_not_establish_biological_replicate_significance,Control,False,False
cluster_tissue__C5-1__spleen,cluster_tissue,C5-1,spleen,Tumor_T2_vs_Control_Ctrl,345,239,Batf,-2.4911575,-0.64384055,0.0127327635560979,0.3681804529635925,0.1971014492753623,0.19883505,0.29543895,0.1971014492753624,0.2803347280334731,False,False,False,True,True,passes_recommended_min20,exploratory_cell_level_comparison; one_sample_per_tissue_condition; p_values_do_not_establish_biological_replicate_significance,Control,False,False
cluster_tissue__C5-1__spleen,cluster_tissue,C5-1,spleen,Tumor_T2_vs_Control_Ctrl,345,239,Psph,-2.4782205,-0.6300196,0.0132039523930665,0.3710242779852008,0.208695652173913,0.20608215,0.30318978,0.2086956521739131,0.2845188284518832,False,False,False,True,True,passes_recommended_min20,exploratory_cell_level_comparison; one_sample_per_tissue_condition; p_values_do_not_establish_biological_replicate_significance,Control,True,False
cluster_tissue__C5-1__spleen,cluster_tissue,C5-1,spleen,Tumor_T2_vs_Control_Ctrl,345,239,Igsf3,-2.463189,-1.0766602,0.0137707329617397,0.3734595675050001,0.0608695652173913,0.06221504,0.12697501,0.0608695652173913,0.1171548117154811,False,False,False,True,True,passes_recommended_min20,exploratory_cell_level_comparison; one_sample_per_tissue_condition; p_values_do_not_establish_biological_replicate_significance,Control,False,False
cluster_tissue__C5-1__spleen,cluster_tissue,C5-1,spleen,Tumor_T2_vs_Control_Ctrl,345,239,Gapvd1,-2.4538038,-0.5925422,0.0141354132448526,0.3808708568751964,0.2260869565217391,0.23899536,0.34152526,0.2260869565217392,0.3138075313807535,False,False,False,True,True,passes_recommended_min20,exploratory_cell_level_comparison; one_sample_per_tissue_condition; p_values_do_not_establish_biological_replicate_significance,Control,False,False
cluster_tissue__C5-1__spleen,cluster_tissue,C5-1,spleen,Tumor_T2_vs_Control_Ctrl,345,239,Mettl16,-2.4467976,-0.86996627,0.0144131783585557,0.3844849630208183,0.1217391304347826,0.12113347,0.21135658,0.1217391304347826,0.1882845188284519,False,False,False,True,True,passes_recommended_min20,exploratory_cell_level_comparison; one_sample_per_tissue_condition; p_values_do_not_establish_biological_replicate_significance,Control,False,False
cluster_tissue__C5-1__spleen,cluster_tissue,C5-1,spleen,Tumor_T2_vs_Control_Ctrl,345,239,Nifk,-2.4404109,-0.6728295,0.0146705640316197,0.3844849630208183,0.1884057971014492,0.18888971,0.2862653,0.1884057971014493,0.2594142259414229,False,False,False,True,True,passes_recommended_min20,exploratory_cell_level_comparison; one_sample_per_tissue_condition; p_values_do_not_establish_biological_replicate_significance,Control,False,False
cluster_tissue__C5-1__spleen,cluster_tissue,C5-1,spleen,Tumor_T2_vs_Control_Ctrl,345,239,Slc25a45,-2.4397519,-0.90458894,0.0146973555842945,0.3844849630208183,0.0840579710144927,0.08189141,0.14820759,0.0840579710144927,0.1464435146443514,False,False,False,True,True,passes_recommended_min20,exploratory_cell_level_comparison; one_sample_per_tissue_condition; p_values_do_not_establish_biological_replicate_significance,Control,False,False
cluster_tissue__C5-1__spleen,cluster_tissue,C5-1,spleen,Tumor_T2_vs_Control_Ctrl,345,239,Pspc1,-2.4375813,-0.901385,0.014785887040243,0.3844849630208183,0.1101449275362318,0.10690244,0.19123372,0.1101449275362319,0.1757322175732218,False,False,False,True,True,passes_recommended_min20,exploratory_cell_level_comparison; one_sample_per_tissue_condition; p_values_do_not_establish_biological_replicate_significance,Control,False,False
cluster_tissue__C5-1__spleen,cluster_tissue,C5-1,spleen,Tumor_T2_vs_Control_Ctrl,345,239,Tm6sf1,-2.437465,-1.2151058,0.0147906451794516,0.3844849630208183,0.0492753623188405,0.055469226,0.124352194,0.0492753623188405,0.1004184100418409,False,False,False,True,True,passes_recommended_min20,exploratory_cell_level_comparison; one_sample_per_tissue_condition; p_values_do_not_establish_biological_replicate_significance,Control,False,False
cluster_tissue__C5-1__spleen,cluster_tissue,C5-1,spleen,Tumor_T2_vs_Control_Ctrl,345,239,Myb,-2.4354103,-1.8394847,0.0148749125704743,0.3844849630208183,0.0260869565217391,0.026533995,0.09187837,0.0260869565217391,0.0669456066945606,False,False,False,True,True,passes_recommended_min20,exploratory_cell_level_comparison; one_sample_per_tissue_condition; p_values_do_not_establish_biological_replicate_significance,Control,True,False
cluster_tissue__C5-1__spleen,cluster_tissue,C5-1,spleen,Tumor_T2_vs_Control_Ctrl,345,239,Socs3,-2.4305532,-0.94576526,0.0150757925696668,0.3847512938637545,0.1043478260869565,0.104371995,0.1921966,0.1043478260869565,0.1673640167364017,False,False,False,True,True,passes_recommended_min20,exploratory_cell_level_comparison; one_sample_per_tissue_condition; p_values_do_not_establish_biological_replicate_significance,Control,True,False
cluster_tissue__C5-1__spleen,cluster_tissue,C5-1,spleen,Tumor_T2_vs_Control_Ctrl,345,239,3830403N18Rik,-2.4251635,-3.2715547,0.0153014974659897,0.3870362150244796,0.0028985507246376,0.0026231357,0.025048183,0.0028985507246376,0.0251046025104602,False,False,False,True,True,passes_recommended_min20,exploratory_cell_level_comparison; one_sample_per_tissue_condition; p_values_do_not_establish_biological_replicate_significance,Control,False,False
cluster_tissue__C5-1__spleen,cluster_tissue,C5-1,spleen,Tumor_T2_vs_Control_Ctrl,345,239,Snhg14,-2.4225173,-3.1450922,0.0154133919630747,0.3873606033756298,0.0028985507246376,0.0026571334,0.023264624,0.0028985507246376,0.0251046025104602,False,False,False,True,True,passes_recommended_min20,exploratory_cell_level_comparison; one_sample_per_tissue_condition; p_values_do_not_establish_biological_replicate_significance,Control,False,False
cluster_tissue__C5-1__spleen,cluster_tissue,C5-1,spleen,Tumor_T2_vs_Control_Ctrl,345,239,Tusc2,-2.4209242,-0.83068955,0.0154811006418469,0.3873606033756298,0.1014492753623188,0.103813596,0.17777826,0.1014492753623188,0.1673640167364017,False,False,False,True,True,passes_recommended_min20,exploratory_cell_level_comparison; one_sample_per_tissue_condition; p_values_do_not_establish_biological_replicate_significance,Control,False,False
cluster_tissue__C5-1__spleen,cluster_tissue,C5-1,spleen,Tumor_T2_vs_Control_Ctrl,345,239,Arrdc3,-2.4204412,-2.117361,0.0155016848773565,0.3873606033756298,0.008695652173913,0.009449696,0.04037056,0.008695652173913,0.0376569037656903,False,False,False,True,True,passes_recommended_min20,exploratory_cell_level_comparison; one_sample_per_tissue_condition; p_values_do_not_establish_biological_replicate_significance,Control,False,False
cluster_tissue__C5-1__spleen,cluster_tissue,C5-1,spleen,Tumor_T2_vs_Control_Ctrl,345,239,Tmem183a,-2.4188673,-0.7677533,0.0155689166011166,0.3881316358269033,0.1130434782608695,0.116032615,0.1901881,0.1130434782608696,0.1841004184100419,False,False,False,True,True,passes_recommended_min20,exploratory_cell_level_comparison; one_sample_per_tissue_condition; p_values_do_not_establish_biological_replicate_significance,Control,False,False
cluster_tissue__C5-1__spleen,cluster_tissue,C5-1,spleen,Tumor_T2_vs_Control_Ctrl,345,239,Sqor,-2.4172251,-3.141604,0.0156393435188558,0.3889739884372544,0.0028985507246376,0.0028196413,0.024613183,0.0028985507246376,0.0251046025104602,False,False,False,True,True,passes_recommended_min20,exploratory_cell_level_comparison; one_sample_per_tissue_condition; p_values_do_not_establish_biological_replicate_significance,Control,True,False
cluster_tissue__C5-1__spleen,cluster_tissue,C5-1,spleen,Tumor_T2_vs_Control_Ctrl,345,239,1700027F09Rik,-2.4163818,-2.1576374,0.0156756152791021,0.3889739884372544,0.008695652173913,0.008682294,0.03816981,0.008695652173913,0.0376569037656903,False,False,False,True,True,passes_recommended_min20,exploratory_cell_level_comparison; one_sample_per_tissue_condition; p_values_do_not_establish_biological_replicate_significance,Control,False,False
cluster_tissue__C5-1__spleen,cluster_tissue,C5-1,spleen,Tumor_T2_vs_Control_Ctrl,345,239,Dennd5a,-2.4143522,-1.947825,0.0157632225470701,0.3893370013361993,0.008695652173913,0.010426533,0.0396391,0.008695652173913,0.0376569037656903,False,False,False,True,True,passes_recommended_min20,exploratory_cell_level_comparison; one_sample_per_tissue_condition; p_values_do_not_establish_biological_replicate_significance,Control,False,False
cluster_tissue__C5-1__spleen,cluster_tissue,C5-1,spleen,Tumor_T2_vs_Control_Ctrl,345,239,Gm49747,-2.4143522,-1.9866538,0.0157632225470701,0.3893370013361993,0.008695652173913,0.010942095,0.042679604,0.008695652173913,0.0376569037656903,False,False,False,True,True,passes_recommended_min20,exploratory_cell_level_comparison; one_sample_per_tissue_condition; p_values_do_not_establish_biological_replicate_significance,Control,False,False
cluster_tissue__C5-1__spleen,cluster_tissue,C5-1,spleen,Tumor_T2_vs_Control_Ctrl,345,239,Ipo13,-2.4098117,-1.5227703,0.0159607506686505,0.3904493631058098,0.0260869565217391,0.026148254,0.07336749,0.0260869565217391,0.0669456066945606,False,False,False,True,True,passes_recommended_min20,exploratory_cell_level_comparison; one_sample_per_tissue_condition; p_values_do_not_establish_biological_replicate_significance,Control,False,False
cluster_tissue__C5-1__spleen,cluster_tissue,C5-1,spleen,Tumor_T2_vs_Control_Ctrl,345,239,S100a9,-2.4091158,-24.024708,0.0159912250869014,0.3904493631058098,0.0,0.0,0.016923007,0.0,0.0167364016736401,False,False,False,True,True,passes_recommended_min20,exploratory_cell_level_comparison; one_sample_per_tissue_condition; p_values_do_not_establish_biological_replicate_significance,Control,True,False
cluster_tissue__C5-1__spleen,cluster_tissue,C5-1,spleen,Tumor_T2_vs_Control_Ctrl,345,239,Gm4631,-2.4091158,-23.919613,0.0159912250869014,0.3904493631058098,0.0,0.0,0.015743373,0.0,0.0167364016736401,False,False,False,True,True,passes_recommended_min20,exploratory_cell_level_comparison; one_sample_per_tissue_condition; p_values_do_not_establish_biological_replicate_significance,Control,False,False
cluster_tissue__C5-1__spleen,cluster_tissue,C5-1,spleen,Tumor_T2_vs_Control_Ctrl,345,239,Gm10392,-2.4091158,-24.109724,0.0159912250869014,0.3904493631058098,0.0,0.0,0.017941073,0.0,0.0167364016736401,False,False,False,True,True,passes_recommended_min20,exploratory_cell_level_comparison; one_sample_per_tissue_condition; p_values_do_not_establish_biological_replicate_significance,Control,False,False
cluster_tissue__C5-1__spleen,cluster_tissue,C5-1,spleen,Tumor_T2_vs_Control_Ctrl,345,239,Wrap53,-2.3957992,-1.0684321,0.016584175789397,0.3952408237090367,0.0492753623188405,0.04755022,0.097243726,0.0492753623188405,0.1004184100418409,False,False,False,True,True,passes_recommended_min20,exploratory_cell_level_comparison; one_sample_per_tissue_condition; p_values_do_not_establish_biological_replicate_significance,Control,False,False
cluster_tissue__C5-1__spleen,cluster_tissue,C5-1,spleen,Tumor_T2_vs_Control_Ctrl,345,239,Scai,-2.3954291,-0.9364805,0.0166009247002287,0.3952408237090367,0.0869565217391304,0.084056996,0.15514518,0.0869565217391304,0.1506276150627615,False,False,False,True,True,passes_recommended_min20,exploratory_cell_level_comparison; one_sample_per_tissue_condition; p_values_do_not_establish_biological_replicate_significance,Control,False,False
cluster_tissue__C5-1__spleen,cluster_tissue,C5-1,spleen,Tumor_T2_vs_Control_Ctrl,345,239,Ccl5,-2.3941786,-0.5871554,0.0166576375441626,0.3952408237090367,0.2463768115942029,0.3185974,0.4470246,0.246376811594203,0.3389121338912139,False,False,False,True,True,passes_recommended_min20,exploratory_cell_level_comparison; one_sample_per_tissue_condition; p_values_do_not_establish_biological_replicate_significance,Control,True,False
cluster_tissue__C5-1__spleen,cluster_tissue,C5-1,spleen,Tumor_T2_vs_Control_Ctrl,345,239,Slfn9,-2.3925967,-1.3408109,0.0167296150643469,0.3957982100589402,0.0231884057971014,0.025687171,0.06382591,0.0231884057971014,0.0627615062761506,False,False,False,True,True,passes_recommended_min20,exploratory_cell_level_comparison; one_sample_per_tissue_condition; p_values_do_not_establish_biological_replicate_significance,Control,False,False
cluster_tissue__C5-1__spleen,cluster_tissue,C5-1,spleen,Tumor_T2_vs_Control_Ctrl,345,239,Nus1,-2.3911004,-0.70721126,0.0167979621190716,0.3965359641825099,0.1594202898550724,0.16326025,0.25428426,0.1594202898550725,0.2343096234309625,False,False,False,True,True,passes_recommended_min20,exploratory_cell_level_comparison; one_sample_per_tissue_condition; p_values_do_not_establish_biological_replicate_significance,Control,True,False
cluster_tissue__C5-1__spleen,cluster_tissue,C5-1,spleen,Tumor_T2_vs_Control_Ctrl,345,239,Zfp318,-2.3900874,-1.3767363,0.0168443642963442,0.3967092164543019,0.0376811594202898,0.039121736,0.09858193,0.0376811594202898,0.0836820083682008,False,False,False,True,True,passes_recommended_min20,exploratory_cell_level_comparison; one_sample_per_tissue_condition; p_values_do_not_establish_biological_replicate_significance,Control,False,False
cluster_tissue__C5-1__spleen,cluster_tissue,C5-1,spleen,Tumor_T2_vs_Control_Ctrl,345,239,Mrpl22,-2.3779192,-0.65368706,0.0174106360486141,0.4056145996478442,0.217391304347826,0.21688488,0.32282725,0.2173913043478262,0.2845188284518832,False,False,False,True,True,passes_recommended_min20,exploratory_cell_level_comparison; one_sample_per_tissue_condition; p_values_do_not_establish_biological_replicate_significance,Control,True,False
cluster_tissue__C5-1__spleen,cluster_tissue,C5-1,spleen,Tumor_T2_vs_Control_Ctrl,345,239,D030028A08Rik,-2.3757715,-1.2463965,0.0175122972099925,0.4067442950402367,0.0405797101449275,0.03904648,0.09026965,0.0405797101449275,0.0878661087866108,False,False,False,True,True,passes_recommended_min20,exploratory_cell_level_comparison; one_sample_per_tissue_condition; p_values_do_not_establish_biological_replicate_significance,Control,False,False
cluster_tissue__C5-1__spleen,cluster_tissue,C5-1,spleen,Tumor_T2_vs_Control_Ctrl,345,239,Map2k3,-2.36772,-0.9708375,0.0178980840757781,0.4067442950402367,0.0927536231884058,0.08993729,0.16927435,0.0927536231884058,0.1506276150627615,False,False,False,True,True,passes_recommended_min20,exploratory_cell_level_comparison; one_sample_per_tissue_condition; p_values_do_not_establish_biological_replicate_significance,Control,True,False
cluster_tissue__C5-1__spleen,cluster_tissue,C5-1,spleen,Tumor_T2_vs_Control_Ctrl,345,239,Rtn4rl1,-2.3673377,-0.9234397,0.0179165715715943,0.4067442950402367,0.0869565217391304,0.08579058,0.15691549,0.0869565217391304,0.1464435146443514,False,False,False,True,True,passes_recommended_min20,exploratory_cell_level_comparison; one_sample_per_tissue_condition; p_values_do_not_establish_biological_replicate_significance,Control,False,False
cluster_tissue__C5-1__spleen,cluster_tissue,C5-1,spleen,Tumor_T2_vs_Control_Ctrl,345,239,Hikeshi,-2.3640032,-0.5888806,0.0180786608925205,0.4086849824643951,0.2260869565217391,0.22875437,0.32685354,0.2260869565217392,0.3054393305439334,False,False,False,True,True,passes_recommended_min20,exploratory_cell_level_comparison; one_sample_per_tissue_condition; p_values_do_not_establish_biological_replicate_significance,Control,False,False
cluster_tissue__C5-1__spleen,cluster_tissue,C5-1,spleen,Tumor_T2_vs_Control_Ctrl,345,239,Polr3e,-2.3563612,-0.90583587,0.0184549658381344,0.4136056896180068,0.0840579710144927,0.08107394,0.14689304,0.0840579710144927,0.1422594142259414,False,False,False,True,True,passes_recommended_min20,exploratory_cell_level_comparison; one_sample_per_tissue_condition; p_values_do_not_establish_biological_replicate_significance,Control,True,False
cluster_tissue__C5-1__spleen,cluster_tissue,C5-1,spleen,Tumor_T2_vs_Control_Ctrl,345,239,Gpd1l,-2.3561523,-1.1304102,0.0184653483377661,0.4136056896180068,0.0753623188405797,0.06782617,0.14291966,0.0753623188405797,0.1297071129707112,False,False,False,True,True,passes_recommended_min20,exploratory_cell_level_comparison; one_sample_per_tissue_condition; p_values_do_not_establish_biological_replicate_significance,Control,True,False
cluster_tissue__C5-1__spleen,cluster_tissue,C5-1,spleen,Tumor_T2_vs_Control_Ctrl,345,239,Med13,-2.3514662,-0.60883564,0.0186995936465186,0.4141608669211638,0.1681159420289855,0.17910288,0.2616907,0.1681159420289855,0.2426778242677826,False,False,False,True,True,passes_recommended_min20,exploratory_cell_level_comparison; one_sample_per_tissue_condition; p_values_do_not_establish_biological_replicate_significance,Control,True,False
cluster_tissue__C5-1__spleen,cluster_tissue,C5-1,spleen,Tumor_T2_vs_Control_Ctrl,345,239,Oat,-2.345918,-0.8398611,0.0189802802509601,0.4169558119963356,0.0927536231884058,0.09601921,0.16584003,0.0927536231884058,0.1548117154811715,False,False,False,True,True,passes_recommended_min20,exploratory_cell_level_comparison; one_sample_per_tissue_condition; p_values_do_not_establish_biological_replicate_significance,Control,True,False
cluster_tissue__C5-1__spleen,cluster_tissue,C5-1,spleen,Tumor_T2_vs_Control_Ctrl,345,239,Snx25,-2.3417058,-1.7751251,0.0191958449590837,0.4169558119963356,0.0115942028985507,0.012013347,0.040533103,0.0115942028985507,0.0418410041841004,False,False,False,True,True,passes_recommended_min20,exploratory_cell_level_comparison; one_sample_per_tissue_condition; p_values_do_not_establish_biological_replicate_significance,Control,False,False
cluster_tissue__C5-1__spleen,cluster_tissue,C5-1,spleen,Tumor_T2_vs_Control_Ctrl,345,239,Usp24,-2.3217094,-0.7388694,0.020248594852912,0.4258205614041132,0.1420289855072463,0.13900955,0.22225244,0.1420289855072464,0.2092050209205022,False,False,False,True,True,passes_recommended_min20,exploratory_cell_level_comparison; one_sample_per_tissue_condition; p_values_do_not_establish_biological_replicate_significance,Control,False,False
cluster_tissue__C5-1__spleen,cluster_tissue,C5-1,spleen,Tumor_T2_vs_Control_Ctrl,345,239,Rnf121,-2.3096588,-1.0158231,0.0209070518987096,0.4324613814393253,0.0753623188405797,0.071531035,0.13970843,0.0753623188405797,0.1297071129707112,False,False,False,True,True,passes_recommended_min20,exploratory_cell_level_comparison; one_sample_per_tissue_condition; p_values_do_not_establish_biological_replicate_significance,Control,False,False
cluster_tissue__C5-1__spleen,cluster_tissue,C5-1,spleen,Tumor_T2_vs_Control_Ctrl,345,239,Arl4d,-2.2944224,-1.0003368,0.0217662519538844,0.4435772352558724,0.0666666666666666,0.0745967,0.14404424,0.0666666666666667,0.1213389121338911,False,False,False,True,True,passes_recommended_min20,exploratory_cell_level_comparison; one_sample_per_tissue_condition; p_values_do_not_establish_biological_replicate_significance,Control,False,False
cluster_tissue__C5-1__spleen,cluster_tissue,C5-1,spleen,Tumor_T2_vs_Control_Ctrl,345,239,Vac14,-2.2941146,-0.93747526,0.0217839242056304,0.4435772352558724,0.0637681159420289,0.064615816,0.12030089,0.063768115942029,0.1171548117154811,False,False,False,True,True,passes_recommended_min20,exploratory_cell_level_comparison; one_sample_per_tissue_condition; p_values_do_not_establish_biological_replicate_significance,Control,True,False
cluster_tissue__C5-1__spleen,cluster_tissue,C5-1,spleen,Tumor_T2_vs_Control_Ctrl,345,239,Trgv2,-2.2931924,-1.0239089,0.0218369326102752,0.4437815164886914,0.0753623188405797,0.079625085,0.15574823,0.0753623188405797,0.1297071129707112,False,False,False,True,True,passes_recommended_min20,exploratory_cell_level_comparison; one_sample_per_tissue_condition; p_values_do_not_establish_biological_replicate_significance,Control,False,False
cluster_tissue__C5-1__spleen,cluster_tissue,C5-1,spleen,Tumor_T2_vs_Control_Ctrl,345,239,Zdhhc12,-2.2873807,-0.95110494,0.0221736128165861,0.4472447046370025,0.0753623188405797,0.071049064,0.13309659,0.0753623188405797,0.1297071129707112,False,False,False,True,True,passes_recommended_min20,exploratory_cell_level_comparison; one_sample_per_tissue_condition; p_values_do_not_establish_biological_replicate_significance,Control,False,False
cluster_tissue__C5-1__spleen,cluster_tissue,C5-1,spleen,Tumor_T2_vs_Control_Ctrl,345,239,Gm12258,-2.2815628,-1.5916775,0.0225151695491903,0.4521454175495937,0.0144927536231884,0.015372796,0.045634247,0.0144927536231884,0.0460251046025104,False,False,False,True,True,passes_recommended_min20,exploratory_cell_level_comparison; one_sample_per_tissue_condition; p_values_do_not_establish_biological_replicate_significance,Control,True,False
cluster_tissue__C5-1__spleen,cluster_tissue,C5-1,spleen,Tumor_T2_vs_Control_Ctrl,345,239,Ppme1,-2.2791476,-0.997136,0.0226582928961487,0.4521454175495937,0.0753623188405797,0.072281055,0.13942932,0.0753623188405797,0.1297071129707112,False,False,False,True,True,passes_recommended_min20,exploratory_cell_level_comparison; one_sample_per_tissue_condition; p_values_do_not_establish_biological_replicate_significance,Control,False,False
cluster_tissue__C5-1__spleen,cluster_tissue,C5-1,spleen,Tumor_T2_vs_Control_Ctrl,345,239,Gm46430,-2.278035,-1.5782399,0.0227244930195701,0.4521454175495937,0.0144927536231884,0.014546874,0.042825,0.0144927536231884,0.0460251046025104,False,False,False,True,True,passes_recommended_min20,exploratory_cell_level_comparison; one_sample_per_tissue_condition; p_values_do_not_establish_biological_replicate_significance,Control,False,False
cluster_tissue__C5-1__spleen,cluster_tissue,C5-1,spleen,Tumor_T2_vs_Control_Ctrl,345,239,Prim2,-2.2739098,-1.6770071,0.0229714084756715,0.4530590174406941,0.017391304347826,0.01667473,0.052371163,0.017391304347826,0.0502092050209204,False,False,False,True,True,passes_recommended_min20,exploratory_cell_level_comparison; one_sample_per_tissue_condition; p_values_do_not_establish_biological_replicate_significance,Control,True,False
cluster_tissue__C5-1__spleen,cluster_tissue,C5-1,spleen,Tumor_T2_vs_Control_Ctrl,345,239,Rhbdl1,-2.2687094,-2.4283917,0.0232859960540807,0.4558928034808103,0.0057971014492753,0.0054066842,0.028764918,0.0057971014492753,0.0292887029288702,False,False,False,True,True,passes_recommended_min20,exploratory_cell_level_comparison; one_sample_per_tissue_condition; p_values_do_not_establish_biological_replicate_significance,Control,False,False
cluster_tissue__C5-1__spleen,cluster_tissue,C5-1,spleen,Tumor_T2_vs_Control_Ctrl,345,239,Ccser2,-2.2631652,-0.9354731,0.023625498552721,0.4593463518547864,0.0753623188405797,0.07356694,0.13627997,0.0753623188405797,0.1297071129707112,False,False,False,True,True,passes_recommended_min20,exploratory_cell_level_comparison; one_sample_per_tissue_condition; p_values_do_not_establish_biological_replicate_significance,Control,False,False
cluster_tissue__C5-1__spleen,cluster_tissue,C5-1,spleen,Tumor_T2_vs_Control_Ctrl,345,239,Tm2d2,-2.2621472,-0.64986587,0.0236883126716329,0.4593463518547864,0.1623188405797101,0.15784085,0.2376546,0.1623188405797102,0.2301255230125525,False,False,False,True,True,passes_recommended_min20,exploratory_cell_level_comparison; one_sample_per_tissue_condition; p_values_do_not_establish_biological_replicate_significance,Control,False,False
cluster_tissue__C5-1__spleen,cluster_tissue,C5-1,spleen,Tumor_T2_vs_Control_Ctrl,345,239,Gm5129,-2.259359,-2.3816514,0.0238610725012349,0.4593463518547864,0.0057971014492753,0.0060478076,0.031123227,0.0057971014492753,0.0292887029288702,False,False,False,True,True,passes_recommended_min20,exploratory_cell_level_comparison; one_sample_per_tissue_condition; p_values_do_not_establish_biological_replicate_significance,Control,False,False
cluster_tissue__C5-1__spleen,cluster_tissue,C5-1,spleen,Tumor_T2_vs_Control_Ctrl,345,239,Epas1,-2.258917,-1.5832663,0.0238885471193201,0.4593463518547864,0.017391304347826,0.01779567,0.052404176,0.017391304347826,0.0502092050209204,False,False,False,True,True,passes_recommended_min20,exploratory_cell_level_comparison; one_sample_per_tissue_condition; p_values_do_not_establish_biological_replicate_significance,Control,True,False
cluster_tissue__C5-1__spleen,cluster_tissue,C5-1,spleen,Tumor_T2_vs_Control_Ctrl,345,239,Sell,-2.2577176,-0.8308399,0.0239632662040572,0.4593463518547864,0.0869565217391304,0.12415066,0.21117035,0.0869565217391304,0.1464435146443514,False,False,False,True,True,passes_recommended_min20,exploratory_cell_level_comparison; one_sample_per_tissue_condition; p_values_do_not_establish_biological_replicate_significance,Control,True,False
cluster_tissue__C5-1__spleen,cluster_tissue,C5-1,spleen,Tumor_T2_vs_Control_Ctrl,345,239,Rgs12,-2.2555852,-1.6438389,0.02409661574056,0.4607722042146518,0.017391304347826,0.016827311,0.051671382,0.017391304347826,0.0502092050209204,False,False,False,True,True,passes_recommended_min20,exploratory_cell_level_comparison; one_sample_per_tissue_condition; p_values_do_not_establish_biological_replicate_significance,Control,False,False
cluster_tissue__C5-1__spleen,cluster_tissue,C5-1,spleen,Tumor_T2_vs_Control_Ctrl,345,239,H3f3aos,-2.2546835,-2.1515245,0.0241532021217483,0.4610280261879343,0.0057971014492753,0.0064653093,0.028410802,0.0057971014492753,0.0292887029288702,False,False,False,True,True,passes_recommended_min20,exploratory_cell_level_comparison; one_sample_per_tissue_condition; p_values_do_not_establish_biological_replicate_significance,Control,False,False
cluster_tissue__C5-1__spleen,cluster_tissue,C5-1,spleen,Tumor_T2_vs_Control_Ctrl,345,239,Zfp451,-2.2505436,-0.6298825,0.024414463874546,0.464707572791422,0.1333333333333333,0.14272727,0.2130129,0.1333333333333334,0.2050209205020922,False,False,False,True,True,passes_recommended_min20,exploratory_cell_level_comparison; one_sample_per_tissue_condition; p_values_do_not_establish_biological_replicate_significance,Control,False,False
cluster_tissue__C5-1__spleen,cluster_tissue,C5-1,spleen,Tumor_T2_vs_Control_Ctrl,345,239,Gphn,-2.246925,-1.5345926,0.0246448153798245,0.4654162479694307,0.0231884057971014,0.020463571,0.0581699,0.0231884057971014,0.0585774058577405,False,False,False,True,True,passes_recommended_min20,exploratory_cell_level_comparison; one_sample_per_tissue_condition; p_values_do_not_establish_biological_replicate_significance,Control,True,False
cluster_tissue__C5-1__spleen,cluster_tissue,C5-1,spleen,Tumor_T2_vs_Control_Ctrl,345,239,Midn,-2.2384787,-0.61703867,0.0251898650962227,0.4707107891010454,0.1797101449275362,0.19377346,0.2836309,0.1797101449275363,0.2510460251046028,False,False,False,True,True,passes_recommended_min20,exploratory_cell_level_comparison; one_sample_per_tissue_condition; p_values_do_not_establish_biological_replicate_significance,Control,False,False
cluster_tissue__C5-1__spleen,cluster_tissue,C5-1,spleen,Tumor_T2_vs_Control_Ctrl,345,239,Zbtb9,-2.2331526,-1.420622,0.0255388745084389,0.4735434315593047,0.0318840579710144,0.030234853,0.07897289,0.0318840579710145,0.0711297071129706,False,False,False,True,True,passes_recommended_min20,exploratory_cell_level_comparison; one_sample_per_tissue_condition; p_values_do_not_establish_biological_replicate_significance,Control,False,False
cluster_tissue__C5-1__spleen,cluster_tissue,C5-1,spleen,Tumor_T2_vs_Control_Ctrl,345,239,Gnpnat1,-2.226155,-0.83281773,0.0260038057312088,0.4792065753920522,0.1246376811594203,0.12348164,0.21033916,0.1246376811594203,0.1841004184100419,False,False,False,True,True,passes_recommended_min20,exploratory_cell_level_comparison; one_sample_per_tissue_condition; p_values_do_not_establish_biological_replicate_significance,Control,True,False
cluster_tissue__C5-1__spleen,cluster_tissue,C5-1,spleen,Tumor_T2_vs_Control_Ctrl,345,239,Gopc,-2.2221384,-0.9506029,0.0262739548943765,0.4828414472369697,0.0579710144927536,0.058907196,0.11088718,0.0579710144927536,0.108786610878661,False,False,False,True,True,passes_recommended_min20,exploratory_cell_level_comparison; one_sample_per_tissue_condition; p_values_do_not_establish_biological_replicate_significance,Control,False,False
cluster_tissue__C5-1__spleen,cluster_tissue,C5-1,spleen,Tumor_T2_vs_Control_Ctrl,345,239,Cep89,-2.219708,-1.4071484,0.026438598469237,0.4828414472369697,0.0231884057971014,0.022303637,0.05809587,0.0231884057971014,0.0585774058577405,False,False,False,True,True,passes_recommended_min20,exploratory_cell_level_comparison; one_sample_per_tissue_condition; p_values_do_not_establish_biological_replicate_significance,Control,False,False
cluster_tissue__C5-1__spleen,cluster_tissue,C5-1,spleen,Tumor_T2_vs_Control_Ctrl,345,239,Ankhd1,-2.214196,-0.6584795,0.026815299644818,0.4828414472369697,0.2347826086956521,0.24096441,0.35773087,0.2347826086956523,0.3012552301255234,False,False,False,True,True,passes_recommended_min20,exploratory_cell_level_comparison; one_sample_per_tissue_condition; p_values_do_not_establish_biological_replicate_significance,Control,False,False
cluster_tissue__C5-1__spleen,cluster_tissue,C5-1,spleen,Tumor_T2_vs_Control_Ctrl,345,239,Mtx1,-2.213988,-0.7571749,0.0268296068945864,0.4828414472369697,0.1217391304347826,0.118769735,0.19321977,0.1217391304347826,0.1841004184100419,False,False,False,True,True,passes_recommended_min20,exploratory_cell_level_comparison; one_sample_per_tissue_condition; p_values_do_not_establish_biological_replicate_significance,Control,False,False
cluster_tissue__C5-1__spleen,cluster_tissue,C5-1,spleen,Tumor_T2_vs_Control_Ctrl,345,239,Rpp38,-2.2138433,-1.0648693,0.0268395625933859,0.4828414472369697,0.0492753623188405,0.049048077,0.099995196,0.0492753623188405,0.0962343096234309,False,False,False,True,True,passes_recommended_min20,exploratory_cell_level_comparison; one_sample_per_tissue_condition; p_values_do_not_establish_biological_replicate_significance,Control,True,False
cluster_tissue__C5-1__spleen,cluster_tissue,C5-1,spleen,Tumor_T2_vs_Control_Ctrl,345,239,Mrgbp,-2.2136729,-0.63369703,0.0268512895485788,0.4828414472369697,0.1710144927536231,0.17722094,0.2630061,0.1710144927536232,0.2426778242677826,False,False,False,True,True,passes_recommended_min20,exploratory_cell_level_comparison; one_sample_per_tissue_condition; p_values_do_not_establish_biological_replicate_significance,Control,False,False
cluster_tissue__C5-1__spleen,cluster_tissue,C5-1,spleen,Tumor_T2_vs_Control_Ctrl,345,239,Tmem161a,-2.2132585,-0.9502993,0.0268798331451508,0.4828414472369697,0.072463768115942,0.06943409,0.13009201,0.072463768115942,0.1255230125523012,False,False,False,True,True,passes_recommended_min20,exploratory_cell_level_comparison; one_sample_per_tissue_condition; p_values_do_not_establish_biological_replicate_significance,Control,False,False
cluster_tissue__C5-1__spleen,cluster_tissue,C5-1,spleen,Tumor_T2_vs_Control_Ctrl,345,239,Col4a3bp,-2.2091563,-0.816884,0.027163772883265,0.4854906611631733,0.0956521739130434,0.09480804,0.16142721,0.0956521739130435,0.1548117154811715,False,False,False,True,True,passes_recommended_min20,exploratory_cell_level_comparison; one_sample_per_tissue_condition; p_values_do_not_establish_biological_replicate_significance,Control,False,False
cluster_tissue__C5-1__spleen,cluster_tissue,C5-1,spleen,Tumor_T2_vs_Control_Ctrl,345,239,Ift80,-2.2047305,-1.2106692,0.0274730024445613,0.4863261469661004,0.0492753623188405,0.05617152,0.12551028,0.0492753623188405,0.0962343096234309,False,False,False,True,True,passes_recommended_min20,exploratory_cell_level_comparison; one_sample_per_tissue_condition; p_values_do_not_establish_biological_replicate_significance,Control,False,False
cluster_tissue__C5-1__spleen,cluster_tissue,C5-1,spleen,Tumor_T2_vs_Control_Ctrl,345,239,Polg,-2.202431,-0.96863693,0.0276348889430089,0.4863261469661004,0.072463768115942,0.0737461,0.1395665,0.072463768115942,0.1255230125523012,False,False,False,True,True,passes_recommended_min20,exploratory_cell_level_comparison; one_sample_per_tissue_condition; p_values_do_not_establish_biological_replicate_significance,Control,False,False
cluster_tissue__C5-1__spleen,cluster_tissue,C5-1,spleen,Tumor_T2_vs_Control_Ctrl,345,239,Clec16a,-2.202134,-1.3531032,0.0276558553397147,0.4863261469661004,0.0260869565217391,0.026653403,0.066727914,0.0260869565217391,0.0627615062761506,False,False,False,True,True,passes_recommended_min20,exploratory_cell_level_comparison; one_sample_per_tissue_condition; p_values_do_not_establish_biological_replicate_significance,Control,False,False
cluster_tissue__C5-1__spleen,cluster_tissue,C5-1,spleen,Tumor_T2_vs_Control_Ctrl,345,239,Wdr48,-2.2019851,-0.8233664,0.0276663515659253,0.4863261469661004,0.0869565217391304,0.0867735,0.148771,0.0869565217391304,0.1422594142259414,False,False,False,True,True,passes_recommended_min20,exploratory_cell_level_comparison; one_sample_per_tissue_condition; p_values_do_not_establish_biological_replicate_significance,Control,True,False
cluster_tissue__C5-1__spleen,cluster_tissue,C5-1,spleen,Tumor_T2_vs_Control_Ctrl,345,239,Cbarp,-2.197027,-1.2563387,0.0280185168261235,0.4900943844831776,0.0231884057971014,0.024166776,0.05679135,0.0231884057971014,0.0585774058577405,False,False,False,True,True,passes_recommended_min20,exploratory_cell_level_comparison; one_sample_per_tissue_condition; p_values_do_not_establish_biological_replicate_significance,Control,False,False
cluster_tissue__C5-1__spleen,cluster_tissue,C5-1,spleen,Tumor_T2_vs_Control_Ctrl,345,239,Zfc3h1,-2.196099,-0.59471637,0.0280848520587884,0.4904506897991377,0.1565217391304348,0.16831511,0.24437994,0.1565217391304348,0.2301255230125525,False,False,False,True,True,passes_recommended_min20,exploratory_cell_level_comparison; one_sample_per_tissue_condition; p_values_do_not_establish_biological_replicate_significance,Control,False,False
cluster_tissue__C5-1__spleen,cluster_tissue,C5-1,spleen,Tumor_T2_vs_Control_Ctrl,345,239,Umps,-2.1778724,-0.76064175,0.0294155383267506,0.501584248762758,0.0927536231884058,0.088069245,0.14494713,0.0927536231884058,0.1506276150627615,False,False,False,True,True,passes_recommended_min20,exploratory_cell_level_comparison; one_sample_per_tissue_condition; p_values_do_not_establish_biological_replicate_significance,Control,True,False
cluster_tissue__C5-1__spleen,cluster_tissue,C5-1,spleen,Tumor_T2_vs_Control_Ctrl,345,239,Kdm6b,-2.1778562,-0.5946861,0.0294167412333801,0.501584248762758,0.1536231884057971,0.16736063,0.24303937,0.1536231884057971,0.2217573221757324,False,False,False,True,True,passes_recommended_min20,exploratory_cell_level_comparison; one_sample_per_tissue_condition; p_values_do_not_establish_biological_replicate_significance,Control,False,False
cluster_tissue__C5-1__spleen,cluster_tissue,C5-1,spleen,Tumor_T2_vs_Control_Ctrl,345,239,Psmd5,-2.1774106,-0.7396517,0.029449950898363,0.501584248762758,0.1304347826086956,0.12818545,0.20568353,0.1304347826086957,0.192468619246862,False,False,False,True,True,passes_recommended_min20,exploratory_cell_level_comparison; one_sample_per_tissue_condition; p_values_do_not_establish_biological_replicate_significance,Control,False,False
cluster_tissue__C5-1__spleen,cluster_tissue,C5-1,spleen,Tumor_T2_vs_Control_Ctrl,345,239,Zbtb18,-2.168968,-1.2593061,0.0300851162160272,0.501584248762758,0.0289855072463768,0.02905244,0.06818747,0.0289855072463768,0.0669456066945606,False,False,False,True,True,passes_recommended_min20,exploratory_cell_level_comparison; one_sample_per_tissue_condition; p_values_do_not_establish_biological_replicate_significance,Control,False,False
cluster_tissue__C5-1__spleen,cluster_tissue,C5-1,spleen,Tumor_T2_vs_Control_Ctrl,345,239,Ube2e2,-2.1679237,-2.053298,0.0301644845888366,0.501584248762758,0.008695652173913,0.008423768,0.034508508,0.008695652173913,0.0334728033472803,False,False,False,True,True,passes_recommended_min20,exploratory_cell_level_comparison; one_sample_per_tissue_condition; p_values_do_not_establish_biological_replicate_significance,Control,True,False
cluster_tissue__C5-1__spleen,cluster_tissue,C5-1,spleen,Tumor_T2_vs_Control_Ctrl,345,239,Gm26520,-2.1658056,-2.0991945,0.030326041109213,0.501584248762758,0.008695652173913,0.008418961,0.035584312,0.008695652173913,0.0334728033472803,False,False,False,True,True,passes_recommended_min20,exploratory_cell_level_comparison; one_sample_per_tissue_condition; p_values_do_not_establish_biological_replicate_significance,Control,False,False
cluster_tissue__C5-1__spleen,cluster_tissue,C5-1,spleen,Tumor_T2_vs_Control_Ctrl,345,239,Asb8,-2.1645732,-0.8980273,0.0304203923926514,0.501584248762758,0.0695652173913043,0.067175224,0.1217595,0.0695652173913043,0.1213389121338911,False,False,False,True,True,passes_recommended_min20,exploratory_cell_level_comparison; one_sample_per_tissue_condition; p_values_do_not_establish_biological_replicate_significance,Control,False,False
cluster_tissue__C5-1__spleen,cluster_tissue,C5-1,spleen,Tumor_T2_vs_Control_Ctrl,345,239,Plod3,-2.1636875,-1.9031327,0.0304883404717088,0.501584248762758,0.008695652173913,0.009405971,0.034736257,0.008695652173913,0.0334728033472803,False,False,False,True,True,passes_recommended_min20,exploratory_cell_level_comparison; one_sample_per_tissue_condition; p_values_do_not_establish_biological_replicate_significance,Control,True,False
cluster_tissue__C5-1__spleen,cluster_tissue,C5-1,spleen,Tumor_T2_vs_Control_Ctrl,345,239,Als2,-2.1636875,-1.9382468,0.0304883404717088,0.501584248762758,0.008695652173913,0.008112831,0.030740673,0.008695652173913,0.0334728033472803,False,False,False,True,True,passes_recommended_min20,exploratory_cell_level_comparison; one_sample_per_tissue_condition; p_values_do_not_establish_biological_replicate_significance,Control,True,False
cluster_tissue__C5-1__spleen,cluster_tissue,C5-1,spleen,Tumor_T2_vs_Control_Ctrl,345,239,Nadk,-2.1598957,-0.66964066,0.0307807486899503,0.501584248762758,0.1275362318840579,0.13255605,0.2033222,0.127536231884058,0.1882845188284519,False,False,False,True,True,passes_recommended_min20,exploratory_cell_level_comparison; one_sample_per_tissue_condition; p_values_do_not_establish_biological_replicate_significance,Control,True,False
cluster_tissue__C5-1__spleen,cluster_tissue,C5-1,spleen,Tumor_T2_vs_Control_Ctrl,345,239,Maged2,-2.1594512,-1.8861252,0.0308151784650912,0.501584248762758,0.008695652173913,0.009646117,0.035201628,0.008695652173913,0.0334728033472803,False,False,False,True,True,passes_recommended_min20,exploratory_cell_level_comparison; one_sample_per_tissue_condition; p_values_do_not_establish_biological_replicate_significance,Control,False,False
cluster_tissue__C5-1__spleen,cluster_tissue,C5-1,spleen,Tumor_T2_vs_Control_Ctrl,345,239,Naa16,-2.1562998,-0.7474289,0.031060260328028,0.501584248762758,0.1101449275362318,0.10540068,0.17109889,0.1101449275362319,0.1673640167364017,False,False,False,True,True,passes_recommended_min20,exploratory_cell_level_comparison; one_sample_per_tissue_condition; p_values_do_not_establish_biological_replicate_significance,Control,False,False
cluster_tissue__C5-1__spleen,cluster_tissue,C5-1,spleen,Tumor_T2_vs_Control_Ctrl,345,239,Retreg3,-2.1554143,-0.58852035,0.0311294200860194,0.501584248762758,0.1623188405797101,0.16488248,0.23865914,0.1623188405797102,0.2301255230125525,False,False,False,True,True,passes_recommended_min20,exploratory_cell_level_comparison; one_sample_per_tissue_condition; p_values_do_not_establish_biological_replicate_significance,Control,False,False
cluster_tissue__C5-1__spleen,cluster_tissue,C5-1,spleen,Tumor_T2_vs_Control_Ctrl,345,239,Setbp1,-2.155215,-1.8178728,0.0311450201092309,0.501584248762758,0.008695652173913,0.011020194,0.03832394,0.008695652173913,0.0334728033472803,False,False,False,True,True,passes_recommended_min20,exploratory_cell_level_comparison; one_sample_per_tissue_condition; p_values_do_not_establish_biological_replicate_significance,Control,False,False
cluster_tissue__C5-1__spleen,cluster_tissue,C5-1,spleen,Tumor_T2_vs_Control_Ctrl,345,239,Arfip2,-2.1546514,-1.0277424,0.0311891278474845,0.501584248762758,0.0579710144927536,0.0532373,0.10569523,0.0579710144927536,0.104602510460251,False,False,False,True,True,passes_recommended_min20,exploratory_cell_level_comparison; one_sample_per_tissue_condition; p_values_do_not_establish_biological_replicate_significance,Control,False,False
cluster_tissue__C5-1__spleen,cluster_tissue,C5-1,spleen,Tumor_T2_vs_Control_Ctrl,345,239,Dcaf17,-2.1412072,-0.81486976,0.0322573265981,0.5121810636930464,0.1043478260869565,0.10929007,0.18494785,0.1043478260869565,0.1631799163179916,False,False,False,True,True,passes_recommended_min20,exploratory_cell_level_comparison; one_sample_per_tissue_condition; p_values_do_not_establish_biological_replicate_significance,Control,False,False
cluster_tissue__C5-1__spleen,cluster_tissue,C5-1,spleen,Tumor_T2_vs_Control_Ctrl,345,239,Dynlt3,-2.135412,-0.99017745,0.0327273649623998,0.51287057181251,0.072463768115942,0.068233855,0.13126768,0.072463768115942,0.1213389121338911,False,False,False,True,True,passes_recommended_min20,exploratory_cell_level_comparison; one_sample_per_tissue_condition; p_values_do_not_establish_biological_replicate_significance,Control,False,False
cluster_tissue__C5-1__spleen,cluster_tissue,C5-1,spleen,Tumor_T2_vs_Control_Ctrl,345,239,Micall1,-2.1331003,-0.8107762,0.0329164993393219,0.51287057181251,0.1101449275362318,0.10860686,0.18335743,0.1101449275362319,0.1673640167364017,False,False,False,True,True,passes_recommended_min20,exploratory_cell_level_comparison; one_sample_per_tissue_condition; p_values_do_not_establish_biological_replicate_significance,Control,False,False
cluster_tissue__C5-1__spleen,cluster_tissue,C5-1,spleen,Tumor_T2_vs_Control_Ctrl,345,239,Snai3,-2.129891,-0.8683164,0.0331806106059301,0.51287057181251,0.0666666666666666,0.0654148,0.11636795,0.0666666666666667,0.1171548117154811,False,False,False,True,True,passes_recommended_min20,exploratory_cell_level_comparison; one_sample_per_tissue_condition; p_values_do_not_establish_biological_replicate_significance,Control,False,False
cluster_tissue__C5-1__spleen,cluster_tissue,C5-1,spleen,Tumor_T2_vs_Control_Ctrl,345,239,Gm37233,-2.1289055,-3.0540292,0.0332620839451037,0.51287057181251,0.0028985507246376,0.00262212,0.02157168,0.0028985507246376,0.0209205020920502,False,False,False,True,True,passes_recommended_min20,exploratory_cell_level_comparison; one_sample_per_tissue_condition; p_values_do_not_establish_biological_replicate_significance,Control,False,False
cluster_tissue__C5-1__spleen,cluster_tissue,C5-1,spleen,Tumor_T2_vs_Control_Ctrl,345,239,Gm15133,-2.1289055,-3.3616183,0.0332620839451037,0.51287057181251,0.0028985507246376,0.002358806,0.023984684,0.0028985507246376,0.0209205020920502,False,False,False,True,True,passes_recommended_min20,exploratory_cell_level_comparison; one_sample_per_tissue_condition; p_values_do_not_establish_biological_replicate_significance,Control,False,False
cluster_tissue__C5-1__spleen,cluster_tissue,C5-1,spleen,Tumor_T2_vs_Control_Ctrl,345,239,Ccdc148,-2.1289055,-3.2537737,0.0332620839451037,0.51287057181251,0.0028985507246376,0.00249068,0.023508646,0.0028985507246376,0.0209205020920502,False,False,False,True,True,passes_recommended_min20,exploratory_cell_level_comparison; one_sample_per_tissue_condition; p_values_do_not_establish_biological_replicate_significance,Control,False,False
cluster_tissue__C5-1__spleen,cluster_tissue,C5-1,spleen,Tumor_T2_vs_Control_Ctrl,345,239,Zfp428,-2.1231942,-2.899597,0.0337375902730384,0.516925845729191,0.0028985507246376,0.0028063615,0.020754125,0.0028985507246376,0.0209205020920502,False,False,False,True,True,passes_recommended_min20,exploratory_cell_level_comparison; one_sample_per_tissue_condition; p_values_do_not_establish_biological_replicate_significance,Control,False,False
cluster_tissue__C5-1__spleen,cluster_tissue,C5-1,spleen,Tumor_T2_vs_Control_Ctrl,345,239,Hivep3,-2.119902,-1.0785766,0.0340143099361409,0.516925845729191,0.0521739130434782,0.055349663,0.11349955,0.0521739130434782,0.0962343096234309,False,False,False,True,True,passes_recommended_min20,exploratory_cell_level_comparison; one_sample_per_tissue_condition; p_values_do_not_establish_biological_replicate_significance,Control,False,False
cluster_tissue__C5-1__spleen,cluster_tissue,C5-1,spleen,Tumor_T2_vs_Control_Ctrl,345,239,Pelo,-2.1182125,-0.9097621,0.0341570726834082,0.516925845729191,0.0782608695652174,0.07775599,0.14142355,0.0782608695652174,0.1297071129707112,False,False,False,True,True,passes_recommended_min20,exploratory_cell_level_comparison; one_sample_per_tissue_condition; p_values_do_not_establish_biological_replicate_significance,Control,True,False
cluster_tissue__C5-1__spleen,cluster_tissue,C5-1,spleen,Tumor_T2_vs_Control_Ctrl,345,239,Afap1,-2.1174827,-2.6276538,0.03421889782166,0.516925845729191,0.0028985507246376,0.0036945331,0.022617478,0.0028985507246376,0.0209205020920502,False,False,False,True,True,passes_recommended_min20,exploratory_cell_level_comparison; one_sample_per_tissue_condition; p_values_do_not_establish_biological_replicate_significance,Control,False,False
cluster_tissue__C5-1__spleen,cluster_tissue,C5-1,spleen,Tumor_T2_vs_Control_Ctrl,345,239,Nde1,-2.1148167,-0.73625493,0.0344455741624606,0.516925845729191,0.1014492753623188,0.105309255,0.16974199,0.1014492753623188,0.1589958158995816,False,False,False,True,True,passes_recommended_min20,exploratory_cell_level_comparison; one_sample_per_tissue_condition; p_values_do_not_establish_biological_replicate_significance,Control,False,False
cluster_tissue__C5-1__spleen,cluster_tissue,C5-1,spleen,Tumor_T2_vs_Control_Ctrl,345,239,Hsd17b4,-2.1099005,-0.73226094,0.0348669203232839,0.5195950277226808,0.1101449275362318,0.11483292,0.18411137,0.1101449275362319,0.1673640167364017,False,False,False,True,True,passes_recommended_min20,exploratory_cell_level_comparison; one_sample_per_tissue_condition; p_values_do_not_establish_biological_replicate_significance,Control,True,False
cluster_tissue__C5-1__spleen,cluster_tissue,C5-1,spleen,Tumor_T2_vs_Control_Ctrl,345,239,Unc5cl,-2.1069403,-1.859495,0.0351227556325627,0.5219495857930985,0.0115942028985507,0.010675495,0.03820753,0.0115942028985507,0.0376569037656903,False,False,False,True,True,passes_recommended_min20,exploratory_cell_level_comparison; one_sample_per_tissue_condition; p_values_do_not_establish_biological_replicate_significance,Control,False,False
cluster_tissue__C5-1__spleen,cluster_tissue,C5-1,spleen,Tumor_T2_vs_Control_Ctrl,345,239,Polr3b,-2.104077,-1.015037,0.035371718538663,0.5223312065976742,0.0492753623188405,0.047724456,0.0942073,0.0492753623188405,0.0920502092050208,False,False,False,True,True,passes_recommended_min20,exploratory_cell_level_comparison; one_sample_per_tissue_condition; p_values_do_not_establish_biological_replicate_significance,Control,True,False
cluster_tissue__C5-1__spleen,cluster_tissue,C5-1,spleen,Tumor_T2_vs_Control_Ctrl,345,239,Ccdc171,-2.1018844,-0.98802686,0.0355634165668312,0.5228191063872523,0.0521739130434782,0.05263957,0.10183964,0.0521739130434782,0.0962343096234309,False,False,False,True,True,passes_recommended_min20,exploratory_cell_level_comparison; one_sample_per_tissue_condition; p_values_do_not_establish_biological_replicate_significance,Control,False,False
cluster_tissue__C5-1__spleen,cluster_tissue,C5-1,spleen,Tumor_T2_vs_Control_Ctrl,345,239,Cog1,-2.1017718,-1.0169778,0.035573258785112,0.5228191063872523,0.0492753623188405,0.048349734,0.09553572,0.0492753623188405,0.0920502092050208,False,False,False,True,True,passes_recommended_min20,exploratory_cell_level_comparison; one_sample_per_tissue_condition; p_values_do_not_establish_biological_replicate_significance,Control,False,False
cluster_tissue__C5-1__spleen,cluster_tissue,C5-1,spleen,Tumor_T2_vs_Control_Ctrl,345,239,Ppp1r37,-2.0953243,-0.9225739,0.0361421760036465,0.5235285792786206,0.0579710144927536,0.05865682,0.10841412,0.0579710144927536,0.104602510460251,False,False,False,True,True,passes_recommended_min20,exploratory_cell_level_comparison; one_sample_per_tissue_condition; p_values_do_not_establish_biological_replicate_significance,Control,False,False
cluster_tissue__C5-1__spleen,cluster_tissue,C5-1,spleen,Tumor_T2_vs_Control_Ctrl,345,239,Tsr1,-2.0884547,-0.7587149,0.0367568444841284,0.5235285792786206,0.1246376811594203,0.12379842,0.20129253,0.1246376811594203,0.1841004184100419,False,False,False,True,True,passes_recommended_min20,exploratory_cell_level_comparison; one_sample_per_tissue_condition; p_values_do_not_establish_biological_replicate_significance,Control,False,False
cluster_tissue__C5-1__spleen,cluster_tissue,C5-1,spleen,Tumor_T2_vs_Control_Ctrl,345,239,Tbc1d5,-2.0884347,-0.83925796,0.036758631439388,0.5235285792786206,0.0753623188405797,0.07641864,0.13285342,0.0753623188405797,0.1255230125523012,False,False,False,True,True,passes_recommended_min20,exploratory_cell_level_comparison; one_sample_per_tissue_condition; p_values_do_not_establish_biological_replicate_significance,Control,False,False
cluster_tissue__C5-1__spleen,cluster_tissue,C5-1,spleen,Tumor_T2_vs_Control_Ctrl,345,239,Klhl2,-2.0872447,-0.9957373,0.0368660098885394,0.5235285792786206,0.0521739130434782,0.053417422,0.10383374,0.0521739130434782,0.0962343096234309,False,False,False,True,True,passes_recommended_min20,exploratory_cell_level_comparison; one_sample_per_tissue_condition; p_values_do_not_establish_biological_replicate_significance,Control,False,False
cluster_tissue__C5-1__spleen,cluster_tissue,C5-1,spleen,Tumor_T2_vs_Control_Ctrl,345,239,Blk,-2.0845664,-24.213327,0.0371086789757443,0.5235285792786206,0.0,0.0,0.019264063,0.0,0.0125523012552301,False,False,False,True,True,passes_recommended_min20,exploratory_cell_level_comparison; one_sample_per_tissue_condition; p_values_do_not_establish_biological_replicate_significance,Control,False,False
cluster_tissue__C5-1__spleen,cluster_tissue,C5-1,spleen,Tumor_T2_vs_Control_Ctrl,345,239,1700023H06Rik,-2.0845664,-23.710978,0.0371086789757443,0.5235285792786206,0.0,0.0,0.013637992,0.0,0.0125523012552301,False,False,False,True,True,passes_recommended_min20,exploratory_cell_level_comparison; one_sample_per_tissue_condition; p_values_do_not_establish_biological_replicate_significance,Control,False,False
cluster_tissue__C5-1__spleen,cluster_tissue,C5-1,spleen,Tumor_T2_vs_Control_Ctrl,345,239,Gpsm2,-2.0845664,-23.797363,0.0371086789757443,0.5235285792786206,0.0,0.0,0.014473505,0.0,0.0125523012552301,False,False,False,True,True,passes_recommended_min20,exploratory_cell_level_comparison; one_sample_per_tissue_condition; p_values_do_not_establish_biological_replicate_significance,Control,False,False
cluster_tissue__C5-1__spleen,cluster_tissue,C5-1,spleen,Tumor_T2_vs_Control_Ctrl,345,239,BC035044,-2.0845664,-23.772858,0.0371086789757443,0.5235285792786206,0.0,0.0,0.01423146,0.0,0.0125523012552301,False,False,False,True,True,passes_recommended_min20,exploratory_cell_level_comparison; one_sample_per_tissue_condition; p_values_do_not_establish_biological_replicate_significance,Control,False,False
cluster_tissue__C5-1__spleen,cluster_tissue,C5-1,spleen,Tumor_T2_vs_Control_Ctrl,345,239,Gm26789,-2.0845664,-23.531643,0.0371086789757443,0.5235285792786206,0.0,0.0,0.012053415,0.0,0.0125523012552301,False,False,False,True,True,passes_recommended_min20,exploratory_cell_level_comparison; one_sample_per_tissue_condition; p_values_do_not_establish_biological_replicate_significance,Control,False,False
cluster_tissue__C5-1__spleen,cluster_tissue,C5-1,spleen,Tumor_T2_vs_Control_Ctrl,345,239,Cdkn1a,-2.0845664,-23.700588,0.0371086789757443,0.5235285792786206,0.0,0.0,0.013540793,0.0,0.0125523012552301,False,False,False,True,True,passes_recommended_min20,exploratory_cell_level_comparison; one_sample_per_tissue_condition; p_values_do_not_establish_biological_replicate_significance,Control,True,False
cluster_tissue__C5-1__spleen,cluster_tissue,C5-1,spleen,Tumor_T2_vs_Control_Ctrl,345,239,Fbxw11,-2.083459,-1.0181835,0.0372094178691425,0.5237790087912283,0.0579710144927536,0.059486724,0.11701663,0.0579710144927536,0.104602510460251,False,False,False,True,True,passes_recommended_min20,exploratory_cell_level_comparison; one_sample_per_tissue_condition; p_values_do_not_establish_biological_replicate_significance,Control,True,False
cluster_tissue__C5-1__spleen,cluster_tissue,C5-1,spleen,Tumor_T2_vs_Control_Ctrl,345,239,Sdccag8,-2.0729568,-1.0572438,0.038176295121861,0.5287719186400719,0.0492753623188405,0.047286566,0.09600513,0.0492753623188405,0.0920502092050208,False,False,False,True,True,passes_recommended_min20,exploratory_cell_level_comparison; one_sample_per_tissue_condition; p_values_do_not_establish_biological_replicate_significance,Control,False,False
cluster_tissue__C5-1__spleen,cluster_tissue,C5-1,spleen,Tumor_T2_vs_Control_Ctrl,345,239,Atg7,-2.0728831,-0.88185304,0.0381831543337825,0.5287719186400719,0.072463768115942,0.06905654,0.12376512,0.072463768115942,0.1213389121338911,False,False,False,True,True,passes_recommended_min20,exploratory_cell_level_comparison; one_sample_per_tissue_condition; p_values_do_not_establish_biological_replicate_significance,Control,True,False
cluster_tissue__C5-1__spleen,cluster_tissue,C5-1,spleen,Tumor_T2_vs_Control_Ctrl,345,239,C030034I22Rik,-2.070961,-0.78009826,0.0383624405514504,0.529162877235622,0.1072463768115942,0.1119209,0.18512098,0.1072463768115942,0.1631799163179916,False,False,False,True,True,passes_recommended_min20,exploratory_cell_level_comparison; one_sample_per_tissue_condition; p_values_do_not_establish_biological_replicate_significance,Control,False,False
cluster_tissue__C5-1__spleen,cluster_tissue,C5-1,spleen,Tumor_T2_vs_Control_Ctrl,345,239,Prpsap1,-2.067878,-0.6207699,0.0386515030190454,0.530092339317462,0.1797101449275362,0.18186952,0.26750872,0.1797101449275363,0.2384937238493726,False,False,False,True,True,passes_recommended_min20,exploratory_cell_level_comparison; one_sample_per_tissue_condition; p_values_do_not_establish_biological_replicate_significance,Control,False,False
cluster_tissue__C5-1__spleen,cluster_tissue,C5-1,spleen,Tumor_T2_vs_Control_Ctrl,345,239,Gpat4,-2.0666,-1.1169659,0.0387718581170571,0.5303791360371798,0.0434782608695652,0.04044122,0.08572886,0.0434782608695652,0.0836820083682008,False,False,False,True,True,passes_recommended_min20,exploratory_cell_level_comparison; one_sample_per_tissue_condition; p_values_do_not_establish_biological_replicate_significance,Control,True,False
cluster_tissue__C5-1__spleen,cluster_tissue,C5-1,spleen,Tumor_T2_vs_Control_Ctrl,345,239,Rcbtb1,-2.0654738,-0.7495197,0.0388781903673388,0.531152741638291,0.0927536231884058,0.08941163,0.1460438,0.0927536231884058,0.1464435146443514,False,False,False,True,True,passes_recommended_min20,exploratory_cell_level_comparison; one_sample_per_tissue_condition; p_values_do_not_establish_biological_replicate_significance,Control,False,False
cluster_tissue__C5-1__spleen,cluster_tissue,C5-1,spleen,Tumor_T2_vs_Control_Ctrl,345,239,Serpinb6b,-2.057681,-0.6469341,0.0396207607792189,0.5359809329560542,0.1507246376811594,0.1599966,0.24034159,0.1507246376811594,0.2133891213389123,False,False,False,True,True,passes_recommended_min20,exploratory_cell_level_comparison; one_sample_per_tissue_condition; p_values_do_not_establish_biological_replicate_significance,Control,True,False
cluster_tissue__C5-1__spleen,cluster_tissue,C5-1,spleen,Tumor_T2_vs_Control_Ctrl,345,239,Galnt7,-2.0564833,-0.5878933,0.0397359507973597,0.5359809329560542,0.1913043478260869,0.203152,0.29160568,0.191304347826087,0.2552301255230128,False,False,False,True,True,passes_recommended_min20,exploratory_cell_level_comparison; one_sample_per_tissue_condition; p_values_do_not_establish_biological_replicate_significance,Control,True,False
cluster_tissue__C5-1__spleen,cluster_tissue,C5-1,spleen,Tumor_T2_vs_Control_Ctrl,345,239,Rab32,-2.0558503,-1.6766076,0.0397969604236656,0.5359809329560542,0.0144927536231884,0.013278628,0.041843794,0.0144927536231884,0.0418410041841004,False,False,False,True,True,passes_recommended_min20,exploratory_cell_level_comparison; one_sample_per_tissue_condition; p_values_do_not_establish_biological_replicate_significance,Control,False,False
cluster_tissue__C5-1__spleen,cluster_tissue,C5-1,spleen,Tumor_T2_vs_Control_Ctrl,345,239,AC160336.1,-2.0522099,-1.4723153,0.040149269067003,0.5359809329560542,0.0144927536231884,0.016506372,0.04514523,0.0144927536231884,0.0418410041841004,False,False,False,True,True,passes_recommended_min20,exploratory_cell_level_comparison; one_sample_per_tissue_condition; p_values_do_not_establish_biological_replicate_significance,Control,False,False
cluster_tissue__C5-1__spleen,cluster_tissue,C5-1,spleen,Tumor_T2_vs_Control_Ctrl,345,239,Arf2,-2.0475118,-1.6530437,0.0406078565906451,0.5359809329560542,0.017391304347826,0.016712619,0.051645376,0.017391304347826,0.0460251046025104,False,False,False,True,True,passes_recommended_min20,exploratory_cell_level_comparison; one_sample_per_tissue_condition; p_values_do_not_establish_biological_replicate_significance,Control,False,False
cluster_tissue__C5-1__spleen,cluster_tissue,C5-1,spleen,Tumor_T2_vs_Control_Ctrl,345,239,Cdk6,-2.0472035,-0.8187246,0.0406381044762369,0.5359809329560542,0.081159420289855,0.08311373,0.14224964,0.0811594202898551,0.1297071129707112,False,False,False,True,True,passes_recommended_min20,exploratory_cell_level_comparison; one_sample_per_tissue_condition; p_values_do_not_establish_biological_replicate_significance,Control,True,False
cluster_tissue__C5-1__spleen,cluster_tissue,C5-1,spleen,Tumor_T2_vs_Control_Ctrl,345,239,Men1,-2.0388222,-0.96615404,0.0414677866470788,0.5404137314669862,0.0521739130434782,0.050914016,0.097165346,0.0521739130434782,0.0962343096234309,False,False,False,True,True,passes_recommended_min20,exploratory_cell_level_comparison; one_sample_per_tissue_condition; p_values_do_not_establish_biological_replicate_significance,Control,True,False
cluster_tissue__C5-1__spleen,cluster_tissue,C5-1,spleen,Tumor_T2_vs_Control_Ctrl,345,239,Adamts6,-2.0357897,-1.3362479,0.0417714790299564,0.5404137314669862,0.0289855072463768,0.028467592,0.07037625,0.0289855072463768,0.0627615062761506,False,False,False,True,True,passes_recommended_min20,exploratory_cell_level_comparison; one_sample_per_tissue_condition; p_values_do_not_establish_biological_replicate_significance,Control,False,False
cluster_tissue__C5-1__spleen,cluster_tissue,C5-1,spleen,Tumor_T2_vs_Control_Ctrl,345,239,Prdm15,-2.0267756,-1.2017986,0.0426853552854114,0.5404137314669862,0.0318840579710144,0.030861251,0.06961537,0.0318840579710145,0.0669456066945606,False,False,False,True,True,passes_recommended_min20,exploratory_cell_level_comparison; one_sample_per_tissue_condition; p_values_do_not_establish_biological_replicate_significance,Control,False,False
cluster_tissue__C5-1__spleen,cluster_tissue,C5-1,spleen,Tumor_T2_vs_Control_Ctrl,345,239,Ccdc186,-2.026221,-0.83401394,0.0427421285184598,0.5404137314669862,0.081159420289855,0.080626056,0.13948369,0.0811594202898551,0.1297071129707112,False,False,False,True,True,passes_recommended_min20,exploratory_cell_level_comparison; one_sample_per_tissue_condition; p_values_do_not_establish_biological_replicate_significance,Control,False,False
cluster_tissue__C5-1__spleen,cluster_tissue,C5-1,spleen,Tumor_T2_vs_Control_Ctrl,345,239,Gm26910,-2.0255296,-1.3377976,0.0428130056950948,0.5404137314669862,0.0260869565217391,0.024758322,0.061435156,0.0260869565217391,0.0585774058577405,False,False,False,True,True,passes_recommended_min20,exploratory_cell_level_comparison; one_sample_per_tissue_condition; p_values_do_not_establish_biological_replicate_significance,Control,False,False
cluster_tissue__C5-1__spleen,cluster_tissue,C5-1,spleen,Tumor_T2_vs_Control_Ctrl,345,239,Nvl,-2.0253055,-0.6977684,0.0428359985610526,0.5404137314669862,0.1797101449275362,0.17315891,0.2674636,0.1797101449275363,0.2301255230125525,False,False,False,True,True,passes_recommended_min20,exploratory_cell_level_comparison; one_sample_per_tissue_condition; p_values_do_not_establish_biological_replicate_significance,Control,True,False
cluster_tissue__C5-1__spleen,cluster_tissue,C5-1,spleen,Tumor_T2_vs_Control_Ctrl,345,239,Ddx31,-2.0196092,-1.4097325,0.0434239374148059,0.5404137314669862,0.0260869565217391,0.024554502,0.06395636,0.0260869565217391,0.0585774058577405,False,False,False,True,True,passes_recommended_min20,exploratory_cell_level_comparison; one_sample_per_tissue_condition; p_values_do_not_establish_biological_replicate_significance,Control,False,False
cluster_tissue__C5-1__spleen,cluster_tissue,C5-1,spleen,Tumor_T2_vs_Control_Ctrl,345,239,Uba5,-2.019601,-0.6390886,0.0434247737720452,0.5404137314669862,0.1304347826086956,0.12644762,0.1905497,0.1304347826086957,0.1882845188284519,False,False,False,True,True,passes_recommended_min20,exploratory_cell_level_comparison; one_sample_per_tissue_condition; p_values_do_not_establish_biological_replicate_significance,Control,False,False
cluster_tissue__C5-1__spleen,cluster_tissue,C5-1,spleen,Tumor_T2_vs_Control_Ctrl,345,239,Tspan31,-2.0182838,-0.78953665,0.0435616994254159,0.5404137314669862,0.0695652173913043,0.066941954,0.11303514,0.0695652173913043,0.1171548117154811,False,False,False,True,True,passes_recommended_min20,exploratory_cell_level_comparison; one_sample_per_tissue_condition; p_values_do_not_establish_biological_replicate_significance,Control,False,False
cluster_tissue__C5-1__spleen,cluster_tissue,C5-1,spleen,Tumor_T2_vs_Control_Ctrl,345,239,Golga3,-2.0181603,-0.6842164,0.0435745753850604,0.5404137314669862,0.1246376811594203,0.12737401,0.19743551,0.1246376811594203,0.1799163179916318,False,False,False,True,True,passes_recommended_min20,exploratory_cell_level_comparison; one_sample_per_tissue_condition; p_values_do_not_establish_biological_replicate_significance,Control,False,False
cluster_tissue__C5-1__spleen,cluster_tissue,C5-1,spleen,Tumor_T2_vs_Control_Ctrl,345,239,Ccdc92,-2.018002,-1.4504912,0.0435910578319357,0.5404137314669862,0.0202898550724637,0.019848246,0.053339217,0.0202898550724637,0.0502092050209204,False,False,False,True,True,passes_recommended_min20,exploratory_cell_level_comparison; one_sample_per_tissue_condition; p_values_do_not_establish_biological_replicate_significance,Control,False,False
cluster_tissue__C5-1__spleen,cluster_tissue,C5-1,spleen,Tumor_T2_vs_Control_Ctrl,345,239,Tmem167b,-2.0161493,-1.0377011,0.0437843624493479,0.5404137314669862,0.0405797101449275,0.039776653,0.080016956,0.0405797101449275,0.0794979079497907,False,False,False,True,True,passes_recommended_min20,exploratory_cell_level_comparison; one_sample_per_tissue_condition; p_values_do_not_establish_biological_replicate_significance,Control,False,False
cluster_tissue__C5-1__spleen,cluster_tissue,C5-1,spleen,Tumor_T2_vs_Control_Ctrl,345,239,Cpsf4,-2.0153267,-0.929432,0.0438704297207869,0.5404137314669862,0.0492753623188405,0.04777374,0.089104354,0.0492753623188405,0.0920502092050208,False,False,False,True,True,passes_recommended_min20,exploratory_cell_level_comparison; one_sample_per_tissue_condition; p_values_do_not_establish_biological_replicate_significance,Control,True,False
cluster_tissue__C5-1__spleen,cluster_tissue,C5-1,spleen,Tumor_T2_vs_Control_Ctrl,345,239,Ifng,-2.0146947,-1.1737177,0.0439366461495578,0.5404137314669862,0.0347826086956521,0.042269018,0.09294341,0.0347826086956521,0.0711297071129706,False,False,False,True,True,passes_recommended_min20,exploratory_cell_level_comparison; one_sample_per_tissue_condition; p_values_do_not_establish_biological_replicate_significance,Control,True,False
cluster_tissue__C5-1__spleen,cluster_tissue,C5-1,spleen,Tumor_T2_vs_Control_Ctrl,345,239,Dcaf12,-2.0132198,-0.69590265,0.0440915162424883,0.5404137314669862,0.1130434782608695,0.11277754,0.17679636,0.1130434782608696,0.1673640167364017,False,False,False,True,True,passes_recommended_min20,exploratory_cell_level_comparison; one_sample_per_tissue_condition; p_values_do_not_establish_biological_replicate_significance,Control,False,False
cluster_tissue__C5-1__spleen,cluster_tissue,C5-1,spleen,Tumor_T2_vs_Control_Ctrl,345,239,Stat2,-2.0119152,-0.82026446,0.0442288826810066,0.5404137314669862,0.081159420289855,0.080831185,0.13858996,0.0811594202898551,0.1297071129707112,False,False,False,True,True,passes_recommended_min20,exploratory_cell_level_comparison; one_sample_per_tissue_condition; p_values_do_not_establish_biological_replicate_significance,Control,True,False
cluster_tissue__C5-1__spleen,cluster_tissue,C5-1,spleen,Tumor_T2_vs_Control_Ctrl,345,239,Mon1a,-2.0093944,-1.1681339,0.0444953217226494,0.5404137314669862,0.0347826086956521,0.03263291,0.07189508,0.0347826086956521,0.0711297071129706,False,False,False,True,True,passes_recommended_min20,exploratory_cell_level_comparison; one_sample_per_tissue_condition; p_values_do_not_establish_biological_replicate_significance,Control,False,False
cluster_tissue__C5-1__spleen,cluster_tissue,C5-1,spleen,Tumor_T2_vs_Control_Ctrl,345,239,Pced1a,-2.0092485,-1.3366753,0.0445107907474249,0.5404137314669862,0.0260869565217391,0.024235949,0.06011644,0.0260869565217391,0.0585774058577405,False,False,False,True,True,passes_recommended_min20,exploratory_cell_level_comparison; one_sample_per_tissue_condition; p_values_do_not_establish_biological_replicate_significance,Control,False,False
cluster_tissue__C5-1__spleen,cluster_tissue,C5-1,spleen,Tumor_T2_vs_Control_Ctrl,345,239,Llgl1,-2.008955,-1.2496277,0.0445419176983288,0.5404137314669862,0.0318840579710144,0.02969884,0.069224715,0.0318840579710145,0.0669456066945606,False,False,False,True,True,passes_recommended_min20,exploratory_cell_level_comparison; one_sample_per_tissue_condition; p_values_do_not_establish_biological_replicate_significance,Control,True,False
cluster_tissue__C5-1__spleen,cluster_tissue,C5-1,spleen,Tumor_T2_vs_Control_Ctrl,345,239,Gabpa,-2.0074184,-0.7627964,0.0447051300314327,0.5404137314669862,0.0898550724637681,0.091690525,0.15094605,0.0898550724637681,0.1422594142259414,False,False,False,True,True,passes_recommended_min20,exploratory_cell_level_comparison; one_sample_per_tissue_condition; p_values_do_not_establish_biological_replicate_significance,Control,False,False
cluster_tissue__C5-1__spleen,cluster_tissue,C5-1,spleen,Tumor_T2_vs_Control_Ctrl,345,239,Setdb1,-2.006383,-0.7453404,0.04481541638263,0.5409281592790305,0.0956521739130434,0.095081426,0.15462072,0.0956521739130435,0.1464435146443514,False,False,False,True,True,passes_recommended_min20,exploratory_cell_level_comparison; one_sample_per_tissue_condition; p_values_do_not_establish_biological_replicate_significance,Control,True,False
cluster_tissue__C5-1__spleen,cluster_tissue,C5-1,spleen,Tumor_T2_vs_Control_Ctrl,345,239,Ksr1,-2.0032377,-1.2789026,0.0451517710719694,0.5418482684236472,0.0231884057971014,0.026317159,0.06270006,0.0231884057971014,0.0543933054393305,False,False,False,True,True,passes_recommended_min20,exploratory_cell_level_comparison; one_sample_per_tissue_condition; p_values_do_not_establish_biological_replicate_significance,Control,True,False
cluster_tissue__C5-1__spleen,cluster_tissue,C5-1,spleen,Tumor_T2_vs_Control_Ctrl,345,239,Hsd17b12,-2.001678,-0.628924,0.0453193725135459,0.5418482684236472,0.1623188405797101,0.16406319,0.2435011,0.1623188405797102,0.2175732217573223,False,False,False,True,True,passes_recommended_min20,exploratory_cell_level_comparison; one_sample_per_tissue_condition; p_values_do_not_establish_biological_replicate_significance,Control,True,False
cluster_tissue__C5-1__spleen,cluster_tissue,C5-1,spleen,Tumor_T2_vs_Control_Ctrl,345,239,Polh,-2.0001452,-1.3337668,0.0454845891229271,0.5418482684236472,0.0231884057971014,0.021219315,0.05264642,0.0231884057971014,0.0543933054393305,False,False,False,True,True,passes_recommended_min20,exploratory_cell_level_comparison; one_sample_per_tissue_condition; p_values_do_not_establish_biological_replicate_significance,Control,True,False
cluster_tissue__C5-1__spleen,cluster_tissue,C5-1,spleen,Tumor_T2_vs_Control_Ctrl,345,239,Rfx5,-2.0000448,-1.2099826,0.0454954363390011,0.5418482684236472,0.0318840579710144,0.030753685,0.06975856,0.0318840579710145,0.0669456066945606,False,False,False,True,True,passes_recommended_min20,exploratory_cell_level_comparison; one_sample_per_tissue_condition; p_values_do_not_establish_biological_replicate_significance,Control,True,False
cluster_tissue__C5-1__spleen,cluster_tissue,C5-1,spleen,Tumor_T2_vs_Control_Ctrl,345,239,Adck5,-1.9962786,-0.9427201,0.045903601378279,0.5434275777319364,0.0434782608695652,0.045643874,0.08596428,0.0434782608695652,0.0836820083682008,False,False,False,True,True,passes_recommended_min20,exploratory_cell_level_comparison; one_sample_per_tissue_condition; p_values_do_not_establish_biological_replicate_significance,Control,False,False
cluster_tissue__C5-1__spleen,cluster_tissue,C5-1,spleen,Tumor_T2_vs_Control_Ctrl,345,239,Slc33a1,-1.994585,-0.8635543,0.0460881520674395,0.5434275777319364,0.0463768115942029,0.047337648,0.08452749,0.0463768115942029,0.0878661087866108,False,False,False,True,True,passes_recommended_min20,exploratory_cell_level_comparison; one_sample_per_tissue_condition; p_values_do_not_establish_biological_replicate_significance,Control,True,False
cluster_tissue__C5-1__spleen,cluster_tissue,C5-1,spleen,Tumor_T2_vs_Control_Ctrl,345,239,Sik2,-1.9929222,-0.897965,0.0462699679242017,0.5434275777319364,0.0782608695652174,0.077165276,0.13931482,0.0782608695652174,0.1255230125523012,False,False,False,True,True,passes_recommended_min20,exploratory_cell_level_comparison; one_sample_per_tissue_condition; p_values_do_not_establish_biological_replicate_significance,Control,True,False
cluster_tissue__C5-1__spleen,cluster_tissue,C5-1,spleen,Tumor_T2_vs_Control_Ctrl,345,239,Alg1,-1.9927814,-0.8053554,0.0462853872096962,0.5434275777319364,0.0637681159420289,0.065900035,0.112475455,0.063768115942029,0.108786610878661,False,False,False,True,True,passes_recommended_min20,exploratory_cell_level_comparison; one_sample_per_tissue_condition; p_values_do_not_establish_biological_replicate_significance,Control,True,False
cluster_tissue__C5-1__spleen,cluster_tissue,C5-1,spleen,Tumor_T2_vs_Control_Ctrl,345,239,Ccdc28a,-1.9902192,-0.90895617,0.0465667889991483,0.5434275777319364,0.0840579710144927,0.078204446,0.14213996,0.0840579710144927,0.1297071129707112,False,False,False,True,True,passes_recommended_min20,exploratory_cell_level_comparison; one_sample_per_tissue_condition; p_values_do_not_establish_biological_replicate_significance,Control,False,False
cluster_tissue__C5-1__spleen,cluster_tissue,C5-1,spleen,Tumor_T2_vs_Control_Ctrl,345,239,9930021J03Rik,-1.9881396,-0.6121787,0.0467962474696909,0.5434275777319364,0.1797101449275362,0.18434754,0.26959434,0.1797101449275363,0.2384937238493726,False,False,False,True,True,passes_recommended_min20,exploratory_cell_level_comparison; one_sample_per_tissue_condition; p_values_do_not_establish_biological_replicate_significance,Control,False,False
cluster_tissue__C5-1__spleen,cluster_tissue,C5-1,spleen,Tumor_T2_vs_Control_Ctrl,345,239,Fam177a,-1.9868283,-2.4486008,0.0469414197751986,0.5434275777319364,0.0057971014492753,0.0050211283,0.027107831,0.0057971014492753,0.0251046025104602,False,False,False,True,True,passes_recommended_min20,exploratory_cell_level_comparison; one_sample_per_tissue_condition; p_values_do_not_establish_biological_replicate_significance,Control,False,False
cluster_tissue__C5-1__spleen,cluster_tissue,C5-1,spleen,Tumor_T2_vs_Control_Ctrl,345,239,Gm36266,-1.9868283,-2.2530794,0.0469414197751986,0.5434275777319364,0.0057971014492753,0.0056980764,0.026875814,0.0057971014492753,0.0251046025104602,False,False,False,True,True,passes_recommended_min20,exploratory_cell_level_comparison; one_sample_per_tissue_condition; p_values_do_not_establish_biological_replicate_significance,Control,False,False
cluster_tissue__C5-1__spleen,cluster_tissue,C5-1,spleen,Tumor_T2_vs_Control_Ctrl,345,239,Ptdss2,-1.9866802,-1.0479658,0.0469578469230408,0.5434275777319364,0.0376811594202898,0.037531316,0.07610402,0.0376811594202898,0.0753138075313807,False,False,False,True,True,passes_recommended_min20,exploratory_cell_level_comparison; one_sample_per_tissue_condition; p_values_do_not_establish_biological_replicate_significance,Control,True,False
cluster_tissue__C5-1__spleen,cluster_tissue,C5-1,spleen,Tumor_T2_vs_Control_Ctrl,345,239,Hspa13,-1.985359,-0.8277997,0.0471045429025319,0.5436065779068218,0.0492753623188405,0.052024484,0.09055932,0.0492753623188405,0.0920502092050208,False,False,False,True,True,passes_recommended_min20,exploratory_cell_level_comparison; one_sample_per_tissue_condition; p_values_do_not_establish_biological_replicate_significance,Control,False,False
cluster_tissue__C5-1__spleen,cluster_tissue,C5-1,spleen,Tumor_T2_vs_Control_Ctrl,345,239,Shld3,-1.9787966,-1.0637803,0.0478389138028114,0.5484244026588716,0.0318840579710144,0.032097116,0.065960266,0.0318840579710145,0.0669456066945606,False,False,False,True,True,passes_recommended_min20,exploratory_cell_level_comparison; one_sample_per_tissue_condition; p_values_do_not_establish_biological_replicate_significance,Control,False,False
cluster_tissue__C5-1__spleen,cluster_tissue,C5-1,spleen,Tumor_T2_vs_Control_Ctrl,345,239,Ankrd9,-1.976919,-2.2857575,0.0480507867849698,0.5489313650916787,0.0057971014492753,0.005645843,0.027233899,0.0057971014492753,0.0251046025104602,False,False,False,True,True,passes_recommended_min20,exploratory_cell_level_comparison; one_sample_per_tissue_condition; p_values_do_not_establish_biological_replicate_significance,Control,False,False
cluster_tissue__C5-1__spleen,cluster_tissue,C5-1,spleen,Tumor_T2_vs_Control_Ctrl,345,239,Cnrip1,-1.9744416,-2.313387,0.0483315451929447,0.5491987084224927,0.0057971014492753,0.006054675,0.029739339,0.0057971014492753,0.0251046025104602,False,False,False,True,True,passes_recommended_min20,exploratory_cell_level_comparison; one_sample_per_tissue_condition; p_values_do_not_establish_biological_replicate_significance,Control,False,False
cluster_tissue__C5-1__spleen,cluster_tissue,C5-1,spleen,Tumor_T2_vs_Control_Ctrl,345,239,Ghdc,-1.9719644,-2.164491,0.0486136802568749,0.5518169875966549,0.0057971014492753,0.0059907995,0.02658142,0.0057971014492753,0.0251046025104602,False,False,False,True,True,passes_recommended_min20,exploratory_cell_level_comparison; one_sample_per_tissue_condition; p_values_do_not_establish_biological_replicate_significance,Control,False,False
cluster_tissue__C5-1__spleen,cluster_tissue,C5-1,spleen,Tumor_T2_vs_Control_Ctrl,345,239,Spast,-1.9648488,-0.6612318,0.0494317483320081,0.5557816171786376,0.1188405797101449,0.1239306,0.18950395,0.1188405797101449,0.1715481171548117,False,False,False,True,True,passes_recommended_min20,exploratory_cell_level_comparison; one_sample_per_tissue_condition; p_values_do_not_establish_biological_replicate_significance,Control,False,False
cluster_tissue__C5-1__spleen,cluster_tissue,C5-1,spleen,Tumor_T2_vs_Control_Ctrl,345,239,Atxn7l1,-1.961964,-0.70319647,0.0497666759089136,0.5583705909023223,0.1217391304347826,0.12678742,0.19891693,0.1217391304347826,0.1757322175732218,False,False,False,True,True,passes_recommended_min20,exploratory_cell_level_comparison; one_sample_per_tissue_condition; p_values_do_not_establish_biological_replicate_significance,Control,False,False
cluster_tissue__C6__thymus,cluster_tissue,C6,thymus,Tumor_T2_vs_Control_Ctrl,1087,1227,Gm10076,11.304884,0.59702283,1.2411839146347208e-29,6.306396366263083e-27,0.9144434222631096,1.6415865,1.322413,0.914443422263094,0.8296658516707226,False,True,False,True,True,passes_recommended_min20,exploratory_cell_level_comparison; one_sample_per_tissue_condition; p_values_do_not_establish_biological_replicate_significance,Tumor,False,False
cluster_tissue__C6__thymus,cluster_tissue,C6,thymus,Tumor_T2_vs_Control_Ctrl,1087,1227,Cirbp,10.363912,0.93458784,3.618543062709318e-25,1.4849944030426315e-22,0.5869365225390984,0.7658396,0.4713085,0.5869365225390911,0.3879380603096998,False,True,False,True,True,passes_recommended_min20,exploratory_cell_level_comparison; one_sample_per_tissue_condition; p_values_do_not_establish_biological_replicate_significance,Tumor,False,False
cluster_tissue__C6__thymus,cluster_tissue,C6,thymus,Tumor_T2_vs_Control_Ctrl,1087,1227,Hspa1b,8.8566675,0.8862846,8.2441656990811e-19,2.4260281930294256e-16,0.7000919963201472,1.6888131,1.2200887,0.7000919963201371,0.5721271393643005,False,True,False,True,True,passes_recommended_min20,exploratory_cell_level_comparison; one_sample_per_tissue_condition; p_values_do_not_establish_biological_replicate_significance,Tumor,True,False
cluster_tissue__C6__thymus,cluster_tissue,C6,thymus,Tumor_T2_vs_Control_Ctrl,1087,1227,mt-Nd3,7.8296056,0.69203496,4.8940232355834826e-15,1.1868006346289945e-12,0.5758969641214351,0.7579728,0.53173906,0.5758969641214281,0.4254278728606372,False,True,False,True,True,passes_recommended_min20,exploratory_cell_level_comparison; one_sample_per_tissue_condition; p_values_do_not_establish_biological_replicate_significance,Tumor,False,False
cluster_tissue__C6__thymus,cluster_tissue,C6,thymus,Tumor_T2_vs_Control_Ctrl,1087,1227,Iglc2,7.5928984,25.700155,3.1282767645591604e-14,7.256241973444834e-12,0.045998160073597,0.05308116,0.0,0.045998160073597,0.0,True,True,False,True,True,passes_recommended_min20,exploratory_cell_level_comparison; one_sample_per_tissue_condition; p_values_do_not_establish_biological_replicate_significance,Tumor,False,False
cluster_tissue__C6__thymus,cluster_tissue,C6,thymus,Tumor_T2_vs_Control_Ctrl,1087,1227,Rhob,5.739114,0.73508507,9.517311776054938e-09,1.3188274889676127e-06,0.3238270469181232,0.43551505,0.28358567,0.3238270469181224,0.2200488997555018,False,True,False,True,True,passes_recommended_min20,exploratory_cell_level_comparison; one_sample_per_tissue_condition; p_values_do_not_establish_biological_replicate_significance,Tumor,False,False
cluster_tissue__C6__thymus,cluster_tissue,C6,thymus,Tumor_T2_vs_Control_Ctrl,1087,1227,Ndufaf8,5.2646613,0.5887745,1.4044820532554008e-07,1.5942365434292687e-05,0.3725850965961361,0.4448346,0.31663558,0.3725850965961341,0.2738386308068468,False,True,False,True,True,passes_recommended_min20,exploratory_cell_level_comparison; one_sample_per_tissue_condition; p_values_do_not_establish_biological_replicate_significance,Tumor,False,False
cluster_tissue__C6__thymus,cluster_tissue,C6,thymus,Tumor_T2_vs_Control_Ctrl,1087,1227,Hspa1a,5.129008,0.6211388,2.912735256392701e-07,3.107888518571012e-05,0.5574977000919963,1.4915638,1.1753166,0.5574977000919897,0.4710676446617784,False,True,False,True,True,passes_recommended_min20,exploratory_cell_level_comparison; one_sample_per_tissue_condition; p_values_do_not_establish_biological_replicate_significance,Tumor,True,False
cluster_tissue__C6__thymus,cluster_tissue,C6,thymus,Tumor_T2_vs_Control_Ctrl,1087,1227,Zc3h6,4.7105446,1.0587647,2.4705571092531157e-06,0.0001982018372611,0.1021159153633854,0.11425307,0.056477077,0.1021159153633856,0.0505297473512631,True,True,False,True,True,passes_recommended_min20,exploratory_cell_level_comparison; one_sample_per_tissue_condition; p_values_do_not_establish_biological_replicate_significance,Tumor,False,False
cluster_tissue__C6__thymus,cluster_tissue,C6,thymus,Tumor_T2_vs_Control_Ctrl,1087,1227,Izumo1r,4.603416,0.6206633,4.15616902551382e-06,0.0003079605798766,0.2704691812327507,0.3944764,0.273475,0.2704691812327511,0.1890790546047274,False,True,False,True,True,passes_recommended_min20,exploratory_cell_level_comparison; one_sample_per_tissue_condition; p_values_do_not_establish_biological_replicate_significance,Tumor,True,False
cluster_tissue__C6__thymus,cluster_tissue,C6,thymus,Tumor_T2_vs_Control_Ctrl,1087,1227,Dleu2,4.431349,0.68969005,9.364556538469102e-06,0.0006446439888094,0.2042318307267709,0.23956215,0.15514392,0.2042318307267716,0.1361043194784028,False,True,False,True,True,passes_recommended_min20,exploratory_cell_level_comparison; one_sample_per_tissue_condition; p_values_do_not_establish_biological_replicate_significance,Tumor,False,False
cluster_tissue__C6__thymus,cluster_tissue,C6,thymus,Tumor_T2_vs_Control_Ctrl,1087,1227,Eps8l1,4.3712764,1.1099287,1.235223301980004e-05,0.0008204034871927,0.0791168353265869,0.08429817,0.039941818,0.0791168353265869,0.0366748166259168,True,True,False,True,True,passes_recommended_min20,exploratory_cell_level_comparison; one_sample_per_tissue_condition; p_values_do_not_establish_biological_replicate_significance,Tumor,False,False
cluster_tissue__C6__thymus,cluster_tissue,C6,thymus,Tumor_T2_vs_Control_Ctrl,1087,1227,Sik1,4.2935157,0.78343093,1.758657384533103e-05,0.0011372651086647,0.140754369825207,0.16004625,0.096072175,0.1407543698252073,0.0847595762021189,False,True,False,True,True,passes_recommended_min20,exploratory_cell_level_comparison; one_sample_per_tissue_condition; p_values_do_not_establish_biological_replicate_significance,Tumor,True,False
cluster_tissue__C6__thymus,cluster_tissue,C6,thymus,Tumor_T2_vs_Control_Ctrl,1087,1227,Ephx1,4.142894,0.746846,3.429505884809382e-05,0.0020442920553584,0.1591536338546458,0.18661037,0.115339525,0.1591536338546463,0.1010594947025265,False,True,False,True,True,passes_recommended_min20,exploratory_cell_level_comparison; one_sample_per_tissue_condition; p_values_do_not_establish_biological_replicate_significance,Tumor,True,True
cluster_tissue__C6__thymus,cluster_tissue,C6,thymus,Tumor_T2_vs_Control_Ctrl,1087,1227,Sp3os,4.0757394,0.9876238,4.58683439163842e-05,0.0025894985692477,0.0873965041398344,0.09587239,0.04949728,0.0873965041398345,0.0456397718011409,False,True,False,True,True,passes_recommended_min20,exploratory_cell_level_comparison; one_sample_per_tissue_condition; p_values_do_not_establish_biological_replicate_significance,Tumor,False,False
cluster_tissue__C6__thymus,cluster_tissue,C6,thymus,Tumor_T2_vs_Control_Ctrl,1087,1227,Slc14a1,4.058264,0.94153017,4.943894154098446e-05,0.0027763868749594,0.0919963201471941,0.10045278,0.053560697,0.0919963201471942,0.0488997555012224,False,True,False,True,True,passes_recommended_min20,exploratory_cell_level_comparison; one_sample_per_tissue_condition; p_values_do_not_establish_biological_replicate_significance,Tumor,False,False
cluster_tissue__C6__thymus,cluster_tissue,C6,thymus,Tumor_T2_vs_Control_Ctrl,1087,1227,Gm8369,3.9941142,0.68327296,6.493659747138472e-05,0.0035171243402013,0.1766329346826127,0.22329593,0.14479828,0.1766329346826132,0.1173594132029341,False,True,False,True,True,passes_recommended_min20,exploratory_cell_level_comparison; one_sample_per_tissue_condition; p_values_do_not_establish_biological_replicate_significance,Tumor,False,False
cluster_tissue__C6__thymus,cluster_tissue,C6,thymus,Tumor_T2_vs_Control_Ctrl,1087,1227,Gm37529,3.8515737,1.0444808,0.0001173612460686,0.0056154461683992,0.0708371665133394,0.07919149,0.039177183,0.0708371665133394,0.0350448247758761,True,True,False,True,True,passes_recommended_min20,exploratory_cell_level_comparison; one_sample_per_tissue_condition; p_values_do_not_establish_biological_replicate_significance,Tumor,False,False
cluster_tissue__C6__thymus,cluster_tissue,C6,thymus,Tumor_T2_vs_Control_Ctrl,1087,1227,Serpinb6a,3.8018315,0.882422,0.0001436304371534,0.0065774110061263,0.0938362465501379,0.10396836,0.057735164,0.0938362465501381,0.0529747351263242,False,True,False,True,True,passes_recommended_min20,exploratory_cell_level_comparison; one_sample_per_tissue_condition; p_values_do_not_establish_biological_replicate_significance,Tumor,True,False
cluster_tissue__C6__thymus,cluster_tissue,C6,thymus,Tumor_T2_vs_Control_Ctrl,1087,1227,Rnf157,3.7637353,1.7467222,0.0001673941294368,0.0074420640045453,0.030358785648574,0.032054603,0.009659496,0.030358785648574,0.0089649551752241,True,True,False,True,True,passes_recommended_min20,exploratory_cell_level_comparison; one_sample_per_tissue_condition; p_values_do_not_establish_biological_replicate_significance,Tumor,False,False
cluster_tissue__C6__thymus,cluster_tissue,C6,thymus,Tumor_T2_vs_Control_Ctrl,1087,1227,Wwp2,3.7570455,0.6219341,0.0001719311584645,0.0076120558540094,0.1517939282428702,0.16416082,0.10968514,0.1517939282428707,0.0994295028524858,False,True,False,True,True,passes_recommended_min20,exploratory_cell_level_comparison; one_sample_per_tissue_condition; p_values_do_not_establish_biological_replicate_significance,Tumor,True,False
cluster_tissue__C6__thymus,cluster_tissue,C6,thymus,Tumor_T2_vs_Control_Ctrl,1087,1227,Phlda1,3.7492712,0.70222455,0.0001773491809493,0.0077873076573236,0.1315547378104875,0.16628473,0.10543258,0.1315547378104879,0.0831295843520782,False,True,False,True,True,passes_recommended_min20,exploratory_cell_level_comparison; one_sample_per_tissue_condition; p_values_do_not_establish_biological_replicate_significance,Tumor,False,False
cluster_tissue__C6__thymus,cluster_tissue,C6,thymus,Tumor_T2_vs_Control_Ctrl,1087,1227,D830025C05Rik,3.7171288,0.85221934,0.0002014996725442,0.0084645728584542,0.0938362465501379,0.10619879,0.06021431,0.0938362465501381,0.0537897310513446,False,True,False,True,True,passes_recommended_min20,exploratory_cell_level_comparison; one_sample_per_tissue_condition; p_values_do_not_establish_biological_replicate_significance,Tumor,False,False
cluster_tissue__C6__thymus,cluster_tissue,C6,thymus,Tumor_T2_vs_Control_Ctrl,1087,1227,Mss51,3.5728967,3.0682948,0.0003530541174864,0.0131730573059532,0.014719411223551,0.017011309,0.0020433567,0.014719411223551,0.0016299918500407,True,True,False,True,True,passes_recommended_min20,exploratory_cell_level_comparison; one_sample_per_tissue_condition; p_values_do_not_establish_biological_replicate_significance,Tumor,False,False
cluster_tissue__C6__thymus,cluster_tissue,C6,thymus,Tumor_T2_vs_Control_Ctrl,1087,1227,Gm17251,3.5284796,1.0401735,0.0004179543474797,0.0151686152639763,0.0561177552897884,0.059128426,0.02918918,0.0561177552897883,0.0268948655256723,True,True,False,True,True,passes_recommended_min20,exploratory_cell_level_comparison; one_sample_per_tissue_condition; p_values_do_not_establish_biological_replicate_significance,Tumor,False,False
cluster_tissue__C6__thymus,cluster_tissue,C6,thymus,Tumor_T2_vs_Control_Ctrl,1087,1227,Slc7a6os,3.5275123,0.6713448,0.0004194841461884,0.0151725282706141,0.1278748850045998,0.14273645,0.091976695,0.1278748850046001,0.0831295843520782,False,True,False,True,True,passes_recommended_min20,exploratory_cell_level_comparison; one_sample_per_tissue_condition; p_values_do_not_establish_biological_replicate_significance,Tumor,False,False
cluster_tissue__C6__thymus,cluster_tissue,C6,thymus,Tumor_T2_vs_Control_Ctrl,1087,1227,Mtus2,3.5070052,2.0468037,0.0004531803118872,0.0161181130927909,0.0211591536338546,0.023787342,0.0058091176,0.0211591536338546,0.0048899755501222,True,True,False,True,True,passes_recommended_min20,exploratory_cell_level_comparison; one_sample_per_tissue_condition; p_values_do_not_establish_biological_replicate_significance,Tumor,False,False
cluster_tissue__C6__thymus,cluster_tissue,C6,thymus,Tumor_T2_vs_Control_Ctrl,1087,1227,Cluap1,3.46521,0.6224605,0.0005298177025723,0.0181190861745108,0.1361545538178472,0.14625916,0.097402096,0.1361545538178476,0.0896495517522412,False,True,False,True,True,passes_recommended_min20,exploratory_cell_level_comparison; one_sample_per_tissue_condition; p_values_do_not_establish_biological_replicate_significance,Tumor,False,False
cluster_tissue__C6__thymus,cluster_tissue,C6,thymus,Tumor_T2_vs_Control_Ctrl,1087,1227,Scly,3.4221928,0.7920694,0.0006211822653253,0.020331333653441,0.0984360625574977,0.1083626,0.06400488,0.0984360625574978,0.061124694376528,False,True,False,True,True,passes_recommended_min20,exploratory_cell_level_comparison; one_sample_per_tissue_condition; p_values_do_not_establish_biological_replicate_significance,Tumor,True,False
cluster_tissue__C6__thymus,cluster_tissue,C6,thymus,Tumor_T2_vs_Control_Ctrl,1087,1227,Gnpda1,3.320254,0.59498876,0.0008993554756404,0.0272999622233064,0.1361545538178472,0.14432073,0.097839914,0.1361545538178476,0.0920945395273023,False,True,False,True,True,passes_recommended_min20,exploratory_cell_level_comparison; one_sample_per_tissue_condition; p_values_do_not_establish_biological_replicate_significance,Tumor,True,False
cluster_tissue__C6__thymus,cluster_tissue,C6,thymus,Tumor_T2_vs_Control_Ctrl,1087,1227,Mttp,3.3109794,1.3162392,0.0009297006013413,0.0280223316844971,0.0285188592456301,0.03006342,0.012181691,0.0285188592456301,0.0097799511002445,True,True,False,True,True,passes_recommended_min20,exploratory_cell_level_comparison; one_sample_per_tissue_condition; p_values_do_not_establish_biological_replicate_significance,Tumor,True,False
cluster_tissue__C6__thymus,cluster_tissue,C6,thymus,Tumor_T2_vs_Control_Ctrl,1087,1227,Cbarp,3.2827284,1.2299216,0.0010280767132508,0.0300536398092776,0.0441582336706531,0.04797417,0.02073542,0.0441582336706531,0.0203748981255093,True,True,False,True,True,passes_recommended_min20,exploratory_cell_level_comparison; one_sample_per_tissue_condition; p_values_do_not_establish_biological_replicate_significance,Tumor,False,False
cluster_tissue__C6__thymus,cluster_tissue,C6,thymus,Tumor_T2_vs_Control_Ctrl,1087,1227,H1f0,3.2725108,0.7714444,0.0010659683503511,0.0309915048998544,0.0956761729530818,0.1093697,0.065513544,0.095676172953082,0.0603096984515076,False,True,False,True,True,passes_recommended_min20,exploratory_cell_level_comparison; one_sample_per_tissue_condition; p_values_do_not_establish_biological_replicate_significance,Tumor,False,False
cluster_tissue__C6__thymus,cluster_tissue,C6,thymus,Tumor_T2_vs_Control_Ctrl,1087,1227,Gm16536,3.1280186,2.176069,0.001759889669029,0.045577725166359,0.015639374425023,0.016136825,0.0035932239,0.0156393744250229,0.0032599837000814,True,True,False,True,True,passes_recommended_min20,exploratory_cell_level_comparison; one_sample_per_tissue_condition; p_values_do_not_establish_biological_replicate_significance,Tumor,False,False
cluster_tissue__C6__thymus,cluster_tissue,C6,thymus,Tumor_T2_vs_Control_Ctrl,1087,1227,Slc17a5,3.0752711,0.8662774,0.0021031132609193,0.0514683910413054,0.0643974241030358,0.07046937,0.03927007,0.0643974241030358,0.0366748166259168,False,False,False,True,True,passes_recommended_min20,exploratory_cell_level_comparison; one_sample_per_tissue_condition; p_values_do_not_establish_biological_replicate_significance,Tumor,True,False
cluster_tissue__C6__thymus,cluster_tissue,C6,thymus,Tumor_T2_vs_Control_Ctrl,1087,1227,Tbc1d7,3.0429869,1.541822,0.0023424259599006,0.0553275299218406,0.0211591536338546,0.021461379,0.0074229864,0.0211591536338546,0.006519967400163,True,False,False,True,True,passes_recommended_min20,exploratory_cell_level_comparison; one_sample_per_tissue_condition; p_values_do_not_establish_biological_replicate_significance,Tumor,True,False
cluster_tissue__C6__thymus,cluster_tissue,C6,thymus,Tumor_T2_vs_Control_Ctrl,1087,1227,Axl,2.9846385,1.3712518,0.0028391367917757,0.0630894203960237,0.0285188592456301,0.031485103,0.012288556,0.0285188592456301,0.0114099429502852,True,False,False,True,True,passes_recommended_min20,exploratory_cell_level_comparison; one_sample_per_tissue_condition; p_values_do_not_establish_biological_replicate_significance,Tumor,False,False
cluster_tissue__C6__thymus,cluster_tissue,C6,thymus,Tumor_T2_vs_Control_Ctrl,1087,1227,Zfp580,2.9833276,1.7087566,0.0028513268554949,0.0630894203960237,0.0193192272309107,0.020147016,0.006206653,0.0193192272309107,0.0057049714751426,True,False,False,True,True,passes_recommended_min20,exploratory_cell_level_comparison; one_sample_per_tissue_condition; p_values_do_not_establish_biological_replicate_significance,Tumor,False,False
cluster_tissue__C6__thymus,cluster_tissue,C6,thymus,Tumor_T2_vs_Control_Ctrl,1087,1227,Gm14718,2.9712064,0.74294496,0.0029663243034005,0.0651248566199254,0.0864765409383624,0.10623356,0.06482361,0.0864765409383625,0.0554197229013854,False,False,False,True,True,passes_recommended_min20,exploratory_cell_level_comparison; one_sample_per_tissue_condition; p_values_do_not_establish_biological_replicate_significance,Tumor,False,False
cluster_tissue__C6__thymus,cluster_tissue,C6,thymus,Tumor_T2_vs_Control_Ctrl,1087,1227,L2hgdh,2.9640484,1.2816663,0.0030362047794898,0.0660011731465599,0.0285188592456301,0.030221563,0.012541509,0.0285188592456301,0.0114099429502852,True,False,False,True,True,passes_recommended_min20,exploratory_cell_level_comparison; one_sample_per_tissue_condition; p_values_do_not_establish_biological_replicate_significance,Tumor,True,False
cluster_tissue__C6__thymus,cluster_tissue,C6,thymus,Tumor_T2_vs_Control_Ctrl,1087,1227,Haghl,2.9381385,0.6439627,0.0033018949403298,0.0701907930218232,0.077276908923643,0.0826487,0.053671986,0.0772769089236431,0.0472697636511816,False,False,False,True,True,passes_recommended_min20,exploratory_cell_level_comparison; one_sample_per_tissue_condition; p_values_do_not_establish_biological_replicate_significance,Tumor,False,False
cluster_tissue__C6__thymus,cluster_tissue,C6,thymus,Tumor_T2_vs_Control_Ctrl,1087,1227,Lclat1,2.905506,1.0521432,0.0036665991769706,0.0750913881348873,0.0331186752529898,0.03437793,0.016726393,0.0331186752529899,0.0146699266503667,True,False,False,True,True,passes_recommended_min20,exploratory_cell_level_comparison; one_sample_per_tissue_condition; p_values_do_not_establish_biological_replicate_significance,Tumor,True,False
cluster_tissue__C6__thymus,cluster_tissue,C6,thymus,Tumor_T2_vs_Control_Ctrl,1087,1227,1700052K11Rik,2.8909788,0.9925182,0.0038404409684999,0.078350870236891,0.0432382704691812,0.045741525,0.023251163,0.0432382704691812,0.0220048899755501,False,False,False,True,True,passes_recommended_min20,exploratory_cell_level_comparison; one_sample_per_tissue_condition; p_values_do_not_establish_biological_replicate_significance,Tumor,False,False
cluster_tissue__C6__thymus,cluster_tissue,C6,thymus,Tumor_T2_vs_Control_Ctrl,1087,1227,9430038I01Rik,2.8681877,0.7118732,0.0041283055490299,0.0826435651184791,0.0689972401103955,0.07260247,0.044948984,0.0689972401103955,0.041564792176039,False,False,False,True,True,passes_recommended_min20,exploratory_cell_level_comparison; one_sample_per_tissue_condition; p_values_do_not_establish_biological_replicate_significance,Tumor,False,False
cluster_tissue__C6__thymus,cluster_tissue,C6,thymus,Tumor_T2_vs_Control_Ctrl,1087,1227,Cep120,2.8564105,0.604312,0.0042846067792459,0.0841929177431932,0.0984360625574977,0.10864433,0.07277751,0.0984360625574978,0.0660146699266502,False,False,False,True,True,passes_recommended_min20,exploratory_cell_level_comparison; one_sample_per_tissue_condition; p_values_do_not_establish_biological_replicate_significance,Tumor,False,False
cluster_tissue__C6__thymus,cluster_tissue,C6,thymus,Tumor_T2_vs_Control_Ctrl,1087,1227,Slc24a5,2.833246,0.96851665,0.0046077919067408,0.0877948922230792,0.045998160073597,0.050008006,0.025867945,0.045998160073597,0.0244498777506112,False,False,False,True,True,passes_recommended_min20,exploratory_cell_level_comparison; one_sample_per_tissue_condition; p_values_do_not_establish_biological_replicate_significance,Tumor,False,False
cluster_tissue__C6__thymus,cluster_tissue,C6,thymus,Tumor_T2_vs_Control_Ctrl,1087,1227,Appl2,2.821108,0.75058484,0.0047858079541803,0.0895869664405345,0.0717571297148114,0.0776675,0.046886113,0.0717571297148114,0.0448247758761205,False,False,False,True,True,passes_recommended_min20,exploratory_cell_level_comparison; one_sample_per_tissue_condition; p_values_do_not_establish_biological_replicate_significance,Tumor,False,False
cluster_tissue__C6__thymus,cluster_tissue,C6,thymus,Tumor_T2_vs_Control_Ctrl,1087,1227,Tmem241,2.7955198,0.8772766,0.0051816317476861,0.0951600873456308,0.0469181232750689,0.049668524,0.027344711,0.0469181232750689,0.0252648736756316,False,False,False,True,True,passes_recommended_min20,exploratory_cell_level_comparison; one_sample_per_tissue_condition; p_values_do_not_establish_biological_replicate_significance,Tumor,False,False
cluster_tissue__C6__thymus,cluster_tissue,C6,thymus,Tumor_T2_vs_Control_Ctrl,1087,1227,Abcd3,2.770693,0.91123587,0.0055937111560508,0.0996408982221414,0.0423183072677092,0.044090558,0.023686016,0.0423183072677092,0.0220048899755501,False,False,False,True,True,passes_recommended_min20,exploratory_cell_level_comparison; one_sample_per_tissue_condition; p_values_do_not_establish_biological_replicate_significance,Tumor,True,True
cluster_tissue__C6__thymus,cluster_tissue,C6,thymus,Tumor_T2_vs_Control_Ctrl,1087,1227,A330009N23Rik,2.7628646,1.6007879,0.005729652982728,0.1013438839754091,0.0193192272309107,0.020117514,0.0066775023,0.0193192272309107,0.006519967400163,True,False,False,True,True,passes_recommended_min20,exploratory_cell_level_comparison; one_sample_per_tissue_condition; p_values_do_not_establish_biological_replicate_significance,Tumor,False,False
cluster_tissue__C6__thymus,cluster_tissue,C6,thymus,Tumor_T2_vs_Control_Ctrl,1087,1227,Gm50218,2.75184,2.085629,0.0059261466749697,0.1036589918392243,0.0119595216191352,0.01268861,0.0030038813,0.0119595216191352,0.0024449877750611,True,False,False,True,True,passes_recommended_min20,exploratory_cell_level_comparison; one_sample_per_tissue_condition; p_values_do_not_establish_biological_replicate_significance,Tumor,False,False
cluster_tissue__C6__thymus,cluster_tissue,C6,thymus,Tumor_T2_vs_Control_Ctrl,1087,1227,Rars2,2.741547,0.846132,0.0061150583403563,0.1054716916299097,0.0505979760809567,0.05339008,0.030050576,0.0505979760809567,0.0285248573757131,False,False,False,True,True,passes_recommended_min20,exploratory_cell_level_comparison; one_sample_per_tissue_condition; p_values_do_not_establish_biological_replicate_significance,Tumor,True,False
cluster_tissue__C6__thymus,cluster_tissue,C6,thymus,Tumor_T2_vs_Control_Ctrl,1087,1227,Pctp,2.7404146,0.7793379,0.0061361730522441,0.1056015588184592,0.0579576816927322,0.06055548,0.035725996,0.0579576816927322,0.0342298288508557,False,False,False,True,True,passes_recommended_min20,exploratory_cell_level_comparison; one_sample_per_tissue_condition; p_values_do_not_establish_biological_replicate_significance,Tumor,False,False
cluster_tissue__C6__thymus,cluster_tissue,C6,thymus,Tumor_T2_vs_Control_Ctrl,1087,1227,Tlr6,2.7306259,3.2047977,0.0063214206487453,0.1079324868516045,0.0082796688132474,0.008848299,0.0009634578,0.0082796688132474,0.0008149959250203,True,False,False,True,True,passes_recommended_min20,exploratory_cell_level_comparison; one_sample_per_tissue_condition; p_values_do_not_establish_biological_replicate_significance,Tumor,True,False
cluster_tissue__C6__thymus,cluster_tissue,C6,thymus,Tumor_T2_vs_Control_Ctrl,1087,1227,Itgb3bp,2.7288396,0.69212985,0.0063557611928801,0.1083322235272062,0.0689972401103955,0.07464278,0.046852387,0.0689972401103955,0.0431947840260798,False,False,False,True,True,passes_recommended_min20,exploratory_cell_level_comparison; one_sample_per_tissue_condition; p_values_do_not_establish_biological_replicate_significance,Tumor,False,False
cluster_tissue__C6__thymus,cluster_tissue,C6,thymus,Tumor_T2_vs_Control_Ctrl,1087,1227,Gm42829,2.7006729,1.0750408,0.0069199362794965,0.1150089098165556,0.0266789328426862,0.028018823,0.01339727,0.0266789328426863,0.0114099429502852,True,False,False,True,True,passes_recommended_min20,exploratory_cell_level_comparison; one_sample_per_tissue_condition; p_values_do_not_establish_biological_replicate_significance,Tumor,False,False
cluster_tissue__C6__thymus,cluster_tissue,C6,thymus,Tumor_T2_vs_Control_Ctrl,1087,1227,Dus4l,2.6803148,1.0767553,0.0073552957502534,0.1194535854721533,0.031278748850046,0.03133586,0.01497861,0.031278748850046,0.0146699266503667,True,False,False,True,True,passes_recommended_min20,exploratory_cell_level_comparison; one_sample_per_tissue_condition; p_values_do_not_establish_biological_replicate_significance,Tumor,False,False
cluster_tissue__C6__thymus,cluster_tissue,C6,thymus,Tumor_T2_vs_Control_Ctrl,1087,1227,Tmem265,2.6786778,0.8352823,0.0073913463118141,0.1198566339620924,0.0478380864765409,0.050651755,0.02870429,0.0478380864765409,0.0268948655256723,False,False,False,True,True,passes_recommended_min20,exploratory_cell_level_comparison; one_sample_per_tissue_condition; p_values_do_not_establish_biological_replicate_significance,Tumor,False,False
cluster_tissue__C6__thymus,cluster_tissue,C6,thymus,Tumor_T2_vs_Control_Ctrl,1087,1227,Hacl1,2.6774852,1.1105245,0.0074177130264113,0.1200400560924856,0.0321987120515179,0.03532474,0.01651505,0.0321987120515179,0.0154849225753871,True,False,False,True,True,passes_recommended_min20,exploratory_cell_level_comparison; one_sample_per_tissue_condition; p_values_do_not_establish_biological_replicate_significance,Tumor,True,True
cluster_tissue__C6__thymus,cluster_tissue,C6,thymus,Tumor_T2_vs_Control_Ctrl,1087,1227,Gm26759,2.601728,1.1195718,0.0092755382906009,0.1415355953092488,0.0294388224471021,0.033456247,0.015536729,0.0294388224471021,0.0138549307253463,True,False,False,True,True,passes_recommended_min20,exploratory_cell_level_comparison; one_sample_per_tissue_condition; p_values_do_not_establish_biological_replicate_significance,Tumor,False,False
cluster_tissue__C6__thymus,cluster_tissue,C6,thymus,Tumor_T2_vs_Control_Ctrl,1087,1227,Rgp1,2.583379,0.6958861,0.0097837760952563,0.1468092338666341,0.0505979760809567,0.05389452,0.03361231,0.0505979760809567,0.0293398533007335,False,False,False,True,True,passes_recommended_min20,exploratory_cell_level_comparison; one_sample_per_tissue_condition; p_values_do_not_establish_biological_replicate_significance,Tumor,False,False
cluster_tissue__C6__thymus,cluster_tissue,C6,thymus,Tumor_T2_vs_Control_Ctrl,1087,1227,Ctc1,2.5709798,0.95262456,0.0101411253763302,0.1505141878034216,0.0294388224471021,0.030697256,0.015978625,0.0294388224471021,0.0138549307253463,False,False,False,True,True,passes_recommended_min20,exploratory_cell_level_comparison; one_sample_per_tissue_condition; p_values_do_not_establish_biological_replicate_significance,Tumor,False,False
cluster_tissue__C6__thymus,cluster_tissue,C6,thymus,Tumor_T2_vs_Control_Ctrl,1087,1227,Tmem260,2.5496526,0.60419923,0.0107830328561655,0.1565373613269197,0.0919963201471941,0.10569131,0.0707704,0.0919963201471942,0.0643846780766095,False,False,False,True,True,passes_recommended_min20,exploratory_cell_level_comparison; one_sample_per_tissue_condition; p_values_do_not_establish_biological_replicate_significance,Tumor,False,False
cluster_tissue__C6__thymus,cluster_tissue,C6,thymus,Tumor_T2_vs_Control_Ctrl,1087,1227,Krt83,2.5473373,0.61775637,0.0108548489796127,0.1567269805310797,0.0791168353265869,0.09681767,0.064147644,0.0791168353265869,0.0529747351263242,False,False,False,True,True,passes_recommended_min20,exploratory_cell_level_comparison; one_sample_per_tissue_condition; p_values_do_not_establish_biological_replicate_significance,Tumor,False,False
cluster_tissue__C6__thymus,cluster_tissue,C6,thymus,Tumor_T2_vs_Control_Ctrl,1087,1227,Gm4356,2.5336344,1.0626357,0.011288646920804,0.1608142358410939,0.031278748850046,0.03316607,0.016015783,0.031278748850046,0.0154849225753871,True,False,False,True,True,passes_recommended_min20,exploratory_cell_level_comparison; one_sample_per_tissue_condition; p_values_do_not_establish_biological_replicate_significance,Tumor,False,False
cluster_tissue__C6__thymus,cluster_tissue,C6,thymus,Tumor_T2_vs_Control_Ctrl,1087,1227,Hmox1,2.5276132,2.3918347,0.0114840803377929,0.1632228554284161,0.0091996320147194,0.009023913,0.0017257065,0.0091996320147194,0.0016299918500407,True,False,False,True,True,passes_recommended_min20,exploratory_cell_level_comparison; one_sample_per_tissue_condition; p_values_do_not_establish_biological_replicate_significance,Tumor,True,False
cluster_tissue__C6__thymus,cluster_tissue,C6,thymus,Tumor_T2_vs_Control_Ctrl,1087,1227,Slc35d2,2.5264013,0.7993384,0.0115237753006072,0.16329174297142,0.0505979760809567,0.053333353,0.030992702,0.0505979760809567,0.0301548492257538,False,False,False,True,True,passes_recommended_min20,exploratory_cell_level_comparison; one_sample_per_tissue_condition; p_values_do_not_establish_biological_replicate_significance,Tumor,False,False
cluster_tissue__C6__thymus,cluster_tissue,C6,thymus,Tumor_T2_vs_Control_Ctrl,1087,1227,Eif3j2,2.522946,1.8793226,0.0116376333205098,0.1639514219688084,0.0137994480220791,0.014778131,0.0040385243,0.0137994480220791,0.0040749796251018,True,False,False,True,True,passes_recommended_min20,exploratory_cell_level_comparison; one_sample_per_tissue_condition; p_values_do_not_establish_biological_replicate_significance,Tumor,True,False
cluster_tissue__C6__thymus,cluster_tissue,C6,thymus,Tumor_T2_vs_Control_Ctrl,1087,1227,Tmem198b,2.522658,3.1874363,0.0116471581867251,0.1639514219688084,0.0073597056117755,0.008787061,0.0009683414,0.0073597056117755,0.0008149959250203,True,False,False,True,True,passes_recommended_min20,exploratory_cell_level_comparison; one_sample_per_tissue_condition; p_values_do_not_establish_biological_replicate_significance,Tumor,False,False
cluster_tissue__C6__thymus,cluster_tissue,C6,thymus,Tumor_T2_vs_Control_Ctrl,1087,1227,Rilpl1,2.522658,3.1119604,0.0116471581867251,0.1639514219688084,0.0073597056117755,0.00848807,0.000985475,0.0073597056117755,0.0008149959250203,True,False,False,True,True,passes_recommended_min20,exploratory_cell_level_comparison; one_sample_per_tissue_condition; p_values_do_not_establish_biological_replicate_significance,Tumor,False,False
cluster_tissue__C6__thymus,cluster_tissue,C6,thymus,Tumor_T2_vs_Control_Ctrl,1087,1227,St6galnac6,2.52208,2.949436,0.0116663226799525,0.1640048260804929,0.0073597056117755,0.007866429,0.0010218708,0.0073597056117755,0.0008149959250203,True,False,False,True,True,passes_recommended_min20,exploratory_cell_level_comparison; one_sample_per_tissue_condition; p_values_do_not_establish_biological_replicate_significance,Tumor,True,False
cluster_tissue__C6__thymus,cluster_tissue,C6,thymus,Tumor_T2_vs_Control_Ctrl,1087,1227,Gm47015,2.5029204,0.9471478,0.0123173224256372,0.167839094672223,0.0386384544618215,0.042228624,0.022124631,0.0386384544618215,0.0211898940505297,False,False,False,True,True,passes_recommended_min20,exploratory_cell_level_comparison; one_sample_per_tissue_condition; p_values_do_not_establish_biological_replicate_significance,Tumor,False,False
cluster_tissue__C6__thymus,cluster_tissue,C6,thymus,Tumor_T2_vs_Control_Ctrl,1087,1227,Slc41a3,2.4946816,0.830225,0.0126070209013916,0.1704903840530409,0.0441582336706531,0.046561595,0.026454408,0.0441582336706531,0.0252648736756316,False,False,False,True,True,passes_recommended_min20,exploratory_cell_level_comparison; one_sample_per_tissue_condition; p_values_do_not_establish_biological_replicate_significance,Tumor,False,False
cluster_tissue__C6__thymus,cluster_tissue,C6,thymus,Tumor_T2_vs_Control_Ctrl,1087,1227,Gm11423,2.488578,1.2762522,0.012825509306545,0.1723528769531934,0.0239190432382704,0.025526427,0.0106181,0.0239190432382704,0.0105949470252648,True,False,False,True,True,passes_recommended_min20,exploratory_cell_level_comparison; one_sample_per_tissue_condition; p_values_do_not_establish_biological_replicate_significance,Tumor,False,False
cluster_tissue__C6__thymus,cluster_tissue,C6,thymus,Tumor_T2_vs_Control_Ctrl,1087,1227,Gm11767,2.4776273,1.2476689,0.0132259264968941,0.1748706762352667,0.0202391904323827,0.020966575,0.008883254,0.0202391904323827,0.0081499592502037,True,False,False,True,True,passes_recommended_min20,exploratory_cell_level_comparison; one_sample_per_tissue_condition; p_values_do_not_establish_biological_replicate_significance,Tumor,False,False
cluster_tissue__C6__thymus,cluster_tissue,C6,thymus,Tumor_T2_vs_Control_Ctrl,1087,1227,B230216N24Rik,2.474598,1.0813576,0.0133386209197105,0.175271723577694,0.0239190432382704,0.02467209,0.011735526,0.0239190432382704,0.0105949470252648,True,False,False,True,True,passes_recommended_min20,exploratory_cell_level_comparison; one_sample_per_tissue_condition; p_values_do_not_establish_biological_replicate_significance,Tumor,False,False
cluster_tissue__C6__thymus,cluster_tissue,C6,thymus,Tumor_T2_vs_Control_Ctrl,1087,1227,Recql5,2.4731092,0.9372073,0.0133943162763753,0.175271723577694,0.0331186752529898,0.033984657,0.017892247,0.0331186752529899,0.0171149144254278,False,False,False,True,True,passes_recommended_min20,exploratory_cell_level_comparison; one_sample_per_tissue_condition; p_values_do_not_establish_biological_replicate_significance,Tumor,False,False
cluster_tissue__C6__thymus,cluster_tissue,C6,thymus,Tumor_T2_vs_Control_Ctrl,1087,1227,9330175E14Rik,2.4727218,0.7793709,0.0134088492085146,0.175271723577694,0.045998160073597,0.049960338,0.029410556,0.045998160073597,0.0268948655256723,False,False,False,True,True,passes_recommended_min20,exploratory_cell_level_comparison; one_sample_per_tissue_condition; p_values_do_not_establish_biological_replicate_significance,Tumor,False,False
cluster_tissue__C6__thymus,cluster_tissue,C6,thymus,Tumor_T2_vs_Control_Ctrl,1087,1227,Ramp3,2.4723878,1.1992631,0.0134213845824355,0.175271723577694,0.0202391904323827,0.022840254,0.010011064,0.0202391904323827,0.0081499592502037,True,False,False,True,True,passes_recommended_min20,exploratory_cell_level_comparison; one_sample_per_tissue_condition; p_values_do_not_establish_biological_replicate_significance,Tumor,True,False
cluster_tissue__C6__thymus,cluster_tissue,C6,thymus,Tumor_T2_vs_Control_Ctrl,1087,1227,Gm47689,2.4682717,1.0219831,0.0135767256151388,0.1768787085635309,0.0285188592456301,0.029754642,0.014763,0.0285188592456301,0.0138549307253463,True,False,False,True,True,passes_recommended_min20,exploratory_cell_level_comparison; one_sample_per_tissue_condition; p_values_do_not_establish_biological_replicate_significance,Tumor,False,False
cluster_tissue__C6__thymus,cluster_tissue,C6,thymus,Tumor_T2_vs_Control_Ctrl,1087,1227,Sardh,2.460933,1.6033444,0.013857623633546,0.1785758987559614,0.0174793008279668,0.019789828,0.0065564257,0.0174793008279668,0.006519967400163,True,False,False,True,True,passes_recommended_min20,exploratory_cell_level_comparison; one_sample_per_tissue_condition; p_values_do_not_establish_biological_replicate_significance,Tumor,True,True
cluster_tissue__C6__thymus,cluster_tissue,C6,thymus,Tumor_T2_vs_Control_Ctrl,1087,1227,A530017D24Rik,2.4460459,0.91450983,0.0144432647899222,0.1839897574086977,0.0340386384544618,0.03640988,0.019481277,0.0340386384544618,0.0179299103504482,False,False,False,True,True,passes_recommended_min20,exploratory_cell_level_comparison; one_sample_per_tissue_condition; p_values_do_not_establish_biological_replicate_significance,Tumor,False,False
cluster_tissue__C6__thymus,cluster_tissue,C6,thymus,Tumor_T2_vs_Control_Ctrl,1087,1227,Tmem86b,2.4245875,1.1538744,0.0153257943857258,0.1894732037799535,0.0211591536338546,0.020834008,0.00941689,0.0211591536338546,0.0089649551752241,True,False,False,True,True,passes_recommended_min20,exploratory_cell_level_comparison; one_sample_per_tissue_condition; p_values_do_not_establish_biological_replicate_significance,Tumor,True,False
cluster_tissue__C6__thymus,cluster_tissue,C6,thymus,Tumor_T2_vs_Control_Ctrl,1087,1227,Smyd4,2.3902485,0.6295645,0.0168369693680089,0.2001347666868211,0.0634774609015639,0.06795998,0.044451658,0.0634774609015639,0.041564792176039,False,False,False,True,True,passes_recommended_min20,exploratory_cell_level_comparison; one_sample_per_tissue_condition; p_values_do_not_establish_biological_replicate_significance,Tumor,False,False
cluster_tissue__C6__thymus,cluster_tissue,C6,thymus,Tumor_T2_vs_Control_Ctrl,1087,1227,Gm43445,2.388206,1.3743137,0.0169308492483134,0.2002275238710113,0.0183992640294388,0.020445812,0.0079362895,0.0183992640294388,0.0073349633251833,True,False,False,True,True,passes_recommended_min20,exploratory_cell_level_comparison; one_sample_per_tissue_condition; p_values_do_not_establish_biological_replicate_significance,Tumor,False,False
cluster_tissue__C6__thymus,cluster_tissue,C6,thymus,Tumor_T2_vs_Control_Ctrl,1087,1227,Shcbp1,2.3777602,22.409836,0.0174181535734107,0.2017933752750189,0.0045998160073597,0.005556806,0.0,0.0045998160073597,0.0,True,False,False,True,True,passes_recommended_min20,exploratory_cell_level_comparison; one_sample_per_tissue_condition; p_values_do_not_establish_biological_replicate_significance,Tumor,False,False
cluster_tissue__C6__thymus,cluster_tissue,C6,thymus,Tumor_T2_vs_Control_Ctrl,1087,1227,Slc37a2,2.3759115,1.2024146,0.0175056613383179,0.2024684303774417,0.0183992640294388,0.019243803,0.00840788,0.0183992640294388,0.0073349633251833,True,False,False,True,True,passes_recommended_min20,exploratory_cell_level_comparison; one_sample_per_tissue_condition; p_values_do_not_establish_biological_replicate_significance,Tumor,False,False
cluster_tissue__C6__thymus,cluster_tissue,C6,thymus,Tumor_T2_vs_Control_Ctrl,1087,1227,Mcoln1,2.3735328,0.87964,0.0176188346712053,0.2026130895931425,0.0377184912603495,0.0403541,0.022134341,0.0377184912603495,0.0211898940505297,False,False,False,True,True,passes_recommended_min20,exploratory_cell_level_comparison; one_sample_per_tissue_condition; p_values_do_not_establish_biological_replicate_significance,Tumor,True,False
cluster_tissue__C6__thymus,cluster_tissue,C6,thymus,Tumor_T2_vs_Control_Ctrl,1087,1227,Nat8f4,2.3733864,1.9202753,0.0176258188139113,0.2026130895931425,0.0101195952161913,0.010524019,0.0027912715,0.0101195952161913,0.0024449877750611,True,False,False,True,True,passes_recommended_min20,exploratory_cell_level_comparison; one_sample_per_tissue_condition; p_values_do_not_establish_biological_replicate_significance,Tumor,False,False
cluster_tissue__C6__thymus,cluster_tissue,C6,thymus,Tumor_T2_vs_Control_Ctrl,1087,1227,Tmem69,2.3658957,1.0270579,0.0179865066631922,0.2035067642444656,0.0266789328426862,0.027362317,0.013520526,0.0266789328426863,0.013039934800326,True,False,False,True,True,passes_recommended_min20,exploratory_cell_level_comparison; one_sample_per_tissue_condition; p_values_do_not_establish_biological_replicate_significance,Tumor,False,False
cluster_tissue__C6__thymus,cluster_tissue,C6,thymus,Tumor_T2_vs_Control_Ctrl,1087,1227,Bcl6,2.3565931,1.2506152,0.0184434394160917,0.2059492413985003,0.0229990800367985,0.025407756,0.010756839,0.0229990800367985,0.0105949470252648,True,False,False,True,True,passes_recommended_min20,exploratory_cell_level_comparison; one_sample_per_tissue_condition; p_values_do_not_establish_biological_replicate_significance,Tumor,True,False
cluster_tissue__C6__thymus,cluster_tissue,C6,thymus,Tumor_T2_vs_Control_Ctrl,1087,1227,Wdr59,2.3562794,1.4290141,0.01845902388776,0.2059492413985003,0.015639374425023,0.016656982,0.006218578,0.0156393744250229,0.0057049714751426,True,False,False,True,True,passes_recommended_min20,exploratory_cell_level_comparison; one_sample_per_tissue_condition; p_values_do_not_establish_biological_replicate_significance,Tumor,True,False
cluster_tissue__C6__thymus,cluster_tissue,C6,thymus,Tumor_T2_vs_Control_Ctrl,1087,1227,Snx33,2.349151,0.7617878,0.0188162850839896,0.2082673878072296,0.0367985280588776,0.039162587,0.023281815,0.0367985280588776,0.0203748981255093,False,False,False,True,True,passes_recommended_min20,exploratory_cell_level_comparison; one_sample_per_tissue_condition; p_values_do_not_establish_biological_replicate_significance,Tumor,False,False
cluster_tissue__C6__thymus,cluster_tissue,C6,thymus,Tumor_T2_vs_Control_Ctrl,1087,1227,Itpkc,2.3438494,1.0668546,0.0190858716506768,0.2102312436847734,0.0229990800367985,0.02479772,0.011914141,0.0229990800367985,0.0105949470252648,True,False,False,True,True,passes_recommended_min20,exploratory_cell_level_comparison; one_sample_per_tissue_condition; p_values_do_not_establish_biological_replicate_significance,Tumor,True,False
cluster_tissue__C6__thymus,cluster_tissue,C6,thymus,Tumor_T2_vs_Control_Ctrl,1087,1227,Vps18,2.3438394,0.6732895,0.0190863924783953,0.2102312436847734,0.0561177552897884,0.060497854,0.03836241,0.0561177552897883,0.0358598207008964,False,False,False,True,True,passes_recommended_min20,exploratory_cell_level_comparison; one_sample_per_tissue_condition; p_values_do_not_establish_biological_replicate_significance,Tumor,False,False
cluster_tissue__C6__thymus,cluster_tissue,C6,thymus,Tumor_T2_vs_Control_Ctrl,1087,1227,Rwdd3,2.3414388,1.6586227,0.0192095783319947,0.2108705769571849,0.0128794848206071,0.01323918,0.004212392,0.0128794848206071,0.0040749796251018,True,False,False,True,True,passes_recommended_min20,exploratory_cell_level_comparison; one_sample_per_tissue_condition; p_values_do_not_establish_biological_replicate_significance,Tumor,False,False
cluster_tissue__C6__thymus,cluster_tissue,C6,thymus,Tumor_T2_vs_Control_Ctrl,1087,1227,Usp18,2.3402178,0.64842355,0.0192724960945336,0.2113438163706827,0.0717571297148114,0.091377966,0.059252955,0.0717571297148114,0.0488997555012224,False,False,False,True,True,passes_recommended_min20,exploratory_cell_level_comparison; one_sample_per_tissue_condition; p_values_do_not_establish_biological_replicate_significance,Tumor,False,False
cluster_tissue__C6__thymus,cluster_tissue,C6,thymus,Tumor_T2_vs_Control_Ctrl,1087,1227,Gm43920,2.3359306,1.2481432,0.0194948558779901,0.2130742713318806,0.0193192272309107,0.02009115,0.008507415,0.0193192272309107,0.0081499592502037,True,False,False,True,True,passes_recommended_min20,exploratory_cell_level_comparison; one_sample_per_tissue_condition; p_values_do_not_establish_biological_replicate_significance,Tumor,False,False
cluster_tissue__C6__thymus,cluster_tissue,C6,thymus,Tumor_T2_vs_Control_Ctrl,1087,1227,Glce,2.3356369,1.0848703,0.0195101746102387,0.2130742713318806,0.0229990800367985,0.023934962,0.0113551775,0.0229990800367985,0.0105949470252648,True,False,False,True,True,passes_recommended_min20,exploratory_cell_level_comparison; one_sample_per_tissue_condition; p_values_do_not_establish_biological_replicate_significance,Tumor,True,False
cluster_tissue__C6__thymus,cluster_tissue,C6,thymus,Tumor_T2_vs_Control_Ctrl,1087,1227,Naa80,2.330433,0.9542814,0.0197832792550848,0.215204585647603,0.0275988960441582,0.028522512,0.01482198,0.0275988960441582,0.0138549307253463,False,False,False,True,True,passes_recommended_min20,exploratory_cell_level_comparison; one_sample_per_tissue_condition; p_values_do_not_establish_biological_replicate_significance,Tumor,False,False
cluster_tissue__C6__thymus,cluster_tissue,C6,thymus,Tumor_T2_vs_Control_Ctrl,1087,1227,Gm49864,2.3204942,2.3402998,0.0203141614396588,0.2192224453851279,0.0082796688132474,0.009116649,0.001806855,0.0082796688132474,0.0016299918500407,True,False,False,True,True,passes_recommended_min20,exploratory_cell_level_comparison; one_sample_per_tissue_condition; p_values_do_not_establish_biological_replicate_significance,Tumor,False,False
cluster_tissue__C6__thymus,cluster_tissue,C6,thymus,Tumor_T2_vs_Control_Ctrl,1087,1227,Eng,2.3189242,2.2786365,0.0203991414893653,0.2192774846833162,0.0082796688132474,0.008352544,0.0017271123,0.0082796688132474,0.0016299918500407,True,False,False,True,True,passes_recommended_min20,exploratory_cell_level_comparison; one_sample_per_tissue_condition; p_values_do_not_establish_biological_replicate_significance,Tumor,False,False
cluster_tissue__C6__thymus,cluster_tissue,C6,thymus,Tumor_T2_vs_Control_Ctrl,1087,1227,Retsat,2.318401,2.2340968,0.0204275369986144,0.2192774846833162,0.0082796688132474,0.007846642,0.0016729969,0.0082796688132474,0.0016299918500407,True,False,False,True,True,passes_recommended_min20,exploratory_cell_level_comparison; one_sample_per_tissue_condition; p_values_do_not_establish_biological_replicate_significance,Tumor,True,True
cluster_tissue__C6__thymus,cluster_tissue,C6,thymus,Tumor_T2_vs_Control_Ctrl,1087,1227,Nmnat2,2.304212,0.707004,0.0212107414444122,0.2239438554172687,0.0496780128794848,0.053651523,0.033206593,0.0496780128794848,0.0309698451507742,False,False,False,True,True,passes_recommended_min20,exploratory_cell_level_comparison; one_sample_per_tissue_condition; p_values_do_not_establish_biological_replicate_significance,Tumor,True,True
cluster_tissue__C6__thymus,cluster_tissue,C6,thymus,Tumor_T2_vs_Control_Ctrl,1087,1227,Fam214b,2.3022015,1.0273247,0.0213238085204596,0.2246051697071115,0.0239190432382704,0.024303626,0.011997638,0.0239190432382704,0.0114099429502852,True,False,False,True,True,passes_recommended_min20,exploratory_cell_level_comparison; one_sample_per_tissue_condition; p_values_do_not_establish_biological_replicate_significance,Tumor,False,False
cluster_tissue__C6__thymus,cluster_tissue,C6,thymus,Tumor_T2_vs_Control_Ctrl,1087,1227,Glb1l,2.3004363,3.0483708,0.021423514898926,0.2249890787121462,0.0064397424103035,0.0063633914,0.0007713511,0.0064397424103035,0.0008149959250203,True,False,False,True,True,passes_recommended_min20,exploratory_cell_level_comparison; one_sample_per_tissue_condition; p_values_do_not_establish_biological_replicate_significance,Tumor,False,False
cluster_tissue__C6__thymus,cluster_tissue,C6,thymus,Tumor_T2_vs_Control_Ctrl,1087,1227,9930022D16Rik,2.293365,0.9609459,0.0218270013452403,0.2263652124127702,0.0239190432382704,0.025037713,0.012940654,0.0239190432382704,0.0114099429502852,False,False,False,True,True,passes_recommended_min20,exploratory_cell_level_comparison; one_sample_per_tissue_condition; p_values_do_not_establish_biological_replicate_significance,Tumor,False,False
cluster_tissue__C6__thymus,cluster_tissue,C6,thymus,Tumor_T2_vs_Control_Ctrl,1087,1227,2010204K13Rik,2.2911558,0.9755138,0.0219544023806378,0.2263652124127702,0.0239190432382704,0.024110775,0.0123343775,0.0239190432382704,0.0114099429502852,False,False,False,True,True,passes_recommended_min20,exploratory_cell_level_comparison; one_sample_per_tissue_condition; p_values_do_not_establish_biological_replicate_significance,Tumor,False,False
cluster_tissue__C6__thymus,cluster_tissue,C6,thymus,Tumor_T2_vs_Control_Ctrl,1087,1227,Dhrs11,2.287616,0.6861421,0.022159895709755,0.2275708250462818,0.0487580496780128,0.051857755,0.03254525,0.0487580496780128,0.0301548492257538,False,False,False,True,True,passes_recommended_min20,exploratory_cell_level_comparison; one_sample_per_tissue_condition; p_values_do_not_establish_biological_replicate_significance,Tumor,True,False
cluster_tissue__C6__thymus,cluster_tissue,C6,thymus,Tumor_T2_vs_Control_Ctrl,1087,1227,Trbv13-1,2.2834325,1.283431,0.0224049072494946,0.2292045640959806,0.0165593376264949,0.018258026,0.0075410996,0.0165593376264949,0.006519967400163,True,False,False,True,True,passes_recommended_min20,exploratory_cell_level_comparison; one_sample_per_tissue_condition; p_values_do_not_establish_biological_replicate_significance,Tumor,False,False
cluster_tissue__C6__thymus,cluster_tissue,C6,thymus,Tumor_T2_vs_Control_Ctrl,1087,1227,Chdh,2.2793348,1.2438812,0.0226471722927248,0.2311932950082886,0.0165593376264949,0.016725179,0.007096109,0.0165593376264949,0.006519967400163,True,False,False,True,True,passes_recommended_min20,exploratory_cell_level_comparison; one_sample_per_tissue_condition; p_values_do_not_establish_biological_replicate_significance,Tumor,True,True
cluster_tissue__C6__thymus,cluster_tissue,C6,thymus,Tumor_T2_vs_Control_Ctrl,1087,1227,E130311K13Rik,2.278682,1.1775424,0.02268597749519,0.2311932950082886,0.0202391904323827,0.020773293,0.009237215,0.0202391904323827,0.0089649551752241,True,False,False,True,True,passes_recommended_min20,exploratory_cell_level_comparison; one_sample_per_tissue_condition; p_values_do_not_establish_biological_replicate_significance,Tumor,False,False
cluster_tissue__C6__thymus,cluster_tissue,C6,thymus,Tumor_T2_vs_Control_Ctrl,1087,1227,Gm8251,2.2667027,1.0438852,0.0234083956469389,0.2360752188590154,0.0248390064397424,0.032916047,0.016100276,0.0248390064397424,0.0122249388753056,True,False,False,True,True,passes_recommended_min20,exploratory_cell_level_comparison; one_sample_per_tissue_condition; p_values_do_not_establish_biological_replicate_significance,Tumor,False,False
cluster_tissue__C6__thymus,cluster_tissue,C6,thymus,Tumor_T2_vs_Control_Ctrl,1087,1227,Camk2b,2.2636073,0.6046128,0.0235982786179989,0.2368707740865935,0.0487580496780128,0.05163871,0.03425862,0.0487580496780128,0.0301548492257538,False,False,False,True,True,passes_recommended_min20,exploratory_cell_level_comparison; one_sample_per_tissue_condition; p_values_do_not_establish_biological_replicate_significance,Tumor,True,True
cluster_tissue__C6__thymus,cluster_tissue,C6,thymus,Tumor_T2_vs_Control_Ctrl,1087,1227,Nsdhl,2.262275,0.6705322,0.0236804166105894,0.2373388133721767,0.0515179392824287,0.053424414,0.03389695,0.0515179392824286,0.032599837000815,False,False,False,True,True,passes_recommended_min20,exploratory_cell_level_comparison; one_sample_per_tissue_condition; p_values_do_not_establish_biological_replicate_significance,Tumor,True,False
cluster_tissue__C6__thymus,cluster_tissue,C6,thymus,Tumor_T2_vs_Control_Ctrl,1087,1227,Gm9885,2.2603703,1.9109682,0.02379828474261,0.2377600170446152,0.0110395584176632,0.01175124,0.003138322,0.0110395584176632,0.0032599837000814,True,False,False,True,True,passes_recommended_min20,exploratory_cell_level_comparison; one_sample_per_tissue_condition; p_values_do_not_establish_biological_replicate_significance,Tumor,False,False
cluster_tissue__C6__thymus,cluster_tissue,C6,thymus,Tumor_T2_vs_Control_Ctrl,1087,1227,Erbb3,2.2573297,1.9686928,0.0239874791552514,0.2390630349081768,0.0110395584176632,0.012270119,0.003149171,0.0110395584176632,0.0032599837000814,True,False,False,True,True,passes_recommended_min20,exploratory_cell_level_comparison; one_sample_per_tissue_condition; p_values_do_not_establish_biological_replicate_significance,Tumor,True,True
cluster_tissue__C6__thymus,cluster_tissue,C6,thymus,Tumor_T2_vs_Control_Ctrl,1087,1227,Zfp985,2.2542892,1.8254604,0.0241779765381522,0.2401434979446987,0.0110395584176632,0.0116748335,0.003307893,0.0110395584176632,0.0032599837000814,True,False,False,True,True,passes_recommended_min20,exploratory_cell_level_comparison; one_sample_per_tissue_condition; p_values_do_not_establish_biological_replicate_significance,Tumor,True,False
cluster_tissue__C6__thymus,cluster_tissue,C6,thymus,Tumor_T2_vs_Control_Ctrl,1087,1227,Cd46,2.2525518,1.7431756,0.0242874199625063,0.2401434979446987,0.0110395584176632,0.011409985,0.0034219492,0.0110395584176632,0.0032599837000814,True,False,False,True,True,passes_recommended_min20,exploratory_cell_level_comparison; one_sample_per_tissue_condition; p_values_do_not_establish_biological_replicate_significance,Tumor,True,True
cluster_tissue__C6__thymus,cluster_tissue,C6,thymus,Tumor_T2_vs_Control_Ctrl,1087,1227,Xk,2.2521174,1.6089389,0.0243148478217756,0.2401434979446987,0.0110395584176632,0.011507764,0.0037873082,0.0110395584176632,0.0032599837000814,True,False,False,True,True,passes_recommended_min20,exploratory_cell_level_comparison; one_sample_per_tissue_condition; p_values_do_not_establish_biological_replicate_significance,Tumor,False,False
cluster_tissue__C6__thymus,cluster_tissue,C6,thymus,Tumor_T2_vs_Control_Ctrl,1087,1227,Fancl,2.2442577,0.6252531,0.0248158270543719,0.2426992435106774,0.0533578656853725,0.05674547,0.037153427,0.0533578656853725,0.0342298288508557,False,False,False,True,True,passes_recommended_min20,exploratory_cell_level_comparison; one_sample_per_tissue_condition; p_values_do_not_establish_biological_replicate_significance,Tumor,True,False
cluster_tissue__C6__thymus,cluster_tissue,C6,thymus,Tumor_T2_vs_Control_Ctrl,1087,1227,Nnt,2.2383454,1.056369,0.0251985454844412,0.2446362758490836,0.0257589696412143,0.028124781,0.013622304,0.0257589696412143,0.013039934800326,True,False,False,True,True,passes_recommended_min20,exploratory_cell_level_comparison; one_sample_per_tissue_condition; p_values_do_not_establish_biological_replicate_significance,Tumor,True,True
cluster_tissue__C6__thymus,cluster_tissue,C6,thymus,Tumor_T2_vs_Control_Ctrl,1087,1227,9430060I03Rik,2.2330928,1.3431913,0.0255428340790102,0.246867789513623,0.0174793008279668,0.01929599,0.007649988,0.0174793008279668,0.0073349633251833,True,False,False,True,True,passes_recommended_min20,exploratory_cell_level_comparison; one_sample_per_tissue_condition; p_values_do_not_establish_biological_replicate_significance,Tumor,False,False
cluster_tissue__C6__thymus,cluster_tissue,C6,thymus,Tumor_T2_vs_Control_Ctrl,1087,1227,Abcb1b,2.2293856,1.0040127,0.0257882592149168,0.2485135130589395,0.0257589696412143,0.027188556,0.013648918,0.0257589696412143,0.013039934800326,True,False,False,True,True,passes_recommended_min20,exploratory_cell_level_comparison; one_sample_per_tissue_condition; p_values_do_not_establish_biological_replicate_significance,Tumor,True,True
cluster_tissue__C6__thymus,cluster_tissue,C6,thymus,Tumor_T2_vs_Control_Ctrl,1087,1227,Arhgap27os2,2.2280297,0.9433901,0.025878531535018,0.2487602986294079,0.0211591536338546,0.021616826,0.011299253,0.0211591536338546,0.0097799511002445,False,False,False,True,True,passes_recommended_min20,exploratory_cell_level_comparison; one_sample_per_tissue_condition; p_values_do_not_establish_biological_replicate_significance,Tumor,False,False
cluster_tissue__C6__thymus,cluster_tissue,C6,thymus,Tumor_T2_vs_Control_Ctrl,1087,1227,Gm20234,2.2267435,0.8724746,0.0259644212494098,0.2491370276359742,0.0395584176632934,0.044307217,0.024443954,0.0395584176632934,0.0236348818255908,False,False,False,True,True,passes_recommended_min20,exploratory_cell_level_comparison; one_sample_per_tissue_condition; p_values_do_not_establish_biological_replicate_significance,Tumor,False,False
cluster_tissue__C6__thymus,cluster_tissue,C6,thymus,Tumor_T2_vs_Control_Ctrl,1087,1227,Dusp10,2.2234683,0.5853901,0.0261842437519207,0.2500679363861385,0.077276908923643,0.08679255,0.058673557,0.0772769089236431,0.054604726976365,False,False,False,True,True,passes_recommended_min20,exploratory_cell_level_comparison; one_sample_per_tissue_condition; p_values_do_not_establish_biological_replicate_significance,Tumor,True,False
cluster_tissue__C6__thymus,cluster_tissue,C6,thymus,Tumor_T2_vs_Control_Ctrl,1087,1227,Vars2,2.213746,0.7931759,0.0268462545342819,0.252601001658544,0.0386384544618215,0.040653106,0.023661025,0.0386384544618215,0.0228198859005705,False,False,False,True,True,passes_recommended_min20,exploratory_cell_level_comparison; one_sample_per_tissue_condition; p_values_do_not_establish_biological_replicate_significance,Tumor,True,False
cluster_tissue__C6__thymus,cluster_tissue,C6,thymus,Tumor_T2_vs_Control_Ctrl,1087,1227,Mipol1,2.2120278,0.6165514,0.026964751362458,0.2533603490581958,0.0570377184912603,0.060989335,0.040198162,0.0570377184912603,0.0374898125509372,False,False,False,True,True,passes_recommended_min20,exploratory_cell_level_comparison; one_sample_per_tissue_condition; p_values_do_not_establish_biological_replicate_significance,Tumor,False,False
cluster_tissue__C6__thymus,cluster_tissue,C6,thymus,Tumor_T2_vs_Control_Ctrl,1087,1227,Gm11696,2.1822104,1.3594831,0.0290940099135971,0.264777118428331,0.014719411223551,0.016358491,0.006407122,0.014719411223551,0.0057049714751426,True,False,False,True,True,passes_recommended_min20,exploratory_cell_level_comparison; one_sample_per_tissue_condition; p_values_do_not_establish_biological_replicate_significance,Tumor,False,False
cluster_tissue__C6__thymus,cluster_tissue,C6,thymus,Tumor_T2_vs_Control_Ctrl,1087,1227,Rdh5,2.174956,2.081869,0.0296334031094891,0.2668697963758247,0.0091996320147194,0.010243932,0.0024291836,0.0091996320147194,0.0024449877750611,True,False,False,True,True,passes_recommended_min20,exploratory_cell_level_comparison; one_sample_per_tissue_condition; p_values_do_not_establish_biological_replicate_significance,Tumor,True,True
cluster_tissue__C6__thymus,cluster_tissue,C6,thymus,Tumor_T2_vs_Control_Ctrl,1087,1227,Gm34961,2.1720667,2.0335178,0.0298506250896715,0.2681028364535316,0.0091996320147194,0.009260565,0.0022699009,0.0091996320147194,0.0024449877750611,True,False,False,True,True,passes_recommended_min20,exploratory_cell_level_comparison; one_sample_per_tissue_condition; p_values_do_not_establish_biological_replicate_significance,Tumor,False,False
cluster_tissue__C6__thymus,cluster_tissue,C6,thymus,Tumor_T2_vs_Control_Ctrl,1087,1227,1700123M08Rik,2.1720667,2.027881,0.0298506250896715,0.2681028364535316,0.0091996320147194,0.009906421,0.0024382994,0.0091996320147194,0.0024449877750611,True,False,False,True,True,passes_recommended_min20,exploratory_cell_level_comparison; one_sample_per_tissue_condition; p_values_do_not_establish_biological_replicate_significance,Tumor,False,False
cluster_tissue__C6__thymus,cluster_tissue,C6,thymus,Tumor_T2_vs_Control_Ctrl,1087,1227,Acox1,2.1623046,0.6001018,0.0305946981853278,0.2711340777719664,0.0505979760809567,0.05471422,0.036429416,0.0505979760809567,0.032599837000815,False,False,False,True,True,passes_recommended_min20,exploratory_cell_level_comparison; one_sample_per_tissue_condition; p_values_do_not_establish_biological_replicate_significance,Tumor,True,True
cluster_tissue__C6__thymus,cluster_tissue,C6,thymus,Tumor_T2_vs_Control_Ctrl,1087,1227,Arl5c,2.155291,0.8503543,0.0311390558815508,0.2736972268034441,0.0340386384544618,0.03747057,0.020956159,0.0340386384544618,0.019559902200489,False,False,False,True,True,passes_recommended_min20,exploratory_cell_level_comparison; one_sample_per_tissue_condition; p_values_do_not_establish_biological_replicate_significance,Tumor,False,False
cluster_tissue__C6__thymus,cluster_tissue,C6,thymus,Tumor_T2_vs_Control_Ctrl,1087,1227,Gm17491,2.1523874,0.63092744,0.0313668611838989,0.274781944854024,0.0413983440662373,0.043932714,0.028589841,0.0413983440662373,0.0252648736756316,False,False,False,True,True,passes_recommended_min20,exploratory_cell_level_comparison; one_sample_per_tissue_condition; p_values_do_not_establish_biological_replicate_significance,Tumor,False,False
cluster_tissue__C6__thymus,cluster_tissue,C6,thymus,Tumor_T2_vs_Control_Ctrl,1087,1227,Gm44091,2.150252,1.5303715,0.0315352849866799,0.2749031787646039,0.0119595216191352,0.012810051,0.0044532833,0.0119595216191352,0.0040749796251018,True,False,False,True,True,passes_recommended_min20,exploratory_cell_level_comparison; one_sample_per_tissue_condition; p_values_do_not_establish_biological_replicate_significance,Tumor,False,False
cluster_tissue__C6__thymus,cluster_tissue,C6,thymus,Tumor_T2_vs_Control_Ctrl,1087,1227,Ercc6l,2.150252,1.4953713,0.0315352849866799,0.2749031787646039,0.0119595216191352,0.012623024,0.0044955113,0.0119595216191352,0.0040749796251018,True,False,False,True,True,passes_recommended_min20,exploratory_cell_level_comparison; one_sample_per_tissue_condition; p_values_do_not_establish_biological_replicate_significance,Tumor,False,False
cluster_tissue__C6__thymus,cluster_tissue,C6,thymus,Tumor_T2_vs_Control_Ctrl,1087,1227,A230072C01Rik,2.1486132,1.3040622,0.0316650689275796,0.275584245886847,0.0119595216191352,0.0121257,0.0049284464,0.0119595216191352,0.0040749796251018,True,False,False,True,True,passes_recommended_min20,exploratory_cell_level_comparison; one_sample_per_tissue_condition; p_values_do_not_establish_biological_replicate_significance,Tumor,False,False
cluster_tissue__C6__thymus,cluster_tissue,C6,thymus,Tumor_T2_vs_Control_Ctrl,1087,1227,Gm15706,2.1486132,1.4491587,0.0316650689275796,0.275584245886847,0.0119595216191352,0.011817478,0.004344196,0.0119595216191352,0.0040749796251018,True,False,False,True,True,passes_recommended_min20,exploratory_cell_level_comparison; one_sample_per_tissue_condition; p_values_do_not_establish_biological_replicate_significance,Tumor,False,False
cluster_tissue__C6__thymus,cluster_tissue,C6,thymus,Tumor_T2_vs_Control_Ctrl,1087,1227,Trim59,2.1460545,0.6254938,0.0318686225077604,0.2760986899852038,0.0349586016559337,0.03714629,0.02423489,0.0349586016559337,0.0203748981255093,False,False,False,True,True,passes_recommended_min20,exploratory_cell_level_comparison; one_sample_per_tissue_condition; p_values_do_not_establish_biological_replicate_significance,Tumor,False,False
cluster_tissue__C6__thymus,cluster_tissue,C6,thymus,Tumor_T2_vs_Control_Ctrl,1087,1227,Rnf185,2.1419725,0.6801253,0.0321956914287334,0.2772833418996969,0.0432382704691812,0.047396984,0.029843438,0.0432382704691812,0.0268948655256723,False,False,False,True,True,passes_recommended_min20,exploratory_cell_level_comparison; one_sample_per_tissue_condition; p_values_do_not_establish_biological_replicate_significance,Tumor,True,False
cluster_tissue__C6__thymus,cluster_tissue,C6,thymus,Tumor_T2_vs_Control_Ctrl,1087,1227,D330023K18Rik,2.1379037,1.0276728,0.0325245626474192,0.2787446453397296,0.0239190432382704,0.025899824,0.012787713,0.0239190432382704,0.0122249388753056,True,False,False,True,True,passes_recommended_min20,exploratory_cell_level_comparison; one_sample_per_tissue_condition; p_values_do_not_establish_biological_replicate_significance,Tumor,False,False
cluster_tissue__C6__thymus,cluster_tissue,C6,thymus,Tumor_T2_vs_Control_Ctrl,1087,1227,Gm42659,2.1309083,0.6807061,0.033096700111269,0.2823721112610481,0.0478380864765409,0.05155319,0.032472435,0.0478380864765409,0.0309698451507742,False,False,False,True,True,passes_recommended_min20,exploratory_cell_level_comparison; one_sample_per_tissue_condition; p_values_do_not_establish_biological_replicate_significance,Tumor,False,False
cluster_tissue__C6__thymus,cluster_tissue,C6,thymus,Tumor_T2_vs_Control_Ctrl,1087,1227,B930095G15Rik,2.1298225,1.094634,0.0331862752955207,0.2825998063872356,0.0193192272309107,0.020631306,0.009713722,0.0193192272309107,0.0089649551752241,True,False,False,True,True,passes_recommended_min20,exploratory_cell_level_comparison; one_sample_per_tissue_condition; p_values_do_not_establish_biological_replicate_significance,Tumor,False,False
cluster_tissue__C6__thymus,cluster_tissue,C6,thymus,Tumor_T2_vs_Control_Ctrl,1087,1227,Gm9888,2.1262734,21.793663,0.0334804925182874,0.2841450088813436,0.0036798528058877,0.0036287573,0.0,0.0036798528058877,0.0,True,False,False,True,True,passes_recommended_min20,exploratory_cell_level_comparison; one_sample_per_tissue_condition; p_values_do_not_establish_biological_replicate_significance,Tumor,False,False
cluster_tissue__C6__thymus,cluster_tissue,C6,thymus,Tumor_T2_vs_Control_Ctrl,1087,1227,Slc25a33,2.1229079,0.72813755,0.0337615745177951,0.2851603537643996,0.0469181232750689,0.050969455,0.031079024,0.0469181232750689,0.0301548492257538,False,False,False,True,True,passes_recommended_min20,exploratory_cell_level_comparison; one_sample_per_tissue_condition; p_values_do_not_establish_biological_replicate_significance,Tumor,False,False
cluster_tissue__C6__thymus,cluster_tissue,C6,thymus,Tumor_T2_vs_Control_Ctrl,1087,1227,C1qtnf4,2.1220806,0.9526303,0.0338309804480586,0.2851603537643996,0.0239190432382704,0.025819682,0.013423972,0.0239190432382704,0.0122249388753056,False,False,False,True,True,passes_recommended_min20,exploratory_cell_level_comparison; one_sample_per_tissue_condition; p_values_do_not_establish_biological_replicate_significance,Tumor,False,False
cluster_tissue__C6__thymus,cluster_tissue,C6,thymus,Tumor_T2_vs_Control_Ctrl,1087,1227,Ier5l,2.1220348,1.0831066,0.0338348111479725,0.2851603537643996,0.030358785648574,0.038863808,0.01853249,0.030358785648574,0.0171149144254278,True,False,False,True,True,passes_recommended_min20,exploratory_cell_level_comparison; one_sample_per_tissue_condition; p_values_do_not_establish_biological_replicate_significance,Tumor,False,False
cluster_tissue__C6__thymus,cluster_tissue,C6,thymus,Tumor_T2_vs_Control_Ctrl,1087,1227,Cdkl3,2.1165698,0.90954894,0.0342963753733659,0.2873474567069283,0.0193192272309107,0.0192891,0.010314873,0.0193192272309107,0.0089649551752241,False,False,False,True,True,passes_recommended_min20,exploratory_cell_level_comparison; one_sample_per_tissue_condition; p_values_do_not_establish_biological_replicate_significance,Tumor,False,False
cluster_tissue__C6__thymus,cluster_tissue,C6,thymus,Tumor_T2_vs_Control_Ctrl,1087,1227,Ada,2.10166,0.632504,0.0355830593687397,0.2916061777760779,0.0294388224471021,0.028768875,0.018652018,0.0294388224471021,0.0162999185004075,False,False,False,True,True,passes_recommended_min20,exploratory_cell_level_comparison; one_sample_per_tissue_condition; p_values_do_not_establish_biological_replicate_significance,Tumor,True,False
cluster_tissue__C6__thymus,cluster_tissue,C6,thymus,Tumor_T2_vs_Control_Ctrl,1087,1227,Sorbs1,2.099584,1.1709207,0.0357654433052951,0.2919476237075469,0.0202391904323827,0.022097113,0.009874484,0.0202391904323827,0.0097799511002445,True,False,False,True,True,passes_recommended_min20,exploratory_cell_level_comparison; one_sample_per_tissue_condition; p_values_do_not_establish_biological_replicate_significance,Tumor,True,True
cluster_tissue__C6__thymus,cluster_tissue,C6,thymus,Tumor_T2_vs_Control_Ctrl,1087,1227,Gm4814,2.0982444,2.3209333,0.0358835663555055,0.292496297183533,0.0073597056117755,0.008482518,0.0017034418,0.0073597056117755,0.0016299918500407,True,False,False,True,True,passes_recommended_min20,exploratory_cell_level_comparison; one_sample_per_tissue_condition; p_values_do_not_establish_biological_replicate_significance,Tumor,False,False
cluster_tissue__C6__thymus,cluster_tissue,C6,thymus,Tumor_T2_vs_Control_Ctrl,1087,1227,Rd3,2.0965981,2.221701,0.0360291560778392,0.293235007895152,0.0073597056117755,0.008912621,0.0019174628,0.0073597056117755,0.0016299918500407,True,False,False,True,True,passes_recommended_min20,exploratory_cell_level_comparison; one_sample_per_tissue_condition; p_values_do_not_establish_biological_replicate_significance,Tumor,False,False
cluster_tissue__C6__thymus,cluster_tissue,C6,thymus,Tumor_T2_vs_Control_Ctrl,1087,1227,Gm16794,2.093306,1.991928,0.0363218468626647,0.2940044483696112,0.0073597056117755,0.007674087,0.0019348339,0.0073597056117755,0.0016299918500407,True,False,False,True,True,passes_recommended_min20,exploratory_cell_level_comparison; one_sample_per_tissue_condition; p_values_do_not_establish_biological_replicate_significance,Tumor,False,False
cluster_tissue__C6__thymus,cluster_tissue,C6,thymus,Tumor_T2_vs_Control_Ctrl,1087,1227,Abtb2,2.093298,0.85914457,0.0363225624377357,0.2940044483696112,0.0248390064397424,0.026112678,0.014479639,0.0248390064397424,0.013039934800326,False,False,False,True,True,passes_recommended_min20,exploratory_cell_level_comparison; one_sample_per_tissue_condition; p_values_do_not_establish_biological_replicate_significance,Tumor,False,False
cluster_tissue__C6__thymus,cluster_tissue,C6,thymus,Tumor_T2_vs_Control_Ctrl,1087,1227,Bend6,2.0822346,1.1169157,0.0373210424956554,0.298451243358438,0.0202391904323827,0.02274416,0.010551149,0.0202391904323827,0.0097799511002445,True,False,False,True,True,passes_recommended_min20,exploratory_cell_level_comparison; one_sample_per_tissue_condition; p_values_do_not_establish_biological_replicate_significance,Tumor,False,False
cluster_tissue__C6__thymus,cluster_tissue,C6,thymus,Tumor_T2_vs_Control_Ctrl,1087,1227,Gm34455,2.0719311,0.598451,0.0382718674754166,0.3033474379181711,0.0377184912603495,0.04059463,0.026995197,0.0377184912603495,0.0228198859005705,False,False,False,True,True,passes_recommended_min20,exploratory_cell_level_comparison; one_sample_per_tissue_condition; p_values_do_not_establish_biological_replicate_significance,Tumor,False,False
cluster_tissue__C6__thymus,cluster_tissue,C6,thymus,Tumor_T2_vs_Control_Ctrl,1087,1227,Sec14l1,2.0655947,0.6244199,0.0388667678037085,0.3047838953842314,0.0505979760809567,0.053267475,0.034875166,0.0505979760809567,0.0334148329258353,False,False,False,True,True,passes_recommended_min20,exploratory_cell_level_comparison; one_sample_per_tissue_condition; p_values_do_not_establish_biological_replicate_significance,Tumor,False,False
cluster_tissue__C6__thymus,cluster_tissue,C6,thymus,Tumor_T2_vs_Control_Ctrl,1087,1227,1700021A07Rik,2.0654833,1.2527034,0.0388772977053701,0.3047838953842314,0.0128794848206071,0.013246932,0.005580606,0.0128794848206071,0.0048899755501222,True,False,False,True,True,passes_recommended_min20,exploratory_cell_level_comparison; one_sample_per_tissue_condition; p_values_do_not_establish_biological_replicate_significance,Tumor,False,False
cluster_tissue__C6__thymus,cluster_tissue,C6,thymus,Tumor_T2_vs_Control_Ctrl,1087,1227,Zfp189,2.0641003,1.2325644,0.039008213786381,0.3047838953842314,0.0165593376264949,0.018228468,0.007797963,0.0165593376264949,0.0073349633251833,True,False,False,True,True,passes_recommended_min20,exploratory_cell_level_comparison; one_sample_per_tissue_condition; p_values_do_not_establish_biological_replicate_significance,Tumor,True,False
cluster_tissue__C6__thymus,cluster_tissue,C6,thymus,Tumor_T2_vs_Control_Ctrl,1087,1227,Zfp41,2.0627596,1.103326,0.0391354758185018,0.3048408399818123,0.0165593376264949,0.017228356,0.008055743,0.0165593376264949,0.0073349633251833,True,False,False,True,True,passes_recommended_min20,exploratory_cell_level_comparison; one_sample_per_tissue_condition; p_values_do_not_establish_biological_replicate_significance,Tumor,False,False
cluster_tissue__C6__thymus,cluster_tissue,C6,thymus,Tumor_T2_vs_Control_Ctrl,1087,1227,Lig4,2.0610838,1.2624651,0.0392950476646407,0.3058192258072334,0.0165593376264949,0.019238526,0.008064248,0.0165593376264949,0.0073349633251833,True,False,False,True,True,passes_recommended_min20,exploratory_cell_level_comparison; one_sample_per_tissue_condition; p_values_do_not_establish_biological_replicate_significance,Tumor,True,False
cluster_tissue__C6__thymus,cluster_tissue,C6,thymus,Tumor_T2_vs_Control_Ctrl,1087,1227,Map4k5,2.0599127,0.8537136,0.0394068894625447,0.3060200222455257,0.0257589696412143,0.026198354,0.014581816,0.0257589696412143,0.0138549307253463,False,False,False,True,True,passes_recommended_min20,exploratory_cell_level_comparison; one_sample_per_tissue_condition; p_values_do_not_establish_biological_replicate_significance,Tumor,False,False
cluster_tissue__C6__thymus,cluster_tissue,C6,thymus,Tumor_T2_vs_Control_Ctrl,1087,1227,Gm37469,2.0583916,1.8325802,0.0395525715122306,0.3066160221187618,0.0101195952161913,0.011515462,0.0032465148,0.0101195952161913,0.0032599837000814,True,False,False,True,True,passes_recommended_min20,exploratory_cell_level_comparison; one_sample_per_tissue_condition; p_values_do_not_establish_biological_replicate_significance,Tumor,False,False
cluster_tissue__C6__thymus,cluster_tissue,C6,thymus,Tumor_T2_vs_Control_Ctrl,1087,1227,Wdr66,2.056977,3.0017154,0.0396884438519416,0.3068664463045051,0.0055197792088316,0.006425575,0.0008045008,0.0055197792088316,0.0008149959250203,True,False,False,True,True,passes_recommended_min20,exploratory_cell_level_comparison; one_sample_per_tissue_condition; p_values_do_not_establish_biological_replicate_significance,Tumor,False,False
cluster_tissue__C6__thymus,cluster_tissue,C6,thymus,Tumor_T2_vs_Control_Ctrl,1087,1227,Inppl1,2.0557425,0.78556895,0.0398073381513113,0.3073049916880113,0.0257589696412143,0.026316712,0.0153511595,0.0257589696412143,0.0138549307253463,False,False,False,True,True,passes_recommended_min20,exploratory_cell_level_comparison; one_sample_per_tissue_condition; p_values_do_not_establish_biological_replicate_significance,Tumor,True,False
cluster_tissue__C6__thymus,cluster_tissue,C6,thymus,Tumor_T2_vs_Control_Ctrl,1087,1227,Gk5,2.0550108,2.5639408,0.0398779675023757,0.3073049916880113,0.0055197792088316,0.005338529,0.0009048183,0.0055197792088316,0.0008149959250203,True,False,False,True,True,passes_recommended_min20,exploratory_cell_level_comparison; one_sample_per_tissue_condition; p_values_do_not_establish_biological_replicate_significance,Tumor,False,False
cluster_tissue__C6__thymus,cluster_tissue,C6,thymus,Tumor_T2_vs_Control_Ctrl,1087,1227,Gramd1c,2.0543554,2.54619,0.0399413124539909,0.3073049916880113,0.0055197792088316,0.0057213716,0.0009818609,0.0055197792088316,0.0008149959250203,True,False,False,True,True,passes_recommended_min20,exploratory_cell_level_comparison; one_sample_per_tissue_condition; p_values_do_not_establish_biological_replicate_significance,Tumor,False,False
cluster_tissue__C6__thymus,cluster_tissue,C6,thymus,Tumor_T2_vs_Control_Ctrl,1087,1227,Gm35363,2.0543554,2.552497,0.0399413124539909,0.3073049916880113,0.0055197792088316,0.0057974607,0.0009906123,0.0055197792088316,0.0008149959250203,True,False,False,True,True,passes_recommended_min20,exploratory_cell_level_comparison; one_sample_per_tissue_condition; p_values_do_not_establish_biological_replicate_significance,Tumor,False,False
cluster_tissue__C6__thymus,cluster_tissue,C6,thymus,Tumor_T2_vs_Control_Ctrl,1087,1227,Gm20337,2.053458,1.6837215,0.0400281838113911,0.3073049916880113,0.0101195952161913,0.0105184,0.0032860278,0.0101195952161913,0.0032599837000814,True,False,False,True,True,passes_recommended_min20,exploratory_cell_level_comparison; one_sample_per_tissue_condition; p_values_do_not_establish_biological_replicate_significance,Tumor,False,False
cluster_tissue__C6__thymus,cluster_tissue,C6,thymus,Tumor_T2_vs_Control_Ctrl,1087,1227,Ccr4,2.0434928,0.66050535,0.0410036792888349,0.3113944896881627,0.0257589696412143,0.026786236,0.017029664,0.0257589696412143,0.0138549307253463,False,False,False,True,True,passes_recommended_min20,exploratory_cell_level_comparison; one_sample_per_tissue_condition; p_values_do_not_establish_biological_replicate_significance,Tumor,True,False
cluster_tissue__C6__thymus,cluster_tissue,C6,thymus,Tumor_T2_vs_Control_Ctrl,1087,1227,Tmem250-ps,2.0321918,0.6275788,0.042134258927005,0.3165720049264279,0.0413983440662373,0.043244265,0.028202921,0.0413983440662373,0.026079869600652,False,False,False,True,True,passes_recommended_min20,exploratory_cell_level_comparison; one_sample_per_tissue_condition; p_values_do_not_establish_biological_replicate_significance,Tumor,False,False
cluster_tissue__C6__thymus,cluster_tissue,C6,thymus,Tumor_T2_vs_Control_Ctrl,1087,1227,Rsad2,2.026109,0.63853604,0.042753620540282,0.3181179436295745,0.0441582336706531,0.0621052,0.040334556,0.0441582336706531,0.0285248573757131,False,False,False,True,True,passes_recommended_min20,exploratory_cell_level_comparison; one_sample_per_tissue_condition; p_values_do_not_establish_biological_replicate_significance,Tumor,True,False
cluster_tissue__C6__thymus,cluster_tissue,C6,thymus,Tumor_T2_vs_Control_Ctrl,1087,1227,Urb1,2.0232065,0.639602,0.0430518753067312,0.3198910233445841,0.0441582336706531,0.046766523,0.03026921,0.0441582336706531,0.0285248573757131,False,False,False,True,True,passes_recommended_min20,exploratory_cell_level_comparison; one_sample_per_tissue_condition; p_values_do_not_establish_biological_replicate_significance,Tumor,False,False
cluster_tissue__C6__thymus,cluster_tissue,C6,thymus,Tumor_T2_vs_Control_Ctrl,1087,1227,Cdc42ep1,2.0226357,0.84636694,0.0431107169071048,0.3201053231724485,0.0275988960441582,0.029060528,0.0162671,0.0275988960441582,0.0154849225753871,False,False,False,True,True,passes_recommended_min20,exploratory_cell_level_comparison; one_sample_per_tissue_condition; p_values_do_not_establish_biological_replicate_significance,Tumor,False,False
cluster_tissue__C6__thymus,cluster_tissue,C6,thymus,Tumor_T2_vs_Control_Ctrl,1087,1227,Sgsh,2.0200095,0.59036994,0.0433823952677052,0.3212980458846508,0.06163753449862,0.069163635,0.04646597,0.06163753449862,0.0431947840260798,False,False,False,True,True,passes_recommended_min20,exploratory_cell_level_comparison; one_sample_per_tissue_condition; p_values_do_not_establish_biological_replicate_significance,Tumor,True,False
cluster_tissue__C6__thymus,cluster_tissue,C6,thymus,Tumor_T2_vs_Control_Ctrl,1087,1227,Atp9a,2.0129004,1.1005558,0.0441251192141672,0.3234415637132347,0.0174793008279668,0.018435555,0.008639484,0.0174793008279668,0.0081499592502037,True,False,False,True,True,passes_recommended_min20,exploratory_cell_level_comparison; one_sample_per_tissue_condition; p_values_do_not_establish_biological_replicate_significance,Tumor,False,False
cluster_tissue__C6__thymus,cluster_tissue,C6,thymus,Tumor_T2_vs_Control_Ctrl,1087,1227,Cstad,2.0100865,1.3992956,0.0444220376996159,0.3250809530404163,0.0137994480220791,0.015617696,0.0059496327,0.0137994480220791,0.0057049714751426,True,False,False,True,True,passes_recommended_min20,exploratory_cell_level_comparison; one_sample_per_tissue_condition; p_values_do_not_establish_biological_replicate_significance,Tumor,False,False
cluster_tissue__C6__thymus,cluster_tissue,C6,thymus,Tumor_T2_vs_Control_Ctrl,1087,1227,Pecam1,2.008554,0.6415936,0.0445844467968824,0.325609888653481,0.0450781968721251,0.048363857,0.031269338,0.0450781968721251,0.0293398533007335,False,False,False,True,True,passes_recommended_min20,exploratory_cell_level_comparison; one_sample_per_tissue_condition; p_values_do_not_establish_biological_replicate_significance,Tumor,True,False
cluster_tissue__C6__thymus,cluster_tissue,C6,thymus,Tumor_T2_vs_Control_Ctrl,1087,1227,Pfkfb4,2.0077615,0.76348513,0.0446686344878961,0.3260015936975734,0.0275988960441582,0.028721653,0.017018782,0.0275988960441582,0.0154849225753871,False,False,False,True,True,passes_recommended_min20,exploratory_cell_level_comparison; one_sample_per_tissue_condition; p_values_do_not_establish_biological_replicate_significance,Tumor,True,False
cluster_tissue__C6__thymus,cluster_tissue,C6,thymus,Tumor_T2_vs_Control_Ctrl,1087,1227,Zfp536,2.004152,1.3058587,0.0450537710377789,0.3276917089114529,0.0137994480220791,0.015292775,0.0062138196,0.0137994480220791,0.0057049714751426,True,False,False,True,True,passes_recommended_min20,exploratory_cell_level_comparison; one_sample_per_tissue_condition; p_values_do_not_establish_biological_replicate_significance,Tumor,False,False
cluster_tissue__C6__thymus,cluster_tissue,C6,thymus,Tumor_T2_vs_Control_Ctrl,1087,1227,Ccpg1os,2.0010679,1.0529983,0.0453850681261443,0.329427671364599,0.0229990800367985,0.025366647,0.0123062,0.0229990800367985,0.0122249388753056,True,False,False,True,True,passes_recommended_min20,exploratory_cell_level_comparison; one_sample_per_tissue_condition; p_values_do_not_establish_biological_replicate_significance,Tumor,False,False
cluster_tissue__C6__thymus,cluster_tissue,C6,thymus,Tumor_T2_vs_Control_Ctrl,1087,1227,Wscd2,1.9941443,0.67821425,0.046136285309276,0.3323930886225357,0.0515179392824287,0.05772073,0.036460437,0.0515179392824286,0.0350448247758761,False,False,False,True,True,passes_recommended_min20,exploratory_cell_level_comparison; one_sample_per_tissue_condition; p_values_do_not_establish_biological_replicate_significance,Tumor,False,False
cluster_tissue__C6__thymus,cluster_tissue,C6,thymus,Tumor_T2_vs_Control_Ctrl,1087,1227,Rpp40,1.9831946,0.82164466,0.0473456920583499,0.3376684428037489,0.0294388224471021,0.031403374,0.017888887,0.0294388224471021,0.0171149144254278,False,False,False,True,True,passes_recommended_min20,exploratory_cell_level_comparison; one_sample_per_tissue_condition; p_values_do_not_establish_biological_replicate_significance,Tumor,True,False
cluster_tissue__C6__thymus,cluster_tissue,C6,thymus,Tumor_T2_vs_Control_Ctrl,1087,1227,Hbegf,1.9694297,0.6698538,0.0489037609941932,0.3428404269435232,0.0515179392824287,0.060820557,0.038659517,0.0515179392824286,0.0350448247758761,False,False,False,True,True,passes_recommended_min20,exploratory_cell_level_comparison; one_sample_per_tissue_condition; p_values_do_not_establish_biological_replicate_significance,Tumor,True,True
cluster_tissue__C6__thymus,cluster_tissue,C6,thymus,Tumor_T2_vs_Control_Ctrl,1087,1227,Sgms2,1.9629928,0.9402167,0.0496470079337914,0.3456248964127797,0.0239190432382704,0.026834177,0.014074565,0.0239190432382704,0.013039934800326,False,False,False,True,True,passes_recommended_min20,exploratory_cell_level_comparison; one_sample_per_tissue_condition; p_values_do_not_establish_biological_replicate_significance,Tumor,True,False
cluster_tissue__C6__thymus,cluster_tissue,C6,thymus,Tumor_T2_vs_Control_Ctrl,1087,1227,Bbs12,1.9609127,1.6680475,0.0498892070555903,0.3460493191112725,0.0110395584176632,0.012764617,0.004034352,0.0110395584176632,0.0040749796251018,True,False,False,True,True,passes_recommended_min20,exploratory_cell_level_comparison; one_sample_per_tissue_condition; p_values_do_not_establish_biological_replicate_significance,Tumor,False,False
cluster_tissue__C6__thymus,cluster_tissue,C6,thymus,Tumor_T2_vs_Control_Ctrl,1087,1227,Sfpq,-8.499913,-0.6359429,1.897330064470206e-17,5.190900458435154e-15,0.5841766329346826,0.78675425,1.0504462,0.5841766329346754,0.7204563977179993,False,False,True,True,True,passes_recommended_min20,exploratory_cell_level_comparison; one_sample_per_tissue_condition; p_values_do_not_establish_biological_replicate_significance,Control,False,False
cluster_tissue__C6__thymus,cluster_tissue,C6,thymus,Tumor_T2_vs_Control_Ctrl,1087,1227,Dynll1,-8.3167925,-0.63042825,9.037599902204507e-17,2.4107797739130527e-14,0.6025758969641214,0.797541,1.0608088,0.6025758969641137,0.714751426242857,False,False,True,True,True,passes_recommended_min20,exploratory_cell_level_comparison; one_sample_per_tissue_condition; p_values_do_not_establish_biological_replicate_significance,Control,True,False
cluster_tissue__C6__thymus,cluster_tissue,C6,thymus,Tumor_T2_vs_Control_Ctrl,1087,1227,Stip1,-6.3122683,-0.84115875,2.749748495827261e-10,4.445426734920738e-08,0.2014719411223551,0.21809673,0.36227852,0.2014719411223558,0.3056234718826415,False,False,True,True,True,passes_recommended_min20,exploratory_cell_level_comparison; one_sample_per_tissue_condition; p_values_do_not_establish_biological_replicate_significance,Control,True,False
cluster_tissue__C6__thymus,cluster_tissue,C6,thymus,Tumor_T2_vs_Control_Ctrl,1087,1227,Ccl5,-5.3312736,-0.5958086,9.75263357300809e-08,1.143523079384575e-05,0.5289788408463661,1.2052482,1.5113503,0.5289788408463603,0.634066829665845,False,False,True,True,True,passes_recommended_min20,exploratory_cell_level_comparison; one_sample_per_tissue_condition; p_values_do_not_establish_biological_replicate_significance,Control,True,False
cluster_tissue__C6__thymus,cluster_tissue,C6,thymus,Tumor_T2_vs_Control_Ctrl,1087,1227,Ifitm2,-5.278874,-0.95160306,1.2998020753806046e-07,1.4912782950872097e-05,0.0947562097516099,0.16729273,0.30172217,0.09475620975161,0.1695191524042383,False,False,True,True,True,passes_recommended_min20,exploratory_cell_level_comparison; one_sample_per_tissue_condition; p_values_do_not_establish_biological_replicate_significance,Control,False,False
cluster_tissue__C6__thymus,cluster_tissue,C6,thymus,Tumor_T2_vs_Control_Ctrl,1087,1227,Slc15a2,-5.09465,-2.2618346,3.493866042129341e-07,3.691044620744561e-05,0.0101195952161913,0.01109398,0.05212088,0.0101195952161913,0.0456397718011409,False,False,True,True,True,passes_recommended_min20,exploratory_cell_level_comparison; one_sample_per_tissue_condition; p_values_do_not_establish_biological_replicate_significance,Control,False,False
cluster_tissue__C6__thymus,cluster_tissue,C6,thymus,Tumor_T2_vs_Control_Ctrl,1087,1227,Banp,-4.803418,-0.9017959,1.5597980318880736e-06,0.0001330452280661,0.092916283348666,0.096394464,0.17317028,0.0929162833486661,0.1564792176039122,False,False,True,True,True,passes_recommended_min20,exploratory_cell_level_comparison; one_sample_per_tissue_condition; p_values_do_not_establish_biological_replicate_significance,Control,False,False
cluster_tissue__C6__thymus,cluster_tissue,C6,thymus,Tumor_T2_vs_Control_Ctrl,1087,1227,Cish,-4.801972,-0.8177949,1.5711057859730727e-06,0.0001330452280661,0.1103955841766329,0.12595323,0.21237136,0.1103955841766331,0.1792991035044829,False,False,True,True,True,passes_recommended_min20,exploratory_cell_level_comparison; one_sample_per_tissue_condition; p_values_do_not_establish_biological_replicate_significance,Control,True,False
cluster_tissue__C6__thymus,cluster_tissue,C6,thymus,Tumor_T2_vs_Control_Ctrl,1087,1227,Luc7l,-4.6812763,-0.6486509,2.8509436206802538e-06,0.0002253301365382,0.1757129714811407,0.19579543,0.29196748,0.1757129714811413,0.2526487367563169,False,False,True,True,True,passes_recommended_min20,exploratory_cell_level_comparison; one_sample_per_tissue_condition; p_values_do_not_establish_biological_replicate_significance,Control,False,False
cluster_tissue__C6__thymus,cluster_tissue,C6,thymus,Tumor_T2_vs_Control_Ctrl,1087,1227,Ubfd1,-4.437562,-0.7850363,9.09835777122182e-06,0.000634506388359,0.108555657773689,0.114276044,0.18946725,0.1085556577736892,0.1703341483292587,False,False,True,True,True,passes_recommended_min20,exploratory_cell_level_comparison; one_sample_per_tissue_condition; p_values_do_not_establish_biological_replicate_significance,Control,False,False
cluster_tissue__C6__thymus,cluster_tissue,C6,thymus,Tumor_T2_vs_Control_Ctrl,1087,1227,Tmem165,-4.4359794,-0.6391958,9.165458584625756e-06,0.0006350353447919,0.1784728610855565,0.19561505,0.29005644,0.1784728610855571,0.2510187449062762,False,False,True,True,True,passes_recommended_min20,exploratory_cell_level_comparison; one_sample_per_tissue_condition; p_values_do_not_establish_biological_replicate_significance,Control,False,False
cluster_tissue__C6__thymus,cluster_tissue,C6,thymus,Tumor_T2_vs_Control_Ctrl,1087,1227,Pdzd8,-4.274862,-0.6799703,1.912557535292851e-05,0.0012235484923074,0.1481140754369825,0.16257966,0.2490758,0.1481140754369829,0.2135289323553388,False,False,True,True,True,passes_recommended_min20,exploratory_cell_level_comparison; one_sample_per_tissue_condition; p_values_do_not_establish_biological_replicate_significance,Control,False,False
cluster_tissue__C6__thymus,cluster_tissue,C6,thymus,Tumor_T2_vs_Control_Ctrl,1087,1227,Aen,-4.171946,-0.7120266,3.020094602022728e-05,0.0018309323524762,0.1131554737810487,0.1253267,0.19779906,0.113155473781049,0.1727791361043198,False,False,True,True,True,passes_recommended_min20,exploratory_cell_level_comparison; one_sample_per_tissue_condition; p_values_do_not_establish_biological_replicate_significance,Control,False,False
cluster_tissue__C6__thymus,cluster_tissue,C6,thymus,Tumor_T2_vs_Control_Ctrl,1087,1227,Mrps25,-4.078816,-0.60706896,4.52656942566663e-05,0.0025690689240352,0.1490340386384544,0.16078533,0.23561697,0.1490340386384548,0.2127139364303184,False,False,True,True,True,passes_recommended_min20,exploratory_cell_level_comparison; one_sample_per_tissue_condition; p_values_do_not_establish_biological_replicate_significance,Control,False,False
cluster_tissue__C6__thymus,cluster_tissue,C6,thymus,Tumor_T2_vs_Control_Ctrl,1087,1227,Pink1,-3.9252164,-0.6299749,8.665182952050138e-05,0.0043818721373637,0.1389144434222631,0.15359683,0.22866696,0.1389144434222634,0.1996740016299923,False,False,True,True,True,passes_recommended_min20,exploratory_cell_level_comparison; one_sample_per_tissue_condition; p_values_do_not_establish_biological_replicate_significance,Control,True,False
cluster_tissue__C6__thymus,cluster_tissue,C6,thymus,Tumor_T2_vs_Control_Ctrl,1087,1227,St3gal4,-3.8824077,-0.6661943,0.0001034272834946,0.0050622436462728,0.1011959521619135,0.11007197,0.16944484,0.1011959521619137,0.1564792176039122,False,False,True,True,True,passes_recommended_min20,exploratory_cell_level_comparison; one_sample_per_tissue_condition; p_values_do_not_establish_biological_replicate_significance,Control,True,False
cluster_tissue__C6__thymus,cluster_tissue,C6,thymus,Tumor_T2_vs_Control_Ctrl,1087,1227,Osbpl8,-3.8550267,-0.6495932,0.0001157169999676,0.0055617134669123,0.1094756209751609,0.11861356,0.18028378,0.1094756209751612,0.164629176854116,False,False,True,True,True,passes_recommended_min20,exploratory_cell_level_comparison; one_sample_per_tissue_condition; p_values_do_not_establish_biological_replicate_significance,Control,False,False
cluster_tissue__C6__thymus,cluster_tissue,C6,thymus,Tumor_T2_vs_Control_Ctrl,1087,1227,Xlr,-3.81923,-2.4285686,0.0001338687969689,0.0062180821752803,0.0036798528058877,0.0049706395,0.026472984,0.0036798528058877,0.0220048899755501,False,False,True,True,True,passes_recommended_min20,exploratory_cell_level_comparison; one_sample_per_tissue_condition; p_values_do_not_establish_biological_replicate_significance,Control,False,False
cluster_tissue__C6__thymus,cluster_tissue,C6,thymus,Tumor_T2_vs_Control_Ctrl,1087,1227,Gm12216,-3.782255,-0.6069473,0.0001554141346096,0.007031787085676,0.124195032198712,0.13791251,0.20311935,0.1241950321987123,0.181744091279544,False,False,True,True,True,passes_recommended_min20,exploratory_cell_level_comparison; one_sample_per_tissue_condition; p_values_do_not_establish_biological_replicate_significance,Control,False,False
cluster_tissue__C6__thymus,cluster_tissue,C6,thymus,Tumor_T2_vs_Control_Ctrl,1087,1227,Vav3,-3.78207,-0.5870353,0.0001555296862436,0.007031787085676,0.1499540018399264,0.16815431,0.24300388,0.1499540018399268,0.2078239608801961,False,False,True,True,True,passes_recommended_min20,exploratory_cell_level_comparison; one_sample_per_tissue_condition; p_values_do_not_establish_biological_replicate_significance,Control,True,False
cluster_tissue__C6__thymus,cluster_tissue,C6,thymus,Tumor_T2_vs_Control_Ctrl,1087,1227,Smad5,-3.744736,-0.92079026,0.0001805836129097,0.0078682355162381,0.045998160073597,0.050442453,0.09344003,0.045998160073597,0.0847595762021189,False,False,True,True,True,passes_recommended_min20,exploratory_cell_level_comparison; one_sample_per_tissue_condition; p_values_do_not_establish_biological_replicate_significance,Control,True,False
cluster_tissue__C6__thymus,cluster_tissue,C6,thymus,Tumor_T2_vs_Control_Ctrl,1087,1227,Dapk2,-3.7218215,-0.6963591,0.0001977907362978,0.0083747109376886,0.0965961361545538,0.10471248,0.16456418,0.0965961361545539,0.1466992665036677,False,False,True,True,True,passes_recommended_min20,exploratory_cell_level_comparison; one_sample_per_tissue_condition; p_values_do_not_establish_biological_replicate_significance,Control,True,False
cluster_tissue__C6__thymus,cluster_tissue,C6,thymus,Tumor_T2_vs_Control_Ctrl,1087,1227,Slc11a2,-3.6117468,-0.58995575,0.0003041414277766,0.0119308420381493,0.1113155473781048,0.12183662,0.17816976,0.1113155473781051,0.1629991850040753,False,False,True,True,True,passes_recommended_min20,exploratory_cell_level_comparison; one_sample_per_tissue_condition; p_values_do_not_establish_biological_replicate_significance,Control,True,False
cluster_tissue__C6__thymus,cluster_tissue,C6,thymus,Tumor_T2_vs_Control_Ctrl,1087,1227,Cep85,-3.5819325,-0.8747123,0.0003410618204145,0.0129285504064675,0.0441582336706531,0.04797715,0.086285435,0.0441582336706531,0.080684596577017,False,False,True,True,True,passes_recommended_min20,exploratory_cell_level_comparison; one_sample_per_tissue_condition; p_values_do_not_establish_biological_replicate_significance,Control,False,False
cluster_tissue__C6__thymus,cluster_tissue,C6,thymus,Tumor_T2_vs_Control_Ctrl,1087,1227,Kif1b,-3.4778335,-0.77027005,0.0005054837480029,0.0176258548731758,0.0533578656853725,0.060356826,0.10085306,0.0533578656853725,0.091279543602282,False,False,True,True,True,passes_recommended_min20,exploratory_cell_level_comparison; one_sample_per_tissue_condition; p_values_do_not_establish_biological_replicate_significance,Control,False,False
cluster_tissue__C6__thymus,cluster_tissue,C6,thymus,Tumor_T2_vs_Control_Ctrl,1087,1227,Phactr4,-3.4623642,-0.94363606,0.0005354522004287,0.0181951432438693,0.0413983440662373,0.044192005,0.08333294,0.0413983440662373,0.0749796251018744,False,False,True,True,True,passes_recommended_min20,exploratory_cell_level_comparison; one_sample_per_tissue_condition; p_values_do_not_establish_biological_replicate_significance,Control,False,False
cluster_tissue__C6__thymus,cluster_tissue,C6,thymus,Tumor_T2_vs_Control_Ctrl,1087,1227,Ldlrap1,-3.4582243,-0.6801512,0.0005437482947809,0.0184183946200392,0.0892364305427782,0.09732622,0.15167998,0.0892364305427784,0.1336593317033416,False,False,True,True,True,passes_recommended_min20,exploratory_cell_level_comparison; one_sample_per_tissue_condition; p_values_do_not_establish_biological_replicate_significance,Control,True,False
cluster_tissue__C6__thymus,cluster_tissue,C6,thymus,Tumor_T2_vs_Control_Ctrl,1087,1227,P2rx7,-3.4532886,-2.9381738,0.0005537960751991,0.0185817739697337,0.0018399264029438,0.0023173583,0.017625527,0.0018399264029438,0.0154849225753871,False,False,True,True,True,passes_recommended_min20,exploratory_cell_level_comparison; one_sample_per_tissue_condition; p_values_do_not_establish_biological_replicate_significance,Control,True,False
cluster_tissue__C6__thymus,cluster_tissue,C6,thymus,Tumor_T2_vs_Control_Ctrl,1087,1227,Unc5cl,-3.4370432,-0.8598023,0.0005881016722378,0.0193674223542526,0.045998160073597,0.05060534,0.090024866,0.045998160073597,0.0814995925020374,False,False,True,True,True,passes_recommended_min20,exploratory_cell_level_comparison; one_sample_per_tissue_condition; p_values_do_not_establish_biological_replicate_significance,Control,False,False
cluster_tissue__C6__thymus,cluster_tissue,C6,thymus,Tumor_T2_vs_Control_Ctrl,1087,1227,5830468F06Rik,-3.3919008,-0.9074038,0.0006940958651935,0.0219112511290397,0.0358785648574057,0.039197225,0.072302856,0.0358785648574057,0.067644661776691,False,False,True,True,True,passes_recommended_min20,exploratory_cell_level_comparison; one_sample_per_tissue_condition; p_values_do_not_establish_biological_replicate_significance,Control,False,False
cluster_tissue__C6__thymus,cluster_tissue,C6,thymus,Tumor_T2_vs_Control_Ctrl,1087,1227,Rdh14,-3.383266,-0.624895,0.0007162921109041,0.0225452413668066,0.0984360625574977,0.10669197,0.16009915,0.0984360625574978,0.1434392828035862,False,False,True,True,True,passes_recommended_min20,exploratory_cell_level_comparison; one_sample_per_tissue_condition; p_values_do_not_establish_biological_replicate_significance,Control,False,False
cluster_tissue__C6__thymus,cluster_tissue,C6,thymus,Tumor_T2_vs_Control_Ctrl,1087,1227,P4ha1,-3.3724008,-0.87089616,0.0007451591449928,0.0233162700207438,0.0505979760809567,0.053342897,0.09549397,0.0505979760809567,0.0855745721271393,False,False,True,True,True,passes_recommended_min20,exploratory_cell_level_comparison; one_sample_per_tissue_condition; p_values_do_not_establish_biological_replicate_significance,Control,True,False
cluster_tissue__C6__thymus,cluster_tissue,C6,thymus,Tumor_T2_vs_Control_Ctrl,1087,1227,Fbrs,-3.2887812,-0.58621454,0.0010062224655373,0.029576842168824,0.1057957681692732,0.11533315,0.16850162,0.1057957681692734,0.1507742461287696,False,False,True,True,True,passes_recommended_min20,exploratory_cell_level_comparison; one_sample_per_tissue_condition; p_values_do_not_establish_biological_replicate_significance,Control,False,False
cluster_tissue__C6__thymus,cluster_tissue,C6,thymus,Tumor_T2_vs_Control_Ctrl,1087,1227,3830403N18Rik,-3.273063,-3.5438654,0.0010638877982732,0.0309915048998544,0.0009199632014719,0.0011644625,0.013497529,0.0009199632014719,0.0122249388753056,False,False,True,True,True,passes_recommended_min20,exploratory_cell_level_comparison; one_sample_per_tissue_condition; p_values_do_not_establish_biological_replicate_significance,Control,False,False
cluster_tissue__C6__thymus,cluster_tissue,C6,thymus,Tumor_T2_vs_Control_Ctrl,1087,1227,Glmn,-3.2506533,-0.60240674,0.0011514015385759,0.0328488086005495,0.0975160993560257,0.10629419,0.1572344,0.0975160993560259,0.1409942950285251,False,False,True,True,True,passes_recommended_min20,exploratory_cell_level_comparison; one_sample_per_tissue_condition; p_values_do_not_establish_biological_replicate_significance,Control,False,False
cluster_tissue__C6__thymus,cluster_tissue,C6,thymus,Tumor_T2_vs_Control_Ctrl,1087,1227,Invs,-3.2429042,-0.9737828,0.0011831802558905,0.0336654222142719,0.0349586016559337,0.036350038,0.07018282,0.0349586016559337,0.0643846780766095,False,False,True,True,True,passes_recommended_min20,exploratory_cell_level_comparison; one_sample_per_tissue_condition; p_values_do_not_establish_biological_replicate_significance,Control,True,False
cluster_tissue__C6__thymus,cluster_tissue,C6,thymus,Tumor_T2_vs_Control_Ctrl,1087,1227,Selenoi,-3.21978,-0.65150553,0.0012828906351193,0.0356469871789669,0.0671573137074517,0.07627978,0.11734666,0.0671573137074516,0.1051344743276284,False,False,True,True,True,passes_recommended_min20,exploratory_cell_level_comparison; one_sample_per_tissue_condition; p_values_do_not_establish_biological_replicate_significance,Control,True,False
cluster_tissue__C6__thymus,cluster_tissue,C6,thymus,Tumor_T2_vs_Control_Ctrl,1087,1227,Dhodh,-3.1956859,-0.7543646,0.0013949893381695,0.0378741380108617,0.0561177552897884,0.058185775,0.09627761,0.0561177552897883,0.0904645476772616,False,False,True,True,True,passes_recommended_min20,exploratory_cell_level_comparison; one_sample_per_tissue_condition; p_values_do_not_establish_biological_replicate_significance,Control,True,False
cluster_tissue__C6__thymus,cluster_tissue,C6,thymus,Tumor_T2_vs_Control_Ctrl,1087,1227,Map3k10,-3.1807284,-0.9630816,0.0014690525994143,0.0393009774307422,0.0331186752529898,0.034880243,0.06690863,0.0331186752529899,0.061124694376528,False,False,True,True,True,passes_recommended_min20,exploratory_cell_level_comparison; one_sample_per_tissue_condition; p_values_do_not_establish_biological_replicate_significance,Control,False,False
cluster_tissue__C6__thymus,cluster_tissue,C6,thymus,Tumor_T2_vs_Control_Ctrl,1087,1227,Ttll3,-3.1572745,-1.0386611,0.0015925137611255,0.0422689597791287,0.030358785648574,0.031434048,0.06353921,0.030358785648574,0.0570497147514261,False,False,True,True,True,passes_recommended_min20,exploratory_cell_level_comparison; one_sample_per_tissue_condition; p_values_do_not_establish_biological_replicate_significance,Control,False,False
cluster_tissue__C6__thymus,cluster_tissue,C6,thymus,Tumor_T2_vs_Control_Ctrl,1087,1227,Fgd6,-3.1554625,-0.89705,0.0016024384834012,0.0423872668773341,0.0441582336706531,0.045700274,0.08349535,0.0441582336706531,0.0749796251018744,False,False,True,True,True,passes_recommended_min20,exploratory_cell_level_comparison; one_sample_per_tissue_condition; p_values_do_not_establish_biological_replicate_significance,Control,False,False
cluster_tissue__C6__thymus,cluster_tissue,C6,thymus,Tumor_T2_vs_Control_Ctrl,1087,1227,Eml3,-3.155012,-0.7348894,0.0016049161966675,0.0423872668773341,0.06163753449862,0.065391995,0.10658014,0.06163753449862,0.0969845150774246,False,False,True,True,True,passes_recommended_min20,exploratory_cell_level_comparison; one_sample_per_tissue_condition; p_values_do_not_establish_biological_replicate_significance,Control,False,False
cluster_tissue__C6__thymus,cluster_tissue,C6,thymus,Tumor_T2_vs_Control_Ctrl,1087,1227,Adck1,-3.1298208,-1.0276513,0.0017491302066426,0.045520047085066,0.0285188592456301,0.029439444,0.05912746,0.0285188592456301,0.054604726976365,False,False,True,True,True,passes_recommended_min20,exploratory_cell_level_comparison; one_sample_per_tissue_condition; p_values_do_not_establish_biological_replicate_significance,Control,False,False
cluster_tissue__C6__thymus,cluster_tissue,C6,thymus,Tumor_T2_vs_Control_Ctrl,1087,1227,Plin3,-3.1195645,-0.76652545,0.0018111856035186,0.0465671093723947,0.0505979760809567,0.05396939,0.09014564,0.0505979760809567,0.0831295843520782,False,False,True,True,True,passes_recommended_min20,exploratory_cell_level_comparison; one_sample_per_tissue_condition; p_values_do_not_establish_biological_replicate_significance,Control,False,False
cluster_tissue__C6__thymus,cluster_tissue,C6,thymus,Tumor_T2_vs_Control_Ctrl,1087,1227,Sephs1,-3.0932505,-0.70803934,0.001979769067723,0.049355457833189,0.0570377184912603,0.061198827,0.09812061,0.0570377184912603,0.091279543602282,False,False,True,True,True,passes_recommended_min20,exploratory_cell_level_comparison; one_sample_per_tissue_condition; p_values_do_not_establish_biological_replicate_significance,Control,True,False
cluster_tissue__C6__thymus,cluster_tissue,C6,thymus,Tumor_T2_vs_Control_Ctrl,1087,1227,Dync1li2,-3.067612,-0.6954325,0.0021577663795739,0.0525647654567441,0.0607175712971481,0.065894224,0.10463144,0.060717571297148,0.0953545232273839,False,False,False,True,True,passes_recommended_min20,exploratory_cell_level_comparison; one_sample_per_tissue_condition; p_values_do_not_establish_biological_replicate_significance,Control,True,False
cluster_tissue__C6__thymus,cluster_tissue,C6,thymus,Tumor_T2_vs_Control_Ctrl,1087,1227,Pdk3,-3.0592825,-0.89771175,0.00221867800604,0.0535141132636523,0.031278748850046,0.033067826,0.060755342,0.031278748850046,0.0578647106764465,False,False,False,True,True,passes_recommended_min20,exploratory_cell_level_comparison; one_sample_per_tissue_condition; p_values_do_not_establish_biological_replicate_significance,Control,False,False
cluster_tissue__C6__thymus,cluster_tissue,C6,thymus,Tumor_T2_vs_Control_Ctrl,1087,1227,Wdr4,-3.053644,-0.80171794,0.0022608023572745,0.0538454490002657,0.0413983440662373,0.04283839,0.073526815,0.0413983440662373,0.0709046454767725,False,False,False,True,True,passes_recommended_min20,exploratory_cell_level_comparison; one_sample_per_tissue_condition; p_values_do_not_establish_biological_replicate_significance,Control,False,False
cluster_tissue__C6__thymus,cluster_tissue,C6,thymus,Tumor_T2_vs_Control_Ctrl,1087,1227,Endod1,-3.044247,-0.7672396,0.0023326354775133,0.0553275299218406,0.0524379024839006,0.05598844,0.093500406,0.0524379024839006,0.0839445802770986,False,False,False,True,True,passes_recommended_min20,exploratory_cell_level_comparison; one_sample_per_tissue_condition; p_values_do_not_establish_biological_replicate_significance,Control,False,False
cluster_tissue__C6__thymus,cluster_tissue,C6,thymus,Tumor_T2_vs_Control_Ctrl,1087,1227,Mmgt1,-3.044093,-1.2090354,0.0023338315006016,0.0553275299218406,0.0137994480220791,0.015193384,0.034780785,0.0137994480220791,0.0334148329258353,False,False,False,True,True,passes_recommended_min20,exploratory_cell_level_comparison; one_sample_per_tissue_condition; p_values_do_not_establish_biological_replicate_significance,Control,False,False
cluster_tissue__C6__thymus,cluster_tissue,C6,thymus,Tumor_T2_vs_Control_Ctrl,1087,1227,Itpripl2,-2.9956918,-0.70323557,0.0027382313341905,0.0617694045154613,0.0579576816927322,0.06289843,0.10047632,0.0579576816927322,0.0904645476772616,False,False,False,True,True,passes_recommended_min20,exploratory_cell_level_comparison; one_sample_per_tissue_condition; p_values_do_not_establish_biological_replicate_significance,Control,False,False
cluster_tissue__C6__thymus,cluster_tissue,C6,thymus,Tumor_T2_vs_Control_Ctrl,1087,1227,Dhrs7b,-2.992437,-0.71775734,0.0027675982449703,0.0621978316882929,0.0524379024839006,0.055216428,0.08925932,0.0524379024839006,0.0839445802770986,False,False,False,True,True,passes_recommended_min20,exploratory_cell_level_comparison; one_sample_per_tissue_condition; p_values_do_not_establish_biological_replicate_significance,Control,False,False
cluster_tissue__C6__thymus,cluster_tissue,C6,thymus,Tumor_T2_vs_Control_Ctrl,1087,1227,Wls,-2.9876654,-0.61881495,0.0028111714041137,0.0627514620960121,0.0791168353265869,0.08808001,0.13224894,0.0791168353265869,0.1157294213528933,False,False,False,True,True,passes_recommended_min20,exploratory_cell_level_comparison; one_sample_per_tissue_condition; p_values_do_not_establish_biological_replicate_significance,Control,False,False
cluster_tissue__C6__thymus,cluster_tissue,C6,thymus,Tumor_T2_vs_Control_Ctrl,1087,1227,Trim41,-2.983001,-0.8342926,0.0028543717676091,0.0630894203960237,0.0423183072677092,0.044368997,0.077785134,0.0423183072677092,0.0709046454767725,False,False,False,True,True,passes_recommended_min20,exploratory_cell_level_comparison; one_sample_per_tissue_condition; p_values_do_not_establish_biological_replicate_significance,Control,False,False
cluster_tissue__C6__thymus,cluster_tissue,C6,thymus,Tumor_T2_vs_Control_Ctrl,1087,1227,S100a9,-2.9822066,-23.066233,0.0028617881416753,0.0630894203960237,0.0,0.0,0.008744349,0.0,0.0081499592502037,False,False,False,True,True,passes_recommended_min20,exploratory_cell_level_comparison; one_sample_per_tissue_condition; p_values_do_not_establish_biological_replicate_significance,Control,True,False
cluster_tissue__C6__thymus,cluster_tissue,C6,thymus,Tumor_T2_vs_Control_Ctrl,1087,1227,Cfap74,-2.9822066,-23.043716,0.0028617881416753,0.0630894203960237,0.0,0.0,0.008609515,0.0,0.0081499592502037,False,False,False,True,True,passes_recommended_min20,exploratory_cell_level_comparison; one_sample_per_tissue_condition; p_values_do_not_establish_biological_replicate_significance,Control,False,False
cluster_tissue__C6__thymus,cluster_tissue,C6,thymus,Tumor_T2_vs_Control_Ctrl,1087,1227,Lpcat1,-2.9814596,-0.8548998,0.0028687784911213,0.0631131268046695,0.0386384544618215,0.04120908,0.073333286,0.0386384544618215,0.0660146699266502,False,False,False,True,True,passes_recommended_min20,exploratory_cell_level_comparison; one_sample_per_tissue_condition; p_values_do_not_establish_biological_replicate_significance,Control,True,False
cluster_tissue__C6__thymus,cluster_tissue,C6,thymus,Tumor_T2_vs_Control_Ctrl,1087,1227,Gm26724,-2.963682,-0.79715663,0.0030398230529452,0.0660011731465599,0.0423183072677092,0.044225458,0.07563985,0.0423183072677092,0.0709046454767725,False,False,False,True,True,passes_recommended_min20,exploratory_cell_level_comparison; one_sample_per_tissue_condition; p_values_do_not_establish_biological_replicate_significance,Control,False,False
cluster_tissue__C6__thymus,cluster_tissue,C6,thymus,Tumor_T2_vs_Control_Ctrl,1087,1227,Vamp7,-2.9633248,-0.6588154,0.0030433530635527,0.0660011731465599,0.0689972401103955,0.07282656,0.11267467,0.0689972401103955,0.1026894865525673,False,False,False,True,True,passes_recommended_min20,exploratory_cell_level_comparison; one_sample_per_tissue_condition; p_values_do_not_establish_biological_replicate_significance,Control,True,False
cluster_tissue__C6__thymus,cluster_tissue,C6,thymus,Tumor_T2_vs_Control_Ctrl,1087,1227,Stard10,-2.9502988,-0.68982,0.0031746667045595,0.0682937373742961,0.0570377184912603,0.06203226,0.09824394,0.0570377184912603,0.0888345558272208,False,False,False,True,True,passes_recommended_min20,exploratory_cell_level_comparison; one_sample_per_tissue_condition; p_values_do_not_establish_biological_replicate_significance,Control,False,False
cluster_tissue__C6__thymus,cluster_tissue,C6,thymus,Tumor_T2_vs_Control_Ctrl,1087,1227,Hrh4,-2.9310772,-1.0390543,0.003377886764781,0.0707133110107325,0.0202391904323827,0.021887401,0.04446827,0.0202391904323827,0.041564792176039,False,False,False,True,True,passes_recommended_min20,exploratory_cell_level_comparison; one_sample_per_tissue_condition; p_values_do_not_establish_biological_replicate_significance,Control,True,False
cluster_tissue__C6__thymus,cluster_tissue,C6,thymus,Tumor_T2_vs_Control_Ctrl,1087,1227,Evi2,-2.9281073,-0.7977521,0.0034103226696416,0.0710705915724152,0.0469181232750689,0.04886748,0.08347739,0.0469181232750689,0.0757946210268948,False,False,False,True,True,passes_recommended_min20,exploratory_cell_level_comparison; one_sample_per_tissue_condition; p_values_do_not_establish_biological_replicate_significance,Control,False,False
cluster_tissue__C6__thymus,cluster_tissue,C6,thymus,Tumor_T2_vs_Control_Ctrl,1087,1227,Inka2,-2.9206748,-1.1369225,0.0034927425810311,0.0725191534666488,0.0174793008279668,0.01949006,0.042370822,0.0174793008279668,0.0374898125509372,False,False,False,True,True,passes_recommended_min20,exploratory_cell_level_comparison; one_sample_per_tissue_condition; p_values_do_not_establish_biological_replicate_significance,Control,False,False
cluster_tissue__C6__thymus,cluster_tissue,C6,thymus,Tumor_T2_vs_Control_Ctrl,1087,1227,Lxn,-2.9163523,-0.69443744,0.0035415052434031,0.0731955775567434,0.0487580496780128,0.055097878,0.0877035,0.0487580496780128,0.0790546047269763,False,False,False,True,True,passes_recommended_min20,exploratory_cell_level_comparison; one_sample_per_tissue_condition; p_values_do_not_establish_biological_replicate_significance,Control,False,False
cluster_tissue__C6__thymus,cluster_tissue,C6,thymus,Tumor_T2_vs_Control_Ctrl,1087,1227,Cmtm3,-2.9156966,-1.1200051,0.0035489535221237,0.0731955775567434,0.015639374425023,0.017042445,0.036677875,0.0156393744250229,0.0350448247758761,False,False,False,True,True,passes_recommended_min20,exploratory_cell_level_comparison; one_sample_per_tissue_condition; p_values_do_not_establish_biological_replicate_significance,Control,False,False
cluster_tissue__C6__thymus,cluster_tissue,C6,thymus,Tumor_T2_vs_Control_Ctrl,1087,1227,Tmem101,-2.9097517,-0.82039523,0.0036171618256179,0.0742213782295062,0.0377184912603495,0.040610187,0.07063474,0.0377184912603495,0.0643846780766095,False,False,False,True,True,passes_recommended_min20,exploratory_cell_level_comparison; one_sample_per_tissue_condition; p_values_do_not_establish_biological_replicate_significance,Control,False,False
cluster_tissue__C6__thymus,cluster_tissue,C6,thymus,Tumor_T2_vs_Control_Ctrl,1087,1227,Slc31a2,-2.8623679,-0.82052433,0.004204885048381,0.0833942815357365,0.0340386384544618,0.03608311,0.06286977,0.0340386384544618,0.0594947025264872,False,False,False,True,True,passes_recommended_min20,exploratory_cell_level_comparison; one_sample_per_tissue_condition; p_values_do_not_establish_biological_replicate_significance,Control,False,False
cluster_tissue__C6__thymus,cluster_tissue,C6,thymus,Tumor_T2_vs_Control_Ctrl,1087,1227,Actn1,-2.8595676,-0.83226526,0.0042421900937797,0.0839693412711207,0.0349586016559337,0.03901437,0.06844069,0.0349586016559337,0.0603096984515076,False,False,False,True,True,passes_recommended_min20,exploratory_cell_level_comparison; one_sample_per_tissue_condition; p_values_do_not_establish_biological_replicate_significance,Control,True,False
cluster_tissue__C6__thymus,cluster_tissue,C6,thymus,Tumor_T2_vs_Control_Ctrl,1087,1227,Rbm14,-2.858725,-0.74077404,0.0042534740137113,0.0839693412711207,0.0524379024839006,0.052605584,0.08641714,0.0524379024839006,0.0814995925020374,False,False,False,True,True,passes_recommended_min20,exploratory_cell_level_comparison; one_sample_per_tissue_condition; p_values_do_not_establish_biological_replicate_significance,Control,False,False
cluster_tissue__C6__thymus,cluster_tissue,C6,thymus,Tumor_T2_vs_Control_Ctrl,1087,1227,Tjp1,-2.8540704,-0.6546243,0.0043162951330568,0.0843601669444684,0.0717571297148114,0.07611578,0.117338516,0.0717571297148114,0.1051344743276284,False,False,False,True,True,passes_recommended_min20,exploratory_cell_level_comparison; one_sample_per_tissue_condition; p_values_do_not_establish_biological_replicate_significance,Control,True,False
cluster_tissue__C6__thymus,cluster_tissue,C6,thymus,Tumor_T2_vs_Control_Ctrl,1087,1227,Sumf2,-2.851632,-0.72258806,0.0043495409845386,0.0843601669444684,0.0395584176632934,0.04300386,0.070001975,0.0395584176632934,0.0668296658516706,False,False,False,True,True,passes_recommended_min20,exploratory_cell_level_comparison; one_sample_per_tissue_condition; p_values_do_not_establish_biological_replicate_significance,Control,False,False
cluster_tissue__C6__thymus,cluster_tissue,C6,thymus,Tumor_T2_vs_Control_Ctrl,1087,1227,Nek1,-2.8516092,-1.1217273,0.0043498543890681,0.0843601669444684,0.0220791168353265,0.022352295,0.048016455,0.0220791168353265,0.0431947840260798,False,False,False,True,True,passes_recommended_min20,exploratory_cell_level_comparison; one_sample_per_tissue_condition; p_values_do_not_establish_biological_replicate_significance,Control,False,False
cluster_tissue__C6__thymus,cluster_tissue,C6,thymus,Tumor_T2_vs_Control_Ctrl,1087,1227,Pigw,-2.8505569,-1.2042577,0.0043642748035001,0.0843601669444684,0.0137994480220791,0.014796894,0.033771574,0.0137994480220791,0.0317848410757946,False,False,False,True,True,passes_recommended_min20,exploratory_cell_level_comparison; one_sample_per_tissue_condition; p_values_do_not_establish_biological_replicate_significance,Control,True,False
cluster_tissue__C6__thymus,cluster_tissue,C6,thymus,Tumor_T2_vs_Control_Ctrl,1087,1227,Pfkfb2,-2.8438401,-3.4279287,0.0044573420459216,0.0855392799100441,0.0009199632014719,0.0009726936,0.010419158,0.0009199632014719,0.0097799511002445,False,False,False,True,True,passes_recommended_min20,exploratory_cell_level_comparison; one_sample_per_tissue_condition; p_values_do_not_establish_biological_replicate_significance,Control,True,False
cluster_tissue__C6__thymus,cluster_tissue,C6,thymus,Tumor_T2_vs_Control_Ctrl,1087,1227,Gemin5,-2.8313532,-0.76826584,0.0046351510344578,0.0880018888570549,0.0533578656853725,0.053611834,0.089662366,0.0533578656853725,0.0823145884270578,False,False,False,True,True,passes_recommended_min20,exploratory_cell_level_comparison; one_sample_per_tissue_condition; p_values_do_not_establish_biological_replicate_significance,Control,True,False
cluster_tissue__C6__thymus,cluster_tissue,C6,thymus,Tumor_T2_vs_Control_Ctrl,1087,1227,Golga1,-2.829408,-0.6345043,0.0046634229646327,0.0883092172134099,0.0800367985280588,0.08579076,0.13020493,0.0800367985280589,0.1132844335778322,False,False,False,True,True,passes_recommended_min20,exploratory_cell_level_comparison; one_sample_per_tissue_condition; p_values_do_not_establish_biological_replicate_significance,Control,False,False
cluster_tissue__C6__thymus,cluster_tissue,C6,thymus,Tumor_T2_vs_Control_Ctrl,1087,1227,Atg16l2,-2.8108163,-0.69283104,0.0049415995316522,0.0920189651007491,0.0570377184912603,0.05995055,0.0951929,0.0570377184912603,0.0863895680521597,False,False,False,True,True,passes_recommended_min20,exploratory_cell_level_comparison; one_sample_per_tissue_condition; p_values_do_not_establish_biological_replicate_significance,Control,True,False
cluster_tissue__C6__thymus,cluster_tissue,C6,thymus,Tumor_T2_vs_Control_Ctrl,1087,1227,Rfc4,-2.8024864,-0.67331,0.0050710369976936,0.0941008082876373,0.0570377184912603,0.059618343,0.09345965,0.0570377184912603,0.0872045639771801,False,False,False,True,True,passes_recommended_min20,exploratory_cell_level_comparison; one_sample_per_tissue_condition; p_values_do_not_establish_biological_replicate_significance,Control,True,False
cluster_tissue__C6__thymus,cluster_tissue,C6,thymus,Tumor_T2_vs_Control_Ctrl,1087,1227,5830444B04Rik,-2.8003628,-1.36702,0.0051045179239105,0.0942304606368948,0.0091996320147194,0.010240376,0.026203128,0.0091996320147194,0.0244498777506112,False,False,False,True,True,passes_recommended_min20,exploratory_cell_level_comparison; one_sample_per_tissue_condition; p_values_do_not_establish_biological_replicate_significance,Control,False,False
cluster_tissue__C6__thymus,cluster_tissue,C6,thymus,Tumor_T2_vs_Control_Ctrl,1087,1227,Ero1lb,-2.7962458,-0.8201553,0.005170004268866,0.0951102509462081,0.0395584176632934,0.041097987,0.071459055,0.0395584176632934,0.0651996740016298,False,False,False,True,True,passes_recommended_min20,exploratory_cell_level_comparison; one_sample_per_tissue_condition; p_values_do_not_establish_biological_replicate_significance,Control,True,False
cluster_tissue__C6__thymus,cluster_tissue,C6,thymus,Tumor_T2_vs_Control_Ctrl,1087,1227,Enpp4,-2.7829366,-0.74643284,0.005386934091521,0.0969284768238267,0.0377184912603495,0.042220227,0.06984956,0.0377184912603495,0.0635696821515891,False,False,False,True,True,passes_recommended_min20,exploratory_cell_level_comparison; one_sample_per_tissue_condition; p_values_do_not_establish_biological_replicate_significance,Control,True,False
cluster_tissue__C6__thymus,cluster_tissue,C6,thymus,Tumor_T2_vs_Control_Ctrl,1087,1227,Hsd17b11,-2.746665,-0.7132442,0.0060204582548341,0.1046226214643008,0.0404783808647654,0.04346286,0.070298135,0.0404783808647654,0.0668296658516706,False,False,False,True,True,passes_recommended_min20,exploratory_cell_level_comparison; one_sample_per_tissue_condition; p_values_do_not_establish_biological_replicate_significance,Control,False,False
cluster_tissue__C6__thymus,cluster_tissue,C6,thymus,Tumor_T2_vs_Control_Ctrl,1087,1227,Ulbp1,-2.7069824,-0.91796154,0.0067897860448033,0.1135533183355041,0.0285188592456301,0.02997756,0.055906154,0.0285188592456301,0.0505297473512631,False,False,False,True,True,passes_recommended_min20,exploratory_cell_level_comparison; one_sample_per_tissue_condition; p_values_do_not_establish_biological_replicate_significance,Control,True,False
cluster_tissue__C6__thymus,cluster_tissue,C6,thymus,Tumor_T2_vs_Control_Ctrl,1087,1227,Btd,-2.6874127,-0.96113014,0.0072007897004174,0.1176606831599607,0.0211591536338546,0.021591926,0.041614965,0.0211591536338546,0.0407497962510187,False,False,False,True,True,passes_recommended_min20,exploratory_cell_level_comparison; one_sample_per_tissue_condition; p_values_do_not_establish_biological_replicate_significance,Control,True,False
cluster_tissue__C6__thymus,cluster_tissue,C6,thymus,Tumor_T2_vs_Control_Ctrl,1087,1227,Cks1b,-2.6766775,-0.83574134,0.0074356160521542,0.1200400560924856,0.0248390064397424,0.027106922,0.047876805,0.0248390064397424,0.0456397718011409,False,False,False,True,True,passes_recommended_min20,exploratory_cell_level_comparison; one_sample_per_tissue_condition; p_values_do_not_establish_biological_replicate_significance,Control,True,False
cluster_tissue__C6__thymus,cluster_tissue,C6,thymus,Tumor_T2_vs_Control_Ctrl,1087,1227,Yars2,-2.6747205,-0.65994734,0.0074791571805145,0.120547744888354,0.0579576816927322,0.060971133,0.094703965,0.0579576816927322,0.0863895680521597,False,False,False,True,True,passes_recommended_min20,exploratory_cell_level_comparison; one_sample_per_tissue_condition; p_values_do_not_establish_biological_replicate_significance,Control,True,False
cluster_tissue__C6__thymus,cluster_tissue,C6,thymus,Tumor_T2_vs_Control_Ctrl,1087,1227,Utf1,-2.6662128,-22.78731,0.0076711139526455,0.122714821401391,0.0,0.0,0.0072126756,0.0,0.006519967400163,False,False,False,True,True,passes_recommended_min20,exploratory_cell_level_comparison; one_sample_per_tissue_condition; p_values_do_not_establish_biological_replicate_significance,Control,False,False
cluster_tissue__C6__thymus,cluster_tissue,C6,thymus,Tumor_T2_vs_Control_Ctrl,1087,1227,Fgd5,-2.6529095,-0.6992744,0.0079801232739981,0.1267082073416081,0.0423183072677092,0.047133785,0.07544398,0.0423183072677092,0.067644661776691,False,False,False,True,True,passes_recommended_min20,exploratory_cell_level_comparison; one_sample_per_tissue_condition; p_values_do_not_establish_biological_replicate_significance,Control,False,False
cluster_tissue__C6__thymus,cluster_tissue,C6,thymus,Tumor_T2_vs_Control_Ctrl,1087,1227,Hist3h2a,-2.621754,-0.6205465,0.0087478588470953,0.1362622684649742,0.0570377184912603,0.06240317,0.0943998,0.0570377184912603,0.0855745721271393,False,False,False,True,True,passes_recommended_min20,exploratory_cell_level_comparison; one_sample_per_tissue_condition; p_values_do_not_establish_biological_replicate_significance,Control,True,False
cluster_tissue__C6__thymus,cluster_tissue,C6,thymus,Tumor_T2_vs_Control_Ctrl,1087,1227,Igip,-2.6049604,-1.2671132,0.0091884845542102,0.1410663743790264,0.0101195952161913,0.010711833,0.02558954,0.0101195952161913,0.0244498777506112,False,False,False,True,True,passes_recommended_min20,exploratory_cell_level_comparison; one_sample_per_tissue_condition; p_values_do_not_establish_biological_replicate_significance,Control,False,False
cluster_tissue__C6__thymus,cluster_tissue,C6,thymus,Tumor_T2_vs_Control_Ctrl,1087,1227,Cnnm4,-2.602793,-1.4021852,0.0092467783447939,0.1415355953092488,0.0064397424103035,0.00747421,0.019634446,0.0064397424103035,0.0187449062754686,False,False,False,True,True,passes_recommended_min20,exploratory_cell_level_comparison; one_sample_per_tissue_condition; p_values_do_not_establish_biological_replicate_significance,Control,False,False
cluster_tissue__C6__thymus,cluster_tissue,C6,thymus,Tumor_T2_vs_Control_Ctrl,1087,1227,Iars,-2.584734,-0.67938507,0.0097454147277638,0.1466623062697327,0.0542778288868445,0.055870254,0.088029645,0.0542778288868445,0.080684596577017,False,False,False,True,True,passes_recommended_min20,exploratory_cell_level_comparison; one_sample_per_tissue_condition; p_values_do_not_establish_biological_replicate_significance,Control,True,False
cluster_tissue__C6__thymus,cluster_tissue,C6,thymus,Tumor_T2_vs_Control_Ctrl,1087,1227,Msl3l2,-2.5829322,-1.5533227,0.0097964549684202,0.1468092338666341,0.0055197792088316,0.006314773,0.018421298,0.0055197792088316,0.0171149144254278,False,False,False,True,True,passes_recommended_min20,exploratory_cell_level_comparison; one_sample_per_tissue_condition; p_values_do_not_establish_biological_replicate_significance,Control,False,False
cluster_tissue__C6__thymus,cluster_tissue,C6,thymus,Tumor_T2_vs_Control_Ctrl,1087,1227,Fbxo4,-2.5723145,-0.6438757,0.0101021063763426,0.1504277550735014,0.0515179392824287,0.05487319,0.084466636,0.0515179392824286,0.0782396088019559,False,False,False,True,True,passes_recommended_min20,exploratory_cell_level_comparison; one_sample_per_tissue_condition; p_values_do_not_establish_biological_replicate_significance,Control,True,False
cluster_tissue__C6__thymus,cluster_tissue,C6,thymus,Tumor_T2_vs_Control_Ctrl,1087,1227,Sec22c,-2.559881,-0.7535063,0.0104708050024738,0.1536774269276418,0.0367985280588776,0.037639268,0.06266004,0.0367985280588776,0.0594947025264872,False,False,False,True,True,passes_recommended_min20,exploratory_cell_level_comparison; one_sample_per_tissue_condition; p_values_do_not_establish_biological_replicate_significance,Control,False,False
cluster_tissue__C6__thymus,cluster_tissue,C6,thymus,Tumor_T2_vs_Control_Ctrl,1087,1227,Tha1,-2.5547645,-0.98230636,0.0106259642736886,0.1551602603828259,0.0202391904323827,0.021103818,0.041272655,0.0202391904323827,0.0383048084759576,False,False,False,True,True,passes_recommended_min20,exploratory_cell_level_comparison; one_sample_per_tissue_condition; p_values_do_not_establish_biological_replicate_significance,Control,True,False
cluster_tissue__C6__thymus,cluster_tissue,C6,thymus,Tumor_T2_vs_Control_Ctrl,1087,1227,Gm46430,-2.5367267,-0.857322,0.0111894299744787,0.1602566682250853,0.0285188592456301,0.029799823,0.053351145,0.0285188592456301,0.0488997555012224,False,False,False,True,True,passes_recommended_min20,exploratory_cell_level_comparison; one_sample_per_tissue_condition; p_values_do_not_establish_biological_replicate_significance,Control,False,False
cluster_tissue__C6__thymus,cluster_tissue,C6,thymus,Tumor_T2_vs_Control_Ctrl,1087,1227,S100a8,-2.5250974,-3.4679525,0.0115666222209195,0.1636815107390081,0.0009199632014719,0.0007745397,0.008537191,0.0009199632014719,0.0081499592502037,False,False,False,True,True,passes_recommended_min20,exploratory_cell_level_comparison; one_sample_per_tissue_condition; p_values_do_not_establish_biological_replicate_significance,Control,True,False
cluster_tissue__C6__thymus,cluster_tissue,C6,thymus,Tumor_T2_vs_Control_Ctrl,1087,1227,Ctif,-2.524574,-3.3012018,0.0115838570353413,0.1637082841948242,0.0009199632014719,0.0008998427,0.008834935,0.0009199632014719,0.0081499592502037,False,False,False,True,True,passes_recommended_min20,exploratory_cell_level_comparison; one_sample_per_tissue_condition; p_values_do_not_establish_biological_replicate_significance,Control,False,False
cluster_tissue__C6__thymus,cluster_tissue,C6,thymus,Tumor_T2_vs_Control_Ctrl,1087,1227,Dennd6a,-2.5097847,-0.6917864,0.0120804790875666,0.1671838026774782,0.0487580496780128,0.050088737,0.07970541,0.0487580496780128,0.0733496332518336,False,False,False,True,True,passes_recommended_min20,exploratory_cell_level_comparison; one_sample_per_tissue_condition; p_values_do_not_establish_biological_replicate_significance,Control,False,False
cluster_tissue__C6__thymus,cluster_tissue,C6,thymus,Tumor_T2_vs_Control_Ctrl,1087,1227,2310057M21Rik,-2.5024898,-0.65240246,0.0123323196085307,0.167839094672223,0.0441582336706531,0.04704675,0.07298501,0.0441582336706531,0.0684596577017114,False,False,False,True,True,passes_recommended_min20,exploratory_cell_level_comparison; one_sample_per_tissue_condition; p_values_do_not_establish_biological_replicate_significance,Control,False,False
cluster_tissue__C6__thymus,cluster_tissue,C6,thymus,Tumor_T2_vs_Control_Ctrl,1087,1227,Foxm1,-2.4934742,-22.580872,0.0126499777056047,0.1708547621756999,0.0,0.0,0.0062540453,0.0,0.0057049714751426,False,False,False,True,True,passes_recommended_min20,exploratory_cell_level_comparison; one_sample_per_tissue_condition; p_values_do_not_establish_biological_replicate_significance,Control,True,False
cluster_tissue__C6__thymus,cluster_tissue,C6,thymus,Tumor_T2_vs_Control_Ctrl,1087,1227,Hid1,-2.4862244,-0.6730585,0.0129106509725655,0.172991672502377,0.0450781968721251,0.0486619,0.076505154,0.0450781968721251,0.0692746536267317,False,False,False,True,True,passes_recommended_min20,exploratory_cell_level_comparison; one_sample_per_tissue_condition; p_values_do_not_establish_biological_replicate_significance,Control,False,False
cluster_tissue__C6__thymus,cluster_tissue,C6,thymus,Tumor_T2_vs_Control_Ctrl,1087,1227,Slc15a4,-2.4859204,-0.8392099,0.012921683503692,0.172991672502377,0.030358785648574,0.03149852,0.055671167,0.030358785648574,0.0505297473512631,False,False,False,True,True,passes_recommended_min20,exploratory_cell_level_comparison; one_sample_per_tissue_condition; p_values_do_not_establish_biological_replicate_significance,Control,False,False
cluster_tissue__C6__thymus,cluster_tissue,C6,thymus,Tumor_T2_vs_Control_Ctrl,1087,1227,Cby1,-2.4804635,-0.9191387,0.0131211661753761,0.1741328894169938,0.0239190432382704,0.02487251,0.046524145,0.0239190432382704,0.0423797881010594,False,False,False,True,True,passes_recommended_min20,exploratory_cell_level_comparison; one_sample_per_tissue_condition; p_values_do_not_establish_biological_replicate_significance,Control,False,False
cluster_tissue__C6__thymus,cluster_tissue,C6,thymus,Tumor_T2_vs_Control_Ctrl,1087,1227,Scmh1,-2.4719734,-1.2751616,0.0134369512545973,0.175271723577694,0.0119595216191352,0.012134686,0.029119872,0.0119595216191352,0.026079869600652,False,False,False,True,True,passes_recommended_min20,exploratory_cell_level_comparison; one_sample_per_tissue_condition; p_values_do_not_establish_biological_replicate_significance,Control,False,False
cluster_tissue__C6__thymus,cluster_tissue,C6,thymus,Tumor_T2_vs_Control_Ctrl,1087,1227,Slc35g1,-2.4667077,-0.9493915,0.0136361572617383,0.1770046204169682,0.0183992640294388,0.019000465,0.036372237,0.0183992640294388,0.0350448247758761,False,False,False,True,True,passes_recommended_min20,exploratory_cell_level_comparison; one_sample_per_tissue_condition; p_values_do_not_establish_biological_replicate_significance,Control,False,False
cluster_tissue__C6__thymus,cluster_tissue,C6,thymus,Tumor_T2_vs_Control_Ctrl,1087,1227,Slc25a37,-2.4571571,-0.66582227,0.0140041434531516,0.1796129028742927,0.0478380864765409,0.04918206,0.07693936,0.0478380864765409,0.0717196414017929,False,False,False,True,True,passes_recommended_min20,exploratory_cell_level_comparison; one_sample_per_tissue_condition; p_values_do_not_establish_biological_replicate_significance,Control,False,False
cluster_tissue__C6__thymus,cluster_tissue,C6,thymus,Tumor_T2_vs_Control_Ctrl,1087,1227,Irf5,-2.4562848,-1.3137926,0.0140381853367445,0.1798168517923943,0.0091996320147194,0.010106997,0.024939222,0.0091996320147194,0.0220048899755501,False,False,False,True,True,passes_recommended_min20,exploratory_cell_level_comparison; one_sample_per_tissue_condition; p_values_do_not_establish_biological_replicate_significance,Control,True,False
cluster_tissue__C6__thymus,cluster_tissue,C6,thymus,Tumor_T2_vs_Control_Ctrl,1087,1227,Hirip3,-2.442515,-0.5979992,0.014585331888119,0.1851131113579688,0.0726770929162833,0.07695135,0.11428668,0.0726770929162833,0.1002444987775061,False,False,False,True,True,passes_recommended_min20,exploratory_cell_level_comparison; one_sample_per_tissue_condition; p_values_do_not_establish_biological_replicate_significance,Control,False,False
cluster_tissue__C6__thymus,cluster_tissue,C6,thymus,Tumor_T2_vs_Control_Ctrl,1087,1227,Ppp1r3f,-2.4342291,-2.143684,0.0149235422041053,0.1864569031824406,0.0027598896044158,0.002852734,0.012544899,0.0027598896044158,0.0114099429502852,False,False,False,True,True,passes_recommended_min20,exploratory_cell_level_comparison; one_sample_per_tissue_condition; p_values_do_not_establish_biological_replicate_significance,Control,True,False
cluster_tissue__C6__thymus,cluster_tissue,C6,thymus,Tumor_T2_vs_Control_Ctrl,1087,1227,Gm3604,-2.4321966,-1.6445808,0.0150075533366152,0.187017557326338,0.0045998160073597,0.0051370854,0.01597451,0.0045998160073597,0.0146699266503667,False,False,False,True,True,passes_recommended_min20,exploratory_cell_level_comparison; one_sample_per_tissue_condition; p_values_do_not_establish_biological_replicate_significance,Control,False,False
cluster_tissue__C6__thymus,cluster_tissue,C6,thymus,Tumor_T2_vs_Control_Ctrl,1087,1227,Slc36a1,-2.426927,-0.83422774,0.015227314960026,0.1890797123808865,0.0266789328426862,0.028235871,0.049798477,0.0266789328426863,0.0456397718011409,False,False,False,True,True,passes_recommended_min20,exploratory_cell_level_comparison; one_sample_per_tissue_condition; p_values_do_not_establish_biological_replicate_significance,Control,True,False
cluster_tissue__C6__thymus,cluster_tissue,C6,thymus,Tumor_T2_vs_Control_Ctrl,1087,1227,5830432E09Rik,-2.42663,-0.65069395,0.0152397893765288,0.1890797123808865,0.0367985280588776,0.04008729,0.062235005,0.0367985280588776,0.0586797066014668,False,False,False,True,True,passes_recommended_min20,exploratory_cell_level_comparison; one_sample_per_tissue_condition; p_values_do_not_establish_biological_replicate_significance,Control,False,False
cluster_tissue__C6__thymus,cluster_tissue,C6,thymus,Tumor_T2_vs_Control_Ctrl,1087,1227,Fbxw11,-2.4153125,-0.64053035,0.0157217100983564,0.1922558118787664,0.045998160073597,0.049141027,0.07558927,0.045998160073597,0.0692746536267317,False,False,False,True,True,passes_recommended_min20,exploratory_cell_level_comparison; one_sample_per_tissue_condition; p_values_do_not_establish_biological_replicate_significance,Control,True,False
cluster_tissue__C6__thymus,cluster_tissue,C6,thymus,Tumor_T2_vs_Control_Ctrl,1087,1227,Stk35,-2.4151201,-1.215198,0.015730020971899,0.1922558118787664,0.0110395584176632,0.011000377,0.025356641,0.0110395584176632,0.0244498777506112,False,False,False,True,True,passes_recommended_min20,exploratory_cell_level_comparison; one_sample_per_tissue_condition; p_values_do_not_establish_biological_replicate_significance,Control,False,False
cluster_tissue__C6__thymus,cluster_tissue,C6,thymus,Tumor_T2_vs_Control_Ctrl,1087,1227,Slc25a15,-2.4030502,-1.2716194,0.0162589581533493,0.1969160993146854,0.0082796688132474,0.008671717,0.020809354,0.0082796688132474,0.0203748981255093,False,False,False,True,True,passes_recommended_min20,exploratory_cell_level_comparison; one_sample_per_tissue_condition; p_values_do_not_establish_biological_replicate_significance,Control,False,False
cluster_tissue__C6__thymus,cluster_tissue,C6,thymus,Tumor_T2_vs_Control_Ctrl,1087,1227,Smim40,-2.3875864,-1.5564822,0.0169594206123192,0.2002275238710113,0.0073597056117755,0.007650902,0.022338966,0.0073597056117755,0.0187449062754686,False,False,False,True,True,passes_recommended_min20,exploratory_cell_level_comparison; one_sample_per_tissue_condition; p_values_do_not_establish_biological_replicate_significance,Control,False,False
cluster_tissue__C6__thymus,cluster_tissue,C6,thymus,Tumor_T2_vs_Control_Ctrl,1087,1227,Abhd5,-2.375728,-0.70668447,0.0175143731244966,0.2024684303774417,0.0404783808647654,0.041692395,0.0671748,0.0404783808647654,0.0619396903015483,False,False,False,True,True,passes_recommended_min20,exploratory_cell_level_comparison; one_sample_per_tissue_condition; p_values_do_not_establish_biological_replicate_significance,Control,True,False
cluster_tissue__C6__thymus,cluster_tissue,C6,thymus,Tumor_T2_vs_Control_Ctrl,1087,1227,Apex2,-2.3702717,-0.8117385,0.0177750223067378,0.2030125283114829,0.0239190432382704,0.02603906,0.045267113,0.0239190432382704,0.041564792176039,False,False,False,True,True,passes_recommended_min20,exploratory_cell_level_comparison; one_sample_per_tissue_condition; p_values_do_not_establish_biological_replicate_significance,Control,True,False
cluster_tissue__C6__thymus,cluster_tissue,C6,thymus,Tumor_T2_vs_Control_Ctrl,1087,1227,March9,-2.3687208,-0.73475504,0.0178497285974534,0.2030125283114829,0.0349586016559337,0.035721615,0.058758754,0.0349586016559337,0.0554197229013854,False,False,False,True,True,passes_recommended_min20,exploratory_cell_level_comparison; one_sample_per_tissue_condition; p_values_do_not_establish_biological_replicate_significance,Control,False,False
cluster_tissue__C6__thymus,cluster_tissue,C6,thymus,Tumor_T2_vs_Control_Ctrl,1087,1227,Tedc1,-2.365985,-1.2108995,0.0179821803761826,0.2035067642444656,0.0073597056117755,0.008522643,0.019618971,0.0073597056117755,0.0187449062754686,False,False,False,True,True,passes_recommended_min20,exploratory_cell_level_comparison; one_sample_per_tissue_condition; p_values_do_not_establish_biological_replicate_significance,Control,False,False
cluster_tissue__C6__thymus,cluster_tissue,C6,thymus,Tumor_T2_vs_Control_Ctrl,1087,1227,Nanos1,-2.3606937,-0.790408,0.0182407919349959,0.2054939645173681,0.0257589696412143,0.0277349,0.04749472,0.0257589696412143,0.0440097799511002,False,False,False,True,True,passes_recommended_min20,exploratory_cell_level_comparison; one_sample_per_tissue_condition; p_values_do_not_establish_biological_replicate_significance,Control,False,False
cluster_tissue__C6__thymus,cluster_tissue,C6,thymus,Tumor_T2_vs_Control_Ctrl,1087,1227,Sulf2,-2.3594968,-0.61971414,0.0182997323812992,0.2056827351631413,0.0432382704691812,0.048962653,0.074278615,0.0432382704691812,0.0660146699266502,False,False,False,True,True,passes_recommended_min20,exploratory_cell_level_comparison; one_sample_per_tissue_condition; p_values_do_not_establish_biological_replicate_significance,Control,False,False
cluster_tissue__C6__thymus,cluster_tissue,C6,thymus,Tumor_T2_vs_Control_Ctrl,1087,1227,Zfp40,-2.353372,-1.2463337,0.0186040057363754,0.2067757720907566,0.0119595216191352,0.012466695,0.029326571,0.0119595216191352,0.0252648736756316,False,False,False,True,True,passes_recommended_min20,exploratory_cell_level_comparison; one_sample_per_tissue_condition; p_values_do_not_establish_biological_replicate_significance,Control,True,False
cluster_tissue__C6__thymus,cluster_tissue,C6,thymus,Tumor_T2_vs_Control_Ctrl,1087,1227,Inf2,-2.326485,-0.637393,0.0199926949303361,0.2163509684651995,0.0386384544618215,0.04108853,0.063204914,0.0386384544618215,0.0594947025264872,False,False,False,True,True,passes_recommended_min20,exploratory_cell_level_comparison; one_sample_per_tissue_condition; p_values_do_not_establish_biological_replicate_significance,Control,False,False
cluster_tissue__C6__thymus,cluster_tissue,C6,thymus,Tumor_T2_vs_Control_Ctrl,1087,1227,Zfp367,-2.320392,-0.95533806,0.0203196812076749,0.2192224453851279,0.0193192272309107,0.019647479,0.037752185,0.0193192272309107,0.0350448247758761,False,False,False,True,True,passes_recommended_min20,exploratory_cell_level_comparison; one_sample_per_tissue_condition; p_values_do_not_establish_biological_replicate_significance,Control,False,False
cluster_tissue__C6__thymus,cluster_tissue,C6,thymus,Tumor_T2_vs_Control_Ctrl,1087,1227,Zfp940,-2.318574,-1.6047854,0.0204181483560716,0.2192774846833162,0.0055197792088316,0.0053334357,0.016134152,0.0055197792088316,0.0154849225753871,False,False,False,True,True,passes_recommended_min20,exploratory_cell_level_comparison; one_sample_per_tissue_condition; p_values_do_not_establish_biological_replicate_significance,Control,True,False
cluster_tissue__C6__thymus,cluster_tissue,C6,thymus,Tumor_T2_vs_Control_Ctrl,1087,1227,Tspan3,-2.318494,-1.0691553,0.020422487914032,0.2192774846833162,0.0137994480220791,0.01427374,0.029718008,0.0137994480220791,0.0277098614506927,False,False,False,True,True,passes_recommended_min20,exploratory_cell_level_comparison; one_sample_per_tissue_condition; p_values_do_not_establish_biological_replicate_significance,Control,False,False
cluster_tissue__C6__thymus,cluster_tissue,C6,thymus,Tumor_T2_vs_Control_Ctrl,1087,1227,Pcbp3,-2.3143961,-1.5625303,0.0206460081030618,0.2208586640846224,0.0055197792088316,0.005765966,0.016935986,0.0055197792088316,0.0154849225753871,False,False,False,True,True,passes_recommended_min20,exploratory_cell_level_comparison; one_sample_per_tissue_condition; p_values_do_not_establish_biological_replicate_significance,Control,False,False
cluster_tissue__C6__thymus,cluster_tissue,C6,thymus,Tumor_T2_vs_Control_Ctrl,1087,1227,Ppp4r1,-2.3143888,-0.61534756,0.0206464087179968,0.2208586640846224,0.0487580496780128,0.051065616,0.07720238,0.0487580496780128,0.0717196414017929,False,False,False,True,True,passes_recommended_min20,exploratory_cell_level_comparison; one_sample_per_tissue_condition; p_values_do_not_establish_biological_replicate_significance,Control,False,False
cluster_tissue__C6__thymus,cluster_tissue,C6,thymus,Tumor_T2_vs_Control_Ctrl,1087,1227,Tspan31,-2.31174,-0.7915951,0.0207920223317494,0.2218343787190859,0.0229990800367985,0.024862831,0.042653963,0.0229990800367985,0.0399348003259983,False,False,False,True,True,passes_recommended_min20,exploratory_cell_level_comparison; one_sample_per_tissue_condition; p_values_do_not_establish_biological_replicate_significance,Control,False,False
cluster_tissue__C6__thymus,cluster_tissue,C6,thymus,Tumor_T2_vs_Control_Ctrl,1087,1227,Zfp667,-2.307993,-0.88281274,0.0209995323343334,0.2229502587137687,0.0193192272309107,0.020964947,0.038322955,0.0193192272309107,0.0350448247758761,False,False,False,True,True,passes_recommended_min20,exploratory_cell_level_comparison; one_sample_per_tissue_condition; p_values_do_not_establish_biological_replicate_significance,Control,True,False
cluster_tissue__C6__thymus,cluster_tissue,C6,thymus,Tumor_T2_vs_Control_Ctrl,1087,1227,Arhgef4,-2.3012593,-0.61586314,0.0213769793129982,0.2247215460785133,0.0349586016559337,0.039073534,0.059272587,0.0349586016559337,0.0554197229013854,False,False,False,True,True,passes_recommended_min20,exploratory_cell_level_comparison; one_sample_per_tissue_condition; p_values_do_not_establish_biological_replicate_significance,Control,True,False
cluster_tissue__C6__thymus,cluster_tissue,C6,thymus,Tumor_T2_vs_Control_Ctrl,1087,1227,Ssx2ip,-2.297898,-0.8456894,0.0215675940055418,0.2253929755525288,0.0193192272309107,0.02172993,0.03871938,0.0193192272309107,0.0350448247758761,False,False,False,True,True,passes_recommended_min20,exploratory_cell_level_comparison; one_sample_per_tissue_condition; p_values_do_not_establish_biological_replicate_significance,Control,True,False
cluster_tissue__C6__thymus,cluster_tissue,C6,thymus,Tumor_T2_vs_Control_Ctrl,1087,1227,Fbxo17,-2.2914488,-0.81099796,0.0219374612616274,0.2263652124127702,0.0211591536338546,0.022458615,0.039074298,0.0211591536338546,0.0374898125509372,False,False,False,True,True,passes_recommended_min20,exploratory_cell_level_comparison; one_sample_per_tissue_condition; p_values_do_not_establish_biological_replicate_significance,Control,False,False
cluster_tissue__C6__thymus,cluster_tissue,C6,thymus,Tumor_T2_vs_Control_Ctrl,1087,1227,Elmo3,-2.2890854,-2.3764153,0.0220743933372083,0.227349205509665,0.0018399264029438,0.0019426169,0.010046116,0.0018399264029438,0.0089649551752241,False,False,False,True,True,passes_recommended_min20,exploratory_cell_level_comparison; one_sample_per_tissue_condition; p_values_do_not_establish_biological_replicate_significance,Control,True,False
cluster_tissue__C6__thymus,cluster_tissue,C6,thymus,Tumor_T2_vs_Control_Ctrl,1087,1227,Rab26,-2.2882607,-1.5399282,0.0221223477912205,0.2275708250462818,0.0045998160073597,0.005035892,0.014573592,0.0045998160073597,0.0138549307253463,False,False,False,True,True,passes_recommended_min20,exploratory_cell_level_comparison; one_sample_per_tissue_condition; p_values_do_not_establish_biological_replicate_significance,Control,False,False
cluster_tissue__C6__thymus,cluster_tissue,C6,thymus,Tumor_T2_vs_Control_Ctrl,1087,1227,Rcor3,-2.2723937,-0.6082809,0.0230627369794618,0.2336936406180991,0.0515179392824287,0.05412507,0.08138115,0.0515179392824286,0.074164629176854,False,False,False,True,True,passes_recommended_min20,exploratory_cell_level_comparison; one_sample_per_tissue_condition; p_values_do_not_establish_biological_replicate_significance,Control,False,False
cluster_tissue__C6__thymus,cluster_tissue,C6,thymus,Tumor_T2_vs_Control_Ctrl,1087,1227,Rnf144a,-2.264221,-0.61243635,0.0235605236048608,0.2367144885723773,0.0432382704691812,0.046116162,0.06967078,0.0432382704691812,0.0643846780766095,False,False,False,True,True,passes_recommended_min20,exploratory_cell_level_comparison; one_sample_per_tissue_condition; p_values_do_not_establish_biological_replicate_significance,Control,False,False
cluster_tissue__C6__thymus,cluster_tissue,C6,thymus,Tumor_T2_vs_Control_Ctrl,1087,1227,Ankrd13b,-2.2621295,-0.77307343,0.023689394211937,0.2373388133721767,0.0331186752529898,0.033172272,0.056039106,0.0331186752529899,0.0521597392013039,False,False,False,True,True,passes_recommended_min20,exploratory_cell_level_comparison; one_sample_per_tissue_condition; p_values_do_not_establish_biological_replicate_significance,Control,False,False
cluster_tissue__C6__thymus,cluster_tissue,C6,thymus,Tumor_T2_vs_Control_Ctrl,1087,1227,Tmem129,-2.2432842,-0.64081985,0.0248784932100216,0.2427961271717554,0.030358785648574,0.033150103,0.05121999,0.030358785648574,0.0488997555012224,False,False,False,True,True,passes_recommended_min20,exploratory_cell_level_comparison; one_sample_per_tissue_condition; p_values_do_not_establish_biological_replicate_significance,Control,False,False
cluster_tissue__C6__thymus,cluster_tissue,C6,thymus,Tumor_T2_vs_Control_Ctrl,1087,1227,Aldh5a1,-2.2380126,-1.1663952,0.0252202346236168,0.2446362758490836,0.0119595216191352,0.011869843,0.026447786,0.0119595216191352,0.0244498777506112,False,False,False,True,True,passes_recommended_min20,exploratory_cell_level_comparison; one_sample_per_tissue_condition; p_values_do_not_establish_biological_replicate_significance,Control,True,False
cluster_tissue__C6__thymus,cluster_tissue,C6,thymus,Tumor_T2_vs_Control_Ctrl,1087,1227,Abcb8,-2.2353475,-1.2039713,0.0253945446724117,0.2456571093877003,0.0119595216191352,0.011930803,0.0272746,0.0119595216191352,0.0244498777506112,False,False,False,True,True,passes_recommended_min20,exploratory_cell_level_comparison; one_sample_per_tissue_condition; p_values_do_not_establish_biological_replicate_significance,Control,True,False
cluster_tissue__C6__thymus,cluster_tissue,C6,thymus,Tumor_T2_vs_Control_Ctrl,1087,1227,Stradb,-2.2153594,-0.80643237,0.0267353999112643,0.2524492850672184,0.0211591536338546,0.023347912,0.040482547,0.0211591536338546,0.0366748166259168,False,False,False,True,True,passes_recommended_min20,exploratory_cell_level_comparison; one_sample_per_tissue_condition; p_values_do_not_establish_biological_replicate_significance,Control,True,False
cluster_tissue__C6__thymus,cluster_tissue,C6,thymus,Tumor_T2_vs_Control_Ctrl,1087,1227,Nsun5,-2.2110133,-0.8182305,0.0270349182338174,0.253405272253709,0.0395584176632934,0.03968633,0.06895098,0.0395584176632934,0.0586797066014668,False,False,False,True,True,passes_recommended_min20,exploratory_cell_level_comparison; one_sample_per_tissue_condition; p_values_do_not_establish_biological_replicate_significance,Control,False,False
cluster_tissue__C6__thymus,cluster_tissue,C6,thymus,Tumor_T2_vs_Control_Ctrl,1087,1227,Smim13,-2.205593,-0.7648425,0.0274125069517729,0.256224481857269,0.0275988960441582,0.02893677,0.04868274,0.0275988960441582,0.0448247758761205,False,False,False,True,True,passes_recommended_min20,exploratory_cell_level_comparison; one_sample_per_tissue_condition; p_values_do_not_establish_biological_replicate_significance,Control,False,False
cluster_tissue__C6__thymus,cluster_tissue,C6,thymus,Tumor_T2_vs_Control_Ctrl,1087,1227,Ccp110,-2.2032592,-1.1740389,0.0275764909030839,0.2567549371168462,0.0091996320147194,0.010038869,0.02251076,0.0091996320147194,0.0203748981255093,False,False,False,True,True,passes_recommended_min20,exploratory_cell_level_comparison; one_sample_per_tissue_condition; p_values_do_not_establish_biological_replicate_significance,Control,False,False
cluster_tissue__C6__thymus,cluster_tissue,C6,thymus,Tumor_T2_vs_Control_Ctrl,1087,1227,Pdlim1,-2.1977892,-0.83542037,0.0279641367007273,0.2585592188880078,0.015639374425023,0.017248482,0.030572617,0.0156393744250229,0.0293398533007335,False,False,False,True,True,passes_recommended_min20,exploratory_cell_level_comparison; one_sample_per_tissue_condition; p_values_do_not_establish_biological_replicate_significance,Control,False,False
cluster_tissue__C6__thymus,cluster_tissue,C6,thymus,Tumor_T2_vs_Control_Ctrl,1087,1227,Slc25a14,-2.17598,-0.7283147,0.0295567483224674,0.2665853800513339,0.0266789328426862,0.028287409,0.046437822,0.0266789328426863,0.0431947840260798,False,False,False,True,True,passes_recommended_min20,exploratory_cell_level_comparison; one_sample_per_tissue_condition; p_values_do_not_establish_biological_replicate_significance,Control,False,False
cluster_tissue__C6__thymus,cluster_tissue,C6,thymus,Tumor_T2_vs_Control_Ctrl,1087,1227,Erlin2,-2.17092,-0.6634863,0.0299372296798972,0.2682703070230536,0.0386384544618215,0.039294112,0.06154388,0.0386384544618215,0.0578647106764465,False,False,False,True,True,passes_recommended_min20,exploratory_cell_level_comparison; one_sample_per_tissue_condition; p_values_do_not_establish_biological_replicate_significance,Control,False,False
cluster_tissue__C6__thymus,cluster_tissue,C6,thymus,Tumor_T2_vs_Control_Ctrl,1087,1227,Flvcr1,-2.1698325,-0.8402898,0.0300195370640774,0.2683096704504175,0.0220791168353265,0.022636857,0.040173594,0.0220791168353265,0.0374898125509372,False,False,False,True,True,passes_recommended_min20,exploratory_cell_level_comparison; one_sample_per_tissue_condition; p_values_do_not_establish_biological_replicate_significance,Control,False,False
cluster_tissue__C6__thymus,cluster_tissue,C6,thymus,Tumor_T2_vs_Control_Ctrl,1087,1227,3300002I08Rik,-2.1697667,-1.4341639,0.0300245310700842,0.2683096704504175,0.0055197792088316,0.005573659,0.014990581,0.0055197792088316,0.0146699266503667,False,False,False,True,True,passes_recommended_min20,exploratory_cell_level_comparison; one_sample_per_tissue_condition; p_values_do_not_establish_biological_replicate_significance,Control,False,False
cluster_tissue__C6__thymus,cluster_tissue,C6,thymus,Tumor_T2_vs_Control_Ctrl,1087,1227,Tsen54,-2.1659155,-0.64020854,0.0303176492797182,0.2699010426486956,0.0478380864765409,0.04828926,0.07427987,0.0478380864765409,0.0684596577017114,False,False,False,True,True,passes_recommended_min20,exploratory_cell_level_comparison; one_sample_per_tissue_condition; p_values_do_not_establish_biological_replicate_significance,Control,False,False
cluster_tissue__C6__thymus,cluster_tissue,C6,thymus,Tumor_T2_vs_Control_Ctrl,1087,1227,Casp9,-2.1628988,-0.7887646,0.0305489649600087,0.270953828863918,0.0220791168353265,0.02310709,0.03959033,0.0220791168353265,0.0374898125509372,False,False,False,True,True,passes_recommended_min20,exploratory_cell_level_comparison; one_sample_per_tissue_condition; p_values_do_not_establish_biological_replicate_significance,Control,True,False
cluster_tissue__C6__thymus,cluster_tissue,C6,thymus,Tumor_T2_vs_Control_Ctrl,1087,1227,Soat2,-2.1560862,-0.987034,0.0310769314261518,0.2736972268034441,0.0128794848206071,0.014375768,0.02829596,0.0128794848206071,0.0252648736756316,False,False,False,True,True,passes_recommended_min20,exploratory_cell_level_comparison; one_sample_per_tissue_condition; p_values_do_not_establish_biological_replicate_significance,Control,True,False
cluster_tissue__C6__thymus,cluster_tissue,C6,thymus,Tumor_T2_vs_Control_Ctrl,1087,1227,Rnf141,-2.1504328,-0.65137196,0.0315210006021147,0.2749031787646039,0.0331186752529898,0.035410378,0.055069607,0.0331186752529899,0.0513447432762835,False,False,False,True,True,passes_recommended_min20,exploratory_cell_level_comparison; one_sample_per_tissue_condition; p_values_do_not_establish_biological_replicate_significance,Control,False,False
cluster_tissue__C6__thymus,cluster_tissue,C6,thymus,Tumor_T2_vs_Control_Ctrl,1087,1227,Mgmt,-2.1476545,-1.8120147,0.0317412181030053,0.2759162939174246,0.0045998160073597,0.0041985153,0.014665275,0.0045998160073597,0.013039934800326,False,False,False,True,True,passes_recommended_min20,exploratory_cell_level_comparison; one_sample_per_tissue_condition; p_values_do_not_establish_biological_replicate_significance,Control,False,False
cluster_tissue__C6__thymus,cluster_tissue,C6,thymus,Tumor_T2_vs_Control_Ctrl,1087,1227,Tmem50b,-2.1470816,-1.1845951,0.0317867785769714,0.2759162939174246,0.0082796688132474,0.008969817,0.020273175,0.0082796688132474,0.0187449062754686,False,False,False,True,True,passes_recommended_min20,exploratory_cell_level_comparison; one_sample_per_tissue_condition; p_values_do_not_establish_biological_replicate_significance,Control,False,False
cluster_tissue__C6__thymus,cluster_tissue,C6,thymus,Tumor_T2_vs_Control_Ctrl,1087,1227,Ddx51,-2.1419423,-0.7864202,0.0321981312665158,0.2772833418996969,0.0248390064397424,0.026292088,0.0449253,0.0248390064397424,0.0407497962510187,False,False,False,True,True,passes_recommended_min20,exploratory_cell_level_comparison; one_sample_per_tissue_condition; p_values_do_not_establish_biological_replicate_significance,Control,False,False
cluster_tissue__C6__thymus,cluster_tissue,C6,thymus,Tumor_T2_vs_Control_Ctrl,1087,1227,Mfsd4b4,-2.1385453,-1.6208949,0.0324725073375131,0.2787446453397296,0.0045998160073597,0.004603116,0.014090506,0.0045998160073597,0.013039934800326,False,False,False,True,True,passes_recommended_min20,exploratory_cell_level_comparison; one_sample_per_tissue_condition; p_values_do_not_establish_biological_replicate_significance,Control,False,False
cluster_tissue__C6__thymus,cluster_tissue,C6,thymus,Tumor_T2_vs_Control_Ctrl,1087,1227,B3galt2,-2.1304672,-0.85678416,0.0331330724741173,0.2823721112610481,0.014719411223551,0.01797312,0.032315705,0.014719411223551,0.0277098614506927,False,False,False,True,True,passes_recommended_min20,exploratory_cell_level_comparison; one_sample_per_tissue_condition; p_values_do_not_establish_biological_replicate_significance,Control,True,False
cluster_tissue__C6__thymus,cluster_tissue,C6,thymus,Tumor_T2_vs_Control_Ctrl,1087,1227,Zfp617,-2.1221125,-0.6643433,0.0338282913851216,0.2851603537643996,0.0395584176632934,0.04121665,0.06455752,0.0395584176632934,0.0586797066014668,False,False,False,True,True,passes_recommended_min20,exploratory_cell_level_comparison; one_sample_per_tissue_condition; p_values_do_not_establish_biological_replicate_significance,Control,True,False
cluster_tissue__C6__thymus,cluster_tissue,C6,thymus,Tumor_T2_vs_Control_Ctrl,1087,1227,Nek6,-2.1217215,-1.08844,0.0338611216700557,0.2851603537643996,0.0101195952161913,0.010126557,0.021412032,0.0101195952161913,0.0211898940505297,False,False,False,True,True,passes_recommended_min20,exploratory_cell_level_comparison; one_sample_per_tissue_condition; p_values_do_not_establish_biological_replicate_significance,Control,False,False
cluster_tissue__C6__thymus,cluster_tissue,C6,thymus,Tumor_T2_vs_Control_Ctrl,1087,1227,Cep76,-2.1148353,-1.0182788,0.0344439917116419,0.2876744175070583,0.0101195952161913,0.011281556,0.02272012,0.0101195952161913,0.0211898940505297,False,False,False,True,True,passes_recommended_min20,exploratory_cell_level_comparison; one_sample_per_tissue_condition; p_values_do_not_establish_biological_replicate_significance,Control,False,False
cluster_tissue__C6__thymus,cluster_tissue,C6,thymus,Tumor_T2_vs_Control_Ctrl,1087,1227,Ccr9,-2.1146917,-1.0538145,0.0344562235776963,0.2876744175070583,0.0101195952161913,0.011538385,0.023806902,0.0101195952161913,0.0211898940505297,False,False,False,True,True,passes_recommended_min20,exploratory_cell_level_comparison; one_sample_per_tissue_condition; p_values_do_not_establish_biological_replicate_significance,Control,True,False
cluster_tissue__C6__thymus,cluster_tissue,C6,thymus,Tumor_T2_vs_Control_Ctrl,1087,1227,Ahcy,-2.1119034,-1.3667879,0.0346947399465768,0.2887619931591067,0.0073597056117755,0.0070268046,0.018022269,0.0073597056117755,0.0171149144254278,False,False,False,True,True,passes_recommended_min20,exploratory_cell_level_comparison; one_sample_per_tissue_condition; p_values_do_not_establish_biological_replicate_significance,Control,True,False
cluster_tissue__C6__thymus,cluster_tissue,C6,thymus,Tumor_T2_vs_Control_Ctrl,1087,1227,Kif22,-2.110186,-2.3372707,0.0348423225071126,0.2890883212681897,0.0018399264029438,0.0018877978,0.009503617,0.0018399264029438,0.0081499592502037,False,False,False,True,True,passes_recommended_min20,exploratory_cell_level_comparison; one_sample_per_tissue_condition; p_values_do_not_establish_biological_replicate_significance,Control,True,False
cluster_tissue__C6__thymus,cluster_tissue,C6,thymus,Tumor_T2_vs_Control_Ctrl,1087,1227,Ifngr2,-2.1064591,-22.006615,0.0351644979256525,0.290648596383308,0.0,0.0,0.0042047272,0.0,0.0040749796251018,False,False,False,True,True,passes_recommended_min20,exploratory_cell_level_comparison; one_sample_per_tissue_condition; p_values_do_not_establish_biological_replicate_significance,Control,True,False
cluster_tissue__C6__thymus,cluster_tissue,C6,thymus,Tumor_T2_vs_Control_Ctrl,1087,1227,Egln3,-2.1064591,-21.970955,0.0351644979256525,0.290648596383308,0.0,0.0,0.004102281,0.0,0.0040749796251018,False,False,False,True,True,passes_recommended_min20,exploratory_cell_level_comparison; one_sample_per_tissue_condition; p_values_do_not_establish_biological_replicate_significance,Control,True,False
cluster_tissue__C6__thymus,cluster_tissue,C6,thymus,Tumor_T2_vs_Control_Ctrl,1087,1227,Tnfsf9,-2.106435,-0.8578989,0.0351665733768369,0.290648596383308,0.0193192272309107,0.02035354,0.03658904,0.0193192272309107,0.0334148329258353,False,False,False,True,True,passes_recommended_min20,exploratory_cell_level_comparison; one_sample_per_tissue_condition; p_values_do_not_establish_biological_replicate_significance,Control,True,False
cluster_tissue__C6__thymus,cluster_tissue,C6,thymus,Tumor_T2_vs_Control_Ctrl,1087,1227,Tst,-2.1045718,-1.4014244,0.0353286058149886,0.2912747491030956,0.0036798528058877,0.0044135223,0.011616891,0.0036798528058877,0.0114099429502852,False,False,False,True,True,passes_recommended_min20,exploratory_cell_level_comparison; one_sample_per_tissue_condition; p_values_do_not_establish_biological_replicate_significance,Control,True,False
cluster_tissue__C6__thymus,cluster_tissue,C6,thymus,Tumor_T2_vs_Control_Ctrl,1087,1227,Blcap,-2.1033702,-0.68458784,0.0354334230867683,0.2912747491030956,0.0358785648574057,0.03670332,0.058351062,0.0358785648574057,0.0537897310513446,False,False,False,True,True,passes_recommended_min20,exploratory_cell_level_comparison; one_sample_per_tissue_condition; p_values_do_not_establish_biological_replicate_significance,Control,False,False
cluster_tissue__C6__thymus,cluster_tissue,C6,thymus,Tumor_T2_vs_Control_Ctrl,1087,1227,Prdm15,-2.1004767,-0.77148885,0.0356869208468135,0.291785015659387,0.0285188592456301,0.029204108,0.049349423,0.0285188592456301,0.0448247758761205,False,False,False,True,True,passes_recommended_min20,exploratory_cell_level_comparison; one_sample_per_tissue_condition; p_values_do_not_establish_biological_replicate_significance,Control,False,False
cluster_tissue__C6__thymus,cluster_tissue,C6,thymus,Tumor_T2_vs_Control_Ctrl,1087,1227,Fbxl18,-2.0825982,-0.8327678,0.0372878571349075,0.298451243358438,0.015639374425023,0.016573144,0.029330015,0.0156393744250229,0.0285248573757131,False,False,False,True,True,passes_recommended_min20,exploratory_cell_level_comparison; one_sample_per_tissue_condition; p_values_do_not_establish_biological_replicate_significance,Control,False,False
cluster_tissue__C6__thymus,cluster_tissue,C6,thymus,Tumor_T2_vs_Control_Ctrl,1087,1227,Rps6ka5,-2.0789957,-0.6342421,0.0376177372481792,0.2994211900987856,0.030358785648574,0.032736957,0.05036285,0.030358785648574,0.0472697636511816,False,False,False,True,True,passes_recommended_min20,exploratory_cell_level_comparison; one_sample_per_tissue_condition; p_values_do_not_establish_biological_replicate_significance,Control,True,False
cluster_tissue__C6__thymus,cluster_tissue,C6,thymus,Tumor_T2_vs_Control_Ctrl,1087,1227,Aste1,-2.0666065,-0.7281679,0.0387712497462798,0.3047838953842314,0.0239190432382704,0.026046308,0.042784948,0.0239190432382704,0.0391198044009779,False,False,False,True,True,passes_recommended_min20,exploratory_cell_level_comparison; one_sample_per_tissue_condition; p_values_do_not_establish_biological_replicate_significance,Control,False,False
cluster_tissue__C6__thymus,cluster_tissue,C6,thymus,Tumor_T2_vs_Control_Ctrl,1087,1227,Ccdc90b,-2.0636833,-0.6100114,0.0390477586682515,0.3047838953842314,0.0386384544618215,0.041952405,0.06334359,0.0386384544618215,0.0570497147514261,False,False,False,True,True,passes_recommended_min20,exploratory_cell_level_comparison; one_sample_per_tissue_condition; p_values_do_not_establish_biological_replicate_significance,Control,False,False
cluster_tissue__C6__thymus,cluster_tissue,C6,thymus,Tumor_T2_vs_Control_Ctrl,1087,1227,Alg10b,-2.057531,-0.7007798,0.0396351604209614,0.3066766944827112,0.0294388224471021,0.030221594,0.048667744,0.0294388224471021,0.0456397718011409,False,False,False,True,True,passes_recommended_min20,exploratory_cell_level_comparison; one_sample_per_tissue_condition; p_values_do_not_establish_biological_replicate_significance,Control,True,False
cluster_tissue__C6__thymus,cluster_tissue,C6,thymus,Tumor_T2_vs_Control_Ctrl,1087,1227,Smim24,-2.0534065,-0.60668385,0.0400331713632929,0.3073049916880113,0.0377184912603495,0.041171297,0.062037542,0.0377184912603495,0.0554197229013854,False,False,False,True,True,passes_recommended_min20,exploratory_cell_level_comparison; one_sample_per_tissue_condition; p_values_do_not_establish_biological_replicate_significance,Control,False,False
cluster_tissue__C6__thymus,cluster_tissue,C6,thymus,Tumor_T2_vs_Control_Ctrl,1087,1227,D830024N08Rik,-2.0500355,-1.1910813,0.040360975983933,0.3087108342283622,0.0064397424103035,0.0071708355,0.01629803,0.0064397424103035,0.0154849225753871,False,False,False,True,True,passes_recommended_min20,exploratory_cell_level_comparison; one_sample_per_tissue_condition; p_values_do_not_establish_biological_replicate_significance,Control,False,False
cluster_tissue__C6__thymus,cluster_tissue,C6,thymus,Tumor_T2_vs_Control_Ctrl,1087,1227,Zfp94,-2.0369542,-1.3410485,0.0416546445831166,0.3151708553410665,0.0082796688132474,0.007416571,0.018683026,0.0082796688132474,0.0179299103504482,False,False,False,True,True,passes_recommended_min20,exploratory_cell_level_comparison; one_sample_per_tissue_condition; p_values_do_not_establish_biological_replicate_significance,Control,True,False
cluster_tissue__C6__thymus,cluster_tissue,C6,thymus,Tumor_T2_vs_Control_Ctrl,1087,1227,Slc25a27,-2.0364249,-0.590428,0.0417077083169246,0.3151708553410665,0.0395584176632934,0.042212125,0.06289881,0.0395584176632934,0.0578647106764465,False,False,False,True,True,passes_recommended_min20,exploratory_cell_level_comparison; one_sample_per_tissue_condition; p_values_do_not_establish_biological_replicate_significance,Control,False,False
cluster_tissue__C6__thymus,cluster_tissue,C6,thymus,Tumor_T2_vs_Control_Ctrl,1087,1227,Ppp1r12b,-2.0307531,-0.7655894,0.0422800462877415,0.3165813706294042,0.0275988960441582,0.029762072,0.05008258,0.0275988960441582,0.0431947840260798,False,False,False,True,True,passes_recommended_min20,exploratory_cell_level_comparison; one_sample_per_tissue_condition; p_values_do_not_establish_biological_replicate_significance,Control,True,False
cluster_tissue__C6__thymus,cluster_tissue,C6,thymus,Tumor_T2_vs_Control_Ctrl,1087,1227,Fastkd3,-2.0299003,-0.8893719,0.0423666644012304,0.3167850800007908,0.0128794848206071,0.013900468,0.02559815,0.0128794848206071,0.0244498777506112,False,False,False,True,True,passes_recommended_min20,exploratory_cell_level_comparison; one_sample_per_tissue_condition; p_values_do_not_establish_biological_replicate_significance,Control,False,False
cluster_tissue__C6__thymus,cluster_tissue,C6,thymus,Tumor_T2_vs_Control_Ctrl,1087,1227,Rdh12,-2.0291817,-0.8158963,0.042439789222847,0.3171096295572675,0.0165593376264949,0.018390998,0.03215242,0.0165593376264949,0.0293398533007335,False,False,False,True,True,passes_recommended_min20,exploratory_cell_level_comparison; one_sample_per_tissue_condition; p_values_do_not_establish_biological_replicate_significance,Control,True,False
cluster_tissue__C6__thymus,cluster_tissue,C6,thymus,Tumor_T2_vs_Control_Ctrl,1087,1227,Cdc20,-2.0203905,-1.4206116,0.0433429012696412,0.3212980458846508,0.0055197792088316,0.005475747,0.014591746,0.0055197792088316,0.0138549307253463,False,False,False,True,True,passes_recommended_min20,exploratory_cell_level_comparison; one_sample_per_tissue_condition; p_values_do_not_establish_biological_replicate_significance,Control,True,False
cluster_tissue__C6__thymus,cluster_tissue,C6,thymus,Tumor_T2_vs_Control_Ctrl,1087,1227,Pnpla6,-2.005214,-0.7655714,0.0449401849565904,0.3273117907759861,0.0239190432382704,0.02441425,0.041157387,0.0239190432382704,0.0383048084759576,False,False,False,True,True,passes_recommended_min20,exploratory_cell_level_comparison; one_sample_per_tissue_condition; p_values_do_not_establish_biological_replicate_significance,Control,True,False
cluster_tissue__C6__thymus,cluster_tissue,C6,thymus,Tumor_T2_vs_Control_Ctrl,1087,1227,Fam160a2,-1.9978198,-0.8097308,0.0457361999140877,0.330626865232599,0.0193192272309107,0.020758303,0.03610741,0.0193192272309107,0.032599837000815,False,False,False,True,True,passes_recommended_min20,exploratory_cell_level_comparison; one_sample_per_tissue_condition; p_values_do_not_establish_biological_replicate_significance,Control,False,False
cluster_tissue__C6__thymus,cluster_tissue,C6,thymus,Tumor_T2_vs_Control_Ctrl,1087,1227,Krtcap3,-1.9787812,-0.7317314,0.0478406458137056,0.3393793901558121,0.0266789328426862,0.027818272,0.04578033,0.0266789328426863,0.041564792176039,False,False,False,True,True,passes_recommended_min20,exploratory_cell_level_comparison; one_sample_per_tissue_condition; p_values_do_not_establish_biological_replicate_significance,Control,False,False
cluster_tissue__C6__thymus,cluster_tissue,C6,thymus,Tumor_T2_vs_Control_Ctrl,1087,1227,2900076A07Rik,-1.9780871,-0.81053764,0.0479188863541115,0.3393793901558121,0.0220791168353265,0.022913273,0.03984622,0.0220791168353265,0.0358598207008964,False,False,False,True,True,passes_recommended_min20,exploratory_cell_level_comparison; one_sample_per_tissue_condition; p_values_do_not_establish_biological_replicate_significance,Control,False,False
cluster_tissue__C6__thymus,cluster_tissue,C6,thymus,Tumor_T2_vs_Control_Ctrl,1087,1227,Slc36a4,-1.977188,-0.95020133,0.0480203808933713,0.3395547858300692,0.0101195952161913,0.011590246,0.022274358,0.0101195952161913,0.0203748981255093,False,False,False,True,True,passes_recommended_min20,exploratory_cell_level_comparison; one_sample_per_tissue_condition; p_values_do_not_establish_biological_replicate_significance,Control,False,False
cluster_tissue__C6__thymus,cluster_tissue,C6,thymus,Tumor_T2_vs_Control_Ctrl,1087,1227,Plcb3,-1.9751005,-0.744639,0.0482567432601369,0.3403168873665969,0.0174793008279668,0.019627234,0.032671783,0.0174793008279668,0.0301548492257538,False,False,False,True,True,passes_recommended_min20,exploratory_cell_level_comparison; one_sample_per_tissue_condition; p_values_do_not_establish_biological_replicate_significance,Control,True,False
cluster_tissue__C6__thymus,cluster_tissue,C6,thymus,Tumor_T2_vs_Control_Ctrl,1087,1227,Coq4,-1.9709418,-0.94733816,0.0487305387703595,0.3420350036064955,0.0119595216191352,0.012765644,0.024472035,0.0119595216191352,0.0228198859005705,False,False,False,True,True,passes_recommended_min20,exploratory_cell_level_comparison; one_sample_per_tissue_condition; p_values_do_not_establish_biological_replicate_significance,Control,False,False
cluster_tissue__C6__thymus,cluster_tissue,C6,thymus,Tumor_T2_vs_Control_Ctrl,1087,1227,Acad8,-1.9629046,-0.6817944,0.0496572601875155,0.3456248964127797,0.0239190432382704,0.025628664,0.040799413,0.0239190432382704,0.0383048084759576,False,False,False,True,True,passes_recommended_min20,exploratory_cell_level_comparison; one_sample_per_tissue_condition; p_values_do_not_establish_biological_replicate_significance,Control,True,False
