unit_id,gene,seed,n_each,delta_mean_log1p,primary_delta_mean_log1p,max_abs_QC_SMD,same_direction
cluster_tissue__C0__bone_marrow,Fos,0,1742,0.2247239351272583,0.22550612688064575,0.053579706703191836,True
cluster_tissue__C0__bone_marrow,Jun,0,1742,0.2806127667427063,0.28183943033218384,0.053579706703191836,True
cluster_tissue__C0__bone_marrow,Junb,0,1742,0.3697836399078369,0.37603306770324707,0.053579706703191836,True
cluster_tissue__C0__bone_marrow,Jund,0,1742,0.12458276748657227,0.10088086128234863,0.053579706703191836,True
cluster_tissue__C0__bone_marrow,Fosb,0,1742,0.1795438528060913,0.20343917608261108,0.053579706703191836,True
cluster_tissue__C0__bone_marrow,Fosl2,0,1742,0.060744255781173706,0.05836493521928787,0.053579706703191836,True
cluster_tissue__C0__bone_marrow,Dusp1,0,1742,0.2146555781364441,0.24925202131271362,0.053579706703191836,True
cluster_tissue__C0__bone_marrow,Nr4a1,0,1742,0.016629081219434738,0.02496250718832016,0.053579706703191836,True
cluster_tissue__C0__bone_marrow,Rorc,0,1742,-0.0004059466300532222,-0.0005703190108761191,0.053579706703191836,True
cluster_tissue__C0__bone_marrow,Il23r,0,1742,0.0,0.0,0.053579706703191836,True
cluster_tissue__C0__bone_marrow,Fos,1,1742,0.23621279001235962,0.22550612688064575,0.044999898560018015,True
cluster_tissue__C0__bone_marrow,Jun,1,1742,0.2735987901687622,0.28183943033218384,0.044999898560018015,True
cluster_tissue__C0__bone_marrow,Junb,1,1742,0.38769328594207764,0.37603306770324707,0.044999898560018015,True
cluster_tissue__C0__bone_marrow,Jund,1,1742,0.1389017105102539,0.10088086128234863,0.044999898560018015,True
cluster_tissue__C0__bone_marrow,Fosb,1,1742,0.17487531900405884,0.20343917608261108,0.044999898560018015,True
cluster_tissue__C0__bone_marrow,Fosl2,1,1742,0.06803997606039047,0.05836493521928787,0.044999898560018015,True
cluster_tissue__C0__bone_marrow,Dusp1,1,1742,0.2515208423137665,0.24925202131271362,0.044999898560018015,True
cluster_tissue__C0__bone_marrow,Nr4a1,1,1742,0.020064014941453934,0.02496250718832016,0.044999898560018015,True
cluster_tissue__C0__bone_marrow,Rorc,1,1742,-0.0003656476619653404,-0.0005703190108761191,0.044999898560018015,True
cluster_tissue__C0__bone_marrow,Il23r,1,1742,0.0,0.0,0.044999898560018015,True
cluster_tissue__C0__bone_marrow,Fos,2,1742,0.21565333008766174,0.22550612688064575,0.05286348838632802,True
cluster_tissue__C0__bone_marrow,Jun,2,1742,0.24229902029037476,0.28183943033218384,0.05286348838632802,True
cluster_tissue__C0__bone_marrow,Junb,2,1742,0.33867335319519043,0.37603306770324707,0.05286348838632802,True
cluster_tissue__C0__bone_marrow,Jund,2,1742,0.1293938159942627,0.10088086128234863,0.05286348838632802,True
cluster_tissue__C0__bone_marrow,Fosb,2,1742,0.18046903610229492,0.20343917608261108,0.05286348838632802,True
cluster_tissue__C0__bone_marrow,Fosl2,2,1742,0.06220562756061554,0.05836493521928787,0.05286348838632802,True
cluster_tissue__C0__bone_marrow,Dusp1,2,1742,0.22158104181289673,0.24925202131271362,0.05286348838632802,True
cluster_tissue__C0__bone_marrow,Nr4a1,2,1742,0.01954420655965805,0.02496250718832016,0.05286348838632802,True
cluster_tissue__C0__bone_marrow,Rorc,2,1742,-0.0007544673280790448,-0.0005703190108761191,0.05286348838632802,True
cluster_tissue__C0__bone_marrow,Il23r,2,1742,0.0,0.0,0.05286348838632802,True
cluster_tissue__C0__bone_marrow,Fos,3,1742,0.23918184638023376,0.22550612688064575,0.04590682486793007,True
cluster_tissue__C0__bone_marrow,Jun,3,1742,0.2321404218673706,0.28183943033218384,0.04590682486793007,True
cluster_tissue__C0__bone_marrow,Junb,3,1742,0.35587644577026367,0.37603306770324707,0.04590682486793007,True
cluster_tissue__C0__bone_marrow,Jund,3,1742,0.1373295783996582,0.10088086128234863,0.04590682486793007,True
cluster_tissue__C0__bone_marrow,Fosb,3,1742,0.1884399652481079,0.20343917608261108,0.04590682486793007,True
cluster_tissue__C0__bone_marrow,Fosl2,3,1742,0.05704646557569504,0.05836493521928787,0.04590682486793007,True
cluster_tissue__C0__bone_marrow,Dusp1,3,1742,0.23596960306167603,0.24925202131271362,0.04590682486793007,True
cluster_tissue__C0__bone_marrow,Nr4a1,3,1742,0.029432376846671104,0.02496250718832016,0.04590682486793007,True
cluster_tissue__C0__bone_marrow,Rorc,3,1742,0.00013925426173955202,-0.0005703190108761191,0.04590682486793007,False
cluster_tissue__C0__bone_marrow,Il23r,3,1742,0.0,0.0,0.04590682486793007,True
cluster_tissue__C0__bone_marrow,Fos,4,1742,0.22927594184875488,0.22550612688064575,0.0444748879874464,True
cluster_tissue__C0__bone_marrow,Jun,4,1742,0.2660825848579407,0.28183943033218384,0.0444748879874464,True
cluster_tissue__C0__bone_marrow,Junb,4,1742,0.36200809478759766,0.37603306770324707,0.0444748879874464,True
cluster_tissue__C0__bone_marrow,Jund,4,1742,0.13862347602844238,0.10088086128234863,0.0444748879874464,True
cluster_tissue__C0__bone_marrow,Fosb,4,1742,0.19080385565757751,0.20343917608261108,0.0444748879874464,True
cluster_tissue__C0__bone_marrow,Fosl2,4,1742,0.06947312504053116,0.05836493521928787,0.0444748879874464,True
cluster_tissue__C0__bone_marrow,Dusp1,4,1742,0.23725387454032898,0.24925202131271362,0.0444748879874464,True
cluster_tissue__C0__bone_marrow,Nr4a1,4,1742,0.021321702748537064,0.02496250718832016,0.0444748879874464,True
cluster_tissue__C0__bone_marrow,Rorc,4,1742,-0.00271392147988081,-0.0005703190108761191,0.0444748879874464,True
cluster_tissue__C0__bone_marrow,Il23r,4,1742,0.0,0.0,0.0444748879874464,True
cluster_tissue__C0__bone_marrow,Fos,5,1742,0.2254905104637146,0.22550612688064575,0.05029384317785827,True
cluster_tissue__C0__bone_marrow,Jun,5,1742,0.22965753078460693,0.28183943033218384,0.05029384317785827,True
cluster_tissue__C0__bone_marrow,Junb,5,1742,0.352134108543396,0.37603306770324707,0.05029384317785827,True
cluster_tissue__C0__bone_marrow,Jund,5,1742,0.11617136001586914,0.10088086128234863,0.05029384317785827,True
cluster_tissue__C0__bone_marrow,Fosb,5,1742,0.1823851764202118,0.20343917608261108,0.05029384317785827,True
cluster_tissue__C0__bone_marrow,Fosl2,5,1742,0.05948706716299057,0.05836493521928787,0.05029384317785827,True
cluster_tissue__C0__bone_marrow,Dusp1,5,1742,0.24015450477600098,0.24925202131271362,0.05029384317785827,True
cluster_tissue__C0__bone_marrow,Nr4a1,5,1742,0.02160859853029251,0.02496250718832016,0.05029384317785827,True
cluster_tissue__C0__bone_marrow,Rorc,5,1742,-0.0021687205880880356,-0.0005703190108761191,0.05029384317785827,True
cluster_tissue__C0__bone_marrow,Il23r,5,1742,0.0,0.0,0.05029384317785827,True
cluster_tissue__C0__bone_marrow,Fos,6,1742,0.21309122443199158,0.22550612688064575,0.056898354840563714,True
cluster_tissue__C0__bone_marrow,Jun,6,1742,0.2632172107696533,0.28183943033218384,0.056898354840563714,True
cluster_tissue__C0__bone_marrow,Junb,6,1742,0.34599530696868896,0.37603306770324707,0.056898354840563714,True
cluster_tissue__C0__bone_marrow,Jund,6,1742,0.11713099479675293,0.10088086128234863,0.056898354840563714,True
cluster_tissue__C0__bone_marrow,Fosb,6,1742,0.18175354599952698,0.20343917608261108,0.056898354840563714,True
cluster_tissue__C0__bone_marrow,Fosl2,6,1742,0.075170136988163,0.05836493521928787,0.056898354840563714,True
cluster_tissue__C0__bone_marrow,Dusp1,6,1742,0.24402865767478943,0.24925202131271362,0.056898354840563714,True
cluster_tissue__C0__bone_marrow,Nr4a1,6,1742,0.021162766963243484,0.02496250718832016,0.056898354840563714,True
cluster_tissue__C0__bone_marrow,Rorc,6,1742,-0.0011185945477336645,-0.0005703190108761191,0.056898354840563714,True
cluster_tissue__C0__bone_marrow,Il23r,6,1742,0.0,0.0,0.056898354840563714,True
cluster_tissue__C0__bone_marrow,Fos,7,1742,0.23028382658958435,0.22550612688064575,0.0550708131297565,True
cluster_tissue__C0__bone_marrow,Jun,7,1742,0.236070454120636,0.28183943033218384,0.0550708131297565,True
cluster_tissue__C0__bone_marrow,Junb,7,1742,0.34073972702026367,0.37603306770324707,0.0550708131297565,True
cluster_tissue__C0__bone_marrow,Jund,7,1742,0.11357927322387695,0.10088086128234863,0.0550708131297565,True
cluster_tissue__C0__bone_marrow,Fosb,7,1742,0.18830984830856323,0.20343917608261108,0.0550708131297565,True
cluster_tissue__C0__bone_marrow,Fosl2,7,1742,0.06367689371109009,0.05836493521928787,0.0550708131297565,True
cluster_tissue__C0__bone_marrow,Dusp1,7,1742,0.23112794756889343,0.24925202131271362,0.0550708131297565,True
cluster_tissue__C0__bone_marrow,Nr4a1,7,1742,0.02091093733906746,0.02496250718832016,0.0550708131297565,True
cluster_tissue__C0__bone_marrow,Rorc,7,1742,-0.000714168359991163,-0.0005703190108761191,0.0550708131297565,True
cluster_tissue__C0__bone_marrow,Il23r,7,1742,0.0,0.0,0.0550708131297565,True
cluster_tissue__C0__bone_marrow,Fos,8,1742,0.21864449977874756,0.22550612688064575,0.056701102801028046,True
cluster_tissue__C0__bone_marrow,Jun,8,1742,0.26425158977508545,0.28183943033218384,0.056701102801028046,True
cluster_tissue__C0__bone_marrow,Junb,8,1742,0.3564797639846802,0.37603306770324707,0.056701102801028046,True
cluster_tissue__C0__bone_marrow,Jund,8,1742,0.132399320602417,0.10088086128234863,0.056701102801028046,True
cluster_tissue__C0__bone_marrow,Fosb,8,1742,0.19320479035377502,0.20343917608261108,0.056701102801028046,True
cluster_tissue__C0__bone_marrow,Fosl2,8,1742,0.05918159335851669,0.05836493521928787,0.056701102801028046,True
cluster_tissue__C0__bone_marrow,Dusp1,8,1742,0.22664055228233337,0.24925202131271362,0.056701102801028046,True
cluster_tissue__C0__bone_marrow,Nr4a1,8,1742,0.02344357594847679,0.02496250718832016,0.056701102801028046,True
cluster_tissue__C0__bone_marrow,Rorc,8,1742,-0.0014671151293441653,-0.0005703190108761191,0.056701102801028046,True
cluster_tissue__C0__bone_marrow,Il23r,8,1742,0.0,0.0,0.056701102801028046,True
cluster_tissue__C0__bone_marrow,Fos,9,1742,0.2230226695537567,0.22550612688064575,0.051853218596691786,True
cluster_tissue__C0__bone_marrow,Jun,9,1742,0.24655455350875854,0.28183943033218384,0.051853218596691786,True
cluster_tissue__C0__bone_marrow,Junb,9,1742,0.35019874572753906,0.37603306770324707,0.051853218596691786,True
cluster_tissue__C0__bone_marrow,Jund,9,1742,0.1174461841583252,0.10088086128234863,0.051853218596691786,True
cluster_tissue__C0__bone_marrow,Fosb,9,1742,0.18553519248962402,0.20343917608261108,0.051853218596691786,True
cluster_tissue__C0__bone_marrow,Fosl2,9,1742,0.05884268134832382,0.05836493521928787,0.051853218596691786,True
cluster_tissue__C0__bone_marrow,Dusp1,9,1742,0.2214527726173401,0.24925202131271362,0.051853218596691786,True
cluster_tissue__C0__bone_marrow,Nr4a1,9,1742,0.020873455330729485,0.02496250718832016,0.051853218596691786,True
cluster_tissue__C0__bone_marrow,Rorc,9,1742,0.00013925426173955202,-0.0005703190108761191,0.051853218596691786,False
cluster_tissue__C0__bone_marrow,Il23r,9,1742,0.0,0.0,0.051853218596691786,True
cluster_tissue__C0__bone_marrow,Fos,10,1742,0.2211149036884308,0.22550612688064575,0.04687596903949857,True
cluster_tissue__C0__bone_marrow,Jun,10,1742,0.27793920040130615,0.28183943033218384,0.04687596903949857,True
cluster_tissue__C0__bone_marrow,Junb,10,1742,0.363460898399353,0.37603306770324707,0.04687596903949857,True
cluster_tissue__C0__bone_marrow,Jund,10,1742,0.1155388355255127,0.10088086128234863,0.04687596903949857,True
cluster_tissue__C0__bone_marrow,Fosb,10,1742,0.1946619153022766,0.20343917608261108,0.04687596903949857,True
cluster_tissue__C0__bone_marrow,Fosl2,10,1742,0.05816805362701416,0.05836493521928787,0.04687596903949857,True
cluster_tissue__C0__bone_marrow,Dusp1,10,1742,0.2299654185771942,0.24925202131271362,0.04687596903949857,True
cluster_tissue__C0__bone_marrow,Nr4a1,10,1742,0.02044903114438057,0.02496250718832016,0.04687596903949857,True
cluster_tissue__C0__bone_marrow,Rorc,10,1742,0.0002956588286906481,-0.0005703190108761191,0.04687596903949857,False
cluster_tissue__C0__bone_marrow,Il23r,10,1742,0.0,0.0,0.04687596903949857,True
cluster_tissue__C0__bone_marrow,Fos,11,1742,0.22217565774917603,0.22550612688064575,0.04968312976436326,True
cluster_tissue__C0__bone_marrow,Jun,11,1742,0.26646751165390015,0.28183943033218384,0.04968312976436326,True
cluster_tissue__C0__bone_marrow,Junb,11,1742,0.3323795795440674,0.37603306770324707,0.04968312976436326,True
cluster_tissue__C0__bone_marrow,Jund,11,1742,0.1383812427520752,0.10088086128234863,0.04968312976436326,True
cluster_tissue__C0__bone_marrow,Fosb,11,1742,0.1854603886604309,0.20343917608261108,0.04968312976436326,True
cluster_tissue__C0__bone_marrow,Fosl2,11,1742,0.05765467882156372,0.05836493521928787,0.04968312976436326,True
cluster_tissue__C0__bone_marrow,Dusp1,11,1742,0.20341551303863525,0.24925202131271362,0.04968312976436326,True
cluster_tissue__C0__bone_marrow,Nr4a1,11,1742,0.017330970615148544,0.02496250718832016,0.04968312976436326,True
cluster_tissue__C0__bone_marrow,Rorc,11,1742,-0.00045728811528533697,-0.0005703190108761191,0.04968312976436326,True
cluster_tissue__C0__bone_marrow,Il23r,11,1742,0.0,0.0,0.04968312976436326,True
cluster_tissue__C0__bone_marrow,Fos,12,1742,0.22840404510498047,0.22550612688064575,0.050423164291715984,True
cluster_tissue__C0__bone_marrow,Jun,12,1742,0.2528212070465088,0.28183943033218384,0.050423164291715984,True
cluster_tissue__C0__bone_marrow,Junb,12,1742,0.34952783584594727,0.37603306770324707,0.050423164291715984,True
cluster_tissue__C0__bone_marrow,Jund,12,1742,0.14513278007507324,0.10088086128234863,0.050423164291715984,True
cluster_tissue__C0__bone_marrow,Fosb,12,1742,0.19154036045074463,0.20343917608261108,0.050423164291715984,True
cluster_tissue__C0__bone_marrow,Fosl2,12,1742,0.06332800537347794,0.05836493521928787,0.050423164291715984,True
cluster_tissue__C0__bone_marrow,Dusp1,12,1742,0.2442786693572998,0.24925202131271362,0.050423164291715984,True
cluster_tissue__C0__bone_marrow,Nr4a1,12,1742,0.019440867006778717,0.02496250718832016,0.050423164291715984,True
cluster_tissue__C0__bone_marrow,Rorc,12,1742,8.791289292275906e-05,-0.0005703190108761191,0.050423164291715984,False
cluster_tissue__C0__bone_marrow,Il23r,12,1742,0.0,0.0,0.050423164291715984,True
cluster_tissue__C0__bone_marrow,Fos,13,1742,0.23131465911865234,0.22550612688064575,0.04244781456710445,True
cluster_tissue__C0__bone_marrow,Jun,13,1742,0.2612600326538086,0.28183943033218384,0.04244781456710445,True
cluster_tissue__C0__bone_marrow,Junb,13,1742,0.3562445640563965,0.37603306770324707,0.04244781456710445,True
cluster_tissue__C0__bone_marrow,Jund,13,1742,0.11955046653747559,0.10088086128234863,0.04244781456710445,True
cluster_tissue__C0__bone_marrow,Fosb,13,1742,0.1973598599433899,0.20343917608261108,0.04244781456710445,True
cluster_tissue__C0__bone_marrow,Fosl2,13,1742,0.06829456239938736,0.05836493521928787,0.04244781456710445,True
cluster_tissue__C0__bone_marrow,Dusp1,13,1742,0.2285739779472351,0.24925202131271362,0.04244781456710445,True
cluster_tissue__C0__bone_marrow,Nr4a1,13,1742,0.013858780264854431,0.02496250718832016,0.04244781456710445,True
cluster_tissue__C0__bone_marrow,Rorc,13,1742,-0.001820199890062213,-0.0005703190108761191,0.04244781456710445,True
cluster_tissue__C0__bone_marrow,Il23r,13,1742,0.0,0.0,0.04244781456710445,True
cluster_tissue__C0__bone_marrow,Fos,14,1742,0.2227637767791748,0.22550612688064575,0.051843018452284326,True
cluster_tissue__C0__bone_marrow,Jun,14,1742,0.2723446488380432,0.28183943033218384,0.051843018452284326,True
cluster_tissue__C0__bone_marrow,Junb,14,1742,0.3327540159225464,0.37603306770324707,0.051843018452284326,True
cluster_tissue__C0__bone_marrow,Jund,14,1742,0.11845278739929199,0.10088086128234863,0.051843018452284326,True
cluster_tissue__C0__bone_marrow,Fosb,14,1742,0.20306092500686646,0.20343917608261108,0.051843018452284326,True
cluster_tissue__C0__bone_marrow,Fosl2,14,1742,0.06112169474363327,0.05836493521928787,0.051843018452284326,True
cluster_tissue__C0__bone_marrow,Dusp1,14,1742,0.26006999611854553,0.24925202131271362,0.051843018452284326,True
cluster_tissue__C0__bone_marrow,Nr4a1,14,1742,0.021893542259931564,0.02496250718832016,0.051843018452284326,True
cluster_tissue__C0__bone_marrow,Rorc,14,1742,-0.0013510097051039338,-0.0005703190108761191,0.051843018452284326,True
cluster_tissue__C0__bone_marrow,Il23r,14,1742,0.0,0.0,0.051843018452284326,True
cluster_tissue__C0__bone_marrow,Fos,15,1742,0.22256991267204285,0.22550612688064575,0.04257312193657724,True
cluster_tissue__C0__bone_marrow,Jun,15,1742,0.25506967306137085,0.28183943033218384,0.04257312193657724,True
cluster_tissue__C0__bone_marrow,Junb,15,1742,0.3646242618560791,0.37603306770324707,0.04257312193657724,True
cluster_tissue__C0__bone_marrow,Jund,15,1742,0.13273930549621582,0.10088086128234863,0.04257312193657724,True
cluster_tissue__C0__bone_marrow,Fosb,15,1742,0.18882769346237183,0.20343917608261108,0.04257312193657724,True
cluster_tissue__C0__bone_marrow,Fosl2,15,1742,0.0646810308098793,0.05836493521928787,0.04257312193657724,True
cluster_tissue__C0__bone_marrow,Dusp1,15,1742,0.2318473756313324,0.24925202131271362,0.04257312193657724,True
cluster_tissue__C0__bone_marrow,Nr4a1,15,1742,0.018413562327623367,0.02496250718832016,0.04257312193657724,True
cluster_tissue__C0__bone_marrow,Rorc,15,1742,-0.0007544673280790448,-0.0005703190108761191,0.04257312193657724,True
cluster_tissue__C0__bone_marrow,Il23r,15,1742,0.0,0.0,0.04257312193657724,True
cluster_tissue__C0__bone_marrow,Fos,16,1742,0.2069631814956665,0.22550612688064575,0.04588146987071302,True
cluster_tissue__C0__bone_marrow,Jun,16,1742,0.24234098196029663,0.28183943033218384,0.04588146987071302,True
cluster_tissue__C0__bone_marrow,Junb,16,1742,0.3193037509918213,0.37603306770324707,0.04588146987071302,True
cluster_tissue__C0__bone_marrow,Jund,16,1742,0.13215303421020508,0.10088086128234863,0.04588146987071302,True
cluster_tissue__C0__bone_marrow,Fosb,16,1742,0.17031800746917725,0.20343917608261108,0.04588146987071302,True
cluster_tissue__C0__bone_marrow,Fosl2,16,1742,0.058877378702163696,0.05836493521928787,0.04588146987071302,True
cluster_tissue__C0__bone_marrow,Dusp1,16,1742,0.21087658405303955,0.24925202131271362,0.04588146987071302,True
cluster_tissue__C0__bone_marrow,Nr4a1,16,1742,0.019397076219320297,0.02496250718832016,0.04588146987071302,True
cluster_tissue__C0__bone_marrow,Rorc,16,1742,0.0002956588286906481,-0.0005703190108761191,0.04588146987071302,False
cluster_tissue__C0__bone_marrow,Il23r,16,1742,0.0,0.0,0.04588146987071302,True
cluster_tissue__C0__bone_marrow,Fos,17,1742,0.20777100324630737,0.22550612688064575,0.05125668334291298,True
cluster_tissue__C0__bone_marrow,Jun,17,1742,0.2345411777496338,0.28183943033218384,0.05125668334291298,True
cluster_tissue__C0__bone_marrow,Junb,17,1742,0.35689663887023926,0.37603306770324707,0.05125668334291298,True
cluster_tissue__C0__bone_marrow,Jund,17,1742,0.12001252174377441,0.10088086128234863,0.05125668334291298,True
cluster_tissue__C0__bone_marrow,Fosb,17,1742,0.18529489636421204,0.20343917608261108,0.05125668334291298,True
cluster_tissue__C0__bone_marrow,Fosl2,17,1742,0.05856259912252426,0.05836493521928787,0.05125668334291298,True
cluster_tissue__C0__bone_marrow,Dusp1,17,1742,0.22449082136154175,0.24925202131271362,0.05125668334291298,True
cluster_tissue__C0__bone_marrow,Nr4a1,17,1742,0.015922818332910538,0.02496250718832016,0.05125668334291298,True
cluster_tissue__C0__bone_marrow,Rorc,17,1742,-0.001820199890062213,-0.0005703190108761191,0.05125668334291298,True
cluster_tissue__C0__bone_marrow,Il23r,17,1742,0.0,0.0,0.05125668334291298,True
cluster_tissue__C0__bone_marrow,Fos,18,1742,0.21883615851402283,0.22550612688064575,0.05299276368414356,True
cluster_tissue__C0__bone_marrow,Jun,18,1742,0.28577983379364014,0.28183943033218384,0.05299276368414356,True
cluster_tissue__C0__bone_marrow,Junb,18,1742,0.37263941764831543,0.37603306770324707,0.05299276368414356,True
cluster_tissue__C0__bone_marrow,Jund,18,1742,0.12695837020874023,0.10088086128234863,0.05299276368414356,True
cluster_tissue__C0__bone_marrow,Fosb,18,1742,0.19494736194610596,0.20343917608261108,0.05299276368414356,True
cluster_tissue__C0__bone_marrow,Fosl2,18,1742,0.06402985751628876,0.05836493521928787,0.05299276368414356,True
cluster_tissue__C0__bone_marrow,Dusp1,18,1742,0.24072852730751038,0.24925202131271362,0.05299276368414356,True
cluster_tissue__C0__bone_marrow,Nr4a1,18,1742,0.02174222096800804,0.02496250718832016,0.05299276368414356,True
cluster_tissue__C0__bone_marrow,Rorc,18,1742,-0.00271392147988081,-0.0005703190108761191,0.05299276368414356,True
cluster_tissue__C0__bone_marrow,Il23r,18,1742,0.0,0.0,0.05299276368414356,True
cluster_tissue__C0__bone_marrow,Fos,19,1742,0.2241276502609253,0.22550612688064575,0.0528129774857915,True
cluster_tissue__C0__bone_marrow,Jun,19,1742,0.2700480818748474,0.28183943033218384,0.0528129774857915,True
cluster_tissue__C0__bone_marrow,Junb,19,1742,0.3737637996673584,0.37603306770324707,0.0528129774857915,True
cluster_tissue__C0__bone_marrow,Jund,19,1742,0.13300347328186035,0.10088086128234863,0.0528129774857915,True
cluster_tissue__C0__bone_marrow,Fosb,19,1742,0.1850040853023529,0.20343917608261108,0.0528129774857915,True
cluster_tissue__C0__bone_marrow,Fosl2,19,1742,0.0644773319363594,0.05836493521928787,0.0528129774857915,True
cluster_tissue__C0__bone_marrow,Dusp1,19,1742,0.20976877212524414,0.24925202131271362,0.0528129774857915,True
cluster_tissue__C0__bone_marrow,Nr4a1,19,1742,0.017230045050382614,0.02496250718832016,0.0528129774857915,True
cluster_tissue__C0__bone_marrow,Rorc,19,1742,-0.0013510097051039338,-0.0005703190108761191,0.0528129774857915,True
cluster_tissue__C0__bone_marrow,Il23r,19,1742,0.0,0.0,0.0528129774857915,True
cluster_tissue__C0__spleen,Fos,0,55,0.26717621088027954,0.25455474853515625,0.19085412380416888,True
cluster_tissue__C0__spleen,Jun,0,55,0.6882801055908203,0.5344305038452148,0.19085412380416888,True
cluster_tissue__C0__spleen,Junb,0,55,0.4716997742652893,0.4167965054512024,0.19085412380416888,True
cluster_tissue__C0__spleen,Jund,0,55,0.14033079147338867,0.2275928258895874,0.19085412380416888,True
cluster_tissue__C0__spleen,Fosb,0,55,0.27536270022392273,0.2921849489212036,0.19085412380416888,True
cluster_tissue__C0__spleen,Fosl2,0,55,0.022311225533485413,0.005787499248981476,0.19085412380416888,True
cluster_tissue__C0__spleen,Dusp1,0,55,0.12304824590682983,0.0952872633934021,0.19085412380416888,True
cluster_tissue__C0__spleen,Nr4a1,0,55,0.01762567088007927,0.024743597954511642,0.19085412380416888,True
cluster_tissue__C0__spleen,Rorc,0,55,0.0,0.0,0.19085412380416888,True
cluster_tissue__C0__spleen,Il23r,0,55,0.0,0.0,0.19085412380416888,True
cluster_tissue__C0__spleen,Fos,1,55,0.29519060254096985,0.25455474853515625,0.18433365108886524,True
cluster_tissue__C0__spleen,Jun,1,55,0.6797613501548767,0.5344305038452148,0.18433365108886524,True
cluster_tissue__C0__spleen,Junb,1,55,0.4814864993095398,0.4167965054512024,0.18433365108886524,True
cluster_tissue__C0__spleen,Jund,1,55,0.20812642574310303,0.2275928258895874,0.18433365108886524,True
cluster_tissue__C0__spleen,Fosb,1,55,0.3006262481212616,0.2921849489212036,0.18433365108886524,True
cluster_tissue__C0__spleen,Fosl2,1,55,0.0037357471883296967,0.005787499248981476,0.18433365108886524,True
cluster_tissue__C0__spleen,Dusp1,1,55,0.19595378637313843,0.0952872633934021,0.18433365108886524,True
cluster_tissue__C0__spleen,Nr4a1,1,55,0.01762567088007927,0.024743597954511642,0.18433365108886524,True
cluster_tissue__C0__spleen,Rorc,1,55,0.0,0.0,0.18433365108886524,True
cluster_tissue__C0__spleen,Il23r,1,55,0.0,0.0,0.18433365108886524,True
cluster_tissue__C0__spleen,Fos,2,55,0.28091827034950256,0.25455474853515625,0.1576855826067107,True
cluster_tissue__C0__spleen,Jun,2,55,0.6505826115608215,0.5344305038452148,0.1576855826067107,True
cluster_tissue__C0__spleen,Junb,2,55,0.4368264675140381,0.4167965054512024,0.1576855826067107,True
cluster_tissue__C0__spleen,Jund,2,55,0.06295537948608398,0.2275928258895874,0.1576855826067107,True
cluster_tissue__C0__spleen,Fosb,2,55,0.26445406675338745,0.2921849489212036,0.1576855826067107,True
cluster_tissue__C0__spleen,Fosl2,2,55,0.0037357471883296967,0.005787499248981476,0.1576855826067107,True
cluster_tissue__C0__spleen,Dusp1,2,55,0.07095092535018921,0.0952872633934021,0.1576855826067107,True
cluster_tissue__C0__spleen,Nr4a1,2,55,0.01762567088007927,0.024743597954511642,0.1576855826067107,True
cluster_tissue__C0__spleen,Rorc,2,55,0.0,0.0,0.1576855826067107,True
cluster_tissue__C0__spleen,Il23r,2,55,0.0,0.0,0.1576855826067107,True
cluster_tissue__C0__spleen,Fos,3,55,0.29540330171585083,0.25455474853515625,0.14465189854188765,True
cluster_tissue__C0__spleen,Jun,3,55,0.7763693332672119,0.5344305038452148,0.14465189854188765,True
cluster_tissue__C0__spleen,Junb,3,55,0.44834649562835693,0.4167965054512024,0.14465189854188765,True
cluster_tissue__C0__spleen,Jund,3,55,0.1523122787475586,0.2275928258895874,0.14465189854188765,True
cluster_tissue__C0__spleen,Fosb,3,55,0.33954715728759766,0.2921849489212036,0.14465189854188765,True
cluster_tissue__C0__spleen,Fosl2,3,55,0.022311225533485413,0.005787499248981476,0.14465189854188765,True
cluster_tissue__C0__spleen,Dusp1,3,55,0.17388872802257538,0.0952872633934021,0.14465189854188765,True
cluster_tissue__C0__spleen,Nr4a1,3,55,0.01762567088007927,0.024743597954511642,0.14465189854188765,True
cluster_tissue__C0__spleen,Rorc,3,55,0.0,0.0,0.14465189854188765,True
cluster_tissue__C0__spleen,Il23r,3,55,0.0,0.0,0.14465189854188765,True
cluster_tissue__C0__spleen,Fos,4,55,0.2615046799182892,0.25455474853515625,0.1507366233665229,True
cluster_tissue__C0__spleen,Jun,4,55,0.7343599796295166,0.5344305038452148,0.1507366233665229,True
cluster_tissue__C0__spleen,Junb,4,55,0.4013134837150574,0.4167965054512024,0.1507366233665229,True
cluster_tissue__C0__spleen,Jund,4,55,0.10943090915679932,0.2275928258895874,0.1507366233665229,True
cluster_tissue__C0__spleen,Fosb,4,55,0.23270368576049805,0.2921849489212036,0.1507366233665229,True
cluster_tissue__C0__spleen,Fosl2,4,55,0.022311225533485413,0.005787499248981476,0.1507366233665229,True
cluster_tissue__C0__spleen,Dusp1,4,55,0.1454773098230362,0.0952872633934021,0.1507366233665229,True
cluster_tissue__C0__spleen,Nr4a1,4,55,0.01762567088007927,0.024743597954511642,0.1507366233665229,True
cluster_tissue__C0__spleen,Rorc,4,55,0.0,0.0,0.1507366233665229,True
cluster_tissue__C0__spleen,Il23r,4,55,0.0,0.0,0.1507366233665229,True
cluster_tissue__C0__spleen,Fos,5,55,0.2747398614883423,0.25455474853515625,0.15219820227346667,True
cluster_tissue__C0__spleen,Jun,5,55,0.5748118758201599,0.5344305038452148,0.15219820227346667,True
cluster_tissue__C0__spleen,Junb,5,55,0.42445242404937744,0.4167965054512024,0.15219820227346667,True
cluster_tissue__C0__spleen,Jund,5,55,0.14036619663238525,0.2275928258895874,0.15219820227346667,True
cluster_tissue__C0__spleen,Fosb,5,55,0.26285114884376526,0.2921849489212036,0.15219820227346667,True
cluster_tissue__C0__spleen,Fosl2,5,55,0.022311225533485413,0.005787499248981476,0.15219820227346667,True
cluster_tissue__C0__spleen,Dusp1,5,55,0.1957157701253891,0.0952872633934021,0.15219820227346667,True
cluster_tissue__C0__spleen,Nr4a1,5,55,0.01762567088007927,0.024743597954511642,0.15219820227346667,True
cluster_tissue__C0__spleen,Rorc,5,55,0.0,0.0,0.15219820227346667,True
cluster_tissue__C0__spleen,Il23r,5,55,0.0,0.0,0.15219820227346667,True
cluster_tissue__C0__spleen,Fos,6,55,0.3270012438297272,0.25455474853515625,0.16352185405750277,True
cluster_tissue__C0__spleen,Jun,6,55,0.6910435557365417,0.5344305038452148,0.16352185405750277,True
cluster_tissue__C0__spleen,Junb,6,55,0.5438587069511414,0.4167965054512024,0.16352185405750277,True
cluster_tissue__C0__spleen,Jund,6,55,0.11425220966339111,0.2275928258895874,0.16352185405750277,True
cluster_tissue__C0__spleen,Fosb,6,55,0.28358787298202515,0.2921849489212036,0.16352185405750277,True
cluster_tissue__C0__spleen,Fosl2,6,55,0.022311225533485413,0.005787499248981476,0.16352185405750277,True
cluster_tissue__C0__spleen,Dusp1,6,55,0.19408130645751953,0.0952872633934021,0.16352185405750277,True
cluster_tissue__C0__spleen,Nr4a1,6,55,0.01762567088007927,0.024743597954511642,0.16352185405750277,True
cluster_tissue__C0__spleen,Rorc,6,55,0.0,0.0,0.16352185405750277,True
cluster_tissue__C0__spleen,Il23r,6,55,0.0,0.0,0.16352185405750277,True
cluster_tissue__C0__spleen,Fos,7,55,0.30834731459617615,0.25455474853515625,0.184274206106985,True
cluster_tissue__C0__spleen,Jun,7,55,0.6748163104057312,0.5344305038452148,0.184274206106985,True
cluster_tissue__C0__spleen,Junb,7,55,0.5261475443840027,0.4167965054512024,0.184274206106985,True
cluster_tissue__C0__spleen,Jund,7,55,0.14768528938293457,0.2275928258895874,0.184274206106985,True
cluster_tissue__C0__spleen,Fosb,7,55,0.3352786898612976,0.2921849489212036,0.184274206106985,True
cluster_tissue__C0__spleen,Fosl2,7,55,0.022311225533485413,0.005787499248981476,0.184274206106985,True
cluster_tissue__C0__spleen,Dusp1,7,55,0.13062801957130432,0.0952872633934021,0.184274206106985,True
cluster_tissue__C0__spleen,Nr4a1,7,55,0.01762567088007927,0.024743597954511642,0.184274206106985,True
cluster_tissue__C0__spleen,Rorc,7,55,0.0,0.0,0.184274206106985,True
cluster_tissue__C0__spleen,Il23r,7,55,0.0,0.0,0.184274206106985,True
cluster_tissue__C0__spleen,Fos,8,55,0.281322717666626,0.25455474853515625,0.1670223757561809,True
cluster_tissue__C0__spleen,Jun,8,55,0.5926470160484314,0.5344305038452148,0.1670223757561809,True
cluster_tissue__C0__spleen,Junb,8,55,0.5252999067306519,0.4167965054512024,0.1670223757561809,True
cluster_tissue__C0__spleen,Jund,8,55,0.12808120250701904,0.2275928258895874,0.1670223757561809,True
cluster_tissue__C0__spleen,Fosb,8,55,0.3866061568260193,0.2921849489212036,0.1670223757561809,True
cluster_tissue__C0__spleen,Fosl2,8,55,0.022311225533485413,0.005787499248981476,0.1670223757561809,True
cluster_tissue__C0__spleen,Dusp1,8,55,0.13438355922698975,0.0952872633934021,0.1670223757561809,True
cluster_tissue__C0__spleen,Nr4a1,8,55,0.01762567088007927,0.024743597954511642,0.1670223757561809,True
cluster_tissue__C0__spleen,Rorc,8,55,0.0,0.0,0.1670223757561809,True
cluster_tissue__C0__spleen,Il23r,8,55,0.0,0.0,0.1670223757561809,True
cluster_tissue__C0__spleen,Fos,9,55,0.27500835061073303,0.25455474853515625,0.18834966666928984,True
cluster_tissue__C0__spleen,Jun,9,55,0.7549721002578735,0.5344305038452148,0.18834966666928984,True
cluster_tissue__C0__spleen,Junb,9,55,0.4200893044471741,0.4167965054512024,0.18834966666928984,True
cluster_tissue__C0__spleen,Jund,9,55,0.08443188667297363,0.2275928258895874,0.18834966666928984,True
cluster_tissue__C0__spleen,Fosb,9,55,0.30124151706695557,0.2921849489212036,0.18834966666928984,True
cluster_tissue__C0__spleen,Fosl2,9,55,0.022311225533485413,0.005787499248981476,0.18834966666928984,True
cluster_tissue__C0__spleen,Dusp1,9,55,0.19240941107273102,0.0952872633934021,0.18834966666928984,True
cluster_tissue__C0__spleen,Nr4a1,9,55,0.01762567088007927,0.024743597954511642,0.18834966666928984,True
cluster_tissue__C0__spleen,Rorc,9,55,0.0,0.0,0.18834966666928984,True
cluster_tissue__C0__spleen,Il23r,9,55,0.0,0.0,0.18834966666928984,True
cluster_tissue__C0__spleen,Fos,10,55,0.34057384729385376,0.25455474853515625,0.14965557468584786,True
cluster_tissue__C0__spleen,Jun,10,55,0.7330446243286133,0.5344305038452148,0.14965557468584786,True
cluster_tissue__C0__spleen,Junb,10,55,0.5122642517089844,0.4167965054512024,0.14965557468584786,True
cluster_tissue__C0__spleen,Jund,10,55,0.18209302425384521,0.2275928258895874,0.14965557468584786,True
cluster_tissue__C0__spleen,Fosb,10,55,0.31596237421035767,0.2921849489212036,0.14965557468584786,True
cluster_tissue__C0__spleen,Fosl2,10,55,0.022311225533485413,0.005787499248981476,0.14965557468584786,True
cluster_tissue__C0__spleen,Dusp1,10,55,0.06709688901901245,0.0952872633934021,0.14965557468584786,True
cluster_tissue__C0__spleen,Nr4a1,10,55,0.01762567088007927,0.024743597954511642,0.14965557468584786,True
cluster_tissue__C0__spleen,Rorc,10,55,0.0,0.0,0.14965557468584786,True
cluster_tissue__C0__spleen,Il23r,10,55,0.0,0.0,0.14965557468584786,True
cluster_tissue__C0__spleen,Fos,11,55,0.31090354919433594,0.25455474853515625,0.15671176135111542,True
cluster_tissue__C0__spleen,Jun,11,55,0.6424004435539246,0.5344305038452148,0.15671176135111542,True
cluster_tissue__C0__spleen,Junb,11,55,0.48489344120025635,0.4167965054512024,0.15671176135111542,True
cluster_tissue__C0__spleen,Jund,11,55,0.11531960964202881,0.2275928258895874,0.15671176135111542,True
cluster_tissue__C0__spleen,Fosb,11,55,0.3902053236961365,0.2921849489212036,0.15671176135111542,True
cluster_tissue__C0__spleen,Fosl2,11,55,0.022311225533485413,0.005787499248981476,0.15671176135111542,True
cluster_tissue__C0__spleen,Dusp1,11,55,0.1881437599658966,0.0952872633934021,0.15671176135111542,True
cluster_tissue__C0__spleen,Nr4a1,11,55,0.01762567088007927,0.024743597954511642,0.15671176135111542,True
cluster_tissue__C0__spleen,Rorc,11,55,0.0,0.0,0.15671176135111542,True
cluster_tissue__C0__spleen,Il23r,11,55,0.0,0.0,0.15671176135111542,True
cluster_tissue__C0__spleen,Fos,12,55,0.3338354229927063,0.25455474853515625,0.18420613904565028,True
cluster_tissue__C0__spleen,Jun,12,55,0.6981653571128845,0.5344305038452148,0.18420613904565028,True
cluster_tissue__C0__spleen,Junb,12,55,0.5996868014335632,0.4167965054512024,0.18420613904565028,True
cluster_tissue__C0__spleen,Jund,12,55,0.28222107887268066,0.2275928258895874,0.18420613904565028,True
cluster_tissue__C0__spleen,Fosb,12,55,0.30511441826820374,0.2921849489212036,0.18420613904565028,True
cluster_tissue__C0__spleen,Fosl2,12,55,0.022311225533485413,0.005787499248981476,0.18420613904565028,True
cluster_tissue__C0__spleen,Dusp1,12,55,0.20861901342868805,0.0952872633934021,0.18420613904565028,True
cluster_tissue__C0__spleen,Nr4a1,12,55,0.01762567088007927,0.024743597954511642,0.18420613904565028,True
cluster_tissue__C0__spleen,Rorc,12,55,0.0,0.0,0.18420613904565028,True
cluster_tissue__C0__spleen,Il23r,12,55,0.0,0.0,0.18420613904565028,True
cluster_tissue__C0__spleen,Fos,13,55,0.2610253691673279,0.25455474853515625,0.13969555423306204,True
cluster_tissue__C0__spleen,Jun,13,55,0.7597233057022095,0.5344305038452148,0.13969555423306204,True
cluster_tissue__C0__spleen,Junb,13,55,0.4960585832595825,0.4167965054512024,0.13969555423306204,True
cluster_tissue__C0__spleen,Jund,13,55,0.22734272480010986,0.2275928258895874,0.13969555423306204,True
cluster_tissue__C0__spleen,Fosb,13,55,0.28035634756088257,0.2921849489212036,0.13969555423306204,True
cluster_tissue__C0__spleen,Fosl2,13,55,0.022311225533485413,0.005787499248981476,0.13969555423306204,True
cluster_tissue__C0__spleen,Dusp1,13,55,0.19626614451408386,0.0952872633934021,0.13969555423306204,True
cluster_tissue__C0__spleen,Nr4a1,13,55,0.01762567088007927,0.024743597954511642,0.13969555423306204,True
cluster_tissue__C0__spleen,Rorc,13,55,0.0,0.0,0.13969555423306204,True
cluster_tissue__C0__spleen,Il23r,13,55,0.0,0.0,0.13969555423306204,True
cluster_tissue__C0__spleen,Fos,14,55,0.3074849247932434,0.25455474853515625,0.1677612668206114,True
cluster_tissue__C0__spleen,Jun,14,55,0.5909209251403809,0.5344305038452148,0.1677612668206114,True
cluster_tissue__C0__spleen,Junb,14,55,0.4937281012535095,0.4167965054512024,0.1677612668206114,True
cluster_tissue__C0__spleen,Jund,14,55,0.12092578411102295,0.2275928258895874,0.1677612668206114,True
cluster_tissue__C0__spleen,Fosb,14,55,0.30976927280426025,0.2921849489212036,0.1677612668206114,True
cluster_tissue__C0__spleen,Fosl2,14,55,0.022311225533485413,0.005787499248981476,0.1677612668206114,True
cluster_tissue__C0__spleen,Dusp1,14,55,0.14995956420898438,0.0952872633934021,0.1677612668206114,True
cluster_tissue__C0__spleen,Nr4a1,14,55,0.0,0.024743597954511642,0.1677612668206114,False
cluster_tissue__C0__spleen,Rorc,14,55,0.0,0.0,0.1677612668206114,True
cluster_tissue__C0__spleen,Il23r,14,55,0.0,0.0,0.1677612668206114,True
cluster_tissue__C0__spleen,Fos,15,55,0.26290279626846313,0.25455474853515625,0.17526611024758124,True
cluster_tissue__C0__spleen,Jun,15,55,0.6653581261634827,0.5344305038452148,0.17526611024758124,True
cluster_tissue__C0__spleen,Junb,15,55,0.5845794081687927,0.4167965054512024,0.17526611024758124,True
cluster_tissue__C0__spleen,Jund,15,55,0.09972262382507324,0.2275928258895874,0.17526611024758124,True
cluster_tissue__C0__spleen,Fosb,15,55,0.3101000189781189,0.2921849489212036,0.17526611024758124,True
cluster_tissue__C0__spleen,Fosl2,15,55,0.0037357471883296967,0.005787499248981476,0.17526611024758124,True
cluster_tissue__C0__spleen,Dusp1,15,55,0.08255568146705627,0.0952872633934021,0.17526611024758124,True
cluster_tissue__C0__spleen,Nr4a1,15,55,0.01762567088007927,0.024743597954511642,0.17526611024758124,True
cluster_tissue__C0__spleen,Rorc,15,55,0.0,0.0,0.17526611024758124,True
cluster_tissue__C0__spleen,Il23r,15,55,0.0,0.0,0.17526611024758124,True
cluster_tissue__C0__spleen,Fos,16,55,0.36699044704437256,0.25455474853515625,0.1537334552680569,True
cluster_tissue__C0__spleen,Jun,16,55,0.6412131786346436,0.5344305038452148,0.1537334552680569,True
cluster_tissue__C0__spleen,Junb,16,55,0.6249993443489075,0.4167965054512024,0.1537334552680569,True
cluster_tissue__C0__spleen,Jund,16,55,0.14236688613891602,0.2275928258895874,0.1537334552680569,True
cluster_tissue__C0__spleen,Fosb,16,55,0.2975151836872101,0.2921849489212036,0.1537334552680569,True
cluster_tissue__C0__spleen,Fosl2,16,55,0.022311225533485413,0.005787499248981476,0.1537334552680569,True
cluster_tissue__C0__spleen,Dusp1,16,55,0.17678502202033997,0.0952872633934021,0.1537334552680569,True
cluster_tissue__C0__spleen,Nr4a1,16,55,0.01762567088007927,0.024743597954511642,0.1537334552680569,True
cluster_tissue__C0__spleen,Rorc,16,55,0.0,0.0,0.1537334552680569,True
cluster_tissue__C0__spleen,Il23r,16,55,0.0,0.0,0.1537334552680569,True
cluster_tissue__C0__spleen,Fos,17,55,0.3833531439304352,0.25455474853515625,0.13709020500465768,True
cluster_tissue__C0__spleen,Jun,17,55,0.6127711534500122,0.5344305038452148,0.13709020500465768,True
cluster_tissue__C0__spleen,Junb,17,55,0.5245954394340515,0.4167965054512024,0.13709020500465768,True
cluster_tissue__C0__spleen,Jund,17,55,0.11720192432403564,0.2275928258895874,0.13709020500465768,True
cluster_tissue__C0__spleen,Fosb,17,55,0.319179505109787,0.2921849489212036,0.13709020500465768,True
cluster_tissue__C0__spleen,Fosl2,17,55,0.022311225533485413,0.005787499248981476,0.13709020500465768,True
cluster_tissue__C0__spleen,Dusp1,17,55,0.16309738159179688,0.0952872633934021,0.13709020500465768,True
cluster_tissue__C0__spleen,Nr4a1,17,55,0.01762567088007927,0.024743597954511642,0.13709020500465768,True
cluster_tissue__C0__spleen,Rorc,17,55,0.0,0.0,0.13709020500465768,True
cluster_tissue__C0__spleen,Il23r,17,55,0.0,0.0,0.13709020500465768,True
cluster_tissue__C0__spleen,Fos,18,55,0.28200918436050415,0.25455474853515625,0.1535419735067972,True
cluster_tissue__C0__spleen,Jun,18,55,0.7146271467208862,0.5344305038452148,0.1535419735067972,True
cluster_tissue__C0__spleen,Junb,18,55,0.45100247859954834,0.4167965054512024,0.1535419735067972,True
cluster_tissue__C0__spleen,Jund,18,55,0.06515192985534668,0.2275928258895874,0.1535419735067972,True
cluster_tissue__C0__spleen,Fosb,18,55,0.3701480031013489,0.2921849489212036,0.1535419735067972,True
cluster_tissue__C0__spleen,Fosl2,18,55,0.0037357471883296967,0.005787499248981476,0.1535419735067972,True
cluster_tissue__C0__spleen,Dusp1,18,55,0.20065823197364807,0.0952872633934021,0.1535419735067972,True
cluster_tissue__C0__spleen,Nr4a1,18,55,0.01762567088007927,0.024743597954511642,0.1535419735067972,True
cluster_tissue__C0__spleen,Rorc,18,55,0.0,0.0,0.1535419735067972,True
cluster_tissue__C0__spleen,Il23r,18,55,0.0,0.0,0.1535419735067972,True
cluster_tissue__C0__spleen,Fos,19,55,0.2919846177101135,0.25455474853515625,0.16333831149359,True
cluster_tissue__C0__spleen,Jun,19,55,0.7391083240509033,0.5344305038452148,0.16333831149359,True
cluster_tissue__C0__spleen,Junb,19,55,0.5240191221237183,0.4167965054512024,0.16333831149359,True
cluster_tissue__C0__spleen,Jund,19,55,0.19353795051574707,0.2275928258895874,0.16333831149359,True
cluster_tissue__C0__spleen,Fosb,19,55,0.3304828703403473,0.2921849489212036,0.16333831149359,True
cluster_tissue__C0__spleen,Fosl2,19,55,0.022311225533485413,0.005787499248981476,0.16333831149359,True
cluster_tissue__C0__spleen,Dusp1,19,55,0.11983145773410797,0.0952872633934021,0.16333831149359,True
cluster_tissue__C0__spleen,Nr4a1,19,55,0.01762567088007927,0.024743597954511642,0.16333831149359,True
cluster_tissue__C0__spleen,Rorc,19,55,0.0,0.0,0.16333831149359,True
cluster_tissue__C0__spleen,Il23r,19,55,0.0,0.0,0.16333831149359,True
cluster_tissue__C1__bone_marrow,Fos,0,20,0.1599249541759491,0.07473072409629822,0.07799439831402032,True
cluster_tissue__C1__bone_marrow,Jun,0,20,-0.33206844329833984,-0.1945359706878662,0.07799439831402032,True
cluster_tissue__C1__bone_marrow,Junb,0,20,0.3061431646347046,0.1500856876373291,0.07799439831402032,True
cluster_tissue__C1__bone_marrow,Jund,0,20,0.18653178215026855,0.16779279708862305,0.07799439831402032,True
cluster_tissue__C1__bone_marrow,Fosb,0,20,0.06576013565063477,0.1807187795639038,0.07799439831402032,True
cluster_tissue__C1__bone_marrow,Fosl2,0,20,0.0,-0.03653861954808235,0.07799439831402032,False
cluster_tissue__C1__bone_marrow,Dusp1,0,20,0.08891284465789795,0.009753137826919556,0.07799439831402032,True
cluster_tissue__C1__bone_marrow,Nr4a1,0,20,0.0028663836419582367,0.01338840089738369,0.07799439831402032,True
cluster_tissue__C1__bone_marrow,Rorc,0,20,0.0,0.0,0.07799439831402032,True
cluster_tissue__C1__bone_marrow,Il23r,0,20,0.0,0.0,0.07799439831402032,True
cluster_tissue__C1__bone_marrow,Fos,1,20,0.19227996468544006,0.07473072409629822,0.0648016612923499,True
cluster_tissue__C1__bone_marrow,Jun,1,20,-0.3768465518951416,-0.1945359706878662,0.0648016612923499,True
cluster_tissue__C1__bone_marrow,Junb,1,20,0.3263106346130371,0.1500856876373291,0.0648016612923499,True
cluster_tissue__C1__bone_marrow,Jund,1,20,0.3105590343475342,0.16779279708862305,0.0648016612923499,True
cluster_tissue__C1__bone_marrow,Fosb,1,20,0.21651071310043335,0.1807187795639038,0.0648016612923499,True
cluster_tissue__C1__bone_marrow,Fosl2,1,20,0.0,-0.03653861954808235,0.0648016612923499,False
cluster_tissue__C1__bone_marrow,Dusp1,1,20,-0.04929232597351074,0.009753137826919556,0.0648016612923499,False
cluster_tissue__C1__bone_marrow,Nr4a1,1,20,0.0028663836419582367,0.01338840089738369,0.0648016612923499,True
cluster_tissue__C1__bone_marrow,Rorc,1,20,0.0,0.0,0.0648016612923499,True
cluster_tissue__C1__bone_marrow,Il23r,1,20,0.0,0.0,0.0648016612923499,True
cluster_tissue__C1__bone_marrow,Fos,2,20,0.21338482201099396,0.07473072409629822,0.20363646429391372,True
cluster_tissue__C1__bone_marrow,Jun,2,20,-0.6255882978439331,-0.1945359706878662,0.20363646429391372,True
cluster_tissue__C1__bone_marrow,Junb,2,20,0.2488635778427124,0.1500856876373291,0.20363646429391372,True
cluster_tissue__C1__bone_marrow,Jund,2,20,0.27094435691833496,0.16779279708862305,0.20363646429391372,True
cluster_tissue__C1__bone_marrow,Fosb,2,20,0.10327088832855225,0.1807187795639038,0.20363646429391372,True
cluster_tissue__C1__bone_marrow,Fosl2,2,20,0.0,-0.03653861954808235,0.20363646429391372,False
cluster_tissue__C1__bone_marrow,Dusp1,2,20,-0.052284836769104004,0.009753137826919556,0.20363646429391372,False
cluster_tissue__C1__bone_marrow,Nr4a1,2,20,0.0028663836419582367,0.01338840089738369,0.20363646429391372,True
cluster_tissue__C1__bone_marrow,Rorc,2,20,0.0,0.0,0.20363646429391372,True
cluster_tissue__C1__bone_marrow,Il23r,2,20,0.0,0.0,0.20363646429391372,True
cluster_tissue__C1__bone_marrow,Fos,3,20,0.21526126563549042,0.07473072409629822,0.19984561801743975,True
cluster_tissue__C1__bone_marrow,Jun,3,20,-0.46784138679504395,-0.1945359706878662,0.19984561801743975,True
cluster_tissue__C1__bone_marrow,Junb,3,20,0.2460479736328125,0.1500856876373291,0.19984561801743975,True
cluster_tissue__C1__bone_marrow,Jund,3,20,0.2497696876525879,0.16779279708862305,0.19984561801743975,True
cluster_tissue__C1__bone_marrow,Fosb,3,20,0.17055374383926392,0.1807187795639038,0.19984561801743975,True
cluster_tissue__C1__bone_marrow,Fosl2,3,20,0.0,-0.03653861954808235,0.19984561801743975,False
cluster_tissue__C1__bone_marrow,Dusp1,3,20,-0.0967162549495697,0.009753137826919556,0.19984561801743975,False
cluster_tissue__C1__bone_marrow,Nr4a1,3,20,0.0028663836419582367,0.01338840089738369,0.19984561801743975,True
cluster_tissue__C1__bone_marrow,Rorc,3,20,0.0,0.0,0.19984561801743975,True
cluster_tissue__C1__bone_marrow,Il23r,3,20,0.0,0.0,0.19984561801743975,True
cluster_tissue__C1__bone_marrow,Fos,4,20,0.21338482201099396,0.07473072409629822,0.11286034863711732,True
cluster_tissue__C1__bone_marrow,Jun,4,20,-0.344485878944397,-0.1945359706878662,0.11286034863711732,True
cluster_tissue__C1__bone_marrow,Junb,4,20,0.15947496891021729,0.1500856876373291,0.11286034863711732,True
cluster_tissue__C1__bone_marrow,Jund,4,20,0.21139287948608398,0.16779279708862305,0.11286034863711732,True
cluster_tissue__C1__bone_marrow,Fosb,4,20,0.0840805172920227,0.1807187795639038,0.11286034863711732,True
cluster_tissue__C1__bone_marrow,Fosl2,4,20,0.0,-0.03653861954808235,0.11286034863711732,False
cluster_tissue__C1__bone_marrow,Dusp1,4,20,-0.03341031074523926,0.009753137826919556,0.11286034863711732,False
cluster_tissue__C1__bone_marrow,Nr4a1,4,20,0.0028663836419582367,0.01338840089738369,0.11286034863711732,True
cluster_tissue__C1__bone_marrow,Rorc,4,20,0.0,0.0,0.11286034863711732,True
cluster_tissue__C1__bone_marrow,Il23r,4,20,0.0,0.0,0.11286034863711732,True
cluster_tissue__C1__bone_marrow,Fos,5,20,0.09981292486190796,0.07473072409629822,0.1798245668070715,True
cluster_tissue__C1__bone_marrow,Jun,5,20,-0.35770678520202637,-0.1945359706878662,0.1798245668070715,True
cluster_tissue__C1__bone_marrow,Junb,5,20,0.28922080993652344,0.1500856876373291,0.1798245668070715,True
cluster_tissue__C1__bone_marrow,Jund,5,20,0.17029094696044922,0.16779279708862305,0.1798245668070715,True
cluster_tissue__C1__bone_marrow,Fosb,5,20,-0.0391484797000885,0.1807187795639038,0.1798245668070715,False
cluster_tissue__C1__bone_marrow,Fosl2,5,20,0.0,-0.03653861954808235,0.1798245668070715,False
cluster_tissue__C1__bone_marrow,Dusp1,5,20,-0.1333410143852234,0.009753137826919556,0.1798245668070715,False
cluster_tissue__C1__bone_marrow,Nr4a1,5,20,0.0028663836419582367,0.01338840089738369,0.1798245668070715,True
cluster_tissue__C1__bone_marrow,Rorc,5,20,0.0,0.0,0.1798245668070715,True
cluster_tissue__C1__bone_marrow,Il23r,5,20,0.0,0.0,0.1798245668070715,True
cluster_tissue__C1__bone_marrow,Fos,6,20,0.19227996468544006,0.07473072409629822,0.1074986804612864,True
cluster_tissue__C1__bone_marrow,Jun,6,20,-0.27297961711883545,-0.1945359706878662,0.1074986804612864,True
cluster_tissue__C1__bone_marrow,Junb,6,20,0.2955167293548584,0.1500856876373291,0.1074986804612864,True
cluster_tissue__C1__bone_marrow,Jund,6,20,0.38729429244995117,0.16779279708862305,0.1074986804612864,True
cluster_tissue__C1__bone_marrow,Fosb,6,20,0.12838199734687805,0.1807187795639038,0.1074986804612864,True
cluster_tissue__C1__bone_marrow,Fosl2,6,20,0.0,-0.03653861954808235,0.1074986804612864,False
cluster_tissue__C1__bone_marrow,Dusp1,6,20,-0.08591711521148682,0.009753137826919556,0.1074986804612864,False
cluster_tissue__C1__bone_marrow,Nr4a1,6,20,0.0028663836419582367,0.01338840089738369,0.1074986804612864,True
cluster_tissue__C1__bone_marrow,Rorc,6,20,0.0,0.0,0.1074986804612864,True
cluster_tissue__C1__bone_marrow,Il23r,6,20,0.0,0.0,0.1074986804612864,True
cluster_tissue__C1__bone_marrow,Fos,7,20,0.15598008036613464,0.07473072409629822,0.1268205490551913,True
cluster_tissue__C1__bone_marrow,Jun,7,20,-0.2431427240371704,-0.1945359706878662,0.1268205490551913,True
cluster_tissue__C1__bone_marrow,Junb,7,20,0.36595261096954346,0.1500856876373291,0.1268205490551913,True
cluster_tissue__C1__bone_marrow,Jund,7,20,0.25216150283813477,0.16779279708862305,0.1268205490551913,True
cluster_tissue__C1__bone_marrow,Fosb,7,20,0.15136337280273438,0.1807187795639038,0.1268205490551913,True
cluster_tissue__C1__bone_marrow,Fosl2,7,20,0.0,-0.03653861954808235,0.1268205490551913,False
cluster_tissue__C1__bone_marrow,Dusp1,7,20,-0.053076475858688354,0.009753137826919556,0.1268205490551913,False
cluster_tissue__C1__bone_marrow,Nr4a1,7,20,0.0028663836419582367,0.01338840089738369,0.1268205490551913,True
cluster_tissue__C1__bone_marrow,Rorc,7,20,0.0,0.0,0.1268205490551913,True
cluster_tissue__C1__bone_marrow,Il23r,7,20,0.0,0.0,0.1268205490551913,True
cluster_tissue__C1__bone_marrow,Fos,8,20,0.1558222472667694,0.07473072409629822,0.16335386664930274,True
cluster_tissue__C1__bone_marrow,Jun,8,20,-0.12140238285064697,-0.1945359706878662,0.16335386664930274,True
cluster_tissue__C1__bone_marrow,Junb,8,20,0.3267890214920044,0.1500856876373291,0.16335386664930274,True
cluster_tissue__C1__bone_marrow,Jund,8,20,0.2693808078765869,0.16779279708862305,0.16335386664930274,True
cluster_tissue__C1__bone_marrow,Fosb,8,20,0.20532304048538208,0.1807187795639038,0.16335386664930274,True
cluster_tissue__C1__bone_marrow,Fosl2,8,20,0.0,-0.03653861954808235,0.16335386664930274,False
cluster_tissue__C1__bone_marrow,Dusp1,8,20,-0.052284836769104004,0.009753137826919556,0.16335386664930274,False
cluster_tissue__C1__bone_marrow,Nr4a1,8,20,0.0028663836419582367,0.01338840089738369,0.16335386664930274,True
cluster_tissue__C1__bone_marrow,Rorc,8,20,0.0,0.0,0.16335386664930274,True
cluster_tissue__C1__bone_marrow,Il23r,8,20,0.0,0.0,0.16335386664930274,True
cluster_tissue__C1__bone_marrow,Fos,9,20,0.138820081949234,0.07473072409629822,0.1637085718683268,True
cluster_tissue__C1__bone_marrow,Jun,9,20,-0.26791203022003174,-0.1945359706878662,0.1637085718683268,True
cluster_tissue__C1__bone_marrow,Junb,9,20,0.2451939582824707,0.1500856876373291,0.1637085718683268,True
cluster_tissue__C1__bone_marrow,Jund,9,20,0.29431843757629395,0.16779279708862305,0.1637085718683268,True
cluster_tissue__C1__bone_marrow,Fosb,9,20,0.1691306233406067,0.1807187795639038,0.1637085718683268,True
cluster_tissue__C1__bone_marrow,Fosl2,9,20,0.0,-0.03653861954808235,0.1637085718683268,False
cluster_tissue__C1__bone_marrow,Dusp1,9,20,-0.11068227887153625,0.009753137826919556,0.1637085718683268,False
cluster_tissue__C1__bone_marrow,Nr4a1,9,20,0.0028663836419582367,0.01338840089738369,0.1637085718683268,True
cluster_tissue__C1__bone_marrow,Rorc,9,20,0.0,0.0,0.1637085718683268,True
cluster_tissue__C1__bone_marrow,Il23r,9,20,0.0,0.0,0.1637085718683268,True
cluster_tissue__C1__bone_marrow,Fos,10,20,0.04536435008049011,0.07473072409629822,0.09385551742276145,True
cluster_tissue__C1__bone_marrow,Jun,10,20,-0.17663204669952393,-0.1945359706878662,0.09385551742276145,True
cluster_tissue__C1__bone_marrow,Junb,10,20,0.30371057987213135,0.1500856876373291,0.09385551742276145,True
cluster_tissue__C1__bone_marrow,Jund,10,20,0.15669965744018555,0.16779279708862305,0.09385551742276145,True
cluster_tissue__C1__bone_marrow,Fosb,10,20,-0.04880043864250183,0.1807187795639038,0.09385551742276145,False
cluster_tissue__C1__bone_marrow,Fosl2,10,20,0.0,-0.03653861954808235,0.09385551742276145,False
cluster_tissue__C1__bone_marrow,Dusp1,10,20,-0.1333410143852234,0.009753137826919556,0.09385551742276145,False
cluster_tissue__C1__bone_marrow,Nr4a1,10,20,0.0028663836419582367,0.01338840089738369,0.09385551742276145,True
cluster_tissue__C1__bone_marrow,Rorc,10,20,0.0,0.0,0.09385551742276145,True
cluster_tissue__C1__bone_marrow,Il23r,10,20,0.0,0.0,0.09385551742276145,True
cluster_tissue__C1__bone_marrow,Fos,11,20,0.09567514061927795,0.07473072409629822,0.18612123465233327,True
cluster_tissue__C1__bone_marrow,Jun,11,20,-0.30157017707824707,-0.1945359706878662,0.18612123465233327,True
cluster_tissue__C1__bone_marrow,Junb,11,20,0.1627354621887207,0.1500856876373291,0.18612123465233327,True
cluster_tissue__C1__bone_marrow,Jund,11,20,0.143784761428833,0.16779279708862305,0.18612123465233327,True
cluster_tissue__C1__bone_marrow,Fosb,11,20,-0.06563347578048706,0.1807187795639038,0.18612123465233327,False
cluster_tissue__C1__bone_marrow,Fosl2,11,20,0.0,-0.03653861954808235,0.18612123465233327,False
cluster_tissue__C1__bone_marrow,Dusp1,11,20,0.02797970175743103,0.009753137826919556,0.18612123465233327,True
cluster_tissue__C1__bone_marrow,Nr4a1,11,20,0.0028663836419582367,0.01338840089738369,0.18612123465233327,True
cluster_tissue__C1__bone_marrow,Rorc,11,20,0.0,0.0,0.18612123465233327,True
cluster_tissue__C1__bone_marrow,Il23r,11,20,0.0,0.0,0.18612123465233327,True
cluster_tissue__C1__bone_marrow,Fos,12,20,0.21338482201099396,0.07473072409629822,0.0684284703507459,True
cluster_tissue__C1__bone_marrow,Jun,12,20,-0.5078346729278564,-0.1945359706878662,0.0684284703507459,True
cluster_tissue__C1__bone_marrow,Junb,12,20,0.25366461277008057,0.1500856876373291,0.0684284703507459,True
cluster_tissue__C1__bone_marrow,Jund,12,20,0.20546984672546387,0.16779279708862305,0.0684284703507459,True
cluster_tissue__C1__bone_marrow,Fosb,12,20,0.10327088832855225,0.1807187795639038,0.0684284703507459,True
cluster_tissue__C1__bone_marrow,Fosl2,12,20,0.0,-0.03653861954808235,0.0684284703507459,False
cluster_tissue__C1__bone_marrow,Dusp1,12,20,0.0452730655670166,0.009753137826919556,0.0684284703507459,True
cluster_tissue__C1__bone_marrow,Nr4a1,12,20,0.0028663836419582367,0.01338840089738369,0.0684284703507459,True
cluster_tissue__C1__bone_marrow,Rorc,12,20,0.0,0.0,0.0684284703507459,True
cluster_tissue__C1__bone_marrow,Il23r,12,20,0.0,0.0,0.0684284703507459,True
cluster_tissue__C1__bone_marrow,Fos,13,20,0.15410363674163818,0.07473072409629822,0.1796452475982631,True
cluster_tissue__C1__bone_marrow,Jun,13,20,-0.3949868679046631,-0.1945359706878662,0.1796452475982631,True
cluster_tissue__C1__bone_marrow,Junb,13,20,0.2010021209716797,0.1500856876373291,0.1796452475982631,True
cluster_tissue__C1__bone_marrow,Jund,13,20,0.18930602073669434,0.16779279708862305,0.1796452475982631,True
cluster_tissue__C1__bone_marrow,Fosb,13,20,0.0840805172920227,0.1807187795639038,0.1796452475982631,True
cluster_tissue__C1__bone_marrow,Fosl2,13,20,0.0,-0.03653861954808235,0.1796452475982631,False
cluster_tissue__C1__bone_marrow,Dusp1,13,20,-0.03341031074523926,0.009753137826919556,0.1796452475982631,False
cluster_tissue__C1__bone_marrow,Nr4a1,13,20,0.0028663836419582367,0.01338840089738369,0.1796452475982631,True
cluster_tissue__C1__bone_marrow,Rorc,13,20,0.0,0.0,0.1796452475982631,True
cluster_tissue__C1__bone_marrow,Il23r,13,20,0.0,0.0,0.1796452475982631,True
cluster_tissue__C1__bone_marrow,Fos,14,20,-0.01789677143096924,0.07473072409629822,0.23042622000524846,False
cluster_tissue__C1__bone_marrow,Jun,14,20,-0.2591770887374878,-0.1945359706878662,0.23042622000524846,True
cluster_tissue__C1__bone_marrow,Junb,14,20,0.15000343322753906,0.1500856876373291,0.23042622000524846,True
cluster_tissue__C1__bone_marrow,Jund,14,20,0.25615406036376953,0.16779279708862305,0.23042622000524846,True
cluster_tissue__C1__bone_marrow,Fosb,14,20,-0.08004552125930786,0.1807187795639038,0.23042622000524846,False
cluster_tissue__C1__bone_marrow,Fosl2,14,20,0.0,-0.03653861954808235,0.23042622000524846,False
cluster_tissue__C1__bone_marrow,Dusp1,14,20,-0.23837080597877502,0.009753137826919556,0.23042622000524846,False
cluster_tissue__C1__bone_marrow,Nr4a1,14,20,0.0028663836419582367,0.01338840089738369,0.23042622000524846,True
cluster_tissue__C1__bone_marrow,Rorc,14,20,0.0,0.0,0.23042622000524846,True
cluster_tissue__C1__bone_marrow,Il23r,14,20,0.0,0.0,0.23042622000524846,True
cluster_tissue__C1__bone_marrow,Fos,15,20,0.21338482201099396,0.07473072409629822,0.1354658451978002,True
cluster_tissue__C1__bone_marrow,Jun,15,20,-0.6590592861175537,-0.1945359706878662,0.1354658451978002,True
cluster_tissue__C1__bone_marrow,Junb,15,20,0.21556758880615234,0.1500856876373291,0.1354658451978002,True
cluster_tissue__C1__bone_marrow,Jund,15,20,0.3215749263763428,0.16779279708862305,0.1354658451978002,True
cluster_tissue__C1__bone_marrow,Fosb,15,20,0.0840805172920227,0.1807187795639038,0.1354658451978002,True
cluster_tissue__C1__bone_marrow,Fosl2,15,20,0.0,-0.03653861954808235,0.1354658451978002,False
cluster_tissue__C1__bone_marrow,Dusp1,15,20,-0.016116946935653687,0.009753137826919556,0.1354658451978002,False
cluster_tissue__C1__bone_marrow,Nr4a1,15,20,0.0028663836419582367,0.01338840089738369,0.1354658451978002,True
cluster_tissue__C1__bone_marrow,Rorc,15,20,0.0,0.0,0.1354658451978002,True
cluster_tissue__C1__bone_marrow,Il23r,15,20,0.0,0.0,0.1354658451978002,True
cluster_tissue__C1__bone_marrow,Fos,16,20,0.022540926933288574,0.07473072409629822,0.07572057923747219,True
cluster_tissue__C1__bone_marrow,Jun,16,20,-0.5411275625228882,-0.1945359706878662,0.07572057923747219,True
cluster_tissue__C1__bone_marrow,Junb,16,20,0.33229804039001465,0.1500856876373291,0.07572057923747219,True
cluster_tissue__C1__bone_marrow,Jund,16,20,0.22054481506347656,0.16779279708862305,0.07572057923747219,True
cluster_tissue__C1__bone_marrow,Fosb,16,20,0.04064655303955078,0.1807187795639038,0.07572057923747219,True
cluster_tissue__C1__bone_marrow,Fosl2,16,20,0.0,-0.03653861954808235,0.07572057923747219,False
cluster_tissue__C1__bone_marrow,Dusp1,16,20,-0.2542528212070465,0.009753137826919556,0.07572057923747219,False
cluster_tissue__C1__bone_marrow,Nr4a1,16,20,0.0028663836419582367,0.01338840089738369,0.07572057923747219,True
cluster_tissue__C1__bone_marrow,Rorc,16,20,0.0,0.0,0.07572057923747219,True
cluster_tissue__C1__bone_marrow,Il23r,16,20,0.0,0.0,0.07572057923747219,True
cluster_tissue__C1__bone_marrow,Fos,17,20,0.27054068446159363,0.07473072409629822,0.16376236870154864,True
cluster_tissue__C1__bone_marrow,Jun,17,20,-0.11376166343688965,-0.1945359706878662,0.16376236870154864,True
cluster_tissue__C1__bone_marrow,Junb,17,20,0.3460592031478882,0.1500856876373291,0.16376236870154864,True
cluster_tissue__C1__bone_marrow,Jund,17,20,0.20189833641052246,0.16779279708862305,0.16376236870154864,True
cluster_tissue__C1__bone_marrow,Fosb,17,20,0.1969856321811676,0.1807187795639038,0.16376236870154864,True
cluster_tissue__C1__bone_marrow,Fosl2,17,20,0.0,-0.03653861954808235,0.16376236870154864,False
cluster_tissue__C1__bone_marrow,Dusp1,17,20,0.07161948084831238,0.009753137826919556,0.16376236870154864,True
cluster_tissue__C1__bone_marrow,Nr4a1,17,20,0.0028663836419582367,0.01338840089738369,0.16376236870154864,True
cluster_tissue__C1__bone_marrow,Rorc,17,20,0.0,0.0,0.16376236870154864,True
cluster_tissue__C1__bone_marrow,Il23r,17,20,0.0,0.0,0.16376236870154864,True
cluster_tissue__C1__bone_marrow,Fos,18,20,0.27054068446159363,0.07473072409629822,0.15239689961438477,True
cluster_tissue__C1__bone_marrow,Jun,18,20,-0.33978939056396484,-0.1945359706878662,0.15239689961438477,True
cluster_tissue__C1__bone_marrow,Junb,18,20,0.5043865442276001,0.1500856876373291,0.15239689961438477,True
cluster_tissue__C1__bone_marrow,Jund,18,20,0.30252909660339355,0.16779279708862305,0.15239689961438477,True
cluster_tissue__C1__bone_marrow,Fosb,18,20,0.2851143479347229,0.1807187795639038,0.15239689961438477,True
cluster_tissue__C1__bone_marrow,Fosl2,18,20,0.0,-0.03653861954808235,0.15239689961438477,False
cluster_tissue__C1__bone_marrow,Dusp1,18,20,0.052744895219802856,0.009753137826919556,0.15239689961438477,True
cluster_tissue__C1__bone_marrow,Nr4a1,18,20,0.0028663836419582367,0.01338840089738369,0.15239689961438477,True
cluster_tissue__C1__bone_marrow,Rorc,18,20,0.0,0.0,0.15239689961438477,True
cluster_tissue__C1__bone_marrow,Il23r,18,20,0.0,0.0,0.15239689961438477,True
cluster_tissue__C1__bone_marrow,Fos,19,20,0.136112779378891,0.07473072409629822,0.08031093006576624,True
cluster_tissue__C1__bone_marrow,Jun,19,20,-0.6251753568649292,-0.1945359706878662,0.08031093006576624,True
cluster_tissue__C1__bone_marrow,Junb,19,20,0.3244746923446655,0.1500856876373291,0.08031093006576624,True
cluster_tissue__C1__bone_marrow,Jund,19,20,0.24609160423278809,0.16779279708862305,0.08031093006576624,True
cluster_tissue__C1__bone_marrow,Fosb,19,20,0.09493720531463623,0.1807187795639038,0.08031093006576624,True
cluster_tissue__C1__bone_marrow,Fosl2,19,20,0.0,-0.03653861954808235,0.08031093006576624,False
cluster_tissue__C1__bone_marrow,Dusp1,19,20,-0.04929232597351074,0.009753137826919556,0.08031093006576624,False
cluster_tissue__C1__bone_marrow,Nr4a1,19,20,0.0028663836419582367,0.01338840089738369,0.08031093006576624,True
cluster_tissue__C1__bone_marrow,Rorc,19,20,0.0,0.0,0.08031093006576624,True
cluster_tissue__C1__bone_marrow,Il23r,19,20,0.0,0.0,0.08031093006576624,True
cluster_tissue__C1__spleen,Fos,0,19,0.09871028363704681,0.13942593336105347,0.2450086823941608,True
cluster_tissue__C1__spleen,Jun,0,19,0.42438632249832153,0.4391339421272278,0.2450086823941608,True
cluster_tissue__C1__spleen,Junb,0,19,-0.42762601375579834,-0.15195739269256592,0.2450086823941608,True
cluster_tissue__C1__spleen,Jund,0,19,0.4472466707229614,0.23719072341918945,0.2450086823941608,True
cluster_tissue__C1__spleen,Fosb,0,19,-0.23301494121551514,0.009924650192260742,0.2450086823941608,False
cluster_tissue__C1__spleen,Fosl2,0,19,-0.06684161722660065,0.017691005021333694,0.2450086823941608,False
cluster_tissue__C1__spleen,Dusp1,0,19,-0.08327591419219971,0.05807526409626007,0.2450086823941608,False
cluster_tissue__C1__spleen,Nr4a1,0,19,0.0,0.0,0.2450086823941608,True
cluster_tissue__C1__spleen,Rorc,0,19,0.0,0.0,0.2450086823941608,True
cluster_tissue__C1__spleen,Il23r,0,19,0.0,0.0,0.2450086823941608,True
cluster_tissue__C1__spleen,Fos,1,19,0.03673769533634186,0.13942593336105347,0.2533456485817434,True
cluster_tissue__C1__spleen,Jun,1,19,0.5209783911705017,0.4391339421272278,0.2533456485817434,True
cluster_tissue__C1__spleen,Junb,1,19,-0.6488699913024902,-0.15195739269256592,0.2533456485817434,True
cluster_tissue__C1__spleen,Jund,1,19,0.41142165660858154,0.23719072341918945,0.2533456485817434,True
cluster_tissue__C1__spleen,Fosb,1,19,0.017584770917892456,0.009924650192260742,0.2533456485817434,True
cluster_tissue__C1__spleen,Fosl2,1,19,-0.06684161722660065,0.017691005021333694,0.2533456485817434,False
cluster_tissue__C1__spleen,Dusp1,1,19,-0.0571000874042511,0.05807526409626007,0.2533456485817434,False
cluster_tissue__C1__spleen,Nr4a1,1,19,0.0,0.0,0.2533456485817434,True
cluster_tissue__C1__spleen,Rorc,1,19,0.0,0.0,0.2533456485817434,True
cluster_tissue__C1__spleen,Il23r,1,19,0.0,0.0,0.2533456485817434,True
cluster_tissue__C1__spleen,Fos,2,19,-0.03552062064409256,0.13942593336105347,0.29113334633720955,False
cluster_tissue__C1__spleen,Jun,2,19,0.453826367855072,0.4391339421272278,0.29113334633720955,True
cluster_tissue__C1__spleen,Junb,2,19,-0.6856213808059692,-0.15195739269256592,0.29113334633720955,True
cluster_tissue__C1__spleen,Jund,2,19,0.39681529998779297,0.23719072341918945,0.29113334633720955,True
cluster_tissue__C1__spleen,Fosb,2,19,-0.10234223306179047,0.009924650192260742,0.29113334633720955,False
cluster_tissue__C1__spleen,Fosl2,2,19,-0.06684161722660065,0.017691005021333694,0.29113334633720955,False
cluster_tissue__C1__spleen,Dusp1,2,19,-0.12580816447734833,0.05807526409626007,0.29113334633720955,False
cluster_tissue__C1__spleen,Nr4a1,2,19,0.0,0.0,0.29113334633720955,True
cluster_tissue__C1__spleen,Rorc,2,19,0.0,0.0,0.29113334633720955,True
cluster_tissue__C1__spleen,Il23r,2,19,0.0,0.0,0.29113334633720955,True
cluster_tissue__C1__spleen,Fos,3,19,0.03673769533634186,0.13942593336105347,0.3162772785943852,True
cluster_tissue__C1__spleen,Jun,3,19,0.3528284430503845,0.4391339421272278,0.3162772785943852,True
cluster_tissue__C1__spleen,Junb,3,19,-0.5823342800140381,-0.15195739269256592,0.3162772785943852,True
cluster_tissue__C1__spleen,Jund,3,19,0.45491182804107666,0.23719072341918945,0.3162772785943852,True
cluster_tissue__C1__spleen,Fosb,3,19,0.017584770917892456,0.009924650192260742,0.3162772785943852,True
cluster_tissue__C1__spleen,Fosl2,3,19,-0.06684161722660065,0.017691005021333694,0.3162772785943852,False
cluster_tissue__C1__spleen,Dusp1,3,19,-0.0571000874042511,0.05807526409626007,0.3162772785943852,False
cluster_tissue__C1__spleen,Nr4a1,3,19,0.0,0.0,0.3162772785943852,True
cluster_tissue__C1__spleen,Rorc,3,19,0.0,0.0,0.3162772785943852,True
cluster_tissue__C1__spleen,Il23r,3,19,0.0,0.0,0.3162772785943852,True
cluster_tissue__C1__spleen,Fos,4,19,-0.03552062064409256,0.13942593336105347,0.37344658873611297,False
cluster_tissue__C1__spleen,Jun,4,19,0.3824078440666199,0.4391339421272278,0.37344658873611297,True
cluster_tissue__C1__spleen,Junb,4,19,-0.750544548034668,-0.15195739269256592,0.37344658873611297,True
cluster_tissue__C1__spleen,Jund,4,19,0.4164130687713623,0.23719072341918945,0.37344658873611297,True
cluster_tissue__C1__spleen,Fosb,4,19,-0.10234223306179047,0.009924650192260742,0.37344658873611297,False
cluster_tissue__C1__spleen,Fosl2,4,19,-0.06684161722660065,0.017691005021333694,0.37344658873611297,False
cluster_tissue__C1__spleen,Dusp1,4,19,-0.12580816447734833,0.05807526409626007,0.37344658873611297,False
cluster_tissue__C1__spleen,Nr4a1,4,19,0.0,0.0,0.37344658873611297,True
cluster_tissue__C1__spleen,Rorc,4,19,0.0,0.0,0.37344658873611297,True
cluster_tissue__C1__spleen,Il23r,4,19,0.0,0.0,0.37344658873611297,True
cluster_tissue__C1__spleen,Fos,5,19,0.03673769533634186,0.13942593336105347,0.2699554386003243,True
cluster_tissue__C1__spleen,Jun,5,19,0.5209783911705017,0.4391339421272278,0.2699554386003243,True
cluster_tissue__C1__spleen,Junb,5,19,-0.735526442527771,-0.15195739269256592,0.2699554386003243,True
cluster_tissue__C1__spleen,Jund,5,19,0.31373131275177,0.23719072341918945,0.2699554386003243,True
cluster_tissue__C1__spleen,Fosb,5,19,0.017584770917892456,0.009924650192260742,0.2699554386003243,True
cluster_tissue__C1__spleen,Fosl2,5,19,-0.06684161722660065,0.017691005021333694,0.2699554386003243,False
cluster_tissue__C1__spleen,Dusp1,5,19,-0.0571000874042511,0.05807526409626007,0.2699554386003243,False
cluster_tissue__C1__spleen,Nr4a1,5,19,0.0,0.0,0.2699554386003243,True
cluster_tissue__C1__spleen,Rorc,5,19,0.0,0.0,0.2699554386003243,True
cluster_tissue__C1__spleen,Il23r,5,19,0.0,0.0,0.2699554386003243,True
cluster_tissue__C1__spleen,Fos,6,19,0.03673769533634186,0.13942593336105347,0.3455058262402881,True
cluster_tissue__C1__spleen,Jun,6,19,0.3082936406135559,0.4391339421272278,0.3455058262402881,True
cluster_tissue__C1__spleen,Junb,6,19,-0.49573516845703125,-0.15195739269256592,0.3455058262402881,True
cluster_tissue__C1__spleen,Jund,6,19,0.43151211738586426,0.23719072341918945,0.3455058262402881,True
cluster_tissue__C1__spleen,Fosb,6,19,-0.05467928946018219,0.009924650192260742,0.3455058262402881,False
cluster_tissue__C1__spleen,Fosl2,6,19,-0.06684161722660065,0.017691005021333694,0.3455058262402881,False
cluster_tissue__C1__spleen,Dusp1,6,19,-0.05354985594749451,0.05807526409626007,0.3455058262402881,False
cluster_tissue__C1__spleen,Nr4a1,6,19,0.0,0.0,0.3455058262402881,True
cluster_tissue__C1__spleen,Rorc,6,19,0.0,0.0,0.3455058262402881,True
cluster_tissue__C1__spleen,Il23r,6,19,0.0,0.0,0.3455058262402881,True
cluster_tissue__C1__spleen,Fos,7,19,0.026451990008354187,0.13942593336105347,0.4125762731634364,True
cluster_tissue__C1__spleen,Jun,7,19,0.4784638285636902,0.4391339421272278,0.4125762731634364,True
cluster_tissue__C1__spleen,Junb,7,19,-0.581548810005188,-0.15195739269256592,0.4125762731634364,True
cluster_tissue__C1__spleen,Jund,7,19,0.3849515914916992,0.23719072341918945,0.4125762731634364,True
cluster_tissue__C1__spleen,Fosb,7,19,-0.11671516299247742,0.009924650192260742,0.4125762731634364,False
cluster_tissue__C1__spleen,Fosl2,7,19,-0.06684161722660065,0.017691005021333694,0.4125762731634364,False
cluster_tissue__C1__spleen,Dusp1,7,19,-0.06738579273223877,0.05807526409626007,0.4125762731634364,False
cluster_tissue__C1__spleen,Nr4a1,7,19,0.0,0.0,0.4125762731634364,True
cluster_tissue__C1__spleen,Rorc,7,19,0.0,0.0,0.4125762731634364,True
cluster_tissue__C1__spleen,Il23r,7,19,0.0,0.0,0.4125762731634364,True
cluster_tissue__C1__spleen,Fos,8,19,0.03673769533634186,0.13942593336105347,0.35159650279167337,True
cluster_tissue__C1__spleen,Jun,8,19,0.3027593493461609,0.4391339421272278,0.35159650279167337,True
cluster_tissue__C1__spleen,Junb,8,19,-0.4210093021392822,-0.15195739269256592,0.35159650279167337,True
cluster_tissue__C1__spleen,Jund,8,19,0.4133765697479248,0.23719072341918945,0.35159650279167337,True
cluster_tissue__C1__spleen,Fosb,8,19,-0.05467928946018219,0.009924650192260742,0.35159650279167337,False
cluster_tissue__C1__spleen,Fosl2,8,19,-0.06684161722660065,0.017691005021333694,0.35159650279167337,False
cluster_tissue__C1__spleen,Dusp1,8,19,-0.05354985594749451,0.05807526409626007,0.35159650279167337,False
cluster_tissue__C1__spleen,Nr4a1,8,19,0.0,0.0,0.35159650279167337,True
cluster_tissue__C1__spleen,Rorc,8,19,0.0,0.0,0.35159650279167337,True
cluster_tissue__C1__spleen,Il23r,8,19,0.0,0.0,0.35159650279167337,True
cluster_tissue__C1__spleen,Fos,9,19,0.09871028363704681,0.13942593336105347,0.3507046980489495,True
cluster_tissue__C1__spleen,Jun,9,19,0.5941283106803894,0.4391339421272278,0.3507046980489495,True
cluster_tissue__C1__spleen,Junb,9,19,-0.31733596324920654,-0.15195739269256592,0.3507046980489495,True
cluster_tissue__C1__spleen,Jund,9,19,0.4755682945251465,0.23719072341918945,0.3507046980489495,True
cluster_tissue__C1__spleen,Fosb,9,19,-0.07058887928724289,0.009924650192260742,0.3507046980489495,False
cluster_tissue__C1__spleen,Fosl2,9,19,-0.06684161722660065,0.017691005021333694,0.3507046980489495,False
cluster_tissue__C1__spleen,Dusp1,9,19,0.1082763671875,0.05807526409626007,0.3507046980489495,True
cluster_tissue__C1__spleen,Nr4a1,9,19,0.0,0.0,0.3507046980489495,True
cluster_tissue__C1__spleen,Rorc,9,19,0.0,0.0,0.3507046980489495,True
cluster_tissue__C1__spleen,Il23r,9,19,0.0,0.0,0.3507046980489495,True
cluster_tissue__C1__spleen,Fos,10,19,0.09871028363704681,0.13942593336105347,0.29899132806891476,True
cluster_tissue__C1__spleen,Jun,10,19,0.6191620230674744,0.4391339421272278,0.29899132806891476,True
cluster_tissue__C1__spleen,Junb,10,19,-0.5077983140945435,-0.15195739269256592,0.29899132806891476,True
cluster_tissue__C1__spleen,Jund,10,19,0.2170727252960205,0.23719072341918945,0.29899132806891476,True
cluster_tissue__C1__spleen,Fosb,10,19,-0.14131629467010498,0.009924650192260742,0.29899132806891476,False
cluster_tissue__C1__spleen,Fosl2,10,19,-0.06684161722660065,0.017691005021333694,0.29899132806891476,False
cluster_tissue__C1__spleen,Dusp1,10,19,0.00842273235321045,0.05807526409626007,0.29899132806891476,True
cluster_tissue__C1__spleen,Nr4a1,10,19,0.0,0.0,0.29899132806891476,True
cluster_tissue__C1__spleen,Rorc,10,19,0.0,0.0,0.29899132806891476,True
cluster_tissue__C1__spleen,Il23r,10,19,0.0,0.0,0.29899132806891476,True
cluster_tissue__C1__spleen,Fos,11,19,0.03673769533634186,0.13942593336105347,0.3144665262764878,True
cluster_tissue__C1__spleen,Jun,11,19,0.38443803787231445,0.4391339421272278,0.3144665262764878,True
cluster_tissue__C1__spleen,Junb,11,19,-0.34511566162109375,-0.15195739269256592,0.3144665262764878,True
cluster_tissue__C1__spleen,Jund,11,19,0.39459848403930664,0.23719072341918945,0.3144665262764878,True
cluster_tissue__C1__spleen,Fosb,11,19,0.08831219375133514,0.009924650192260742,0.3144665262764878,True
cluster_tissue__C1__spleen,Fosl2,11,19,-0.06684161722660065,0.017691005021333694,0.3144665262764878,False
cluster_tissue__C1__spleen,Dusp1,11,19,0.04275354743003845,0.05807526409626007,0.3144665262764878,True
cluster_tissue__C1__spleen,Nr4a1,11,19,0.0,0.0,0.3144665262764878,True
cluster_tissue__C1__spleen,Rorc,11,19,0.0,0.0,0.3144665262764878,True
cluster_tissue__C1__spleen,Il23r,11,19,0.0,0.0,0.3144665262764878,True
cluster_tissue__C1__spleen,Fos,12,19,0.03673769533634186,0.13942593336105347,0.3245016400138328,True
cluster_tissue__C1__spleen,Jun,12,19,0.3899723291397095,0.4391339421272278,0.3245016400138328,True
cluster_tissue__C1__spleen,Junb,12,19,-0.3891545534133911,-0.15195739269256592,0.3245016400138328,True
cluster_tissue__C1__spleen,Jund,12,19,0.41371023654937744,0.23719072341918945,0.3245016400138328,True
cluster_tissue__C1__spleen,Fosb,12,19,0.08831219375133514,0.009924650192260742,0.3245016400138328,True
cluster_tissue__C1__spleen,Fosl2,12,19,-0.06684161722660065,0.017691005021333694,0.3245016400138328,False
cluster_tissue__C1__spleen,Dusp1,12,19,0.04275354743003845,0.05807526409626007,0.3245016400138328,True
cluster_tissue__C1__spleen,Nr4a1,12,19,0.0,0.0,0.3245016400138328,True
cluster_tissue__C1__spleen,Rorc,12,19,0.0,0.0,0.3245016400138328,True
cluster_tissue__C1__spleen,Il23r,12,19,0.0,0.0,0.3245016400138328,True
cluster_tissue__C1__spleen,Fos,13,19,0.03673769533634186,0.13942593336105347,0.2787686823627184,True
cluster_tissue__C1__spleen,Jun,13,19,0.22947126626968384,0.4391339421272278,0.2787686823627184,True
cluster_tissue__C1__spleen,Junb,13,19,-0.46616244316101074,-0.15195739269256592,0.2787686823627184,True
cluster_tissue__C1__spleen,Jund,13,19,0.544167160987854,0.23719072341918945,0.2787686823627184,True
cluster_tissue__C1__spleen,Fosb,13,19,-0.0741138756275177,0.009924650192260742,0.2787686823627184,False
cluster_tissue__C1__spleen,Fosl2,13,19,-0.06684161722660065,0.017691005021333694,0.2787686823627184,False
cluster_tissue__C1__spleen,Dusp1,13,19,-0.14879873394966125,0.05807526409626007,0.2787686823627184,False
cluster_tissue__C1__spleen,Nr4a1,13,19,0.0,0.0,0.2787686823627184,True
cluster_tissue__C1__spleen,Rorc,13,19,0.0,0.0,0.2787686823627184,True
cluster_tissue__C1__spleen,Il23r,13,19,0.0,0.0,0.2787686823627184,True
cluster_tissue__C1__spleen,Fos,14,19,0.09871028363704681,0.13942593336105347,0.2836992497286091,True
cluster_tissue__C1__spleen,Jun,14,19,0.6908597350120544,0.4391339421272278,0.2836992497286091,True
cluster_tissue__C1__spleen,Junb,14,19,-0.4577735662460327,-0.15195739269256592,0.2836992497286091,True
cluster_tissue__C1__spleen,Jund,14,19,0.3592129945755005,0.23719072341918945,0.2836992497286091,True
cluster_tissue__C1__spleen,Fosb,14,19,-0.07058887928724289,0.009924650192260742,0.2836992497286091,False
cluster_tissue__C1__spleen,Fosl2,14,19,-0.06684161722660065,0.017691005021333694,0.2836992497286091,False
cluster_tissue__C1__spleen,Dusp1,14,19,0.1082763671875,0.05807526409626007,0.2836992497286091,True
cluster_tissue__C1__spleen,Nr4a1,14,19,0.0,0.0,0.2836992497286091,True
cluster_tissue__C1__spleen,Rorc,14,19,0.0,0.0,0.2836992497286091,True
cluster_tissue__C1__spleen,Il23r,14,19,0.0,0.0,0.2836992497286091,True
cluster_tissue__C1__spleen,Fos,15,19,0.03673769533634186,0.13942593336105347,0.28950122507664744,True
cluster_tissue__C1__spleen,Jun,15,19,0.40502506494522095,0.4391339421272278,0.28950122507664744,True
cluster_tissue__C1__spleen,Junb,15,19,-0.641615629196167,-0.15195739269256592,0.28950122507664744,True
cluster_tissue__C1__spleen,Jund,15,19,0.5205055475234985,0.23719072341918945,0.28950122507664744,True
cluster_tissue__C1__spleen,Fosb,15,19,-0.05467928946018219,0.009924650192260742,0.28950122507664744,False
cluster_tissue__C1__spleen,Fosl2,15,19,-0.06684161722660065,0.017691005021333694,0.28950122507664744,False
cluster_tissue__C1__spleen,Dusp1,15,19,-0.05354985594749451,0.05807526409626007,0.28950122507664744,False
cluster_tissue__C1__spleen,Nr4a1,15,19,0.0,0.0,0.28950122507664744,True
cluster_tissue__C1__spleen,Rorc,15,19,0.0,0.0,0.28950122507664744,True
cluster_tissue__C1__spleen,Il23r,15,19,0.0,0.0,0.28950122507664744,True
cluster_tissue__C1__spleen,Fos,16,19,0.09871028363704681,0.13942593336105347,0.3262032411389819,True
cluster_tissue__C1__spleen,Jun,16,19,0.3505738377571106,0.4391339421272278,0.3262032411389819,True
cluster_tissue__C1__spleen,Junb,16,19,-0.352864146232605,-0.15195739269256592,0.3262032411389819,True
cluster_tissue__C1__spleen,Jund,16,19,0.33298957347869873,0.23719072341918945,0.3262032411389819,True
cluster_tissue__C1__spleen,Fosb,16,19,-0.14131629467010498,0.009924650192260742,0.3262032411389819,False
cluster_tissue__C1__spleen,Fosl2,16,19,-0.06684161722660065,0.017691005021333694,0.3262032411389819,False
cluster_tissue__C1__spleen,Dusp1,16,19,0.00842273235321045,0.05807526409626007,0.3262032411389819,True
cluster_tissue__C1__spleen,Nr4a1,16,19,0.0,0.0,0.3262032411389819,True
cluster_tissue__C1__spleen,Rorc,16,19,0.0,0.0,0.3262032411389819,True
cluster_tissue__C1__spleen,Il23r,16,19,0.0,0.0,0.3262032411389819,True
cluster_tissue__C1__spleen,Fos,17,19,0.09871028363704681,0.13942593336105347,0.3022165402354099,True
cluster_tissue__C1__spleen,Jun,17,19,0.46652722358703613,0.4391339421272278,0.3022165402354099,True
cluster_tissue__C1__spleen,Junb,17,19,-0.4341508150100708,-0.15195739269256592,0.3022165402354099,True
cluster_tissue__C1__spleen,Jund,17,19,0.21449458599090576,0.23719072341918945,0.3022165402354099,True
cluster_tissue__C1__spleen,Fosb,17,19,-0.06905221939086914,0.009924650192260742,0.3022165402354099,False
cluster_tissue__C1__spleen,Fosl2,17,19,-0.06684161722660065,0.017691005021333694,0.3022165402354099,False
cluster_tissue__C1__spleen,Dusp1,17,19,0.004872500896453857,0.05807526409626007,0.3022165402354099,True
cluster_tissue__C1__spleen,Nr4a1,17,19,0.0,0.0,0.3022165402354099,True
cluster_tissue__C1__spleen,Rorc,17,19,0.0,0.0,0.3022165402354099,True
cluster_tissue__C1__spleen,Il23r,17,19,0.0,0.0,0.3022165402354099,True
cluster_tissue__C1__spleen,Fos,18,19,0.09871028363704681,0.13942593336105347,0.27609909203867444,True
cluster_tissue__C1__spleen,Jun,18,19,0.33318907022476196,0.4391339421272278,0.27609909203867444,True
cluster_tissue__C1__spleen,Junb,18,19,-0.352864146232605,-0.15195739269256592,0.27609909203867444,True
cluster_tissue__C1__spleen,Jund,18,19,0.48279261589050293,0.23719072341918945,0.27609909203867444,True
cluster_tissue__C1__spleen,Fosb,18,19,-0.23301494121551514,0.009924650192260742,0.27609909203867444,False
cluster_tissue__C1__spleen,Fosl2,18,19,-0.06684161722660065,0.017691005021333694,0.27609909203867444,False
cluster_tissue__C1__spleen,Dusp1,18,19,-0.08327591419219971,0.05807526409626007,0.27609909203867444,False
cluster_tissue__C1__spleen,Nr4a1,18,19,0.0,0.0,0.27609909203867444,True
cluster_tissue__C1__spleen,Rorc,18,19,0.0,0.0,0.27609909203867444,True
cluster_tissue__C1__spleen,Il23r,18,19,0.0,0.0,0.27609909203867444,True
cluster_tissue__C1__spleen,Fos,19,19,0.09871028363704681,0.13942593336105347,0.26236323226458963,True
cluster_tissue__C1__spleen,Jun,19,19,0.7409288287162781,0.4391339421272278,0.26236323226458963,True
cluster_tissue__C1__spleen,Junb,19,19,-0.5053625106811523,-0.15195739269256592,0.26236323226458963,True
cluster_tissue__C1__spleen,Jund,19,19,0.39301109313964844,0.23719072341918945,0.26236323226458963,True
cluster_tissue__C1__spleen,Fosb,19,19,0.0016752034425735474,0.009924650192260742,0.26236323226458963,True
cluster_tissue__C1__spleen,Fosl2,19,19,-0.06684161722660065,0.017691005021333694,0.26236323226458963,False
cluster_tissue__C1__spleen,Dusp1,19,19,0.10472613573074341,0.05807526409626007,0.26236323226458963,True
cluster_tissue__C1__spleen,Nr4a1,19,19,0.0,0.0,0.26236323226458963,True
cluster_tissue__C1__spleen,Rorc,19,19,0.0,0.0,0.26236323226458963,True
cluster_tissue__C1__spleen,Il23r,19,19,0.0,0.0,0.26236323226458963,True
cluster_tissue__C2__bone_marrow,Fos,0,35,0.27816975116729736,0.1422092318534851,0.27684348284180127,True
cluster_tissue__C2__bone_marrow,Jun,0,35,0.0878598690032959,0.08266943693161011,0.27684348284180127,True
cluster_tissue__C2__bone_marrow,Junb,0,35,0.29675841331481934,0.2828282117843628,0.27684348284180127,True
cluster_tissue__C2__bone_marrow,Jund,0,35,0.5811322927474976,0.16745877265930176,0.27684348284180127,True
cluster_tissue__C2__bone_marrow,Fosb,0,35,0.18353377282619476,0.11018277704715729,0.27684348284180127,True
cluster_tissue__C2__bone_marrow,Fosl2,0,35,-0.11517801135778427,-0.0890142098069191,0.27684348284180127,True
cluster_tissue__C2__bone_marrow,Dusp1,0,35,0.06602239608764648,0.04619938135147095,0.27684348284180127,True
cluster_tissue__C2__bone_marrow,Nr4a1,0,35,-0.043312326073646545,-0.019435018301010132,0.27684348284180127,True
cluster_tissue__C2__bone_marrow,Rorc,0,35,0.0,0.0,0.27684348284180127,True
cluster_tissue__C2__bone_marrow,Il23r,0,35,0.0,0.0,0.27684348284180127,True
cluster_tissue__C2__bone_marrow,Fos,1,35,0.19400015473365784,0.1422092318534851,0.22525645529013627,True
cluster_tissue__C2__bone_marrow,Jun,1,35,0.21827447414398193,0.08266943693161011,0.22525645529013627,True
cluster_tissue__C2__bone_marrow,Junb,1,35,0.2863903045654297,0.2828282117843628,0.22525645529013627,True
cluster_tissue__C2__bone_marrow,Jund,1,35,-0.11357629299163818,0.16745877265930176,0.22525645529013627,False
cluster_tissue__C2__bone_marrow,Fosb,1,35,0.18159380555152893,0.11018277704715729,0.22525645529013627,True
cluster_tissue__C2__bone_marrow,Fosl2,1,35,-0.11517801135778427,-0.0890142098069191,0.22525645529013627,True
cluster_tissue__C2__bone_marrow,Dusp1,1,35,0.027284443378448486,0.04619938135147095,0.22525645529013627,True
cluster_tissue__C2__bone_marrow,Nr4a1,1,35,-0.043312326073646545,-0.019435018301010132,0.22525645529013627,True
cluster_tissue__C2__bone_marrow,Rorc,1,35,0.0,0.0,0.22525645529013627,True
cluster_tissue__C2__bone_marrow,Il23r,1,35,0.0,0.0,0.22525645529013627,True
cluster_tissue__C2__bone_marrow,Fos,2,35,0.11334004998207092,0.1422092318534851,0.14439195316996845,True
cluster_tissue__C2__bone_marrow,Jun,2,35,0.046836912631988525,0.08266943693161011,0.14439195316996845,True
cluster_tissue__C2__bone_marrow,Junb,2,35,0.2945457696914673,0.2828282117843628,0.14439195316996845,True
cluster_tissue__C2__bone_marrow,Jund,2,35,-0.10464334487915039,0.16745877265930176,0.14439195316996845,False
cluster_tissue__C2__bone_marrow,Fosb,2,35,0.19807855784893036,0.11018277704715729,0.14439195316996845,True
cluster_tissue__C2__bone_marrow,Fosl2,2,35,-0.11517801135778427,-0.0890142098069191,0.14439195316996845,True
cluster_tissue__C2__bone_marrow,Dusp1,2,35,0.106391042470932,0.04619938135147095,0.14439195316996845,True
cluster_tissue__C2__bone_marrow,Nr4a1,2,35,-0.043312326073646545,-0.019435018301010132,0.14439195316996845,True
cluster_tissue__C2__bone_marrow,Rorc,2,35,0.0,0.0,0.14439195316996845,True
cluster_tissue__C2__bone_marrow,Il23r,2,35,0.0,0.0,0.14439195316996845,True
cluster_tissue__C2__bone_marrow,Fos,3,35,0.1952536404132843,0.1422092318534851,0.1526502019654119,True
cluster_tissue__C2__bone_marrow,Jun,3,35,0.012628018856048584,0.08266943693161011,0.1526502019654119,True
cluster_tissue__C2__bone_marrow,Junb,3,35,0.38490188121795654,0.2828282117843628,0.1526502019654119,True
cluster_tissue__C2__bone_marrow,Jund,3,35,0.10944092273712158,0.16745877265930176,0.1526502019654119,True
cluster_tissue__C2__bone_marrow,Fosb,3,35,0.24782602488994598,0.11018277704715729,0.1526502019654119,True
cluster_tissue__C2__bone_marrow,Fosl2,3,35,-0.11517801135778427,-0.0890142098069191,0.1526502019654119,True
cluster_tissue__C2__bone_marrow,Dusp1,3,35,0.16871538758277893,0.04619938135147095,0.1526502019654119,True
cluster_tissue__C2__bone_marrow,Nr4a1,3,35,-0.043312326073646545,-0.019435018301010132,0.1526502019654119,True
cluster_tissue__C2__bone_marrow,Rorc,3,35,0.0,0.0,0.1526502019654119,True
cluster_tissue__C2__bone_marrow,Il23r,3,35,0.0,0.0,0.1526502019654119,True
cluster_tissue__C2__bone_marrow,Fos,4,35,0.10726875066757202,0.1422092318534851,0.22912144618109193,True
cluster_tissue__C2__bone_marrow,Jun,4,35,-0.026284873485565186,0.08266943693161011,0.22912144618109193,False
cluster_tissue__C2__bone_marrow,Junb,4,35,0.28101301193237305,0.2828282117843628,0.22912144618109193,True
cluster_tissue__C2__bone_marrow,Jund,4,35,0.2852543592453003,0.16745877265930176,0.22912144618109193,True
cluster_tissue__C2__bone_marrow,Fosb,4,35,-0.03247612714767456,0.11018277704715729,0.22912144618109193,False
cluster_tissue__C2__bone_marrow,Fosl2,4,35,-0.11517801135778427,-0.0890142098069191,0.22912144618109193,True
cluster_tissue__C2__bone_marrow,Dusp1,4,35,0.17674902081489563,0.04619938135147095,0.22912144618109193,True
cluster_tissue__C2__bone_marrow,Nr4a1,4,35,-0.043312326073646545,-0.019435018301010132,0.22912144618109193,True
cluster_tissue__C2__bone_marrow,Rorc,4,35,0.0,0.0,0.22912144618109193,True
cluster_tissue__C2__bone_marrow,Il23r,4,35,0.0,0.0,0.22912144618109193,True
cluster_tissue__C2__bone_marrow,Fos,5,35,0.27816975116729736,0.1422092318534851,0.1585616942405631,True
cluster_tissue__C2__bone_marrow,Jun,5,35,0.15754377841949463,0.08266943693161011,0.1585616942405631,True
cluster_tissue__C2__bone_marrow,Junb,5,35,0.31132376194000244,0.2828282117843628,0.1585616942405631,True
cluster_tissue__C2__bone_marrow,Jund,5,35,0.1294245719909668,0.16745877265930176,0.1585616942405631,True
cluster_tissue__C2__bone_marrow,Fosb,5,35,0.24782602488994598,0.11018277704715729,0.1585616942405631,True
cluster_tissue__C2__bone_marrow,Fosl2,5,35,-0.11517801135778427,-0.0890142098069191,0.1585616942405631,True
cluster_tissue__C2__bone_marrow,Dusp1,5,35,0.07063916325569153,0.04619938135147095,0.1585616942405631,True
cluster_tissue__C2__bone_marrow,Nr4a1,5,35,-0.043312326073646545,-0.019435018301010132,0.1585616942405631,True
cluster_tissue__C2__bone_marrow,Rorc,5,35,0.0,0.0,0.1585616942405631,True
cluster_tissue__C2__bone_marrow,Il23r,5,35,0.0,0.0,0.1585616942405631,True
cluster_tissue__C2__bone_marrow,Fos,6,35,0.15197589993476868,0.1422092318534851,0.17309814647330304,True
cluster_tissue__C2__bone_marrow,Jun,6,35,0.13887649774551392,0.08266943693161011,0.17309814647330304,True
cluster_tissue__C2__bone_marrow,Junb,6,35,0.4372377395629883,0.2828282117843628,0.17309814647330304,True
cluster_tissue__C2__bone_marrow,Jund,6,35,0.021332621574401855,0.16745877265930176,0.17309814647330304,True
cluster_tissue__C2__bone_marrow,Fosb,6,35,0.16438046097755432,0.11018277704715729,0.17309814647330304,True
cluster_tissue__C2__bone_marrow,Fosl2,6,35,-0.11517801135778427,-0.0890142098069191,0.17309814647330304,True
cluster_tissue__C2__bone_marrow,Dusp1,6,35,0.03161203861236572,0.04619938135147095,0.17309814647330304,True
cluster_tissue__C2__bone_marrow,Nr4a1,6,35,-0.043312326073646545,-0.019435018301010132,0.17309814647330304,True
cluster_tissue__C2__bone_marrow,Rorc,6,35,0.0,0.0,0.17309814647330304,True
cluster_tissue__C2__bone_marrow,Il23r,6,35,0.0,0.0,0.17309814647330304,True
cluster_tissue__C2__bone_marrow,Fos,7,35,0.10726875066757202,0.1422092318534851,0.17219431131138244,True
cluster_tissue__C2__bone_marrow,Jun,7,35,0.06488955020904541,0.08266943693161011,0.17219431131138244,True
cluster_tissue__C2__bone_marrow,Junb,7,35,0.6170337200164795,0.2828282117843628,0.17219431131138244,True
cluster_tissue__C2__bone_marrow,Jund,7,35,0.018970131874084473,0.16745877265930176,0.17219431131138244,True
cluster_tissue__C2__bone_marrow,Fosb,7,35,0.05603748559951782,0.11018277704715729,0.17219431131138244,True
cluster_tissue__C2__bone_marrow,Fosl2,7,35,-0.11517801135778427,-0.0890142098069191,0.17219431131138244,True
cluster_tissue__C2__bone_marrow,Dusp1,7,35,0.17869266867637634,0.04619938135147095,0.17219431131138244,True
cluster_tissue__C2__bone_marrow,Nr4a1,7,35,-0.043312326073646545,-0.019435018301010132,0.17219431131138244,True
cluster_tissue__C2__bone_marrow,Rorc,7,35,0.0,0.0,0.17219431131138244,True
cluster_tissue__C2__bone_marrow,Il23r,7,35,0.0,0.0,0.17219431131138244,True
cluster_tissue__C2__bone_marrow,Fos,8,35,0.1952536404132843,0.1422092318534851,0.2182474162845716,True
cluster_tissue__C2__bone_marrow,Jun,8,35,-0.03475308418273926,0.08266943693161011,0.2182474162845716,False
cluster_tissue__C2__bone_marrow,Junb,8,35,0.35090172290802,0.2828282117843628,0.2182474162845716,True
cluster_tissue__C2__bone_marrow,Jund,8,35,-0.09619057178497314,0.16745877265930176,0.2182474162845716,False
cluster_tissue__C2__bone_marrow,Fosb,8,35,0.14654935896396637,0.11018277704715729,0.2182474162845716,True
cluster_tissue__C2__bone_marrow,Fosl2,8,35,-0.11517801135778427,-0.0890142098069191,0.2182474162845716,True
cluster_tissue__C2__bone_marrow,Dusp1,8,35,0.13877734541893005,0.04619938135147095,0.2182474162845716,True
cluster_tissue__C2__bone_marrow,Nr4a1,8,35,-0.043312326073646545,-0.019435018301010132,0.2182474162845716,True
cluster_tissue__C2__bone_marrow,Rorc,8,35,0.0,0.0,0.2182474162845716,True
cluster_tissue__C2__bone_marrow,Il23r,8,35,0.0,0.0,0.2182474162845716,True
cluster_tissue__C2__bone_marrow,Fos,9,35,0.025355160236358643,0.1422092318534851,0.19246195781344622,True
cluster_tissue__C2__bone_marrow,Jun,9,35,0.2905219793319702,0.08266943693161011,0.19246195781344622,True
cluster_tissue__C2__bone_marrow,Junb,9,35,0.38914239406585693,0.2828282117843628,0.19246195781344622,True
cluster_tissue__C2__bone_marrow,Jund,9,35,0.06234312057495117,0.16745877265930176,0.19246195781344622,True
cluster_tissue__C2__bone_marrow,Fosb,9,35,0.22275254130363464,0.11018277704715729,0.19246195781344622,True
cluster_tissue__C2__bone_marrow,Fosl2,9,35,-0.11517801135778427,-0.0890142098069191,0.19246195781344622,True
cluster_tissue__C2__bone_marrow,Dusp1,9,35,0.47061336040496826,0.04619938135147095,0.19246195781344622,True
cluster_tissue__C2__bone_marrow,Nr4a1,9,35,-0.043312326073646545,-0.019435018301010132,0.19246195781344622,True
cluster_tissue__C2__bone_marrow,Rorc,9,35,0.0,0.0,0.19246195781344622,True
cluster_tissue__C2__bone_marrow,Il23r,9,35,0.0,0.0,0.19246195781344622,True
cluster_tissue__C2__bone_marrow,Fos,10,35,0.21958234906196594,0.1422092318534851,0.08025018749757223,True
cluster_tissue__C2__bone_marrow,Jun,10,35,0.29747551679611206,0.08266943693161011,0.08025018749757223,True
cluster_tissue__C2__bone_marrow,Junb,10,35,0.5292433500289917,0.2828282117843628,0.08025018749757223,True
cluster_tissue__C2__bone_marrow,Jund,10,35,0.28903448581695557,0.16745877265930176,0.08025018749757223,True
cluster_tissue__C2__bone_marrow,Fosb,10,35,0.11580018699169159,0.11018277704715729,0.08025018749757223,True
cluster_tissue__C2__bone_marrow,Fosl2,10,35,-0.11517801135778427,-0.0890142098069191,0.08025018749757223,True
cluster_tissue__C2__bone_marrow,Dusp1,10,35,0.21735361218452454,0.04619938135147095,0.08025018749757223,True
cluster_tissue__C2__bone_marrow,Nr4a1,10,35,-0.043312326073646545,-0.019435018301010132,0.08025018749757223,True
cluster_tissue__C2__bone_marrow,Rorc,10,35,0.0,0.0,0.08025018749757223,True
cluster_tissue__C2__bone_marrow,Il23r,10,35,0.0,0.0,0.08025018749757223,True
cluster_tissue__C2__bone_marrow,Fos,11,35,0.10726875066757202,0.1422092318534851,0.18752078948397355,True
cluster_tissue__C2__bone_marrow,Jun,11,35,0.1249811053276062,0.08266943693161011,0.18752078948397355,True
cluster_tissue__C2__bone_marrow,Junb,11,35,0.2789512872695923,0.2828282117843628,0.18752078948397355,True
cluster_tissue__C2__bone_marrow,Jund,11,35,0.20661485195159912,0.16745877265930176,0.18752078948397355,True
cluster_tissue__C2__bone_marrow,Fosb,11,35,0.18576812744140625,0.11018277704715729,0.18752078948397355,True
cluster_tissue__C2__bone_marrow,Fosl2,11,35,-0.11517801135778427,-0.0890142098069191,0.18752078948397355,True
cluster_tissue__C2__bone_marrow,Dusp1,11,35,0.2825750708580017,0.04619938135147095,0.18752078948397355,True
cluster_tissue__C2__bone_marrow,Nr4a1,11,35,-0.043312326073646545,-0.019435018301010132,0.18752078948397355,True
cluster_tissue__C2__bone_marrow,Rorc,11,35,0.0,0.0,0.18752078948397355,True
cluster_tissue__C2__bone_marrow,Il23r,11,35,0.0,0.0,0.18752078948397355,True
cluster_tissue__C2__bone_marrow,Fos,12,35,0.224651038646698,0.1422092318534851,0.1469591870261255,True
cluster_tissue__C2__bone_marrow,Jun,12,35,0.0867270827293396,0.08266943693161011,0.1469591870261255,True
cluster_tissue__C2__bone_marrow,Junb,12,35,0.5090005397796631,0.2828282117843628,0.1469591870261255,True
cluster_tissue__C2__bone_marrow,Jund,12,35,0.2792102098464966,0.16745877265930176,0.1469591870261255,True
cluster_tissue__C2__bone_marrow,Fosb,12,35,0.2578412592411041,0.11018277704715729,0.1469591870261255,True
cluster_tissue__C2__bone_marrow,Fosl2,12,35,-0.11517801135778427,-0.0890142098069191,0.1469591870261255,True
cluster_tissue__C2__bone_marrow,Dusp1,12,35,0.2760351300239563,0.04619938135147095,0.1469591870261255,True
cluster_tissue__C2__bone_marrow,Nr4a1,12,35,-0.043312326073646545,-0.019435018301010132,0.1469591870261255,True
cluster_tissue__C2__bone_marrow,Rorc,12,35,0.0,0.0,0.1469591870261255,True
cluster_tissue__C2__bone_marrow,Il23r,12,35,0.0,0.0,0.1469591870261255,True
cluster_tissue__C2__bone_marrow,Fos,13,35,0.0990329384803772,0.1422092318534851,0.19227594020252453,True
cluster_tissue__C2__bone_marrow,Jun,13,35,0.14300936460494995,0.08266943693161011,0.19227594020252453,True
cluster_tissue__C2__bone_marrow,Junb,13,35,0.25247740745544434,0.2828282117843628,0.19227594020252453,True
cluster_tissue__C2__bone_marrow,Jund,13,35,-0.13505148887634277,0.16745877265930176,0.19227594020252453,False
cluster_tissue__C2__bone_marrow,Fosb,13,35,0.01905307173728943,0.11018277704715729,0.19227594020252453,True
cluster_tissue__C2__bone_marrow,Fosl2,13,35,-0.11517801135778427,-0.0890142098069191,0.19227594020252453,True
cluster_tissue__C2__bone_marrow,Dusp1,13,35,0.28877684473991394,0.04619938135147095,0.19227594020252453,True
cluster_tissue__C2__bone_marrow,Nr4a1,13,35,-0.043312326073646545,-0.019435018301010132,0.19227594020252453,True
cluster_tissue__C2__bone_marrow,Rorc,13,35,0.0,0.0,0.19227594020252453,True
cluster_tissue__C2__bone_marrow,Il23r,13,35,0.0,0.0,0.19227594020252453,True
cluster_tissue__C2__bone_marrow,Fos,14,35,0.12032237648963928,0.1422092318534851,0.2302011351091401,True
cluster_tissue__C2__bone_marrow,Jun,14,35,0.1981126070022583,0.08266943693161011,0.2302011351091401,True
cluster_tissue__C2__bone_marrow,Junb,14,35,0.5287935733795166,0.2828282117843628,0.2302011351091401,True
cluster_tissue__C2__bone_marrow,Jund,14,35,0.23376262187957764,0.16745877265930176,0.2302011351091401,True
cluster_tissue__C2__bone_marrow,Fosb,14,35,0.324802041053772,0.11018277704715729,0.2302011351091401,True
cluster_tissue__C2__bone_marrow,Fosl2,14,35,-0.11517801135778427,-0.0890142098069191,0.2302011351091401,True
cluster_tissue__C2__bone_marrow,Dusp1,14,35,0.15518242120742798,0.04619938135147095,0.2302011351091401,True
cluster_tissue__C2__bone_marrow,Nr4a1,14,35,-0.043312326073646545,-0.019435018301010132,0.2302011351091401,True
cluster_tissue__C2__bone_marrow,Rorc,14,35,0.0,0.0,0.2302011351091401,True
cluster_tissue__C2__bone_marrow,Il23r,14,35,0.0,0.0,0.2302011351091401,True
cluster_tissue__C2__bone_marrow,Fos,15,35,0.06298846006393433,0.1422092318534851,0.2074833861208309,True
cluster_tissue__C2__bone_marrow,Jun,15,35,0.09518545866012573,0.08266943693161011,0.2074833861208309,True
cluster_tissue__C2__bone_marrow,Junb,15,35,0.5312119722366333,0.2828282117843628,0.2074833861208309,True
cluster_tissue__C2__bone_marrow,Jund,15,35,0.24823415279388428,0.16745877265930176,0.2074833861208309,True
cluster_tissue__C2__bone_marrow,Fosb,15,35,0.11580018699169159,0.11018277704715729,0.2074833861208309,True
cluster_tissue__C2__bone_marrow,Fosl2,15,35,-0.11517801135778427,-0.0890142098069191,0.2074833861208309,True
cluster_tissue__C2__bone_marrow,Dusp1,15,35,0.11161231994628906,0.04619938135147095,0.2074833861208309,True
cluster_tissue__C2__bone_marrow,Nr4a1,15,35,-0.043312326073646545,-0.019435018301010132,0.2074833861208309,True
cluster_tissue__C2__bone_marrow,Rorc,15,35,0.0,0.0,0.2074833861208309,True
cluster_tissue__C2__bone_marrow,Il23r,15,35,0.0,0.0,0.2074833861208309,True
cluster_tissue__C2__bone_marrow,Fos,16,35,0.2689313590526581,0.1422092318534851,0.169322291091544,True
cluster_tissue__C2__bone_marrow,Jun,16,35,0.20362824201583862,0.08266943693161011,0.169322291091544,True
cluster_tissue__C2__bone_marrow,Junb,16,35,0.5024861097335815,0.2828282117843628,0.169322291091544,True
cluster_tissue__C2__bone_marrow,Jund,16,35,0.2157655954360962,0.16745877265930176,0.169322291091544,True
cluster_tissue__C2__bone_marrow,Fosb,16,35,0.12110254168510437,0.11018277704715729,0.169322291091544,True
cluster_tissue__C2__bone_marrow,Fosl2,16,35,-0.11517801135778427,-0.0890142098069191,0.169322291091544,True
cluster_tissue__C2__bone_marrow,Dusp1,16,35,0.04931873083114624,0.04619938135147095,0.169322291091544,True
cluster_tissue__C2__bone_marrow,Nr4a1,16,35,-0.043312326073646545,-0.019435018301010132,0.169322291091544,True
cluster_tissue__C2__bone_marrow,Rorc,16,35,0.0,0.0,0.169322291091544,True
cluster_tissue__C2__bone_marrow,Il23r,16,35,0.0,0.0,0.169322291091544,True
cluster_tissue__C2__bone_marrow,Fos,17,35,0.19625622034072876,0.1422092318534851,0.20214164430787002,True
cluster_tissue__C2__bone_marrow,Jun,17,35,0.03193026781082153,0.08266943693161011,0.20214164430787002,True
cluster_tissue__C2__bone_marrow,Junb,17,35,0.20022869110107422,0.2828282117843628,0.20214164430787002,True
cluster_tissue__C2__bone_marrow,Jund,17,35,-0.1703636646270752,0.16745877265930176,0.20214164430787002,False
cluster_tissue__C2__bone_marrow,Fosb,17,35,0.18353377282619476,0.11018277704715729,0.20214164430787002,True
cluster_tissue__C2__bone_marrow,Fosl2,17,35,-0.11517801135778427,-0.0890142098069191,0.20214164430787002,True
cluster_tissue__C2__bone_marrow,Dusp1,17,35,0.19135555624961853,0.04619938135147095,0.20214164430787002,True
cluster_tissue__C2__bone_marrow,Nr4a1,17,35,-0.043312326073646545,-0.019435018301010132,0.20214164430787002,True
cluster_tissue__C2__bone_marrow,Rorc,17,35,0.0,0.0,0.20214164430787002,True
cluster_tissue__C2__bone_marrow,Il23r,17,35,0.0,0.0,0.20214164430787002,True
cluster_tissue__C2__bone_marrow,Fos,18,35,0.06905972957611084,0.1422092318534851,0.163855161575968,True
cluster_tissue__C2__bone_marrow,Jun,18,35,0.013679921627044678,0.08266943693161011,0.163855161575968,True
cluster_tissue__C2__bone_marrow,Junb,18,35,0.49930715560913086,0.2828282117843628,0.163855161575968,True
cluster_tissue__C2__bone_marrow,Jund,18,35,0.3000537157058716,0.16745877265930176,0.163855161575968,True
cluster_tissue__C2__bone_marrow,Fosb,18,35,0.2948256731033325,0.11018277704715729,0.163855161575968,True
cluster_tissue__C2__bone_marrow,Fosl2,18,35,-0.11517801135778427,-0.0890142098069191,0.163855161575968,True
cluster_tissue__C2__bone_marrow,Dusp1,18,35,0.18831607699394226,0.04619938135147095,0.163855161575968,True
cluster_tissue__C2__bone_marrow,Nr4a1,18,35,-0.043312326073646545,-0.019435018301010132,0.163855161575968,True
cluster_tissue__C2__bone_marrow,Rorc,18,35,0.0,0.0,0.163855161575968,True
cluster_tissue__C2__bone_marrow,Il23r,18,35,0.0,0.0,0.163855161575968,True
cluster_tissue__C2__bone_marrow,Fos,19,35,0.10726875066757202,0.1422092318534851,0.19731870523887574,True
cluster_tissue__C2__bone_marrow,Jun,19,35,0.0016941428184509277,0.08266943693161011,0.19731870523887574,True
cluster_tissue__C2__bone_marrow,Junb,19,35,0.3467593193054199,0.2828282117843628,0.19731870523887574,True
cluster_tissue__C2__bone_marrow,Jund,19,35,0.31489574909210205,0.16745877265930176,0.19731870523887574,True
cluster_tissue__C2__bone_marrow,Fosb,19,35,0.09602908790111542,0.11018277704715729,0.19731870523887574,True
cluster_tissue__C2__bone_marrow,Fosl2,19,35,-0.11517801135778427,-0.0890142098069191,0.19731870523887574,True
cluster_tissue__C2__bone_marrow,Dusp1,19,35,0.28877684473991394,0.04619938135147095,0.19731870523887574,True
cluster_tissue__C2__bone_marrow,Nr4a1,19,35,-0.043312326073646545,-0.019435018301010132,0.19731870523887574,True
cluster_tissue__C2__bone_marrow,Rorc,19,35,0.0,0.0,0.19731870523887574,True
cluster_tissue__C2__bone_marrow,Il23r,19,35,0.0,0.0,0.19731870523887574,True
cluster_tissue__C2__spleen,Fos,0,27,0.23059287667274475,0.10037464648485184,0.07266314025530078,True
cluster_tissue__C2__spleen,Jun,0,27,-0.20711612701416016,-0.12671348452568054,0.07266314025530078,True
cluster_tissue__C2__spleen,Junb,0,27,0.1101112961769104,0.23507165908813477,0.07266314025530078,True
cluster_tissue__C2__spleen,Jund,0,27,0.2074810266494751,0.5264277458190918,0.07266314025530078,True
cluster_tissue__C2__spleen,Fosb,0,27,0.07644407451152802,0.13593268394470215,0.07266314025530078,True
cluster_tissue__C2__spleen,Fosl2,0,27,0.12759935855865479,0.04655652493238449,0.07266314025530078,True
cluster_tissue__C2__spleen,Dusp1,0,27,0.046482160687446594,0.020239844918251038,0.07266314025530078,True
cluster_tissue__C2__spleen,Nr4a1,0,27,0.0,0.0,0.07266314025530078,True
cluster_tissue__C2__spleen,Rorc,0,27,0.0,0.0,0.07266314025530078,True
cluster_tissue__C2__spleen,Il23r,0,27,0.0,0.0,0.07266314025530078,True
cluster_tissue__C2__spleen,Fos,1,27,0.2687894105911255,0.10037464648485184,0.08602554586267955,True
cluster_tissue__C2__spleen,Jun,1,27,-0.16080987453460693,-0.12671348452568054,0.08602554586267955,True
cluster_tissue__C2__spleen,Junb,1,27,0.4207802414894104,0.23507165908813477,0.08602554586267955,True
cluster_tissue__C2__spleen,Jund,1,27,0.5205487012863159,0.5264277458190918,0.08602554586267955,True
cluster_tissue__C2__spleen,Fosb,1,27,0.14437897503376007,0.13593268394470215,0.08602554586267955,True
cluster_tissue__C2__spleen,Fosl2,1,27,0.12759935855865479,0.04655652493238449,0.08602554586267955,True
cluster_tissue__C2__spleen,Dusp1,1,27,0.16900217533111572,0.020239844918251038,0.08602554586267955,True
cluster_tissue__C2__spleen,Nr4a1,1,27,0.0,0.0,0.08602554586267955,True
cluster_tissue__C2__spleen,Rorc,1,27,0.0,0.0,0.08602554586267955,True
cluster_tissue__C2__spleen,Il23r,1,27,0.0,0.0,0.08602554586267955,True
cluster_tissue__C2__spleen,Fos,2,27,0.2687894105911255,0.10037464648485184,0.07832168185444549,True
cluster_tissue__C2__spleen,Jun,2,27,-0.14843833446502686,-0.12671348452568054,0.07832168185444549,True
cluster_tissue__C2__spleen,Junb,2,27,0.44839155673980713,0.23507165908813477,0.07832168185444549,True
cluster_tissue__C2__spleen,Jund,2,27,0.6342720985412598,0.5264277458190918,0.07832168185444549,True
cluster_tissue__C2__spleen,Fosb,2,27,0.14437897503376007,0.13593268394470215,0.07832168185444549,True
cluster_tissue__C2__spleen,Fosl2,2,27,0.12759935855865479,0.04655652493238449,0.07832168185444549,True
cluster_tissue__C2__spleen,Dusp1,2,27,-0.1041191965341568,0.020239844918251038,0.07832168185444549,False
cluster_tissue__C2__spleen,Nr4a1,2,27,0.0,0.0,0.07832168185444549,True
cluster_tissue__C2__spleen,Rorc,2,27,0.0,0.0,0.07832168185444549,True
cluster_tissue__C2__spleen,Il23r,2,27,0.0,0.0,0.07832168185444549,True
cluster_tissue__C2__spleen,Fos,3,27,0.275846928358078,0.10037464648485184,0.15796503633681486,True
cluster_tissue__C2__spleen,Jun,3,27,-0.07328486442565918,-0.12671348452568054,0.15796503633681486,True
cluster_tissue__C2__spleen,Junb,3,27,0.026866674423217773,0.23507165908813477,0.15796503633681486,True
cluster_tissue__C2__spleen,Jund,3,27,0.45986199378967285,0.5264277458190918,0.15796503633681486,True
cluster_tissue__C2__spleen,Fosb,3,27,0.07644407451152802,0.13593268394470215,0.15796503633681486,True
cluster_tissue__C2__spleen,Fosl2,3,27,0.12759935855865479,0.04655652493238449,0.15796503633681486,True
cluster_tissue__C2__spleen,Dusp1,3,27,-0.032787710428237915,0.020239844918251038,0.15796503633681486,False
cluster_tissue__C2__spleen,Nr4a1,3,27,0.0,0.0,0.15796503633681486,True
cluster_tissue__C2__spleen,Rorc,3,27,0.0,0.0,0.15796503633681486,True
cluster_tissue__C2__spleen,Il23r,3,27,0.0,0.0,0.15796503633681486,True
cluster_tissue__C2__spleen,Fos,4,27,0.2687894105911255,0.10037464648485184,0.21492578754387726,True
cluster_tissue__C2__spleen,Jun,4,27,-0.0773872435092926,-0.12671348452568054,0.21492578754387726,True
cluster_tissue__C2__spleen,Junb,4,27,0.35026878118515015,0.23507165908813477,0.21492578754387726,True
cluster_tissue__C2__spleen,Jund,4,27,0.4896897077560425,0.5264277458190918,0.21492578754387726,True
cluster_tissue__C2__spleen,Fosb,4,27,0.07644407451152802,0.13593268394470215,0.21492578754387726,True
cluster_tissue__C2__spleen,Fosl2,4,27,0.12759935855865479,0.04655652493238449,0.21492578754387726,True
cluster_tissue__C2__spleen,Dusp1,4,27,-0.032787710428237915,0.020239844918251038,0.21492578754387726,False
cluster_tissue__C2__spleen,Nr4a1,4,27,0.0,0.0,0.21492578754387726,True
cluster_tissue__C2__spleen,Rorc,4,27,0.0,0.0,0.21492578754387726,True
cluster_tissue__C2__spleen,Il23r,4,27,0.0,0.0,0.21492578754387726,True
cluster_tissue__C2__spleen,Fos,5,27,0.31404346227645874,0.10037464648485184,0.18971166992416583,True
cluster_tissue__C2__spleen,Jun,5,27,0.010137766599655151,-0.12671348452568054,0.18971166992416583,False
cluster_tissue__C2__spleen,Junb,5,27,0.3302879333496094,0.23507165908813477,0.18971166992416583,True
cluster_tissue__C2__spleen,Jund,5,27,0.6292526721954346,0.5264277458190918,0.18971166992416583,True
cluster_tissue__C2__spleen,Fosb,5,27,0.17749054729938507,0.13593268394470215,0.18971166992416583,True
cluster_tissue__C2__spleen,Fosl2,5,27,0.12759935855865479,0.04655652493238449,0.18971166992416583,True
cluster_tissue__C2__spleen,Dusp1,5,27,0.046482160687446594,0.020239844918251038,0.18971166992416583,True
cluster_tissue__C2__spleen,Nr4a1,5,27,0.0,0.0,0.18971166992416583,True
cluster_tissue__C2__spleen,Rorc,5,27,0.0,0.0,0.18971166992416583,True
cluster_tissue__C2__spleen,Il23r,5,27,0.0,0.0,0.18971166992416583,True
cluster_tissue__C2__spleen,Fos,6,27,0.23059287667274475,0.10037464648485184,0.2185685633115638,True
cluster_tissue__C2__spleen,Jun,6,27,-0.20711612701416016,-0.12671348452568054,0.2185685633115638,True
cluster_tissue__C2__spleen,Junb,6,27,0.28251397609710693,0.23507165908813477,0.2185685633115638,True
cluster_tissue__C2__spleen,Jund,6,27,0.09746158123016357,0.5264277458190918,0.2185685633115638,True
cluster_tissue__C2__spleen,Fosb,6,27,0.07644407451152802,0.13593268394470215,0.2185685633115638,True
cluster_tissue__C2__spleen,Fosl2,6,27,0.12759935855865479,0.04655652493238449,0.2185685633115638,True
cluster_tissue__C2__spleen,Dusp1,6,27,0.14528077840805054,0.020239844918251038,0.2185685633115638,True
cluster_tissue__C2__spleen,Nr4a1,6,27,0.0,0.0,0.2185685633115638,True
cluster_tissue__C2__spleen,Rorc,6,27,0.0,0.0,0.2185685633115638,True
cluster_tissue__C2__spleen,Il23r,6,27,0.0,0.0,0.2185685633115638,True
cluster_tissue__C2__spleen,Fos,7,27,0.2687894105911255,0.10037464648485184,0.15911933150502053,True
cluster_tissue__C2__spleen,Jun,7,27,-0.0773872435092926,-0.12671348452568054,0.15911933150502053,True
cluster_tissue__C2__spleen,Junb,7,27,0.4035874605178833,0.23507165908813477,0.15911933150502053,True
cluster_tissue__C2__spleen,Jund,7,27,0.4649930000305176,0.5264277458190918,0.15911933150502053,True
cluster_tissue__C2__spleen,Fosb,7,27,0.17749054729938507,0.13593268394470215,0.15911933150502053,True
cluster_tissue__C2__spleen,Fosl2,7,27,0.12759935855865479,0.04655652493238449,0.15911933150502053,True
cluster_tissue__C2__spleen,Dusp1,7,27,-0.032787710428237915,0.020239844918251038,0.15911933150502053,False
cluster_tissue__C2__spleen,Nr4a1,7,27,0.0,0.0,0.15911933150502053,True
cluster_tissue__C2__spleen,Rorc,7,27,0.0,0.0,0.15911933150502053,True
cluster_tissue__C2__spleen,Il23r,7,27,0.0,0.0,0.15911933150502053,True
cluster_tissue__C2__spleen,Fos,8,27,0.31404346227645874,0.10037464648485184,0.11368977980205053,True
cluster_tissue__C2__spleen,Jun,8,27,-0.31938594579696655,-0.12671348452568054,0.11368977980205053,True
cluster_tissue__C2__spleen,Junb,8,27,0.4146929383277893,0.23507165908813477,0.11368977980205053,True
cluster_tissue__C2__spleen,Jund,8,27,0.3479626178741455,0.5264277458190918,0.11368977980205053,True
cluster_tissue__C2__spleen,Fosb,8,27,0.07644407451152802,0.13593268394470215,0.11368977980205053,True
cluster_tissue__C2__spleen,Fosl2,8,27,0.12759935855865479,0.04655652493238449,0.11368977980205053,True
cluster_tissue__C2__spleen,Dusp1,8,27,0.046482160687446594,0.020239844918251038,0.11368977980205053,True
cluster_tissue__C2__spleen,Nr4a1,8,27,0.0,0.0,0.11368977980205053,True
cluster_tissue__C2__spleen,Rorc,8,27,0.0,0.0,0.11368977980205053,True
cluster_tissue__C2__spleen,Il23r,8,27,0.0,0.0,0.11368977980205053,True
cluster_tissue__C2__spleen,Fos,9,27,0.23059287667274475,0.10037464648485184,0.15722036544139031,True
cluster_tissue__C2__spleen,Jun,9,27,-0.20711612701416016,-0.12671348452568054,0.15722036544139031,True
cluster_tissue__C2__spleen,Junb,9,27,0.45794540643692017,0.23507165908813477,0.15722036544139031,True
cluster_tissue__C2__spleen,Jund,9,27,0.40341389179229736,0.5264277458190918,0.15722036544139031,True
cluster_tissue__C2__spleen,Fosb,9,27,0.07644407451152802,0.13593268394470215,0.15722036544139031,True
cluster_tissue__C2__spleen,Fosl2,9,27,0.12759935855865479,0.04655652493238449,0.15722036544139031,True
cluster_tissue__C2__spleen,Dusp1,9,27,0.06601090729236603,0.020239844918251038,0.15722036544139031,True
cluster_tissue__C2__spleen,Nr4a1,9,27,0.0,0.0,0.15722036544139031,True
cluster_tissue__C2__spleen,Rorc,9,27,0.0,0.0,0.15722036544139031,True
cluster_tissue__C2__spleen,Il23r,9,27,0.0,0.0,0.15722036544139031,True
cluster_tissue__C2__spleen,Fos,10,27,0.275846928358078,0.10037464648485184,0.19138724409745175,True
cluster_tissue__C2__spleen,Jun,10,27,-0.16080987453460693,-0.12671348452568054,0.19138724409745175,True
cluster_tissue__C2__spleen,Junb,10,27,0.2905539274215698,0.23507165908813477,0.19138724409745175,True
cluster_tissue__C2__spleen,Jund,10,27,0.7465618848800659,0.5264277458190918,0.19138724409745175,True
cluster_tissue__C2__spleen,Fosb,10,27,0.14437897503376007,0.13593268394470215,0.19138724409745175,True
cluster_tissue__C2__spleen,Fosl2,10,27,0.12759935855865479,0.04655652493238449,0.19138724409745175,True
cluster_tissue__C2__spleen,Dusp1,10,27,-0.032787710428237915,0.020239844918251038,0.19138724409745175,False
cluster_tissue__C2__spleen,Nr4a1,10,27,0.0,0.0,0.19138724409745175,True
cluster_tissue__C2__spleen,Rorc,10,27,0.0,0.0,0.19138724409745175,True
cluster_tissue__C2__spleen,Il23r,10,27,0.0,0.0,0.19138724409745175,True
cluster_tissue__C2__spleen,Fos,11,27,0.31404346227645874,0.10037464648485184,0.10054899214678134,True
cluster_tissue__C2__spleen,Jun,11,27,-0.12369349598884583,-0.12671348452568054,0.10054899214678134,True
cluster_tissue__C2__spleen,Junb,11,27,0.38077396154403687,0.23507165908813477,0.10054899214678134,True
cluster_tissue__C2__spleen,Jund,11,27,0.5443105697631836,0.5264277458190918,0.10054899214678134,True
cluster_tissue__C2__spleen,Fosb,11,27,0.24542544782161713,0.13593268394470215,0.10054899214678134,True
cluster_tissue__C2__spleen,Fosl2,11,27,0.12759935855865479,0.04655652493238449,0.10054899214678134,True
cluster_tissue__C2__spleen,Dusp1,11,27,0.046482160687446594,0.020239844918251038,0.10054899214678134,True
cluster_tissue__C2__spleen,Nr4a1,11,27,0.0,0.0,0.10054899214678134,True
cluster_tissue__C2__spleen,Rorc,11,27,0.0,0.0,0.10054899214678134,True
cluster_tissue__C2__spleen,Il23r,11,27,0.0,0.0,0.10054899214678134,True
cluster_tissue__C2__spleen,Fos,12,27,0.31404346227645874,0.10037464648485184,0.09051842966768606,True
cluster_tissue__C2__spleen,Jun,12,27,-0.1416015326976776,-0.12671348452568054,0.09051842966768606,True
cluster_tissue__C2__spleen,Junb,12,27,0.5079025030136108,0.23507165908813477,0.09051842966768606,True
cluster_tissue__C2__spleen,Jund,12,27,0.5440223217010498,0.5264277458190918,0.09051842966768606,True
cluster_tissue__C2__spleen,Fosb,12,27,0.14437897503376007,0.13593268394470215,0.09051842966768606,True
cluster_tissue__C2__spleen,Fosl2,12,27,0.12759935855865479,0.04655652493238449,0.09051842966768606,True
cluster_tissue__C2__spleen,Dusp1,12,27,-0.02484932541847229,0.020239844918251038,0.09051842966768606,False
cluster_tissue__C2__spleen,Nr4a1,12,27,0.0,0.0,0.09051842966768606,True
cluster_tissue__C2__spleen,Rorc,12,27,0.0,0.0,0.09051842966768606,True
cluster_tissue__C2__spleen,Il23r,12,27,0.0,0.0,0.09051842966768606,True
cluster_tissue__C2__spleen,Fos,13,27,0.2687894105911255,0.10037464648485184,0.24956060367140767,True
cluster_tissue__C2__spleen,Jun,13,27,-0.11275431513786316,-0.12671348452568054,0.24956060367140767,True
cluster_tissue__C2__spleen,Junb,13,27,-0.02628988027572632,0.23507165908813477,0.24956060367140767,False
cluster_tissue__C2__spleen,Jund,13,27,0.406033992767334,0.5264277458190918,0.24956060367140767,True
cluster_tissue__C2__spleen,Fosb,13,27,0.07644407451152802,0.13593268394470215,0.24956060367140767,True
cluster_tissue__C2__spleen,Fosl2,13,27,0.12759935855865479,0.04655652493238449,0.24956060367140767,True
cluster_tissue__C2__spleen,Dusp1,13,27,-0.032787710428237915,0.020239844918251038,0.24956060367140767,False
cluster_tissue__C2__spleen,Nr4a1,13,27,0.0,0.0,0.24956060367140767,True
cluster_tissue__C2__spleen,Rorc,13,27,0.0,0.0,0.24956060367140767,True
cluster_tissue__C2__spleen,Il23r,13,27,0.0,0.0,0.24956060367140767,True
cluster_tissue__C2__spleen,Fos,14,27,0.23059287667274475,0.10037464648485184,0.28837566632897066,True
cluster_tissue__C2__spleen,Jun,14,27,-0.11657419800758362,-0.12671348452568054,0.28837566632897066,True
cluster_tissue__C2__spleen,Junb,14,27,0.38637667894363403,0.23507165908813477,0.28837566632897066,True
cluster_tissue__C2__spleen,Jund,14,27,0.37706637382507324,0.5264277458190918,0.28837566632897066,True
cluster_tissue__C2__spleen,Fosb,14,27,0.14437897503376007,0.13593268394470215,0.28837566632897066,True
cluster_tissue__C2__spleen,Fosl2,14,27,0.12759935855865479,0.04655652493238449,0.28837566632897066,True
cluster_tissue__C2__spleen,Dusp1,14,27,-0.013577237725257874,0.020239844918251038,0.28837566632897066,False
cluster_tissue__C2__spleen,Nr4a1,14,27,0.0,0.0,0.28837566632897066,True
cluster_tissue__C2__spleen,Rorc,14,27,0.0,0.0,0.28837566632897066,True
cluster_tissue__C2__spleen,Il23r,14,27,0.0,0.0,0.28837566632897066,True
cluster_tissue__C2__spleen,Fos,15,27,0.275846928358078,0.10037464648485184,0.09747629988845861,True
cluster_tissue__C2__spleen,Jun,15,27,-0.12369349598884583,-0.12671348452568054,0.09747629988845861,True
cluster_tissue__C2__spleen,Junb,15,27,0.16448402404785156,0.23507165908813477,0.09747629988845861,True
cluster_tissue__C2__spleen,Jund,15,27,0.27681779861450195,0.5264277458190918,0.09747629988845861,True
cluster_tissue__C2__spleen,Fosb,15,27,0.14437897503376007,0.13593268394470215,0.09747629988845861,True
cluster_tissue__C2__spleen,Fosl2,15,27,0.12759935855865479,0.04655652493238449,0.09747629988845861,True
cluster_tissue__C2__spleen,Dusp1,15,27,-0.1041191965341568,0.020239844918251038,0.09747629988845861,False
cluster_tissue__C2__spleen,Nr4a1,15,27,0.0,0.0,0.09747629988845861,True
cluster_tissue__C2__spleen,Rorc,15,27,0.0,0.0,0.09747629988845861,True
cluster_tissue__C2__spleen,Il23r,15,27,0.0,0.0,0.09747629988845861,True
cluster_tissue__C2__spleen,Fos,16,27,0.2687894105911255,0.10037464648485184,0.06472872404554209,True
cluster_tissue__C2__spleen,Jun,16,27,-0.20711612701416016,-0.12671348452568054,0.06472872404554209,True
cluster_tissue__C2__spleen,Junb,16,27,0.6497253775596619,0.23507165908813477,0.06472872404554209,True
cluster_tissue__C2__spleen,Jund,16,27,0.15776562690734863,0.5264277458190918,0.06472872404554209,True
cluster_tissue__C2__spleen,Fosb,16,27,0.07644407451152802,0.13593268394470215,0.06472872404554209,True
cluster_tissue__C2__spleen,Fosl2,16,27,0.12759935855865479,0.04655652493238449,0.06472872404554209,True
cluster_tissue__C2__spleen,Dusp1,16,27,0.2403336465358734,0.020239844918251038,0.06472872404554209,True
cluster_tissue__C2__spleen,Nr4a1,16,27,0.0,0.0,0.06472872404554209,True
cluster_tissue__C2__spleen,Rorc,16,27,0.0,0.0,0.06472872404554209,True
cluster_tissue__C2__spleen,Il23r,16,27,0.0,0.0,0.06472872404554209,True
cluster_tissue__C2__spleen,Fos,17,27,0.23059287667274475,0.10037464648485184,0.13643389576280412,True
cluster_tissue__C2__spleen,Jun,17,27,0.016974568367004395,-0.12671348452568054,0.13643389576280412,False
cluster_tissue__C2__spleen,Junb,17,27,0.5097354650497437,0.23507165908813477,0.13643389576280412,True
cluster_tissue__C2__spleen,Jund,17,27,0.5297966003417969,0.5264277458190918,0.13643389576280412,True
cluster_tissue__C2__spleen,Fosb,17,27,0.17749054729938507,0.13593268394470215,0.13643389576280412,True
cluster_tissue__C2__spleen,Fosl2,17,27,0.12759935855865479,0.04655652493238449,0.13643389576280412,True
cluster_tissue__C2__spleen,Dusp1,17,27,-0.032787710428237915,0.020239844918251038,0.13643389576280412,False
cluster_tissue__C2__spleen,Nr4a1,17,27,0.0,0.0,0.13643389576280412,True
cluster_tissue__C2__spleen,Rorc,17,27,0.0,0.0,0.13643389576280412,True
cluster_tissue__C2__spleen,Il23r,17,27,0.0,0.0,0.13643389576280412,True
cluster_tissue__C2__spleen,Fos,18,27,0.31404346227645874,0.10037464648485184,0.2293552251945312,True
cluster_tissue__C2__spleen,Jun,18,27,-0.16080987453460693,-0.12671348452568054,0.2293552251945312,True
cluster_tissue__C2__spleen,Junb,18,27,0.2629275918006897,0.23507165908813477,0.2293552251945312,True
cluster_tissue__C2__spleen,Jund,18,27,0.5465414524078369,0.5264277458190918,0.2293552251945312,True
cluster_tissue__C2__spleen,Fosb,18,27,0.07644407451152802,0.13593268394470215,0.2293552251945312,True
cluster_tissue__C2__spleen,Fosl2,18,27,0.12759935855865479,0.04655652493238449,0.2293552251945312,True
cluster_tissue__C2__spleen,Dusp1,18,27,-0.032787710428237915,0.020239844918251038,0.2293552251945312,False
cluster_tissue__C2__spleen,Nr4a1,18,27,0.0,0.0,0.2293552251945312,True
cluster_tissue__C2__spleen,Rorc,18,27,0.0,0.0,0.2293552251945312,True
cluster_tissue__C2__spleen,Il23r,18,27,0.0,0.0,0.2293552251945312,True
cluster_tissue__C2__spleen,Fos,19,27,0.2687894105911255,0.10037464648485184,0.2808700029351347,True
cluster_tissue__C2__spleen,Jun,19,27,-0.029331684112548828,-0.12671348452568054,0.2808700029351347,True
cluster_tissue__C2__spleen,Junb,19,27,0.04046064615249634,0.23507165908813477,0.2808700029351347,True
cluster_tissue__C2__spleen,Jund,19,27,0.3921893835067749,0.5264277458190918,0.2808700029351347,True
cluster_tissue__C2__spleen,Fosb,19,27,0.07644407451152802,0.13593268394470215,0.2808700029351347,True
cluster_tissue__C2__spleen,Fosl2,19,27,0.12759935855865479,0.04655652493238449,0.2808700029351347,True
cluster_tissue__C2__spleen,Dusp1,19,27,0.14528077840805054,0.020239844918251038,0.2808700029351347,True
cluster_tissue__C2__spleen,Nr4a1,19,27,0.0,0.0,0.2808700029351347,True
cluster_tissue__C2__spleen,Rorc,19,27,0.0,0.0,0.2808700029351347,True
cluster_tissue__C2__spleen,Il23r,19,27,0.0,0.0,0.2808700029351347,True
cluster_tissue__C2__thymus,Fos,0,28,-0.4324527680873871,-0.30784088373184204,0.18997986827647104,True
cluster_tissue__C2__thymus,Jun,0,28,0.05747270584106445,0.17038053274154663,0.18997986827647104,True
cluster_tissue__C2__thymus,Junb,0,28,0.09829413890838623,0.36418235301971436,0.18997986827647104,True
cluster_tissue__C2__thymus,Jund,0,28,0.04518413543701172,0.23596656322479248,0.18997986827647104,True
cluster_tissue__C2__thymus,Fosb,0,28,0.02594897150993347,-0.005777955055236816,0.18997986827647104,False
cluster_tissue__C2__thymus,Fosl2,0,28,0.12919119000434875,-0.018625587224960327,0.18997986827647104,False
cluster_tissue__C2__thymus,Dusp1,0,28,-0.4246746897697449,0.14730560779571533,0.18997986827647104,False
cluster_tissue__C2__thymus,Nr4a1,0,28,-0.36819061636924744,-0.2500947117805481,0.18997986827647104,True
cluster_tissue__C2__thymus,Rorc,0,28,0.0,0.0,0.18997986827647104,True
cluster_tissue__C2__thymus,Il23r,0,28,-0.09540405124425888,-0.04173927381634712,0.18997986827647104,True
cluster_tissue__C2__thymus,Fos,1,28,-0.39449357986450195,-0.30784088373184204,0.19068169637821075,True
cluster_tissue__C2__thymus,Jun,1,28,0.01671355962753296,0.17038053274154663,0.19068169637821075,True
cluster_tissue__C2__thymus,Junb,1,28,-0.055953145027160645,0.36418235301971436,0.19068169637821075,False
cluster_tissue__C2__thymus,Jund,1,28,0.1269763708114624,0.23596656322479248,0.19068169637821075,True
cluster_tissue__C2__thymus,Fosb,1,28,0.2917686402797699,-0.005777955055236816,0.19068169637821075,False
cluster_tissue__C2__thymus,Fosl2,1,28,0.17618945240974426,-0.018625587224960327,0.19068169637821075,False
cluster_tissue__C2__thymus,Dusp1,1,28,-0.5510879755020142,0.14730560779571533,0.19068169637821075,False
cluster_tissue__C2__thymus,Nr4a1,1,28,-0.07335285097360611,-0.2500947117805481,0.19068169637821075,True
cluster_tissue__C2__thymus,Rorc,1,28,0.0,0.0,0.19068169637821075,True
cluster_tissue__C2__thymus,Il23r,1,28,-0.09540405124425888,-0.04173927381634712,0.19068169637821075,True
cluster_tissue__C2__thymus,Fos,2,28,-0.3698136806488037,-0.30784088373184204,0.2176377131866167,True
cluster_tissue__C2__thymus,Jun,2,28,0.08887803554534912,0.17038053274154663,0.2176377131866167,True
cluster_tissue__C2__thymus,Junb,2,28,0.4406745433807373,0.36418235301971436,0.2176377131866167,True
cluster_tissue__C2__thymus,Jund,2,28,0.18871057033538818,0.23596656322479248,0.2176377131866167,True
cluster_tissue__C2__thymus,Fosb,2,28,0.21543483436107635,-0.005777955055236816,0.2176377131866167,False
cluster_tissue__C2__thymus,Fosl2,2,28,0.1884990632534027,-0.018625587224960327,0.2176377131866167,False
cluster_tissue__C2__thymus,Dusp1,2,28,-0.5143489837646484,0.14730560779571533,0.2176377131866167,False
cluster_tissue__C2__thymus,Nr4a1,2,28,-0.2717401087284088,-0.2500947117805481,0.2176377131866167,True
cluster_tissue__C2__thymus,Rorc,2,28,0.0,0.0,0.2176377131866167,True
cluster_tissue__C2__thymus,Il23r,2,28,-0.09540405124425888,-0.04173927381634712,0.2176377131866167,True
cluster_tissue__C2__thymus,Fos,3,28,-0.4137389659881592,-0.30784088373184204,0.20229296008026457,True
cluster_tissue__C2__thymus,Jun,3,28,0.31312882900238037,0.17038053274154663,0.20229296008026457,True
cluster_tissue__C2__thymus,Junb,3,28,0.38147974014282227,0.36418235301971436,0.20229296008026457,True
cluster_tissue__C2__thymus,Jund,3,28,-0.11214017868041992,0.23596656322479248,0.20229296008026457,False
cluster_tissue__C2__thymus,Fosb,3,28,0.27816224098205566,-0.005777955055236816,0.20229296008026457,False
cluster_tissue__C2__thymus,Fosl2,3,28,0.2154868245124817,-0.018625587224960327,0.20229296008026457,False
cluster_tissue__C2__thymus,Dusp1,3,28,-0.39155662059783936,0.14730560779571533,0.20229296008026457,False
cluster_tissue__C2__thymus,Nr4a1,3,28,-0.2587701976299286,-0.2500947117805481,0.20229296008026457,True
cluster_tissue__C2__thymus,Rorc,3,28,0.0,0.0,0.20229296008026457,True
cluster_tissue__C2__thymus,Il23r,3,28,-0.09540405124425888,-0.04173927381634712,0.20229296008026457,True
cluster_tissue__C2__thymus,Fos,4,28,-0.4026898741722107,-0.30784088373184204,0.26731256534678843,True
cluster_tissue__C2__thymus,Jun,4,28,0.05831718444824219,0.17038053274154663,0.26731256534678843,True
cluster_tissue__C2__thymus,Junb,4,28,0.009854555130004883,0.36418235301971436,0.26731256534678843,True
cluster_tissue__C2__thymus,Jund,4,28,-0.012311220169067383,0.23596656322479248,0.26731256534678843,False
cluster_tissue__C2__thymus,Fosb,4,28,0.2670329809188843,-0.005777955055236816,0.26731256534678843,False
cluster_tissue__C2__thymus,Fosl2,4,28,0.12919119000434875,-0.018625587224960327,0.26731256534678843,False
cluster_tissue__C2__thymus,Dusp1,4,28,-0.3106028437614441,0.14730560779571533,0.26731256534678843,False
cluster_tissue__C2__thymus,Nr4a1,4,28,-0.27922382950782776,-0.2500947117805481,0.26731256534678843,True
cluster_tissue__C2__thymus,Rorc,4,28,0.0,0.0,0.26731256534678843,True
cluster_tissue__C2__thymus,Il23r,4,28,-0.09540405124425888,-0.04173927381634712,0.26731256534678843,True
cluster_tissue__C2__thymus,Fos,5,28,-0.31242936849594116,-0.30784088373184204,0.27017798512551705,True
cluster_tissue__C2__thymus,Jun,5,28,-0.02825087308883667,0.17038053274154663,0.27017798512551705,False
cluster_tissue__C2__thymus,Junb,5,28,0.3336836099624634,0.36418235301971436,0.27017798512551705,True
cluster_tissue__C2__thymus,Jund,5,28,-0.0699077844619751,0.23596656322479248,0.27017798512551705,False
cluster_tissue__C2__thymus,Fosb,5,28,0.4907110035419464,-0.005777955055236816,0.27017798512551705,False
cluster_tissue__C2__thymus,Fosl2,5,28,0.2154868245124817,-0.018625587224960327,0.27017798512551705,False
cluster_tissue__C2__thymus,Dusp1,5,28,-0.3773672580718994,0.14730560779571533,0.27017798512551705,False
cluster_tissue__C2__thymus,Nr4a1,5,28,-0.16980338096618652,-0.2500947117805481,0.27017798512551705,True
cluster_tissue__C2__thymus,Rorc,5,28,0.0,0.0,0.27017798512551705,True
cluster_tissue__C2__thymus,Il23r,5,28,-0.09540405124425888,-0.04173927381634712,0.27017798512551705,True
cluster_tissue__C2__thymus,Fos,6,28,-0.4943670332431793,-0.30784088373184204,0.15108260178346403,True
cluster_tissue__C2__thymus,Jun,6,28,0.21907222270965576,0.17038053274154663,0.15108260178346403,True
cluster_tissue__C2__thymus,Junb,6,28,-0.0950314998626709,0.36418235301971436,0.15108260178346403,False
cluster_tissue__C2__thymus,Jund,6,28,0.08339822292327881,0.23596656322479248,0.15108260178346403,True
cluster_tissue__C2__thymus,Fosb,6,28,0.22730930149555206,-0.005777955055236816,0.15108260178346403,False
cluster_tissue__C2__thymus,Fosl2,6,28,0.12919119000434875,-0.018625587224960327,0.15108260178346403,False
cluster_tissue__C2__thymus,Dusp1,6,28,-0.3196767568588257,0.14730560779571533,0.15108260178346403,False
cluster_tissue__C2__thymus,Nr4a1,6,28,-0.3822362422943115,-0.2500947117805481,0.15108260178346403,True
cluster_tissue__C2__thymus,Rorc,6,28,0.0,0.0,0.15108260178346403,True
cluster_tissue__C2__thymus,Il23r,6,28,-0.09540405124425888,-0.04173927381634712,0.15108260178346403,True
cluster_tissue__C2__thymus,Fos,7,28,-0.32086920738220215,-0.30784088373184204,0.27739982293817633,True
cluster_tissue__C2__thymus,Jun,7,28,0.26330965757369995,0.17038053274154663,0.27739982293817633,True
cluster_tissue__C2__thymus,Junb,7,28,0.16071105003356934,0.36418235301971436,0.27739982293817633,True
cluster_tissue__C2__thymus,Jund,7,28,0.04746067523956299,0.23596656322479248,0.27739982293817633,True
cluster_tissue__C2__thymus,Fosb,7,28,0.15482133626937866,-0.005777955055236816,0.27739982293817633,False
cluster_tissue__C2__thymus,Fosl2,7,28,0.12919119000434875,-0.018625587224960327,0.27739982293817633,False
cluster_tissue__C2__thymus,Dusp1,7,28,-0.3530541658401489,0.14730560779571533,0.27739982293817633,False
cluster_tissue__C2__thymus,Nr4a1,7,28,-0.2717401087284088,-0.2500947117805481,0.27739982293817633,True
cluster_tissue__C2__thymus,Rorc,7,28,0.0,0.0,0.27739982293817633,True
cluster_tissue__C2__thymus,Il23r,7,28,-0.09540405124425888,-0.04173927381634712,0.27739982293817633,True
cluster_tissue__C2__thymus,Fos,8,28,-0.42984506487846375,-0.30784088373184204,0.14826918169489145,True
cluster_tissue__C2__thymus,Jun,8,28,0.2594996690750122,0.17038053274154663,0.14826918169489145,True
cluster_tissue__C2__thymus,Junb,8,28,0.233115553855896,0.36418235301971436,0.14826918169489145,True
cluster_tissue__C2__thymus,Jund,8,28,-0.1153334379196167,0.23596656322479248,0.14826918169489145,False
cluster_tissue__C2__thymus,Fosb,8,28,0.1303713321685791,-0.005777955055236816,0.14826918169489145,False
cluster_tissue__C2__thymus,Fosl2,8,28,0.021064788103103638,-0.018625587224960327,0.14826918169489145,False
cluster_tissue__C2__thymus,Dusp1,8,28,-0.15761911869049072,0.14730560779571533,0.14826918169489145,False
cluster_tissue__C2__thymus,Nr4a1,8,28,-0.27922382950782776,-0.2500947117805481,0.14826918169489145,True
cluster_tissue__C2__thymus,Rorc,8,28,0.0,0.0,0.14826918169489145,True
cluster_tissue__C2__thymus,Il23r,8,28,-0.09540405124425888,-0.04173927381634712,0.14826918169489145,True
cluster_tissue__C2__thymus,Fos,9,28,-0.46582186222076416,-0.30784088373184204,0.19110242221677332,True
cluster_tissue__C2__thymus,Jun,9,28,-0.03374570608139038,0.17038053274154663,0.19110242221677332,False
cluster_tissue__C2__thymus,Junb,9,28,0.04918515682220459,0.36418235301971436,0.19110242221677332,True
cluster_tissue__C2__thymus,Jund,9,28,0.0038652420043945312,0.23596656322479248,0.19110242221677332,True
cluster_tissue__C2__thymus,Fosb,9,28,0.2798941731452942,-0.005777955055236816,0.19110242221677332,False
cluster_tissue__C2__thymus,Fosl2,9,28,0.17618945240974426,-0.018625587224960327,0.19110242221677332,False
cluster_tissue__C2__thymus,Dusp1,9,28,-0.4708811640739441,0.14730560779571533,0.19110242221677332,False
cluster_tissue__C2__thymus,Nr4a1,9,28,-0.16231966018676758,-0.2500947117805481,0.19110242221677332,True
cluster_tissue__C2__thymus,Rorc,9,28,0.0,0.0,0.19110242221677332,True
cluster_tissue__C2__thymus,Il23r,9,28,-0.09540405124425888,-0.04173927381634712,0.19110242221677332,True
cluster_tissue__C2__thymus,Fos,10,28,-0.6228431463241577,-0.30784088373184204,0.17618423240286443,True
cluster_tissue__C2__thymus,Jun,10,28,-0.06738591194152832,0.17038053274154663,0.17618423240286443,False
cluster_tissue__C2__thymus,Junb,10,28,0.2966820001602173,0.36418235301971436,0.17618423240286443,True
cluster_tissue__C2__thymus,Jund,10,28,0.10046136379241943,0.23596656322479248,0.17618423240286443,True
cluster_tissue__C2__thymus,Fosb,10,28,0.3784993886947632,-0.005777955055236816,0.17618423240286443,False
cluster_tissue__C2__thymus,Fosl2,10,28,0.27479469776153564,-0.018625587224960327,0.17618423240286443,False
cluster_tissue__C2__thymus,Dusp1,10,28,-0.49443119764328003,0.14730560779571533,0.17618423240286443,False
cluster_tissue__C2__thymus,Nr4a1,10,28,-0.2587701976299286,-0.2500947117805481,0.17618423240286443,True
cluster_tissue__C2__thymus,Rorc,10,28,0.0,0.0,0.17618423240286443,True
cluster_tissue__C2__thymus,Il23r,10,28,-0.09540405124425888,-0.04173927381634712,0.17618423240286443,True
cluster_tissue__C2__thymus,Fos,11,28,-0.65679532289505,-0.30784088373184204,0.10178283631807836,True
cluster_tissue__C2__thymus,Jun,11,28,-0.08736985921859741,0.17038053274154663,0.10178283631807836,False
cluster_tissue__C2__thymus,Junb,11,28,0.012803077697753906,0.36418235301971436,0.10178283631807836,True
cluster_tissue__C2__thymus,Jund,11,28,-0.3047802448272705,0.23596656322479248,0.10178283631807836,False
cluster_tissue__C2__thymus,Fosb,11,28,0.050684601068496704,-0.005777955055236816,0.10178283631807836,False
cluster_tissue__C2__thymus,Fosl2,11,28,0.11688157916069031,-0.018625587224960327,0.10178283631807836,False
cluster_tissue__C2__thymus,Dusp1,11,28,-0.6026362776756287,0.14730560779571533,0.10178283631807836,False
cluster_tissue__C2__thymus,Nr4a1,11,28,-0.2587701976299286,-0.2500947117805481,0.10178283631807836,True
cluster_tissue__C2__thymus,Rorc,11,28,0.0,0.0,0.10178283631807836,True
cluster_tissue__C2__thymus,Il23r,11,28,-0.09540405124425888,-0.04173927381634712,0.10178283631807836,True
cluster_tissue__C2__thymus,Fos,12,28,-0.4572204351425171,-0.30784088373184204,0.17178606369046726,True
cluster_tissue__C2__thymus,Jun,12,28,0.11860382556915283,0.17038053274154663,0.17178606369046726,True
cluster_tissue__C2__thymus,Junb,12,28,0.3547821044921875,0.36418235301971436,0.17178606369046726,True
cluster_tissue__C2__thymus,Jund,12,28,0.43449318408966064,0.23596656322479248,0.17178606369046726,True
cluster_tissue__C2__thymus,Fosb,12,28,0.11918288469314575,-0.005777955055236816,0.17178606369046726,False
cluster_tissue__C2__thymus,Fosl2,12,28,0.12092220783233643,-0.018625587224960327,0.17178606369046726,False
cluster_tissue__C2__thymus,Dusp1,12,28,-0.2953602075576782,0.14730560779571533,0.17178606369046726,False
cluster_tissue__C2__thymus,Nr4a1,12,28,-0.18277327716350555,-0.2500947117805481,0.17178606369046726,True
cluster_tissue__C2__thymus,Rorc,12,28,0.0,0.0,0.17178606369046726,True
cluster_tissue__C2__thymus,Il23r,12,28,-0.09540405124425888,-0.04173927381634712,0.17178606369046726,True
cluster_tissue__C2__thymus,Fos,13,28,-0.43632036447525024,-0.30784088373184204,0.18754040844080272,True
cluster_tissue__C2__thymus,Jun,13,28,0.15968137979507446,0.17038053274154663,0.18754040844080272,True
cluster_tissue__C2__thymus,Junb,13,28,0.21954691410064697,0.36418235301971436,0.18754040844080272,True
cluster_tissue__C2__thymus,Jund,13,28,-0.3500159978866577,0.23596656322479248,0.18754040844080272,False
cluster_tissue__C2__thymus,Fosb,13,28,0.23843857645988464,-0.005777955055236816,0.18754040844080272,False
cluster_tissue__C2__thymus,Fosl2,13,28,0.2154868245124817,-0.018625587224960327,0.18754040844080272,False
cluster_tissue__C2__thymus,Dusp1,13,28,-0.39187562465667725,0.14730560779571533,0.18754040844080272,False
cluster_tissue__C2__thymus,Nr4a1,13,28,-0.2587701976299286,-0.2500947117805481,0.18754040844080272,True
cluster_tissue__C2__thymus,Rorc,13,28,0.0,0.0,0.18754040844080272,True
cluster_tissue__C2__thymus,Il23r,13,28,-0.09540405124425888,-0.04173927381634712,0.18754040844080272,True
cluster_tissue__C2__thymus,Fos,14,28,-0.16821223497390747,-0.30784088373184204,0.20879692984836754,True
cluster_tissue__C2__thymus,Jun,14,28,0.27367621660232544,0.17038053274154663,0.20879692984836754,True
cluster_tissue__C2__thymus,Junb,14,28,0.3326094150543213,0.36418235301971436,0.20879692984836754,True
cluster_tissue__C2__thymus,Jund,14,28,0.052170634269714355,0.23596656322479248,0.20879692984836754,True
cluster_tissue__C2__thymus,Fosb,14,28,0.15655328333377838,-0.005777955055236816,0.20879692984836754,False
cluster_tissue__C2__thymus,Fosl2,14,28,0.030585944652557373,-0.018625587224960327,0.20879692984836754,False
cluster_tissue__C2__thymus,Dusp1,14,28,-0.35183942317962646,0.14730560779571533,0.20879692984836754,False
cluster_tissue__C2__thymus,Nr4a1,14,28,-0.2717401087284088,-0.2500947117805481,0.20879692984836754,True
cluster_tissue__C2__thymus,Rorc,14,28,0.0,0.0,0.20879692984836754,True
cluster_tissue__C2__thymus,Il23r,14,28,-0.09540405124425888,-0.04173927381634712,0.20879692984836754,True
cluster_tissue__C2__thymus,Fos,15,28,-0.6703440546989441,-0.30784088373184204,0.15681940004870823,True
cluster_tissue__C2__thymus,Jun,15,28,0.2977922558784485,0.17038053274154663,0.15681940004870823,True
cluster_tissue__C2__thymus,Junb,15,28,0.048378586769104004,0.36418235301971436,0.15681940004870823,True
cluster_tissue__C2__thymus,Jund,15,28,-0.0810554027557373,0.23596656322479248,0.15681940004870823,False
cluster_tissue__C2__thymus,Fosb,15,28,0.21543483436107635,-0.005777955055236816,0.15681940004870823,False
cluster_tissue__C2__thymus,Fosl2,15,28,0.1884990632534027,-0.018625587224960327,0.15681940004870823,False
cluster_tissue__C2__thymus,Dusp1,15,28,-0.2655162811279297,0.14730560779571533,0.15681940004870823,False
cluster_tissue__C2__thymus,Nr4a1,15,28,-0.3747525215148926,-0.2500947117805481,0.15681940004870823,True
cluster_tissue__C2__thymus,Rorc,15,28,0.0,0.0,0.15681940004870823,True
cluster_tissue__C2__thymus,Il23r,15,28,-0.09540405124425888,-0.04173927381634712,0.15681940004870823,True
cluster_tissue__C2__thymus,Fos,16,28,-0.5404514074325562,-0.30784088373184204,0.18496150914058845,True
cluster_tissue__C2__thymus,Jun,16,28,0.20552700757980347,0.17038053274154663,0.18496150914058845,True
cluster_tissue__C2__thymus,Junb,16,28,-0.008185982704162598,0.36418235301971436,0.18496150914058845,False
cluster_tissue__C2__thymus,Jund,16,28,-0.023680567741394043,0.23596656322479248,0.18496150914058845,False
cluster_tissue__C2__thymus,Fosb,16,28,0.33877572417259216,-0.005777955055236816,0.18496150914058845,False
cluster_tissue__C2__thymus,Fosl2,16,28,0.2154868245124817,-0.018625587224960327,0.18496150914058845,False
cluster_tissue__C2__thymus,Dusp1,16,28,-0.6053889989852905,0.14730560779571533,0.18496150914058845,False
cluster_tissue__C2__thymus,Nr4a1,16,28,-0.16231966018676758,-0.2500947117805481,0.18496150914058845,True
cluster_tissue__C2__thymus,Rorc,16,28,0.0,0.0,0.18496150914058845,True
cluster_tissue__C2__thymus,Il23r,16,28,-0.09540405124425888,-0.04173927381634712,0.18496150914058845,True
cluster_tissue__C2__thymus,Fos,17,28,-0.8188513517379761,-0.30784088373184204,0.24087824066887117,True
cluster_tissue__C2__thymus,Jun,17,28,-0.09535002708435059,0.17038053274154663,0.24087824066887117,False
cluster_tissue__C2__thymus,Junb,17,28,0.16769182682037354,0.36418235301971436,0.24087824066887117,True
cluster_tissue__C2__thymus,Jund,17,28,0.268451452255249,0.23596656322479248,0.24087824066887117,True
cluster_tissue__C2__thymus,Fosb,17,28,0.15482136607170105,-0.005777955055236816,0.24087824066887117,False
cluster_tissue__C2__thymus,Fosl2,17,28,0.12919119000434875,-0.018625587224960327,0.24087824066887117,False
cluster_tissue__C2__thymus,Dusp1,17,28,-0.41820424795150757,0.14730560779571533,0.24087824066887117,False
cluster_tissue__C2__thymus,Nr4a1,17,28,-0.36819061636924744,-0.2500947117805481,0.24087824066887117,True
cluster_tissue__C2__thymus,Rorc,17,28,0.0,0.0,0.24087824066887117,True
cluster_tissue__C2__thymus,Il23r,17,28,-0.09540405124425888,-0.04173927381634712,0.24087824066887117,True
cluster_tissue__C2__thymus,Fos,18,28,-0.3585616946220398,-0.30784088373184204,0.12873525955420675,True
cluster_tissue__C2__thymus,Jun,18,28,0.06055259704589844,0.17038053274154663,0.12873525955420675,True
cluster_tissue__C2__thymus,Junb,18,28,0.42144203186035156,0.36418235301971436,0.12873525955420675,True
cluster_tissue__C2__thymus,Jund,18,28,-0.07255959510803223,0.23596656322479248,0.12873525955420675,False
cluster_tissue__C2__thymus,Fosb,18,28,0.23064932227134705,-0.005777955055236816,0.12873525955420675,False
cluster_tissue__C2__thymus,Fosl2,18,28,0.10736045241355896,-0.018625587224960327,0.12873525955420675,False
cluster_tissue__C2__thymus,Dusp1,18,28,-0.5148637294769287,0.14730560779571533,0.12873525955420675,False
cluster_tissue__C2__thymus,Nr4a1,18,28,-0.2587701976299286,-0.2500947117805481,0.12873525955420675,True
cluster_tissue__C2__thymus,Rorc,18,28,0.0,0.0,0.12873525955420675,True
cluster_tissue__C2__thymus,Il23r,18,28,-0.09540405124425888,-0.04173927381634712,0.12873525955420675,True
cluster_tissue__C2__thymus,Fos,19,28,-0.2968699336051941,-0.30784088373184204,0.2367947208126671,True
cluster_tissue__C2__thymus,Jun,19,28,0.2848365306854248,0.17038053274154663,0.2367947208126671,True
cluster_tissue__C2__thymus,Junb,19,28,0.41078197956085205,0.36418235301971436,0.2367947208126671,True
cluster_tissue__C2__thymus,Jund,19,28,0.03872823715209961,0.23596656322479248,0.2367947208126671,True
cluster_tissue__C2__thymus,Fosb,19,28,0.2592437267303467,-0.005777955055236816,0.2367947208126671,False
cluster_tissue__C2__thymus,Fosl2,19,28,0.021064788103103638,-0.018625587224960327,0.2367947208126671,False
cluster_tissue__C2__thymus,Dusp1,19,28,-0.3292231559753418,0.14730560779571533,0.2367947208126671,False
cluster_tissue__C2__thymus,Nr4a1,19,28,-0.18277327716350555,-0.2500947117805481,0.2367947208126671,True
cluster_tissue__C2__thymus,Rorc,19,28,0.0,0.0,0.2367947208126671,True
cluster_tissue__C2__thymus,Il23r,19,28,-0.09540405124425888,-0.04173927381634712,0.2367947208126671,True
cluster_tissue__C3__bone_marrow,Fos,0,96,0.061862289905548096,0.12167203426361084,0.07383108616330616,True
cluster_tissue__C3__bone_marrow,Jun,0,96,0.18754786252975464,0.1500380039215088,0.07383108616330616,True
cluster_tissue__C3__bone_marrow,Junb,0,96,0.05038321018218994,0.17077338695526123,0.07383108616330616,True
cluster_tissue__C3__bone_marrow,Jund,0,96,0.15275955200195312,0.21576142311096191,0.07383108616330616,True
cluster_tissue__C3__bone_marrow,Fosb,0,96,0.2678549289703369,0.263931542634964,0.07383108616330616,True
cluster_tissue__C3__bone_marrow,Fosl2,0,96,0.09917110204696655,0.08049150556325912,0.07383108616330616,True
cluster_tissue__C3__bone_marrow,Dusp1,0,96,0.1745987832546234,0.18755647540092468,0.07383108616330616,True
cluster_tissue__C3__bone_marrow,Nr4a1,0,96,0.060154642909765244,0.05823434144258499,0.07383108616330616,True
cluster_tissue__C3__bone_marrow,Rorc,0,96,0.011199726723134518,0.009349336847662926,0.07383108616330616,True
cluster_tissue__C3__bone_marrow,Il23r,0,96,0.0,0.0,0.07383108616330616,True
cluster_tissue__C3__bone_marrow,Fos,1,96,0.08624935150146484,0.12167203426361084,0.09519887659610221,True
cluster_tissue__C3__bone_marrow,Jun,1,96,0.18488049507141113,0.1500380039215088,0.09519887659610221,True
cluster_tissue__C3__bone_marrow,Junb,1,96,-0.040175795555114746,0.17077338695526123,0.09519887659610221,False
cluster_tissue__C3__bone_marrow,Jund,1,96,0.18971633911132812,0.21576142311096191,0.09519887659610221,True
cluster_tissue__C3__bone_marrow,Fosb,1,96,0.24804909527301788,0.263931542634964,0.09519887659610221,True
cluster_tissue__C3__bone_marrow,Fosl2,1,96,0.1105886697769165,0.08049150556325912,0.09519887659610221,True
cluster_tissue__C3__bone_marrow,Dusp1,1,96,0.15044274926185608,0.18755647540092468,0.09519887659610221,True
cluster_tissue__C3__bone_marrow,Nr4a1,1,96,0.03100665658712387,0.05823434144258499,0.09519887659610221,True
cluster_tissue__C3__bone_marrow,Rorc,1,96,0.011199726723134518,0.009349336847662926,0.09519887659610221,True
cluster_tissue__C3__bone_marrow,Il23r,1,96,0.0,0.0,0.09519887659610221,True
cluster_tissue__C3__bone_marrow,Fos,2,96,0.09122596681118011,0.12167203426361084,0.09827084309351247,True
cluster_tissue__C3__bone_marrow,Jun,2,96,0.16592878103256226,0.1500380039215088,0.09827084309351247,True
cluster_tissue__C3__bone_marrow,Junb,2,96,-0.0130995512008667,0.17077338695526123,0.09827084309351247,False
cluster_tissue__C3__bone_marrow,Jund,2,96,0.23714637756347656,0.21576142311096191,0.09827084309351247,True
cluster_tissue__C3__bone_marrow,Fosb,2,96,0.22588372230529785,0.263931542634964,0.09827084309351247,True
cluster_tissue__C3__bone_marrow,Fosl2,2,96,0.08051012456417084,0.08049150556325912,0.09827084309351247,True
cluster_tissue__C3__bone_marrow,Dusp1,2,96,0.033046573400497437,0.18755647540092468,0.09827084309351247,True
cluster_tissue__C3__bone_marrow,Nr4a1,2,96,0.09638367593288422,0.05823434144258499,0.09827084309351247,True
cluster_tissue__C3__bone_marrow,Rorc,2,96,0.011199726723134518,0.009349336847662926,0.09827084309351247,True
cluster_tissue__C3__bone_marrow,Il23r,2,96,0.0,0.0,0.09827084309351247,True
cluster_tissue__C3__bone_marrow,Fos,3,96,0.11720976233482361,0.12167203426361084,0.10722541603956329,True
cluster_tissue__C3__bone_marrow,Jun,3,96,0.21582633256912231,0.1500380039215088,0.10722541603956329,True
cluster_tissue__C3__bone_marrow,Junb,3,96,0.10454845428466797,0.17077338695526123,0.10722541603956329,True
cluster_tissue__C3__bone_marrow,Jund,3,96,0.2067272663116455,0.21576142311096191,0.10722541603956329,True
cluster_tissue__C3__bone_marrow,Fosb,3,96,0.34718793630599976,0.263931542634964,0.10722541603956329,True
cluster_tissue__C3__bone_marrow,Fosl2,3,96,0.058148887008428574,0.08049150556325912,0.10722541603956329,True
cluster_tissue__C3__bone_marrow,Dusp1,3,96,0.09390154480934143,0.18755647540092468,0.10722541603956329,True
cluster_tissue__C3__bone_marrow,Nr4a1,3,96,0.022311054170131683,0.05823434144258499,0.10722541603956329,True
cluster_tissue__C3__bone_marrow,Rorc,3,96,0.011199726723134518,0.009349336847662926,0.10722541603956329,True
cluster_tissue__C3__bone_marrow,Il23r,3,96,0.0,0.0,0.10722541603956329,True
cluster_tissue__C3__bone_marrow,Fos,4,96,0.08114901185035706,0.12167203426361084,0.07122172617836256,True
cluster_tissue__C3__bone_marrow,Jun,4,96,0.18856453895568848,0.1500380039215088,0.07122172617836256,True
cluster_tissue__C3__bone_marrow,Junb,4,96,0.08273458480834961,0.17077338695526123,0.07122172617836256,True
cluster_tissue__C3__bone_marrow,Jund,4,96,0.25846433639526367,0.21576142311096191,0.07122172617836256,True
cluster_tissue__C3__bone_marrow,Fosb,4,96,0.3016674518585205,0.263931542634964,0.07122172617836256,True
cluster_tissue__C3__bone_marrow,Fosl2,4,96,0.07117776572704315,0.08049150556325912,0.07122172617836256,True
cluster_tissue__C3__bone_marrow,Dusp1,4,96,0.16669470071792603,0.18755647540092468,0.07122172617836256,True
cluster_tissue__C3__bone_marrow,Nr4a1,4,96,0.013379715383052826,0.05823434144258499,0.07122172617836256,True
cluster_tissue__C3__bone_marrow,Rorc,4,96,0.011199726723134518,0.009349336847662926,0.07122172617836256,True
cluster_tissue__C3__bone_marrow,Il23r,4,96,0.0,0.0,0.07122172617836256,True
cluster_tissue__C3__bone_marrow,Fos,5,96,0.005309045314788818,0.12167203426361084,0.12464849786948351,True
cluster_tissue__C3__bone_marrow,Jun,5,96,0.08336323499679565,0.1500380039215088,0.12464849786948351,True
cluster_tissue__C3__bone_marrow,Junb,5,96,0.15282678604125977,0.17077338695526123,0.12464849786948351,True
cluster_tissue__C3__bone_marrow,Jund,5,96,0.17849206924438477,0.21576142311096191,0.12464849786948351,True
cluster_tissue__C3__bone_marrow,Fosb,5,96,0.25331079959869385,0.263931542634964,0.12464849786948351,True
cluster_tissue__C3__bone_marrow,Fosl2,5,96,0.07053574174642563,0.08049150556325912,0.12464849786948351,True
cluster_tissue__C3__bone_marrow,Dusp1,5,96,0.07442077994346619,0.18755647540092468,0.12464849786948351,True
cluster_tissue__C3__bone_marrow,Nr4a1,5,96,0.07887598872184753,0.05823434144258499,0.12464849786948351,True
cluster_tissue__C3__bone_marrow,Rorc,5,96,0.011199726723134518,0.009349336847662926,0.12464849786948351,True
cluster_tissue__C3__bone_marrow,Il23r,5,96,0.0,0.0,0.12464849786948351,True
cluster_tissue__C3__bone_marrow,Fos,6,96,0.14498461782932281,0.12167203426361084,0.08843011838737684,True
cluster_tissue__C3__bone_marrow,Jun,6,96,0.23842567205429077,0.1500380039215088,0.08843011838737684,True
cluster_tissue__C3__bone_marrow,Junb,6,96,0.102408766746521,0.17077338695526123,0.08843011838737684,True
cluster_tissue__C3__bone_marrow,Jund,6,96,0.16189050674438477,0.21576142311096191,0.08843011838737684,True
cluster_tissue__C3__bone_marrow,Fosb,6,96,0.26529306173324585,0.263931542634964,0.08843011838737684,True
cluster_tissue__C3__bone_marrow,Fosl2,6,96,0.10243085771799088,0.08049150556325912,0.08843011838737684,True
cluster_tissue__C3__bone_marrow,Dusp1,6,96,0.16385743021965027,0.18755647540092468,0.08843011838737684,True
cluster_tissue__C3__bone_marrow,Nr4a1,6,96,0.038552626967430115,0.05823434144258499,0.08843011838737684,True
cluster_tissue__C3__bone_marrow,Rorc,6,96,0.011199726723134518,0.009349336847662926,0.08843011838737684,True
cluster_tissue__C3__bone_marrow,Il23r,6,96,0.0,0.0,0.08843011838737684,True
cluster_tissue__C3__bone_marrow,Fos,7,96,0.11522486805915833,0.12167203426361084,0.07761655040945035,True
cluster_tissue__C3__bone_marrow,Jun,7,96,0.24414795637130737,0.1500380039215088,0.07761655040945035,True
cluster_tissue__C3__bone_marrow,Junb,7,96,0.024413466453552246,0.17077338695526123,0.07761655040945035,True
cluster_tissue__C3__bone_marrow,Jund,7,96,0.25539350509643555,0.21576142311096191,0.07761655040945035,True
cluster_tissue__C3__bone_marrow,Fosb,7,96,0.2948877811431885,0.263931542634964,0.07761655040945035,True
cluster_tissue__C3__bone_marrow,Fosl2,7,96,0.11378587782382965,0.08049150556325912,0.07761655040945035,True
cluster_tissue__C3__bone_marrow,Dusp1,7,96,0.16393092274665833,0.18755647540092468,0.07761655040945035,True
cluster_tissue__C3__bone_marrow,Nr4a1,7,96,0.04067443683743477,0.05823434144258499,0.07761655040945035,True
cluster_tissue__C3__bone_marrow,Rorc,7,96,0.011199726723134518,0.009349336847662926,0.07761655040945035,True
cluster_tissue__C3__bone_marrow,Il23r,7,96,0.0,0.0,0.07761655040945035,True
cluster_tissue__C3__bone_marrow,Fos,8,96,0.08188742399215698,0.12167203426361084,0.0861868722689744,True
cluster_tissue__C3__bone_marrow,Jun,8,96,0.2418336272239685,0.1500380039215088,0.0861868722689744,True
cluster_tissue__C3__bone_marrow,Junb,8,96,0.14157867431640625,0.17077338695526123,0.0861868722689744,True
cluster_tissue__C3__bone_marrow,Jund,8,96,0.24545812606811523,0.21576142311096191,0.0861868722689744,True
cluster_tissue__C3__bone_marrow,Fosb,8,96,0.2833597958087921,0.263931542634964,0.0861868722689744,True
cluster_tissue__C3__bone_marrow,Fosl2,8,96,0.08489963412284851,0.08049150556325912,0.0861868722689744,True
cluster_tissue__C3__bone_marrow,Dusp1,8,96,0.1229594349861145,0.18755647540092468,0.0861868722689744,True
cluster_tissue__C3__bone_marrow,Nr4a1,8,96,0.046268388628959656,0.05823434144258499,0.0861868722689744,True
cluster_tissue__C3__bone_marrow,Rorc,8,96,0.011199726723134518,0.009349336847662926,0.0861868722689744,True
cluster_tissue__C3__bone_marrow,Il23r,8,96,0.0,0.0,0.0861868722689744,True
cluster_tissue__C3__bone_marrow,Fos,9,96,0.18107284605503082,0.12167203426361084,0.12465704666587119,True
cluster_tissue__C3__bone_marrow,Jun,9,96,0.2666192054748535,0.1500380039215088,0.12465704666587119,True
cluster_tissue__C3__bone_marrow,Junb,9,96,0.0990833044052124,0.17077338695526123,0.12465704666587119,True
cluster_tissue__C3__bone_marrow,Jund,9,96,0.2287309169769287,0.21576142311096191,0.12465704666587119,True
cluster_tissue__C3__bone_marrow,Fosb,9,96,0.3066107928752899,0.263931542634964,0.12465704666587119,True
cluster_tissue__C3__bone_marrow,Fosl2,9,96,0.10047568380832672,0.08049150556325912,0.12465704666587119,True
cluster_tissue__C3__bone_marrow,Dusp1,9,96,0.17998135089874268,0.18755647540092468,0.12465704666587119,True
cluster_tissue__C3__bone_marrow,Nr4a1,9,96,0.045378200709819794,0.05823434144258499,0.12465704666587119,True
cluster_tissue__C3__bone_marrow,Rorc,9,96,0.011199726723134518,0.009349336847662926,0.12465704666587119,True
cluster_tissue__C3__bone_marrow,Il23r,9,96,0.0,0.0,0.12465704666587119,True
cluster_tissue__C3__bone_marrow,Fos,10,96,0.1113610714673996,0.12167203426361084,0.08520617909489893,True
cluster_tissue__C3__bone_marrow,Jun,10,96,0.306745707988739,0.1500380039215088,0.08520617909489893,True
cluster_tissue__C3__bone_marrow,Junb,10,96,0.09568476676940918,0.17077338695526123,0.08520617909489893,True
cluster_tissue__C3__bone_marrow,Jund,10,96,0.22156000137329102,0.21576142311096191,0.08520617909489893,True
cluster_tissue__C3__bone_marrow,Fosb,10,96,0.23265692591667175,0.263931542634964,0.08520617909489893,True
cluster_tissue__C3__bone_marrow,Fosl2,10,96,0.0663066953420639,0.08049150556325912,0.08520617909489893,True
cluster_tissue__C3__bone_marrow,Dusp1,10,96,0.15157124400138855,0.18755647540092468,0.08520617909489893,True
cluster_tissue__C3__bone_marrow,Nr4a1,10,96,0.021323516964912415,0.05823434144258499,0.08520617909489893,True
cluster_tissue__C3__bone_marrow,Rorc,10,96,0.011199726723134518,0.009349336847662926,0.08520617909489893,True
cluster_tissue__C3__bone_marrow,Il23r,10,96,0.0,0.0,0.08520617909489893,True
cluster_tissue__C3__bone_marrow,Fos,11,96,0.17687666416168213,0.12167203426361084,0.07820922923200715,True
cluster_tissue__C3__bone_marrow,Jun,11,96,0.21189945936203003,0.1500380039215088,0.07820922923200715,True
cluster_tissue__C3__bone_marrow,Junb,11,96,0.16392898559570312,0.17077338695526123,0.07820922923200715,True
cluster_tissue__C3__bone_marrow,Jund,11,96,0.19782352447509766,0.21576142311096191,0.07820922923200715,True
cluster_tissue__C3__bone_marrow,Fosb,11,96,0.24075596034526825,0.263931542634964,0.07820922923200715,True
cluster_tissue__C3__bone_marrow,Fosl2,11,96,0.04483868554234505,0.08049150556325912,0.07820922923200715,True
cluster_tissue__C3__bone_marrow,Dusp1,11,96,0.17405271530151367,0.18755647540092468,0.07820922923200715,True
cluster_tissue__C3__bone_marrow,Nr4a1,11,96,0.07140522450208664,0.05823434144258499,0.07820922923200715,True
cluster_tissue__C3__bone_marrow,Rorc,11,96,0.011199726723134518,0.009349336847662926,0.07820922923200715,True
cluster_tissue__C3__bone_marrow,Il23r,11,96,0.0,0.0,0.07820922923200715,True
cluster_tissue__C3__bone_marrow,Fos,12,96,0.11840781569480896,0.12167203426361084,0.10070171340324717,True
cluster_tissue__C3__bone_marrow,Jun,12,96,0.14002376794815063,0.1500380039215088,0.10070171340324717,True
cluster_tissue__C3__bone_marrow,Junb,12,96,0.11521494388580322,0.17077338695526123,0.10070171340324717,True
cluster_tissue__C3__bone_marrow,Jund,12,96,0.24022650718688965,0.21576142311096191,0.10070171340324717,True
cluster_tissue__C3__bone_marrow,Fosb,12,96,0.23857799172401428,0.263931542634964,0.10070171340324717,True
cluster_tissue__C3__bone_marrow,Fosl2,12,96,0.07772424817085266,0.08049150556325912,0.10070171340324717,True
cluster_tissue__C3__bone_marrow,Dusp1,12,96,0.1983766257762909,0.18755647540092468,0.10070171340324717,True
cluster_tissue__C3__bone_marrow,Nr4a1,12,96,0.07784485071897507,0.05823434144258499,0.10070171340324717,True
cluster_tissue__C3__bone_marrow,Rorc,12,96,0.011199726723134518,0.009349336847662926,0.10070171340324717,True
cluster_tissue__C3__bone_marrow,Il23r,12,96,0.0,0.0,0.10070171340324717,True
cluster_tissue__C3__bone_marrow,Fos,13,96,0.08023358881473541,0.12167203426361084,0.1332618944925405,True
cluster_tissue__C3__bone_marrow,Jun,13,96,0.13874053955078125,0.1500380039215088,0.1332618944925405,True
cluster_tissue__C3__bone_marrow,Junb,13,96,0.09362947940826416,0.17077338695526123,0.1332618944925405,True
cluster_tissue__C3__bone_marrow,Jund,13,96,0.20024347305297852,0.21576142311096191,0.1332618944925405,True
cluster_tissue__C3__bone_marrow,Fosb,13,96,0.21539652347564697,0.263931542634964,0.1332618944925405,True
cluster_tissue__C3__bone_marrow,Fosl2,13,96,0.08069850504398346,0.08049150556325912,0.1332618944925405,True
cluster_tissue__C3__bone_marrow,Dusp1,13,96,0.1575728952884674,0.18755647540092468,0.1332618944925405,True
cluster_tissue__C3__bone_marrow,Nr4a1,13,96,0.08244165778160095,0.05823434144258499,0.1332618944925405,True
cluster_tissue__C3__bone_marrow,Rorc,13,96,0.011199726723134518,0.009349336847662926,0.1332618944925405,True
cluster_tissue__C3__bone_marrow,Il23r,13,96,0.0,0.0,0.1332618944925405,True
cluster_tissue__C3__bone_marrow,Fos,14,96,0.1671607941389084,0.12167203426361084,0.0967984447491703,True
cluster_tissue__C3__bone_marrow,Jun,14,96,0.1861371397972107,0.1500380039215088,0.0967984447491703,True
cluster_tissue__C3__bone_marrow,Junb,14,96,0.13806068897247314,0.17077338695526123,0.0967984447491703,True
cluster_tissue__C3__bone_marrow,Jund,14,96,0.1461634635925293,0.21576142311096191,0.0967984447491703,True
cluster_tissue__C3__bone_marrow,Fosb,14,96,0.20578698813915253,0.263931542634964,0.0967984447491703,True
cluster_tissue__C3__bone_marrow,Fosl2,14,96,0.060674604028463364,0.08049150556325912,0.0967984447491703,True
cluster_tissue__C3__bone_marrow,Dusp1,14,96,0.19446972012519836,0.18755647540092468,0.0967984447491703,True
cluster_tissue__C3__bone_marrow,Nr4a1,14,96,0.07713373005390167,0.05823434144258499,0.0967984447491703,True
cluster_tissue__C3__bone_marrow,Rorc,14,96,0.011199726723134518,0.009349336847662926,0.0967984447491703,True
cluster_tissue__C3__bone_marrow,Il23r,14,96,0.0,0.0,0.0967984447491703,True
cluster_tissue__C3__bone_marrow,Fos,15,96,0.040858298540115356,0.12167203426361084,0.13411700034194546,True
cluster_tissue__C3__bone_marrow,Jun,15,96,0.18294757604599,0.1500380039215088,0.13411700034194546,True
cluster_tissue__C3__bone_marrow,Junb,15,96,-0.020364046096801758,0.17077338695526123,0.13411700034194546,False
cluster_tissue__C3__bone_marrow,Jund,15,96,0.18392419815063477,0.21576142311096191,0.13411700034194546,True
cluster_tissue__C3__bone_marrow,Fosb,15,96,0.20553292334079742,0.263931542634964,0.13411700034194546,True
cluster_tissue__C3__bone_marrow,Fosl2,15,96,0.09231787174940109,0.08049150556325912,0.13411700034194546,True
cluster_tissue__C3__bone_marrow,Dusp1,15,96,0.09898260235786438,0.18755647540092468,0.13411700034194546,True
cluster_tissue__C3__bone_marrow,Nr4a1,15,96,0.045339472591876984,0.05823434144258499,0.13411700034194546,True
cluster_tissue__C3__bone_marrow,Rorc,15,96,0.011199726723134518,0.009349336847662926,0.13411700034194546,True
cluster_tissue__C3__bone_marrow,Il23r,15,96,0.0,0.0,0.13411700034194546,True
cluster_tissue__C3__bone_marrow,Fos,16,96,0.17681439220905304,0.12167203426361084,0.12024717871687789,True
cluster_tissue__C3__bone_marrow,Jun,16,96,0.21040725708007812,0.1500380039215088,0.12024717871687789,True
cluster_tissue__C3__bone_marrow,Junb,16,96,0.178777813911438,0.17077338695526123,0.12024717871687789,True
cluster_tissue__C3__bone_marrow,Jund,16,96,0.23119878768920898,0.21576142311096191,0.12024717871687789,True
cluster_tissue__C3__bone_marrow,Fosb,16,96,0.24723279476165771,0.263931542634964,0.12024717871687789,True
cluster_tissue__C3__bone_marrow,Fosl2,16,96,0.04249333217740059,0.08049150556325912,0.12024717871687789,True
cluster_tissue__C3__bone_marrow,Dusp1,16,96,0.2365017831325531,0.18755647540092468,0.12024717871687789,True
cluster_tissue__C3__bone_marrow,Nr4a1,16,96,0.06218563765287399,0.05823434144258499,0.12024717871687789,True
cluster_tissue__C3__bone_marrow,Rorc,16,96,0.011199726723134518,0.009349336847662926,0.12024717871687789,True
cluster_tissue__C3__bone_marrow,Il23r,16,96,0.0,0.0,0.12024717871687789,True
cluster_tissue__C3__bone_marrow,Fos,17,96,0.11380115151405334,0.12167203426361084,0.08240545455557075,True
cluster_tissue__C3__bone_marrow,Jun,17,96,0.12555772066116333,0.1500380039215088,0.08240545455557075,True
cluster_tissue__C3__bone_marrow,Junb,17,96,0.0782315731048584,0.17077338695526123,0.08240545455557075,True
cluster_tissue__C3__bone_marrow,Jund,17,96,0.21218132972717285,0.21576142311096191,0.08240545455557075,True
cluster_tissue__C3__bone_marrow,Fosb,17,96,0.3515808582305908,0.263931542634964,0.08240545455557075,True
cluster_tissue__C3__bone_marrow,Fosl2,17,96,0.10008549690246582,0.08049150556325912,0.08240545455557075,True
cluster_tissue__C3__bone_marrow,Dusp1,17,96,0.18526679277420044,0.18755647540092468,0.08240545455557075,True
cluster_tissue__C3__bone_marrow,Nr4a1,17,96,0.019154950976371765,0.05823434144258499,0.08240545455557075,True
cluster_tissue__C3__bone_marrow,Rorc,17,96,0.011199726723134518,0.009349336847662926,0.08240545455557075,True
cluster_tissue__C3__bone_marrow,Il23r,17,96,0.0,0.0,0.08240545455557075,True
cluster_tissue__C3__bone_marrow,Fos,18,96,0.1786877065896988,0.12167203426361084,0.1078053256148091,True
cluster_tissue__C3__bone_marrow,Jun,18,96,0.16078126430511475,0.1500380039215088,0.1078053256148091,True
cluster_tissue__C3__bone_marrow,Junb,18,96,0.10265254974365234,0.17077338695526123,0.1078053256148091,True
cluster_tissue__C3__bone_marrow,Jund,18,96,0.3077816963195801,0.21576142311096191,0.1078053256148091,True
cluster_tissue__C3__bone_marrow,Fosb,18,96,0.22596584260463715,0.263931542634964,0.1078053256148091,True
cluster_tissue__C3__bone_marrow,Fosl2,18,96,0.0825953260064125,0.08049150556325912,0.1078053256148091,True
cluster_tissue__C3__bone_marrow,Dusp1,18,96,0.18895050883293152,0.18755647540092468,0.1078053256148091,True
cluster_tissue__C3__bone_marrow,Nr4a1,18,96,0.07890650629997253,0.05823434144258499,0.1078053256148091,True
cluster_tissue__C3__bone_marrow,Rorc,18,96,0.011199726723134518,0.009349336847662926,0.1078053256148091,True
cluster_tissue__C3__bone_marrow,Il23r,18,96,0.0,0.0,0.1078053256148091,True
cluster_tissue__C3__bone_marrow,Fos,19,96,0.11457566916942596,0.12167203426361084,0.13746234944988855,True
cluster_tissue__C3__bone_marrow,Jun,19,96,0.18465590476989746,0.1500380039215088,0.13746234944988855,True
cluster_tissue__C3__bone_marrow,Junb,19,96,0.13573908805847168,0.17077338695526123,0.13746234944988855,True
cluster_tissue__C3__bone_marrow,Jund,19,96,0.22664642333984375,0.21576142311096191,0.13746234944988855,True
cluster_tissue__C3__bone_marrow,Fosb,19,96,0.199090838432312,0.263931542634964,0.13746234944988855,True
cluster_tissue__C3__bone_marrow,Fosl2,19,96,0.09421050548553467,0.08049150556325912,0.13746234944988855,True
cluster_tissue__C3__bone_marrow,Dusp1,19,96,0.15517619252204895,0.18755647540092468,0.13746234944988855,True
cluster_tissue__C3__bone_marrow,Nr4a1,19,96,0.11026687175035477,0.05823434144258499,0.13746234944988855,True
cluster_tissue__C3__bone_marrow,Rorc,19,96,0.011199726723134518,0.009349336847662926,0.13746234944988855,True
cluster_tissue__C3__bone_marrow,Il23r,19,96,0.0,0.0,0.13746234944988855,True
cluster_tissue__C3__spleen,Fos,0,2061,0.17218928039073944,0.16843119263648987,0.06364183140881698,True
cluster_tissue__C3__spleen,Jun,0,2061,0.523162841796875,0.49780797958374023,0.06364183140881698,True
cluster_tissue__C3__spleen,Junb,0,2061,0.3770437240600586,0.39144933223724365,0.06364183140881698,True
cluster_tissue__C3__spleen,Jund,0,2061,0.22655439376831055,0.18599236011505127,0.06364183140881698,True
cluster_tissue__C3__spleen,Fosb,0,2061,0.22496184706687927,0.2023933082818985,0.06364183140881698,True
cluster_tissue__C3__spleen,Fosl2,0,2061,0.026287607848644257,0.015238597989082336,0.06364183140881698,True
cluster_tissue__C3__spleen,Dusp1,0,2061,0.10825575888156891,0.11168128252029419,0.06364183140881698,True
cluster_tissue__C3__spleen,Nr4a1,0,2061,-0.005470551550388336,-0.0063019078224897385,0.06364183140881698,True
cluster_tissue__C3__spleen,Rorc,0,2061,0.003934214822947979,0.0036285226233303547,0.06364183140881698,True
cluster_tissue__C3__spleen,Il23r,0,2061,0.0018175218719989061,0.0014649638906121254,0.06364183140881698,True
cluster_tissue__C3__spleen,Fos,1,2061,0.18309417366981506,0.16843119263648987,0.05889334858653424,True
cluster_tissue__C3__spleen,Jun,1,2061,0.514484167098999,0.49780797958374023,0.05889334858653424,True
cluster_tissue__C3__spleen,Junb,1,2061,0.36635828018188477,0.39144933223724365,0.05889334858653424,True
cluster_tissue__C3__spleen,Jund,1,2061,0.21998584270477295,0.18599236011505127,0.05889334858653424,True
cluster_tissue__C3__spleen,Fosb,1,2061,0.20156730711460114,0.2023933082818985,0.05889334858653424,True
cluster_tissue__C3__spleen,Fosl2,1,2061,0.0189833901822567,0.015238597989082336,0.05889334858653424,True
cluster_tissue__C3__spleen,Dusp1,1,2061,0.11837074160575867,0.11168128252029419,0.05889334858653424,True
cluster_tissue__C3__spleen,Nr4a1,1,2061,-0.007388340309262276,-0.0063019078224897385,0.05889334858653424,True
cluster_tissue__C3__spleen,Rorc,1,2061,0.0013078725896775723,0.0036285226233303547,0.05889334858653424,True
cluster_tissue__C3__spleen,Il23r,1,2061,0.0018175218719989061,0.0014649638906121254,0.05889334858653424,True
cluster_tissue__C3__spleen,Fos,2,2061,0.1739838719367981,0.16843119263648987,0.05374678863850216,True
cluster_tissue__C3__spleen,Jun,2,2061,0.5358054041862488,0.49780797958374023,0.05374678863850216,True
cluster_tissue__C3__spleen,Junb,2,2061,0.37430012226104736,0.39144933223724365,0.05374678863850216,True
cluster_tissue__C3__spleen,Jund,2,2061,0.21793591976165771,0.18599236011505127,0.05374678863850216,True
cluster_tissue__C3__spleen,Fosb,2,2061,0.21142792701721191,0.2023933082818985,0.05374678863850216,True
cluster_tissue__C3__spleen,Fosl2,2,2061,0.020640507340431213,0.015238597989082336,0.05374678863850216,True
cluster_tissue__C3__spleen,Dusp1,2,2061,0.12388592958450317,0.11168128252029419,0.05374678863850216,True
cluster_tissue__C3__spleen,Nr4a1,2,2061,-0.009515156038105488,-0.0063019078224897385,0.05374678863850216,True
cluster_tissue__C3__spleen,Rorc,2,2061,0.007499481551349163,0.0036285226233303547,0.05374678863850216,True
cluster_tissue__C3__spleen,Il23r,2,2061,0.0018175218719989061,0.0014649638906121254,0.05374678863850216,True
cluster_tissue__C3__spleen,Fos,3,2061,0.16292905807495117,0.16843119263648987,0.06958213027335489,True
cluster_tissue__C3__spleen,Jun,3,2061,0.5206427574157715,0.49780797958374023,0.06958213027335489,True
cluster_tissue__C3__spleen,Junb,3,2061,0.37809765338897705,0.39144933223724365,0.06958213027335489,True
cluster_tissue__C3__spleen,Jund,3,2061,0.2142878770828247,0.18599236011505127,0.06958213027335489,True
cluster_tissue__C3__spleen,Fosb,3,2061,0.20559640228748322,0.2023933082818985,0.06958213027335489,True
cluster_tissue__C3__spleen,Fosl2,3,2061,0.01985151320695877,0.015238597989082336,0.06958213027335489,True
cluster_tissue__C3__spleen,Dusp1,3,2061,0.10956203937530518,0.11168128252029419,0.06958213027335489,True
cluster_tissue__C3__spleen,Nr4a1,3,2061,-0.009226478636264801,-0.0063019078224897385,0.06958213027335489,True
cluster_tissue__C3__spleen,Rorc,3,2061,0.002535390667617321,0.0036285226233303547,0.06958213027335489,True
cluster_tissue__C3__spleen,Il23r,3,2061,0.0018175218719989061,0.0014649638906121254,0.06958213027335489,True
cluster_tissue__C3__spleen,Fos,4,2061,0.17819058895111084,0.16843119263648987,0.056686883383946104,True
cluster_tissue__C3__spleen,Jun,4,2061,0.5393916964530945,0.49780797958374023,0.056686883383946104,True
cluster_tissue__C3__spleen,Junb,4,2061,0.39611315727233887,0.39144933223724365,0.056686883383946104,True
cluster_tissue__C3__spleen,Jund,4,2061,0.22099530696868896,0.18599236011505127,0.056686883383946104,True
cluster_tissue__C3__spleen,Fosb,4,2061,0.21544210612773895,0.2023933082818985,0.056686883383946104,True
cluster_tissue__C3__spleen,Fosl2,4,2061,0.02139732986688614,0.015238597989082336,0.056686883383946104,True
cluster_tissue__C3__spleen,Dusp1,4,2061,0.11468757688999176,0.11168128252029419,0.056686883383946104,True
cluster_tissue__C3__spleen,Nr4a1,4,2061,-0.004534728825092316,-0.0063019078224897385,0.056686883383946104,True
cluster_tissue__C3__spleen,Rorc,4,2061,0.00449708104133606,0.0036285226233303547,0.056686883383946104,True
cluster_tissue__C3__spleen,Il23r,4,2061,0.0018175218719989061,0.0014649638906121254,0.056686883383946104,True
cluster_tissue__C3__spleen,Fos,5,2061,0.1679164171218872,0.16843119263648987,0.06240372487410267,True
cluster_tissue__C3__spleen,Jun,5,2061,0.5228210687637329,0.49780797958374023,0.06240372487410267,True
cluster_tissue__C3__spleen,Junb,5,2061,0.3606160879135132,0.39144933223724365,0.06240372487410267,True
cluster_tissue__C3__spleen,Jund,5,2061,0.2150263786315918,0.18599236011505127,0.06240372487410267,True
cluster_tissue__C3__spleen,Fosb,5,2061,0.20803463459014893,0.2023933082818985,0.06240372487410267,True
cluster_tissue__C3__spleen,Fosl2,5,2061,0.014764904975891113,0.015238597989082336,0.06240372487410267,True
cluster_tissue__C3__spleen,Dusp1,5,2061,0.10818219184875488,0.11168128252029419,0.06240372487410267,True
cluster_tissue__C3__spleen,Nr4a1,5,2061,-0.006366183049976826,-0.0063019078224897385,0.06240372487410267,True
cluster_tissue__C3__spleen,Rorc,5,2061,0.004532938823103905,0.0036285226233303547,0.06240372487410267,True
cluster_tissue__C3__spleen,Il23r,5,2061,0.0018175218719989061,0.0014649638906121254,0.06240372487410267,True
cluster_tissue__C3__spleen,Fos,6,2061,0.1774318367242813,0.16843119263648987,0.053246658613557714,True
cluster_tissue__C3__spleen,Jun,6,2061,0.5275949835777283,0.49780797958374023,0.053246658613557714,True
cluster_tissue__C3__spleen,Junb,6,2061,0.39307284355163574,0.39144933223724365,0.053246658613557714,True
cluster_tissue__C3__spleen,Jund,6,2061,0.21553242206573486,0.18599236011505127,0.053246658613557714,True
cluster_tissue__C3__spleen,Fosb,6,2061,0.20900380611419678,0.2023933082818985,0.053246658613557714,True
cluster_tissue__C3__spleen,Fosl2,6,2061,0.017068207263946533,0.015238597989082336,0.053246658613557714,True
cluster_tissue__C3__spleen,Dusp1,6,2061,0.1164609044790268,0.11168128252029419,0.053246658613557714,True
cluster_tissue__C3__spleen,Nr4a1,6,2061,-0.007289612665772438,-0.0063019078224897385,0.053246658613557714,True
cluster_tissue__C3__spleen,Rorc,6,2061,0.005352371372282505,0.0036285226233303547,0.053246658613557714,True
cluster_tissue__C3__spleen,Il23r,6,2061,0.0018175218719989061,0.0014649638906121254,0.053246658613557714,True
cluster_tissue__C3__spleen,Fos,7,2061,0.1665428876876831,0.16843119263648987,0.06234018246985854,True
cluster_tissue__C3__spleen,Jun,7,2061,0.5205367207527161,0.49780797958374023,0.06234018246985854,True
cluster_tissue__C3__spleen,Junb,7,2061,0.38688504695892334,0.39144933223724365,0.06234018246985854,True
cluster_tissue__C3__spleen,Jund,7,2061,0.20137310028076172,0.18599236011505127,0.06234018246985854,True
cluster_tissue__C3__spleen,Fosb,7,2061,0.19468779861927032,0.2023933082818985,0.06234018246985854,True
cluster_tissue__C3__spleen,Fosl2,7,2061,0.018509913235902786,0.015238597989082336,0.06234018246985854,True
cluster_tissue__C3__spleen,Dusp1,7,2061,0.10939757525920868,0.11168128252029419,0.06234018246985854,True
cluster_tissue__C3__spleen,Nr4a1,7,2061,-0.008592985570430756,-0.0063019078224897385,0.06234018246985854,True
cluster_tissue__C3__spleen,Rorc,7,2061,0.0029085746500641108,0.0036285226233303547,0.06234018246985854,True
cluster_tissue__C3__spleen,Il23r,7,2061,0.0018175218719989061,0.0014649638906121254,0.06234018246985854,True
cluster_tissue__C3__spleen,Fos,8,2061,0.1669701635837555,0.16843119263648987,0.05755587854931105,True
cluster_tissue__C3__spleen,Jun,8,2061,0.5059954524040222,0.49780797958374023,0.05755587854931105,True
cluster_tissue__C3__spleen,Junb,8,2061,0.37520337104797363,0.39144933223724365,0.05755587854931105,True
cluster_tissue__C3__spleen,Jund,8,2061,0.21256864070892334,0.18599236011505127,0.05755587854931105,True
cluster_tissue__C3__spleen,Fosb,8,2061,0.20507638156414032,0.2023933082818985,0.05755587854931105,True
cluster_tissue__C3__spleen,Fosl2,8,2061,0.018690302968025208,0.015238597989082336,0.05755587854931105,True
cluster_tissue__C3__spleen,Dusp1,8,2061,0.10785077512264252,0.11168128252029419,0.05755587854931105,True
cluster_tissue__C3__spleen,Nr4a1,8,2061,-0.0068790484219789505,-0.0063019078224897385,0.05755587854931105,True
cluster_tissue__C3__spleen,Rorc,8,2061,0.002078861463814974,0.0036285226233303547,0.05755587854931105,True
cluster_tissue__C3__spleen,Il23r,8,2061,0.0018175218719989061,0.0014649638906121254,0.05755587854931105,True
cluster_tissue__C3__spleen,Fos,9,2061,0.17589959502220154,0.16843119263648987,0.056426311567715035,True
cluster_tissue__C3__spleen,Jun,9,2061,0.5300055146217346,0.49780797958374023,0.056426311567715035,True
cluster_tissue__C3__spleen,Junb,9,2061,0.39867091178894043,0.39144933223724365,0.056426311567715035,True
cluster_tissue__C3__spleen,Jund,9,2061,0.22368383407592773,0.18599236011505127,0.056426311567715035,True
cluster_tissue__C3__spleen,Fosb,9,2061,0.2078489065170288,0.2023933082818985,0.056426311567715035,True
cluster_tissue__C3__spleen,Fosl2,9,2061,0.022005818784236908,0.015238597989082336,0.056426311567715035,True
cluster_tissue__C3__spleen,Dusp1,9,2061,0.11499367654323578,0.11168128252029419,0.056426311567715035,True
cluster_tissue__C3__spleen,Nr4a1,9,2061,-0.007466751150786877,-0.0063019078224897385,0.056426311567715035,True
cluster_tissue__C3__spleen,Rorc,9,2061,0.002409345470368862,0.0036285226233303547,0.056426311567715035,True
cluster_tissue__C3__spleen,Il23r,9,2061,0.0018175218719989061,0.0014649638906121254,0.056426311567715035,True
cluster_tissue__C3__spleen,Fos,10,2061,0.1760687232017517,0.16843119263648987,0.060081421509418115,True
cluster_tissue__C3__spleen,Jun,10,2061,0.5084083080291748,0.49780797958374023,0.060081421509418115,True
cluster_tissue__C3__spleen,Junb,10,2061,0.3763817548751831,0.39144933223724365,0.060081421509418115,True
cluster_tissue__C3__spleen,Jund,10,2061,0.21601033210754395,0.18599236011505127,0.060081421509418115,True
cluster_tissue__C3__spleen,Fosb,10,2061,0.20635579526424408,0.2023933082818985,0.060081421509418115,True
cluster_tissue__C3__spleen,Fosl2,10,2061,0.021460767835378647,0.015238597989082336,0.060081421509418115,True
cluster_tissue__C3__spleen,Dusp1,10,2061,0.11605952680110931,0.11168128252029419,0.060081421509418115,True
cluster_tissue__C3__spleen,Nr4a1,10,2061,-0.007189028896391392,-0.0063019078224897385,0.060081421509418115,True
cluster_tissue__C3__spleen,Rorc,10,2061,0.004220274277031422,0.0036285226233303547,0.060081421509418115,True
cluster_tissue__C3__spleen,Il23r,10,2061,0.0018175218719989061,0.0014649638906121254,0.060081421509418115,True
cluster_tissue__C3__spleen,Fos,11,2061,0.1683286726474762,0.16843119263648987,0.06043599003768958,True
cluster_tissue__C3__spleen,Jun,11,2061,0.5337582230567932,0.49780797958374023,0.06043599003768958,True
cluster_tissue__C3__spleen,Junb,11,2061,0.38523733615875244,0.39144933223724365,0.06043599003768958,True
cluster_tissue__C3__spleen,Jund,11,2061,0.2221696376800537,0.18599236011505127,0.06043599003768958,True
cluster_tissue__C3__spleen,Fosb,11,2061,0.2000199556350708,0.2023933082818985,0.06043599003768958,True
cluster_tissue__C3__spleen,Fosl2,11,2061,0.02042210102081299,0.015238597989082336,0.06043599003768958,True
cluster_tissue__C3__spleen,Dusp1,11,2061,0.11193281412124634,0.11168128252029419,0.06043599003768958,True
cluster_tissue__C3__spleen,Nr4a1,11,2061,-0.007909948006272316,-0.0063019078224897385,0.06043599003768958,True
cluster_tissue__C3__spleen,Rorc,11,2061,0.0037277392111718655,0.0036285226233303547,0.06043599003768958,True
cluster_tissue__C3__spleen,Il23r,11,2061,0.0018175218719989061,0.0014649638906121254,0.06043599003768958,True
cluster_tissue__C3__spleen,Fos,12,2061,0.17158204317092896,0.16843119263648987,0.05579418245451074,True
cluster_tissue__C3__spleen,Jun,12,2061,0.5233010053634644,0.49780797958374023,0.05579418245451074,True
cluster_tissue__C3__spleen,Junb,12,2061,0.3827873468399048,0.39144933223724365,0.05579418245451074,True
cluster_tissue__C3__spleen,Jund,12,2061,0.2253251075744629,0.18599236011505127,0.05579418245451074,True
cluster_tissue__C3__spleen,Fosb,12,2061,0.2168550342321396,0.2023933082818985,0.05579418245451074,True
cluster_tissue__C3__spleen,Fosl2,12,2061,0.017628055065870285,0.015238597989082336,0.05579418245451074,True
cluster_tissue__C3__spleen,Dusp1,12,2061,0.11734668910503387,0.11168128252029419,0.05579418245451074,True
cluster_tissue__C3__spleen,Nr4a1,12,2061,-0.008970673196017742,-0.0063019078224897385,0.05579418245451074,True
cluster_tissue__C3__spleen,Rorc,12,2061,0.0023744888603687286,0.0036285226233303547,0.05579418245451074,True
cluster_tissue__C3__spleen,Il23r,12,2061,0.0018175218719989061,0.0014649638906121254,0.05579418245451074,True
cluster_tissue__C3__spleen,Fos,13,2061,0.16554082930088043,0.16843119263648987,0.05695409699814824,True
cluster_tissue__C3__spleen,Jun,13,2061,0.5146297216415405,0.49780797958374023,0.05695409699814824,True
cluster_tissue__C3__spleen,Junb,13,2061,0.3692070245742798,0.39144933223724365,0.05695409699814824,True
cluster_tissue__C3__spleen,Jund,13,2061,0.19172906875610352,0.18599236011505127,0.05695409699814824,True
cluster_tissue__C3__spleen,Fosb,13,2061,0.20881947875022888,0.2023933082818985,0.05695409699814824,True
cluster_tissue__C3__spleen,Fosl2,13,2061,0.0179436132311821,0.015238597989082336,0.05695409699814824,True
cluster_tissue__C3__spleen,Dusp1,13,2061,0.11773018538951874,0.11168128252029419,0.05695409699814824,True
cluster_tissue__C3__spleen,Nr4a1,13,2061,-0.010420444421470165,-0.0063019078224897385,0.05695409699814824,True
cluster_tissue__C3__spleen,Rorc,13,2061,0.0035929575096815825,0.0036285226233303547,0.05695409699814824,True
cluster_tissue__C3__spleen,Il23r,13,2061,0.0018175218719989061,0.0014649638906121254,0.05695409699814824,True
cluster_tissue__C3__spleen,Fos,14,2061,0.16913363337516785,0.16843119263648987,0.05359635751051139,True
cluster_tissue__C3__spleen,Jun,14,2061,0.5196405053138733,0.49780797958374023,0.05359635751051139,True
cluster_tissue__C3__spleen,Junb,14,2061,0.37311267852783203,0.39144933223724365,0.05359635751051139,True
cluster_tissue__C3__spleen,Jund,14,2061,0.22022390365600586,0.18599236011505127,0.05359635751051139,True
cluster_tissue__C3__spleen,Fosb,14,2061,0.20521676540374756,0.2023933082818985,0.05359635751051139,True
cluster_tissue__C3__spleen,Fosl2,14,2061,0.02151108905673027,0.015238597989082336,0.05359635751051139,True
cluster_tissue__C3__spleen,Dusp1,14,2061,0.125386580824852,0.11168128252029419,0.05359635751051139,True
cluster_tissue__C3__spleen,Nr4a1,14,2061,-0.012158535420894623,-0.0063019078224897385,0.05359635751051139,True
cluster_tissue__C3__spleen,Rorc,14,2061,0.004751767031848431,0.0036285226233303547,0.05359635751051139,True
cluster_tissue__C3__spleen,Il23r,14,2061,0.0018175218719989061,0.0014649638906121254,0.05359635751051139,True
cluster_tissue__C3__spleen,Fos,15,2061,0.1681685745716095,0.16843119263648987,0.0597651333091552,True
cluster_tissue__C3__spleen,Jun,15,2061,0.5113712549209595,0.49780797958374023,0.0597651333091552,True
cluster_tissue__C3__spleen,Junb,15,2061,0.3913462162017822,0.39144933223724365,0.0597651333091552,True
cluster_tissue__C3__spleen,Jund,15,2061,0.20827138423919678,0.18599236011505127,0.0597651333091552,True
cluster_tissue__C3__spleen,Fosb,15,2061,0.2067069709300995,0.2023933082818985,0.0597651333091552,True
cluster_tissue__C3__spleen,Fosl2,15,2061,0.018471166491508484,0.015238597989082336,0.0597651333091552,True
cluster_tissue__C3__spleen,Dusp1,15,2061,0.11409133672714233,0.11168128252029419,0.0597651333091552,True
cluster_tissue__C3__spleen,Nr4a1,15,2061,-0.008817458525300026,-0.0063019078224897385,0.0597651333091552,True
cluster_tissue__C3__spleen,Rorc,15,2061,0.004648203495889902,0.0036285226233303547,0.0597651333091552,True
cluster_tissue__C3__spleen,Il23r,15,2061,0.0018175218719989061,0.0014649638906121254,0.0597651333091552,True
cluster_tissue__C3__spleen,Fos,16,2061,0.17316612601280212,0.16843119263648987,0.05851023282396417,True
cluster_tissue__C3__spleen,Jun,16,2061,0.528560221195221,0.49780797958374023,0.05851023282396417,True
cluster_tissue__C3__spleen,Junb,16,2061,0.38835930824279785,0.39144933223724365,0.05851023282396417,True
cluster_tissue__C3__spleen,Jund,16,2061,0.21757793426513672,0.18599236011505127,0.05851023282396417,True
cluster_tissue__C3__spleen,Fosb,16,2061,0.20648616552352905,0.2023933082818985,0.05851023282396417,True
cluster_tissue__C3__spleen,Fosl2,16,2061,0.02318834513425827,0.015238597989082336,0.05851023282396417,True
cluster_tissue__C3__spleen,Dusp1,16,2061,0.12356872856616974,0.11168128252029419,0.05851023282396417,True
cluster_tissue__C3__spleen,Nr4a1,16,2061,-0.009102380834519863,-0.0063019078224897385,0.05851023282396417,True
cluster_tissue__C3__spleen,Rorc,16,2061,0.0040341028943657875,0.0036285226233303547,0.05851023282396417,True
cluster_tissue__C3__spleen,Il23r,16,2061,0.0018175218719989061,0.0014649638906121254,0.05851023282396417,True
cluster_tissue__C3__spleen,Fos,17,2061,0.17381054162979126,0.16843119263648987,0.0582000846552755,True
cluster_tissue__C3__spleen,Jun,17,2061,0.5199120044708252,0.49780797958374023,0.0582000846552755,True
cluster_tissue__C3__spleen,Junb,17,2061,0.3969099521636963,0.39144933223724365,0.0582000846552755,True
cluster_tissue__C3__spleen,Jund,17,2061,0.22091972827911377,0.18599236011505127,0.0582000846552755,True
cluster_tissue__C3__spleen,Fosb,17,2061,0.20875492691993713,0.2023933082818985,0.0582000846552755,True
cluster_tissue__C3__spleen,Fosl2,17,2061,0.01179228350520134,0.015238597989082336,0.0582000846552755,True
cluster_tissue__C3__spleen,Dusp1,17,2061,0.0994420200586319,0.11168128252029419,0.0582000846552755,True
cluster_tissue__C3__spleen,Nr4a1,17,2061,-0.005414963699877262,-0.0063019078224897385,0.0582000846552755,True
cluster_tissue__C3__spleen,Rorc,17,2061,0.0020175317768007517,0.0036285226233303547,0.0582000846552755,True
cluster_tissue__C3__spleen,Il23r,17,2061,0.0018175218719989061,0.0014649638906121254,0.0582000846552755,True
cluster_tissue__C3__spleen,Fos,18,2061,0.17195594310760498,0.16843119263648987,0.061157590970805704,True
cluster_tissue__C3__spleen,Jun,18,2061,0.5168139338493347,0.49780797958374023,0.061157590970805704,True
cluster_tissue__C3__spleen,Junb,18,2061,0.38785314559936523,0.39144933223724365,0.061157590970805704,True
cluster_tissue__C3__spleen,Jund,18,2061,0.22053229808807373,0.18599236011505127,0.061157590970805704,True
cluster_tissue__C3__spleen,Fosb,18,2061,0.20930714905261993,0.2023933082818985,0.061157590970805704,True
cluster_tissue__C3__spleen,Fosl2,18,2061,0.018113989382982254,0.015238597989082336,0.061157590970805704,True
cluster_tissue__C3__spleen,Dusp1,18,2061,0.11254777014255524,0.11168128252029419,0.061157590970805704,True
cluster_tissue__C3__spleen,Nr4a1,18,2061,-0.007626524195075035,-0.0063019078224897385,0.061157590970805704,True
cluster_tissue__C3__spleen,Rorc,18,2061,0.0041041988879442215,0.0036285226233303547,0.061157590970805704,True
cluster_tissue__C3__spleen,Il23r,18,2061,0.0018175218719989061,0.0014649638906121254,0.061157590970805704,True
cluster_tissue__C3__spleen,Fos,19,2061,0.16626065969467163,0.16843119263648987,0.05853791902217249,True
cluster_tissue__C3__spleen,Jun,19,2061,0.5392705798149109,0.49780797958374023,0.05853791902217249,True
cluster_tissue__C3__spleen,Junb,19,2061,0.3854275941848755,0.39144933223724365,0.05853791902217249,True
cluster_tissue__C3__spleen,Jund,19,2061,0.22452843189239502,0.18599236011505127,0.05853791902217249,True
cluster_tissue__C3__spleen,Fosb,19,2061,0.2090548276901245,0.2023933082818985,0.05853791902217249,True
cluster_tissue__C3__spleen,Fosl2,19,2061,0.02459925040602684,0.015238597989082336,0.05853791902217249,True
cluster_tissue__C3__spleen,Dusp1,19,2061,0.11046537756919861,0.11168128252029419,0.05853791902217249,True
cluster_tissue__C3__spleen,Nr4a1,19,2061,-0.004784328863024712,-0.0063019078224897385,0.05853791902217249,True
cluster_tissue__C3__spleen,Rorc,19,2061,0.0034128669649362564,0.0036285226233303547,0.05853791902217249,True
cluster_tissue__C3__spleen,Il23r,19,2061,0.0018175218719989061,0.0014649638906121254,0.05853791902217249,True
cluster_tissue__C4__bone_marrow,Fos,0,164,0.30748021602630615,0.3106580972671509,0.0630910329669539,True
cluster_tissue__C4__bone_marrow,Jun,0,164,0.32781314849853516,0.2767487168312073,0.0630910329669539,True
cluster_tissue__C4__bone_marrow,Junb,0,164,0.3375568389892578,0.4106234312057495,0.0630910329669539,True
cluster_tissue__C4__bone_marrow,Jund,0,164,0.2056751251220703,0.2103099822998047,0.0630910329669539,True
cluster_tissue__C4__bone_marrow,Fosb,0,164,0.32266107201576233,0.2836085259914398,0.0630910329669539,True
cluster_tissue__C4__bone_marrow,Fosl2,0,164,0.015259966254234314,0.010068491101264954,0.0630910329669539,True
cluster_tissue__C4__bone_marrow,Dusp1,0,164,0.3399091362953186,0.3621324300765991,0.0630910329669539,True
cluster_tissue__C4__bone_marrow,Nr4a1,0,164,0.033191099762916565,0.013585463166236877,0.0630910329669539,True
cluster_tissue__C4__bone_marrow,Rorc,0,164,-0.007078996393829584,-0.004758013878017664,0.0630910329669539,True
cluster_tissue__C4__bone_marrow,Il23r,0,164,0.0,0.0,0.0630910329669539,True
cluster_tissue__C4__bone_marrow,Fos,1,164,0.28504329919815063,0.3106580972671509,0.07854478613477711,True
cluster_tissue__C4__bone_marrow,Jun,1,164,0.22553151845932007,0.2767487168312073,0.07854478613477711,True
cluster_tissue__C4__bone_marrow,Junb,1,164,0.3888298273086548,0.4106234312057495,0.07854478613477711,True
cluster_tissue__C4__bone_marrow,Jund,1,164,0.19041800498962402,0.2103099822998047,0.07854478613477711,True
cluster_tissue__C4__bone_marrow,Fosb,1,164,0.2909620404243469,0.2836085259914398,0.07854478613477711,True
cluster_tissue__C4__bone_marrow,Fosl2,1,164,0.00490783154964447,0.010068491101264954,0.07854478613477711,True
cluster_tissue__C4__bone_marrow,Dusp1,1,164,0.3296564221382141,0.3621324300765991,0.07854478613477711,True
cluster_tissue__C4__bone_marrow,Nr4a1,1,164,0.03637683391571045,0.013585463166236877,0.07854478613477711,True
cluster_tissue__C4__bone_marrow,Rorc,1,164,-0.007078996393829584,-0.004758013878017664,0.07854478613477711,True
cluster_tissue__C4__bone_marrow,Il23r,1,164,0.0,0.0,0.07854478613477711,True
cluster_tissue__C4__bone_marrow,Fos,2,164,0.31426408886909485,0.3106580972671509,0.0460048832867545,True
cluster_tissue__C4__bone_marrow,Jun,2,164,0.3072347044944763,0.2767487168312073,0.0460048832867545,True
cluster_tissue__C4__bone_marrow,Junb,2,164,0.3582191467285156,0.4106234312057495,0.0460048832867545,True
cluster_tissue__C4__bone_marrow,Jund,2,164,0.20649027824401855,0.2103099822998047,0.0460048832867545,True
cluster_tissue__C4__bone_marrow,Fosb,2,164,0.30105167627334595,0.2836085259914398,0.0460048832867545,True
cluster_tissue__C4__bone_marrow,Fosl2,2,164,0.01070459932088852,0.010068491101264954,0.0460048832867545,True
cluster_tissue__C4__bone_marrow,Dusp1,2,164,0.33388185501098633,0.3621324300765991,0.0460048832867545,True
cluster_tissue__C4__bone_marrow,Nr4a1,2,164,0.036983415484428406,0.013585463166236877,0.0460048832867545,True
cluster_tissue__C4__bone_marrow,Rorc,2,164,-0.007078996393829584,-0.004758013878017664,0.0460048832867545,True
cluster_tissue__C4__bone_marrow,Il23r,2,164,0.0,0.0,0.0460048832867545,True
cluster_tissue__C4__bone_marrow,Fos,3,164,0.26960989832878113,0.3106580972671509,0.04184013598933832,True
cluster_tissue__C4__bone_marrow,Jun,3,164,0.24959063529968262,0.2767487168312073,0.04184013598933832,True
cluster_tissue__C4__bone_marrow,Junb,3,164,0.41048240661621094,0.4106234312057495,0.04184013598933832,True
cluster_tissue__C4__bone_marrow,Jund,3,164,0.24899625778198242,0.2103099822998047,0.04184013598933832,True
cluster_tissue__C4__bone_marrow,Fosb,3,164,0.2709503471851349,0.2836085259914398,0.04184013598933832,True
cluster_tissue__C4__bone_marrow,Fosl2,3,164,0.004024170339107513,0.010068491101264954,0.04184013598933832,True
cluster_tissue__C4__bone_marrow,Dusp1,3,164,0.3650374412536621,0.3621324300765991,0.04184013598933832,True
cluster_tissue__C4__bone_marrow,Nr4a1,3,164,-0.005510937422513962,0.013585463166236877,0.04184013598933832,False
cluster_tissue__C4__bone_marrow,Rorc,3,164,-0.007078996393829584,-0.004758013878017664,0.04184013598933832,True
cluster_tissue__C4__bone_marrow,Il23r,3,164,0.0,0.0,0.04184013598933832,True
cluster_tissue__C4__bone_marrow,Fos,4,164,0.29101961851119995,0.3106580972671509,0.03817527630038152,True
cluster_tissue__C4__bone_marrow,Jun,4,164,0.332211434841156,0.2767487168312073,0.03817527630038152,True
cluster_tissue__C4__bone_marrow,Junb,4,164,0.3965684175491333,0.4106234312057495,0.03817527630038152,True
cluster_tissue__C4__bone_marrow,Jund,4,164,0.2460613250732422,0.2103099822998047,0.03817527630038152,True
cluster_tissue__C4__bone_marrow,Fosb,4,164,0.30502477288246155,0.2836085259914398,0.03817527630038152,True
cluster_tissue__C4__bone_marrow,Fosl2,4,164,0.015108205378055573,0.010068491101264954,0.03817527630038152,True
cluster_tissue__C4__bone_marrow,Dusp1,4,164,0.37448206543922424,0.3621324300765991,0.03817527630038152,True
cluster_tissue__C4__bone_marrow,Nr4a1,4,164,0.023368950933218002,0.013585463166236877,0.03817527630038152,True
cluster_tissue__C4__bone_marrow,Rorc,4,164,-0.007078996393829584,-0.004758013878017664,0.03817527630038152,True
cluster_tissue__C4__bone_marrow,Il23r,4,164,0.0,0.0,0.03817527630038152,True
cluster_tissue__C4__bone_marrow,Fos,5,164,0.3096984028816223,0.3106580972671509,0.031732757365776056,True
cluster_tissue__C4__bone_marrow,Jun,5,164,0.2781262993812561,0.2767487168312073,0.031732757365776056,True
cluster_tissue__C4__bone_marrow,Junb,5,164,0.3682187795639038,0.4106234312057495,0.031732757365776056,True
cluster_tissue__C4__bone_marrow,Jund,5,164,0.2636404037475586,0.2103099822998047,0.031732757365776056,True
cluster_tissue__C4__bone_marrow,Fosb,5,164,0.26541000604629517,0.2836085259914398,0.031732757365776056,True
cluster_tissue__C4__bone_marrow,Fosl2,5,164,-0.0023784339427948,0.010068491101264954,0.031732757365776056,False
cluster_tissue__C4__bone_marrow,Dusp1,5,164,0.3381589949131012,0.3621324300765991,0.031732757365776056,True
cluster_tissue__C4__bone_marrow,Nr4a1,5,164,0.03992157801985741,0.013585463166236877,0.031732757365776056,True
cluster_tissue__C4__bone_marrow,Rorc,5,164,-0.007078996393829584,-0.004758013878017664,0.031732757365776056,True
cluster_tissue__C4__bone_marrow,Il23r,5,164,0.0,0.0,0.031732757365776056,True
cluster_tissue__C4__bone_marrow,Fos,6,164,0.2914803624153137,0.3106580972671509,0.03368340861979946,True
cluster_tissue__C4__bone_marrow,Jun,6,164,0.3314875364303589,0.2767487168312073,0.03368340861979946,True
cluster_tissue__C4__bone_marrow,Junb,6,164,0.4525108337402344,0.4106234312057495,0.03368340861979946,True
cluster_tissue__C4__bone_marrow,Jund,6,164,0.2854139804840088,0.2103099822998047,0.03368340861979946,True
cluster_tissue__C4__bone_marrow,Fosb,6,164,0.27694815397262573,0.2836085259914398,0.03368340861979946,True
cluster_tissue__C4__bone_marrow,Fosl2,6,164,0.021249398589134216,0.010068491101264954,0.03368340861979946,True
cluster_tissue__C4__bone_marrow,Dusp1,6,164,0.3796767592430115,0.3621324300765991,0.03368340861979946,True
cluster_tissue__C4__bone_marrow,Nr4a1,6,164,0.023021850734949112,0.013585463166236877,0.03368340861979946,True
cluster_tissue__C4__bone_marrow,Rorc,6,164,-0.007078996393829584,-0.004758013878017664,0.03368340861979946,True
cluster_tissue__C4__bone_marrow,Il23r,6,164,0.0,0.0,0.03368340861979946,True
cluster_tissue__C4__bone_marrow,Fos,7,164,0.29947158694267273,0.3106580972671509,0.034266769961251525,True
cluster_tissue__C4__bone_marrow,Jun,7,164,0.23282712697982788,0.2767487168312073,0.034266769961251525,True
cluster_tissue__C4__bone_marrow,Junb,7,164,0.3720235824584961,0.4106234312057495,0.034266769961251525,True
cluster_tissue__C4__bone_marrow,Jund,7,164,0.2628610134124756,0.2103099822998047,0.034266769961251525,True
cluster_tissue__C4__bone_marrow,Fosb,7,164,0.2722930312156677,0.2836085259914398,0.034266769961251525,True
cluster_tissue__C4__bone_marrow,Fosl2,7,164,0.01860247552394867,0.010068491101264954,0.034266769961251525,True
cluster_tissue__C4__bone_marrow,Dusp1,7,164,0.38163504004478455,0.3621324300765991,0.034266769961251525,True
cluster_tissue__C4__bone_marrow,Nr4a1,7,164,0.024148080497980118,0.013585463166236877,0.034266769961251525,True
cluster_tissue__C4__bone_marrow,Rorc,7,164,-0.007078996393829584,-0.004758013878017664,0.034266769961251525,True
cluster_tissue__C4__bone_marrow,Il23r,7,164,0.0,0.0,0.034266769961251525,True
cluster_tissue__C4__bone_marrow,Fos,8,164,0.3159024715423584,0.3106580972671509,0.050324920585401445,True
cluster_tissue__C4__bone_marrow,Jun,8,164,0.2714739441871643,0.2767487168312073,0.050324920585401445,True
cluster_tissue__C4__bone_marrow,Junb,8,164,0.41197705268859863,0.4106234312057495,0.050324920585401445,True
cluster_tissue__C4__bone_marrow,Jund,8,164,0.21915197372436523,0.2103099822998047,0.050324920585401445,True
cluster_tissue__C4__bone_marrow,Fosb,8,164,0.3215409815311432,0.2836085259914398,0.050324920585401445,True
cluster_tissue__C4__bone_marrow,Fosl2,8,164,0.015990428626537323,0.010068491101264954,0.050324920585401445,True
cluster_tissue__C4__bone_marrow,Dusp1,8,164,0.4014604091644287,0.3621324300765991,0.050324920585401445,True
cluster_tissue__C4__bone_marrow,Nr4a1,8,164,0.021754246205091476,0.013585463166236877,0.050324920585401445,True
cluster_tissue__C4__bone_marrow,Rorc,8,164,-0.007078996393829584,-0.004758013878017664,0.050324920585401445,True
cluster_tissue__C4__bone_marrow,Il23r,8,164,0.0,0.0,0.050324920585401445,True
cluster_tissue__C4__bone_marrow,Fos,9,164,0.3554854989051819,0.3106580972671509,0.036061187714316725,True
cluster_tissue__C4__bone_marrow,Jun,9,164,0.24106740951538086,0.2767487168312073,0.036061187714316725,True
cluster_tissue__C4__bone_marrow,Junb,9,164,0.3330730199813843,0.4106234312057495,0.036061187714316725,True
cluster_tissue__C4__bone_marrow,Jund,9,164,0.2449195384979248,0.2103099822998047,0.036061187714316725,True
cluster_tissue__C4__bone_marrow,Fosb,9,164,0.340372771024704,0.2836085259914398,0.036061187714316725,True
cluster_tissue__C4__bone_marrow,Fosl2,9,164,0.009299926459789276,0.010068491101264954,0.036061187714316725,True
cluster_tissue__C4__bone_marrow,Dusp1,9,164,0.42098909616470337,0.3621324300765991,0.036061187714316725,True
cluster_tissue__C4__bone_marrow,Nr4a1,9,164,0.01654331013560295,0.013585463166236877,0.036061187714316725,True
cluster_tissue__C4__bone_marrow,Rorc,9,164,-0.007078996393829584,-0.004758013878017664,0.036061187714316725,True
cluster_tissue__C4__bone_marrow,Il23r,9,164,0.0,0.0,0.036061187714316725,True
cluster_tissue__C4__bone_marrow,Fos,10,164,0.28771018981933594,0.3106580972671509,0.060813554163882545,True
cluster_tissue__C4__bone_marrow,Jun,10,164,0.2358388900756836,0.2767487168312073,0.060813554163882545,True
cluster_tissue__C4__bone_marrow,Junb,10,164,0.3931957483291626,0.4106234312057495,0.060813554163882545,True
cluster_tissue__C4__bone_marrow,Jund,10,164,0.2173619270324707,0.2103099822998047,0.060813554163882545,True
cluster_tissue__C4__bone_marrow,Fosb,10,164,0.2648451626300812,0.2836085259914398,0.060813554163882545,True
cluster_tissue__C4__bone_marrow,Fosl2,10,164,0.021056443452835083,0.010068491101264954,0.060813554163882545,True
cluster_tissue__C4__bone_marrow,Dusp1,10,164,0.3838452696800232,0.3621324300765991,0.060813554163882545,True
cluster_tissue__C4__bone_marrow,Nr4a1,10,164,0.03137996047735214,0.013585463166236877,0.060813554163882545,True
cluster_tissue__C4__bone_marrow,Rorc,10,164,-0.007078996393829584,-0.004758013878017664,0.060813554163882545,True
cluster_tissue__C4__bone_marrow,Il23r,10,164,0.0,0.0,0.060813554163882545,True
cluster_tissue__C4__bone_marrow,Fos,11,164,0.2793482542037964,0.3106580972671509,0.03002048362845479,True
cluster_tissue__C4__bone_marrow,Jun,11,164,0.23109513521194458,0.2767487168312073,0.03002048362845479,True
cluster_tissue__C4__bone_marrow,Junb,11,164,0.3399463891983032,0.4106234312057495,0.03002048362845479,True
cluster_tissue__C4__bone_marrow,Jund,11,164,0.23152518272399902,0.2103099822998047,0.03002048362845479,True
cluster_tissue__C4__bone_marrow,Fosb,11,164,0.2876394987106323,0.2836085259914398,0.03002048362845479,True
cluster_tissue__C4__bone_marrow,Fosl2,11,164,0.05707753449678421,0.010068491101264954,0.03002048362845479,True
cluster_tissue__C4__bone_marrow,Dusp1,11,164,0.37835606932640076,0.3621324300765991,0.03002048362845479,True
cluster_tissue__C4__bone_marrow,Nr4a1,11,164,0.036636315286159515,0.013585463166236877,0.03002048362845479,True
cluster_tissue__C4__bone_marrow,Rorc,11,164,-0.007078996393829584,-0.004758013878017664,0.03002048362845479,True
cluster_tissue__C4__bone_marrow,Il23r,11,164,0.0,0.0,0.03002048362845479,True
cluster_tissue__C4__bone_marrow,Fos,12,164,0.30501845479011536,0.3106580972671509,0.036104524994307705,True
cluster_tissue__C4__bone_marrow,Jun,12,164,0.3142812252044678,0.2767487168312073,0.036104524994307705,True
cluster_tissue__C4__bone_marrow,Junb,12,164,0.3911706209182739,0.4106234312057495,0.036104524994307705,True
cluster_tissue__C4__bone_marrow,Jund,12,164,0.244002103805542,0.2103099822998047,0.036104524994307705,True
cluster_tissue__C4__bone_marrow,Fosb,12,164,0.2628127336502075,0.2836085259914398,0.036104524994307705,True
cluster_tissue__C4__bone_marrow,Fosl2,12,164,0.010856524109840393,0.010068491101264954,0.036104524994307705,True
cluster_tissue__C4__bone_marrow,Dusp1,12,164,0.36986175179481506,0.3621324300765991,0.036104524994307705,True
cluster_tissue__C4__bone_marrow,Nr4a1,12,164,0.040741994976997375,0.013585463166236877,0.036104524994307705,True
cluster_tissue__C4__bone_marrow,Rorc,12,164,-0.007078996393829584,-0.004758013878017664,0.036104524994307705,True
cluster_tissue__C4__bone_marrow,Il23r,12,164,0.0,0.0,0.036104524994307705,True
cluster_tissue__C4__bone_marrow,Fos,13,164,0.25622907280921936,0.3106580972671509,0.07866214767912852,True
cluster_tissue__C4__bone_marrow,Jun,13,164,0.3065681457519531,0.2767487168312073,0.07866214767912852,True
cluster_tissue__C4__bone_marrow,Junb,13,164,0.348943829536438,0.4106234312057495,0.07866214767912852,True
cluster_tissue__C4__bone_marrow,Jund,13,164,0.18361592292785645,0.2103099822998047,0.07866214767912852,True
cluster_tissue__C4__bone_marrow,Fosb,13,164,0.28718313574790955,0.2836085259914398,0.07866214767912852,True
cluster_tissue__C4__bone_marrow,Fosl2,13,164,0.016485363245010376,0.010068491101264954,0.07866214767912852,True
cluster_tissue__C4__bone_marrow,Dusp1,13,164,0.3490748703479767,0.3621324300765991,0.07866214767912852,True
cluster_tissue__C4__bone_marrow,Nr4a1,13,164,0.029986783862113953,0.013585463166236877,0.07866214767912852,True
cluster_tissue__C4__bone_marrow,Rorc,13,164,-0.007078996393829584,-0.004758013878017664,0.07866214767912852,True
cluster_tissue__C4__bone_marrow,Il23r,13,164,0.0,0.0,0.07866214767912852,True
cluster_tissue__C4__bone_marrow,Fos,14,164,0.2609701454639435,0.3106580972671509,0.039043273885840474,True
cluster_tissue__C4__bone_marrow,Jun,14,164,0.26297837495803833,0.2767487168312073,0.039043273885840474,True
cluster_tissue__C4__bone_marrow,Junb,14,164,0.3911781311035156,0.4106234312057495,0.039043273885840474,True
cluster_tissue__C4__bone_marrow,Jund,14,164,0.2504558563232422,0.2103099822998047,0.039043273885840474,True
cluster_tissue__C4__bone_marrow,Fosb,14,164,0.2693711519241333,0.2836085259914398,0.039043273885840474,True
cluster_tissue__C4__bone_marrow,Fosl2,14,164,0.016804397106170654,0.010068491101264954,0.039043273885840474,True
cluster_tissue__C4__bone_marrow,Dusp1,14,164,0.3722051978111267,0.3621324300765991,0.039043273885840474,True
cluster_tissue__C4__bone_marrow,Nr4a1,14,164,0.029352135956287384,0.013585463166236877,0.039043273885840474,True
cluster_tissue__C4__bone_marrow,Rorc,14,164,-0.007078996393829584,-0.004758013878017664,0.039043273885840474,True
cluster_tissue__C4__bone_marrow,Il23r,14,164,0.0,0.0,0.039043273885840474,True
cluster_tissue__C4__bone_marrow,Fos,15,164,0.2823774516582489,0.3106580972671509,0.042116399108531,True
cluster_tissue__C4__bone_marrow,Jun,15,164,0.27732980251312256,0.2767487168312073,0.042116399108531,True
cluster_tissue__C4__bone_marrow,Junb,15,164,0.3380916118621826,0.4106234312057495,0.042116399108531,True
cluster_tissue__C4__bone_marrow,Jund,15,164,0.274768590927124,0.2103099822998047,0.042116399108531,True
cluster_tissue__C4__bone_marrow,Fosb,15,164,0.2887784540653229,0.2836085259914398,0.042116399108531,True
cluster_tissue__C4__bone_marrow,Fosl2,15,164,0.016995437443256378,0.010068491101264954,0.042116399108531,True
cluster_tissue__C4__bone_marrow,Dusp1,15,164,0.41544273495674133,0.3621324300765991,0.042116399108531,True
cluster_tissue__C4__bone_marrow,Nr4a1,15,164,0.019267912954092026,0.013585463166236877,0.042116399108531,True
cluster_tissue__C4__bone_marrow,Rorc,15,164,-0.007078996393829584,-0.004758013878017664,0.042116399108531,True
cluster_tissue__C4__bone_marrow,Il23r,15,164,0.0,0.0,0.042116399108531,True
cluster_tissue__C4__bone_marrow,Fos,16,164,0.33947086334228516,0.3106580972671509,0.038944738265946605,True
cluster_tissue__C4__bone_marrow,Jun,16,164,0.2890041470527649,0.2767487168312073,0.038944738265946605,True
cluster_tissue__C4__bone_marrow,Junb,16,164,0.4148608446121216,0.4106234312057495,0.038944738265946605,True
cluster_tissue__C4__bone_marrow,Jund,16,164,0.29549527168273926,0.2103099822998047,0.038944738265946605,True
cluster_tissue__C4__bone_marrow,Fosb,16,164,0.3265513777732849,0.2836085259914398,0.038944738265946605,True
cluster_tissue__C4__bone_marrow,Fosl2,16,164,0.03093533217906952,0.010068491101264954,0.038944738265946605,True
cluster_tissue__C4__bone_marrow,Dusp1,16,164,0.46532610058784485,0.3621324300765991,0.038944738265946605,True
cluster_tissue__C4__bone_marrow,Nr4a1,16,164,0.030001727864146233,0.013585463166236877,0.038944738265946605,True
cluster_tissue__C4__bone_marrow,Rorc,16,164,-0.007078996393829584,-0.004758013878017664,0.038944738265946605,True
cluster_tissue__C4__bone_marrow,Il23r,16,164,0.0,0.0,0.038944738265946605,True
cluster_tissue__C4__bone_marrow,Fos,17,164,0.24634385108947754,0.3106580972671509,0.018276099592551803,True
cluster_tissue__C4__bone_marrow,Jun,17,164,0.26578646898269653,0.2767487168312073,0.018276099592551803,True
cluster_tissue__C4__bone_marrow,Junb,17,164,0.38276851177215576,0.4106234312057495,0.018276099592551803,True
cluster_tissue__C4__bone_marrow,Jund,17,164,0.21582984924316406,0.2103099822998047,0.018276099592551803,True
cluster_tissue__C4__bone_marrow,Fosb,17,164,0.2620280385017395,0.2836085259914398,0.018276099592551803,True
cluster_tissue__C4__bone_marrow,Fosl2,17,164,0.020635046064853668,0.010068491101264954,0.018276099592551803,True
cluster_tissue__C4__bone_marrow,Dusp1,17,164,0.33571362495422363,0.3621324300765991,0.018276099592551803,True
cluster_tissue__C4__bone_marrow,Nr4a1,17,164,0.029603011906147003,0.013585463166236877,0.018276099592551803,True
cluster_tissue__C4__bone_marrow,Rorc,17,164,-0.007078996393829584,-0.004758013878017664,0.018276099592551803,True
cluster_tissue__C4__bone_marrow,Il23r,17,164,0.0,0.0,0.018276099592551803,True
cluster_tissue__C4__bone_marrow,Fos,18,164,0.3288019299507141,0.3106580972671509,0.06662006391021132,True
cluster_tissue__C4__bone_marrow,Jun,18,164,0.2920859456062317,0.2767487168312073,0.06662006391021132,True
cluster_tissue__C4__bone_marrow,Junb,18,164,0.34146296977996826,0.4106234312057495,0.06662006391021132,True
cluster_tissue__C4__bone_marrow,Jund,18,164,0.24135708808898926,0.2103099822998047,0.06662006391021132,True
cluster_tissue__C4__bone_marrow,Fosb,18,164,0.29856419563293457,0.2836085259914398,0.06662006391021132,True
cluster_tissue__C4__bone_marrow,Fosl2,18,164,0.03145087510347366,0.010068491101264954,0.06662006391021132,True
cluster_tissue__C4__bone_marrow,Dusp1,18,164,0.4312557578086853,0.3621324300765991,0.06662006391021132,True
cluster_tissue__C4__bone_marrow,Nr4a1,18,164,0.030692435801029205,0.013585463166236877,0.06662006391021132,True
cluster_tissue__C4__bone_marrow,Rorc,18,164,-0.007078996393829584,-0.004758013878017664,0.06662006391021132,True
cluster_tissue__C4__bone_marrow,Il23r,18,164,0.0,0.0,0.06662006391021132,True
cluster_tissue__C4__bone_marrow,Fos,19,164,0.24375230073928833,0.3106580972671509,0.060487484046584786,True
cluster_tissue__C4__bone_marrow,Jun,19,164,0.2129901647567749,0.2767487168312073,0.060487484046584786,True
cluster_tissue__C4__bone_marrow,Junb,19,164,0.30560386180877686,0.4106234312057495,0.060487484046584786,True
cluster_tissue__C4__bone_marrow,Jund,19,164,0.25058841705322266,0.2103099822998047,0.060487484046584786,True
cluster_tissue__C4__bone_marrow,Fosb,19,164,0.25642308592796326,0.2836085259914398,0.060487484046584786,True
cluster_tissue__C4__bone_marrow,Fosl2,19,164,0.021132491528987885,0.010068491101264954,0.060487484046584786,True
cluster_tissue__C4__bone_marrow,Dusp1,19,164,0.3130623698234558,0.3621324300765991,0.060487484046584786,True
cluster_tissue__C4__bone_marrow,Nr4a1,19,164,0.024404220283031464,0.013585463166236877,0.060487484046584786,True
cluster_tissue__C4__bone_marrow,Rorc,19,164,-0.007078996393829584,-0.004758013878017664,0.060487484046584786,True
cluster_tissue__C4__bone_marrow,Il23r,19,164,0.0,0.0,0.060487484046584786,True
cluster_tissue__C4__spleen,Fos,0,143,0.13796265423297882,0.13063949346542358,0.1936063504537669,True
cluster_tissue__C4__spleen,Jun,0,143,0.4808790683746338,0.4088437855243683,0.1936063504537669,True
cluster_tissue__C4__spleen,Junb,0,143,0.20150679349899292,0.2227647304534912,0.1936063504537669,True
cluster_tissue__C4__spleen,Jund,0,143,0.1411135196685791,0.03533661365509033,0.1936063504537669,True
cluster_tissue__C4__spleen,Fosb,0,143,0.17054076492786407,0.1766093671321869,0.1936063504537669,True
cluster_tissue__C4__spleen,Fosl2,0,143,0.015198878943920135,2.2009015083312988e-05,0.1936063504537669,True
cluster_tissue__C4__spleen,Dusp1,0,143,0.20658154785633087,0.15711939334869385,0.1936063504537669,True
cluster_tissue__C4__spleen,Nr4a1,0,143,1.282617449760437e-05,0.007473472505807877,0.1936063504537669,True
cluster_tissue__C4__spleen,Rorc,0,143,-0.008146057836711407,-0.005943296942859888,0.1936063504537669,True
cluster_tissue__C4__spleen,Il23r,0,143,0.0,0.0,0.1936063504537669,True
cluster_tissue__C4__spleen,Fos,1,143,0.14303644001483917,0.13063949346542358,0.1655950302262589,True
cluster_tissue__C4__spleen,Jun,1,143,0.4394262433052063,0.4088437855243683,0.1655950302262589,True
cluster_tissue__C4__spleen,Junb,1,143,0.2345389723777771,0.2227647304534912,0.1655950302262589,True
cluster_tissue__C4__spleen,Jund,1,143,0.0776594877243042,0.03533661365509033,0.1655950302262589,True
cluster_tissue__C4__spleen,Fosb,1,143,0.19466960430145264,0.1766093671321869,0.1655950302262589,True
cluster_tissue__C4__spleen,Fosl2,1,143,0.005676478147506714,2.2009015083312988e-05,0.1655950302262589,True
cluster_tissue__C4__spleen,Dusp1,1,143,0.18130677938461304,0.15711939334869385,0.1655950302262589,True
cluster_tissue__C4__spleen,Nr4a1,1,143,-0.0009294059127569199,0.007473472505807877,0.1655950302262589,False
cluster_tissue__C4__spleen,Rorc,1,143,-0.008146057836711407,-0.005943296942859888,0.1655950302262589,True
cluster_tissue__C4__spleen,Il23r,1,143,0.0,0.0,0.1655950302262589,True
cluster_tissue__C4__spleen,Fos,2,143,0.11306784301996231,0.13063949346542358,0.1423237771147652,True
cluster_tissue__C4__spleen,Jun,2,143,0.41957372426986694,0.4088437855243683,0.1423237771147652,True
cluster_tissue__C4__spleen,Junb,2,143,0.249522864818573,0.2227647304534912,0.1423237771147652,True
cluster_tissue__C4__spleen,Jund,2,143,0.13207387924194336,0.03533661365509033,0.1423237771147652,True
cluster_tissue__C4__spleen,Fosb,2,143,0.1624140739440918,0.1766093671321869,0.1423237771147652,True
cluster_tissue__C4__spleen,Fosl2,2,143,-0.001474238932132721,2.2009015083312988e-05,0.1423237771147652,False
cluster_tissue__C4__spleen,Dusp1,2,143,0.20557758212089539,0.15711939334869385,0.1423237771147652,True
cluster_tissue__C4__spleen,Nr4a1,2,143,-0.0016779806464910507,0.007473472505807877,0.1423237771147652,False
cluster_tissue__C4__spleen,Rorc,2,143,-0.008146057836711407,-0.005943296942859888,0.1423237771147652,True
cluster_tissue__C4__spleen,Il23r,2,143,0.0,0.0,0.1423237771147652,True
cluster_tissue__C4__spleen,Fos,3,143,0.15145033597946167,0.13063949346542358,0.18363482595202577,True
cluster_tissue__C4__spleen,Jun,3,143,0.3900222182273865,0.4088437855243683,0.18363482595202577,True
cluster_tissue__C4__spleen,Junb,3,143,0.30056142807006836,0.2227647304534912,0.18363482595202577,True
cluster_tissue__C4__spleen,Jund,3,143,0.12583458423614502,0.03533661365509033,0.18363482595202577,True
cluster_tissue__C4__spleen,Fosb,3,143,0.16486898064613342,0.1766093671321869,0.18363482595202577,True
cluster_tissue__C4__spleen,Fosl2,3,143,-0.008488520979881287,2.2009015083312988e-05,0.18363482595202577,False
cluster_tissue__C4__spleen,Dusp1,3,143,0.16682538390159607,0.15711939334869385,0.18363482595202577,True
cluster_tissue__C4__spleen,Nr4a1,3,143,0.007105143740773201,0.007473472505807877,0.18363482595202577,True
cluster_tissue__C4__spleen,Rorc,3,143,-0.008146057836711407,-0.005943296942859888,0.18363482595202577,True
cluster_tissue__C4__spleen,Il23r,3,143,0.0,0.0,0.18363482595202577,True
cluster_tissue__C4__spleen,Fos,4,143,0.14463961124420166,0.13063949346542358,0.16695150562461936,True
cluster_tissue__C4__spleen,Jun,4,143,0.43071475625038147,0.4088437855243683,0.16695150562461936,True
cluster_tissue__C4__spleen,Junb,4,143,0.2951998710632324,0.2227647304534912,0.16695150562461936,True
cluster_tissue__C4__spleen,Jund,4,143,0.07529747486114502,0.03533661365509033,0.16695150562461936,True
cluster_tissue__C4__spleen,Fosb,4,143,0.19277453422546387,0.1766093671321869,0.16695150562461936,True
cluster_tissue__C4__spleen,Fosl2,4,143,0.024432472884655,2.2009015083312988e-05,0.16695150562461936,True
cluster_tissue__C4__spleen,Dusp1,4,143,0.2077271193265915,0.15711939334869385,0.16695150562461936,True
cluster_tissue__C4__spleen,Nr4a1,4,143,0.021198943257331848,0.007473472505807877,0.16695150562461936,True
cluster_tissue__C4__spleen,Rorc,4,143,-0.008146057836711407,-0.005943296942859888,0.16695150562461936,True
cluster_tissue__C4__spleen,Il23r,4,143,0.0,0.0,0.16695150562461936,True
cluster_tissue__C4__spleen,Fos,5,143,0.1806938797235489,0.13063949346542358,0.14119895911275468,True
cluster_tissue__C4__spleen,Jun,5,143,0.5003551840782166,0.4088437855243683,0.14119895911275468,True
cluster_tissue__C4__spleen,Junb,5,143,0.27315109968185425,0.2227647304534912,0.14119895911275468,True
cluster_tissue__C4__spleen,Jund,5,143,0.2106095552444458,0.03533661365509033,0.14119895911275468,True
cluster_tissue__C4__spleen,Fosb,5,143,0.18993020057678223,0.1766093671321869,0.14119895911275468,True
cluster_tissue__C4__spleen,Fosl2,5,143,0.013975411653518677,2.2009015083312988e-05,0.14119895911275468,True
cluster_tissue__C4__spleen,Dusp1,5,143,0.189290389418602,0.15711939334869385,0.14119895911275468,True
cluster_tissue__C4__spleen,Nr4a1,5,143,-0.002517387270927429,0.007473472505807877,0.14119895911275468,False
cluster_tissue__C4__spleen,Rorc,5,143,-0.008146057836711407,-0.005943296942859888,0.14119895911275468,True
cluster_tissue__C4__spleen,Il23r,5,143,0.0,0.0,0.14119895911275468,True
cluster_tissue__C4__spleen,Fos,6,143,0.16600075364112854,0.13063949346542358,0.1761775122061975,True
cluster_tissue__C4__spleen,Jun,6,143,0.3938160240650177,0.4088437855243683,0.1761775122061975,True
cluster_tissue__C4__spleen,Junb,6,143,0.22415691614151,0.2227647304534912,0.1761775122061975,True
cluster_tissue__C4__spleen,Jund,6,143,0.1087803840637207,0.03533661365509033,0.1761775122061975,True
cluster_tissue__C4__spleen,Fosb,6,143,0.20084504783153534,0.1766093671321869,0.1761775122061975,True
cluster_tissue__C4__spleen,Fosl2,6,143,0.006492391228675842,2.2009015083312988e-05,0.1761775122061975,True
cluster_tissue__C4__spleen,Dusp1,6,143,0.18085893988609314,0.15711939334869385,0.1761775122061975,True
cluster_tissue__C4__spleen,Nr4a1,6,143,0.014946035109460354,0.007473472505807877,0.1761775122061975,True
cluster_tissue__C4__spleen,Rorc,6,143,-0.008146057836711407,-0.005943296942859888,0.1761775122061975,True
cluster_tissue__C4__spleen,Il23r,6,143,0.0,0.0,0.1761775122061975,True
cluster_tissue__C4__spleen,Fos,7,143,0.14542654156684875,0.13063949346542358,0.13698386636884996,True
cluster_tissue__C4__spleen,Jun,7,143,0.4297962784767151,0.4088437855243683,0.13698386636884996,True
cluster_tissue__C4__spleen,Junb,7,143,0.29078948497772217,0.2227647304534912,0.13698386636884996,True
cluster_tissue__C4__spleen,Jund,7,143,0.17158377170562744,0.03533661365509033,0.13698386636884996,True
cluster_tissue__C4__spleen,Fosb,7,143,0.15636980533599854,0.1766093671321869,0.13698386636884996,True
cluster_tissue__C4__spleen,Fosl2,7,143,0.005547583103179932,2.2009015083312988e-05,0.13698386636884996,True
cluster_tissue__C4__spleen,Dusp1,7,143,0.19162261486053467,0.15711939334869385,0.13698386636884996,True
cluster_tissue__C4__spleen,Nr4a1,7,143,-0.002517387270927429,0.007473472505807877,0.13698386636884996,False
cluster_tissue__C4__spleen,Rorc,7,143,-0.008146057836711407,-0.005943296942859888,0.13698386636884996,True
cluster_tissue__C4__spleen,Il23r,7,143,0.0,0.0,0.13698386636884996,True
cluster_tissue__C4__spleen,Fos,8,143,0.12892822921276093,0.13063949346542358,0.16715099199002278,True
cluster_tissue__C4__spleen,Jun,8,143,0.39644989371299744,0.4088437855243683,0.16715099199002278,True
cluster_tissue__C4__spleen,Junb,8,143,0.20958518981933594,0.2227647304534912,0.16715099199002278,True
cluster_tissue__C4__spleen,Jund,8,143,0.1397186517715454,0.03533661365509033,0.16715099199002278,True
cluster_tissue__C4__spleen,Fosb,8,143,0.1480100452899933,0.1766093671321869,0.16715099199002278,True
cluster_tissue__C4__spleen,Fosl2,8,143,-0.006502404808998108,2.2009015083312988e-05,0.16715099199002278,False
cluster_tissue__C4__spleen,Dusp1,8,143,0.1785917729139328,0.15711939334869385,0.16715099199002278,True
cluster_tissue__C4__spleen,Nr4a1,8,143,0.004574928432703018,0.007473472505807877,0.16715099199002278,True
cluster_tissue__C4__spleen,Rorc,8,143,-0.008146057836711407,-0.005943296942859888,0.16715099199002278,True
cluster_tissue__C4__spleen,Il23r,8,143,0.0,0.0,0.16715099199002278,True
cluster_tissue__C4__spleen,Fos,9,143,0.1633623093366623,0.13063949346542358,0.12242400011647922,True
cluster_tissue__C4__spleen,Jun,9,143,0.471038281917572,0.4088437855243683,0.12242400011647922,True
cluster_tissue__C4__spleen,Junb,9,143,0.20272022485733032,0.2227647304534912,0.12242400011647922,True
cluster_tissue__C4__spleen,Jund,9,143,0.09534299373626709,0.03533661365509033,0.12242400011647922,True
cluster_tissue__C4__spleen,Fosb,9,143,0.15812769532203674,0.1766093671321869,0.12242400011647922,True
cluster_tissue__C4__spleen,Fosl2,9,143,-0.007459670305252075,2.2009015083312988e-05,0.12242400011647922,False
cluster_tissue__C4__spleen,Dusp1,9,143,0.19797833263874054,0.15711939334869385,0.12242400011647922,True
cluster_tissue__C4__spleen,Nr4a1,9,143,0.012415819801390171,0.007473472505807877,0.12242400011647922,True
cluster_tissue__C4__spleen,Rorc,9,143,-0.008146057836711407,-0.005943296942859888,0.12242400011647922,True
cluster_tissue__C4__spleen,Il23r,9,143,0.0,0.0,0.12242400011647922,True
cluster_tissue__C4__spleen,Fos,10,143,0.15471433103084564,0.13063949346542358,0.1844992679398812,True
cluster_tissue__C4__spleen,Jun,10,143,0.4452091455459595,0.4088437855243683,0.1844992679398812,True
cluster_tissue__C4__spleen,Junb,10,143,0.2452968955039978,0.2227647304534912,0.1844992679398812,True
cluster_tissue__C4__spleen,Jund,10,143,0.11936390399932861,0.03533661365509033,0.1844992679398812,True
cluster_tissue__C4__spleen,Fosb,10,143,0.1693529188632965,0.1766093671321869,0.1844992679398812,True
cluster_tissue__C4__spleen,Fosl2,10,143,-0.0010743588209152222,2.2009015083312988e-05,0.1844992679398812,False
cluster_tissue__C4__spleen,Dusp1,10,143,0.2088642120361328,0.15711939334869385,0.1844992679398812,True
cluster_tissue__C4__spleen,Nr4a1,10,143,0.012043304741382599,0.007473472505807877,0.1844992679398812,True
cluster_tissue__C4__spleen,Rorc,10,143,-0.008146057836711407,-0.005943296942859888,0.1844992679398812,True
cluster_tissue__C4__spleen,Il23r,10,143,0.0,0.0,0.1844992679398812,True
cluster_tissue__C4__spleen,Fos,11,143,0.17302462458610535,0.13063949346542358,0.17615356511348726,True
cluster_tissue__C4__spleen,Jun,11,143,0.4631204605102539,0.4088437855243683,0.17615356511348726,True
cluster_tissue__C4__spleen,Junb,11,143,0.21256119012832642,0.2227647304534912,0.17615356511348726,True
cluster_tissue__C4__spleen,Jund,11,143,0.13818645477294922,0.03533661365509033,0.17615356511348726,True
cluster_tissue__C4__spleen,Fosb,11,143,0.1958320289850235,0.1766093671321869,0.17615356511348726,True
cluster_tissue__C4__spleen,Fosl2,11,143,-0.0004977285861968994,2.2009015083312988e-05,0.17615356511348726,False
cluster_tissue__C4__spleen,Dusp1,11,143,0.22756327688694,0.15711939334869385,0.17615356511348726,True
cluster_tissue__C4__spleen,Nr4a1,11,143,-0.008770297281444073,0.007473472505807877,0.17615356511348726,False
cluster_tissue__C4__spleen,Rorc,11,143,-0.008146057836711407,-0.005943296942859888,0.17615356511348726,True
cluster_tissue__C4__spleen,Il23r,11,143,0.0,0.0,0.17615356511348726,True
cluster_tissue__C4__spleen,Fos,12,143,0.14437447488307953,0.13063949346542358,0.18386733968062843,True
cluster_tissue__C4__spleen,Jun,12,143,0.534551739692688,0.4088437855243683,0.18386733968062843,True
cluster_tissue__C4__spleen,Junb,12,143,0.1971939206123352,0.2227647304534912,0.18386733968062843,True
cluster_tissue__C4__spleen,Jund,12,143,0.053636908531188965,0.03533661365509033,0.18386733968062843,True
cluster_tissue__C4__spleen,Fosb,12,143,0.1537998765707016,0.1766093671321869,0.18386733968062843,True
cluster_tissue__C4__spleen,Fosl2,12,143,0.00721672922372818,2.2009015083312988e-05,0.18386733968062843,True
cluster_tissue__C4__spleen,Dusp1,12,143,0.22353915870189667,0.15711939334869385,0.18386733968062843,True
cluster_tissue__C4__spleen,Nr4a1,12,143,0.004574928432703018,0.007473472505807877,0.18386733968062843,True
cluster_tissue__C4__spleen,Rorc,12,143,-0.008146057836711407,-0.005943296942859888,0.18386733968062843,True
cluster_tissue__C4__spleen,Il23r,12,143,0.0,0.0,0.18386733968062843,True
cluster_tissue__C4__spleen,Fos,13,143,0.10724477469921112,0.13063949346542358,0.15315098614851777,True
cluster_tissue__C4__spleen,Jun,13,143,0.41217249631881714,0.4088437855243683,0.15315098614851777,True
cluster_tissue__C4__spleen,Junb,13,143,0.2257867455482483,0.2227647304534912,0.15315098614851777,True
cluster_tissue__C4__spleen,Jund,13,143,0.11877787113189697,0.03533661365509033,0.15315098614851777,True
cluster_tissue__C4__spleen,Fosb,13,143,0.1639922708272934,0.1766093671321869,0.15315098614851777,True
cluster_tissue__C4__spleen,Fosl2,13,143,0.008455522358417511,2.2009015083312988e-05,0.15315098614851777,True
cluster_tissue__C4__spleen,Dusp1,13,143,0.1660647988319397,0.15711939334869385,0.15315098614851777,True
cluster_tissue__C4__spleen,Nr4a1,13,143,0.014573521912097931,0.007473472505807877,0.15315098614851777,True
cluster_tissue__C4__spleen,Rorc,13,143,-0.008146057836711407,-0.005943296942859888,0.15315098614851777,True
cluster_tissue__C4__spleen,Il23r,13,143,0.0,0.0,0.15315098614851777,True
cluster_tissue__C4__spleen,Fos,14,143,0.14606285095214844,0.13063949346542358,0.17048353982720985,True
cluster_tissue__C4__spleen,Jun,14,143,0.42219415307044983,0.4088437855243683,0.17048353982720985,True
cluster_tissue__C4__spleen,Junb,14,143,0.2858627438545227,0.2227647304534912,0.17048353982720985,True
cluster_tissue__C4__spleen,Jund,14,143,0.13510656356811523,0.03533661365509033,0.17048353982720985,True
cluster_tissue__C4__spleen,Fosb,14,143,0.17499002814292908,0.1766093671321869,0.17048353982720985,True
cluster_tissue__C4__spleen,Fosl2,14,143,0.008036494255065918,2.2009015083312988e-05,0.17048353982720985,True
cluster_tissue__C4__spleen,Dusp1,14,143,0.2062167525291443,0.15711939334869385,0.17048353982720985,True
cluster_tissue__C4__spleen,Nr4a1,14,143,0.007105143740773201,0.007473472505807877,0.17048353982720985,True
cluster_tissue__C4__spleen,Rorc,14,143,-0.008146057836711407,-0.005943296942859888,0.17048353982720985,True
cluster_tissue__C4__spleen,Il23r,14,143,0.0,0.0,0.17048353982720985,True
cluster_tissue__C4__spleen,Fos,15,143,0.11897224187850952,0.13063949346542358,0.16456258446205002,True
cluster_tissue__C4__spleen,Jun,15,143,0.42298775911331177,0.4088437855243683,0.16456258446205002,True
cluster_tissue__C4__spleen,Junb,15,143,0.271717369556427,0.2227647304534912,0.16456258446205002,True
cluster_tissue__C4__spleen,Jund,15,143,0.09869539737701416,0.03533661365509033,0.16456258446205002,True
cluster_tissue__C4__spleen,Fosb,15,143,0.14287763833999634,0.1766093671321869,0.16456258446205002,True
cluster_tissue__C4__spleen,Fosl2,15,143,0.016353577375411987,2.2009015083312988e-05,0.16456258446205002,True
cluster_tissue__C4__spleen,Dusp1,15,143,0.17887528240680695,0.15711939334869385,0.16456258446205002,True
cluster_tissue__C4__spleen,Nr4a1,15,143,0.013631287030875683,0.007473472505807877,0.16456258446205002,True
cluster_tissue__C4__spleen,Rorc,15,143,-0.008146057836711407,-0.005943296942859888,0.16456258446205002,True
cluster_tissue__C4__spleen,Il23r,15,143,0.0,0.0,0.16456258446205002,True
cluster_tissue__C4__spleen,Fos,16,143,0.16604790091514587,0.13063949346542358,0.15721869897466823,True
cluster_tissue__C4__spleen,Jun,16,143,0.4994184970855713,0.4088437855243683,0.15721869897466823,True
cluster_tissue__C4__spleen,Junb,16,143,0.24905401468276978,0.2227647304534912,0.15721869897466823,True
cluster_tissue__C4__spleen,Jund,16,143,0.07294964790344238,0.03533661365509033,0.15721869897466823,True
cluster_tissue__C4__spleen,Fosb,16,143,0.1541050672531128,0.1766093671321869,0.15721869897466823,True
cluster_tissue__C4__spleen,Fosl2,16,143,-0.0033778175711631775,2.2009015083312988e-05,0.15721869897466823,False
cluster_tissue__C4__spleen,Dusp1,16,143,0.23676355183124542,0.15711939334869385,0.15721869897466823,True
cluster_tissue__C4__spleen,Nr4a1,16,143,0.014573521912097931,0.007473472505807877,0.15721869897466823,True
cluster_tissue__C4__spleen,Rorc,16,143,-0.008146057836711407,-0.005943296942859888,0.15721869897466823,True
cluster_tissue__C4__spleen,Il23r,16,143,0.0,0.0,0.15721869897466823,True
cluster_tissue__C4__spleen,Fos,17,143,0.181021586060524,0.13063949346542358,0.14305050268507497,True
cluster_tissue__C4__spleen,Jun,17,143,0.46552062034606934,0.4088437855243683,0.14305050268507497,True
cluster_tissue__C4__spleen,Junb,17,143,0.22408372163772583,0.2227647304534912,0.14305050268507497,True
cluster_tissue__C4__spleen,Jund,17,143,0.15398120880126953,0.03533661365509033,0.14305050268507497,True
cluster_tissue__C4__spleen,Fosb,17,143,0.1829521656036377,0.1766093671321869,0.14305050268507497,True
cluster_tissue__C4__spleen,Fosl2,17,143,-0.0006441697478294373,2.2009015083312988e-05,0.14305050268507497,False
cluster_tissue__C4__spleen,Dusp1,17,143,0.20706267654895782,0.15711939334869385,0.14305050268507497,True
cluster_tissue__C4__spleen,Nr4a1,17,143,-0.0009294059127569199,0.007473472505807877,0.14305050268507497,False
cluster_tissue__C4__spleen,Rorc,17,143,-0.008146057836711407,-0.005943296942859888,0.14305050268507497,True
cluster_tissue__C4__spleen,Il23r,17,143,0.0,0.0,0.14305050268507497,True
cluster_tissue__C4__spleen,Fos,18,143,0.13852660357952118,0.13063949346542358,0.14273173424850574,True
cluster_tissue__C4__spleen,Jun,18,143,0.3615622818470001,0.4088437855243683,0.14273173424850574,True
cluster_tissue__C4__spleen,Junb,18,143,0.2606801390647888,0.2227647304534912,0.14273173424850574,True
cluster_tissue__C4__spleen,Jund,18,143,0.16250395774841309,0.03533661365509033,0.14273173424850574,True
cluster_tissue__C4__spleen,Fosb,18,143,0.1526298224925995,0.1766093671321869,0.14273173424850574,True
cluster_tissue__C4__spleen,Fosl2,18,143,0.016737431287765503,2.2009015083312988e-05,0.14273173424850574,True
cluster_tissue__C4__spleen,Dusp1,18,143,0.18166139721870422,0.15711939334869385,0.14273173424850574,True
cluster_tissue__C4__spleen,Nr4a1,18,143,0.005323504097759724,0.007473472505807877,0.14273173424850574,True
cluster_tissue__C4__spleen,Rorc,18,143,-0.008146057836711407,-0.005943296942859888,0.14273173424850574,True
cluster_tissue__C4__spleen,Il23r,18,143,0.0,0.0,0.14273173424850574,True
cluster_tissue__C4__spleen,Fos,19,143,0.14487674832344055,0.13063949346542358,0.16516502522173912,True
cluster_tissue__C4__spleen,Jun,19,143,0.4744013547897339,0.4088437855243683,0.16516502522173912,True
cluster_tissue__C4__spleen,Junb,19,143,0.245128333568573,0.2227647304534912,0.16516502522173912,True
cluster_tissue__C4__spleen,Jund,19,143,0.09762322902679443,0.03533661365509033,0.16516502522173912,True
cluster_tissue__C4__spleen,Fosb,19,143,0.15454991161823273,0.1766093671321869,0.16516502522173912,True
cluster_tissue__C4__spleen,Fosl2,19,143,0.021015644073486328,2.2009015083312988e-05,0.16516502522173912,True
cluster_tissue__C4__spleen,Dusp1,19,143,0.20773455500602722,0.15711939334869385,0.16516502522173912,True
cluster_tissue__C4__spleen,Nr4a1,19,143,0.02082642912864685,0.007473472505807877,0.16516502522173912,True
cluster_tissue__C4__spleen,Rorc,19,143,-0.008146057836711407,-0.005943296942859888,0.16516502522173912,True
cluster_tissue__C4__spleen,Il23r,19,143,0.0,0.0,0.16516502522173912,True
cluster_tissue__C5-1__bone_marrow,Fos,0,57,0.024606168270111084,0.10141360759735107,0.09271271538339697,True
cluster_tissue__C5-1__bone_marrow,Jun,0,57,0.10069000720977783,0.21238213777542114,0.09271271538339697,True
cluster_tissue__C5-1__bone_marrow,Junb,0,57,0.15240991115570068,0.1466357707977295,0.09271271538339697,True
cluster_tissue__C5-1__bone_marrow,Jund,0,57,-0.09795475006103516,-0.053655028343200684,0.09271271538339697,True
cluster_tissue__C5-1__bone_marrow,Fosb,0,57,0.05606928467750549,0.11293753981590271,0.09271271538339697,True
cluster_tissue__C5-1__bone_marrow,Fosl2,0,57,0.02699381299316883,-0.003827318549156189,0.09271271538339697,False
cluster_tissue__C5-1__bone_marrow,Dusp1,0,57,0.2074701488018036,0.20838218927383423,0.09271271538339697,True
cluster_tissue__C5-1__bone_marrow,Nr4a1,0,57,0.04373824596405029,0.049105267971754074,0.09271271538339697,True
cluster_tissue__C5-1__bone_marrow,Rorc,0,57,-0.013695264235138893,-0.0022674500942230225,0.09271271538339697,True
cluster_tissue__C5-1__bone_marrow,Il23r,0,57,0.0,0.0,0.09271271538339697,True
cluster_tissue__C5-1__bone_marrow,Fos,1,57,0.14917480945587158,0.10141360759735107,0.05202815012807623,True
cluster_tissue__C5-1__bone_marrow,Jun,1,57,0.2746152877807617,0.21238213777542114,0.05202815012807623,True
cluster_tissue__C5-1__bone_marrow,Junb,1,57,0.13584578037261963,0.1466357707977295,0.05202815012807623,True
cluster_tissue__C5-1__bone_marrow,Jund,1,57,-0.1244959831237793,-0.053655028343200684,0.05202815012807623,True
cluster_tissue__C5-1__bone_marrow,Fosb,1,57,-0.02400803565979004,0.11293753981590271,0.05202815012807623,False
cluster_tissue__C5-1__bone_marrow,Fosl2,1,57,-0.022622590884566307,-0.003827318549156189,0.05202815012807623,True
cluster_tissue__C5-1__bone_marrow,Dusp1,1,57,0.2594446837902069,0.20838218927383423,0.05202815012807623,True
cluster_tissue__C5-1__bone_marrow,Nr4a1,1,57,0.023525424301624298,0.049105267971754074,0.05202815012807623,True
cluster_tissue__C5-1__bone_marrow,Rorc,1,57,-0.013695264235138893,-0.0022674500942230225,0.05202815012807623,True
cluster_tissue__C5-1__bone_marrow,Il23r,1,57,0.0,0.0,0.05202815012807623,True
cluster_tissue__C5-1__bone_marrow,Fos,2,57,0.12119990587234497,0.10141360759735107,0.06668434381145341,True
cluster_tissue__C5-1__bone_marrow,Jun,2,57,0.02051866054534912,0.21238213777542114,0.06668434381145341,True
cluster_tissue__C5-1__bone_marrow,Junb,2,57,0.25449907779693604,0.1466357707977295,0.06668434381145341,True
cluster_tissue__C5-1__bone_marrow,Jund,2,57,-0.13407397270202637,-0.053655028343200684,0.06668434381145341,True
cluster_tissue__C5-1__bone_marrow,Fosb,2,57,-0.08840757608413696,0.11293753981590271,0.06668434381145341,False
cluster_tissue__C5-1__bone_marrow,Fosl2,2,57,0.007970884442329407,-0.003827318549156189,0.06668434381145341,False
cluster_tissue__C5-1__bone_marrow,Dusp1,2,57,0.28678077459335327,0.20838218927383423,0.06668434381145341,True
cluster_tissue__C5-1__bone_marrow,Nr4a1,2,57,0.023286662995815277,0.049105267971754074,0.06668434381145341,True
cluster_tissue__C5-1__bone_marrow,Rorc,2,57,-0.013695264235138893,-0.0022674500942230225,0.06668434381145341,True
cluster_tissue__C5-1__bone_marrow,Il23r,2,57,0.0,0.0,0.06668434381145341,True
cluster_tissue__C5-1__bone_marrow,Fos,3,57,0.07025063037872314,0.10141360759735107,0.054475380895383056,True
cluster_tissue__C5-1__bone_marrow,Jun,3,57,0.2709171772003174,0.21238213777542114,0.054475380895383056,True
cluster_tissue__C5-1__bone_marrow,Junb,3,57,0.22524476051330566,0.1466357707977295,0.054475380895383056,True
cluster_tissue__C5-1__bone_marrow,Jund,3,57,-0.2616027593612671,-0.053655028343200684,0.054475380895383056,True
cluster_tissue__C5-1__bone_marrow,Fosb,3,57,-0.025034159421920776,0.11293753981590271,0.054475380895383056,False
cluster_tissue__C5-1__bone_marrow,Fosl2,3,57,0.009987302124500275,-0.003827318549156189,0.054475380895383056,False
cluster_tissue__C5-1__bone_marrow,Dusp1,3,57,0.2443971037864685,0.20838218927383423,0.054475380895383056,True
cluster_tissue__C5-1__bone_marrow,Nr4a1,3,57,-0.014538608491420746,0.049105267971754074,0.054475380895383056,False
cluster_tissue__C5-1__bone_marrow,Rorc,3,57,-0.013695264235138893,-0.0022674500942230225,0.054475380895383056,True
cluster_tissue__C5-1__bone_marrow,Il23r,3,57,0.0,0.0,0.054475380895383056,True
cluster_tissue__C5-1__bone_marrow,Fos,4,57,-0.01693892478942871,0.10141360759735107,0.06032705247556724,False
cluster_tissue__C5-1__bone_marrow,Jun,4,57,0.05053722858428955,0.21238213777542114,0.06032705247556724,True
cluster_tissue__C5-1__bone_marrow,Junb,4,57,0.049764275550842285,0.1466357707977295,0.06032705247556724,True
cluster_tissue__C5-1__bone_marrow,Jund,4,57,-0.19822227954864502,-0.053655028343200684,0.06032705247556724,True
cluster_tissue__C5-1__bone_marrow,Fosb,4,57,-0.03716230392456055,0.11293753981590271,0.06032705247556724,False
cluster_tissue__C5-1__bone_marrow,Fosl2,4,57,-0.005801625549793243,-0.003827318549156189,0.06032705247556724,True
cluster_tissue__C5-1__bone_marrow,Dusp1,4,57,0.15471091866493225,0.20838218927383423,0.06032705247556724,True
cluster_tissue__C5-1__bone_marrow,Nr4a1,4,57,0.013958267867565155,0.049105267971754074,0.06032705247556724,True
cluster_tissue__C5-1__bone_marrow,Rorc,4,57,-0.013695264235138893,-0.0022674500942230225,0.06032705247556724,True
cluster_tissue__C5-1__bone_marrow,Il23r,4,57,0.0,0.0,0.06032705247556724,True
cluster_tissue__C5-1__bone_marrow,Fos,5,57,0.18046146631240845,0.10141360759735107,0.08429523506188052,True
cluster_tissue__C5-1__bone_marrow,Jun,5,57,0.19784367084503174,0.21238213777542114,0.08429523506188052,True
cluster_tissue__C5-1__bone_marrow,Junb,5,57,0.22975432872772217,0.1466357707977295,0.08429523506188052,True
cluster_tissue__C5-1__bone_marrow,Jund,5,57,-0.04108273983001709,-0.053655028343200684,0.08429523506188052,True
cluster_tissue__C5-1__bone_marrow,Fosb,5,57,-0.049775660037994385,0.11293753981590271,0.08429523506188052,False
cluster_tissue__C5-1__bone_marrow,Fosl2,5,57,0.026755839586257935,-0.003827318549156189,0.08429523506188052,False
cluster_tissue__C5-1__bone_marrow,Dusp1,5,57,0.3388621509075165,0.20838218927383423,0.08429523506188052,True
cluster_tissue__C5-1__bone_marrow,Nr4a1,5,57,0.008516058325767517,0.049105267971754074,0.08429523506188052,True
cluster_tissue__C5-1__bone_marrow,Rorc,5,57,-0.013695264235138893,-0.0022674500942230225,0.08429523506188052,True
cluster_tissue__C5-1__bone_marrow,Il23r,5,57,0.0,0.0,0.08429523506188052,True
cluster_tissue__C5-1__bone_marrow,Fos,6,57,0.005103051662445068,0.10141360759735107,0.04090837582183053,True
cluster_tissue__C5-1__bone_marrow,Jun,6,57,0.018957138061523438,0.21238213777542114,0.04090837582183053,True
cluster_tissue__C5-1__bone_marrow,Junb,6,57,0.2038661241531372,0.1466357707977295,0.04090837582183053,True
cluster_tissue__C5-1__bone_marrow,Jund,6,57,-0.056000709533691406,-0.053655028343200684,0.04090837582183053,True
cluster_tissue__C5-1__bone_marrow,Fosb,6,57,-0.030943751335144043,0.11293753981590271,0.04090837582183053,False
cluster_tissue__C5-1__bone_marrow,Fosl2,6,57,-0.01962655410170555,-0.003827318549156189,0.04090837582183053,True
cluster_tissue__C5-1__bone_marrow,Dusp1,6,57,0.2085115611553192,0.20838218927383423,0.04090837582183053,True
cluster_tissue__C5-1__bone_marrow,Nr4a1,6,57,0.03625336289405823,0.049105267971754074,0.04090837582183053,True
cluster_tissue__C5-1__bone_marrow,Rorc,6,57,-0.013695264235138893,-0.0022674500942230225,0.04090837582183053,True
cluster_tissue__C5-1__bone_marrow,Il23r,6,57,0.0,0.0,0.04090837582183053,True
cluster_tissue__C5-1__bone_marrow,Fos,7,57,0.09575849771499634,0.10141360759735107,0.05036651620095811,True
cluster_tissue__C5-1__bone_marrow,Jun,7,57,0.1454557180404663,0.21238213777542114,0.05036651620095811,True
cluster_tissue__C5-1__bone_marrow,Junb,7,57,0.22174084186553955,0.1466357707977295,0.05036651620095811,True
cluster_tissue__C5-1__bone_marrow,Jund,7,57,-0.2181471586227417,-0.053655028343200684,0.05036651620095811,True
cluster_tissue__C5-1__bone_marrow,Fosb,7,57,-0.010673344135284424,0.11293753981590271,0.05036651620095811,False
cluster_tissue__C5-1__bone_marrow,Fosl2,7,57,0.005794588476419449,-0.003827318549156189,0.05036651620095811,False
cluster_tissue__C5-1__bone_marrow,Dusp1,7,57,0.32600167393684387,0.20838218927383423,0.05036651620095811,True
cluster_tissue__C5-1__bone_marrow,Nr4a1,7,57,0.013958267867565155,0.049105267971754074,0.05036651620095811,True
cluster_tissue__C5-1__bone_marrow,Rorc,7,57,-0.013695264235138893,-0.0022674500942230225,0.05036651620095811,True
cluster_tissue__C5-1__bone_marrow,Il23r,7,57,0.0,0.0,0.05036651620095811,True
cluster_tissue__C5-1__bone_marrow,Fos,8,57,0.08578646183013916,0.10141360759735107,0.06885547028981574,True
cluster_tissue__C5-1__bone_marrow,Jun,8,57,0.04732871055603027,0.21238213777542114,0.06885547028981574,True
cluster_tissue__C5-1__bone_marrow,Junb,8,57,0.039556026458740234,0.1466357707977295,0.06885547028981574,True
cluster_tissue__C5-1__bone_marrow,Jund,8,57,-0.13992321491241455,-0.053655028343200684,0.06885547028981574,True
cluster_tissue__C5-1__bone_marrow,Fosb,8,57,-0.06311142444610596,0.11293753981590271,0.06885547028981574,False
cluster_tissue__C5-1__bone_marrow,Fosl2,8,57,-0.03689093515276909,-0.003827318549156189,0.06885547028981574,True
cluster_tissue__C5-1__bone_marrow,Dusp1,8,57,0.1452380120754242,0.20838218927383423,0.06885547028981574,True
cluster_tissue__C5-1__bone_marrow,Nr4a1,8,57,0.030811145901679993,0.049105267971754074,0.06885547028981574,True
cluster_tissue__C5-1__bone_marrow,Rorc,8,57,-0.013695264235138893,-0.0022674500942230225,0.06885547028981574,True
cluster_tissue__C5-1__bone_marrow,Il23r,8,57,0.0,0.0,0.06885547028981574,True
cluster_tissue__C5-1__bone_marrow,Fos,9,57,0.0970202088356018,0.10141360759735107,0.055127706684609465,True
cluster_tissue__C5-1__bone_marrow,Jun,9,57,0.05754220485687256,0.21238213777542114,0.055127706684609465,True
cluster_tissue__C5-1__bone_marrow,Junb,9,57,0.266025185585022,0.1466357707977295,0.055127706684609465,True
cluster_tissue__C5-1__bone_marrow,Jund,9,57,-0.18749678134918213,-0.053655028343200684,0.055127706684609465,True
cluster_tissue__C5-1__bone_marrow,Fosb,9,57,-0.0032560527324676514,0.11293753981590271,0.055127706684609465,False
cluster_tissue__C5-1__bone_marrow,Fosl2,9,57,-0.01962655410170555,-0.003827318549156189,0.055127706684609465,True
cluster_tissue__C5-1__bone_marrow,Dusp1,9,57,0.3127441704273224,0.20838218927383423,0.055127706684609465,True
cluster_tissue__C5-1__bone_marrow,Nr4a1,9,57,-0.014538608491420746,0.049105267971754074,0.055127706684609465,False
cluster_tissue__C5-1__bone_marrow,Rorc,9,57,-0.013695264235138893,-0.0022674500942230225,0.055127706684609465,True
cluster_tissue__C5-1__bone_marrow,Il23r,9,57,0.0,0.0,0.055127706684609465,True
cluster_tissue__C5-1__bone_marrow,Fos,10,57,0.06152820587158203,0.10141360759735107,0.04008649425998171,True
cluster_tissue__C5-1__bone_marrow,Jun,10,57,0.2924279570579529,0.21238213777542114,0.04008649425998171,True
cluster_tissue__C5-1__bone_marrow,Junb,10,57,0.29010093212127686,0.1466357707977295,0.04008649425998171,True
cluster_tissue__C5-1__bone_marrow,Jund,10,57,-0.04899489879608154,-0.053655028343200684,0.04008649425998171,True
cluster_tissue__C5-1__bone_marrow,Fosb,10,57,0.04150095582008362,0.11293753981590271,0.04008649425998171,True
cluster_tissue__C5-1__bone_marrow,Fosl2,10,57,0.012401571497321129,-0.003827318549156189,0.04008649425998171,False
cluster_tissue__C5-1__bone_marrow,Dusp1,10,57,0.35415881872177124,0.20838218927383423,0.04008649425998171,True
cluster_tissue__C5-1__bone_marrow,Nr4a1,10,57,0.023286662995815277,0.049105267971754074,0.04008649425998171,True
cluster_tissue__C5-1__bone_marrow,Rorc,10,57,-0.013695264235138893,-0.0022674500942230225,0.04008649425998171,True
cluster_tissue__C5-1__bone_marrow,Il23r,10,57,0.0,0.0,0.04008649425998171,True
cluster_tissue__C5-1__bone_marrow,Fos,11,57,0.16195017099380493,0.10141360759735107,0.09426697975508733,True
cluster_tissue__C5-1__bone_marrow,Jun,11,57,0.14740097522735596,0.21238213777542114,0.09426697975508733,True
cluster_tissue__C5-1__bone_marrow,Junb,11,57,0.19450724124908447,0.1466357707977295,0.09426697975508733,True
cluster_tissue__C5-1__bone_marrow,Jund,11,57,-0.0029790401458740234,-0.053655028343200684,0.09426697975508733,True
cluster_tissue__C5-1__bone_marrow,Fosb,11,57,0.01600855588912964,0.11293753981590271,0.09426697975508733,True
cluster_tissue__C5-1__bone_marrow,Fosl2,11,57,-0.004333470016717911,-0.003827318549156189,0.09426697975508733,True
cluster_tissue__C5-1__bone_marrow,Dusp1,11,57,0.22663211822509766,0.20838218927383423,0.09426697975508733,True
cluster_tissue__C5-1__bone_marrow,Nr4a1,11,57,0.0520223006606102,0.049105267971754074,0.09426697975508733,True
cluster_tissue__C5-1__bone_marrow,Rorc,11,57,-0.013695264235138893,-0.0022674500942230225,0.09426697975508733,True
cluster_tissue__C5-1__bone_marrow,Il23r,11,57,0.0,0.0,0.09426697975508733,True
cluster_tissue__C5-1__bone_marrow,Fos,12,57,0.19109076261520386,0.10141360759735107,0.03685363745474078,True
cluster_tissue__C5-1__bone_marrow,Jun,12,57,0.09867417812347412,0.21238213777542114,0.03685363745474078,True
cluster_tissue__C5-1__bone_marrow,Junb,12,57,0.3230658769607544,0.1466357707977295,0.03685363745474078,True
cluster_tissue__C5-1__bone_marrow,Jund,12,57,-0.1573011875152588,-0.053655028343200684,0.03685363745474078,True
cluster_tissue__C5-1__bone_marrow,Fosb,12,57,-0.0010493695735931396,0.11293753981590271,0.03685363745474078,False
cluster_tissue__C5-1__bone_marrow,Fosl2,12,57,-0.03639509528875351,-0.003827318549156189,0.03685363745474078,True
cluster_tissue__C5-1__bone_marrow,Dusp1,12,57,0.3194873332977295,0.20838218927383423,0.03685363745474078,True
cluster_tissue__C5-1__bone_marrow,Nr4a1,12,57,0.00047075748443603516,0.049105267971754074,0.03685363745474078,True
cluster_tissue__C5-1__bone_marrow,Rorc,12,57,-0.013695264235138893,-0.0022674500942230225,0.03685363745474078,True
cluster_tissue__C5-1__bone_marrow,Il23r,12,57,0.0,0.0,0.03685363745474078,True
cluster_tissue__C5-1__bone_marrow,Fos,13,57,0.20453393459320068,0.10141360759735107,0.04612349159081117,True
cluster_tissue__C5-1__bone_marrow,Jun,13,57,0.30935174226760864,0.21238213777542114,0.04612349159081117,True
cluster_tissue__C5-1__bone_marrow,Junb,13,57,0.4498056173324585,0.1466357707977295,0.04612349159081117,True
cluster_tissue__C5-1__bone_marrow,Jund,13,57,-0.2103252410888672,-0.053655028343200684,0.04612349159081117,True
cluster_tissue__C5-1__bone_marrow,Fosb,13,57,0.08125606179237366,0.11293753981590271,0.04612349159081117,True
cluster_tissue__C5-1__bone_marrow,Fosl2,13,57,-0.005801625549793243,-0.003827318549156189,0.04612349159081117,True
cluster_tissue__C5-1__bone_marrow,Dusp1,13,57,0.31044960021972656,0.20838218927383423,0.04612349159081117,True
cluster_tissue__C5-1__bone_marrow,Nr4a1,13,57,0.030811145901679993,0.049105267971754074,0.04612349159081117,True
cluster_tissue__C5-1__bone_marrow,Rorc,13,57,-0.013695264235138893,-0.0022674500942230225,0.04612349159081117,True
cluster_tissue__C5-1__bone_marrow,Il23r,13,57,0.0,0.0,0.04612349159081117,True
cluster_tissue__C5-1__bone_marrow,Fos,14,57,0.16388779878616333,0.10141360759735107,0.08060891691417392,True
cluster_tissue__C5-1__bone_marrow,Jun,14,57,0.32959848642349243,0.21238213777542114,0.08060891691417392,True
cluster_tissue__C5-1__bone_marrow,Junb,14,57,0.18242323398590088,0.1466357707977295,0.08060891691417392,True
cluster_tissue__C5-1__bone_marrow,Jund,14,57,-0.05613911151885986,-0.053655028343200684,0.08060891691417392,True
cluster_tissue__C5-1__bone_marrow,Fosb,14,57,0.1447138786315918,0.11293753981590271,0.08060891691417392,True
cluster_tissue__C5-1__bone_marrow,Fosl2,14,57,-0.005854051560163498,-0.003827318549156189,0.08060891691417392,True
cluster_tissue__C5-1__bone_marrow,Dusp1,14,57,0.27620694041252136,0.20838218927383423,0.08060891691417392,True
cluster_tissue__C5-1__bone_marrow,Nr4a1,14,57,0.03701293468475342,0.049105267971754074,0.08060891691417392,True
cluster_tissue__C5-1__bone_marrow,Rorc,14,57,-0.013695264235138893,-0.0022674500942230225,0.08060891691417392,True
cluster_tissue__C5-1__bone_marrow,Il23r,14,57,0.0,0.0,0.08060891691417392,True
cluster_tissue__C5-1__bone_marrow,Fos,15,57,0.10483413934707642,0.10141360759735107,0.08123046362305424,True
cluster_tissue__C5-1__bone_marrow,Jun,15,57,0.3627365827560425,0.21238213777542114,0.08123046362305424,True
cluster_tissue__C5-1__bone_marrow,Junb,15,57,0.35197699069976807,0.1466357707977295,0.08123046362305424,True
cluster_tissue__C5-1__bone_marrow,Jund,15,57,-0.04810750484466553,-0.053655028343200684,0.08123046362305424,True
cluster_tissue__C5-1__bone_marrow,Fosb,15,57,0.04243946075439453,0.11293753981590271,0.08123046362305424,True
cluster_tissue__C5-1__bone_marrow,Fosl2,15,57,0.02699381299316883,-0.003827318549156189,0.08123046362305424,False
cluster_tissue__C5-1__bone_marrow,Dusp1,15,57,0.3302742540836334,0.20838218927383423,0.08123046362305424,True
cluster_tissue__C5-1__bone_marrow,Nr4a1,15,57,0.03701293468475342,0.049105267971754074,0.08123046362305424,True
cluster_tissue__C5-1__bone_marrow,Rorc,15,57,-0.013695264235138893,-0.0022674500942230225,0.08123046362305424,True
cluster_tissue__C5-1__bone_marrow,Il23r,15,57,0.0,0.0,0.08123046362305424,True
cluster_tissue__C5-1__bone_marrow,Fos,16,57,0.16705185174942017,0.10141360759735107,0.07660958901914407,True
cluster_tissue__C5-1__bone_marrow,Jun,16,57,0.4497467875480652,0.21238213777542114,0.07660958901914407,True
cluster_tissue__C5-1__bone_marrow,Junb,16,57,0.3366283178329468,0.1466357707977295,0.07660958901914407,True
cluster_tissue__C5-1__bone_marrow,Jund,16,57,-0.04074358940124512,-0.053655028343200684,0.07660958901914407,True
cluster_tissue__C5-1__bone_marrow,Fosb,16,57,0.04024404287338257,0.11293753981590271,0.07660958901914407,True
cluster_tissue__C5-1__bone_marrow,Fosl2,16,57,0.010277703404426575,-0.003827318549156189,0.07660958901914407,False
cluster_tissue__C5-1__bone_marrow,Dusp1,16,57,0.3426610827445984,0.20838218927383423,0.07660958901914407,True
cluster_tissue__C5-1__bone_marrow,Nr4a1,16,57,0.03701293468475342,0.049105267971754074,0.07660958901914407,True
cluster_tissue__C5-1__bone_marrow,Rorc,16,57,-0.013695264235138893,-0.0022674500942230225,0.07660958901914407,True
cluster_tissue__C5-1__bone_marrow,Il23r,16,57,0.0,0.0,0.07660958901914407,True
cluster_tissue__C5-1__bone_marrow,Fos,17,57,0.16202682256698608,0.10141360759735107,0.05148494253611948,True
cluster_tissue__C5-1__bone_marrow,Jun,17,57,0.13182568550109863,0.21238213777542114,0.05148494253611948,True
cluster_tissue__C5-1__bone_marrow,Junb,17,57,0.17002642154693604,0.1466357707977295,0.05148494253611948,True
cluster_tissue__C5-1__bone_marrow,Jund,17,57,-0.16134357452392578,-0.053655028343200684,0.05148494253611948,True
cluster_tissue__C5-1__bone_marrow,Fosb,17,57,0.03206947445869446,0.11293753981590271,0.05148494253611948,True
cluster_tissue__C5-1__bone_marrow,Fosl2,17,57,-0.01962655410170555,-0.003827318549156189,0.05148494253611948,True
cluster_tissue__C5-1__bone_marrow,Dusp1,17,57,0.2034129500389099,0.20838218927383423,0.05148494253611948,True
cluster_tissue__C5-1__bone_marrow,Nr4a1,17,57,0.07431738823652267,0.049105267971754074,0.05148494253611948,True
cluster_tissue__C5-1__bone_marrow,Rorc,17,57,-0.013695264235138893,-0.0022674500942230225,0.05148494253611948,True
cluster_tissue__C5-1__bone_marrow,Il23r,17,57,0.0,0.0,0.05148494253611948,True
cluster_tissue__C5-1__bone_marrow,Fos,18,57,0.15767806768417358,0.10141360759735107,0.04966672109068458,True
cluster_tissue__C5-1__bone_marrow,Jun,18,57,0.17680269479751587,0.21238213777542114,0.04966672109068458,True
cluster_tissue__C5-1__bone_marrow,Junb,18,57,0.22176659107208252,0.1466357707977295,0.04966672109068458,True
cluster_tissue__C5-1__bone_marrow,Jund,18,57,0.0670015811920166,-0.053655028343200684,0.04966672109068458,False
cluster_tissue__C5-1__bone_marrow,Fosb,18,57,0.032023459672927856,0.11293753981590271,0.04966672109068458,True
cluster_tissue__C5-1__bone_marrow,Fosl2,18,57,0.008738189935684204,-0.003827318549156189,0.04966672109068458,False
cluster_tissue__C5-1__bone_marrow,Dusp1,18,57,0.46245822310447693,0.20838218927383423,0.04966672109068458,True
cluster_tissue__C5-1__bone_marrow,Nr4a1,18,57,0.030811145901679993,0.049105267971754074,0.04966672109068458,True
cluster_tissue__C5-1__bone_marrow,Rorc,18,57,-0.013695264235138893,-0.0022674500942230225,0.04966672109068458,True
cluster_tissue__C5-1__bone_marrow,Il23r,18,57,0.0,0.0,0.04966672109068458,True
cluster_tissue__C5-1__bone_marrow,Fos,19,57,0.06652945280075073,0.10141360759735107,0.05462881897863191,True
cluster_tissue__C5-1__bone_marrow,Jun,19,57,0.06485652923583984,0.21238213777542114,0.05462881897863191,True
cluster_tissue__C5-1__bone_marrow,Junb,19,57,0.1487499475479126,0.1466357707977295,0.05462881897863191,True
cluster_tissue__C5-1__bone_marrow,Jund,19,57,-0.22041308879852295,-0.053655028343200684,0.05462881897863191,True
cluster_tissue__C5-1__bone_marrow,Fosb,19,57,-0.0010393857955932617,0.11293753981590271,0.05462881897863191,False
cluster_tissue__C5-1__bone_marrow,Fosl2,19,57,-0.022622590884566307,-0.003827318549156189,0.05462881897863191,True
cluster_tissue__C5-1__bone_marrow,Dusp1,19,57,0.31493252515792847,0.20838218927383423,0.05462881897863191,True
cluster_tissue__C5-1__bone_marrow,Nr4a1,19,57,-0.014538608491420746,0.049105267971754074,0.05462881897863191,False
cluster_tissue__C5-1__bone_marrow,Rorc,19,57,-0.013695264235138893,-0.0022674500942230225,0.05462881897863191,True
cluster_tissue__C5-1__bone_marrow,Il23r,19,57,0.0,0.0,0.05462881897863191,True
cluster_tissue__C5-1__spleen,Fos,0,196,0.07614606618881226,0.09532502293586731,0.14604404690683565,True
cluster_tissue__C5-1__spleen,Jun,0,196,0.36742570996284485,0.4328055679798126,0.14604404690683565,True
cluster_tissue__C5-1__spleen,Junb,0,196,0.27205878496170044,0.3058871030807495,0.14604404690683565,True
cluster_tissue__C5-1__spleen,Jund,0,196,0.12022209167480469,0.1461033821105957,0.14604404690683565,True
cluster_tissue__C5-1__spleen,Fosb,0,196,0.05810631811618805,0.07469666004180908,0.14604404690683565,True
cluster_tissue__C5-1__spleen,Fosl2,0,196,0.018206516280770302,0.015650000423192978,0.14604404690683565,True
cluster_tissue__C5-1__spleen,Dusp1,0,196,0.06123034656047821,0.033907294273376465,0.14604404690683565,True
cluster_tissue__C5-1__spleen,Nr4a1,0,196,0.0307513028383255,0.015670429915189743,0.14604404690683565,True
cluster_tissue__C5-1__spleen,Rorc,0,196,-0.009291410446166992,-0.003803769126534462,0.14604404690683565,True
cluster_tissue__C5-1__spleen,Il23r,0,196,-0.005090855062007904,-0.004174927249550819,0.14604404690683565,True
cluster_tissue__C5-1__spleen,Fos,1,196,0.07246700674295425,0.09532502293586731,0.17483416770507787,True
cluster_tissue__C5-1__spleen,Jun,1,196,0.3694092929363251,0.4328055679798126,0.17483416770507787,True
cluster_tissue__C5-1__spleen,Junb,1,196,0.268854022026062,0.3058871030807495,0.17483416770507787,True
cluster_tissue__C5-1__spleen,Jund,1,196,0.20084726810455322,0.1461033821105957,0.17483416770507787,True
cluster_tissue__C5-1__spleen,Fosb,1,196,0.0409400537610054,0.07469666004180908,0.17483416770507787,True
cluster_tissue__C5-1__spleen,Fosl2,1,196,0.018951358273625374,0.015650000423192978,0.17483416770507787,True
cluster_tissue__C5-1__spleen,Dusp1,1,196,0.031062230467796326,0.033907294273376465,0.17483416770507787,True
cluster_tissue__C5-1__spleen,Nr4a1,1,196,0.010574329644441605,0.015670429915189743,0.17483416770507787,True
cluster_tissue__C5-1__spleen,Rorc,1,196,-0.002283971756696701,-0.003803769126534462,0.17483416770507787,True
cluster_tissue__C5-1__spleen,Il23r,1,196,0.0,-0.004174927249550819,0.17483416770507787,False
cluster_tissue__C5-1__spleen,Fos,2,196,0.11053740233182907,0.09532502293586731,0.1520012289815292,True
cluster_tissue__C5-1__spleen,Jun,2,196,0.3828885853290558,0.4328055679798126,0.1520012289815292,True
cluster_tissue__C5-1__spleen,Junb,2,196,0.2887197732925415,0.3058871030807495,0.1520012289815292,True
cluster_tissue__C5-1__spleen,Jund,2,196,0.1475900411605835,0.1461033821105957,0.1520012289815292,True
cluster_tissue__C5-1__spleen,Fosb,2,196,0.08109797537326813,0.07469666004180908,0.1520012289815292,True
cluster_tissue__C5-1__spleen,Fosl2,2,196,0.010057283565402031,0.015650000423192978,0.1520012289815292,True
cluster_tissue__C5-1__spleen,Dusp1,2,196,0.03557214140892029,0.033907294273376465,0.1520012289815292,True
cluster_tissue__C5-1__spleen,Nr4a1,2,196,0.021446581929922104,0.015670429915189743,0.1520012289815292,True
cluster_tissue__C5-1__spleen,Rorc,2,196,-0.008136892691254616,-0.003803769126534462,0.1520012289815292,True
cluster_tissue__C5-1__spleen,Il23r,2,196,-0.005090855062007904,-0.004174927249550819,0.1520012289815292,True
cluster_tissue__C5-1__spleen,Fos,3,196,0.12403611093759537,0.09532502293586731,0.15805520028325365,True
cluster_tissue__C5-1__spleen,Jun,3,196,0.4102523624897003,0.4328055679798126,0.15805520028325365,True
cluster_tissue__C5-1__spleen,Junb,3,196,0.3299297094345093,0.3058871030807495,0.15805520028325365,True
cluster_tissue__C5-1__spleen,Jund,3,196,0.21192526817321777,0.1461033821105957,0.15805520028325365,True
cluster_tissue__C5-1__spleen,Fosb,3,196,0.06018616259098053,0.07469666004180908,0.15805520028325365,True
cluster_tissue__C5-1__spleen,Fosl2,3,196,0.015147419646382332,0.015650000423192978,0.15805520028325365,True
cluster_tissue__C5-1__spleen,Dusp1,3,196,0.03063228726387024,0.033907294273376465,0.15805520028325365,True
cluster_tissue__C5-1__spleen,Nr4a1,3,196,0.010574329644441605,0.015670429915189743,0.15805520028325365,True
cluster_tissue__C5-1__spleen,Rorc,3,196,-0.009291410446166992,-0.003803769126534462,0.15805520028325365,True
cluster_tissue__C5-1__spleen,Il23r,3,196,-0.005090855062007904,-0.004174927249550819,0.15805520028325365,True
cluster_tissue__C5-1__spleen,Fos,4,196,0.0958213210105896,0.09532502293586731,0.1424110907330336,True
cluster_tissue__C5-1__spleen,Jun,4,196,0.44789525866508484,0.4328055679798126,0.1424110907330336,True
cluster_tissue__C5-1__spleen,Junb,4,196,0.31134217977523804,0.3058871030807495,0.1424110907330336,True
cluster_tissue__C5-1__spleen,Jund,4,196,0.17115485668182373,0.1461033821105957,0.1424110907330336,True
cluster_tissue__C5-1__spleen,Fosb,4,196,0.03489861637353897,0.07469666004180908,0.1424110907330336,True
cluster_tissue__C5-1__spleen,Fosl2,4,196,0.015147419646382332,0.015650000423192978,0.1424110907330336,True
cluster_tissue__C5-1__spleen,Dusp1,4,196,0.019593194127082825,0.033907294273376465,0.1424110907330336,True
cluster_tissue__C5-1__spleen,Nr4a1,4,196,0.025974538177251816,0.015670429915189743,0.1424110907330336,True
cluster_tissue__C5-1__spleen,Rorc,4,196,-0.0030608810484409332,-0.003803769126534462,0.1424110907330336,True
cluster_tissue__C5-1__spleen,Il23r,4,196,0.0,-0.004174927249550819,0.1424110907330336,False
cluster_tissue__C5-1__spleen,Fos,5,196,0.0999138280749321,0.09532502293586731,0.152657800406862,True
cluster_tissue__C5-1__spleen,Jun,5,196,0.3946389853954315,0.4328055679798126,0.152657800406862,True
cluster_tissue__C5-1__spleen,Junb,5,196,0.3388432264328003,0.3058871030807495,0.152657800406862,True
cluster_tissue__C5-1__spleen,Jund,5,196,0.1723242998123169,0.1461033821105957,0.152657800406862,True
cluster_tissue__C5-1__spleen,Fosb,5,196,0.07807248830795288,0.07469666004180908,0.152657800406862,True
cluster_tissue__C5-1__spleen,Fosl2,5,196,0.019078349694609642,0.015650000423192978,0.152657800406862,True
cluster_tissue__C5-1__spleen,Dusp1,5,196,0.04429520666599274,0.033907294273376465,0.152657800406862,True
cluster_tissue__C5-1__spleen,Nr4a1,5,196,0.02954801172018051,0.015670429915189743,0.152657800406862,True
cluster_tissue__C5-1__spleen,Rorc,5,196,-0.009291410446166992,-0.003803769126534462,0.152657800406862,True
cluster_tissue__C5-1__spleen,Il23r,5,196,-0.005090855062007904,-0.004174927249550819,0.152657800406862,True
cluster_tissue__C5-1__spleen,Fos,6,196,0.08668231219053268,0.09532502293586731,0.14686991273889105,True
cluster_tissue__C5-1__spleen,Jun,6,196,0.3816119134426117,0.4328055679798126,0.14686991273889105,True
cluster_tissue__C5-1__spleen,Junb,6,196,0.24916237592697144,0.3058871030807495,0.14686991273889105,True
cluster_tissue__C5-1__spleen,Jund,6,196,0.16725575923919678,0.1461033821105957,0.14686991273889105,True
cluster_tissue__C5-1__spleen,Fosb,6,196,0.04278121888637543,0.07469666004180908,0.14686991273889105,True
cluster_tissue__C5-1__spleen,Fosl2,6,196,0.023193983361124992,0.015650000423192978,0.14686991273889105,True
cluster_tissue__C5-1__spleen,Dusp1,6,196,0.020830988883972168,0.033907294273376465,0.14686991273889105,True
cluster_tissue__C5-1__spleen,Nr4a1,6,196,0.03208930045366287,0.015670429915189743,0.14686991273889105,True
cluster_tissue__C5-1__spleen,Rorc,6,196,-0.014367422088980675,-0.003803769126534462,0.14686991273889105,True
cluster_tissue__C5-1__spleen,Il23r,6,196,-0.005090855062007904,-0.004174927249550819,0.14686991273889105,True
cluster_tissue__C5-1__spleen,Fos,7,196,0.08353369683027267,0.09532502293586731,0.17284574335936315,True
cluster_tissue__C5-1__spleen,Jun,7,196,0.412017285823822,0.4328055679798126,0.17284574335936315,True
cluster_tissue__C5-1__spleen,Junb,7,196,0.30109113454818726,0.3058871030807495,0.17284574335936315,True
cluster_tissue__C5-1__spleen,Jund,7,196,0.18537819385528564,0.1461033821105957,0.17284574335936315,True
cluster_tissue__C5-1__spleen,Fosb,7,196,0.04561565816402435,0.07469666004180908,0.17284574335936315,True
cluster_tissue__C5-1__spleen,Fosl2,7,196,0.017233004793524742,0.015650000423192978,0.17284574335936315,True
cluster_tissue__C5-1__spleen,Dusp1,7,196,0.06054374575614929,0.033907294273376465,0.17284574335936315,True
cluster_tissue__C5-1__spleen,Nr4a1,7,196,0.02698461338877678,0.015670429915189743,0.17284574335936315,True
cluster_tissue__C5-1__spleen,Rorc,7,196,-0.009291410446166992,-0.003803769126534462,0.17284574335936315,True
cluster_tissue__C5-1__spleen,Il23r,7,196,0.0,-0.004174927249550819,0.17284574335936315,False
cluster_tissue__C5-1__spleen,Fos,8,196,0.12456465512514114,0.09532502293586731,0.14462916084731522,True
cluster_tissue__C5-1__spleen,Jun,8,196,0.4224783182144165,0.4328055679798126,0.14462916084731522,True
cluster_tissue__C5-1__spleen,Junb,8,196,0.29019808769226074,0.3058871030807495,0.14462916084731522,True
cluster_tissue__C5-1__spleen,Jund,8,196,0.23766446113586426,0.1461033821105957,0.14462916084731522,True
cluster_tissue__C5-1__spleen,Fosb,8,196,0.06741096824407578,0.07469666004180908,0.14462916084731522,True
cluster_tissue__C5-1__spleen,Fosl2,8,196,0.019035428762435913,0.015650000423192978,0.14462916084731522,True
cluster_tissue__C5-1__spleen,Dusp1,8,196,0.01536773145198822,0.033907294273376465,0.14462916084731522,True
cluster_tissue__C5-1__spleen,Nr4a1,8,196,0.027312535792589188,0.015670429915189743,0.14462916084731522,True
cluster_tissue__C5-1__spleen,Rorc,8,196,-0.004603715613484383,-0.003803769126534462,0.14462916084731522,True
cluster_tissue__C5-1__spleen,Il23r,8,196,0.0,-0.004174927249550819,0.14462916084731522,False
cluster_tissue__C5-1__spleen,Fos,9,196,0.1297197788953781,0.09532502293586731,0.14942545721246897,True
cluster_tissue__C5-1__spleen,Jun,9,196,0.4064090847969055,0.4328055679798126,0.14942545721246897,True
cluster_tissue__C5-1__spleen,Junb,9,196,0.25655651092529297,0.3058871030807495,0.14942545721246897,True
cluster_tissue__C5-1__spleen,Jund,9,196,0.19579291343688965,0.1461033821105957,0.14942545721246897,True
cluster_tissue__C5-1__spleen,Fosb,9,196,0.06664952635765076,0.07469666004180908,0.14942545721246897,True
cluster_tissue__C5-1__spleen,Fosl2,9,196,0.018608687445521355,0.015650000423192978,0.14942545721246897,True
cluster_tissue__C5-1__spleen,Dusp1,9,196,0.04362459480762482,0.033907294273376465,0.14942545721246897,True
cluster_tissue__C5-1__spleen,Nr4a1,9,196,0.010140979662537575,0.015670429915189743,0.14942545721246897,True
cluster_tissue__C5-1__spleen,Rorc,9,196,-0.009291410446166992,-0.003803769126534462,0.14942545721246897,True
cluster_tissue__C5-1__spleen,Il23r,9,196,-0.005090855062007904,-0.004174927249550819,0.14942545721246897,True
cluster_tissue__C5-1__spleen,Fos,10,196,0.09070681035518646,0.09532502293586731,0.15701231361895696,True
cluster_tissue__C5-1__spleen,Jun,10,196,0.37667983770370483,0.4328055679798126,0.15701231361895696,True
cluster_tissue__C5-1__spleen,Junb,10,196,0.3054407238960266,0.3058871030807495,0.15701231361895696,True
cluster_tissue__C5-1__spleen,Jund,10,196,0.1894667148590088,0.1461033821105957,0.15701231361895696,True
cluster_tissue__C5-1__spleen,Fosb,10,196,0.07993870973587036,0.07469666004180908,0.15701231361895696,True
cluster_tissue__C5-1__spleen,Fosl2,10,196,0.00815441831946373,0.015650000423192978,0.15701231361895696,True
cluster_tissue__C5-1__spleen,Dusp1,10,196,0.03689146041870117,0.033907294273376465,0.15701231361895696,True
cluster_tissue__C5-1__spleen,Nr4a1,10,196,0.02086985483765602,0.015670429915189743,0.15701231361895696,True
cluster_tissue__C5-1__spleen,Rorc,10,196,-0.009291410446166992,-0.003803769126534462,0.15701231361895696,True
cluster_tissue__C5-1__spleen,Il23r,10,196,0.0,-0.004174927249550819,0.15701231361895696,False
cluster_tissue__C5-1__spleen,Fos,11,196,0.11097817867994308,0.09532502293586731,0.1593786656280734,True
cluster_tissue__C5-1__spleen,Jun,11,196,0.42046958208084106,0.4328055679798126,0.1593786656280734,True
cluster_tissue__C5-1__spleen,Junb,11,196,0.36551183462142944,0.3058871030807495,0.1593786656280734,True
cluster_tissue__C5-1__spleen,Jund,11,196,0.18754124641418457,0.1461033821105957,0.1593786656280734,True
cluster_tissue__C5-1__spleen,Fosb,11,196,0.060786135494709015,0.07469666004180908,0.1593786656280734,True
cluster_tissue__C5-1__spleen,Fosl2,11,196,0.019078349694609642,0.015650000423192978,0.1593786656280734,True
cluster_tissue__C5-1__spleen,Dusp1,11,196,0.04881463944911957,0.033907294273376465,0.1593786656280734,True
cluster_tissue__C5-1__spleen,Nr4a1,11,196,0.01567901112139225,0.015670429915189743,0.1593786656280734,True
cluster_tissue__C5-1__spleen,Rorc,11,196,0.001225469633936882,-0.003803769126534462,0.1593786656280734,False
cluster_tissue__C5-1__spleen,Il23r,11,196,0.0,-0.004174927249550819,0.1593786656280734,False
cluster_tissue__C5-1__spleen,Fos,12,196,0.11501181125640869,0.09532502293586731,0.1471651178948661,True
cluster_tissue__C5-1__spleen,Jun,12,196,0.398072212934494,0.4328055679798126,0.1471651178948661,True
cluster_tissue__C5-1__spleen,Junb,12,196,0.2739924192428589,0.3058871030807495,0.1471651178948661,True
cluster_tissue__C5-1__spleen,Jund,12,196,0.1945650577545166,0.1461033821105957,0.1471651178948661,True
cluster_tissue__C5-1__spleen,Fosb,12,196,0.021406427025794983,0.07469666004180908,0.1471651178948661,True
cluster_tissue__C5-1__spleen,Fosl2,12,196,0.004944002255797386,0.015650000423192978,0.1471651178948661,True
cluster_tissue__C5-1__spleen,Dusp1,12,196,0.02506852149963379,0.033907294273376465,0.1471651178948661,True
cluster_tissue__C5-1__spleen,Nr4a1,12,196,0.036289334297180176,0.015670429915189743,0.1471651178948661,True
cluster_tissue__C5-1__spleen,Rorc,12,196,-0.009291410446166992,-0.003803769126534462,0.1471651178948661,True
cluster_tissue__C5-1__spleen,Il23r,12,196,-0.005090855062007904,-0.004174927249550819,0.1471651178948661,True
cluster_tissue__C5-1__spleen,Fos,13,196,0.07604397088289261,0.09532502293586731,0.15832945969828813,True
cluster_tissue__C5-1__spleen,Jun,13,196,0.40608736872673035,0.4328055679798126,0.15832945969828813,True
cluster_tissue__C5-1__spleen,Junb,13,196,0.3020971417427063,0.3058871030807495,0.15832945969828813,True
cluster_tissue__C5-1__spleen,Jund,13,196,0.1865675449371338,0.1461033821105957,0.15832945969828813,True
cluster_tissue__C5-1__spleen,Fosb,13,196,0.03564414381980896,0.07469666004180908,0.15832945969828813,True
cluster_tissue__C5-1__spleen,Fosl2,13,196,0.013302071020007133,0.015650000423192978,0.15832945969828813,True
cluster_tissue__C5-1__spleen,Dusp1,13,196,0.047917336225509644,0.033907294273376465,0.15832945969828813,True
cluster_tissue__C5-1__spleen,Nr4a1,13,196,0.026338782161474228,0.015670429915189743,0.15832945969828813,True
cluster_tissue__C5-1__spleen,Rorc,13,196,-0.009291410446166992,-0.003803769126534462,0.15832945969828813,True
cluster_tissue__C5-1__spleen,Il23r,13,196,-0.005090855062007904,-0.004174927249550819,0.15832945969828813,True
cluster_tissue__C5-1__spleen,Fos,14,196,0.07497797906398773,0.09532502293586731,0.17603103178985818,True
cluster_tissue__C5-1__spleen,Jun,14,196,0.3500829339027405,0.4328055679798126,0.17603103178985818,True
cluster_tissue__C5-1__spleen,Junb,14,196,0.3012489676475525,0.3058871030807495,0.17603103178985818,True
cluster_tissue__C5-1__spleen,Jund,14,196,0.15121102333068848,0.1461033821105957,0.17603103178985818,True
cluster_tissue__C5-1__spleen,Fosb,14,196,0.05182628333568573,0.07469666004180908,0.17603103178985818,True
cluster_tissue__C5-1__spleen,Fosl2,14,196,0.018081320449709892,0.015650000423192978,0.17603103178985818,True
cluster_tissue__C5-1__spleen,Dusp1,14,196,0.05769287049770355,0.033907294273376465,0.17603103178985818,True
cluster_tissue__C5-1__spleen,Nr4a1,14,196,0.010574329644441605,0.015670429915189743,0.17603103178985818,True
cluster_tissue__C5-1__spleen,Rorc,14,196,-0.009291410446166992,-0.003803769126534462,0.17603103178985818,True
cluster_tissue__C5-1__spleen,Il23r,14,196,-0.005090855062007904,-0.004174927249550819,0.17603103178985818,True
cluster_tissue__C5-1__spleen,Fos,15,196,0.052809663116931915,0.09532502293586731,0.14654213778481376,True
cluster_tissue__C5-1__spleen,Jun,15,196,0.3864344656467438,0.4328055679798126,0.14654213778481376,True
cluster_tissue__C5-1__spleen,Junb,15,196,0.3275405168533325,0.3058871030807495,0.14654213778481376,True
cluster_tissue__C5-1__spleen,Jund,15,196,0.1747812032699585,0.1461033821105957,0.14654213778481376,True
cluster_tissue__C5-1__spleen,Fosb,15,196,0.04588696360588074,0.07469666004180908,0.14654213778481376,True
cluster_tissue__C5-1__spleen,Fosl2,15,196,0.018422378227114677,0.015650000423192978,0.14654213778481376,True
cluster_tissue__C5-1__spleen,Dusp1,15,196,0.038593441247940063,0.033907294273376465,0.14654213778481376,True
cluster_tissue__C5-1__spleen,Nr4a1,15,196,0.022207852452993393,0.015670429915189743,0.14654213778481376,True
cluster_tissue__C5-1__spleen,Rorc,15,196,-0.0038505420088768005,-0.003803769126534462,0.14654213778481376,True
cluster_tissue__C5-1__spleen,Il23r,15,196,0.0,-0.004174927249550819,0.14654213778481376,False
cluster_tissue__C5-1__spleen,Fos,16,196,0.07180914282798767,0.09532502293586731,0.1507135914648418,True
cluster_tissue__C5-1__spleen,Jun,16,196,0.4058082699775696,0.4328055679798126,0.1507135914648418,True
cluster_tissue__C5-1__spleen,Junb,16,196,0.27505773305892944,0.3058871030807495,0.1507135914648418,True
cluster_tissue__C5-1__spleen,Jund,16,196,0.1853923797607422,0.1461033821105957,0.1507135914648418,True
cluster_tissue__C5-1__spleen,Fosb,16,196,0.0634898990392685,0.07469666004180908,0.1507135914648418,True
cluster_tissue__C5-1__spleen,Fosl2,16,196,0.017575861886143684,0.015650000423192978,0.1507135914648418,True
cluster_tissue__C5-1__spleen,Dusp1,16,196,0.006399825215339661,0.033907294273376465,0.1507135914648418,True
cluster_tissue__C5-1__spleen,Nr4a1,16,196,0.014341011643409729,0.015670429915189743,0.1507135914648418,True
cluster_tissue__C5-1__spleen,Rorc,16,196,0.0016268137842416763,-0.003803769126534462,0.1507135914648418,False
cluster_tissue__C5-1__spleen,Il23r,16,196,-0.005090855062007904,-0.004174927249550819,0.1507135914648418,True
cluster_tissue__C5-1__spleen,Fos,17,196,0.09191014617681503,0.09532502293586731,0.17908005831407026,True
cluster_tissue__C5-1__spleen,Jun,17,196,0.3324592411518097,0.4328055679798126,0.17908005831407026,True
cluster_tissue__C5-1__spleen,Junb,17,196,0.3241981863975525,0.3058871030807495,0.17908005831407026,True
cluster_tissue__C5-1__spleen,Jund,17,196,0.1712639331817627,0.1461033821105957,0.17908005831407026,True
cluster_tissue__C5-1__spleen,Fosb,17,196,0.030281037092208862,0.07469666004180908,0.17908005831407026,True
cluster_tissue__C5-1__spleen,Fosl2,17,196,0.008532265201210976,0.015650000423192978,0.17908005831407026,True
cluster_tissue__C5-1__spleen,Dusp1,17,196,0.03753820061683655,0.033907294273376465,0.17908005831407026,True
cluster_tissue__C5-1__spleen,Nr4a1,17,196,0.019809946417808533,0.015670429915189743,0.17908005831407026,True
cluster_tissue__C5-1__spleen,Rorc,17,196,-0.0030608810484409332,-0.003803769126534462,0.17908005831407026,True
cluster_tissue__C5-1__spleen,Il23r,17,196,-0.005090855062007904,-0.004174927249550819,0.17908005831407026,True
cluster_tissue__C5-1__spleen,Fos,18,196,0.09141836315393448,0.09532502293586731,0.19365035015413684,True
cluster_tissue__C5-1__spleen,Jun,18,196,0.4303407371044159,0.4328055679798126,0.19365035015413684,True
cluster_tissue__C5-1__spleen,Junb,18,196,0.3253517746925354,0.3058871030807495,0.19365035015413684,True
cluster_tissue__C5-1__spleen,Jund,18,196,0.20601725578308105,0.1461033821105957,0.19365035015413684,True
cluster_tissue__C5-1__spleen,Fosb,18,196,0.0694521814584732,0.07469666004180908,0.19365035015413684,True
cluster_tissue__C5-1__spleen,Fosl2,18,196,0.03150179609656334,0.015650000423192978,0.19365035015413684,True
cluster_tissue__C5-1__spleen,Dusp1,18,196,0.04932466149330139,0.033907294273376465,0.19365035015413684,True
cluster_tissue__C5-1__spleen,Nr4a1,18,196,0.021973930299282074,0.015670429915189743,0.19365035015413684,True
cluster_tissue__C5-1__spleen,Rorc,18,196,-0.009291410446166992,-0.003803769126534462,0.19365035015413684,True
cluster_tissue__C5-1__spleen,Il23r,18,196,0.0,-0.004174927249550819,0.19365035015413684,False
cluster_tissue__C5-1__spleen,Fos,19,196,0.11250755190849304,0.09532502293586731,0.1745870155209063,True
cluster_tissue__C5-1__spleen,Jun,19,196,0.4013170897960663,0.4328055679798126,0.1745870155209063,True
cluster_tissue__C5-1__spleen,Junb,19,196,0.2977323532104492,0.3058871030807495,0.1745870155209063,True
cluster_tissue__C5-1__spleen,Jund,19,196,0.14148521423339844,0.1461033821105957,0.1745870155209063,True
cluster_tissue__C5-1__spleen,Fosb,19,196,0.07169578969478607,0.07469666004180908,0.1745870155209063,True
cluster_tissue__C5-1__spleen,Fosl2,19,196,0.012463198974728584,0.015650000423192978,0.1745870155209063,True
cluster_tissue__C5-1__spleen,Dusp1,19,196,0.06914478540420532,0.033907294273376465,0.1745870155209063,True
cluster_tissue__C5-1__spleen,Nr4a1,19,196,0.020571216940879822,0.015670429915189743,0.1745870155209063,True
cluster_tissue__C5-1__spleen,Rorc,19,196,0.009288398548960686,-0.003803769126534462,0.1745870155209063,False
cluster_tissue__C5-1__spleen,Il23r,19,196,-0.005090855062007904,-0.004174927249550819,0.1745870155209063,True
cluster_tissue__C5-2__bone_marrow,Fos,0,56,0.12706106901168823,0.07130575180053711,0.0829096356352989,True
cluster_tissue__C5-2__bone_marrow,Jun,0,56,0.21069815754890442,0.09184116125106812,0.0829096356352989,True
cluster_tissue__C5-2__bone_marrow,Junb,0,56,0.03401637077331543,0.05373644828796387,0.0829096356352989,True
cluster_tissue__C5-2__bone_marrow,Jund,0,56,0.02650594711303711,-0.08156943321228027,0.0829096356352989,False
cluster_tissue__C5-2__bone_marrow,Fosb,0,56,0.23387014865875244,0.13319113850593567,0.0829096356352989,True
cluster_tissue__C5-2__bone_marrow,Fosl2,0,56,-0.0025299862027168274,-0.03224235028028488,0.0829096356352989,True
cluster_tissue__C5-2__bone_marrow,Dusp1,0,56,0.10019519925117493,0.09344786405563354,0.0829096356352989,True
cluster_tissue__C5-2__bone_marrow,Nr4a1,0,56,0.016398850828409195,0.03861447423696518,0.0829096356352989,True
cluster_tissue__C5-2__bone_marrow,Rorc,0,56,0.05048948526382446,0.022885650396347046,0.0829096356352989,True
cluster_tissue__C5-2__bone_marrow,Il23r,0,56,0.11160352826118469,0.11559462547302246,0.0829096356352989,True
cluster_tissue__C5-2__bone_marrow,Fos,1,56,0.13098211586475372,0.07130575180053711,0.10698707716689275,True
cluster_tissue__C5-2__bone_marrow,Jun,1,56,0.15172749757766724,0.09184116125106812,0.10698707716689275,True
cluster_tissue__C5-2__bone_marrow,Junb,1,56,0.12250220775604248,0.05373644828796387,0.10698707716689275,True
cluster_tissue__C5-2__bone_marrow,Jund,1,56,-0.024325132369995117,-0.08156943321228027,0.10698707716689275,True
cluster_tissue__C5-2__bone_marrow,Fosb,1,56,0.1875973343849182,0.13319113850593567,0.10698707716689275,True
cluster_tissue__C5-2__bone_marrow,Fosl2,1,56,-0.0525127574801445,-0.03224235028028488,0.10698707716689275,True
cluster_tissue__C5-2__bone_marrow,Dusp1,1,56,0.12905742228031158,0.09344786405563354,0.10698707716689275,True
cluster_tissue__C5-2__bone_marrow,Nr4a1,1,56,0.03300058841705322,0.03861447423696518,0.10698707716689275,True
cluster_tissue__C5-2__bone_marrow,Rorc,1,56,-0.02550363540649414,0.022885650396347046,0.10698707716689275,False
cluster_tissue__C5-2__bone_marrow,Il23r,1,56,0.05728970468044281,0.11559462547302246,0.10698707716689275,True
cluster_tissue__C5-2__bone_marrow,Fos,2,56,0.13789743185043335,0.07130575180053711,0.12350773411609263,True
cluster_tissue__C5-2__bone_marrow,Jun,2,56,0.1441625952720642,0.09184116125106812,0.12350773411609263,True
cluster_tissue__C5-2__bone_marrow,Junb,2,56,0.060555338859558105,0.05373644828796387,0.12350773411609263,True
cluster_tissue__C5-2__bone_marrow,Jund,2,56,0.017037272453308105,-0.08156943321228027,0.12350773411609263,False
cluster_tissue__C5-2__bone_marrow,Fosb,2,56,0.19217655062675476,0.13319113850593567,0.12350773411609263,True
cluster_tissue__C5-2__bone_marrow,Fosl2,2,56,-0.004023253917694092,-0.03224235028028488,0.12350773411609263,True
cluster_tissue__C5-2__bone_marrow,Dusp1,2,56,0.13760977983474731,0.09344786405563354,0.12350773411609263,True
cluster_tissue__C5-2__bone_marrow,Nr4a1,2,56,0.04868349805474281,0.03861447423696518,0.12350773411609263,True
cluster_tissue__C5-2__bone_marrow,Rorc,2,56,-0.04663741588592529,0.022885650396347046,0.12350773411609263,False
cluster_tissue__C5-2__bone_marrow,Il23r,2,56,0.15270639955997467,0.11559462547302246,0.12350773411609263,True
cluster_tissue__C5-2__bone_marrow,Fos,3,56,0.1049470379948616,0.07130575180053711,0.08451939902009552,True
cluster_tissue__C5-2__bone_marrow,Jun,3,56,0.25581875443458557,0.09184116125106812,0.08451939902009552,True
cluster_tissue__C5-2__bone_marrow,Junb,3,56,0.1670670509338379,0.05373644828796387,0.08451939902009552,True
cluster_tissue__C5-2__bone_marrow,Jund,3,56,0.014200210571289062,-0.08156943321228027,0.08451939902009552,False
cluster_tissue__C5-2__bone_marrow,Fosb,3,56,0.1963384449481964,0.13319113850593567,0.08451939902009552,True
cluster_tissue__C5-2__bone_marrow,Fosl2,3,56,-0.018271856009960175,-0.03224235028028488,0.08451939902009552,True
cluster_tissue__C5-2__bone_marrow,Dusp1,3,56,0.08054129779338837,0.09344786405563354,0.08451939902009552,True
cluster_tissue__C5-2__bone_marrow,Nr4a1,3,56,0.0,0.03861447423696518,0.08451939902009552,False
cluster_tissue__C5-2__bone_marrow,Rorc,3,56,0.07277530431747437,0.022885650396347046,0.08451939902009552,True
cluster_tissue__C5-2__bone_marrow,Il23r,3,56,0.07096756994724274,0.11559462547302246,0.08451939902009552,True
cluster_tissue__C5-2__bone_marrow,Fos,4,56,0.14740954339504242,0.07130575180053711,0.09740151376363801,True
cluster_tissue__C5-2__bone_marrow,Jun,4,56,0.15843993425369263,0.09184116125106812,0.09740151376363801,True
cluster_tissue__C5-2__bone_marrow,Junb,4,56,0.15310895442962646,0.05373644828796387,0.09740151376363801,True
cluster_tissue__C5-2__bone_marrow,Jund,4,56,0.062053680419921875,-0.08156943321228027,0.09740151376363801,False
cluster_tissue__C5-2__bone_marrow,Fosb,4,56,0.2244747281074524,0.13319113850593567,0.09740151376363801,True
cluster_tissue__C5-2__bone_marrow,Fosl2,4,56,-0.003836981952190399,-0.03224235028028488,0.09740151376363801,True
cluster_tissue__C5-2__bone_marrow,Dusp1,4,56,0.0939474105834961,0.09344786405563354,0.09740151376363801,True
cluster_tissue__C5-2__bone_marrow,Nr4a1,4,56,0.016601739451289177,0.03861447423696518,0.09740151376363801,True
cluster_tissue__C5-2__bone_marrow,Rorc,4,56,0.040424883365631104,0.022885650396347046,0.09740151376363801,True
cluster_tissue__C5-2__bone_marrow,Il23r,4,56,0.18084995448589325,0.11559462547302246,0.09740151376363801,True
cluster_tissue__C5-2__bone_marrow,Fos,5,56,0.10283870995044708,0.07130575180053711,0.12286014380193648,True
cluster_tissue__C5-2__bone_marrow,Jun,5,56,0.10719561576843262,0.09184116125106812,0.12286014380193648,True
cluster_tissue__C5-2__bone_marrow,Junb,5,56,0.1188821792602539,0.05373644828796387,0.12286014380193648,True
cluster_tissue__C5-2__bone_marrow,Jund,5,56,-0.022585511207580566,-0.08156943321228027,0.12286014380193648,True
cluster_tissue__C5-2__bone_marrow,Fosb,5,56,0.1694294810295105,0.13319113850593567,0.12286014380193648,True
cluster_tissue__C5-2__bone_marrow,Fosl2,5,56,-0.03713467717170715,-0.03224235028028488,0.12286014380193648,True
cluster_tissue__C5-2__bone_marrow,Dusp1,5,56,0.08659018576145172,0.09344786405563354,0.12286014380193648,True
cluster_tissue__C5-2__bone_marrow,Nr4a1,5,56,0.016398850828409195,0.03861447423696518,0.12286014380193648,True
cluster_tissue__C5-2__bone_marrow,Rorc,5,56,0.014191150665283203,0.022885650396347046,0.12286014380193648,True
cluster_tissue__C5-2__bone_marrow,Il23r,5,56,0.12250378727912903,0.11559462547302246,0.12286014380193648,True
cluster_tissue__C5-2__bone_marrow,Fos,6,56,0.1272144466638565,0.07130575180053711,0.06572560992472246,True
cluster_tissue__C5-2__bone_marrow,Jun,6,56,0.10952439904212952,0.09184116125106812,0.06572560992472246,True
cluster_tissue__C5-2__bone_marrow,Junb,6,56,0.12270110845565796,0.05373644828796387,0.06572560992472246,True
cluster_tissue__C5-2__bone_marrow,Jund,6,56,0.015296101570129395,-0.08156943321228027,0.06572560992472246,False
cluster_tissue__C5-2__bone_marrow,Fosb,6,56,0.17404189705848694,0.13319113850593567,0.06572560992472246,True
cluster_tissue__C5-2__bone_marrow,Fosl2,6,56,-0.05400974303483963,-0.03224235028028488,0.06572560992472246,True
cluster_tissue__C5-2__bone_marrow,Dusp1,6,56,0.05639195442199707,0.09344786405563354,0.06572560992472246,True
cluster_tissue__C5-2__bone_marrow,Nr4a1,6,56,0.03300058841705322,0.03861447423696518,0.06572560992472246,True
cluster_tissue__C5-2__bone_marrow,Rorc,6,56,0.07222342491149902,0.022885650396347046,0.06572560992472246,True
cluster_tissue__C5-2__bone_marrow,Il23r,6,56,0.10689149796962738,0.11559462547302246,0.06572560992472246,True
cluster_tissue__C5-2__bone_marrow,Fos,7,56,-0.001060575246810913,0.07130575180053711,0.09239671865045622,False
cluster_tissue__C5-2__bone_marrow,Jun,7,56,0.14870229363441467,0.09184116125106812,0.09239671865045622,True
cluster_tissue__C5-2__bone_marrow,Junb,7,56,0.12199318408966064,0.05373644828796387,0.09239671865045622,True
cluster_tissue__C5-2__bone_marrow,Jund,7,56,-0.02976822853088379,-0.08156943321228027,0.09239671865045622,True
cluster_tissue__C5-2__bone_marrow,Fosb,7,56,0.13639187812805176,0.13319113850593567,0.09239671865045622,True
cluster_tissue__C5-2__bone_marrow,Fosl2,7,56,-0.051831990480422974,-0.03224235028028488,0.09239671865045622,True
cluster_tissue__C5-2__bone_marrow,Dusp1,7,56,0.028002455830574036,0.09344786405563354,0.09239671865045622,True
cluster_tissue__C5-2__bone_marrow,Nr4a1,7,56,0.016398850828409195,0.03861447423696518,0.09239671865045622,True
cluster_tissue__C5-2__bone_marrow,Rorc,7,56,0.025204122066497803,0.022885650396347046,0.09239671865045622,True
cluster_tissue__C5-2__bone_marrow,Il23r,7,56,0.09202010929584503,0.11559462547302246,0.09239671865045622,True
cluster_tissue__C5-2__bone_marrow,Fos,8,56,0.1270495355129242,0.07130575180053711,0.08700131454684744,True
cluster_tissue__C5-2__bone_marrow,Jun,8,56,0.14364352822303772,0.09184116125106812,0.08700131454684744,True
cluster_tissue__C5-2__bone_marrow,Junb,8,56,0.1090097427368164,0.05373644828796387,0.08700131454684744,True
cluster_tissue__C5-2__bone_marrow,Jund,8,56,-0.05734705924987793,-0.08156943321228027,0.08700131454684744,True
cluster_tissue__C5-2__bone_marrow,Fosb,8,56,0.2369779348373413,0.13319113850593567,0.08700131454684744,True
cluster_tissue__C5-2__bone_marrow,Fosl2,8,56,-0.05364595353603363,-0.03224235028028488,0.08700131454684744,True
cluster_tissue__C5-2__bone_marrow,Dusp1,8,56,0.08980153501033783,0.09344786405563354,0.08700131454684744,True
cluster_tissue__C5-2__bone_marrow,Nr4a1,8,56,0.03300058841705322,0.03861447423696518,0.08700131454684744,True
cluster_tissue__C5-2__bone_marrow,Rorc,8,56,-0.049155354499816895,0.022885650396347046,0.08700131454684744,False
cluster_tissue__C5-2__bone_marrow,Il23r,8,56,0.07611452043056488,0.11559462547302246,0.08700131454684744,True
cluster_tissue__C5-2__bone_marrow,Fos,9,56,0.10980188846588135,0.07130575180053711,0.08652685508201684,True
cluster_tissue__C5-2__bone_marrow,Jun,9,56,0.11686250567436218,0.09184116125106812,0.08652685508201684,True
cluster_tissue__C5-2__bone_marrow,Junb,9,56,0.004047036170959473,0.05373644828796387,0.08652685508201684,True
cluster_tissue__C5-2__bone_marrow,Jund,9,56,-0.09556400775909424,-0.08156943321228027,0.08652685508201684,True
cluster_tissue__C5-2__bone_marrow,Fosb,9,56,0.12350504845380783,0.13319113850593567,0.08652685508201684,True
cluster_tissue__C5-2__bone_marrow,Fosl2,9,56,-0.003836981952190399,-0.03224235028028488,0.08652685508201684,True
cluster_tissue__C5-2__bone_marrow,Dusp1,9,56,0.03656381368637085,0.09344786405563354,0.08652685508201684,True
cluster_tissue__C5-2__bone_marrow,Nr4a1,9,56,0.0,0.03861447423696518,0.08652685508201684,False
cluster_tissue__C5-2__bone_marrow,Rorc,9,56,0.04929956793785095,0.022885650396347046,0.08652685508201684,True
cluster_tissue__C5-2__bone_marrow,Il23r,9,56,0.11102709174156189,0.11559462547302246,0.08652685508201684,True
cluster_tissue__C5-2__bone_marrow,Fos,10,56,0.2040664106607437,0.07130575180053711,0.07372367701196615,True
cluster_tissue__C5-2__bone_marrow,Jun,10,56,0.24747946858406067,0.09184116125106812,0.07372367701196615,True
cluster_tissue__C5-2__bone_marrow,Junb,10,56,0.22824472188949585,0.05373644828796387,0.07372367701196615,True
cluster_tissue__C5-2__bone_marrow,Jund,10,56,0.09872591495513916,-0.08156943321228027,0.07372367701196615,False
cluster_tissue__C5-2__bone_marrow,Fosb,10,56,0.27698200941085815,0.13319113850593567,0.07372367701196615,True
cluster_tissue__C5-2__bone_marrow,Fosl2,10,56,0.012661829590797424,-0.03224235028028488,0.07372367701196615,False
cluster_tissue__C5-2__bone_marrow,Dusp1,10,56,0.18609461188316345,0.09344786405563354,0.07372367701196615,True
cluster_tissue__C5-2__bone_marrow,Nr4a1,10,56,0.016601739451289177,0.03861447423696518,0.07372367701196615,True
cluster_tissue__C5-2__bone_marrow,Rorc,10,56,0.02306973934173584,0.022885650396347046,0.07372367701196615,True
cluster_tissue__C5-2__bone_marrow,Il23r,10,56,0.13784848153591156,0.11559462547302246,0.07372367701196615,True
cluster_tissue__C5-2__bone_marrow,Fos,11,56,0.11714352667331696,0.07130575180053711,0.08420244024915186,True
cluster_tissue__C5-2__bone_marrow,Jun,11,56,0.18291765451431274,0.09184116125106812,0.08420244024915186,True
cluster_tissue__C5-2__bone_marrow,Junb,11,56,0.14925909042358398,0.05373644828796387,0.08420244024915186,True
cluster_tissue__C5-2__bone_marrow,Jund,11,56,-0.03279542922973633,-0.08156943321228027,0.08420244024915186,True
cluster_tissue__C5-2__bone_marrow,Fosb,11,56,0.1370604932308197,0.13319113850593567,0.08420244024915186,True
cluster_tissue__C5-2__bone_marrow,Fosl2,11,56,-0.03826787322759628,-0.03224235028028488,0.08420244024915186,True
cluster_tissue__C5-2__bone_marrow,Dusp1,11,56,0.008186832070350647,0.09344786405563354,0.08420244024915186,True
cluster_tissue__C5-2__bone_marrow,Nr4a1,11,56,0.01568291150033474,0.03861447423696518,0.08420244024915186,True
cluster_tissue__C5-2__bone_marrow,Rorc,11,56,-0.007514357566833496,0.022885650396347046,0.08420244024915186,False
cluster_tissue__C5-2__bone_marrow,Il23r,11,56,0.15673105418682098,0.11559462547302246,0.08420244024915186,True
cluster_tissue__C5-2__bone_marrow,Fos,12,56,-0.055771440267562866,0.07130575180053711,0.07910521073901573,False
cluster_tissue__C5-2__bone_marrow,Jun,12,56,0.09238037467002869,0.09184116125106812,0.07910521073901573,True
cluster_tissue__C5-2__bone_marrow,Junb,12,56,-0.04759109020233154,0.05373644828796387,0.07910521073901573,False
cluster_tissue__C5-2__bone_marrow,Jund,12,56,-0.18284344673156738,-0.08156943321228027,0.07910521073901573,True
cluster_tissue__C5-2__bone_marrow,Fosb,12,56,0.15145695209503174,0.13319113850593567,0.07910521073901573,True
cluster_tissue__C5-2__bone_marrow,Fosl2,12,56,-0.037320949137210846,-0.03224235028028488,0.07910521073901573,True
cluster_tissue__C5-2__bone_marrow,Dusp1,12,56,-0.008401155471801758,0.09344786405563354,0.07910521073901573,False
cluster_tissue__C5-2__bone_marrow,Nr4a1,12,56,0.0,0.03861447423696518,0.07910521073901573,False
cluster_tissue__C5-2__bone_marrow,Rorc,12,56,0.08581247925758362,0.022885650396347046,0.07910521073901573,True
cluster_tissue__C5-2__bone_marrow,Il23r,12,56,0.10826127231121063,0.11559462547302246,0.07910521073901573,True
cluster_tissue__C5-2__bone_marrow,Fos,13,56,0.13771209120750427,0.07130575180053711,0.08001776469327089,True
cluster_tissue__C5-2__bone_marrow,Jun,13,56,0.21066373586654663,0.09184116125106812,0.08001776469327089,True
cluster_tissue__C5-2__bone_marrow,Junb,13,56,0.20767146348953247,0.05373644828796387,0.08001776469327089,True
cluster_tissue__C5-2__bone_marrow,Jund,13,56,0.034470438957214355,-0.08156943321228027,0.08001776469327089,False
cluster_tissue__C5-2__bone_marrow,Fosb,13,56,0.23651760816574097,0.13319113850593567,0.08001776469327089,True
cluster_tissue__C5-2__bone_marrow,Fosl2,13,56,-0.021579071879386902,-0.03224235028028488,0.08001776469327089,True
cluster_tissue__C5-2__bone_marrow,Dusp1,13,56,0.13402248919010162,0.09344786405563354,0.08001776469327089,True
cluster_tissue__C5-2__bone_marrow,Nr4a1,13,56,0.016601739451289177,0.03861447423696518,0.08001776469327089,True
cluster_tissue__C5-2__bone_marrow,Rorc,13,56,-0.02071201801300049,0.022885650396347046,0.08001776469327089,False
cluster_tissue__C5-2__bone_marrow,Il23r,13,56,0.15082310140132904,0.11559462547302246,0.08001776469327089,True
cluster_tissue__C5-2__bone_marrow,Fos,14,56,0.12629497051239014,0.07130575180053711,0.09744265850618082,True
cluster_tissue__C5-2__bone_marrow,Jun,14,56,0.038833022117614746,0.09184116125106812,0.09744265850618082,True
cluster_tissue__C5-2__bone_marrow,Junb,14,56,0.2208043336868286,0.05373644828796387,0.09744265850618082,True
cluster_tissue__C5-2__bone_marrow,Jund,14,56,0.036136746406555176,-0.08156943321228027,0.09744265850618082,False
cluster_tissue__C5-2__bone_marrow,Fosb,14,56,0.2071564793586731,0.13319113850593567,0.09744265850618082,True
cluster_tissue__C5-2__bone_marrow,Fosl2,14,56,0.011354833841323853,-0.03224235028028488,0.09744265850618082,False
cluster_tissue__C5-2__bone_marrow,Dusp1,14,56,0.1256614476442337,0.09344786405563354,0.09744265850618082,True
cluster_tissue__C5-2__bone_marrow,Nr4a1,14,56,0.03300058841705322,0.03861447423696518,0.09744265850618082,True
cluster_tissue__C5-2__bone_marrow,Rorc,14,56,-0.008844584226608276,0.022885650396347046,0.09744265850618082,False
cluster_tissue__C5-2__bone_marrow,Il23r,14,56,0.2090996354818344,0.11559462547302246,0.09744265850618082,True
cluster_tissue__C5-2__bone_marrow,Fos,15,56,0.03819264471530914,0.07130575180053711,0.08782530917845471,True
cluster_tissue__C5-2__bone_marrow,Jun,15,56,0.09819000959396362,0.09184116125106812,0.08782530917845471,True
cluster_tissue__C5-2__bone_marrow,Junb,15,56,0.03549635410308838,0.05373644828796387,0.08782530917845471,True
cluster_tissue__C5-2__bone_marrow,Jund,15,56,-0.011508345603942871,-0.08156943321228027,0.08782530917845471,True
cluster_tissue__C5-2__bone_marrow,Fosb,15,56,0.12468864768743515,0.13319113850593567,0.08782530917845471,True
cluster_tissue__C5-2__bone_marrow,Fosl2,15,56,-0.03495693951845169,-0.03224235028028488,0.08782530917845471,True
cluster_tissue__C5-2__bone_marrow,Dusp1,15,56,0.04249076545238495,0.09344786405563354,0.08782530917845471,True
cluster_tissue__C5-2__bone_marrow,Nr4a1,15,56,0.0,0.03861447423696518,0.08782530917845471,False
cluster_tissue__C5-2__bone_marrow,Rorc,15,56,0.10148501396179199,0.022885650396347046,0.08782530917845471,True
cluster_tissue__C5-2__bone_marrow,Il23r,15,56,0.16608569025993347,0.11559462547302246,0.08782530917845471,True
cluster_tissue__C5-2__bone_marrow,Fos,16,56,0.036117181181907654,0.07130575180053711,0.09172734170999693,True
cluster_tissue__C5-2__bone_marrow,Jun,16,56,0.10736122727394104,0.09184116125106812,0.09172734170999693,True
cluster_tissue__C5-2__bone_marrow,Junb,16,56,0.2069428563117981,0.05373644828796387,0.09172734170999693,True
cluster_tissue__C5-2__bone_marrow,Jund,16,56,0.005745530128479004,-0.08156943321228027,0.09172734170999693,False
cluster_tissue__C5-2__bone_marrow,Fosb,16,56,0.2233508825302124,0.13319113850593567,0.09172734170999693,True
cluster_tissue__C5-2__bone_marrow,Fosl2,16,56,-0.020898304879665375,-0.03224235028028488,0.09172734170999693,True
cluster_tissue__C5-2__bone_marrow,Dusp1,16,56,0.004312574863433838,0.09344786405563354,0.09172734170999693,True
cluster_tissue__C5-2__bone_marrow,Nr4a1,16,56,0.0,0.03861447423696518,0.09172734170999693,False
cluster_tissue__C5-2__bone_marrow,Rorc,16,56,0.022332757711410522,0.022885650396347046,0.09172734170999693,True
cluster_tissue__C5-2__bone_marrow,Il23r,16,56,0.1445184350013733,0.11559462547302246,0.09172734170999693,True
cluster_tissue__C5-2__bone_marrow,Fos,17,56,0.10983945429325104,0.07130575180053711,0.08607257551092534,True
cluster_tissue__C5-2__bone_marrow,Jun,17,56,0.11737331748008728,0.09184116125106812,0.08607257551092534,True
cluster_tissue__C5-2__bone_marrow,Junb,17,56,0.14085304737091064,0.05373644828796387,0.08607257551092534,True
cluster_tissue__C5-2__bone_marrow,Jund,17,56,0.06998324394226074,-0.08156943321228027,0.08607257551092534,False
cluster_tissue__C5-2__bone_marrow,Fosb,17,56,0.2501600682735443,0.13319113850593567,0.08607257551092534,True
cluster_tissue__C5-2__bone_marrow,Fosl2,17,56,-0.0025299862027168274,-0.03224235028028488,0.08607257551092534,True
cluster_tissue__C5-2__bone_marrow,Dusp1,17,56,0.1308809518814087,0.09344786405563354,0.08607257551092534,True
cluster_tissue__C5-2__bone_marrow,Nr4a1,17,56,0.016601739451289177,0.03861447423696518,0.08607257551092534,True
cluster_tissue__C5-2__bone_marrow,Rorc,17,56,-0.040536195039749146,0.022885650396347046,0.08607257551092534,False
cluster_tissue__C5-2__bone_marrow,Il23r,17,56,0.0951106995344162,0.11559462547302246,0.08607257551092534,True
cluster_tissue__C5-2__bone_marrow,Fos,18,56,0.07239711284637451,0.07130575180053711,0.1316450884708828,True
cluster_tissue__C5-2__bone_marrow,Jun,18,56,0.09014374017715454,0.09184116125106812,0.1316450884708828,True
cluster_tissue__C5-2__bone_marrow,Junb,18,56,0.10747218132019043,0.05373644828796387,0.1316450884708828,True
cluster_tissue__C5-2__bone_marrow,Jund,18,56,0.018425345420837402,-0.08156943321228027,0.1316450884708828,False
cluster_tissue__C5-2__bone_marrow,Fosb,18,56,0.2087123692035675,0.13319113850593567,0.1316450884708828,True
cluster_tissue__C5-2__bone_marrow,Fosl2,18,56,-0.003836981952190399,-0.03224235028028488,0.1316450884708828,True
cluster_tissue__C5-2__bone_marrow,Dusp1,18,56,0.03702846169471741,0.09344786405563354,0.1316450884708828,True
cluster_tissue__C5-2__bone_marrow,Nr4a1,18,56,0.032081760466098785,0.03861447423696518,0.1316450884708828,True
cluster_tissue__C5-2__bone_marrow,Rorc,18,56,-0.026935845613479614,0.022885650396347046,0.1316450884708828,False
cluster_tissue__C5-2__bone_marrow,Il23r,18,56,0.08977855741977692,0.11559462547302246,0.1316450884708828,True
cluster_tissue__C5-2__bone_marrow,Fos,19,56,0.15272872149944305,0.07130575180053711,0.11780448279045079,True
cluster_tissue__C5-2__bone_marrow,Jun,19,56,0.17944946885108948,0.09184116125106812,0.11780448279045079,True
cluster_tissue__C5-2__bone_marrow,Junb,19,56,0.21408194303512573,0.05373644828796387,0.11780448279045079,True
cluster_tissue__C5-2__bone_marrow,Jund,19,56,0.10353457927703857,-0.08156943321228027,0.11780448279045079,False
cluster_tissue__C5-2__bone_marrow,Fosb,19,56,0.23550650477409363,0.13319113850593567,0.11780448279045079,True
cluster_tissue__C5-2__bone_marrow,Fosl2,19,56,-0.004213228821754456,-0.03224235028028488,0.11780448279045079,True
cluster_tissue__C5-2__bone_marrow,Dusp1,19,56,0.09618204832077026,0.09344786405563354,0.11780448279045079,True
cluster_tissue__C5-2__bone_marrow,Nr4a1,19,56,0.01568291150033474,0.03861447423696518,0.11780448279045079,True
cluster_tissue__C5-2__bone_marrow,Rorc,19,56,0.043020814657211304,0.022885650396347046,0.11780448279045079,True
cluster_tissue__C5-2__bone_marrow,Il23r,19,56,0.12219655513763428,0.11559462547302246,0.11780448279045079,True
cluster_tissue__C5-2__spleen,Fos,0,14,0.11272542178630829,0.07000462710857391,0.12159769151226271,True
cluster_tissue__C5-2__spleen,Jun,0,14,0.5931057333946228,0.46514803171157837,0.12159769151226271,True
cluster_tissue__C5-2__spleen,Junb,0,14,0.6694345474243164,0.4758239984512329,0.12159769151226271,True
cluster_tissue__C5-2__spleen,Jund,0,14,-0.20231175422668457,-0.03584599494934082,0.12159769151226271,True
cluster_tissue__C5-2__spleen,Fosb,0,14,0.08577196300029755,0.11882683634757996,0.12159769151226271,True
cluster_tissue__C5-2__spleen,Fosl2,0,14,0.09474905580282211,0.07795186340808868,0.12159769151226271,True
cluster_tissue__C5-2__spleen,Dusp1,0,14,-0.17191238701343536,-0.10649082064628601,0.12159769151226271,True
cluster_tissue__C5-2__spleen,Nr4a1,0,14,0.0,0.0,0.12159769151226271,True
cluster_tissue__C5-2__spleen,Rorc,0,14,-0.09876590967178345,-0.04572001099586487,0.12159769151226271,True
cluster_tissue__C5-2__spleen,Il23r,0,14,-0.05048243701457977,0.03069595992565155,0.12159769151226271,False
cluster_tissue__C5-2__spleen,Fos,1,14,0.2089376449584961,0.07000462710857391,0.1630779081472862,True
cluster_tissue__C5-2__spleen,Jun,1,14,0.5931057333946228,0.46514803171157837,0.1630779081472862,True
cluster_tissue__C5-2__spleen,Junb,1,14,0.7302899360656738,0.4758239984512329,0.1630779081472862,True
cluster_tissue__C5-2__spleen,Jund,1,14,-0.28231680393218994,-0.03584599494934082,0.1630779081472862,True
cluster_tissue__C5-2__spleen,Fosb,1,14,0.08577196300029755,0.11882683634757996,0.1630779081472862,True
cluster_tissue__C5-2__spleen,Fosl2,1,14,0.09474905580282211,0.07795186340808868,0.1630779081472862,True
cluster_tissue__C5-2__spleen,Dusp1,1,14,-0.24162377417087555,-0.10649082064628601,0.1630779081472862,True
cluster_tissue__C5-2__spleen,Nr4a1,1,14,0.0,0.0,0.1630779081472862,True
cluster_tissue__C5-2__spleen,Rorc,1,14,-0.07892251014709473,-0.04572001099586487,0.1630779081472862,True
cluster_tissue__C5-2__spleen,Il23r,1,14,-0.05048243701457977,0.03069595992565155,0.1630779081472862,False
cluster_tissue__C5-2__spleen,Fos,2,14,0.2089376449584961,0.07000462710857391,0.19737877110412738,True
cluster_tissue__C5-2__spleen,Jun,2,14,0.7466214895248413,0.46514803171157837,0.19737877110412738,True
cluster_tissue__C5-2__spleen,Junb,2,14,0.6580996513366699,0.4758239984512329,0.19737877110412738,True
cluster_tissue__C5-2__spleen,Jund,2,14,-0.31021690368652344,-0.03584599494934082,0.19737877110412738,True
cluster_tissue__C5-2__spleen,Fosb,2,14,0.07248111069202423,0.11882683634757996,0.19737877110412738,True
cluster_tissue__C5-2__spleen,Fosl2,2,14,0.09474905580282211,0.07795186340808868,0.19737877110412738,True
cluster_tissue__C5-2__spleen,Dusp1,2,14,-0.15180589258670807,-0.10649082064628601,0.19737877110412738,True
cluster_tissue__C5-2__spleen,Nr4a1,2,14,0.0,0.0,0.19737877110412738,True
cluster_tissue__C5-2__spleen,Rorc,2,14,0.11315208673477173,-0.04572001099586487,0.19737877110412738,False
cluster_tissue__C5-2__spleen,Il23r,2,14,-0.04572558403015137,0.03069595992565155,0.19737877110412738,False
cluster_tissue__C5-2__spleen,Fos,3,14,0.2089376449584961,0.07000462710857391,0.16915329961647874,True
cluster_tissue__C5-2__spleen,Jun,3,14,0.5921518206596375,0.46514803171157837,0.16915329961647874,True
cluster_tissue__C5-2__spleen,Junb,3,14,0.5956952571868896,0.4758239984512329,0.16915329961647874,True
cluster_tissue__C5-2__spleen,Jund,3,14,-0.3490515947341919,-0.03584599494934082,0.16915329961647874,True
cluster_tissue__C5-2__spleen,Fosb,3,14,0.07248111069202423,0.11882683634757996,0.16915329961647874,True
cluster_tissue__C5-2__spleen,Fosl2,3,14,0.09474905580282211,0.07795186340808868,0.16915329961647874,True
cluster_tissue__C5-2__spleen,Dusp1,3,14,-0.15972761809825897,-0.10649082064628601,0.16915329961647874,True
cluster_tissue__C5-2__spleen,Nr4a1,3,14,0.0,0.0,0.16915329961647874,True
cluster_tissue__C5-2__spleen,Rorc,3,14,0.015056788921356201,-0.04572001099586487,0.16915329961647874,False
cluster_tissue__C5-2__spleen,Il23r,3,14,-0.05048243701457977,0.03069595992565155,0.16915329961647874,False
cluster_tissue__C5-2__spleen,Fos,4,14,0.11272542178630829,0.07000462710857391,0.12316513037073087,True
cluster_tissue__C5-2__spleen,Jun,4,14,0.5931057333946228,0.46514803171157837,0.12316513037073087,True
cluster_tissue__C5-2__spleen,Junb,4,14,0.7374192476272583,0.4758239984512329,0.12316513037073087,True
cluster_tissue__C5-2__spleen,Jund,4,14,-0.16248130798339844,-0.03584599494934082,0.12316513037073087,True
cluster_tissue__C5-2__spleen,Fosb,4,14,0.08577196300029755,0.11882683634757996,0.12316513037073087,True
cluster_tissue__C5-2__spleen,Fosl2,4,14,0.09474905580282211,0.07795186340808868,0.12316513037073087,True
cluster_tissue__C5-2__spleen,Dusp1,4,14,-0.23370204865932465,-0.10649082064628601,0.12316513037073087,True
cluster_tissue__C5-2__spleen,Nr4a1,4,14,0.0,0.0,0.12316513037073087,True
cluster_tissue__C5-2__spleen,Rorc,4,14,-0.030781269073486328,-0.04572001099586487,0.12316513037073087,True
cluster_tissue__C5-2__spleen,Il23r,4,14,-0.010095715522766113,0.03069595992565155,0.12316513037073087,False
cluster_tissue__C5-2__spleen,Fos,5,14,0.11272542178630829,0.07000462710857391,0.10449574105958646,True
cluster_tissue__C5-2__spleen,Jun,5,14,0.7475754022598267,0.46514803171157837,0.10449574105958646,True
cluster_tissue__C5-2__spleen,Junb,5,14,1.026447057723999,0.4758239984512329,0.10449574105958646,True
cluster_tissue__C5-2__spleen,Jund,5,14,-0.29604387283325195,-0.03584599494934082,0.10449574105958646,True
cluster_tissue__C5-2__spleen,Fosb,5,14,0.1676681488752365,0.11882683634757996,0.10449574105958646,True
cluster_tissue__C5-2__spleen,Fosl2,5,14,0.09474905580282211,0.07795186340808868,0.10449574105958646,True
cluster_tissue__C5-2__spleen,Dusp1,5,14,-0.22151729464530945,-0.10649082064628601,0.10449574105958646,True
cluster_tissue__C5-2__spleen,Nr4a1,5,14,0.0,0.0,0.10449574105958646,True
cluster_tissue__C5-2__spleen,Rorc,5,14,-0.0747448205947876,-0.04572001099586487,0.10449574105958646,True
cluster_tissue__C5-2__spleen,Il23r,5,14,-0.04572558403015137,0.03069595992565155,0.10449574105958646,False
cluster_tissue__C5-2__spleen,Fos,6,14,0.11272542178630829,0.07000462710857391,0.13805828976908102,True
cluster_tissue__C5-2__spleen,Jun,6,14,0.5307070016860962,0.46514803171157837,0.13805828976908102,True
cluster_tissue__C5-2__spleen,Junb,6,14,0.7757220268249512,0.4758239984512329,0.13805828976908102,True
cluster_tissue__C5-2__spleen,Jund,6,14,-0.27268457412719727,-0.03584599494934082,0.13805828976908102,True
cluster_tissue__C5-2__spleen,Fosb,6,14,-0.009415075182914734,0.11882683634757996,0.13805828976908102,False
cluster_tissue__C5-2__spleen,Fosl2,6,14,0.09474905580282211,0.07795186340808868,0.13805828976908102,True
cluster_tissue__C5-2__spleen,Dusp1,6,14,-0.17191238701343536,-0.10649082064628601,0.13805828976908102,True
cluster_tissue__C5-2__spleen,Nr4a1,6,14,0.0,0.0,0.13805828976908102,True
cluster_tissue__C5-2__spleen,Rorc,6,14,-0.10944455862045288,-0.04572001099586487,0.13805828976908102,True
cluster_tissue__C5-2__spleen,Il23r,6,14,0.05169394612312317,0.03069595992565155,0.13805828976908102,True
cluster_tissue__C5-2__spleen,Fos,7,14,0.11272542178630829,0.07000462710857391,0.1128983178422613,True
cluster_tissue__C5-2__spleen,Jun,7,14,0.5921518206596375,0.46514803171157837,0.1128983178422613,True
cluster_tissue__C5-2__spleen,Junb,7,14,0.5956952571868896,0.4758239984512329,0.1128983178422613,True
cluster_tissue__C5-2__spleen,Jund,7,14,-0.30135107040405273,-0.03584599494934082,0.1128983178422613,True
cluster_tissue__C5-2__spleen,Fosb,7,14,0.07248111069202423,0.11882683634757996,0.1128983178422613,True
cluster_tissue__C5-2__spleen,Fosl2,7,14,0.09474905580282211,0.07795186340808868,0.1128983178422613,True
cluster_tissue__C5-2__spleen,Dusp1,7,14,-0.15972761809825897,-0.10649082064628601,0.1128983178422613,True
cluster_tissue__C5-2__spleen,Nr4a1,7,14,0.0,0.0,0.1128983178422613,True
cluster_tissue__C5-2__spleen,Rorc,7,14,-0.0024921298027038574,-0.04572001099586487,0.1128983178422613,True
cluster_tissue__C5-2__spleen,Il23r,7,14,-0.05048243701457977,0.03069595992565155,0.1128983178422613,False
cluster_tissue__C5-2__spleen,Fos,8,14,0.2089376449584961,0.07000462710857391,0.21465224671182304,True
cluster_tissue__C5-2__spleen,Jun,8,14,0.5307070016860962,0.46514803171157837,0.21465224671182304,True
cluster_tissue__C5-2__spleen,Junb,8,14,0.6636799573898315,0.4758239984512329,0.21465224671182304,True
cluster_tissue__C5-2__spleen,Jund,8,14,-0.2864711284637451,-0.03584599494934082,0.21465224671182304,True
cluster_tissue__C5-2__spleen,Fosb,8,14,0.07248111069202423,0.11882683634757996,0.21465224671182304,True
cluster_tissue__C5-2__spleen,Fosl2,8,14,0.09474905580282211,0.07795186340808868,0.21465224671182304,True
cluster_tissue__C5-2__spleen,Dusp1,8,14,-0.15972761809825897,-0.10649082064628601,0.21465224671182304,True
cluster_tissue__C5-2__spleen,Nr4a1,8,14,0.0,0.0,0.21465224671182304,True
cluster_tissue__C5-2__spleen,Rorc,8,14,-0.010937809944152832,-0.04572001099586487,0.21465224671182304,True
cluster_tissue__C5-2__spleen,Il23r,8,14,0.05169394612312317,0.03069595992565155,0.21465224671182304,True
cluster_tissue__C5-2__spleen,Fos,9,14,0.11272542178630829,0.07000462710857391,0.18969737472215292,True
cluster_tissue__C5-2__spleen,Jun,9,14,0.5921518206596375,0.46514803171157837,0.18969737472215292,True
cluster_tissue__C5-2__spleen,Junb,9,14,0.6252912282943726,0.4758239984512329,0.18969737472215292,True
cluster_tissue__C5-2__spleen,Jund,9,14,-0.2975956201553345,-0.03584599494934082,0.18969737472215292,True
cluster_tissue__C5-2__spleen,Fosb,9,14,-0.009415075182914734,0.11882683634757996,0.18969737472215292,False
cluster_tissue__C5-2__spleen,Fosl2,9,14,0.09474905580282211,0.07795186340808868,0.18969737472215292,True
cluster_tissue__C5-2__spleen,Dusp1,9,14,-0.08146099746227264,-0.10649082064628601,0.18969737472215292,True
cluster_tissue__C5-2__spleen,Nr4a1,9,14,0.0,0.0,0.18969737472215292,True
cluster_tissue__C5-2__spleen,Rorc,9,14,-0.08344990015029907,-0.04572001099586487,0.18969737472215292,True
cluster_tissue__C5-2__spleen,Il23r,9,14,0.03996895253658295,0.03069595992565155,0.18969737472215292,True
cluster_tissue__C5-2__spleen,Fos,10,14,0.11272542178630829,0.07000462710857391,0.1168800005219033,True
cluster_tissue__C5-2__spleen,Jun,10,14,0.5931057333946228,0.46514803171157837,0.1168800005219033,True
cluster_tissue__C5-2__spleen,Junb,10,14,0.7982746362686157,0.4758239984512329,0.1168800005219033,True
cluster_tissue__C5-2__spleen,Jund,10,14,-0.19478559494018555,-0.03584599494934082,0.1168800005219033,True
cluster_tissue__C5-2__spleen,Fosb,10,14,0.08577196300029755,0.11882683634757996,0.1168800005219033,True
cluster_tissue__C5-2__spleen,Fosl2,10,14,0.09474905580282211,0.07795186340808868,0.1168800005219033,True
cluster_tissue__C5-2__spleen,Dusp1,10,14,-0.303413450717926,-0.10649082064628601,0.1168800005219033,True
cluster_tissue__C5-2__spleen,Nr4a1,10,14,0.0,0.0,0.1168800005219033,True
cluster_tissue__C5-2__spleen,Rorc,10,14,-0.02848672866821289,-0.04572001099586487,0.1168800005219033,True
cluster_tissue__C5-2__spleen,Il23r,10,14,-0.010095715522766113,0.03069595992565155,0.1168800005219033,False
cluster_tissue__C5-2__spleen,Fos,11,14,0.11272542178630829,0.07000462710857391,0.16752802612134582,True
cluster_tissue__C5-2__spleen,Jun,11,14,0.5921518206596375,0.46514803171157837,0.16752802612134582,True
cluster_tissue__C5-2__spleen,Junb,11,14,0.693276047706604,0.4758239984512329,0.16752802612134582,True
cluster_tissue__C5-2__spleen,Jund,11,14,-0.25863492488861084,-0.03584599494934082,0.16752802612134582,True
cluster_tissue__C5-2__spleen,Fosb,11,14,0.07248111069202423,0.11882683634757996,0.16752802612134582,True
cluster_tissue__C5-2__spleen,Fosl2,11,14,0.09474905580282211,0.07795186340808868,0.16752802612134582,True
cluster_tissue__C5-2__spleen,Dusp1,11,14,-0.061354488134384155,-0.10649082064628601,0.16752802612134582,True
cluster_tissue__C5-2__spleen,Nr4a1,11,14,0.0,0.0,0.16752802612134582,True
cluster_tissue__C5-2__spleen,Rorc,11,14,-0.015465259552001953,-0.04572001099586487,0.16752802612134582,True
cluster_tissue__C5-2__spleen,Il23r,11,14,0.0803556740283966,0.03069595992565155,0.16752802612134582,True
cluster_tissue__C5-2__spleen,Fos,12,14,0.2089376449584961,0.07000462710857391,0.2630714136829013,True
cluster_tissue__C5-2__spleen,Jun,12,14,0.6851766109466553,0.46514803171157837,0.2630714136829013,True
cluster_tissue__C5-2__spleen,Junb,12,14,0.7260843515396118,0.4758239984512329,0.2630714136829013,True
cluster_tissue__C5-2__spleen,Jund,12,14,-0.24676668643951416,-0.03584599494934082,0.2630714136829013,True
cluster_tissue__C5-2__spleen,Fosb,12,14,-0.009415075182914734,0.11882683634757996,0.2630714136829013,False
cluster_tissue__C5-2__spleen,Fosl2,12,14,0.09474905580282211,0.07795186340808868,0.2630714136829013,True
cluster_tissue__C5-2__spleen,Dusp1,12,14,-0.23370204865932465,-0.10649082064628601,0.2630714136829013,True
cluster_tissue__C5-2__spleen,Nr4a1,12,14,0.0,0.0,0.2630714136829013,True
cluster_tissue__C5-2__spleen,Rorc,12,14,0.08715754747390747,-0.04572001099586487,0.2630714136829013,False
cluster_tissue__C5-2__spleen,Il23r,12,14,0.05645081400871277,0.03069595992565155,0.2630714136829013,True
cluster_tissue__C5-2__spleen,Fos,13,14,0.11272542178630829,0.07000462710857391,0.1625679019657701,True
cluster_tissue__C5-2__spleen,Jun,13,14,0.7466214895248413,0.46514803171157837,0.1625679019657701,True
cluster_tissue__C5-2__spleen,Junb,13,14,0.6580996513366699,0.4758239984512329,0.1625679019657701,True
cluster_tissue__C5-2__spleen,Jund,13,14,-0.2616463899612427,-0.03584599494934082,0.1625679019657701,True
cluster_tissue__C5-2__spleen,Fosb,13,14,-0.009415075182914734,0.11882683634757996,0.1625679019657701,False
cluster_tissue__C5-2__spleen,Fosl2,13,14,0.09474905580282211,0.07795186340808868,0.1625679019657701,True
cluster_tissue__C5-2__spleen,Dusp1,13,14,-0.23370204865932465,-0.10649082064628601,0.1625679019657701,True
cluster_tissue__C5-2__spleen,Nr4a1,13,14,0.0,0.0,0.1625679019657701,True
cluster_tissue__C5-2__spleen,Rorc,13,14,0.09560316801071167,-0.04572001099586487,0.1625679019657701,False
cluster_tissue__C5-2__spleen,Il23r,13,14,-0.04572558403015137,0.03069595992565155,0.1625679019657701,False
cluster_tissue__C5-2__spleen,Fos,14,14,0.11272542178630829,0.07000462710857391,0.18977353874788871,True
cluster_tissue__C5-2__spleen,Jun,14,14,0.6851766109466553,0.46514803171157837,0.18977353874788871,True
cluster_tissue__C5-2__spleen,Junb,14,14,0.8094062805175781,0.4758239984512329,0.18977353874788871,True
cluster_tissue__C5-2__spleen,Jund,14,14,-0.3006192445755005,-0.03584599494934082,0.18977353874788871,True
cluster_tissue__C5-2__spleen,Fosb,14,14,-0.009415075182914734,0.11882683634757996,0.18977353874788871,False
cluster_tissue__C5-2__spleen,Fosl2,14,14,0.09474905580282211,0.07795186340808868,0.18977353874788871,True
cluster_tissue__C5-2__spleen,Dusp1,14,14,-0.15117238461971283,-0.10649082064628601,0.18977353874788871,True
cluster_tissue__C5-2__spleen,Nr4a1,14,14,0.0,0.0,0.18977353874788871,True
cluster_tissue__C5-2__spleen,Rorc,14,14,-0.0747448205947876,-0.04572001099586487,0.18977353874788871,True
cluster_tissue__C5-2__spleen,Il23r,14,14,0.10651546716690063,0.03069595992565155,0.18977353874788871,True
cluster_tissue__C5-2__spleen,Fos,15,14,0.11272542178630829,0.07000462710857391,0.1168800005219033,True
cluster_tissue__C5-2__spleen,Jun,15,14,0.5931057333946228,0.46514803171157837,0.1168800005219033,True
cluster_tissue__C5-2__spleen,Junb,15,14,0.7982746362686157,0.4758239984512329,0.1168800005219033,True
cluster_tissue__C5-2__spleen,Jund,15,14,-0.19478559494018555,-0.03584599494934082,0.1168800005219033,True
cluster_tissue__C5-2__spleen,Fosb,15,14,0.08577196300029755,0.11882683634757996,0.1168800005219033,True
cluster_tissue__C5-2__spleen,Fosl2,15,14,0.09474905580282211,0.07795186340808868,0.1168800005219033,True
cluster_tissue__C5-2__spleen,Dusp1,15,14,-0.303413450717926,-0.10649082064628601,0.1168800005219033,True
cluster_tissue__C5-2__spleen,Nr4a1,15,14,0.0,0.0,0.1168800005219033,True
cluster_tissue__C5-2__spleen,Rorc,15,14,-0.02848672866821289,-0.04572001099586487,0.1168800005219033,True
cluster_tissue__C5-2__spleen,Il23r,15,14,-0.010095715522766113,0.03069595992565155,0.1168800005219033,False
cluster_tissue__C5-2__spleen,Fos,16,14,0.11272542178630829,0.07000462710857391,0.13943565638363428,True
cluster_tissue__C5-2__spleen,Jun,16,14,0.5307070016860962,0.46514803171157837,0.13943565638363428,True
cluster_tissue__C5-2__spleen,Junb,16,14,0.6636799573898315,0.4758239984512329,0.13943565638363428,True
cluster_tissue__C5-2__spleen,Jund,16,14,-0.2379004955291748,-0.03584599494934082,0.13943565638363428,True
cluster_tissue__C5-2__spleen,Fosb,16,14,-0.009415075182914734,0.11882683634757996,0.13943565638363428,False
cluster_tissue__C5-2__spleen,Fosl2,16,14,0.09474905580282211,0.07795186340808868,0.13943565638363428,True
cluster_tissue__C5-2__spleen,Dusp1,16,14,-0.24162377417087555,-0.10649082064628601,0.13943565638363428,True
cluster_tissue__C5-2__spleen,Nr4a1,16,14,0.0,0.0,0.13943565638363428,True
cluster_tissue__C5-2__spleen,Rorc,16,14,-0.02848672866821289,-0.04572001099586487,0.13943565638363428,True
cluster_tissue__C5-2__spleen,Il23r,16,14,0.05169394612312317,0.03069595992565155,0.13943565638363428,True
cluster_tissue__C5-2__spleen,Fos,17,14,0.11272542178630829,0.07000462710857391,0.11157892104098582,True
cluster_tissue__C5-2__spleen,Jun,17,14,0.5921518206596375,0.46514803171157837,0.11157892104098582,True
cluster_tissue__C5-2__spleen,Junb,17,14,0.7077372074127197,0.4758239984512329,0.11157892104098582,True
cluster_tissue__C5-2__spleen,Jund,17,14,-0.3361351490020752,-0.03584599494934082,0.11157892104098582,True
cluster_tissue__C5-2__spleen,Fosb,17,14,0.07248111069202423,0.11882683634757996,0.11157892104098582,True
cluster_tissue__C5-2__spleen,Fosl2,17,14,0.09474905580282211,0.07795186340808868,0.11157892104098582,True
cluster_tissue__C5-2__spleen,Dusp1,17,14,-0.09001623094081879,-0.10649082064628601,0.11157892104098582,True
cluster_tissue__C5-2__spleen,Nr4a1,17,14,0.0,0.0,0.11157892104098582,True
cluster_tissue__C5-2__spleen,Rorc,17,14,-0.08344995975494385,-0.04572001099586487,0.11157892104098582,True
cluster_tissue__C5-2__spleen,Il23r,17,14,-0.05048243701457977,0.03069595992565155,0.11157892104098582,False
cluster_tissue__C5-2__spleen,Fos,18,14,0.11272542178630829,0.07000462710857391,0.10365526696380364,True
cluster_tissue__C5-2__spleen,Jun,18,14,0.6545506119728088,0.46514803171157837,0.10365526696380364,True
cluster_tissue__C5-2__spleen,Junb,18,14,0.8423318862915039,0.4758239984512329,0.10365526696380364,True
cluster_tissue__C5-2__spleen,Jund,18,14,-0.29215025901794434,-0.03584599494934082,0.10365526696380364,True
cluster_tissue__C5-2__spleen,Fosb,18,14,0.08577196300029755,0.11882683634757996,0.10365526696380364,True
cluster_tissue__C5-2__spleen,Fosl2,18,14,0.09474905580282211,0.07795186340808868,0.10365526696380364,True
cluster_tissue__C5-2__spleen,Dusp1,18,14,-0.23370204865932465,-0.10649082064628601,0.10365526696380364,True
cluster_tissue__C5-2__spleen,Nr4a1,18,14,0.0,0.0,0.10365526696380364,True
cluster_tissue__C5-2__spleen,Rorc,18,14,-0.08344995975494385,-0.04572001099586487,0.10365526696380364,True
cluster_tissue__C5-2__spleen,Il23r,18,14,-0.11227209866046906,0.03069595992565155,0.10365526696380364,False
cluster_tissue__C5-2__spleen,Fos,19,14,0.11272542178630829,0.07000462710857391,0.10731374241009138,True
cluster_tissue__C5-2__spleen,Jun,19,14,0.5931057333946228,0.46514803171157837,0.10731374241009138,True
cluster_tissue__C5-2__spleen,Junb,19,14,0.7302899360656738,0.4758239984512329,0.10731374241009138,True
cluster_tissue__C5-2__spleen,Jund,19,14,-0.23461604118347168,-0.03584599494934082,0.10731374241009138,True
cluster_tissue__C5-2__spleen,Fosb,19,14,0.08577196300029755,0.11882683634757996,0.10731374241009138,True
cluster_tissue__C5-2__spleen,Fosl2,19,14,0.09474905580282211,0.07795186340808868,0.10731374241009138,True
cluster_tissue__C5-2__spleen,Dusp1,19,14,-0.24162377417087555,-0.10649082064628601,0.10731374241009138,True
cluster_tissue__C5-2__spleen,Nr4a1,19,14,0.0,0.0,0.10731374241009138,True
cluster_tissue__C5-2__spleen,Rorc,19,14,-0.09647142887115479,-0.04572001099586487,0.10731374241009138,True
cluster_tissue__C5-2__spleen,Il23r,19,14,-0.05048243701457977,0.03069595992565155,0.10731374241009138,False
cluster_tissue__C6__thymus,Fos,0,931,0.2638777494430542,0.2455148696899414,0.06869127073033858,True
cluster_tissue__C6__thymus,Jun,0,931,0.038231611251831055,0.06887495517730713,0.06869127073033858,True
cluster_tissue__C6__thymus,Junb,0,931,0.1822521686553955,0.1861894130706787,0.06869127073033858,True
cluster_tissue__C6__thymus,Jund,0,931,0.11449170112609863,0.09759235382080078,0.06869127073033858,True
cluster_tissue__C6__thymus,Fosb,0,931,0.004995107650756836,0.004780173301696777,0.06869127073033858,True
cluster_tissue__C6__thymus,Fosl2,0,931,0.04401232302188873,0.04518568515777588,0.06869127073033858,True
cluster_tissue__C6__thymus,Dusp1,0,931,0.1868143081665039,0.21941757202148438,0.06869127073033858,True
cluster_tissue__C6__thymus,Nr4a1,0,931,0.023409053683280945,0.02980928122997284,0.06869127073033858,True
cluster_tissue__C6__thymus,Rorc,0,931,0.0022947508841753006,0.0029210769571363926,0.06869127073033858,True
cluster_tissue__C6__thymus,Il23r,0,931,0.0,0.0,0.06869127073033858,True
cluster_tissue__C6__thymus,Fos,1,931,0.2919032573699951,0.2455148696899414,0.07627932676376994,True
cluster_tissue__C6__thymus,Jun,1,931,0.06380772590637207,0.06887495517730713,0.07627932676376994,True
cluster_tissue__C6__thymus,Junb,1,931,0.18572616577148438,0.1861894130706787,0.07627932676376994,True
cluster_tissue__C6__thymus,Jund,1,931,0.11012887954711914,0.09759235382080078,0.07627932676376994,True
cluster_tissue__C6__thymus,Fosb,1,931,0.008689343929290771,0.004780173301696777,0.07627932676376994,True
cluster_tissue__C6__thymus,Fosl2,1,931,0.05901552736759186,0.04518568515777588,0.07627932676376994,True
cluster_tissue__C6__thymus,Dusp1,1,931,0.21255016326904297,0.21941757202148438,0.07627932676376994,True
cluster_tissue__C6__thymus,Nr4a1,1,931,0.02685771882534027,0.02980928122997284,0.07627932676376994,True
cluster_tissue__C6__thymus,Rorc,1,931,0.0022947508841753006,0.0029210769571363926,0.07627932676376994,True
cluster_tissue__C6__thymus,Il23r,1,931,0.0,0.0,0.07627932676376994,True
cluster_tissue__C6__thymus,Fos,2,931,0.29682016372680664,0.2455148696899414,0.06122668925257932,True
cluster_tissue__C6__thymus,Jun,2,931,0.12471604347229004,0.06887495517730713,0.06122668925257932,True
cluster_tissue__C6__thymus,Junb,2,931,0.19414663314819336,0.1861894130706787,0.06122668925257932,True
cluster_tissue__C6__thymus,Jund,2,931,0.16797900199890137,0.09759235382080078,0.06122668925257932,True
cluster_tissue__C6__thymus,Fosb,2,931,0.015672236680984497,0.004780173301696777,0.06122668925257932,True
cluster_tissue__C6__thymus,Fosl2,2,931,0.05788058042526245,0.04518568515777588,0.06122668925257932,True
cluster_tissue__C6__thymus,Dusp1,2,931,0.25349438190460205,0.21941757202148438,0.06122668925257932,True
cluster_tissue__C6__thymus,Nr4a1,2,931,0.036879315972328186,0.02980928122997284,0.06122668925257932,True
cluster_tissue__C6__thymus,Rorc,2,931,0.003410537727177143,0.0029210769571363926,0.06122668925257932,True
cluster_tissue__C6__thymus,Il23r,2,931,0.0,0.0,0.06122668925257932,True
cluster_tissue__C6__thymus,Fos,3,931,0.2782249450683594,0.2455148696899414,0.06648110836796604,True
cluster_tissue__C6__thymus,Jun,3,931,0.10049736499786377,0.06887495517730713,0.06648110836796604,True
cluster_tissue__C6__thymus,Junb,3,931,0.18660950660705566,0.1861894130706787,0.06648110836796604,True
cluster_tissue__C6__thymus,Jund,3,931,0.1225576400756836,0.09759235382080078,0.06648110836796604,True
cluster_tissue__C6__thymus,Fosb,3,931,0.025015950202941895,0.004780173301696777,0.06648110836796604,True
cluster_tissue__C6__thymus,Fosl2,3,931,0.0623144805431366,0.04518568515777588,0.06648110836796604,True
cluster_tissue__C6__thymus,Dusp1,3,931,0.20799946784973145,0.21941757202148438,0.06648110836796604,True
cluster_tissue__C6__thymus,Nr4a1,3,931,0.01739940047264099,0.02980928122997284,0.06648110836796604,True
cluster_tissue__C6__thymus,Rorc,3,931,0.003410537727177143,0.0029210769571363926,0.06648110836796604,True
cluster_tissue__C6__thymus,Il23r,3,931,0.0,0.0,0.06648110836796604,True
cluster_tissue__C6__thymus,Fos,4,931,0.300012469291687,0.2455148696899414,0.06470026201412543,True
cluster_tissue__C6__thymus,Jun,4,931,0.052530765533447266,0.06887495517730713,0.06470026201412543,True
cluster_tissue__C6__thymus,Junb,4,931,0.20929384231567383,0.1861894130706787,0.06470026201412543,True
cluster_tissue__C6__thymus,Jund,4,931,0.13793492317199707,0.09759235382080078,0.06470026201412543,True
cluster_tissue__C6__thymus,Fosb,4,931,0.015286564826965332,0.004780173301696777,0.06470026201412543,True
cluster_tissue__C6__thymus,Fosl2,4,931,0.06128431856632233,0.04518568515777588,0.06470026201412543,True
cluster_tissue__C6__thymus,Dusp1,4,931,0.24651503562927246,0.21941757202148438,0.06470026201412543,True
cluster_tissue__C6__thymus,Nr4a1,4,931,0.028076335787773132,0.02980928122997284,0.06470026201412543,True
cluster_tissue__C6__thymus,Rorc,4,931,0.0022947508841753006,0.0029210769571363926,0.06470026201412543,True
cluster_tissue__C6__thymus,Il23r,4,931,0.0,0.0,0.06470026201412543,True
cluster_tissue__C6__thymus,Fos,5,931,0.3024507761001587,0.2455148696899414,0.08127591190660309,True
cluster_tissue__C6__thymus,Jun,5,931,0.08576786518096924,0.06887495517730713,0.08127591190660309,True
cluster_tissue__C6__thymus,Junb,5,931,0.15522456169128418,0.1861894130706787,0.08127591190660309,True
cluster_tissue__C6__thymus,Jund,5,931,0.1240537166595459,0.09759235382080078,0.08127591190660309,True
cluster_tissue__C6__thymus,Fosb,5,931,0.015728533267974854,0.004780173301696777,0.08127591190660309,True
cluster_tissue__C6__thymus,Fosl2,5,931,0.06499895453453064,0.04518568515777588,0.08127591190660309,True
cluster_tissue__C6__thymus,Dusp1,5,931,0.19548344612121582,0.21941757202148438,0.08127591190660309,True
cluster_tissue__C6__thymus,Nr4a1,5,931,0.02794550359249115,0.02980928122997284,0.08127591190660309,True
cluster_tissue__C6__thymus,Rorc,5,931,0.003410537727177143,0.0029210769571363926,0.08127591190660309,True
cluster_tissue__C6__thymus,Il23r,5,931,0.0,0.0,0.08127591190660309,True
cluster_tissue__C6__thymus,Fos,6,931,0.3759249448776245,0.2455148696899414,0.06891900429018216,True
cluster_tissue__C6__thymus,Jun,6,931,0.11369490623474121,0.06887495517730713,0.06891900429018216,True
cluster_tissue__C6__thymus,Junb,6,931,0.21242618560791016,0.1861894130706787,0.06891900429018216,True
cluster_tissue__C6__thymus,Jund,6,931,0.13318848609924316,0.09759235382080078,0.06891900429018216,True
cluster_tissue__C6__thymus,Fosb,6,931,0.03532254695892334,0.004780173301696777,0.06891900429018216,True
cluster_tissue__C6__thymus,Fosl2,6,931,0.05983380973339081,0.04518568515777588,0.06891900429018216,True
cluster_tissue__C6__thymus,Dusp1,6,931,0.281887412071228,0.21941757202148438,0.06891900429018216,True
cluster_tissue__C6__thymus,Nr4a1,6,931,0.03512442111968994,0.02980928122997284,0.06891900429018216,True
cluster_tissue__C6__thymus,Rorc,6,931,0.003410537727177143,0.0029210769571363926,0.06891900429018216,True
cluster_tissue__C6__thymus,Il23r,6,931,0.0,0.0,0.06891900429018216,True
cluster_tissue__C6__thymus,Fos,7,931,0.327095627784729,0.2455148696899414,0.06731088483888921,True
cluster_tissue__C6__thymus,Jun,7,931,0.0854487419128418,0.06887495517730713,0.06731088483888921,True
cluster_tissue__C6__thymus,Junb,7,931,0.19001460075378418,0.1861894130706787,0.06731088483888921,True
cluster_tissue__C6__thymus,Jund,7,931,0.14676308631896973,0.09759235382080078,0.06731088483888921,True
cluster_tissue__C6__thymus,Fosb,7,931,0.010162800550460815,0.004780173301696777,0.06731088483888921,True
cluster_tissue__C6__thymus,Fosl2,7,931,0.04763118922710419,0.04518568515777588,0.06731088483888921,True
cluster_tissue__C6__thymus,Dusp1,7,931,0.2126445770263672,0.21941757202148438,0.06731088483888921,True
cluster_tissue__C6__thymus,Nr4a1,7,931,0.036913201212882996,0.02980928122997284,0.06731088483888921,True
cluster_tissue__C6__thymus,Rorc,7,931,0.0023065253626555204,0.0029210769571363926,0.06731088483888921,True
cluster_tissue__C6__thymus,Il23r,7,931,0.0,0.0,0.06731088483888921,True
cluster_tissue__C6__thymus,Fos,8,931,0.2809854745864868,0.2455148696899414,0.0739667566413594,True
cluster_tissue__C6__thymus,Jun,8,931,0.0718768835067749,0.06887495517730713,0.0739667566413594,True
cluster_tissue__C6__thymus,Junb,8,931,0.21027612686157227,0.1861894130706787,0.0739667566413594,True
cluster_tissue__C6__thymus,Jund,8,931,0.12806367874145508,0.09759235382080078,0.0739667566413594,True
cluster_tissue__C6__thymus,Fosb,8,931,-0.0008800029754638672,0.004780173301696777,0.0739667566413594,False
cluster_tissue__C6__thymus,Fosl2,8,931,0.06259122490882874,0.04518568515777588,0.0739667566413594,True
cluster_tissue__C6__thymus,Dusp1,8,931,0.2156585454940796,0.21941757202148438,0.0739667566413594,True
cluster_tissue__C6__thymus,Nr4a1,8,931,0.037223562598228455,0.02980928122997284,0.0739667566413594,True
cluster_tissue__C6__thymus,Rorc,8,931,0.003410537727177143,0.0029210769571363926,0.0739667566413594,True
cluster_tissue__C6__thymus,Il23r,8,931,0.0,0.0,0.0739667566413594,True
cluster_tissue__C6__thymus,Fos,9,931,0.32825350761413574,0.2455148696899414,0.07340562770080727,True
cluster_tissue__C6__thymus,Jun,9,931,0.08336436748504639,0.06887495517730713,0.07340562770080727,True
cluster_tissue__C6__thymus,Junb,9,931,0.18784523010253906,0.1861894130706787,0.07340562770080727,True
cluster_tissue__C6__thymus,Jund,9,931,0.11252903938293457,0.09759235382080078,0.07340562770080727,True
cluster_tissue__C6__thymus,Fosb,9,931,0.01980188488960266,0.004780173301696777,0.07340562770080727,True
cluster_tissue__C6__thymus,Fosl2,9,931,0.05072303116321564,0.04518568515777588,0.07340562770080727,True
cluster_tissue__C6__thymus,Dusp1,9,931,0.228202223777771,0.21941757202148438,0.07340562770080727,True
cluster_tissue__C6__thymus,Nr4a1,9,931,0.022373691201210022,0.02980928122997284,0.07340562770080727,True
cluster_tissue__C6__thymus,Rorc,9,931,0.0011040124809369445,0.0029210769571363926,0.07340562770080727,True
cluster_tissue__C6__thymus,Il23r,9,931,0.0,0.0,0.07340562770080727,True
cluster_tissue__C6__thymus,Fos,10,931,0.30382585525512695,0.2455148696899414,0.07311003481347868,True
cluster_tissue__C6__thymus,Jun,10,931,0.10634481906890869,0.06887495517730713,0.07311003481347868,True
cluster_tissue__C6__thymus,Junb,10,931,0.20997262001037598,0.1861894130706787,0.07311003481347868,True
cluster_tissue__C6__thymus,Jund,10,931,0.1365199089050293,0.09759235382080078,0.07311003481347868,True
cluster_tissue__C6__thymus,Fosb,10,931,0.008503854274749756,0.004780173301696777,0.07311003481347868,True
cluster_tissue__C6__thymus,Fosl2,10,931,0.07148431241512299,0.04518568515777588,0.07311003481347868,True
cluster_tissue__C6__thymus,Dusp1,10,931,0.23127686977386475,0.21941757202148438,0.07311003481347868,True
cluster_tissue__C6__thymus,Nr4a1,10,931,0.03202153742313385,0.02980928122997284,0.07311003481347868,True
cluster_tissue__C6__thymus,Rorc,10,931,0.0022947508841753006,0.0029210769571363926,0.07311003481347868,True
cluster_tissue__C6__thymus,Il23r,10,931,0.0,0.0,0.07311003481347868,True
cluster_tissue__C6__thymus,Fos,11,931,0.29472970962524414,0.2455148696899414,0.06915369576806811,True
cluster_tissue__C6__thymus,Jun,11,931,0.08636927604675293,0.06887495517730713,0.06915369576806811,True
cluster_tissue__C6__thymus,Junb,11,931,0.14783549308776855,0.1861894130706787,0.06915369576806811,True
cluster_tissue__C6__thymus,Jund,11,931,0.13109207153320312,0.09759235382080078,0.06915369576806811,True
cluster_tissue__C6__thymus,Fosb,11,931,0.024876505136489868,0.004780173301696777,0.06915369576806811,True
cluster_tissue__C6__thymus,Fosl2,11,931,0.049746572971343994,0.04518568515777588,0.06915369576806811,True
cluster_tissue__C6__thymus,Dusp1,11,931,0.20454883575439453,0.21941757202148438,0.06915369576806811,True
cluster_tissue__C6__thymus,Nr4a1,11,931,0.03789152204990387,0.02980928122997284,0.06915369576806811,True
cluster_tissue__C6__thymus,Rorc,11,931,0.003410537727177143,0.0029210769571363926,0.06915369576806811,True
cluster_tissue__C6__thymus,Il23r,11,931,0.0,0.0,0.06915369576806811,True
cluster_tissue__C6__thymus,Fos,12,931,0.29085564613342285,0.2455148696899414,0.07504647393482461,True
cluster_tissue__C6__thymus,Jun,12,931,0.08164465427398682,0.06887495517730713,0.07504647393482461,True
cluster_tissue__C6__thymus,Junb,12,931,0.18907713890075684,0.1861894130706787,0.07504647393482461,True
cluster_tissue__C6__thymus,Jund,12,931,0.11521744728088379,0.09759235382080078,0.07504647393482461,True
cluster_tissue__C6__thymus,Fosb,12,931,-0.00017452239990234375,0.004780173301696777,0.07504647393482461,False
cluster_tissue__C6__thymus,Fosl2,12,931,0.06855502724647522,0.04518568515777588,0.07504647393482461,True
cluster_tissue__C6__thymus,Dusp1,12,931,0.23645305633544922,0.21941757202148438,0.07504647393482461,True
cluster_tissue__C6__thymus,Nr4a1,12,931,0.03053984045982361,0.02980928122997284,0.07504647393482461,True
cluster_tissue__C6__thymus,Rorc,12,931,0.0023065253626555204,0.0029210769571363926,0.07504647393482461,True
cluster_tissue__C6__thymus,Il23r,12,931,0.0,0.0,0.07504647393482461,True
cluster_tissue__C6__thymus,Fos,13,931,0.3208094835281372,0.2455148696899414,0.06921459731425017,True
cluster_tissue__C6__thymus,Jun,13,931,0.07346534729003906,0.06887495517730713,0.06921459731425017,True
cluster_tissue__C6__thymus,Junb,13,931,0.20020794868469238,0.1861894130706787,0.06921459731425017,True
cluster_tissue__C6__thymus,Jund,13,931,0.14287519454956055,0.09759235382080078,0.06921459731425017,True
cluster_tissue__C6__thymus,Fosb,13,931,0.02365991473197937,0.004780173301696777,0.06921459731425017,True
cluster_tissue__C6__thymus,Fosl2,13,931,0.0533369779586792,0.04518568515777588,0.06921459731425017,True
cluster_tissue__C6__thymus,Dusp1,13,931,0.23197412490844727,0.21941757202148438,0.06921459731425017,True
cluster_tissue__C6__thymus,Nr4a1,13,931,0.025639072060585022,0.02980928122997284,0.06921459731425017,True
cluster_tissue__C6__thymus,Rorc,13,931,0.0022947508841753006,0.0029210769571363926,0.06921459731425017,True
cluster_tissue__C6__thymus,Il23r,13,931,0.0,0.0,0.06921459731425017,True
cluster_tissue__C6__thymus,Fos,14,931,0.2917337417602539,0.2455148696899414,0.06497929284731327,True
cluster_tissue__C6__thymus,Jun,14,931,0.10320794582366943,0.06887495517730713,0.06497929284731327,True
cluster_tissue__C6__thymus,Junb,14,931,0.1711421012878418,0.1861894130706787,0.06497929284731327,True
cluster_tissue__C6__thymus,Jund,14,931,0.12887859344482422,0.09759235382080078,0.06497929284731327,True
cluster_tissue__C6__thymus,Fosb,14,931,-0.0048500001430511475,0.004780173301696777,0.06497929284731327,False
cluster_tissue__C6__thymus,Fosl2,14,931,0.035881251096725464,0.04518568515777588,0.06497929284731327,True
cluster_tissue__C6__thymus,Dusp1,14,931,0.20382070541381836,0.21941757202148438,0.06497929284731327,True
cluster_tissue__C6__thymus,Nr4a1,14,931,0.024920552968978882,0.02980928122997284,0.06497929284731327,True
cluster_tissue__C6__thymus,Rorc,14,931,0.003410537727177143,0.0029210769571363926,0.06497929284731327,True
cluster_tissue__C6__thymus,Il23r,14,931,0.0,0.0,0.06497929284731327,True
cluster_tissue__C6__thymus,Fos,15,931,0.31096839904785156,0.2455148696899414,0.0752230675184298,True
cluster_tissue__C6__thymus,Jun,15,931,0.059136152267456055,0.06887495517730713,0.0752230675184298,True
cluster_tissue__C6__thymus,Junb,15,931,0.17572474479675293,0.1861894130706787,0.0752230675184298,True
cluster_tissue__C6__thymus,Jund,15,931,0.12320351600646973,0.09759235382080078,0.0752230675184298,True
cluster_tissue__C6__thymus,Fosb,15,931,-0.001082777976989746,0.004780173301696777,0.0752230675184298,False
cluster_tissue__C6__thymus,Fosl2,15,931,0.042397379875183105,0.04518568515777588,0.0752230675184298,True
cluster_tissue__C6__thymus,Dusp1,15,931,0.23017501831054688,0.21941757202148438,0.0752230675184298,True
cluster_tissue__C6__thymus,Nr4a1,15,931,0.018269404768943787,0.02980928122997284,0.0752230675184298,True
cluster_tissue__C6__thymus,Rorc,15,931,0.003410537727177143,0.0029210769571363926,0.0752230675184298,True
cluster_tissue__C6__thymus,Il23r,15,931,0.0,0.0,0.0752230675184298,True
cluster_tissue__C6__thymus,Fos,16,931,0.23482370376586914,0.2455148696899414,0.0755637169876256,True
cluster_tissue__C6__thymus,Jun,16,931,0.024223804473876953,0.06887495517730713,0.0755637169876256,True
cluster_tissue__C6__thymus,Junb,16,931,0.16147375106811523,0.1861894130706787,0.0755637169876256,True
cluster_tissue__C6__thymus,Jund,16,931,0.10737156867980957,0.09759235382080078,0.0755637169876256,True
cluster_tissue__C6__thymus,Fosb,16,931,0.005046576261520386,0.004780173301696777,0.0755637169876256,True
cluster_tissue__C6__thymus,Fosl2,16,931,0.037780553102493286,0.04518568515777588,0.0755637169876256,True
cluster_tissue__C6__thymus,Dusp1,16,931,0.16724181175231934,0.21941757202148438,0.0755637169876256,True
cluster_tissue__C6__thymus,Nr4a1,16,931,0.03533935546875,0.02980928122997284,0.0755637169876256,True
cluster_tissue__C6__thymus,Rorc,16,931,0.0022947508841753006,0.0029210769571363926,0.0755637169876256,True
cluster_tissue__C6__thymus,Il23r,16,931,0.0,0.0,0.0755637169876256,True
cluster_tissue__C6__thymus,Fos,17,931,0.32205820083618164,0.2455148696899414,0.07329035906302554,True
cluster_tissue__C6__thymus,Jun,17,931,0.10767674446105957,0.06887495517730713,0.07329035906302554,True
cluster_tissue__C6__thymus,Junb,17,931,0.21009039878845215,0.1861894130706787,0.07329035906302554,True
cluster_tissue__C6__thymus,Jund,17,931,0.1498122215270996,0.09759235382080078,0.07329035906302554,True
cluster_tissue__C6__thymus,Fosb,17,931,0.02051529288291931,0.004780173301696777,0.07329035906302554,True
cluster_tissue__C6__thymus,Fosl2,17,931,0.050221338868141174,0.04518568515777588,0.07329035906302554,True
cluster_tissue__C6__thymus,Dusp1,17,931,0.23621046543121338,0.21941757202148438,0.07329035906302554,True
cluster_tissue__C6__thymus,Nr4a1,17,931,0.02843250334262848,0.02980928122997284,0.07329035906302554,True
cluster_tissue__C6__thymus,Rorc,17,931,0.0022947508841753006,0.0029210769571363926,0.07329035906302554,True
cluster_tissue__C6__thymus,Il23r,17,931,0.0,0.0,0.07329035906302554,True
cluster_tissue__C6__thymus,Fos,18,931,0.3099076747894287,0.2455148696899414,0.062352239743068166,True
cluster_tissue__C6__thymus,Jun,18,931,0.10060584545135498,0.06887495517730713,0.062352239743068166,True
cluster_tissue__C6__thymus,Junb,18,931,0.18788862228393555,0.1861894130706787,0.062352239743068166,True
cluster_tissue__C6__thymus,Jund,18,931,0.15206360816955566,0.09759235382080078,0.062352239743068166,True
cluster_tissue__C6__thymus,Fosb,18,931,0.02837914228439331,0.004780173301696777,0.062352239743068166,True
cluster_tissue__C6__thymus,Fosl2,18,931,0.04972076416015625,0.04518568515777588,0.062352239743068166,True
cluster_tissue__C6__thymus,Dusp1,18,931,0.25870954990386963,0.21941757202148438,0.062352239743068166,True
cluster_tissue__C6__thymus,Nr4a1,18,931,0.04408416152000427,0.02980928122997284,0.062352239743068166,True
cluster_tissue__C6__thymus,Rorc,18,931,0.003410537727177143,0.0029210769571363926,0.062352239743068166,True
cluster_tissue__C6__thymus,Il23r,18,931,0.0,0.0,0.062352239743068166,True
cluster_tissue__C6__thymus,Fos,19,931,0.28447771072387695,0.2455148696899414,0.07618313900130855,True
cluster_tissue__C6__thymus,Jun,19,931,0.07404875755310059,0.06887495517730713,0.07618313900130855,True
cluster_tissue__C6__thymus,Junb,19,931,0.19409918785095215,0.1861894130706787,0.07618313900130855,True
cluster_tissue__C6__thymus,Jund,19,931,0.13782572746276855,0.09759235382080078,0.07618313900130855,True
cluster_tissue__C6__thymus,Fosb,19,931,0.028717845678329468,0.004780173301696777,0.07618313900130855,True
cluster_tissue__C6__thymus,Fosl2,19,931,0.05548202991485596,0.04518568515777588,0.07618313900130855,True
cluster_tissue__C6__thymus,Dusp1,19,931,0.2056337594985962,0.21941757202148438,0.07618313900130855,True
cluster_tissue__C6__thymus,Nr4a1,19,931,0.027796074748039246,0.02980928122997284,0.07618313900130855,True
cluster_tissue__C6__thymus,Rorc,19,931,0.003410537727177143,0.0029210769571363926,0.07618313900130855,True
cluster_tissue__C6__thymus,Il23r,19,931,0.0,0.0,0.07618313900130855,True
cluster_tissue__C7__thymus,Fos,0,21,-0.046980053186416626,-0.040694236755371094,0.1851705779391942,True
cluster_tissue__C7__thymus,Jun,0,21,-0.33611345291137695,-0.2082655429840088,0.1851705779391942,True
cluster_tissue__C7__thymus,Junb,0,21,-0.0033739805221557617,0.007767438888549805,0.1851705779391942,False
cluster_tissue__C7__thymus,Jund,0,21,0.09631633758544922,0.17142200469970703,0.1851705779391942,True
cluster_tissue__C7__thymus,Fosb,0,21,-0.06796817481517792,-0.11913769692182541,0.1851705779391942,True
cluster_tissue__C7__thymus,Fosl2,0,21,0.0,0.0,0.1851705779391942,True
cluster_tissue__C7__thymus,Dusp1,0,21,0.263126015663147,0.19642746448516846,0.1851705779391942,True
cluster_tissue__C7__thymus,Nr4a1,0,21,-0.08877615630626678,0.09128552675247192,0.1851705779391942,False
cluster_tissue__C7__thymus,Rorc,0,21,0.2950790524482727,0.15353310108184814,0.1851705779391942,True
cluster_tissue__C7__thymus,Il23r,0,21,0.0,0.0,0.1851705779391942,True
cluster_tissue__C7__thymus,Fos,1,21,-0.2527753710746765,-0.040694236755371094,0.2542499203079402,True
cluster_tissue__C7__thymus,Jun,1,21,-0.5459538698196411,-0.2082655429840088,0.2542499203079402,True
cluster_tissue__C7__thymus,Junb,1,21,0.1626729965209961,0.007767438888549805,0.2542499203079402,True
cluster_tissue__C7__thymus,Jund,1,21,0.10515165328979492,0.17142200469970703,0.2542499203079402,True
cluster_tissue__C7__thymus,Fosb,1,21,-0.17009203135967255,-0.11913769692182541,0.2542499203079402,True
cluster_tissue__C7__thymus,Fosl2,1,21,0.0,0.0,0.2542499203079402,True
cluster_tissue__C7__thymus,Dusp1,1,21,0.08506697416305542,0.19642746448516846,0.2542499203079402,True
cluster_tissue__C7__thymus,Nr4a1,1,21,0.02553527057170868,0.09128552675247192,0.2542499203079402,True
cluster_tissue__C7__thymus,Rorc,1,21,0.2950790524482727,0.15353310108184814,0.2542499203079402,True
cluster_tissue__C7__thymus,Il23r,1,21,0.0,0.0,0.2542499203079402,True
cluster_tissue__C7__thymus,Fos,2,21,-0.023017466068267822,-0.040694236755371094,0.10796554671494407,True
cluster_tissue__C7__thymus,Jun,2,21,-0.3885812759399414,-0.2082655429840088,0.10796554671494407,True
cluster_tissue__C7__thymus,Junb,2,21,0.059567034244537354,0.007767438888549805,0.10796554671494407,True
cluster_tissue__C7__thymus,Jund,2,21,0.03803110122680664,0.17142200469970703,0.10796554671494407,True
cluster_tissue__C7__thymus,Fosb,2,21,-0.10212386399507523,-0.11913769692182541,0.10796554671494407,True
cluster_tissue__C7__thymus,Fosl2,2,21,0.0,0.0,0.10796554671494407,True
cluster_tissue__C7__thymus,Dusp1,2,21,0.38624680042266846,0.19642746448516846,0.10796554671494407,True
cluster_tissue__C7__thymus,Nr4a1,2,21,0.11794079095125198,0.09128552675247192,0.10796554671494407,True
cluster_tissue__C7__thymus,Rorc,2,21,0.2039644718170166,0.15353310108184814,0.10796554671494407,True
cluster_tissue__C7__thymus,Il23r,2,21,0.0,0.0,0.10796554671494407,True
cluster_tissue__C7__thymus,Fos,3,21,0.07993853092193604,-0.040694236755371094,0.07170853996129425,False
cluster_tissue__C7__thymus,Jun,3,21,-0.2841343879699707,-0.2082655429840088,0.07170853996129425,True
cluster_tissue__C7__thymus,Junb,3,21,-0.057462334632873535,0.007767438888549805,0.07170853996129425,False
cluster_tissue__C7__thymus,Jund,3,21,-0.1039116382598877,0.17142200469970703,0.07170853996129425,False
cluster_tissue__C7__thymus,Fosb,3,21,0.0,-0.11913769692182541,0.07170853996129425,False
cluster_tissue__C7__thymus,Fosl2,3,21,0.0,0.0,0.07170853996129425,True
cluster_tissue__C7__thymus,Dusp1,3,21,0.21914398670196533,0.19642746448516846,0.07170853996129425,True
cluster_tissue__C7__thymus,Nr4a1,3,21,0.029476940631866455,0.09128552675247192,0.07170853996129425,True
cluster_tissue__C7__thymus,Rorc,3,21,0.21140307188034058,0.15353310108184814,0.07170853996129425,True
cluster_tissue__C7__thymus,Il23r,3,21,0.0,0.0,0.07170853996129425,True
cluster_tissue__C7__thymus,Fos,4,21,-0.031352609395980835,-0.040694236755371094,0.12910870535359856,True
cluster_tissue__C7__thymus,Jun,4,21,-0.9935173988342285,-0.2082655429840088,0.12910870535359856,True
cluster_tissue__C7__thymus,Junb,4,21,-0.18011486530303955,0.007767438888549805,0.12910870535359856,False
cluster_tissue__C7__thymus,Jund,4,21,-0.010629415512084961,0.17142200469970703,0.12910870535359856,False
cluster_tissue__C7__thymus,Fosb,4,21,0.0,-0.11913769692182541,0.12910870535359856,False
cluster_tissue__C7__thymus,Fosl2,4,21,0.0,0.0,0.12910870535359856,True
cluster_tissue__C7__thymus,Dusp1,4,21,0.04549455642700195,0.19642746448516846,0.12910870535359856,True
cluster_tissue__C7__thymus,Nr4a1,4,21,-0.02172929048538208,0.09128552675247192,0.12910870535359856,False
cluster_tissue__C7__thymus,Rorc,4,21,0.3319064974784851,0.15353310108184814,0.12910870535359856,True
cluster_tissue__C7__thymus,Il23r,4,21,0.0,0.0,0.12910870535359856,True
cluster_tissue__C7__thymus,Fos,5,21,-0.049261271953582764,-0.040694236755371094,0.08241617607941257,True
cluster_tissue__C7__thymus,Jun,5,21,-0.3064213991165161,-0.2082655429840088,0.08241617607941257,True
cluster_tissue__C7__thymus,Junb,5,21,0.017932891845703125,0.007767438888549805,0.08241617607941257,True
cluster_tissue__C7__thymus,Jund,5,21,-0.012633085250854492,0.17142200469970703,0.08241617607941257,False
cluster_tissue__C7__thymus,Fosb,5,21,-0.06796817481517792,-0.11913769692182541,0.08241617607941257,True
cluster_tissue__C7__thymus,Fosl2,5,21,0.0,0.0,0.08241617607941257,True
cluster_tissue__C7__thymus,Dusp1,5,21,0.18929743766784668,0.19642746448516846,0.08241617607941257,True
cluster_tissue__C7__thymus,Nr4a1,5,21,0.0024517476558685303,0.09128552675247192,0.08241617607941257,True
cluster_tissue__C7__thymus,Rorc,5,21,0.1327134370803833,0.15353310108184814,0.08241617607941257,True
cluster_tissue__C7__thymus,Il23r,5,21,0.0,0.0,0.08241617607941257,True
cluster_tissue__C7__thymus,Fos,6,21,-0.14333504438400269,-0.040694236755371094,0.18485112624413114,True
cluster_tissue__C7__thymus,Jun,6,21,-0.602216362953186,-0.2082655429840088,0.18485112624413114,True
cluster_tissue__C7__thymus,Junb,6,21,-0.46283745765686035,0.007767438888549805,0.18485112624413114,False
cluster_tissue__C7__thymus,Jund,6,21,0.23975515365600586,0.17142200469970703,0.18485112624413114,True
cluster_tissue__C7__thymus,Fosb,6,21,-0.06796817481517792,-0.11913769692182541,0.18485112624413114,True
cluster_tissue__C7__thymus,Fosl2,6,21,0.0,0.0,0.18485112624413114,True
cluster_tissue__C7__thymus,Dusp1,6,21,0.2038513422012329,0.19642746448516846,0.18485112624413114,True
cluster_tissue__C7__thymus,Nr4a1,6,21,-0.19546958804130554,0.09128552675247192,0.18485112624413114,False
cluster_tissue__C7__thymus,Rorc,6,21,0.4892302453517914,0.15353310108184814,0.18485112624413114,True
cluster_tissue__C7__thymus,Il23r,6,21,0.0,0.0,0.18485112624413114,True
cluster_tissue__C7__thymus,Fos,7,21,0.051373183727264404,-0.040694236755371094,0.06653112856103541,False
cluster_tissue__C7__thymus,Jun,7,21,-0.41177213191986084,-0.2082655429840088,0.06653112856103541,True
cluster_tissue__C7__thymus,Junb,7,21,0.058184146881103516,0.007767438888549805,0.06653112856103541,True
cluster_tissue__C7__thymus,Jund,7,21,0.017356157302856445,0.17142200469970703,0.06653112856103541,True
cluster_tissue__C7__thymus,Fosb,7,21,0.0,-0.11913769692182541,0.06653112856103541,False
cluster_tissue__C7__thymus,Fosl2,7,21,0.0,0.0,0.06653112856103541,True
cluster_tissue__C7__thymus,Dusp1,7,21,0.15598690509796143,0.19642746448516846,0.06653112856103541,True
cluster_tissue__C7__thymus,Nr4a1,7,21,-0.05370423197746277,0.09128552675247192,0.06653112856103541,False
cluster_tissue__C7__thymus,Rorc,7,21,0.2950790524482727,0.15353310108184814,0.06653112856103541,True
cluster_tissue__C7__thymus,Il23r,7,21,0.0,0.0,0.06653112856103541,True
cluster_tissue__C7__thymus,Fos,8,21,-0.09565897285938263,-0.040694236755371094,0.07686529259060433,True
cluster_tissue__C7__thymus,Jun,8,21,-0.08722412586212158,-0.2082655429840088,0.07686529259060433,True
cluster_tissue__C7__thymus,Junb,8,21,0.042316317558288574,0.007767438888549805,0.07686529259060433,True
cluster_tissue__C7__thymus,Jund,8,21,0.19194793701171875,0.17142200469970703,0.07686529259060433,True
cluster_tissue__C7__thymus,Fosb,8,21,-0.06796817481517792,-0.11913769692182541,0.07686529259060433,True
cluster_tissue__C7__thymus,Fosl2,8,21,0.0,0.0,0.07686529259060433,True
cluster_tissue__C7__thymus,Dusp1,8,21,0.3799421787261963,0.19642746448516846,0.07686529259060433,True
cluster_tissue__C7__thymus,Nr4a1,8,21,-0.23846128582954407,0.09128552675247192,0.07686529259060433,False
cluster_tissue__C7__thymus,Rorc,8,21,0.4155825078487396,0.15353310108184814,0.07686529259060433,True
cluster_tissue__C7__thymus,Il23r,8,21,0.0,0.0,0.07686529259060433,True
cluster_tissue__C7__thymus,Fos,9,21,0.06272119283676147,-0.040694236755371094,0.10481392995210613,False
cluster_tissue__C7__thymus,Jun,9,21,-0.5082085132598877,-0.2082655429840088,0.10481392995210613,True
cluster_tissue__C7__thymus,Junb,9,21,-0.08890068531036377,0.007767438888549805,0.10481392995210613,False
cluster_tissue__C7__thymus,Jund,9,21,0.18239736557006836,0.17142200469970703,0.10481392995210613,True
cluster_tissue__C7__thymus,Fosb,9,21,0.0,-0.11913769692182541,0.10481392995210613,False
cluster_tissue__C7__thymus,Fosl2,9,21,0.0,0.0,0.10481392995210613,True
cluster_tissue__C7__thymus,Dusp1,9,21,0.06347757577896118,0.19642746448516846,0.10481392995210613,True
cluster_tissue__C7__thymus,Nr4a1,9,21,0.035758256912231445,0.09128552675247192,0.10481392995210613,True
cluster_tissue__C7__thymus,Rorc,9,21,0.21638944745063782,0.15353310108184814,0.10481392995210613,True
cluster_tissue__C7__thymus,Il23r,9,21,0.0,0.0,0.10481392995210613,True
cluster_tissue__C7__thymus,Fos,10,21,0.10347944498062134,-0.040694236755371094,0.17980586084653924,False
cluster_tissue__C7__thymus,Jun,10,21,-0.5449701547622681,-0.2082655429840088,0.17980586084653924,True
cluster_tissue__C7__thymus,Junb,10,21,0.00787210464477539,0.007767438888549805,0.17980586084653924,True
cluster_tissue__C7__thymus,Jund,10,21,-0.06424069404602051,0.17142200469970703,0.17980586084653924,False
cluster_tissue__C7__thymus,Fosb,10,21,0.0,-0.11913769692182541,0.17980586084653924,False
cluster_tissue__C7__thymus,Fosl2,10,21,0.0,0.0,0.17980586084653924,True
cluster_tissue__C7__thymus,Dusp1,10,21,0.22770321369171143,0.19642746448516846,0.17980586084653924,True
cluster_tissue__C7__thymus,Nr4a1,10,21,0.029476940631866455,0.09128552675247192,0.17980586084653924,True
cluster_tissue__C7__thymus,Rorc,10,21,0.4155825078487396,0.15353310108184814,0.17980586084653924,True
cluster_tissue__C7__thymus,Il23r,10,21,0.0,0.0,0.17980586084653924,True
cluster_tissue__C7__thymus,Fos,11,21,0.09270381927490234,-0.040694236755371094,0.11732745454488522,False
cluster_tissue__C7__thymus,Jun,11,21,-0.5535837411880493,-0.2082655429840088,0.11732745454488522,True
cluster_tissue__C7__thymus,Junb,11,21,-0.18204975128173828,0.007767438888549805,0.11732745454488522,False
cluster_tissue__C7__thymus,Jund,11,21,-0.11162352561950684,0.17142200469970703,0.11732745454488522,False
cluster_tissue__C7__thymus,Fosb,11,21,-0.10212386399507523,-0.11913769692182541,0.11732745454488522,True
cluster_tissue__C7__thymus,Fosl2,11,21,0.0,0.0,0.11732745454488522,True
cluster_tissue__C7__thymus,Dusp1,11,21,0.2167845368385315,0.19642746448516846,0.11732745454488522,True
cluster_tissue__C7__thymus,Nr4a1,11,21,0.14386975765228271,0.09128552675247192,0.11732745454488522,True
cluster_tissue__C7__thymus,Rorc,11,21,0.40555423498153687,0.15353310108184814,0.11732745454488522,True
cluster_tissue__C7__thymus,Il23r,11,21,0.0,0.0,0.11732745454488522,True
cluster_tissue__C7__thymus,Fos,12,21,-0.05806715786457062,-0.040694236755371094,0.2619785685367945,True
cluster_tissue__C7__thymus,Jun,12,21,-0.7629784345626831,-0.2082655429840088,0.2619785685367945,True
cluster_tissue__C7__thymus,Junb,12,21,0.10495400428771973,0.007767438888549805,0.2619785685367945,True
cluster_tissue__C7__thymus,Jund,12,21,0.03958272933959961,0.17142200469970703,0.2619785685367945,True
cluster_tissue__C7__thymus,Fosb,12,21,-0.10212386399507523,-0.11913769692182541,0.2619785685367945,True
cluster_tissue__C7__thymus,Fosl2,12,21,0.0,0.0,0.2619785685367945,True
cluster_tissue__C7__thymus,Dusp1,12,21,0.23640382289886475,0.19642746448516846,0.2619785685367945,True
cluster_tissue__C7__thymus,Nr4a1,12,21,0.2040923833847046,0.09128552675247192,0.2619785685367945,True
cluster_tissue__C7__thymus,Rorc,12,21,0.3319064974784851,0.15353310108184814,0.2619785685367945,True
cluster_tissue__C7__thymus,Il23r,12,21,0.0,0.0,0.2619785685367945,True
cluster_tissue__C7__thymus,Fos,13,21,-0.06640227138996124,-0.040694236755371094,0.2591006803075366,True
cluster_tissue__C7__thymus,Jun,13,21,-0.4735172986984253,-0.2082655429840088,0.2591006803075366,True
cluster_tissue__C7__thymus,Junb,13,21,-0.3912776708602905,0.007767438888549805,0.2591006803075366,False
cluster_tissue__C7__thymus,Jund,13,21,0.3093087673187256,0.17142200469970703,0.2591006803075366,True
cluster_tissue__C7__thymus,Fosb,13,21,0.0,-0.11913769692182541,0.2591006803075366,False
cluster_tissue__C7__thymus,Fosl2,13,21,0.0,0.0,0.2591006803075366,True
cluster_tissue__C7__thymus,Dusp1,13,21,0.04937857389450073,0.19642746448516846,0.2591006803075366,True
cluster_tissue__C7__thymus,Nr4a1,13,21,-0.13346004486083984,0.09128552675247192,0.2591006803075366,False
cluster_tissue__C7__thymus,Rorc,13,21,0.2950790524482727,0.15353310108184814,0.2591006803075366,True
cluster_tissue__C7__thymus,Il23r,13,21,0.0,0.0,0.2591006803075366,True
cluster_tissue__C7__thymus,Fos,14,21,-0.08289363980293274,-0.040694236755371094,0.15258131550180798,True
cluster_tissue__C7__thymus,Jun,14,21,-0.3116931915283203,-0.2082655429840088,0.15258131550180798,True
cluster_tissue__C7__thymus,Junb,14,21,0.05445218086242676,0.007767438888549805,0.15258131550180798,True
cluster_tissue__C7__thymus,Jund,14,21,0.10978984832763672,0.17142200469970703,0.15258131550180798,True
cluster_tissue__C7__thymus,Fosb,14,21,-0.17009203135967255,-0.11913769692182541,0.15258131550180798,True
cluster_tissue__C7__thymus,Fosl2,14,21,0.0,0.0,0.15258131550180798,True
cluster_tissue__C7__thymus,Dusp1,14,21,0.41508132219314575,0.19642746448516846,0.15258131550180798,True
cluster_tissue__C7__thymus,Nr4a1,14,21,0.08532503247261047,0.09128552675247192,0.15258131550180798,True
cluster_tissue__C7__thymus,Rorc,14,21,0.3256378769874573,0.15353310108184814,0.15258131550180798,True
cluster_tissue__C7__thymus,Il23r,14,21,0.0,0.0,0.15258131550180798,True
cluster_tissue__C7__thymus,Fos,15,21,-0.011669427156448364,-0.040694236755371094,0.14826763231802875,True
cluster_tissue__C7__thymus,Jun,15,21,-0.058506011962890625,-0.2082655429840088,0.14826763231802875,True
cluster_tissue__C7__thymus,Junb,15,21,0.05932331085205078,0.007767438888549805,0.14826763231802875,True
cluster_tissue__C7__thymus,Jund,15,21,0.08077859878540039,0.17142200469970703,0.14826763231802875,True
cluster_tissue__C7__thymus,Fosb,15,21,-0.10212386399507523,-0.11913769692182541,0.14826763231802875,True
cluster_tissue__C7__thymus,Fosl2,15,21,0.0,0.0,0.14826763231802875,True
cluster_tissue__C7__thymus,Dusp1,15,21,0.33079880475997925,0.19642746448516846,0.14826763231802875,True
cluster_tissue__C7__thymus,Nr4a1,15,21,0.005201369524002075,0.09128552675247192,0.14826763231802875,True
cluster_tissue__C7__thymus,Rorc,15,21,0.23268631100654602,0.15353310108184814,0.14826763231802875,True
cluster_tissue__C7__thymus,Il23r,15,21,0.0,0.0,0.14826763231802875,True
cluster_tissue__C7__thymus,Fos,16,21,0.10347944498062134,-0.040694236755371094,0.07130922865291006,False
cluster_tissue__C7__thymus,Jun,16,21,-0.327616810798645,-0.2082655429840088,0.07130922865291006,True
cluster_tissue__C7__thymus,Junb,16,21,-0.04432189464569092,0.007767438888549805,0.07130922865291006,False
cluster_tissue__C7__thymus,Jund,16,21,0.04218411445617676,0.17142200469970703,0.07130922865291006,True
cluster_tissue__C7__thymus,Fosb,16,21,0.0,-0.11913769692182541,0.07130922865291006,False
cluster_tissue__C7__thymus,Fosl2,16,21,0.0,0.0,0.07130922865291006,True
cluster_tissue__C7__thymus,Dusp1,16,21,0.21862131357192993,0.19642746448516846,0.07130922865291006,True
cluster_tissue__C7__thymus,Nr4a1,16,21,-0.13789451122283936,0.09128552675247192,0.07130922865291006,False
cluster_tissue__C7__thymus,Rorc,16,21,0.12145844101905823,0.15353310108184814,0.07130922865291006,True
cluster_tissue__C7__thymus,Il23r,16,21,0.0,0.0,0.07130922865291006,True
cluster_tissue__C7__thymus,Fos,17,21,0.051373183727264404,-0.040694236755371094,0.15726687330228709,False
cluster_tissue__C7__thymus,Jun,17,21,-0.7492156028747559,-0.2082655429840088,0.15726687330228709,True
cluster_tissue__C7__thymus,Junb,17,21,-0.16930758953094482,0.007767438888549805,0.15726687330228709,False
cluster_tissue__C7__thymus,Jund,17,21,0.021613597869873047,0.17142200469970703,0.15726687330228709,True
cluster_tissue__C7__thymus,Fosb,17,21,0.0,-0.11913769692182541,0.15726687330228709,False
cluster_tissue__C7__thymus,Fosl2,17,21,0.0,0.0,0.15726687330228709,True
cluster_tissue__C7__thymus,Dusp1,17,21,0.19719648361206055,0.19642746448516846,0.15726687330228709,True
cluster_tissue__C7__thymus,Nr4a1,17,21,0.1235213428735733,0.09128552675247192,0.15726687330228709,True
cluster_tissue__C7__thymus,Rorc,17,21,0.4155825078487396,0.15353310108184814,0.15726687330228709,True
cluster_tissue__C7__thymus,Il23r,17,21,0.0,0.0,0.15726687330228709,True
cluster_tissue__C7__thymus,Fos,18,21,0.10347944498062134,-0.040694236755371094,0.17051217416389802,False
cluster_tissue__C7__thymus,Jun,18,21,-0.2604943513870239,-0.2082655429840088,0.17051217416389802,True
cluster_tissue__C7__thymus,Junb,18,21,-0.3003520369529724,0.007767438888549805,0.17051217416389802,False
cluster_tissue__C7__thymus,Jund,18,21,0.09520244598388672,0.17142200469970703,0.17051217416389802,True
cluster_tissue__C7__thymus,Fosb,18,21,0.0,-0.11913769692182541,0.17051217416389802,False
cluster_tissue__C7__thymus,Fosl2,18,21,0.0,0.0,0.17051217416389802,True
cluster_tissue__C7__thymus,Dusp1,18,21,0.18135786056518555,0.19642746448516846,0.17051217416389802,True
cluster_tissue__C7__thymus,Nr4a1,18,21,-0.1688997745513916,0.09128552675247192,0.17051217416389802,False
cluster_tissue__C7__thymus,Rorc,18,21,0.2950790524482727,0.15353310108184814,0.17051217416389802,True
cluster_tissue__C7__thymus,Il23r,18,21,0.0,0.0,0.17051217416389802,True
cluster_tissue__C7__thymus,Fos,19,21,0.01632349193096161,-0.040694236755371094,0.13193512367930485,False
cluster_tissue__C7__thymus,Jun,19,21,-0.5400608777999878,-0.2082655429840088,0.13193512367930485,True
cluster_tissue__C7__thymus,Junb,19,21,0.08266866207122803,0.007767438888549805,0.13193512367930485,True
cluster_tissue__C7__thymus,Jund,19,21,-0.14664936065673828,0.17142200469970703,0.13193512367930485,False
cluster_tissue__C7__thymus,Fosb,19,21,0.0,-0.11913769692182541,0.13193512367930485,False
cluster_tissue__C7__thymus,Fosl2,19,21,0.0,0.0,0.13193512367930485,True
cluster_tissue__C7__thymus,Dusp1,19,21,0.2286083698272705,0.19642746448516846,0.13193512367930485,True
cluster_tissue__C7__thymus,Nr4a1,19,21,-0.028465956449508667,0.09128552675247192,0.13193512367930485,False
cluster_tissue__C7__thymus,Rorc,19,21,0.21140307188034058,0.15353310108184814,0.13193512367930485,True
cluster_tissue__C7__thymus,Il23r,19,21,0.0,0.0,0.13193512367930485,True
tissue__bone_marrow,Fos,0,2351,0.20722615718841553,0.21924644708633423,0.04093840105376994,True
tissue__bone_marrow,Jun,0,2351,0.23825311660766602,0.25839269161224365,0.04093840105376994,True
tissue__bone_marrow,Junb,0,2351,0.31811702251434326,0.3399951457977295,0.04093840105376994,True
tissue__bone_marrow,Jund,0,2351,0.13108110427856445,0.1075131893157959,0.04093840105376994,True
tissue__bone_marrow,Fosb,0,2351,0.2026151716709137,0.20750698447227478,0.04093840105376994,True
tissue__bone_marrow,Fosl2,0,2351,0.05179481953382492,0.047343313694000244,0.04093840105376994,True
tissue__bone_marrow,Dusp1,0,2351,0.24130910634994507,0.24834555387496948,0.04093840105376994,True
tissue__bone_marrow,Nr4a1,0,2351,0.016928594559431076,0.023286495357751846,0.04093840105376994,True
tissue__bone_marrow,Rorc,0,2351,0.005790946073830128,0.0023416411131620407,0.04093840105376994,True
tissue__bone_marrow,Il23r,0,2351,0.0039836387149989605,0.005096468608826399,0.04093840105376994,True
tissue__bone_marrow,Fos,1,2351,0.20588484406471252,0.21924644708633423,0.03591157817100751,True
tissue__bone_marrow,Jun,1,2351,0.22170478105545044,0.25839269161224365,0.03591157817100751,True
tissue__bone_marrow,Junb,1,2351,0.3255343437194824,0.3399951457977295,0.03591157817100751,True
tissue__bone_marrow,Jund,1,2351,0.13357281684875488,0.1075131893157959,0.03591157817100751,True
tissue__bone_marrow,Fosb,1,2351,0.19488173723220825,0.20750698447227478,0.03591157817100751,True
tissue__bone_marrow,Fosl2,1,2351,0.04574272781610489,0.047343313694000244,0.03591157817100751,True
tissue__bone_marrow,Dusp1,1,2351,0.23797735571861267,0.24834555387496948,0.03591157817100751,True
tissue__bone_marrow,Nr4a1,1,2351,0.021624431014060974,0.023286495357751846,0.03591157817100751,True
tissue__bone_marrow,Rorc,1,2351,0.003967588767409325,0.0023416411131620407,0.03591157817100751,True
tissue__bone_marrow,Il23r,1,2351,0.0029694894328713417,0.005096468608826399,0.03591157817100751,True
tissue__bone_marrow,Fos,2,2351,0.20877325534820557,0.21924644708633423,0.04194871185949453,True
tissue__bone_marrow,Jun,2,2351,0.24562287330627441,0.25839269161224365,0.04194871185949453,True
tissue__bone_marrow,Junb,2,2351,0.31749093532562256,0.3399951457977295,0.04194871185949453,True
tissue__bone_marrow,Jund,2,2351,0.13315081596374512,0.1075131893157959,0.04194871185949453,True
tissue__bone_marrow,Fosb,2,2351,0.19043028354644775,0.20750698447227478,0.04194871185949453,True
tissue__bone_marrow,Fosl2,2,2351,0.048555441200733185,0.047343313694000244,0.04194871185949453,True
tissue__bone_marrow,Dusp1,2,2351,0.24369308352470398,0.24834555387496948,0.04194871185949453,True
tissue__bone_marrow,Nr4a1,2,2351,0.024485982954502106,0.023286495357751846,0.04194871185949453,True
tissue__bone_marrow,Rorc,2,2351,0.001160796731710434,0.0023416411131620407,0.04194871185949453,True
tissue__bone_marrow,Il23r,2,2351,0.0039544617757201195,0.005096468608826399,0.04194871185949453,True
tissue__bone_marrow,Fos,3,2351,0.2066795527935028,0.21924644708633423,0.03326650432209719,True
tissue__bone_marrow,Jun,3,2351,0.22785425186157227,0.25839269161224365,0.03326650432209719,True
tissue__bone_marrow,Junb,3,2351,0.3242133855819702,0.3399951457977295,0.03326650432209719,True
tissue__bone_marrow,Jund,3,2351,0.11861252784729004,0.1075131893157959,0.03326650432209719,True
tissue__bone_marrow,Fosb,3,2351,0.20247286558151245,0.20750698447227478,0.03326650432209719,True
tissue__bone_marrow,Fosl2,3,2351,0.056195683777332306,0.047343313694000244,0.03326650432209719,True
tissue__bone_marrow,Dusp1,3,2351,0.23457112908363342,0.24834555387496948,0.03326650432209719,True
tissue__bone_marrow,Nr4a1,3,2351,0.022096894681453705,0.023286495357751846,0.03326650432209719,True
tissue__bone_marrow,Rorc,3,2351,0.0015201149508357048,0.0023416411131620407,0.03326650432209719,True
tissue__bone_marrow,Il23r,3,2351,0.004508559126406908,0.005096468608826399,0.03326650432209719,True
tissue__bone_marrow,Fos,4,2351,0.19395264983177185,0.21924644708633423,0.03642024507782254,True
tissue__bone_marrow,Jun,4,2351,0.21020525693893433,0.25839269161224365,0.03642024507782254,True
tissue__bone_marrow,Junb,4,2351,0.32396841049194336,0.3399951457977295,0.03642024507782254,True
tissue__bone_marrow,Jund,4,2351,0.12704038619995117,0.1075131893157959,0.03642024507782254,True
tissue__bone_marrow,Fosb,4,2351,0.2009638249874115,0.20750698447227478,0.03642024507782254,True
tissue__bone_marrow,Fosl2,4,2351,0.049645423889160156,0.047343313694000244,0.03642024507782254,True
tissue__bone_marrow,Dusp1,4,2351,0.227786123752594,0.24834555387496948,0.03642024507782254,True
tissue__bone_marrow,Nr4a1,4,2351,0.018630363047122955,0.023286495357751846,0.03642024507782254,True
tissue__bone_marrow,Rorc,4,2351,0.003990416415035725,0.0023416411131620407,0.03642024507782254,True
tissue__bone_marrow,Il23r,4,2351,0.0064327712170779705,0.005096468608826399,0.03642024507782254,True
tissue__bone_marrow,Fos,5,2351,0.19714754819869995,0.21924644708633423,0.036002308121129895,True
tissue__bone_marrow,Jun,5,2351,0.21214115619659424,0.25839269161224365,0.036002308121129895,True
tissue__bone_marrow,Junb,5,2351,0.3143596649169922,0.3399951457977295,0.036002308121129895,True
tissue__bone_marrow,Jund,5,2351,0.13236379623413086,0.1075131893157959,0.036002308121129895,True
tissue__bone_marrow,Fosb,5,2351,0.1962609887123108,0.20750698447227478,0.036002308121129895,True
tissue__bone_marrow,Fosl2,5,2351,0.044716522097587585,0.047343313694000244,0.036002308121129895,True
tissue__bone_marrow,Dusp1,5,2351,0.22640326619148254,0.24834555387496948,0.036002308121129895,True
tissue__bone_marrow,Nr4a1,5,2351,0.015892501920461655,0.023286495357751846,0.036002308121129895,True
tissue__bone_marrow,Rorc,5,2351,0.0019289758056402206,0.0023416411131620407,0.036002308121129895,True
tissue__bone_marrow,Il23r,5,2351,0.003939837217330933,0.005096468608826399,0.036002308121129895,True
tissue__bone_marrow,Fos,6,2351,0.20336154103279114,0.21924644708633423,0.03417563572389034,True
tissue__bone_marrow,Jun,6,2351,0.23804616928100586,0.25839269161224365,0.03417563572389034,True
tissue__bone_marrow,Junb,6,2351,0.3186720609664917,0.3399951457977295,0.03417563572389034,True
tissue__bone_marrow,Jund,6,2351,0.14720606803894043,0.1075131893157959,0.03417563572389034,True
tissue__bone_marrow,Fosb,6,2351,0.18605953454971313,0.20750698447227478,0.03417563572389034,True
tissue__bone_marrow,Fosl2,6,2351,0.048829495906829834,0.047343313694000244,0.03417563572389034,True
tissue__bone_marrow,Dusp1,6,2351,0.24912029504776,0.24834555387496948,0.03417563572389034,True
tissue__bone_marrow,Nr4a1,6,2351,0.010890159755945206,0.023286495357751846,0.03417563572389034,True
tissue__bone_marrow,Rorc,6,2351,0.0013822447508573532,0.0023416411131620407,0.03417563572389034,True
tissue__bone_marrow,Il23r,6,2351,0.004191553220152855,0.005096468608826399,0.03417563572389034,True
tissue__bone_marrow,Fos,7,2351,0.22277900576591492,0.21924644708633423,0.038493899328449065,True
tissue__bone_marrow,Jun,7,2351,0.26364457607269287,0.25839269161224365,0.038493899328449065,True
tissue__bone_marrow,Junb,7,2351,0.35627126693725586,0.3399951457977295,0.038493899328449065,True
tissue__bone_marrow,Jund,7,2351,0.14150595664978027,0.1075131893157959,0.038493899328449065,True
tissue__bone_marrow,Fosb,7,2351,0.1982717216014862,0.20750698447227478,0.038493899328449065,True
tissue__bone_marrow,Fosl2,7,2351,0.05497441440820694,0.047343313694000244,0.038493899328449065,True
tissue__bone_marrow,Dusp1,7,2351,0.250997930765152,0.24834555387496948,0.038493899328449065,True
tissue__bone_marrow,Nr4a1,7,2351,0.01794172078371048,0.023286495357751846,0.038493899328449065,True
tissue__bone_marrow,Rorc,7,2351,0.002785271033644676,0.0023416411131620407,0.038493899328449065,True
tissue__bone_marrow,Il23r,7,2351,0.0037764720618724823,0.005096468608826399,0.038493899328449065,True
tissue__bone_marrow,Fos,8,2351,0.19881916046142578,0.21924644708633423,0.03249024014239685,True
tissue__bone_marrow,Jun,8,2351,0.2481876015663147,0.25839269161224365,0.03249024014239685,True
tissue__bone_marrow,Junb,8,2351,0.3139282464981079,0.3399951457977295,0.03249024014239685,True
tissue__bone_marrow,Jund,8,2351,0.14840030670166016,0.1075131893157959,0.03249024014239685,True
tissue__bone_marrow,Fosb,8,2351,0.1889258325099945,0.20750698447227478,0.03249024014239685,True
tissue__bone_marrow,Fosl2,8,2351,0.05134773999452591,0.047343313694000244,0.03249024014239685,True
tissue__bone_marrow,Dusp1,8,2351,0.23818707466125488,0.24834555387496948,0.03249024014239685,True
tissue__bone_marrow,Nr4a1,8,2351,0.01888098195195198,0.023286495357751846,0.03249024014239685,True
tissue__bone_marrow,Rorc,8,2351,0.00422164611518383,0.0023416411131620407,0.03249024014239685,True
tissue__bone_marrow,Il23r,8,2351,0.004875002894550562,0.005096468608826399,0.03249024014239685,True
tissue__bone_marrow,Fos,9,2351,0.2089206874370575,0.21924644708633423,0.029290880805776843,True
tissue__bone_marrow,Jun,9,2351,0.2304980754852295,0.25839269161224365,0.029290880805776843,True
tissue__bone_marrow,Junb,9,2351,0.3085099458694458,0.3399951457977295,0.029290880805776843,True
tissue__bone_marrow,Jund,9,2351,0.1408231258392334,0.1075131893157959,0.029290880805776843,True
tissue__bone_marrow,Fosb,9,2351,0.20762723684310913,0.20750698447227478,0.029290880805776843,True
tissue__bone_marrow,Fosl2,9,2351,0.041523054242134094,0.047343313694000244,0.029290880805776843,True
tissue__bone_marrow,Dusp1,9,2351,0.23578935861587524,0.24834555387496948,0.029290880805776843,True
tissue__bone_marrow,Nr4a1,9,2351,0.019425418227910995,0.023286495357751846,0.029290880805776843,True
tissue__bone_marrow,Rorc,9,2351,0.0023859702050685883,0.0023416411131620407,0.029290880805776843,True
tissue__bone_marrow,Il23r,9,2351,0.00497246440500021,0.005096468608826399,0.029290880805776843,True
tissue__bone_marrow,Fos,10,2351,0.21415382623672485,0.21924644708633423,0.03750228780127291,True
tissue__bone_marrow,Jun,10,2351,0.24894636869430542,0.25839269161224365,0.03750228780127291,True
tissue__bone_marrow,Junb,10,2351,0.32930147647857666,0.3399951457977295,0.03750228780127291,True
tissue__bone_marrow,Jund,10,2351,0.14423060417175293,0.1075131893157959,0.03750228780127291,True
tissue__bone_marrow,Fosb,10,2351,0.20202428102493286,0.20750698447227478,0.03750228780127291,True
tissue__bone_marrow,Fosl2,10,2351,0.0522005632519722,0.047343313694000244,0.03750228780127291,True
tissue__bone_marrow,Dusp1,10,2351,0.2419559359550476,0.24834555387496948,0.03750228780127291,True
tissue__bone_marrow,Nr4a1,10,2351,0.014561634510755539,0.023286495357751846,0.03750228780127291,True
tissue__bone_marrow,Rorc,10,2351,0.004609954543411732,0.0023416411131620407,0.03750228780127291,True
tissue__bone_marrow,Il23r,10,2351,0.00575101375579834,0.005096468608826399,0.03750228780127291,True
tissue__bone_marrow,Fos,11,2351,0.2226370871067047,0.21924644708633423,0.039333465060332744,True
tissue__bone_marrow,Jun,11,2351,0.2365666627883911,0.25839269161224365,0.039333465060332744,True
tissue__bone_marrow,Junb,11,2351,0.3340407609939575,0.3399951457977295,0.039333465060332744,True
tissue__bone_marrow,Jund,11,2351,0.13239312171936035,0.1075131893157959,0.039333465060332744,True
tissue__bone_marrow,Fosb,11,2351,0.19430378079414368,0.20750698447227478,0.039333465060332744,True
tissue__bone_marrow,Fosl2,11,2351,0.04894267022609711,0.047343313694000244,0.039333465060332744,True
tissue__bone_marrow,Dusp1,11,2351,0.2367418110370636,0.24834555387496948,0.039333465060332744,True
tissue__bone_marrow,Nr4a1,11,2351,0.018680375069379807,0.023286495357751846,0.039333465060332744,True
tissue__bone_marrow,Rorc,11,2351,0.0028392579406499863,0.0023416411131620407,0.039333465060332744,True
tissue__bone_marrow,Il23r,11,2351,0.005635625217109919,0.005096468608826399,0.039333465060332744,True
tissue__bone_marrow,Fos,12,2351,0.20276054739952087,0.21924644708633423,0.04022600468097628,True
tissue__bone_marrow,Jun,12,2351,0.2244274616241455,0.25839269161224365,0.04022600468097628,True
tissue__bone_marrow,Junb,12,2351,0.3238743543624878,0.3399951457977295,0.04022600468097628,True
tissue__bone_marrow,Jund,12,2351,0.13152122497558594,0.1075131893157959,0.04022600468097628,True
tissue__bone_marrow,Fosb,12,2351,0.19853150844573975,0.20750698447227478,0.04022600468097628,True
tissue__bone_marrow,Fosl2,12,2351,0.040987998247146606,0.047343313694000244,0.04022600468097628,True
tissue__bone_marrow,Dusp1,12,2351,0.24365881085395813,0.24834555387496948,0.04022600468097628,True
tissue__bone_marrow,Nr4a1,12,2351,0.02166496217250824,0.023286495357751846,0.04022600468097628,True
tissue__bone_marrow,Rorc,12,2351,0.0029049376025795937,0.0023416411131620407,0.04022600468097628,True
tissue__bone_marrow,Il23r,12,2351,0.00349241029471159,0.005096468608826399,0.04022600468097628,True
tissue__bone_marrow,Fos,13,2351,0.1980626881122589,0.21924644708633423,0.041568629759597235,True
tissue__bone_marrow,Jun,13,2351,0.23307114839553833,0.25839269161224365,0.041568629759597235,True
tissue__bone_marrow,Junb,13,2351,0.32430243492126465,0.3399951457977295,0.041568629759597235,True
tissue__bone_marrow,Jund,13,2351,0.12028980255126953,0.1075131893157959,0.041568629759597235,True
tissue__bone_marrow,Fosb,13,2351,0.2010842263698578,0.20750698447227478,0.041568629759597235,True
tissue__bone_marrow,Fosl2,13,2351,0.045400843024253845,0.047343313694000244,0.041568629759597235,True
tissue__bone_marrow,Dusp1,13,2351,0.24759116768836975,0.24834555387496948,0.041568629759597235,True
tissue__bone_marrow,Nr4a1,13,2351,0.0249420665204525,0.023286495357751846,0.041568629759597235,True
tissue__bone_marrow,Rorc,13,2351,0.0008426699787378311,0.0023416411131620407,0.041568629759597235,True
tissue__bone_marrow,Il23r,13,2351,0.00466396939009428,0.005096468608826399,0.041568629759597235,True
tissue__bone_marrow,Fos,14,2351,0.21130570769309998,0.21924644708633423,0.041570392291038774,True
tissue__bone_marrow,Jun,14,2351,0.26838594675064087,0.25839269161224365,0.041570392291038774,True
tissue__bone_marrow,Junb,14,2351,0.3362879753112793,0.3399951457977295,0.041570392291038774,True
tissue__bone_marrow,Jund,14,2351,0.14159154891967773,0.1075131893157959,0.041570392291038774,True
tissue__bone_marrow,Fosb,14,2351,0.20848488807678223,0.20750698447227478,0.041570392291038774,True
tissue__bone_marrow,Fosl2,14,2351,0.04988812655210495,0.047343313694000244,0.041570392291038774,True
tissue__bone_marrow,Dusp1,14,2351,0.24939003586769104,0.24834555387496948,0.041570392291038774,True
tissue__bone_marrow,Nr4a1,14,2351,0.012806113809347153,0.023286495357751846,0.041570392291038774,True
tissue__bone_marrow,Rorc,14,2351,0.0019814977422356606,0.0023416411131620407,0.041570392291038774,True
tissue__bone_marrow,Il23r,14,2351,0.0039039733819663525,0.005096468608826399,0.041570392291038774,True
tissue__bone_marrow,Fos,15,2351,0.2173721194267273,0.21924644708633423,0.035430779338477596,True
tissue__bone_marrow,Jun,15,2351,0.24042725563049316,0.25839269161224365,0.035430779338477596,True
tissue__bone_marrow,Junb,15,2351,0.3349485397338867,0.3399951457977295,0.035430779338477596,True
tissue__bone_marrow,Jund,15,2351,0.14276814460754395,0.1075131893157959,0.035430779338477596,True
tissue__bone_marrow,Fosb,15,2351,0.20732158422470093,0.20750698447227478,0.035430779338477596,True
tissue__bone_marrow,Fosl2,15,2351,0.05493628978729248,0.047343313694000244,0.035430779338477596,True
tissue__bone_marrow,Dusp1,15,2351,0.24640169739723206,0.24834555387496948,0.035430779338477596,True
tissue__bone_marrow,Nr4a1,15,2351,0.025772415101528168,0.023286495357751846,0.035430779338477596,True
tissue__bone_marrow,Rorc,15,2351,0.0012157503515481949,0.0023416411131620407,0.035430779338477596,True
tissue__bone_marrow,Il23r,15,2351,0.004754753317683935,0.005096468608826399,0.035430779338477596,True
tissue__bone_marrow,Fos,16,2351,0.19692617654800415,0.21924644708633423,0.04797803815619929,True
tissue__bone_marrow,Jun,16,2351,0.24123162031173706,0.25839269161224365,0.04797803815619929,True
tissue__bone_marrow,Junb,16,2351,0.3334619998931885,0.3399951457977295,0.04797803815619929,True
tissue__bone_marrow,Jund,16,2351,0.12810802459716797,0.1075131893157959,0.04797803815619929,True
tissue__bone_marrow,Fosb,16,2351,0.1893812119960785,0.20750698447227478,0.04797803815619929,True
tissue__bone_marrow,Fosl2,16,2351,0.04937450587749481,0.047343313694000244,0.04797803815619929,True
tissue__bone_marrow,Dusp1,16,2351,0.2350449562072754,0.24834555387496948,0.04797803815619929,True
tissue__bone_marrow,Nr4a1,16,2351,0.01331474632024765,0.023286495357751846,0.04797803815619929,True
tissue__bone_marrow,Rorc,16,2351,0.002112479880452156,0.0023416411131620407,0.04797803815619929,True
tissue__bone_marrow,Il23r,16,2351,0.00627504475414753,0.005096468608826399,0.04797803815619929,True
tissue__bone_marrow,Fos,17,2351,0.2158726155757904,0.21924644708633423,0.0375870877336311,True
tissue__bone_marrow,Jun,17,2351,0.23629921674728394,0.25839269161224365,0.0375870877336311,True
tissue__bone_marrow,Junb,17,2351,0.33358287811279297,0.3399951457977295,0.0375870877336311,True
tissue__bone_marrow,Jund,17,2351,0.1431868076324463,0.1075131893157959,0.0375870877336311,True
tissue__bone_marrow,Fosb,17,2351,0.20236405730247498,0.20750698447227478,0.0375870877336311,True
tissue__bone_marrow,Fosl2,17,2351,0.048387520015239716,0.047343313694000244,0.0375870877336311,True
tissue__bone_marrow,Dusp1,17,2351,0.2510524392127991,0.24834555387496948,0.0375870877336311,True
tissue__bone_marrow,Nr4a1,17,2351,0.016223948448896408,0.023286495357751846,0.0375870877336311,True
tissue__bone_marrow,Rorc,17,2351,0.003701893612742424,0.0023416411131620407,0.0375870877336311,True
tissue__bone_marrow,Il23r,17,2351,0.005326691083610058,0.005096468608826399,0.0375870877336311,True
tissue__bone_marrow,Fos,18,2351,0.21140068769454956,0.21924644708633423,0.04775469523769857,True
tissue__bone_marrow,Jun,18,2351,0.2353026270866394,0.25839269161224365,0.04775469523769857,True
tissue__bone_marrow,Junb,18,2351,0.33305346965789795,0.3399951457977295,0.04775469523769857,True
tissue__bone_marrow,Jund,18,2351,0.1457347869873047,0.1075131893157959,0.04775469523769857,True
tissue__bone_marrow,Fosb,18,2351,0.1953984498977661,0.20750698447227478,0.04775469523769857,True
tissue__bone_marrow,Fosl2,18,2351,0.04541873186826706,0.047343313694000244,0.04775469523769857,True
tissue__bone_marrow,Dusp1,18,2351,0.24465855956077576,0.24834555387496948,0.04775469523769857,True
tissue__bone_marrow,Nr4a1,18,2351,0.019603881984949112,0.023286495357751846,0.04775469523769857,True
tissue__bone_marrow,Rorc,18,2351,0.0010369382798671722,0.0023416411131620407,0.04775469523769857,True
tissue__bone_marrow,Il23r,18,2351,0.0024609174579381943,0.005096468608826399,0.04775469523769857,True
tissue__bone_marrow,Fos,19,2351,0.21938839554786682,0.21924644708633423,0.03485298240342027,True
tissue__bone_marrow,Jun,19,2351,0.27744799852371216,0.25839269161224365,0.03485298240342027,True
tissue__bone_marrow,Junb,19,2351,0.3351634740829468,0.3399951457977295,0.03485298240342027,True
tissue__bone_marrow,Jund,19,2351,0.15834307670593262,0.1075131893157959,0.03485298240342027,True
tissue__bone_marrow,Fosb,19,2351,0.21862927079200745,0.20750698447227478,0.03485298240342027,True
tissue__bone_marrow,Fosl2,19,2351,0.04977138340473175,0.047343313694000244,0.03485298240342027,True
tissue__bone_marrow,Dusp1,19,2351,0.2513347268104553,0.24834555387496948,0.03485298240342027,True
tissue__bone_marrow,Nr4a1,19,2351,0.022590894252061844,0.023286495357751846,0.03485298240342027,True
tissue__bone_marrow,Rorc,19,2351,0.0013935761526226997,0.0023416411131620407,0.03485298240342027,True
tissue__bone_marrow,Il23r,19,2351,0.0036138221621513367,0.005096468608826399,0.03485298240342027,True
tissue__spleen,Fos,0,2655,0.16265839338302612,0.1568102240562439,0.06052708317637383,True
tissue__spleen,Jun,0,2655,0.4931444525718689,0.4611935615539551,0.06052708317637383,True
tissue__spleen,Junb,0,2655,0.3545098304748535,0.3533172607421875,0.06052708317637383,True
tissue__spleen,Jund,0,2655,0.2031404972076416,0.15087711811065674,0.06052708317637383,True
tissue__spleen,Fosb,0,2655,0.18351300060749054,0.18182353675365448,0.06052708317637383,True
tissue__spleen,Fosl2,0,2655,0.02177238091826439,0.013763606548309326,0.06052708317637383,True
tissue__spleen,Dusp1,0,2655,0.11686120927333832,0.098260298371315,0.06052708317637383,True
tissue__spleen,Nr4a1,0,2655,-0.0052598221227526665,-0.002529529854655266,0.06052708317637383,True
tissue__spleen,Rorc,0,2655,0.0017886487767100334,0.004016062244772911,0.06052708317637383,True
tissue__spleen,Il23r,0,2655,0.0009208084084093571,0.001912547741085291,0.06052708317637383,True
tissue__spleen,Fos,1,2655,0.16521519422531128,0.1568102240562439,0.058864510948030836,True
tissue__spleen,Jun,1,2655,0.4961152672767639,0.4611935615539551,0.058864510948030836,True
tissue__spleen,Junb,1,2655,0.3417874574661255,0.3533172607421875,0.058864510948030836,True
tissue__spleen,Jund,1,2655,0.20763933658599854,0.15087711811065674,0.058864510948030836,True
tissue__spleen,Fosb,1,2655,0.19523999094963074,0.18182353675365448,0.058864510948030836,True
tissue__spleen,Fosl2,1,2655,0.020863473415374756,0.013763606548309326,0.058864510948030836,True
tissue__spleen,Dusp1,1,2655,0.11361433565616608,0.098260298371315,0.058864510948030836,True
tissue__spleen,Nr4a1,1,2655,-0.005915199406445026,-0.002529529854655266,0.058864510948030836,True
tissue__spleen,Rorc,1,2655,0.0006239302456378937,0.004016062244772911,0.058864510948030836,True
tissue__spleen,Il23r,1,2655,0.00034560286439955235,0.001912547741085291,0.058864510948030836,True
tissue__spleen,Fos,2,2655,0.16452020406723022,0.1568102240562439,0.061958567889826004,True
tissue__spleen,Jun,2,2655,0.49586766958236694,0.4611935615539551,0.061958567889826004,True
tissue__spleen,Junb,2,2655,0.37023067474365234,0.3533172607421875,0.061958567889826004,True
tissue__spleen,Jund,2,2655,0.19621610641479492,0.15087711811065674,0.061958567889826004,True
tissue__spleen,Fosb,2,2655,0.19573597609996796,0.18182353675365448,0.061958567889826004,True
tissue__spleen,Fosl2,2,2655,0.022509794682264328,0.013763606548309326,0.061958567889826004,True
tissue__spleen,Dusp1,2,2655,0.10454806685447693,0.098260298371315,0.061958567889826004,True
tissue__spleen,Nr4a1,2,2655,-0.007010655477643013,-0.002529529854655266,0.061958567889826004,True
tissue__spleen,Rorc,2,2655,0.0021709585562348366,0.004016062244772911,0.061958567889826004,True
tissue__spleen,Il23r,2,2655,0.000976758310571313,0.001912547741085291,0.061958567889826004,True
tissue__spleen,Fos,3,2655,0.15908902883529663,0.1568102240562439,0.06272474022932832,True
tissue__spleen,Jun,3,2655,0.48179692029953003,0.4611935615539551,0.06272474022932832,True
tissue__spleen,Junb,3,2655,0.36013174057006836,0.3533172607421875,0.06272474022932832,True
tissue__spleen,Jund,3,2655,0.21346747875213623,0.15087711811065674,0.06272474022932832,True
tissue__spleen,Fosb,3,2655,0.1969282478094101,0.18182353675365448,0.06272474022932832,True
tissue__spleen,Fosl2,3,2655,0.01877044141292572,0.013763606548309326,0.06272474022932832,True
tissue__spleen,Dusp1,3,2655,0.11526583135128021,0.098260298371315,0.06272474022932832,True
tissue__spleen,Nr4a1,3,2655,-0.0026779472827911377,-0.002529529854655266,0.06272474022932832,True
tissue__spleen,Rorc,3,2655,0.0011904919520020485,0.004016062244772911,0.06272474022932832,True
tissue__spleen,Il23r,3,2655,0.0008544769370928407,0.001912547741085291,0.06272474022932832,True
tissue__spleen,Fos,4,2655,0.16581475734710693,0.1568102240562439,0.051085819963896745,True
tissue__spleen,Jun,4,2655,0.4957255721092224,0.4611935615539551,0.051085819963896745,True
tissue__spleen,Junb,4,2655,0.3508572578430176,0.3533172607421875,0.051085819963896745,True
tissue__spleen,Jund,4,2655,0.20497262477874756,0.15087711811065674,0.051085819963896745,True
tissue__spleen,Fosb,4,2655,0.186224564909935,0.18182353675365448,0.051085819963896745,True
tissue__spleen,Fosl2,4,2655,0.017006706446409225,0.013763606548309326,0.051085819963896745,True
tissue__spleen,Dusp1,4,2655,0.11207938194274902,0.098260298371315,0.051085819963896745,True
tissue__spleen,Nr4a1,4,2655,-0.005527702160179615,-0.002529529854655266,0.051085819963896745,True
tissue__spleen,Rorc,4,2655,0.0007159477099776268,0.004016062244772911,0.051085819963896745,True
tissue__spleen,Il23r,4,2655,-0.0005089619662612677,0.001912547741085291,0.051085819963896745,False
tissue__spleen,Fos,5,2655,0.15946486592292786,0.1568102240562439,0.06092099883866152,True
tissue__spleen,Jun,5,2655,0.48422181606292725,0.4611935615539551,0.06092099883866152,True
tissue__spleen,Junb,5,2655,0.3549618721008301,0.3533172607421875,0.06092099883866152,True
tissue__spleen,Jund,5,2655,0.20612037181854248,0.15087711811065674,0.06092099883866152,True
tissue__spleen,Fosb,5,2655,0.1900809109210968,0.18182353675365448,0.06092099883866152,True
tissue__spleen,Fosl2,5,2655,0.02131691202521324,0.013763606548309326,0.06092099883866152,True
tissue__spleen,Dusp1,5,2655,0.11371397972106934,0.098260298371315,0.06092099883866152,True
tissue__spleen,Nr4a1,5,2655,-0.004710311070084572,-0.002529529854655266,0.06092099883866152,True
tissue__spleen,Rorc,5,2655,0.004881802946329117,0.004016062244772911,0.06092099883866152,True
tissue__spleen,Il23r,5,2655,0.0012385555310174823,0.001912547741085291,0.06092099883866152,True
tissue__spleen,Fos,6,2655,0.16461142897605896,0.1568102240562439,0.055870928811480314,True
tissue__spleen,Jun,6,2655,0.5022990703582764,0.4611935615539551,0.055870928811480314,True
tissue__spleen,Junb,6,2655,0.3633812665939331,0.3533172607421875,0.055870928811480314,True
tissue__spleen,Jund,6,2655,0.2126474380493164,0.15087711811065674,0.055870928811480314,True
tissue__spleen,Fosb,6,2655,0.18320131301879883,0.18182353675365448,0.055870928811480314,True
tissue__spleen,Fosl2,6,2655,0.022320911288261414,0.013763606548309326,0.055870928811480314,True
tissue__spleen,Dusp1,6,2655,0.11129328608512878,0.098260298371315,0.055870928811480314,True
tissue__spleen,Nr4a1,6,2655,-0.003939429298043251,-0.002529529854655266,0.055870928811480314,True
tissue__spleen,Rorc,6,2655,0.0013845087960362434,0.004016062244772911,0.055870928811480314,True
tissue__spleen,Il23r,6,2655,0.000980441807769239,0.001912547741085291,0.055870928811480314,True
tissue__spleen,Fos,7,2655,0.174116849899292,0.1568102240562439,0.06526128569166902,True
tissue__spleen,Jun,7,2655,0.49896126985549927,0.4611935615539551,0.06526128569166902,True
tissue__spleen,Junb,7,2655,0.35768425464630127,0.3533172607421875,0.06526128569166902,True
tissue__spleen,Jund,7,2655,0.19800734519958496,0.15087711811065674,0.06526128569166902,True
tissue__spleen,Fosb,7,2655,0.19487905502319336,0.18182353675365448,0.06526128569166902,True
tissue__spleen,Fosl2,7,2655,0.014679819345474243,0.013763606548309326,0.06526128569166902,True
tissue__spleen,Dusp1,7,2655,0.11432802677154541,0.098260298371315,0.06526128569166902,True
tissue__spleen,Nr4a1,7,2655,-0.0040594590827822685,-0.002529529854655266,0.06526128569166902,True
tissue__spleen,Rorc,7,2655,0.004255394451320171,0.004016062244772911,0.06526128569166902,True
tissue__spleen,Il23r,7,2655,0.002078903838992119,0.001912547741085291,0.06526128569166902,True
tissue__spleen,Fos,8,2655,0.16439498960971832,0.1568102240562439,0.058315253670377126,True
tissue__spleen,Jun,8,2655,0.49439626932144165,0.4611935615539551,0.058315253670377126,True
tissue__spleen,Junb,8,2655,0.34832465648651123,0.3533172607421875,0.058315253670377126,True
tissue__spleen,Jund,8,2655,0.1988450288772583,0.15087711811065674,0.058315253670377126,True
tissue__spleen,Fosb,8,2655,0.18754667043685913,0.18182353675365448,0.058315253670377126,True
tissue__spleen,Fosl2,8,2655,0.02454737201333046,0.013763606548309326,0.058315253670377126,True
tissue__spleen,Dusp1,8,2655,0.11489807069301605,0.098260298371315,0.058315253670377126,True
tissue__spleen,Nr4a1,8,2655,-0.004671977832913399,-0.002529529854655266,0.058315253670377126,True
tissue__spleen,Rorc,8,2655,0.0022422531619668007,0.004016062244772911,0.058315253670377126,True
tissue__spleen,Il23r,8,2655,0.001658171764574945,0.001912547741085291,0.058315253670377126,True
tissue__spleen,Fos,9,2655,0.16718757152557373,0.1568102240562439,0.06000710290311849,True
tissue__spleen,Jun,9,2655,0.4703604578971863,0.4611935615539551,0.06000710290311849,True
tissue__spleen,Junb,9,2655,0.36703014373779297,0.3533172607421875,0.06000710290311849,True
tissue__spleen,Jund,9,2655,0.1995534896850586,0.15087711811065674,0.06000710290311849,True
tissue__spleen,Fosb,9,2655,0.18716342747211456,0.18182353675365448,0.06000710290311849,True
tissue__spleen,Fosl2,9,2655,0.014981310814619064,0.013763606548309326,0.06000710290311849,True
tissue__spleen,Dusp1,9,2655,0.10952837765216827,0.098260298371315,0.06000710290311849,True
tissue__spleen,Nr4a1,9,2655,-0.004474570043385029,-0.002529529854655266,0.06000710290311849,True
tissue__spleen,Rorc,9,2655,0.00064838957041502,0.004016062244772911,0.06000710290311849,True
tissue__spleen,Il23r,9,2655,0.001641254872083664,0.001912547741085291,0.06000710290311849,True
tissue__spleen,Fos,10,2655,0.1613122820854187,0.1568102240562439,0.05573757723293759,True
tissue__spleen,Jun,10,2655,0.47109705209732056,0.4611935615539551,0.05573757723293759,True
tissue__spleen,Junb,10,2655,0.35262858867645264,0.3533172607421875,0.05573757723293759,True
tissue__spleen,Jund,10,2655,0.19284629821777344,0.15087711811065674,0.05573757723293759,True
tissue__spleen,Fosb,10,2655,0.1917474865913391,0.18182353675365448,0.05573757723293759,True
tissue__spleen,Fosl2,10,2655,0.0191965289413929,0.013763606548309326,0.05573757723293759,True
tissue__spleen,Dusp1,10,2655,0.10190378129482269,0.098260298371315,0.05573757723293759,True
tissue__spleen,Nr4a1,10,2655,-0.0012914137914776802,-0.002529529854655266,0.05573757723293759,True
tissue__spleen,Rorc,10,2655,0.0027572736144065857,0.004016062244772911,0.05573757723293759,True
tissue__spleen,Il23r,10,2655,0.0014665186172351241,0.001912547741085291,0.05573757723293759,True
tissue__spleen,Fos,11,2655,0.16202940046787262,0.1568102240562439,0.06090967429228815,True
tissue__spleen,Jun,11,2655,0.49438029527664185,0.4611935615539551,0.06090967429228815,True
tissue__spleen,Junb,11,2655,0.35714197158813477,0.3533172607421875,0.06090967429228815,True
tissue__spleen,Jund,11,2655,0.19475150108337402,0.15087711811065674,0.06090967429228815,True
tissue__spleen,Fosb,11,2655,0.19128748774528503,0.18182353675365448,0.06090967429228815,True
tissue__spleen,Fosl2,11,2655,0.014867112040519714,0.013763606548309326,0.06090967429228815,True
tissue__spleen,Dusp1,11,2655,0.10058927536010742,0.098260298371315,0.06090967429228815,True
tissue__spleen,Nr4a1,11,2655,-0.004719549790024757,-0.002529529854655266,0.06090967429228815,True
tissue__spleen,Rorc,11,2655,0.0032160189002752304,0.004016062244772911,0.06090967429228815,True
tissue__spleen,Il23r,11,2655,0.0021800375543534756,0.001912547741085291,0.06090967429228815,True
tissue__spleen,Fos,12,2655,0.1630370318889618,0.1568102240562439,0.0615834845955912,True
tissue__spleen,Jun,12,2655,0.48034214973449707,0.4611935615539551,0.0615834845955912,True
tissue__spleen,Junb,12,2655,0.37316954135894775,0.3533172607421875,0.0615834845955912,True
tissue__spleen,Jund,12,2655,0.20348572731018066,0.15087711811065674,0.0615834845955912,True
tissue__spleen,Fosb,12,2655,0.1844453066587448,0.18182353675365448,0.0615834845955912,True
tissue__spleen,Fosl2,12,2655,0.01360432431101799,0.013763606548309326,0.0615834845955912,True
tissue__spleen,Dusp1,12,2655,0.10955603420734406,0.098260298371315,0.0615834845955912,True
tissue__spleen,Nr4a1,12,2655,-0.0032656164839863777,-0.002529529854655266,0.0615834845955912,True
tissue__spleen,Rorc,12,2655,0.0023852139711380005,0.004016062244772911,0.0615834845955912,True
tissue__spleen,Il23r,12,2655,0.0013408593367785215,0.001912547741085291,0.0615834845955912,True
tissue__spleen,Fos,13,2655,0.1656239926815033,0.1568102240562439,0.06453819220798612,True
tissue__spleen,Jun,13,2655,0.4766116142272949,0.4611935615539551,0.06453819220798612,True
tissue__spleen,Junb,13,2655,0.3661177158355713,0.3533172607421875,0.06453819220798612,True
tissue__spleen,Jund,13,2655,0.19379198551177979,0.15087711811065674,0.06453819220798612,True
tissue__spleen,Fosb,13,2655,0.186620831489563,0.18182353675365448,0.06453819220798612,True
tissue__spleen,Fosl2,13,2655,0.020924873650074005,0.013763606548309326,0.06453819220798612,True
tissue__spleen,Dusp1,13,2655,0.1164371520280838,0.098260298371315,0.06453819220798612,True
tissue__spleen,Nr4a1,13,2655,-0.004962812177836895,-0.002529529854655266,0.06453819220798612,True
tissue__spleen,Rorc,13,2655,0.0012306151911616325,0.004016062244772911,0.06453819220798612,True
tissue__spleen,Il23r,13,2655,0.0011642987374216318,0.001912547741085291,0.06453819220798612,True
tissue__spleen,Fos,14,2655,0.15791666507720947,0.1568102240562439,0.07014162840805771,True
tissue__spleen,Jun,14,2655,0.47585833072662354,0.4611935615539551,0.07014162840805771,True
tissue__spleen,Junb,14,2655,0.358184814453125,0.3533172607421875,0.07014162840805771,True
tissue__spleen,Jund,14,2655,0.22624742984771729,0.15087711811065674,0.07014162840805771,True
tissue__spleen,Fosb,14,2655,0.1786806434392929,0.18182353675365448,0.07014162840805771,True
tissue__spleen,Fosl2,14,2655,0.019957147538661957,0.013763606548309326,0.07014162840805771,True
tissue__spleen,Dusp1,14,2655,0.11283482611179352,0.098260298371315,0.07014162840805771,True
tissue__spleen,Nr4a1,14,2655,-0.003950722515583038,-0.002529529854655266,0.07014162840805771,True
tissue__spleen,Rorc,14,2655,0.0004046838730573654,0.004016062244772911,0.07014162840805771,True
tissue__spleen,Il23r,14,2655,0.0009395612869411707,0.001912547741085291,0.07014162840805771,True
tissue__spleen,Fos,15,2655,0.17105534672737122,0.1568102240562439,0.05284112223467882,True
tissue__spleen,Jun,15,2655,0.49126386642456055,0.4611935615539551,0.05284112223467882,True
tissue__spleen,Junb,15,2655,0.3481189012527466,0.3533172607421875,0.05284112223467882,True
tissue__spleen,Jund,15,2655,0.2077476978302002,0.15087711811065674,0.05284112223467882,True
tissue__spleen,Fosb,15,2655,0.19001004099845886,0.18182353675365448,0.05284112223467882,True
tissue__spleen,Fosl2,15,2655,0.01579521968960762,0.013763606548309326,0.05284112223467882,True
tissue__spleen,Dusp1,15,2655,0.10514989495277405,0.098260298371315,0.05284112223467882,True
tissue__spleen,Nr4a1,15,2655,-0.005532470531761646,-0.002529529854655266,0.05284112223467882,True
tissue__spleen,Rorc,15,2655,0.002145993523299694,0.004016062244772911,0.05284112223467882,True
tissue__spleen,Il23r,15,2655,0.0011811035219579935,0.001912547741085291,0.05284112223467882,True
tissue__spleen,Fos,16,2655,0.16824832558631897,0.1568102240562439,0.06244056051448424,True
tissue__spleen,Jun,16,2655,0.5034180879592896,0.4611935615539551,0.06244056051448424,True
tissue__spleen,Junb,16,2655,0.36662518978118896,0.3533172607421875,0.06244056051448424,True
tissue__spleen,Jund,16,2655,0.20648932456970215,0.15087711811065674,0.06244056051448424,True
tissue__spleen,Fosb,16,2655,0.18823374807834625,0.18182353675365448,0.06244056051448424,True
tissue__spleen,Fosl2,16,2655,0.020215805619955063,0.013763606548309326,0.06244056051448424,True
tissue__spleen,Dusp1,16,2655,0.10748489201068878,0.098260298371315,0.06244056051448424,True
tissue__spleen,Nr4a1,16,2655,-0.002576196566224098,-0.002529529854655266,0.06244056051448424,True
tissue__spleen,Rorc,16,2655,0.0013230228796601295,0.004016062244772911,0.06244056051448424,True
tissue__spleen,Il23r,16,2655,0.0018093101680278778,0.001912547741085291,0.06244056051448424,True
tissue__spleen,Fos,17,2655,0.1588599532842636,0.1568102240562439,0.06355606177115491,True
tissue__spleen,Jun,17,2655,0.47744596004486084,0.4611935615539551,0.06355606177115491,True
tissue__spleen,Junb,17,2655,0.366146445274353,0.3533172607421875,0.06355606177115491,True
tissue__spleen,Jund,17,2655,0.20894312858581543,0.15087711811065674,0.06355606177115491,True
tissue__spleen,Fosb,17,2655,0.1897425651550293,0.18182353675365448,0.06355606177115491,True
tissue__spleen,Fosl2,17,2655,0.017746906727552414,0.013763606548309326,0.06355606177115491,True
tissue__spleen,Dusp1,17,2655,0.10410365462303162,0.098260298371315,0.06355606177115491,True
tissue__spleen,Nr4a1,17,2655,-0.007403071038424969,-0.002529529854655266,0.06355606177115491,True
tissue__spleen,Rorc,17,2655,0.00486327987164259,0.004016062244772911,0.06355606177115491,True
tissue__spleen,Il23r,17,2655,0.001525119412690401,0.001912547741085291,0.06355606177115491,True
tissue__spleen,Fos,18,2655,0.16989266872406006,0.1568102240562439,0.05373785312541218,True
tissue__spleen,Jun,18,2655,0.4931268095970154,0.4611935615539551,0.05373785312541218,True
tissue__spleen,Junb,18,2655,0.3397502899169922,0.3533172607421875,0.05373785312541218,True
tissue__spleen,Jund,18,2655,0.20967888832092285,0.15087711811065674,0.05373785312541218,True
tissue__spleen,Fosb,18,2655,0.18370361626148224,0.18182353675365448,0.05373785312541218,True
tissue__spleen,Fosl2,18,2655,0.013976573944091797,0.013763606548309326,0.05373785312541218,True
tissue__spleen,Dusp1,18,2655,0.1047399491071701,0.098260298371315,0.05373785312541218,True
tissue__spleen,Nr4a1,18,2655,-0.004660751670598984,-0.002529529854655266,0.05373785312541218,True
tissue__spleen,Rorc,18,2655,0.0016530100256204605,0.004016062244772911,0.05373785312541218,True
tissue__spleen,Il23r,18,2655,0.0016313482774421573,0.001912547741085291,0.05373785312541218,True
tissue__spleen,Fos,19,2655,0.16876628994941711,0.1568102240562439,0.06135267080826167,True
tissue__spleen,Jun,19,2655,0.48482179641723633,0.4611935615539551,0.06135267080826167,True
tissue__spleen,Junb,19,2655,0.3725094795227051,0.3533172607421875,0.06135267080826167,True
tissue__spleen,Jund,19,2655,0.21911656856536865,0.15087711811065674,0.06135267080826167,True
tissue__spleen,Fosb,19,2655,0.18577024340629578,0.18182353675365448,0.06135267080826167,True
tissue__spleen,Fosl2,19,2655,0.01599370688199997,0.013763606548309326,0.06135267080826167,True
tissue__spleen,Dusp1,19,2655,0.10928456485271454,0.098260298371315,0.06135267080826167,True
tissue__spleen,Nr4a1,19,2655,-0.00513357762247324,-0.002529529854655266,0.06135267080826167,True
tissue__spleen,Rorc,19,2655,0.00440143421292305,0.004016062244772911,0.06135267080826167,True
tissue__spleen,Il23r,19,2655,0.0015042240265756845,0.001912547741085291,0.06135267080826167,True
tissue__thymus,Fos,0,1070,0.28804492950439453,0.22932672500610352,0.09066124681291807,True
tissue__thymus,Jun,0,1070,0.11330139636993408,0.10036277770996094,0.09066124681291807,True
tissue__thymus,Junb,0,1070,0.2300887107849121,0.22256755828857422,0.09066124681291807,True
tissue__thymus,Jund,0,1070,0.14030885696411133,0.10826969146728516,0.09066124681291807,True
tissue__thymus,Fosb,0,1070,0.023397713899612427,0.00941997766494751,0.09066124681291807,True
tissue__thymus,Fosl2,0,1070,0.028363168239593506,0.03918828070163727,0.09066124681291807,True
tissue__thymus,Dusp1,0,1070,0.23762404918670654,0.22502386569976807,0.09066124681291807,True
tissue__thymus,Nr4a1,0,1070,0.02592727541923523,0.02636800706386566,0.09066124681291807,True
tissue__thymus,Rorc,0,1070,0.013356311246752739,0.014446116052567959,0.09066124681291807,True
tissue__thymus,Il23r,0,1070,-0.004245040938258171,-0.0020001274533569813,0.09066124681291807,True
tissue__thymus,Fos,1,1070,0.21691226959228516,0.22932672500610352,0.06862117446760484,True
tissue__thymus,Jun,1,1070,0.08967339992523193,0.10036277770996094,0.06862117446760484,True
tissue__thymus,Junb,1,1070,0.20277762413024902,0.22256755828857422,0.06862117446760484,True
tissue__thymus,Jund,1,1070,0.12871623039245605,0.10826969146728516,0.06862117446760484,True
tissue__thymus,Fosb,1,1070,-0.0016129612922668457,0.00941997766494751,0.06862117446760484,False
tissue__thymus,Fosl2,1,1070,0.05330301821231842,0.03918828070163727,0.06862117446760484,True
tissue__thymus,Dusp1,1,1070,0.19311070442199707,0.22502386569976807,0.06862117446760484,True
tissue__thymus,Nr4a1,1,1070,0.02946580946445465,0.02636800706386566,0.06862117446760484,True
tissue__thymus,Rorc,1,1070,0.015853753313422203,0.014446116052567959,0.06862117446760484,True
tissue__thymus,Il23r,1,1070,-0.003498341888189316,-0.0020001274533569813,0.06862117446760484,True
tissue__thymus,Fos,2,1070,0.23885750770568848,0.22932672500610352,0.06827448006954731,True
tissue__thymus,Jun,2,1070,0.08775806427001953,0.10036277770996094,0.06827448006954731,True
tissue__thymus,Junb,2,1070,0.19942545890808105,0.22256755828857422,0.06827448006954731,True
tissue__thymus,Jund,2,1070,0.13521552085876465,0.10826969146728516,0.06827448006954731,True
tissue__thymus,Fosb,2,1070,0.00945994257926941,0.00941997766494751,0.06827448006954731,True
tissue__thymus,Fosl2,2,1070,0.046918198466300964,0.03918828070163727,0.06827448006954731,True
tissue__thymus,Dusp1,2,1070,0.19921743869781494,0.22502386569976807,0.06827448006954731,True
tissue__thymus,Nr4a1,2,1070,0.024684518575668335,0.02636800706386566,0.06827448006954731,True
tissue__thymus,Rorc,2,1070,0.011056555435061455,0.014446116052567959,0.06827448006954731,True
tissue__thymus,Il23r,2,1070,-3.208313137292862e-05,-0.0020001274533569813,0.06827448006954731,True
tissue__thymus,Fos,3,1070,0.2348182201385498,0.22932672500610352,0.0691512195079858,True
tissue__thymus,Jun,3,1070,0.10196042060852051,0.10036277770996094,0.0691512195079858,True
tissue__thymus,Junb,3,1070,0.22466325759887695,0.22256755828857422,0.0691512195079858,True
tissue__thymus,Jund,3,1070,0.14003849029541016,0.10826969146728516,0.0691512195079858,True
tissue__thymus,Fosb,3,1070,-0.0035772621631622314,0.00941997766494751,0.0691512195079858,False
tissue__thymus,Fosl2,3,1070,0.05811123549938202,0.03918828070163727,0.0691512195079858,True
tissue__thymus,Dusp1,3,1070,0.2121044397354126,0.22502386569976807,0.0691512195079858,True
tissue__thymus,Nr4a1,3,1070,0.014313831925392151,0.02636800706386566,0.0691512195079858,True
tissue__thymus,Rorc,3,1070,0.015799183398485184,0.014446116052567959,0.0691512195079858,True
tissue__thymus,Il23r,3,1070,-0.0034018754959106445,-0.0020001274533569813,0.0691512195079858,True
tissue__thymus,Fos,4,1070,0.24713969230651855,0.22932672500610352,0.06944676544615028,True
tissue__thymus,Jun,4,1070,0.11678993701934814,0.10036277770996094,0.06944676544615028,True
tissue__thymus,Junb,4,1070,0.24476861953735352,0.22256755828857422,0.06944676544615028,True
tissue__thymus,Jund,4,1070,0.13306903839111328,0.10826969146728516,0.06944676544615028,True
tissue__thymus,Fosb,4,1070,0.029510587453842163,0.00941997766494751,0.06944676544615028,True
tissue__thymus,Fosl2,4,1070,0.05872948467731476,0.03918828070163727,0.06944676544615028,True
tissue__thymus,Dusp1,4,1070,0.21983516216278076,0.22502386569976807,0.06944676544615028,True
tissue__thymus,Nr4a1,4,1070,0.036361053586006165,0.02636800706386566,0.06944676544615028,True
tissue__thymus,Rorc,4,1070,0.019534680992364883,0.014446116052567959,0.06944676544615028,True
tissue__thymus,Il23r,4,1070,-0.0034018773585557938,-0.0020001274533569813,0.06944676544615028,True
tissue__thymus,Fos,5,1070,0.24152779579162598,0.22932672500610352,0.08476227002437603,True
tissue__thymus,Jun,5,1070,0.0966036319732666,0.10036277770996094,0.08476227002437603,True
tissue__thymus,Junb,5,1070,0.20346450805664062,0.22256755828857422,0.08476227002437603,True
tissue__thymus,Jund,5,1070,0.11925983428955078,0.10826969146728516,0.08476227002437603,True
tissue__thymus,Fosb,5,1070,0.004114061594009399,0.00941997766494751,0.08476227002437603,True
tissue__thymus,Fosl2,5,1070,0.03859718143939972,0.03918828070163727,0.08476227002437603,True
tissue__thymus,Dusp1,5,1070,0.18549931049346924,0.22502386569976807,0.08476227002437603,True
tissue__thymus,Nr4a1,5,1070,0.023540034890174866,0.02636800706386566,0.08476227002437603,True
tissue__thymus,Rorc,5,1070,0.012961029075086117,0.014446116052567959,0.08476227002437603,True
tissue__thymus,Il23r,5,1070,-0.0003864690661430359,-0.0020001274533569813,0.08476227002437603,True
tissue__thymus,Fos,6,1070,0.23085081577301025,0.22932672500610352,0.0810500944913558,True
tissue__thymus,Jun,6,1070,0.09840691089630127,0.10036277770996094,0.0810500944913558,True
tissue__thymus,Junb,6,1070,0.18700695037841797,0.22256755828857422,0.0810500944913558,True
tissue__thymus,Jund,6,1070,0.11817812919616699,0.10826969146728516,0.0810500944913558,True
tissue__thymus,Fosb,6,1070,0.0010183453559875488,0.00941997766494751,0.0810500944913558,True
tissue__thymus,Fosl2,6,1070,0.046764075756073,0.03918828070163727,0.0810500944913558,True
tissue__thymus,Dusp1,6,1070,0.21171092987060547,0.22502386569976807,0.0810500944913558,True
tissue__thymus,Nr4a1,6,1070,0.027380838990211487,0.02636800706386566,0.0810500944913558,True
tissue__thymus,Rorc,6,1070,0.01347389817237854,0.014446116052567959,0.0810500944913558,True
tissue__thymus,Il23r,6,1070,0.0008152537047863007,-0.0020001274533569813,0.0810500944913558,False
tissue__thymus,Fos,7,1070,0.20923173427581787,0.22932672500610352,0.07544778585954579,True
tissue__thymus,Jun,7,1070,0.07839727401733398,0.10036277770996094,0.07544778585954579,True
tissue__thymus,Junb,7,1070,0.19388556480407715,0.22256755828857422,0.07544778585954579,True
tissue__thymus,Jund,7,1070,0.12461733818054199,0.10826969146728516,0.07544778585954579,True
tissue__thymus,Fosb,7,1070,0.021334201097488403,0.00941997766494751,0.07544778585954579,True
tissue__thymus,Fosl2,7,1070,0.040855929255485535,0.03918828070163727,0.07544778585954579,True
tissue__thymus,Dusp1,7,1070,0.17537379264831543,0.22502386569976807,0.07544778585954579,True
tissue__thymus,Nr4a1,7,1070,0.024589046835899353,0.02636800706386566,0.07544778585954579,True
tissue__thymus,Rorc,7,1070,0.012953849509358406,0.014446116052567959,0.07544778585954579,True
tissue__thymus,Il23r,7,1070,-0.0012338059023022652,-0.0020001274533569813,0.07544778585954579,True
tissue__thymus,Fos,8,1070,0.26096177101135254,0.22932672500610352,0.0685863934194495,True
tissue__thymus,Jun,8,1070,0.13863623142242432,0.10036277770996094,0.0685863934194495,True
tissue__thymus,Junb,8,1070,0.22011232376098633,0.22256755828857422,0.0685863934194495,True
tissue__thymus,Jund,8,1070,0.1384580135345459,0.10826969146728516,0.0685863934194495,True
tissue__thymus,Fosb,8,1070,0.0368744432926178,0.00941997766494751,0.0685863934194495,True
tissue__thymus,Fosl2,8,1070,0.0438200980424881,0.03918828070163727,0.0685863934194495,True
tissue__thymus,Dusp1,8,1070,0.2136216163635254,0.22502386569976807,0.0685863934194495,True
tissue__thymus,Nr4a1,8,1070,0.028607964515686035,0.02636800706386566,0.0685863934194495,True
tissue__thymus,Rorc,8,1070,0.011674812063574791,0.014446116052567959,0.0685863934194495,True
tissue__thymus,Il23r,8,1070,0.00043190550059080124,-0.0020001274533569813,0.0685863934194495,False
tissue__thymus,Fos,9,1070,0.21374714374542236,0.22932672500610352,0.0672797546876731,True
tissue__thymus,Jun,9,1070,0.11224889755249023,0.10036277770996094,0.0672797546876731,True
tissue__thymus,Junb,9,1070,0.23540925979614258,0.22256755828857422,0.0672797546876731,True
tissue__thymus,Jund,9,1070,0.11620163917541504,0.10826969146728516,0.0672797546876731,True
tissue__thymus,Fosb,9,1070,0.0065742433071136475,0.00941997766494751,0.0672797546876731,True
tissue__thymus,Fosl2,9,1070,0.04966001212596893,0.03918828070163727,0.0672797546876731,True
tissue__thymus,Dusp1,9,1070,0.1965324878692627,0.22502386569976807,0.0672797546876731,True
tissue__thymus,Nr4a1,9,1070,0.016969725489616394,0.02636800706386566,0.0672797546876731,True
tissue__thymus,Rorc,9,1070,0.013458643108606339,0.014446116052567959,0.0672797546876731,True
tissue__thymus,Il23r,9,1070,-0.003401876427233219,-0.0020001274533569813,0.0672797546876731,True
tissue__thymus,Fos,10,1070,0.23049461841583252,0.22932672500610352,0.06738170753286185,True
tissue__thymus,Jun,10,1070,0.11620926856994629,0.10036277770996094,0.06738170753286185,True
tissue__thymus,Junb,10,1070,0.22345638275146484,0.22256755828857422,0.06738170753286185,True
tissue__thymus,Jund,10,1070,0.15075063705444336,0.10826969146728516,0.06738170753286185,True
tissue__thymus,Fosb,10,1070,0.029466599225997925,0.00941997766494751,0.06738170753286185,True
tissue__thymus,Fosl2,10,1070,0.06610798835754395,0.03918828070163727,0.06738170753286185,True
tissue__thymus,Dusp1,10,1070,0.21528422832489014,0.22502386569976807,0.06738170753286185,True
tissue__thymus,Nr4a1,10,1070,0.021763086318969727,0.02636800706386566,0.06738170753286185,True
tissue__thymus,Rorc,10,1070,0.017560862004756927,0.014446116052567959,0.06738170753286185,True
tissue__thymus,Il23r,10,1070,-0.000702984631061554,-0.0020001274533569813,0.06738170753286185,True
tissue__thymus,Fos,11,1070,0.24490952491760254,0.22932672500610352,0.07343241876896581,True
tissue__thymus,Jun,11,1070,0.12712478637695312,0.10036277770996094,0.07343241876896581,True
tissue__thymus,Junb,11,1070,0.23146462440490723,0.22256755828857422,0.07343241876896581,True
tissue__thymus,Jund,11,1070,0.1323535442352295,0.10826969146728516,0.07343241876896581,True
tissue__thymus,Fosb,11,1070,0.01288941502571106,0.00941997766494751,0.07343241876896581,True
tissue__thymus,Fosl2,11,1070,0.05455659329891205,0.03918828070163727,0.07343241876896581,True
tissue__thymus,Dusp1,11,1070,0.21846544742584229,0.22502386569976807,0.07343241876896581,True
tissue__thymus,Nr4a1,11,1070,0.026853695511817932,0.02636800706386566,0.07343241876896581,True
tissue__thymus,Rorc,11,1070,0.013996032066643238,0.014446116052567959,0.07343241876896581,True
tissue__thymus,Il23r,11,1070,-0.002655177377164364,-0.0020001274533569813,0.07343241876896581,True
tissue__thymus,Fos,12,1070,0.27546989917755127,0.22932672500610352,0.07447005110066528,True
tissue__thymus,Jun,12,1070,0.13989293575286865,0.10036277770996094,0.07447005110066528,True
tissue__thymus,Junb,12,1070,0.22260665893554688,0.22256755828857422,0.07447005110066528,True
tissue__thymus,Jund,12,1070,0.1342918872833252,0.10826969146728516,0.07447005110066528,True
tissue__thymus,Fosb,12,1070,0.02212509512901306,0.00941997766494751,0.07447005110066528,True
tissue__thymus,Fosl2,12,1070,0.04600353538990021,0.03918828070163727,0.07447005110066528,True
tissue__thymus,Dusp1,12,1070,0.21380925178527832,0.22502386569976807,0.07447005110066528,True
tissue__thymus,Nr4a1,12,1070,0.030599191784858704,0.02636800706386566,0.07447005110066528,True
tissue__thymus,Rorc,12,1070,0.014551798813045025,0.014446116052567959,0.07447005110066528,True
tissue__thymus,Il23r,12,1070,-0.0021070437505841255,-0.0020001274533569813,0.07447005110066528,True
tissue__thymus,Fos,13,1070,0.2497117519378662,0.22932672500610352,0.07768644695885037,True
tissue__thymus,Jun,13,1070,0.1121525764465332,0.10036277770996094,0.07768644695885037,True
tissue__thymus,Junb,13,1070,0.24696564674377441,0.22256755828857422,0.07768644695885037,True
tissue__thymus,Jund,13,1070,0.12365484237670898,0.10826969146728516,0.07768644695885037,True
tissue__thymus,Fosb,13,1070,0.02618160843849182,0.00941997766494751,0.07768644695885037,True
tissue__thymus,Fosl2,13,1070,0.055452361702919006,0.03918828070163727,0.07768644695885037,True
tissue__thymus,Dusp1,13,1070,0.21327602863311768,0.22502386569976807,0.07768644695885037,True
tissue__thymus,Nr4a1,13,1070,0.019676372408866882,0.02636800706386566,0.07768644695885037,True
tissue__thymus,Rorc,13,1070,0.01352330669760704,0.014446116052567959,0.07768644695885037,True
tissue__thymus,Il23r,13,1070,-0.003335043787956238,-0.0020001274533569813,0.07768644695885037,True
tissue__thymus,Fos,14,1070,0.2610301971435547,0.22932672500610352,0.07625521837565137,True
tissue__thymus,Jun,14,1070,0.0836648941040039,0.10036277770996094,0.07625521837565137,True
tissue__thymus,Junb,14,1070,0.2209172248840332,0.22256755828857422,0.07625521837565137,True
tissue__thymus,Jund,14,1070,0.13679718971252441,0.10826969146728516,0.07625521837565137,True
tissue__thymus,Fosb,14,1070,0.013626664876937866,0.00941997766494751,0.07625521837565137,True
tissue__thymus,Fosl2,14,1070,0.041988030076026917,0.03918828070163727,0.07625521837565137,True
tissue__thymus,Dusp1,14,1070,0.22052717208862305,0.22502386569976807,0.07625521837565137,True
tissue__thymus,Nr4a1,14,1070,0.016565322875976562,0.02636800706386566,0.07625521837565137,True
tissue__thymus,Rorc,14,1070,0.012553500011563301,0.014446116052567959,0.07625521837565137,True
tissue__thymus,Il23r,14,1070,-0.0022035110741853714,-0.0020001274533569813,0.07625521837565137,True
tissue__thymus,Fos,15,1070,0.26966917514801025,0.22932672500610352,0.07329603743189203,True
tissue__thymus,Jun,15,1070,0.12015426158905029,0.10036277770996094,0.07329603743189203,True
tissue__thymus,Junb,15,1070,0.25034451484680176,0.22256755828857422,0.07329603743189203,True
tissue__thymus,Jund,15,1070,0.13257098197937012,0.10826969146728516,0.07329603743189203,True
tissue__thymus,Fosb,15,1070,0.022351235151290894,0.00941997766494751,0.07329603743189203,True
tissue__thymus,Fosl2,15,1070,0.04724116623401642,0.03918828070163727,0.07329603743189203,True
tissue__thymus,Dusp1,15,1070,0.23068571090698242,0.22502386569976807,0.07329603743189203,True
tissue__thymus,Nr4a1,15,1070,0.029869243502616882,0.02636800706386566,0.07329603743189203,True
tissue__thymus,Rorc,15,1070,0.013016855344176292,0.014446116052567959,0.07329603743189203,True
tissue__thymus,Il23r,15,1070,-0.004245041869580746,-0.0020001274533569813,0.07329603743189203,True
tissue__thymus,Fos,16,1070,0.26492762565612793,0.22932672500610352,0.06836808640061504,True
tissue__thymus,Jun,16,1070,0.13394570350646973,0.10036277770996094,0.06836808640061504,True
tissue__thymus,Junb,16,1070,0.21249771118164062,0.22256755828857422,0.06836808640061504,True
tissue__thymus,Jund,16,1070,0.14554953575134277,0.10826969146728516,0.06836808640061504,True
tissue__thymus,Fosb,16,1070,0.024931758642196655,0.00941997766494751,0.06836808640061504,True
tissue__thymus,Fosl2,16,1070,0.04580947756767273,0.03918828070163727,0.06836808640061504,True
tissue__thymus,Dusp1,16,1070,0.2100917100906372,0.22502386569976807,0.06836808640061504,True
tissue__thymus,Nr4a1,16,1070,0.02807377278804779,0.02636800706386566,0.06836808640061504,True
tissue__thymus,Rorc,16,1070,0.014256630092859268,0.014446116052567959,0.06836808640061504,True
tissue__thymus,Il23r,16,1070,-0.003401876427233219,-0.0020001274533569813,0.06836808640061504,True
tissue__thymus,Fos,17,1070,0.27332043647766113,0.22932672500610352,0.08199018027890634,True
tissue__thymus,Jun,17,1070,0.11277949810028076,0.10036277770996094,0.08199018027890634,True
tissue__thymus,Junb,17,1070,0.2240595817565918,0.22256755828857422,0.08199018027890634,True
tissue__thymus,Jund,17,1070,0.12238931655883789,0.10826969146728516,0.08199018027890634,True
tissue__thymus,Fosb,17,1070,0.025682896375656128,0.00941997766494751,0.08199018027890634,True
tissue__thymus,Fosl2,17,1070,0.05086815357208252,0.03918828070163727,0.08199018027890634,True
tissue__thymus,Dusp1,17,1070,0.22782373428344727,0.22502386569976807,0.08199018027890634,True
tissue__thymus,Nr4a1,17,1070,0.02241697907447815,0.02636800706386566,0.08199018027890634,True
tissue__thymus,Rorc,17,1070,0.01567194238305092,0.014446116052567959,0.08199018027890634,True
tissue__thymus,Il23r,17,1070,-0.0016186395660042763,-0.0020001274533569813,0.08199018027890634,True
tissue__thymus,Fos,18,1070,0.24628913402557373,0.22932672500610352,0.07486754204207884,True
tissue__thymus,Jun,18,1070,0.14709222316741943,0.10036277770996094,0.07486754204207884,True
tissue__thymus,Junb,18,1070,0.25150394439697266,0.22256755828857422,0.07486754204207884,True
tissue__thymus,Jund,18,1070,0.12367892265319824,0.10826969146728516,0.07486754204207884,True
tissue__thymus,Fosb,18,1070,0.036800533533096313,0.00941997766494751,0.07486754204207884,True
tissue__thymus,Fosl2,18,1070,0.04581254720687866,0.03918828070163727,0.07486754204207884,True
tissue__thymus,Dusp1,18,1070,0.19858133792877197,0.22502386569976807,0.07486754204207884,True
tissue__thymus,Nr4a1,18,1070,0.02919900417327881,0.02636800706386566,0.07486754204207884,True
tissue__thymus,Rorc,18,1070,0.01666598580777645,0.014446116052567959,0.07486754204207884,True
tissue__thymus,Il23r,18,1070,0.0002930443733930588,-0.0020001274533569813,0.07486754204207884,False
tissue__thymus,Fos,19,1070,0.2595764398574829,0.22932672500610352,0.07853586710188576,True
tissue__thymus,Jun,19,1070,0.10935091972351074,0.10036277770996094,0.07853586710188576,True
tissue__thymus,Junb,19,1070,0.2704620361328125,0.22256755828857422,0.07853586710188576,True
tissue__thymus,Jund,19,1070,0.13885068893432617,0.10826969146728516,0.07853586710188576,True
tissue__thymus,Fosb,19,1070,0.016228437423706055,0.00941997766494751,0.07853586710188576,True
tissue__thymus,Fosl2,19,1070,0.05521653592586517,0.03918828070163727,0.07853586710188576,True
tissue__thymus,Dusp1,19,1070,0.2249659299850464,0.22502386569976807,0.07853586710188576,True
tissue__thymus,Nr4a1,19,1070,0.01425190269947052,0.02636800706386566,0.07853586710188576,True
tissue__thymus,Rorc,19,1070,0.015527419745922089,0.014446116052567959,0.07853586710188576,True
tissue__thymus,Il23r,19,1070,-0.0034018754959106445,-0.0020001274533569813,0.07853586710188576,True
